episode,solar_reward,wind_reward,total_reward,solar_q_mean,wind_q_mean,battery_soc_mean,grid_purchased_kwh,solar_honest,solar_hide,solar_deception,wind_honest,wind_hide,wind_deception
1,-36446.87409862731,19125.99714116327,-17320.876957464043,6.001851642439688,9.344360483551844,0.5729459406945501,116385.77853021261,2923,2911,2925,2865,2917,2977
2,-32341.509104058667,19081.42099715303,-13260.088106905638,6.5529388660077394,9.574519906812167,0.5743544283547178,116553.42692260467,2940,2905,2914,2912,2855,2992
3,-31621.870417665417,19541.30899452112,-12080.561423144296,6.491732934609664,9.67700490363202,0.5732905910477383,116403.0104422491,2934,2923,2902,2975,2886,2898
4,-32338.516413767917,19709.051140265597,-12629.46527350232,6.390860632774117,10.390243642095394,0.5720629828737291,116230.4493112419,2908,2887,2964,2970,2901,2888
5,-28684.16564931738,19087.572509828256,-9596.593139489123,6.348905103778067,9.8828752392447,0.5731680414151389,116329.31854244272,2970,2929,2860,2937,2883,2939
6,-29993.340261443904,19074.167351896325,-10919.172909547578,6.7323789542536,10.959391416012433,0.5727196497813126,116324.67966047523,2875,2983,2901,2884,2933,2942
7,-30152.565818846404,19358.52186072243,-10794.043958123973,6.76863344742055,10.020381085527518,0.5725694355656114,116245.28669529792,2954,2957,2848,2945,2902,2912
8,-30615.118275220684,19099.40728981467,-11515.710985406015,6.364958928408115,10.101673953023544,0.5723109607511991,116198.20443064548,2988,2880,2891,2901,2908,2950
9,-33964.14282302411,19360.61182786471,-14603.530995159395,6.227508987824637,10.004392547709415,0.5733937713323665,116378.98585464344,2861,2939,2959,2915,2911,2933
10,-29832.13404044105,19245.35721648962,-10586.77682395143,6.449010532694129,9.599936277459165,0.5727907644035168,116313.52036841614,2916,2887,2956,2970,2930,2859
11,-34264.85443010896,18977.90637920465,-15286.948050904306,6.5657486058455445,9.685067748879725,0.5725287831173175,116247.01392348448,2944,2909,2906,2931,2939,2889
12,-33391.81689812753,19313.185939281164,-14078.630958846366,6.570157992313058,10.253836242775492,0.5725664275724195,116401.90827486463,3055,2870,2834,2952,2853,2954
13,-39530.53016580949,19661.90000830014,-19868.63015750935,6.198134482339451,10.10529048947872,0.5728121838014087,116092.29062863202,2881,2907,2971,2955,2913,2891
14,-32464.625357047265,19425.011596053675,-13039.61376099359,6.110045064232986,10.386723007905152,0.572556461383562,116443.32176127871,2891,2959,2909,2896,2964,2899
15,-33680.31936497326,19669.30930295406,-14011.010062019195,6.330761411379372,10.626991343955307,0.5726993657073646,116572.29276890897,3037,2890,2832,2935,2897,2927
16,-31031.707808851108,19750.697814304764,-11281.009994546344,6.443956436350593,10.223322367382707,0.5738557586560972,116485.57792516545,2898,2984,2877,2929,2923,2907
17,-31581.156235759394,19398.455481770277,-12182.700753989116,6.26181954418481,9.890508351817326,0.5724857136281758,116485.86303456286,2901,2951,2907,2964,2926,2869
18,-27416.93260390669,19225.384108490387,-8191.548495416304,5.76267078766744,10.221476330274697,0.5717275422287559,116153.57036573657,2969,2953,2837,2935,2896,2928
19,-30385.322730921453,19738.653915865463,-10646.66881505599,6.287687437940474,10.48070412396834,0.5739203400217654,116376.9650353894,2957,2994,2808,3028,2907,2824
20,-30985.803904401342,19859.931570073775,-11125.872334327567,6.810460474887219,10.180005150148173,0.5730301369529185,116612.27230195815,2961,2930,2868,2962,2958,2839
21,-33024.61557084346,19940.540683427924,-13084.074887415536,6.235508238601123,10.330483960031794,0.5742543598078202,116316.75001043918,3012,2936,2811,3003,2911,2845
22,-31368.945105483657,19630.39707681686,-11738.548028666799,6.451430643148888,10.203880903235358,0.5728153316933232,116372.44085536619,2912,2976,2871,3012,2854,2893
23,-32577.64507506733,19573.93175607559,-13003.713318991737,6.035491206159503,10.202870867367423,0.5721282054248957,116381.26944901745,3066,2945,2748,2942,2963,2854
24,-29169.65193435399,19930.648473824825,-9239.003460529166,6.5947356639453725,9.866825809353443,0.5726200580518994,116365.59686215065,2948,2925,2886,3060,2793,2906
25,-28846.423608218625,19453.510913301685,-9392.91269491694,6.04790373061562,9.925558327946241,0.5733088848495402,116665.54340479521,2979,2982,2798,2938,2881,2940
26,-34995.904001663934,19441.690431421623,-15554.213570242311,6.369572346729412,10.39529787519534,0.5739265719825555,116482.7882755581,2870,2979,2910,2924,2880,2955
27,-31167.80500002314,19640.882734751925,-11526.922265271216,6.180275435450608,10.270516478948952,0.5729774633882508,116246.71463924745,2928,2921,2910,2924,2870,2965
28,-30831.119630195113,19475.939150510778,-11355.180479684335,6.090084397765797,10.324857893068186,0.5729263086979928,116298.66736857331,2962,2923,2874,2995,2853,2911
29,-27516.15608917525,19688.89478665553,-7827.261302519717,6.538659341897221,9.993355034486179,0.5729852923914304,116389.04466702424,2980,2995,2784,2902,2942,2915
30,-27302.375599484018,19976.408479855745,-7325.9671196282725,6.066665751690659,10.172029131228989,0.5722963308630199,116458.71934463069,2982,2940,2837,3077,2838,2844
31,-28749.244786033745,20050.135626560674,-8699.109159473071,6.222271134309072,9.998863972018274,0.574387412574614,116520.36743539396,2994,2900,2865,2952,3040,2767
32,-34126.02578263037,19727.93842618818,-14398.087356442193,6.043851591875682,9.941448150405787,0.5742045966884797,116506.8809553128,2961,2952,2846,3014,2911,2834
33,-26888.802351658913,20087.258309529174,-6801.544042129739,6.4956836436332495,10.025157587885275,0.5727866043826676,116609.22583422401,2998,2987,2774,3028,2950,2781
34,-30212.03966394976,19980.89869998859,-10231.14096396117,6.037032324812945,10.271696594939009,0.5728098930510329,116332.02093728418,2973,2927,2859,2987,2924,2848
35,-28025.70261097007,19942.497451699157,-8083.205159270914,6.652881372620634,10.085541217063207,0.5725587995483492,116421.05888570541,2961,2963,2835,2973,2894,2892
36,-28517.88699930994,19648.08446129785,-8869.802538012089,5.803790880219062,9.839987262724957,0.5740738164591114,116341.69740366875,2976,2957,2826,2953,2975,2831
37,-25806.292111730887,19319.184546527325,-6487.1075652035615,5.70619771456377,9.823935125221444,0.5736432991845091,116364.82876778308,2970,2907,2882,2955,2925,2879
38,-27953.63402497796,19234.578505740552,-8719.055519237409,6.425285303384269,9.697651529219586,0.5736036121956354,116458.20913653397,3012,2964,2783,3011,2927,2821
39,-34090.286001132954,19807.486390944407,-14282.799610188547,6.118205153841379,10.221480226640502,0.5730726663507841,116274.91326411336,2914,2979,2866,3061,2867,2831
40,-30369.954265010292,19587.302182200827,-10782.652082809465,5.888478542419894,9.693495848152288,0.5729879062932631,116349.18928566366,3004,2863,2892,3003,2905,2851
41,-31584.04486598534,19432.095228209895,-12151.949637775444,6.220993043928077,9.42542879525436,0.5735101722827798,116366.48118887095,3017,2937,2805,3004,2906,2849
42,-29766.095025118626,19588.03299001318,-10178.062035105446,6.12800857289461,9.988859876086176,0.5734545758652725,116369.03060446042,2989,2997,2773,3003,2911,2845
43,-30337.27849711471,19607.07421842776,-10730.20427868695,6.7164512132046665,10.225816203685577,0.5734619114031628,116438.92606210007,2951,2977,2831,2988,2977,2794
44,-29489.790843885174,19615.124065075666,-9874.666778809507,6.313307597688521,9.562589930874406,0.5731670465030753,116406.81470279215,2967,2926,2866,3005,2963,2791
45,-28749.771793288688,19797.27962810614,-8952.49216518255,6.1858997254438925,9.86229800775213,0.5728115952560374,116269.86175085651,2956,3007,2796,2996,2913,2850
46,-27610.35257619668,19911.673668508658,-7698.678907688023,5.898548806462247,9.955396425708164,0.5735870043755136,116449.88540501789,3034,2984,2741,3053,2917,2789
47,-30122.576279249482,19765.12053894883,-10357.455740300651,6.1120413237746885,10.00251216452639,0.5738140256910996,116692.53294883351,2933,3041,2785,2972,2872,2915
48,-27915.741872638893,19979.904007446952,-7935.837865191941,6.475365150188637,9.88392782578773,0.5740241000801525,116535.30323561969,2922,2960,2877,2932,2953,2874
49,-28198.550441051066,19946.70528142347,-8251.845159627595,6.487498892593638,9.873423695923046,0.5724580915942955,116268.1923843501,3011,2940,2808,3039,2955,2765
50,-33914.99908985254,19610.328477720956,-14304.670612131587,6.034127673299889,10.105165633114083,0.5731512541024066,116392.72142542667,2931,2921,2907,3081,2884,2794
51,-29111.818573250614,19600.043670365947,-9511.774902884667,6.240590966275298,10.189295625868635,0.5728135838261866,116222.21810069279,2961,2989,2809,2997,2864,2898
52,-29207.050306090732,19564.353086283238,-9642.697219807495,6.340527224753703,9.65085380194738,0.5729311826607802,116518.98735909659,3022,2901,2836,2964,2904,2891
53,-33458.70426380383,19662.939950102253,-13795.76431370158,6.4236682771032,9.462174918358876,0.5732108347360483,116265.3689318918,3052,2931,2776,3028,2925,2806
54,-26801.44038741156,19790.685219380448,-7010.755168031112,5.9702123508678975,10.085733161804859,0.5719709977316227,116355.90018014799,3088,2940,2731,2985,2968,2806
55,-27547.85019104698,19879.343835670563,-7668.506355376416,6.0095560174444875,10.142906088279615,0.5730638232382753,116260.70247219937,2942,3007,2810,3065,2876,2818
56,-33863.4292143175,19563.991714739932,-14299.437499577565,6.137129624789743,9.895124899514983,0.5727840322800517,116202.25535278257,2988,2909,2862,3110,2871,2778
57,-27011.413216003395,20073.969943655884,-6937.443272347511,6.042657948385209,9.913415049861412,0.5729959191321615,116247.82961185423,3030,2962,2767,3093,2893,2773
58,-34028.36936972877,19682.06977774609,-14346.299591982679,6.259083044961233,9.912585010579528,0.5731220190743089,116332.75985862061,2993,2936,2830,3004,2913,2842
59,-30108.11136708307,20000.059986187473,-10108.051380895598,6.423851105986515,10.06329824886213,0.5733351359827306,116432.88974398542,2961,3016,2782,3131,2786,2842
60,-25872.64588019759,19943.734809281243,-5928.911070916347,5.933203478789255,10.241243614437302,0.5730968833162419,116284.92907890961,2943,3044,2772,3009,2895,2855
61,-30334.77197599561,19677.272112415416,-10657.499863580193,6.299887142171437,10.035195858959339,0.573027626371618,116403.07850320416,3049,2971,2739,3060,2848,2851
62,-27362.391992002882,19976.67609446191,-7385.715897540973,6.100062481324527,10.411298546366131,0.5732786112139634,116479.38833944833,3047,2985,2727,3086,2906,2767
63,-27595.226895231986,19860.89746047368,-7734.329434758307,6.0774212501392055,9.919890879729321,0.5731893034505169,116349.2472654261,3068,2938,2753,3039,2906,2814
64,-31484.1735373964,19842.382632612214,-11641.790904784186,5.871390531195107,9.58256605595886,0.5741576147930921,116546.17439630898,3049,2869,2841,3002,2917,2840
65,-28358.644648351954,20239.964949918976,-8118.679698432978,6.282761379128398,9.466271505175207,0.5731383310303836,116258.32173707704,2974,2964,2821,3123,2879,2757
66,-32937.59202895381,20049.73900154739,-12887.853027406421,6.209203871438608,9.954700813581933,0.5735515034273649,116320.74399510013,3070,2913,2776,3078,2947,2734
67,-26907.63205725327,20172.093561194924,-6735.538496058347,5.695845888178417,9.970627658616332,0.5727804095646971,116302.28510158656,3088,2964,2707,3064,2889,2806
68,-29685.278063460046,19848.71461765592,-9836.563445804124,5.928024417978693,9.741195564445261,0.5717335114658615,116172.53336737196,3079,2911,2769,3070,2918,2771
69,-26564.35059377211,19598.31075529909,-6966.039838473018,6.227154613503147,9.800279324877406,0.5726364067883344,116187.70223601746,3049,2890,2820,3048,2856,2855
70,-29717.36629108316,19983.10646112474,-9734.25982995842,6.341865132948289,10.172588387968226,0.5722821709675718,116107.96386784737,3035,2978,2746,3052,2859,2848
71,-32802.873327370704,20186.80649009527,-12616.066837275433,6.18789407949722,10.12207628152499,0.5725389664283717,116291.48911675907,3034,2936,2789,3103,2896,2760
72,-29624.722174792558,20141.947732350367,-9482.77444244219,6.0833140630861955,10.038201266920145,0.5730658646134666,116333.94316256033,3114,2865,2780,3195,2831,2733
73,-32207.7720596879,19709.882031103945,-12497.890028583955,6.370454525414982,9.668071173947316,0.572153566022292,116142.35059475763,3024,2906,2829,3098,2793,2868
74,-28912.176685145434,19850.53227974044,-9061.644405404993,5.848626900252653,9.979085752335696,0.5733295533589368,116434.91222247371,3126,2926,2707,3047,2831,2881
75,-25889.643015686135,20180.364440808284,-5709.2785748778515,6.335374044607538,9.706336543414725,0.5733436380632704,116330.71800432252,3039,2981,2739,3077,2868,2814
76,-30487.360626391393,19566.510680289193,-10920.8499461022,6.099355751154027,9.728312381731106,0.5725115186470391,116328.95815971523,3041,2908,2810,3081,2837,2841
77,-26197.944479176374,20114.21833801593,-6083.726141160445,6.313227629534786,10.032076549967043,0.5732325977559618,116369.3087822644,2985,3081,2693,3129,2801,2829
78,-29000.068129476804,19911.457337318516,-9088.610792158288,5.87641738640648,10.385394598945561,0.5738237073653014,116254.039902707,3150,2890,2719,3073,2910,2776
79,-29137.510392429285,20118.17044058494,-9019.339951844344,6.334498970018165,9.946906071222532,0.5723639426082655,116160.99887658526,2977,2976,2806,3138,2800,2821
80,-28731.023468790976,20423.863565834436,-8307.15990295654,5.981718442750829,9.825095110235925,0.5734848337616872,116377.3450292539,3095,2942,2722,3089,2943,2727
81,-28423.649063669855,20372.682814759853,-8050.966248910001,5.915115397674604,9.865057324657123,0.5743542389446773,116439.6490269032,3027,2965,2767,3144,2905,2710
82,-28047.892262572677,19796.82153117121,-8251.070731401469,6.241514913158344,10.058709452485266,0.5725553892478722,116405.6291662887,3047,2949,2763,3044,2863,2852
83,-28071.62036930047,19854.769629540882,-8216.85073975959,5.9600956600263695,10.00085355108622,0.5736452623535411,116550.77053542151,3006,2934,2819,3059,2921,2779
84,-25905.78423109905,20086.258002348546,-5819.526228750503,6.27028788557873,9.7618986300761,0.572844754000315,116217.12432226288,3029,2925,2805,3161,2827,2771
85,-25924.983006836505,20216.888462362484,-5708.094544474021,6.185745013759075,9.95926538581441,0.5733278928506705,116402.73595278354,2951,3052,2756,3158,2802,2799
86,-29188.424739131697,19903.7689148749,-9284.655824256795,6.179797899917467,10.239529912310948,0.5734394235169009,116616.16120475346,3042,2949,2768,3166,2885,2708
87,-25552.995586542333,20025.88017522279,-5527.115411319544,6.311470581172432,9.83549831077835,0.5720932585331419,116208.73325306141,3134,2966,2659,3114,2875,2770
88,-30390.03761103104,19787.917960082374,-10602.119650948665,6.164818322357533,9.679268669273501,0.5729271505037686,116427.34259938475,2991,2995,2773,3067,2905,2787
89,-26112.427561167933,20046.34222316958,-6066.085337998353,6.501207724389109,9.811298489856412,0.5736156317378578,116508.48995962137,3098,2933,2728,3189,2820,2750
90,-23861.99784342638,19930.379867870477,-3931.6179755559024,6.159916354813138,9.747933910464305,0.5728832590975724,116259.59029695863,2995,2993,2771,3099,2895,2765
91,-24333.38220442284,20147.92830266211,-4185.453901760731,6.361688159138179,9.935745109985938,0.5741968323324819,116513.21341906638,3011,3058,2690,3102,2903,2754
92,-28729.868037293803,19694.71069052357,-9035.157346770233,6.059144998893592,9.641195091274303,0.572747627772634,116170.24026143971,3070,2947,2742,3088,2869,2802
93,-24833.95070576,20109.24371798906,-4724.70698777094,5.878555601753891,9.63351558284158,0.5731982431451287,116336.84666555525,3106,2999,2654,3046,2875,2838
94,-30453.88649283445,19884.37416385072,-10569.512328983728,5.690840812115573,9.9605128777789,0.573336371589997,116397.07855004266,3031,3028,2700,3138,2747,2874
95,-30657.73040834844,19915.883266272904,-10741.847142075538,5.855116320518703,9.883625040010346,0.5732191151152982,116535.40651787052,3074,2999,2686,3048,2908,2803
96,-21894.3698103832,20480.608436520044,-1413.7613738631553,5.761200409912703,9.76591958546866,0.5728938031502436,116432.1583532442,3059,3060,2640,3108,2876,2775
97,-24111.94939114152,20623.868594384527,-3488.0807967569926,6.3873148243760935,10.463062869336364,0.5741673119663194,116636.65745931036,3065,3054,2640,3172,2823,2764
98,-21213.04565393374,20246.374784891832,-966.6708690419073,6.532276840143399,10.262183504796258,0.5718596529228883,116210.13272412738,3036,3013,2710,3163,2817,2779
99,-27106.366644817463,20335.24138203799,-6771.125262779471,5.718082369729342,10.05394340132081,0.573111434362489,116341.55065887429,3107,2952,2700,3076,2910,2773
100,-28131.15447441639,20139.358165413585,-7991.796309002806,6.355272714855338,9.892491258463787,0.573934099150745,116505.15608597496,3015,3029,2715,3082,2953,2724
101,-30104.305422353802,20465.166593912196,-9639.138828441606,5.761852769611927,9.899299695752049,0.5730518124597096,116299.89146035719,3022,3041,2696,3193,2834,2732
102,-24972.352901145037,20351.31488499245,-4621.038016152586,6.335227185841591,10.2878843026234,0.5725899082830243,116569.59320346735,3029,3063,2667,3101,2853,2805
103,-23486.507083975146,20434.374270273165,-3052.132813701981,6.334237230019926,9.998338432118814,0.5731972053192081,116240.26157479835,3015,3012,2732,3175,2867,2717
104,-23854.361983498326,20333.12190708938,-3521.240076408947,5.954656146218634,9.780960769591987,0.5729307727721373,116349.24503097821,3042,3079,2638,3204,2801,2754
105,-27576.01021064542,20065.915566809017,-7510.094643836404,5.949154492629657,9.722901095999877,0.5738574490050166,116223.30264582403,3120,2902,2737,3171,2834,2754
106,-29053.560416592845,20240.560256041514,-8813.000160551332,6.430444303503773,9.915618349729291,0.572147828729251,116335.8391625574,3122,2963,2674,3141,2856,2762
107,-26282.20411792233,20564.669736870637,-5717.534381051693,5.9624057952675455,9.929645172590865,0.57313275137704,116390.61574953892,3059,3064,2636,3167,2889,2703
108,-26625.942508508368,20310.428723942117,-6315.51378456625,5.807175383826043,9.632918089439022,0.5733810455113628,116368.32991569478,2986,3036,2737,3162,2825,2772
109,-18273.67891934541,20585.582976023077,2311.9040566776675,5.888065676688141,9.703486858840181,0.5722428301203136,116295.21947616863,3133,3063,2563,3152,2834,2773
110,-26957.368317932403,20036.661572761594,-6920.70674517081,6.043780649532147,9.590493387921352,0.5736979023616454,116397.30168297645,3022,2992,2745,3111,2861,2787
111,-26816.787058260004,19960.695741934982,-6856.0913163250225,6.279589162669301,9.80075294951406,0.5727560095106186,116211.24996938044,3056,3004,2699,3287,2730,2742
112,-27665.257818580034,20458.327566927288,-7206.930251652746,5.8128414690065995,9.751708104592009,0.5734985748803815,116420.0176984759,3107,2927,2725,3199,2919,2641
113,-26883.644434968654,20244.37665846079,-6639.267776507862,5.8102138618596335,9.993452286854932,0.5726482896969656,116312.66220601977,3089,2935,2735,3138,2835,2786
114,-26713.00569588839,20312.442276964473,-6400.563418923917,5.642948607383951,10.38421636278299,0.5731120031904914,116388.19661349664,3106,2994,2659,3192,2822,2745
115,-26768.60447844472,20679.07993699905,-6089.5245414456695,6.025828447595569,10.095827401011556,0.574075093078698,116271.83844258027,3054,3012,2693,3257,2825,2677
116,-26780.35241249536,20393.339180629515,-6387.013231865843,6.185250616246289,9.827087316240526,0.5736459544520905,116338.8073442048,3075,2864,2820,3218,2835,2706
117,-23823.626189173723,20504.118143495296,-3319.508045678427,6.042676295000128,10.144363758842303,0.5730293928386383,116259.60220892896,3122,2997,2640,3214,2778,2767
118,-29851.77627503771,20512.940190304394,-9338.836084733317,5.946626787030964,10.277019507497432,0.5739430543075084,116514.02792755849,3062,3066,2631,3244,2804,2711
119,-22770.360458394505,20346.380397920384,-2423.9800604741213,6.510112793953649,9.88542744200526,0.5722720453133262,116337.1327490367,3083,3031,2645,3132,2867,2760
120,-25121.80856423414,20439.1109430035,-4682.69762123064,6.311838747567132,9.581503283338323,0.5730894449835096,116440.02209995358,2988,3084,2687,3242,2837,2680
121,-23124.605056274642,20145.81437211484,-2978.7906841598015,5.764194625792425,9.713645715867527,0.5728520777679884,116385.45949117717,3153,3002,2604,3175,2848,2736
122,-26148.18364312256,20443.632393493284,-5704.551249629276,6.299478315002923,9.744499297333602,0.5734003458787769,116404.03615555554,3043,3030,2686,3109,2930,2720
123,-21689.89471516286,20431.68410980849,-1258.2106053543685,6.221581380120068,9.81792896042557,0.5730097358935768,116241.34552276583,3076,3025,2658,3157,2854,2748
124,-24585.352037107044,20573.676729591418,-4011.6753075156266,6.125340411140772,9.732707259730214,0.5735776285561025,116316.67996337102,3057,3061,2641,3188,2898,2673
125,-26423.382283087572,20603.079244783115,-5820.303038304457,6.5627748456993835,9.693678470389122,0.5736999148572897,116360.90317579961,3127,2931,2701,3241,2829,2689
126,-27074.56129667209,20399.13708317196,-6675.42421350013,6.463087873170813,10.081275094598215,0.5728064939538193,116307.89866372736,3038,3033,2688,3189,2846,2724
127,-25209.695922162235,20495.652213093377,-4714.043709068857,5.558875488644102,9.988343709151113,0.5725540741391347,116223.30801991947,3123,3006,2630,3312,2748,2699
128,-21091.316338796405,20218.137106450697,-873.1792323457084,6.2216982596266925,10.00894269961927,0.5730290211871928,116311.89647399425,3180,2932,2647,3099,2923,2737
129,-22203.715674791118,20698.55323354,-1505.1624412511192,6.280733297126308,9.76227614733484,0.573125884930812,116318.63265770247,3137,3018,2604,3267,2843,2649
130,-26543.981023915887,20437.96051074659,-6106.0205131692965,5.721418975549486,9.693320416242555,0.5741032747740199,116482.54313075483,3139,2965,2655,3167,2891,2701
131,-24534.929240159046,20317.869874628977,-4217.059365530069,6.123914413581812,9.797857507435461,0.5728756510333536,116442.66716890725,3084,2997,2678,3161,2861,2737
132,-25753.07438964867,20367.64495280801,-5385.429436840663,6.11089069947122,9.765020747835045,0.5725771097022772,116233.26238787385,3098,2933,2728,3203,2856,2700
133,-27648.257663750876,20320.371123004697,-7327.886540746178,6.000433803880237,9.260138669765414,0.5732901010138117,116247.10112725708,3048,3052,2659,3196,2896,2667
134,-18324.715727487914,20639.316025494212,2314.6002980062985,5.773452348631396,9.630932596503886,0.5729639112235965,116332.94982633156,3257,2924,2578,3218,2849,2692
135,-22314.739233423163,20799.42643936574,-1515.3127940574232,6.017653089702638,9.979715757642396,0.5736294557744367,116533.45620801064,3063,2989,2707,3247,2868,2644
136,-26107.33765965367,20790.31318993642,-5317.024469717249,5.683956449476306,9.603000696742482,0.5722706296728545,116340.66088979783,3040,3053,2666,3293,2793,2673
137,-22620.780124802804,20502.136204934548,-2118.6439198682565,5.8925203315994015,9.907122438058824,0.572017146111809,116071.06345441526,3242,2924,2593,3230,2768,2761
138,-28822.623329278595,20422.985511098654,-8399.637818179941,6.1160335515760265,10.154414858128229,0.5717197064833126,116304.85731043747,3161,2934,2664,3181,2808,2770
139,-24071.272590544504,20237.14061480251,-3834.131975741995,5.776025845385439,9.583341890218092,0.5731138985194664,116259.86355722597,3213,2911,2635,3138,2894,2727
140,-25155.59645012854,20578.696699183503,-4576.899750945038,6.294197803241982,9.46243320653989,0.5735932642998954,116254.99070447519,3142,2969,2648,3241,2815,2703
141,-26733.825638894556,20533.215202752843,-6200.610436141713,5.612057799287619,10.420043003202686,0.571998149277721,115966.68092179636,3040,3068,2651,3248,2819,2692
142,-24198.304044294207,20492.73070069487,-3705.573343599339,5.964605938481093,10.15152628625468,0.5739051755144374,116533.38442469649,3098,2981,2680,3179,2835,2745
143,-25002.215722676112,20805.33177637222,-4196.883946303893,6.1353077133813905,10.123181317161455,0.5725757745171165,116129.37620373904,3182,2912,2665,3308,2758,2693
144,-23539.061181241646,20305.68539288912,-3233.375788352525,6.065544062137644,9.710015121922096,0.5743638969532838,116585.76091156674,3077,3053,2629,3144,2908,2707
145,-23186.561418554225,20367.496272156728,-2819.0651463974973,6.116585562071483,9.996909718017735,0.5736378094239993,116367.9105874892,3114,3040,2605,3310,2773,2676
146,-21078.903190195007,20459.254845158048,-619.6483450369597,6.112086212778037,9.883663191410657,0.5725900544449618,116253.22328062361,3126,3033,2600,3275,2795,2689
147,-26189.953658164697,20275.24228382675,-5914.711374337949,6.083416404167597,9.67464479092663,0.5727485860693631,116410.5552967781,3078,3031,2650,3176,2879,2704
148,-23574.661193165815,20546.554119265566,-3028.10707390025,5.553613764926248,9.781947671225586,0.5731438178891597,116385.76135587697,3118,3019,2622,3234,2796,2729
149,-24836.630243540894,20656.610771103893,-4180.019472437001,5.807308207586082,9.839363528223366,0.5733319565398916,116541.92949005571,3165,3012,2582,3216,2904,2639
150,-23099.502943732667,20640.919262691867,-2458.5836810408,6.059715171529627,9.656144023771091,0.5729878492933731,116505.51050718092,3080,3144,2535,3217,2819,2723
151,-24572.724121870684,20661.382003438037,-3911.342118432647,5.868725739779941,9.479322611883461,0.5732157756814279,116427.18655205643,3061,3051,2647,3197,2945,2617
152,-24180.370992821896,20823.41494349917,-3356.9560493227254,6.010444705456417,9.913015977654476,0.5731341288226193,116358.5254041459,3074,3088,2597,3304,2883,2572
153,-19144.00835481016,20737.645224683347,1593.6368698731858,6.090012409585733,9.827742948792684,0.5740480052362202,116447.77073647921,3189,2982,2588,3195,2837,2727
154,-23267.74300387979,20871.663454633483,-2396.0795492463076,6.222776228723898,9.86487689130389,0.5729052128070103,116319.7729946175,3139,3043,2577,3251,2881,2627
155,-19226.80128205449,20745.112975981472,1518.3116939269821,6.1138246054653145,9.763183408220177,0.5727484451256406,116197.7504885515,3173,3045,2541,3226,2812,2721
156,-20644.29801907081,20239.763621394435,-404.5343976763761,5.723168292076826,9.526613858531114,0.573006101720964,116370.4039194044,3191,3022,2546,3296,2776,2687
157,-17801.627298331965,20783.602941185276,2981.975642853311,6.045691126497256,9.802102965588404,0.5724682678706543,116334.92125776806,3308,2927,2524,3290,2845,2624
158,-26537.55503147588,20401.33057201633,-6136.22445945955,5.777594155876139,9.64830762003042,0.5740658758246696,116199.93604996716,3068,3090,2601,3296,2792,2671
159,-20851.786526714048,20732.277400537536,-119.50912617651193,5.623218186347681,9.823710842369183,0.5735132298774782,116221.243476634,3028,3191,2540,3271,2869,2619
160,-23497.817060259724,20805.14642070939,-2692.670639550335,6.0953145864615195,10.136361133361431,0.5730736852266141,116227.65054554061,3255,2943,2561,3277,2817,2665
161,-20620.364526803547,20452.64687973698,-167.7176470665654,5.574065440580411,9.786210467853952,0.5733902088808382,116448.89300241634,3143,2983,2633,3254,2813,2692
162,-24577.88120021213,20612.262406127684,-3965.6187940844466,6.2201465559254485,9.984259808418226,0.5731336843620034,116347.94879301416,3126,3058,2575,3284,2829,2646
163,-23295.446330904953,20871.10346636275,-2424.3428645422027,5.727766952258462,10.193678016981893,0.5730358229279191,116224.35235004462,3109,3048,2602,3347,2730,2682
164,-25457.95462956462,20675.64186534608,-4782.312764218543,5.833809418356119,9.841957846936939,0.5728355939330086,116509.8867466537,3108,3055,2596,3168,2901,2690
165,-21263.220945964495,20907.689488332846,-355.53145763164866,5.7056698837190725,10.12520571454589,0.5719853119210203,115994.49120985184,3108,3033,2618,3331,2755,2673
166,-21703.382604627568,20864.4044305461,-838.9781740814688,5.912733653965944,10.005733953589408,0.5731432130147084,116383.1127274273,3079,3095,2585,3251,2877,2631
167,-23957.081896153144,20592.418900149143,-3364.662996004001,6.02102480278531,10.11638608056925,0.5728745248164026,116267.55301287235,3143,3029,2587,3271,2790,2698
168,-26410.222528703336,20702.012803562633,-5708.209725140703,5.976939822086525,9.7307060389687,0.5730148505387791,116389.62961184108,3201,2950,2608,3241,2842,2676
169,-24168.812552908712,20774.834150018225,-3393.978402890487,5.689029139338885,10.131089515144968,0.5723207144304475,116160.99103779678,3148,3008,2603,3410,2645,2704
170,-19336.01033322224,20847.677787784887,1511.6674545626483,6.136802226701848,9.849583121689266,0.5733144798007854,116361.14028624214,3172,3107,2480,3327,2720,2712
171,-18302.127530595888,21019.140593040673,2717.0130624447847,6.002524810533254,9.817215540162543,0.5723172954012228,116202.3221891985,3192,2999,2568,3306,2803,2650
172,-21973.324245977383,21063.577384613065,-909.7468613643177,5.631026533548683,9.827118335570358,0.5730866841095327,116389.64736572509,3130,3104,2525,3303,2850,2606
173,-23147.60720635086,20959.745991967295,-2187.861214383567,5.566842690971677,9.489164859014412,0.5733361761638842,116298.20779958475,3131,3115,2513,3366,2724,2669
174,-20690.665185763297,20569.67995646895,-120.98522929434694,5.901877657935678,9.839913683754116,0.5723163089614555,116194.99779317711,3264,2959,2536,3309,2738,2712
175,-24974.240907120045,20796.32031776174,-4177.920589358306,5.651967631102043,9.753005035890956,0.5738847401103975,116485.82097218205,3117,3024,2618,3210,2890,2659
176,-22774.096905489598,21167.82148585646,-1606.275419633137,5.8914638328316915,10.220845428895588,0.5728586279295221,116313.0002407496,3153,3046,2560,3399,2768,2592
177,-19365.92033575914,20957.556983603445,1591.6366478443051,6.114303942573264,9.86362408908654,0.5732631634334253,116352.86142665314,3112,3140,2507,3329,2765,2665
178,-18094.71640739537,20820.26687689646,2725.5504695010895,5.847551292939364,9.86328711041926,0.5728010990855856,116190.81502862251,3211,3060,2488,3295,2759,2705
179,-20486.32027343627,21025.73158135492,539.41130791865,5.588189830997242,9.760766356077264,0.5734956119486929,116376.12383320498,3275,3002,2482,3334,2778,2647
180,-18095.62128923151,21152.849505389684,3057.228216158175,5.736550185973462,9.673080748420036,0.5731673791268507,116301.28075137218,3196,3052,2511,3230,2874,2655
181,-27215.95707369164,21124.851739044567,-6091.105334647073,5.681861144066239,10.494812089846006,0.5727469734754518,116432.9700059832,3103,3094,2562,3377,2790,2592
182,-19840.84719241425,20918.941060832927,1078.0938684186767,5.774762447625878,9.95344565763348,0.5726726498310343,116192.07242581208,3293,2902,2564,3234,2875,2650
183,-18350.722045113285,20745.078615518352,2394.356570405067,5.54535975752122,9.484430075846944,0.5728912635138887,116339.53704872415,3270,2984,2505,3235,2860,2664
184,-21962.071911832594,20690.11935998507,-1271.9525518475239,5.573932330290897,9.975131398642452,0.5737844051060221,116360.07132190203,3292,2926,2541,3288,2805,2666
185,-20596.906966790473,20822.74032457479,225.833357784315,5.456004168890834,9.750562261002987,0.5736638530766187,116310.32666952733,3282,2981,2496,3303,2899,2557
186,-20012.2693566725,21027.73465255412,1015.4652958816223,6.094778893700678,9.611389469458443,0.5727667419694918,116355.24194485627,3242,3044,2473,3449,2741,2569
187,-19389.528418812264,20760.115748902586,1370.5873300903222,5.712538368450954,9.42112243654766,0.5727103033468005,116213.44903566096,3169,3101,2489,3274,2836,2649
188,-21288.307321205903,21108.668538382324,-179.63878282357837,5.878097515144842,10.036574579268114,0.5735222579665578,116331.6817175668,3192,3033,2534,3296,2853,2610
189,-21038.1803018311,21232.058193922232,193.8778920911318,5.672777208253991,9.863108242868122,0.5736815550750629,116521.22343624652,3065,3189,2505,3256,2894,2609
190,-20950.809189528107,20790.478344000887,-160.33084552721994,5.580931041281141,9.736221227837325,0.572278379465687,116276.5122600317,3222,3053,2484,3289,2749,2721
191,-22236.114869193523,20650.336182441362,-1585.7786867521609,5.854215925014022,9.124962371895847,0.5723961652144811,116362.06407584157,3100,3123,2536,3232,2849,2678
192,-21295.566979903855,21139.665009757533,-155.90197014632213,5.734581243307581,9.794915203658057,0.5728393342537389,116243.28117846086,3193,3058,2508,3270,2848,2641
193,-23222.549116874434,20781.132998630583,-2441.416118243851,5.884785857420904,10.226286142193105,0.573354771225672,116446.92452139068,3204,3041,2514,3391,2846,2522
194,-18312.979009476683,20616.507240439958,2303.528230963275,5.332695441058024,9.849253474273693,0.5730612542857662,116231.15228732103,3364,2893,2502,3260,2736,2763
195,-17619.61312503396,21140.67337746285,3521.060252428888,5.666796142478684,9.983152279792437,0.5717005672717389,116292.15968163077,3129,3073,2557,3385,2763,2611
196,-16517.750574436483,21208.364798561997,4690.614224125515,5.680036391043745,9.71671282471548,0.5725755155300198,116093.56701869486,3215,3084,2460,3466,2684,2609
197,-26734.602184898693,21165.34150281274,-5569.260682085955,5.609672995137056,9.470228832768377,0.5733835403137438,116329.68203502713,3147,3095,2517,3401,2768,2590
198,-19714.35939578876,20791.010523832167,1076.651128043406,5.840442526323,9.723499845126812,0.5720056464871229,116289.50323278287,3198,3009,2552,3221,2823,2715
199,-19371.946815529795,20974.452548759287,1602.5057332294928,5.293354275720901,9.686192531450303,0.57277010457057,116269.35606922203,3175,3121,2463,3382,2758,2619
200,-18547.79977727261,20958.44836472206,2410.64858744945,5.70980107281669,9.52120010038886,0.5728906389884114,116364.20893397648,3168,3004,2587,3381,2773,2605
201,-20878.41216791097,21095.490917989697,217.07875007872644,6.214577016850059,9.598480431457979,0.5733143075035814,116568.03291058117,3133,3151,2475,3377,2769,2613
202,-21718.478271713866,20899.61633074864,-818.8619409652274,5.729764618364589,9.517744490069793,0.5715967895954137,116269.61481599003,3236,2970,2553,3439,2846,2474
203,-22864.763873896343,21047.70995285734,-1817.0539210390016,5.909246404270114,9.509447717040555,0.5732012794301481,116287.6351165315,3303,3009,2447,3386,2817,2556
204,-18949.716996868206,21279.80999947197,2330.093002603764,5.692861577958271,9.522313557354705,0.5732654206541281,116307.43187720916,3079,3148,2532,3378,2843,2538
205,-18313.383621955003,21308.569964590664,2995.1863426356613,5.671204061715945,9.57574398436188,0.5713954143251846,116055.86328577933,3184,3161,2414,3475,2671,2613
206,-18929.819122870562,21301.66516255973,2371.846039689168,5.78505467038561,9.897600200357568,0.5733808288694857,116471.53824564711,3180,3103,2476,3384,2843,2532
207,-20268.7835280347,21461.30743438962,1192.5239063549197,5.744227957331041,9.698140110274432,0.5724782071237199,116208.91964315242,3122,3159,2478,3596,2686,2477
208,-19757.805621729047,21391.955240850068,1634.1496191210208,5.041681584204182,10.066694346370463,0.5723582016129651,116233.15100871197,3225,3111,2423,3486,2689,2584
209,-23342.294507468367,21064.18297622581,-2278.1115312425572,5.535890592496211,9.574193822616785,0.5729048846149322,116301.73278291448,3272,2954,2533,3533,2614,2612
210,-21585.625133399284,21282.411762209354,-303.2133711899296,6.027597820308531,9.623712130025607,0.5721500881213503,116407.66521486556,3347,2977,2435,3374,2812,2573
211,-17551.622543143574,21225.290539445363,3673.6679963017887,5.929007773955764,9.83693742433286,0.5717747006402273,116016.75508678993,3129,3166,2464,3431,2770,2558
212,-15959.902053057616,21331.438410001494,5371.536356943878,6.266437757590182,9.834402150751204,0.5726473495490132,116194.5929405448,3306,2955,2498,3412,2812,2535
213,-20477.102947765998,21639.36836225215,1162.2654144861517,5.482081665830141,9.896977082998198,0.5730864061044209,116230.15307584433,3138,3072,2549,3534,2748,2477
214,-17554.715979658587,21191.186490861677,3636.4705112030897,5.617581970604096,10.040769699080396,0.5741813652793613,116516.58366374466,3278,3021,2460,3419,2756,2584
215,-19793.512295619832,20980.677097367447,1187.1648017476145,5.9396088287376445,10.006620426275315,0.5726389811016426,116169.73956115737,3235,3034,2490,3257,2741,2761
216,-16552.169587203578,21485.427740913085,4933.258153709507,5.955495815049932,10.201155765777555,0.5719092653352795,116099.1694021939,3287,3013,2459,3494,2708,2557
217,-19390.42581891118,21267.48556131359,1877.0597424024127,5.741829058126452,9.70271642518191,0.5727213413135379,116295.037399627,3265,3037,2457,3456,2736,2567
218,-19959.994004637083,21128.88702063061,1168.8930159935262,5.737012736864019,10.199260319150756,0.5714219657679795,116367.31453744457,3284,2961,2514,3366,2854,2539
219,-20417.617477330266,21022.81749005419,605.2000127239226,5.683262224020204,9.958536573055248,0.5725082843358651,116272.51520878536,3199,3029,2531,3417,2787,2555
220,-18355.83978832343,21087.420506529386,2731.580718205958,5.724903384865136,9.438768796467828,0.5733526899070758,116173.18905790155,3248,2997,2514,3359,2829,2571
221,-17900.59528168627,21082.54563089247,3181.9503492061995,5.569445085793556,9.661978238067341,0.5731045458920653,116210.82230682143,3273,3022,2464,3387,2837,2535
222,-18060.01691863628,21114.794617058516,3054.7776984222364,5.596870014927259,9.873163978820708,0.5724783302591653,116117.04044096061,3366,2986,2407,3437,2713,2609
223,-16090.182802562515,20955.23363580319,4865.050833240675,5.562239923283811,9.888249824285069,0.5715233866012683,116208.13319525147,3366,3056,2337,3411,2700,2648
224,-19049.56085569844,21232.429067725592,2182.8682120271515,5.331306002170749,9.986079476717793,0.5729577977593459,116374.60999371269,3252,3018,2489,3404,2759,2596
225,-20142.91579119542,21217.05140560684,1074.135614411418,5.910253634488903,9.706796614738336,0.5720643529386027,116068.20006430298,3262,3044,2453,3340,2852,2567
226,-18940.814547655064,21312.687985650715,2371.8734379956513,5.8939392566316595,9.628996561800227,0.5725991686711649,116286.85089262415,3207,3070,2482,3368,2810,2581
227,-18342.394818952343,20924.88219715183,2582.4873781994866,5.736520326647804,9.754192308792591,0.5735488268049748,116352.04903546507,3272,3085,2402,3373,2754,2632
228,-17624.275240578387,21664.301699393607,4040.0264588152204,5.221532112946649,9.710012719430622,0.5728428294798696,116423.26719683096,3100,3199,2460,3407,2827,2525
229,-19269.421039258297,21441.39378135916,2171.972742100861,5.228334240903098,9.891199543174997,0.5725884272890115,116252.42899861258,3184,3144,2431,3440,2732,2587
230,-21649.223797976636,21011.512298810583,-637.7114991660528,5.766288234212484,9.629527461454572,0.5729035705824699,116006.54397710007,3316,3035,2408,3505,2672,2582
231,-20531.173378014086,21034.866948354476,503.6935703403906,5.650716520827584,9.754856407514872,0.5728172383274611,116347.29927537116,3172,3092,2495,3386,2784,2589
232,-21517.72794119222,21071.62992363044,-446.0980175617806,5.640191178311045,9.614090811924227,0.5733775011499088,116405.30156887148,3245,3110,2404,3378,2744,2637
233,-17276.40641214716,21522.69146124936,4246.2850491022,5.691230263987274,9.899343389703807,0.5734860627243237,116444.67863965439,3047,3267,2445,3426,2798,2535
234,-23506.87918409648,21169.233933844305,-2337.645250252175,5.6097762593124125,10.077396312952564,0.5727936677439123,116302.34205077805,3294,3059,2406,3418,2857,2484
235,-18234.99663123943,21520.14230515092,3285.1456739114874,5.459058694118783,9.919755431537912,0.5729487579943697,116384.04900947041,3359,2955,2445,3551,2752,2456
236,-15794.166746500014,21253.164541268485,5458.997794768471,5.44729639981942,9.657185431632103,0.5729898632071135,116320.5584394432,3260,3072,2427,3363,2818,2578
237,-19504.835520214354,21171.041595600575,1666.2060753862206,5.5803364693724005,9.826408307441064,0.5730661363364999,116169.58335497978,3245,3106,2408,3383,2781,2595
238,-15571.300472683102,21113.217056525136,5541.916583842034,5.70614707592696,9.769099826708187,0.5733821878254245,116367.96315261035,3304,3038,2417,3369,2826,2564
239,-17290.47351997974,21390.308640405146,4099.835120425407,5.380237037998027,10.023221647530725,0.5740326880490275,116335.58581982058,3170,3170,2419,3456,2752,2551
240,-20286.136420500243,21339.045681783526,1052.9092612832828,5.497857066339148,9.636174693560656,0.572315234871938,116358.3604071455,3296,3077,2386,3415,2807,2537
241,-19943.93074559237,21119.508782247518,1175.578036655148,5.344027553978411,9.429027548082777,0.5732874755754921,116283.72532443244,3266,3139,2354,3249,2832,2678
242,-17432.791678032343,20996.593602899044,3563.8019248667006,5.9998809933358155,9.923952287592018,0.5723904207486373,116441.63680804521,3448,2923,2388,3433,2689,2637
243,-18754.70851849375,21227.800056064723,2473.0915375709737,5.503571193126926,9.283637655293026,0.573536244840331,116374.20589955611,3279,3061,2419,3406,2802,2551
244,-17459.679719507938,21305.57529823786,3845.8955787299237,5.710873762474471,9.447132093127125,0.5731251136471819,116333.08608058885,3264,3076,2419,3464,2729,2566
245,-16538.239580609457,21323.722089700288,4785.482509090831,5.678398613670563,9.80341108969581,0.572221122000876,116043.0940225655,3260,3098,2401,3390,2719,2650
246,-14999.841589313133,21512.022014488157,6512.180425175024,5.165497738888973,9.748967199925168,0.5721369321706357,116144.53694384695,3239,3085,2435,3413,2738,2608
247,-18288.34636668255,21250.852114731144,2962.5057480485957,5.570638883562687,9.703365556346949,0.5731265609212594,116313.65345311233,3183,3132,2444,3440,2704,2615
248,-16105.814845460376,21369.099461031205,5263.2846155708285,5.155449326320134,9.783042534592868,0.5715463193316915,116245.48650643301,3348,3034,2377,3362,2773,2624
249,-16103.22772200542,21737.70640194111,5634.478679935688,5.667197479631947,9.627915452731918,0.5733421475527954,116422.47784827041,3199,3184,2376,3477,2813,2469
250,-17409.598440869362,21877.76759984764,4468.169158978279,5.549675183289787,9.872378601204948,0.5728672065588162,116157.98782644836,3245,3108,2406,3501,2829,2429
251,-17168.753782873315,21463.910020895717,4295.156238022402,5.703590069174463,9.837355942290397,0.5727630833491922,116295.11634168014,3196,3052,2511,3510,2716,2533
252,-17565.410548622876,21040.119240436554,3474.7086918136774,5.6959534172923005,9.403435049345903,0.5739078699302751,116448.11632840957,3327,3087,2345,3304,2799,2656
253,-17313.06889904636,21587.189878697835,4274.120979651474,5.463809450509676,9.761555923908475,0.5742850874904699,116474.50402614457,3307,3085,2367,3475,2814,2470
254,-18129.544057936262,21157.223689631828,3027.679631695566,5.627099953324091,9.88172798752456,0.5725072504830053,116222.30211845985,3357,3050,2352,3469,2668,2622
255,-16112.216323640057,21099.804183988894,4987.587860348836,5.698054434786512,9.486930166597972,0.5723222783353097,116136.68499528289,3392,2966,2401,3346,2792,2621
256,-17208.536954104526,21534.982322275242,4326.445368170716,5.002920808954704,9.610106441405254,0.5732264297771168,116213.16638979096,3160,3167,2432,3459,2800,2500
257,-22129.297702036256,21524.934823677453,-604.3628783588028,5.333078715665139,9.876743440717851,0.5727927098578316,116120.64657301846,3380,2927,2452,3435,2753,2571
258,-16908.418960735988,21402.178916881072,4493.759956145084,5.661646873043632,10.088128711142843,0.571792482379549,116034.3125082181,3292,3125,2342,3631,2622,2506
259,-17802.469544373085,21350.67357780856,3548.204033435475,5.319202561937,10.059644099563622,0.5726255384358333,116344.53806681972,3299,3044,2416,3490,2686,2583
260,-15594.745492730724,21588.623863739995,5993.87837100927,5.573904129507049,9.890418588797392,0.5721451254441318,116125.85014865884,3523,2941,2295,3517,2736,2506
261,-17947.04620186601,21308.477922113714,3361.431720247703,5.3043345233883015,9.905946731174526,0.5719880068922388,116210.16749859689,3445,2961,2353,3496,2699,2564
262,-15418.309092414203,21414.250026141664,5995.940933727461,5.80562545404483,10.140011309932364,0.5723587729822978,116383.61529273598,3367,3051,2341,3426,2844,2489
263,-19603.67725125826,21818.34173021791,2214.6644789596503,5.535962126393292,9.744307956067917,0.5724058859291775,116214.18650063846,3146,3225,2388,3461,2750,2548
264,-16010.84024655459,21711.214095687945,5700.373849133355,5.570354545680118,10.095278683524112,0.5723877084902539,116292.80319791888,3268,3123,2368,3565,2714,2480
265,-16380.186093082204,21806.816055959025,5426.629962876821,5.174114082474343,9.67630376845568,0.5724531922692144,116134.1345979706,3170,3117,2472,3567,2641,2551
266,-17680.31438365258,21646.457892410832,3966.1435087582504,5.282899426078452,9.471814154170275,0.5735734380999717,116302.33274457099,3291,3082,2386,3564,2802,2393
267,-14759.81656888154,21248.038510289865,6488.221941408325,5.372470090381218,9.773733334431853,0.5724758926837654,116161.86807040227,3293,3005,2461,3423,2744,2592
268,-17612.31068089021,21482.94323459038,3870.632553700172,5.433274895128502,9.86261637814988,0.5720546632601949,116359.25770647045,3513,2978,2268,3511,2710,2538
269,-17386.580446824668,21431.654442927324,4045.0739961026557,5.627664021184669,9.421321571105702,0.5729945492542344,116174.20114401678,3430,2859,2470,3430,2757,2572
270,-16452.404428567857,21507.99689944963,5055.592470881773,5.524049602929905,9.857607802027015,0.5722216439524208,116152.73073273293,3383,3006,2370,3483,2666,2610
271,-17080.798562849825,21129.44046934378,4048.6419064939546,5.565054751795258,10.032252560589434,0.573230495366059,116371.22473351944,3337,2996,2426,3340,2876,2543
272,-12993.51477251698,21674.262038616387,8680.747266099406,5.721234992745003,9.477899751606072,0.5724645946538365,116143.88375529826,3424,2974,2361,3600,2759,2400
273,-19390.528350106517,20995.79924045846,1605.2708903519415,5.232551698608839,9.24426161539692,0.5731802550392487,116198.35845248774,3202,3148,2409,3408,2901,2450
274,-18895.663396886237,21574.181751460063,2678.5183545738255,5.182741835622471,9.579127247000004,0.5728461009360933,116005.17781943578,3199,3180,2380,3515,2653,2591
275,-14148.733889843792,22063.54670144041,7914.812811596617,5.172321208700942,9.892363475797401,0.5717548371036391,116068.07918553516,3068,3310,2381,3536,2748,2475
276,-14467.657260941165,21791.78129652494,7324.1240355837745,5.616633561680012,9.974228609458242,0.5721152440773065,116270.3354043616,3228,3108,2423,3531,2644,2584
277,-18344.432498150956,21569.611869399625,3225.1793712486688,5.269021057157054,9.405807034394096,0.5729012536186082,116313.03783255334,3120,3209,2430,3515,2725,2519
278,-19888.561251913656,21877.20296012417,1988.6417082105145,5.179110130951052,9.98445235803938,0.5728200460041127,116232.20598112865,3274,3069,2416,3609,2709,2441
279,-17378.63595761624,21813.74740711017,4435.111449493932,5.405319514168807,9.842124965105752,0.5727535082467132,116336.06573606617,3396,3076,2287,3666,2666,2427
280,-15460.817365273913,21747.065073771442,6286.247708497529,5.67918960857159,9.978401303762812,0.5718553918976527,116126.24684189177,3321,3067,2371,3616,2751,2392
281,-12972.132160841973,21681.673867028927,8709.541706186954,5.446432898866046,9.838144891408879,0.5714986633704042,116406.1942932309,3366,3133,2260,3474,2712,2573
282,-19186.460145230125,21597.580007222547,2411.1198619924216,5.625998311832065,9.917244417519944,0.57250880519176,116023.69725075937,3256,3070,2433,3573,2715,2471
283,-18219.020009710217,21278.831107154743,3059.8110974445262,5.687535731870126,9.705423880087112,0.572075465951557,116121.96913216985,3437,2932,2390,3466,2733,2560
284,-17518.40973559363,21419.98894640627,3901.5792108126407,5.5529126000682805,9.601344744253641,0.5726658514378802,116142.8619363779,3347,3019,2393,3470,2732,2557
285,-17104.815491968817,21483.497558899686,4378.682066930869,5.530562699945953,9.862673437590123,0.5723355347874549,116139.1474758743,3368,3061,2330,3538,2625,2596
286,-18143.44193197233,21395.66461389621,3252.2226819238786,5.180706178771103,9.654627814340879,0.5723056055395536,116456.9271353042,3361,2993,2405,3507,2732,2520
287,-13650.678253382835,21654.530659529642,8003.852406146807,5.387832182088693,9.498126724552183,0.5718610313472295,116065.04661720157,3296,3120,2343,3624,2630,2505
288,-16170.200486857859,21969.979298123028,5799.778811265169,5.064190753250356,9.741789985795767,0.5735610553941217,116390.4135010504,3407,3043,2309,3522,2764,2473
289,-18736.622215084393,21581.12223802089,2844.500022936496,5.57036926369977,9.655563940139587,0.5726760039978185,116077.84839554787,3305,3154,2300,3488,2649,2622
290,-15263.2346581267,22190.846243218595,6927.611585091896,5.310038141365345,9.63393641800055,0.5734089654575616,116229.99961301436,3354,3117,2288,3689,2655,2415
291,-14973.759054179607,21880.414481749995,6906.6554275703875,5.478603873688014,9.867802942917782,0.5733446530876254,116284.14723760224,3310,3095,2354,3589,2776,2394
292,-13484.96104160465,21936.640584594403,8451.679542989752,5.448664308655559,9.573468774115684,0.5739160882082575,116664.7907219799,3232,3136,2391,3510,2735,2514
293,-15620.46252583969,21670.574476134865,6050.111950295175,5.446935859269668,9.87503583982227,0.5728028839080999,116289.34196002185,3485,2987,2287,3576,2817,2366
294,-11927.254492718735,21610.034528990796,9682.78003627206,5.782214559468781,9.53278382086928,0.5734671258317234,116154.73202520072,3419,3122,2218,3502,2707,2550
295,-11472.49969226659,21940.67061154014,10468.170919273549,5.674462526771373,9.483955136344157,0.5732384512215608,116392.30917305652,3243,3173,2343,3599,2720,2440
296,-12228.557036638505,21490.846178924865,9262.28914228636,5.264063152264577,9.679527967298682,0.5718301461741341,116005.9592700019,3437,3011,2311,3460,2710,2589
297,-9960.192437454154,21871.31346324383,11911.121025789676,5.680558585213798,10.170556890194703,0.5719239010378351,116103.0220425493,3341,3183,2235,3438,2737,2584
298,-13274.075959547492,22073.647936140143,8799.571976592651,5.372628466854034,9.687267424034967,0.5729221553738307,116137.27514848643,3360,3032,2367,3507,2722,2530
299,-14639.980491697539,21707.16906523664,7067.188573539102,5.478108614218629,9.84460489650742,0.5730609092634834,116368.49315359193,3342,3160,2257,3576,2787,2396
300,-16039.457779591241,22001.840804500396,5962.383024909155,5.0707004497561075,9.569774734924385,0.5729054597551598,116384.83411497746,3260,3161,2338,3612,2627,2520
301,-16071.908549398333,21909.80389109585,5837.895341697516,5.445032750445091,9.742214256013451,0.5730527492313292,116200.96510409788,3223,3208,2328,3544,2879,2336
302,-15565.756616605897,21758.446416007675,6192.689799401778,5.45555407997611,9.977288309103859,0.5725766960302993,116323.2398231106,3350,3111,2298,3469,2790,2500
303,-14676.668865464542,21188.886257411985,6512.217391947443,5.633594477860345,9.524010212954288,0.5728911364895947,116353.43441035057,3526,2849,2384,3328,2878,2553
304,-13978.02103648786,21838.88750897538,7860.866472487518,5.6110683252998115,9.43268723842079,0.5734407636149828,116322.1266278732,3276,3250,2233,3643,2693,2423
305,-13501.213994115535,21532.58930490655,8031.375310791014,5.3774341741661695,9.644766809249905,0.5732356239308277,116284.06335728316,3448,3130,2181,3503,2815,2441
306,-17454.398502761254,22166.2325139635,4711.834011202245,5.358271294895488,9.779259856050288,0.5730758121885576,116171.40793714461,3401,3136,2222,3504,2770,2485
307,-14179.508287301423,21763.160704457936,7583.6524171565125,5.504989281400713,10.048733164708404,0.5725533727304226,116139.07071681542,3314,3218,2227,3655,2692,2412
308,-13656.739709008461,22081.914478596755,8425.174769588293,5.841944780171675,9.899437755252215,0.5732242538919163,116196.6062486144,3330,3092,2337,3641,2709,2409
309,-12465.28060883485,21718.699535504442,9253.418926669592,5.9547963423915435,9.401899958282973,0.5739329037206913,116471.18581846044,3339,3080,2340,3441,2810,2508
310,-17363.23707584107,21655.78115410323,4292.544078262163,5.370642126800298,9.299921782393609,0.5727644399751854,116206.62345827579,3351,3175,2233,3420,2818,2521
311,-11128.296755659028,21855.10457177697,10726.807816117942,5.609664730483141,9.801818927589432,0.5722678302350352,116005.05505670124,3457,3007,2295,3575,2714,2470
312,-14612.954520520332,21607.584650462108,6994.6301299417755,5.154871049446819,9.685688749691927,0.573373665358554,116365.11437529905,3315,3065,2379,3386,2726,2647
313,-13619.864474859607,21858.71273973554,8238.848264875933,5.466419698363394,9.89103778495475,0.572542556033726,116196.72625473121,3418,3094,2247,3516,2767,2476
314,-13122.616655964257,21729.154269425497,8606.53761346124,5.843244499468105,9.731759660553863,0.5730399798081747,116109.80779307337,3406,3050,2303,3663,2681,2415
315,-15186.67322513336,21621.72116742074,6435.04794228738,5.261909611401677,9.580403990970975,0.5730912506363228,116219.37875976201,3343,3001,2415,3542,2644,2573
316,-16983.33456447754,21989.776448353492,5006.441883875952,5.460306750994966,9.634144419271173,0.5732934919014406,116396.9635754262,3318,3148,2293,3693,2634,2432
317,-11727.247441441948,22010.80434508951,10283.55690364756,5.340712796897269,9.353928456138766,0.5727356272346966,116244.12399832405,3497,2987,2275,3497,2690,2572
318,-11186.519254529123,21768.754947138077,10582.235692608954,5.752123069440828,9.32912947188715,0.5716936886338163,116143.65172094497,3584,2944,2231,3652,2638,2469
319,-11792.309262033381,21477.641802038994,9685.332540005613,5.4676932274882635,9.412748195881163,0.572353478055436,116044.08447834213,3490,2938,2331,3462,2788,2509
320,-15217.068428437777,21929.703457830707,6712.63502939293,5.727017476398194,9.509455727128081,0.5732115800105722,116267.80211124811,3266,3227,2266,3601,2769,2389
321,-12623.371272950777,21713.721762493446,9090.350489542669,5.445938145507713,9.700469915551697,0.5728378176315613,116363.27126089914,3337,3085,2337,3645,2664,2450
322,-11221.908148392502,21545.761018716166,10323.852870323664,5.165820074214957,9.318045911023075,0.572278181208279,115958.58876872815,3421,3097,2241,3568,2653,2538
323,-13283.997651032416,22025.018000631506,8741.02034959909,5.172809524532808,9.785636751961938,0.57180170072515,116085.65778640164,3380,3078,2301,3670,2590,2499
324,-19070.623984572496,21546.67081320901,2476.046828636514,5.447029677548894,9.855821401922958,0.5717073251001555,116231.24997768577,3367,3093,2299,3554,2654,2551
325,-10951.99827917461,21785.520252011233,10833.521972836623,5.640520973091756,9.578966653553463,0.5715030283868131,116017.9608319224,3524,2998,2237,3490,2745,2524
326,-19350.499824704337,21845.71750308458,2495.2176783802424,5.307934934199621,9.417610712538114,0.5731121275461057,116358.52798833293,3450,2988,2321,3458,2753,2548
327,-12400.16809460225,21700.870349290897,9300.702254688647,5.2719412999708375,9.61245317146845,0.572211478285817,116039.44528600054,3435,3136,2188,3492,2733,2534
328,-13070.566242734943,21734.516447421403,8663.95020468646,5.3497558214196514,9.325641617147474,0.5720237052481172,116022.68008662785,3415,2993,2351,3513,2753,2493
329,-14206.891768506246,21984.588056759596,7777.69628825335,5.576535346417889,9.475273915385412,0.573083637239863,116377.4569539363,3239,3196,2324,3539,2837,2383
330,-16210.14203971379,22007.91692639038,5797.774886676589,5.021951686206261,9.338007615818727,0.5725603364544833,116148.35053987427,3368,3109,2282,3581,2762,2416
331,-13829.584729848988,21786.55461889578,7956.9698890467935,5.187932592869424,9.326447841920142,0.5723545078468163,116233.76408650976,3400,3107,2252,3647,2707,2405
332,-12380.469304612569,21986.63238550903,9606.163080896462,5.274044127417964,9.918136419428622,0.5733961320852611,116336.3621307323,3463,3101,2195,3507,2757,2495
333,-15967.077212446875,21767.033234122988,5799.956021676113,5.208111580043947,9.450914905729839,0.573124624316278,116171.32999217458,3383,3046,2330,3553,2737,2469
334,-11060.632560451526,21927.814102146862,10867.181541695336,5.418763251258108,9.623697864896481,0.572132573270243,116005.99180616286,3424,3110,2225,3645,2584,2530
335,-14022.691874318994,22350.321750935575,8327.62987661658,5.271668247772428,9.620132257421812,0.5735471039228984,116119.4711048098,3419,3056,2284,3758,2677,2324
336,-12741.627991840396,21635.74606622714,8894.118074386744,5.644854783871034,9.57530531258331,0.5734649933693277,116449.85653354618,3308,3138,2313,3529,2737,2493
337,-12758.678693487416,22088.640729652052,9329.962036164636,5.580269914057485,9.32069849794336,0.5729471012363525,116458.9317361568,3353,3161,2245,3579,2701,2479
338,-11720.378120391528,22259.376887415972,10538.998767024445,5.393502397763064,9.689171169194497,0.5737516207632689,116287.77182072088,3331,3283,2145,3551,2743,2465
339,-14569.645924534412,22110.426866122292,7540.78094158788,5.54747157479229,9.54361523039383,0.5722430339239454,116129.83735550777,3452,3029,2278,3586,2741,2432
340,-12009.971719892377,21888.704312971095,9878.732593078717,5.43678076164429,9.541362165728211,0.5731498812531997,116334.74078858322,3277,3201,2281,3600,2748,2411
341,-10777.732530146672,22049.243033372106,11271.510503225434,5.31764070160753,9.229901536070626,0.5724781892100754,116383.36870653743,3350,3154,2255,3623,2647,2489
342,-13010.540288536851,22346.91828164708,9336.377993110227,5.210876025599992,9.701947688778786,0.573537184862466,116485.81815375593,3419,3076,2264,3414,2928,2417
343,-13005.942241865654,22142.463591799984,9136.52134993433,5.533100821287258,9.829531693003625,0.5730713441877333,116339.48454522528,3304,3189,2266,3704,2613,2442
344,-12258.393732570812,21886.881571945923,9628.487839375111,5.363531680679756,9.494495439639298,0.5730952711366281,116172.39722635086,3428,3018,2313,3618,2652,2489
345,-12399.984652837502,22384.28294075902,9984.29828792152,5.511998587764931,9.81249265265925,0.5734571095407177,116414.45363240608,3345,3075,2339,3558,2717,2484
346,-10693.137484637784,22183.279785540315,11490.142300902531,5.225366326207284,9.91874515429936,0.5724925858191029,116021.87240713106,3462,3100,2197,3677,2585,2497
347,-12534.340567070945,22295.00801133692,9760.667444265973,5.197090838181098,9.673420265347843,0.5724281803064416,116063.74535433446,3312,3199,2248,3604,2700,2455
348,-8998.423040029114,22296.38560164559,13297.962561616476,5.293317054821472,9.509924104362039,0.5733256051541684,116313.01401071833,3412,3105,2242,3519,2813,2427
349,-10164.74414660515,22224.493748872927,12059.749602267777,5.487420951246451,10.148437071253113,0.5732650280922545,116263.35004955306,3609,3025,2125,3568,2719,2472
350,-10589.78161338882,22104.541398340167,11514.759784951348,5.605988478179984,9.644693716462896,0.5720533458557565,116121.81821951632,3476,3115,2168,3628,2644,2487
351,-12337.114775920787,22418.0308507631,10080.916074842315,5.280355575729799,9.608283886928778,0.5730296561887581,116312.06627188997,3336,3218,2205,3757,2641,2361
352,-11868.368055442452,21826.44543631076,9958.07738086831,5.366795577501812,9.482779109576773,0.5734382203512056,116368.69207188618,3348,3203,2208,3511,2849,2399
353,-9911.65104660357,22653.297046901298,12741.646000297727,5.180202138709247,9.451596035243575,0.5734111693187006,116337.41155294656,3428,3168,2163,3601,2742,2416
354,-14000.09978773566,21855.207893019407,7855.108105283747,5.224083876240135,9.354274874103908,0.5728248759045477,116168.584346693,3223,3272,2264,3672,2627,2460
355,-10073.751843502336,22263.192516492425,12189.44067299009,5.2017314697937165,9.768031433554864,0.5724890389125173,116232.30008566083,3477,3077,2205,3779,2654,2326
356,-12597.99837452538,22524.400115765922,9926.401741240543,5.681064170217828,10.03671600326618,0.5727970030059857,116251.63198766667,3276,3292,2191,3592,2709,2458
357,-11142.12490178625,22060.02132980135,10917.896428015101,5.318430177597207,9.782934957784455,0.5724789031192795,116170.83061954555,3433,3107,2219,3737,2552,2470
358,-10182.255661211899,22228.572282610337,12046.316621398439,5.894766644252308,9.719183276843982,0.5723383382535638,116156.64517106056,3449,3019,2291,3645,2663,2451
359,-12695.859406859363,21895.804701265806,9199.945294406443,5.190469488343139,9.59318425750569,0.5730820167943088,116380.8594357734,3429,3184,2146,3518,2763,2478
360,-9644.88693360979,22324.525518168644,12679.638584558854,5.358692155255377,9.655051884719468,0.5737244102040645,116326.9390355597,3552,3023,2184,3703,2718,2338
361,-10646.976524305059,22597.014966682043,11950.038442376985,5.265928538018468,9.419259786260922,0.5720095779195825,116064.62319165326,3589,3017,2153,3788,2551,2420
362,-13301.510997433641,21863.389399432162,8561.878401998521,5.200398557183668,9.790173741149635,0.5736515448249832,116225.35212353592,3575,2969,2215,3525,2729,2505
363,-12076.786233406041,22037.771061839896,9960.984828433855,5.255759478716639,9.673613575740394,0.5723993279223815,115939.41265829993,3695,2950,2114,3595,2709,2455
364,-8683.921319359017,22453.51297807638,13769.591658717361,5.284195160189046,9.66297567853765,0.5725826336617497,116091.34958906629,3399,3162,2198,3543,2734,2482
365,-9344.175527841593,22315.29197733923,12971.116449497638,5.285572676028239,10.170305184218392,0.5717398193337881,116227.01214377362,3617,3020,2122,3612,2670,2477
366,-10952.896237839448,22058.52761267751,11105.631374838062,5.373048377108758,9.510364885232649,0.5733566578474698,116326.17863328622,3508,2989,2262,3709,2629,2421
367,-9472.545881244097,21970.62898092145,12498.083099677353,5.575326979562615,9.518541326176702,0.5718481586608717,115883.30086849688,3371,3119,2269,3658,2574,2527
368,-11035.186462014024,22269.845685468685,11234.65922345466,5.427426849092393,9.828636894182754,0.572397254413133,116238.74899302723,3557,3072,2130,3599,2584,2576
369,-9144.831721213237,22438.521419714038,13293.6896985008,5.26324677965064,9.779989972894027,0.5724612159526344,116198.8751388829,3391,3144,2224,3593,2727,2439
370,-12988.224579830194,21918.323800645358,8930.099220815164,5.211574539802453,9.74742397027901,0.5721822397477375,116138.27808093574,3400,3097,2262,3614,2596,2549
371,-8748.634785534661,22273.387912358554,13524.753126823893,5.533363182493686,9.596364805951296,0.5719979149397868,115926.87661862838,3387,3223,2149,3642,2687,2430
372,-10315.776094177054,21858.826478754072,11543.050384577018,5.469205747586954,9.77921862597411,0.572661165313833,116108.46995814522,3544,2968,2247,3615,2633,2511
373,-16285.35752252215,22361.44362896215,6076.0861064400015,5.095971744018238,9.791331624609287,0.5724995242707623,116113.16725363361,3444,3126,2189,3705,2619,2435
374,-10479.728343723558,22106.406874754157,11626.678531030599,5.4224111819470995,9.496821096884048,0.5723129431018332,116207.95165701723,3508,3018,2233,3669,2658,2432
375,-10048.424169918033,22419.75913350666,12371.334963588628,5.198423226720178,9.48008392563699,0.5721079279744684,116162.74966738012,3535,3060,2164,3627,2738,2394
376,-10017.280345205472,22534.342133548653,12517.06178834318,5.147647337581648,9.764078355772734,0.5721463896679323,116307.15073622583,3184,3394,2181,3687,2738,2334
377,-14417.263988288856,22470.59149607714,8053.3275077882845,5.141389710134793,9.56983757820068,0.5724902786924693,116247.20910787249,3368,3115,2276,3681,2666,2412
378,-12524.74292855639,21966.302337277666,9441.559408721276,5.290122197559771,9.791476039199809,0.5727293987697664,116471.38624457376,3301,3157,2301,3603,2806,2350
379,-14060.14587392416,22495.174996441754,8435.029122517593,5.181946375017981,9.39970340529146,0.5725999895535422,116166.90954781287,3480,3100,2179,3861,2619,2279
380,-8627.785288145928,21749.993128327642,13122.207840181714,5.0597208584868305,9.458871618254038,0.5721878180517715,116157.47768555781,3660,2977,2122,3556,2725,2478
381,-12349.881088740223,22394.472629900298,10044.591541160074,5.427305086955946,9.24931928044872,0.5723602077718659,116114.75253931101,3586,3013,2160,3655,2739,2365
382,-15002.807929345416,22260.099178057015,7257.291248711599,5.2206987716211914,9.389309865787558,0.5737615209835375,116468.82657307835,3430,3079,2250,3482,2815,2462
383,-12367.958179224843,22075.57427788825,9707.616098663406,5.39367164027425,9.86554529837734,0.5715167724589798,115897.85577478643,3488,3047,2224,3628,2681,2450
384,-9192.44832038335,22183.964143052177,12991.515822668827,5.1726531906813165,9.94892753020087,0.571989681630698,115895.2978027079,3699,2965,2095,3730,2684,2345
385,-11323.99714654507,22419.375309276882,11095.378162731811,5.243322761444317,9.60110329506023,0.5724981856935475,116268.39656284884,3368,3164,2227,3550,2751,2458
386,-9631.558299552733,22239.87207615427,12608.313776601539,4.89585780343174,9.716672840050446,0.5728224374297248,116247.72494668262,3441,3095,2223,3870,2553,2336
387,-8721.990042392921,22459.595328672836,13737.605286279915,5.185698477081961,9.594334868355242,0.574306879626508,116480.9677894898,3447,3161,2151,3585,2791,2383
388,-8822.422482720289,22191.018885946025,13368.596403225736,5.431702010384727,9.539839370291396,0.572462801015728,116245.22669513218,3590,3042,2127,3619,2799,2341
389,-10238.66213351722,22287.495388034695,12048.833254517474,5.153206671598612,9.601578136805692,0.5724038679329412,116256.58436312948,3481,3059,2219,3699,2627,2433
390,-9533.082730386752,22844.236884953112,13311.15415456636,5.286987661068794,9.688862326877343,0.5719656889937524,116116.39803039811,3352,3295,2112,3747,2564,2448
391,-8070.932485591054,22636.90224351525,14565.969757924198,5.254286268530962,9.529512997224861,0.5726499957150527,116325.20142758863,3339,3247,2173,3771,2589,2399
392,-11242.82326048067,22291.722180693516,11048.898920212845,5.325612092349149,9.630458366933304,0.5709692281555248,115852.96028827828,3531,3099,2129,3826,2586,2347
393,-9946.550133379122,22440.658222855647,12494.108089476525,5.228561096198177,9.564798102831679,0.5733451550512767,116368.03449083833,3352,3311,2096,3692,2599,2468
394,-12378.549056506816,22047.433958830174,9668.884902323358,5.359998281978021,9.82108690831596,0.5726138510777524,115879.19535197553,3613,3093,2053,3736,2576,2447
395,-9917.281052813762,22364.946773850177,12447.665721036416,5.303252564984422,9.466216165430142,0.5729082799433037,115885.4353445372,3492,3101,2166,3815,2569,2375
396,-9384.011412942762,21980.958624440125,12596.947211497363,5.3992510077258,9.327496926052179,0.572451194481265,116150.9868423363,3811,2747,2201,3637,2693,2429
397,-8636.09021030218,22575.035423099846,13938.945212797666,5.293993019483471,9.656804337731685,0.5741213064141798,116385.74501970103,3380,3256,2123,3608,2743,2408
398,-9739.514952635827,22622.8588791054,12883.343926469572,5.511190985763192,9.886713571474285,0.5728710181218231,116057.9010255887,3406,3214,2139,3666,2651,2442
399,-9633.245204593102,22996.661117894422,13363.41591330132,5.334264390209042,9.763116909464566,0.5729685708633304,116392.57820036361,3300,3224,2235,3783,2725,2251
400,-9843.179864414442,21985.592735868875,12142.412871454433,4.935234347135766,9.194488952953863,0.5725972869495032,116079.79794485186,3668,2976,2115,3627,2670,2462
401,-13445.30813389703,22435.773179507392,8990.465045610363,5.112814480432926,9.83142428844941,0.5725879651391773,116154.43023772878,3244,3342,2173,3596,2657,2506
402,-11671.743265148636,22631.406002684067,10959.662737535431,5.26713253364206,10.010480475142383,0.5712777661007842,116045.52699016072,3517,3008,2234,3803,2588,2368
403,-13480.375045794464,22733.64413888697,9253.269093092507,5.223748965909592,9.822622604901095,0.5720550425764814,116161.84258316901,3383,3186,2190,3850,2631,2278
404,-8884.832465198328,22206.19371460455,13321.361249406222,5.695859112541557,9.434578438269215,0.572298929338601,115999.65450528722,3508,3152,2099,3688,2662,2409
405,-8209.845985716618,22465.193989317122,14255.348003600504,5.6842505522296864,9.203236604341852,0.5723688264395062,116221.34072658524,3432,3119,2208,3677,2737,2345
406,-10656.560567385257,22650.233029701263,11993.672462316006,5.13569889259713,9.78015658739408,0.5724935284732925,116033.33853760878,3671,2959,2129,3829,2688,2242
407,-11672.634324214194,22485.123660298123,10812.489336083929,5.096380125654506,9.316764193218285,0.5719450141444828,115941.57391361054,3575,3125,2059,3750,2658,2351
408,-12242.748473470476,22378.7860467005,10136.037573230025,5.501268706923748,9.62390759974325,0.5714468723088381,115967.42586734268,3606,3073,2080,3728,2583,2448
409,-10555.957479000228,22915.22869653034,12359.271217530111,4.98110050251884,9.569066503611126,0.572428305357535,116124.04910686395,3568,3001,2190,3786,2641,2332
410,-9728.625564387223,22913.699023080007,13185.073458692785,4.957852563242845,9.83465344815982,0.5723287821171072,116318.66900727763,3543,3262,1954,3822,2564,2373
411,-7583.357904724961,22750.212882599655,15166.854977874693,5.45770223580155,9.807568678768698,0.5726301360983952,116242.31013451182,3452,3212,2095,3760,2662,2337
412,-8501.217535490901,22592.645353341286,14091.427817850385,5.055728837472077,9.64098990115203,0.5726652514374148,115905.59682991897,3401,3171,2187,3737,2609,2413
413,-10123.49105187202,22215.97227674704,12092.48122487502,5.247487251748098,9.553268603574606,0.5732560138912534,116396.81023951576,3551,3124,2084,3644,2713,2402
414,-10157.806242228522,21847.54776288138,11689.741520652857,5.201494092093628,9.449771027552119,0.5754447195461189,116680.55040716955,3415,3226,2118,3590,2724,2445
415,-10205.785062594261,22398.62541967557,12192.840357081308,5.318308036516151,9.724679324183299,0.5737314274352469,116188.59739372546,3496,3175,2088,3636,2712,2411
416,-8223.618416570433,22374.07644940047,14150.458032830036,5.40101251047326,9.296861612127142,0.5719845032230961,116043.78685601932,3595,3089,2075,3690,2687,2382
417,-7578.934271514662,22747.107991650748,15168.173720136085,5.5611158708321,9.633177044947063,0.5726692981698633,115994.7147800534,3612,2960,2187,3880,2584,2295
418,-9099.154935395807,22160.79773944894,13061.642804053132,5.781855339075156,9.50583471355285,0.5720908488770006,115827.81233537824,3852,2800,2107,3711,2675,2373
419,-9724.7704310214,22462.93386071131,12738.16342968991,5.273264722667207,9.456555504274956,0.5730355525240298,116182.50702081517,3465,3162,2132,3748,2698,2313
420,-8293.61340353638,22282.41127081903,13988.79786728265,5.267546994305467,9.425225488983724,0.5723301014701757,115987.35805298899,3578,3028,2153,3678,2633,2448
421,-13293.723131509842,22572.717481904583,9278.994350394742,5.142075394406946,9.658050600518337,0.5720186235449105,116035.1322016105,3689,2894,2176,3742,2658,2359
422,-10807.29221297813,22383.995415951435,11576.703202973305,5.078697751802917,9.793836158159275,0.5720915046150075,116054.03225542133,3455,3147,2157,3763,2611,2385
423,-6624.806200245412,22590.224627694213,15965.418427448802,5.039840085024807,9.521498358459024,0.5729191681888867,116159.94403672077,3449,3193,2117,3730,2745,2284
424,-6051.46182029782,22331.089245415296,16279.627425117476,5.31588482720088,9.406054910560332,0.5728484912494514,116362.77111642488,3648,3036,2075,3551,2790,2418
425,-8669.838209215915,22518.404947737603,13848.566738521688,5.297439084102965,9.50911536676969,0.5721891438593105,116047.25418546614,3788,2951,2020,3805,2598,2356
426,-7298.896440514943,22730.037316990692,15431.14087647575,5.569283808719546,9.876882688752428,0.5721812628285904,115863.86196559804,3443,3209,2107,3859,2581,2319
427,-7390.796726567632,22486.82555992409,15096.02883335646,5.191405173465851,9.766370661237856,0.5726433635979625,116310.43783027415,3625,3033,2101,3719,2666,2374
428,-9521.515391567085,23075.390783297167,13553.875391730082,5.12028401444565,9.911021118123452,0.572036713864389,116073.87223166769,3392,3322,2045,3881,2575,2303
429,-8484.875010356407,22719.01072436763,14234.135714011221,5.438995302097109,9.708639439900425,0.5708241343357351,116223.66322988378,3266,3389,2104,3794,2585,2380
430,-9867.504297280911,22180.356497685876,12312.852200404965,5.304659830452778,9.609961148822936,0.5730333202357485,116270.64697026894,3595,3158,2006,3646,2658,2455
431,-9590.693483360052,22210.734799035126,12620.041315675075,5.011938778143023,9.63270934282702,0.5720680452841023,116300.94770853715,3542,3216,2001,3772,2679,2308
432,-11101.972060801269,22464.183660878498,11362.21160007723,5.3094255467289,9.495906393553772,0.5720783962155042,116115.38483867771,3430,3275,2054,3779,2659,2321
433,-6340.944415005451,22312.199869831384,15971.255454825932,5.40538548087009,9.76858847444936,0.5720548341772103,115965.03380370245,3792,2832,2135,3770,2592,2397
434,-7439.97452653305,22522.735820607893,15082.761294074844,4.861525054448675,9.43462225061939,0.5720479079830321,116008.67914870346,3826,2899,2034,3690,2691,2378
435,-7930.807351948884,22279.3973697678,14348.590017818917,5.169912137572388,9.756856435904812,0.5710536752426923,116107.50852059538,3672,2949,2138,3793,2628,2338
436,-2454.3263885048186,22241.995523467744,19787.669134962925,5.459535150386434,9.893188685498378,0.5719137204966336,116099.8683101383,3549,3140,2070,3658,2689,2412
437,-10476.051631519307,22452.965324473844,11976.913692954537,5.540412819941813,9.53017557963581,0.5727929944049321,116124.81279129829,3533,3117,2109,3756,2662,2341
438,-10337.081041582485,22836.475424872406,12499.39438328992,4.877446842492404,9.764881607464341,0.5720563066495874,116091.90121162446,3578,3179,2002,3824,2538,2397
439,-10729.808928826105,22267.610604260713,11537.801675434608,5.438054793124584,9.468887213274407,0.5734554906838866,116584.2237812648,3604,3142,2013,3646,2827,2286
440,-5306.9336452057705,22708.019429252436,17401.085784046663,5.423984452040432,9.770976612541729,0.5733535417922409,116186.2415362613,3487,3299,1973,3772,2641,2346
441,-7137.265765935702,22981.965873583908,15844.700107648205,5.061474156098368,9.545099065253797,0.5721108032099022,115964.07529590793,3704,3022,2033,3809,2634,2316
442,-12432.522103916172,22282.168496899307,9849.646392983135,5.0835613679249,9.431738524227011,0.5729440567171491,116178.59295691653,3551,3006,2202,3703,2676,2380
443,-9328.525210725775,23006.89159327118,13678.366382545404,5.177713274705075,9.766896419757018,0.5731120034765324,116098.18532791271,3507,3155,2097,3780,2664,2315
444,-10379.890318638994,22798.60211472141,12418.711796082414,5.513020819241426,9.612202905555234,0.5730277599550876,116417.0544686494,3510,3183,2066,3687,2746,2326
445,-9483.04627220601,23052.906612556424,13569.860340350415,4.965567394688333,9.840372132504239,0.571560767428022,115957.7405293841,3559,3076,2124,3911,2520,2328
446,-2436.712695841226,22829.784189928316,20393.07149408709,5.338931823233281,9.7091114380104,0.5710871663635354,115708.35584831321,3887,2893,1979,3931,2464,2364
447,-8035.009197216473,22786.21592467345,14751.206727456978,5.086051673017298,9.844034778092936,0.571940378319212,115904.51522435389,3398,3289,2072,3822,2612,2325
448,-7012.968408040776,22822.264518383086,15809.296110342311,4.878647168924885,9.415567995096199,0.5722523586350492,116184.54770660365,3396,3405,1958,3733,2679,2347
449,-7867.107327993714,22857.711257510848,14990.603929517134,5.076739423577789,9.342521658520136,0.5726618667031482,116119.53855122668,3574,3100,2085,3775,2620,2364
450,-8247.862584992632,22224.525539489936,13976.662954497304,5.187425117207922,9.171003878328435,0.5733996232078491,116342.03728791779,3658,3073,2028,3631,2809,2319
451,-9182.466222660223,22952.049831605065,13769.583608944842,5.325779201003275,9.760015464395329,0.5727627893000359,116193.58715583723,3359,3384,2016,3960,2577,2222
452,-10423.908602894975,22596.87922321604,12172.970620321066,5.193830197909744,9.93438772559754,0.573341978991993,116144.76490672243,3604,3017,2138,3729,2721,2309
453,-8809.2123278828,22497.552661089056,13688.340333206255,5.493631553232725,9.158313426747634,0.5734749675196511,116404.1297644901,3663,3032,2064,3654,2761,2344
454,-8356.59114069639,22630.852140876646,14274.261000180257,5.514971808557594,9.603375416167019,0.5711766747771804,115986.6545169255,3806,2954,1999,3959,2518,2282
455,-7758.656562264079,22408.094055636197,14649.437493372117,5.266053187188055,9.659179443147613,0.5727126886955406,116183.17376284808,3753,2974,2032,3717,2841,2201
456,-7345.962416569959,23159.909460607592,15813.947044037634,5.346836278222546,9.950791606935425,0.572924448737241,116274.04632269757,3434,3229,2096,3845,2679,2235
457,-9060.145953469877,22861.889893834028,13801.743940364151,4.9011109282679515,9.685975814178633,0.5720283114420405,115998.2376141094,3435,3270,2054,3893,2616,2250
458,-6484.7862735595845,22967.68791539955,16482.901641839966,5.170779627316874,9.783509561883765,0.5727655088158178,116446.58459109196,3419,3362,1978,3759,2696,2304
459,-9956.927009958832,22916.735142458678,12959.808132499846,5.298570207282565,9.784148674433323,0.5736553829316385,116528.08335373197,3492,3202,2065,3737,2760,2262
460,-10394.770237483604,22787.165842819908,12392.395605336304,5.3623048963098965,9.838958601898284,0.5722416420005069,116007.54516733797,3601,2958,2200,3807,2684,2268
461,-5457.750653294112,22612.65732714699,17154.906673852878,5.145661049494618,9.427503963577749,0.5725710639679945,116087.98950751887,3613,2960,2186,3837,2586,2336
462,-9428.051053269959,22950.937044001785,13522.885990731826,5.198572978416746,9.634125327016722,0.5734647116522753,116200.77874979979,3730,3004,2025,3760,2646,2353
463,-4745.143054681728,23084.436360847678,18339.29330616595,5.1016775305827124,9.516362066640676,0.571255972933296,116087.16612856992,3600,3124,2035,3898,2580,2281
464,-10003.219060313217,22122.5962973702,12119.377237056984,5.234576891707455,9.597001379091173,0.5720135062756708,115993.55515864755,3928,2808,2023,3670,2751,2338
465,-8117.936608128317,23183.879789631163,15065.943181502846,5.061654744255502,9.66929915984249,0.5723011688928828,116343.0735769489,3474,3318,1967,3839,2747,2173
466,-7542.258968824568,22715.437077798877,15173.178108974309,5.091636110494977,9.75557375049181,0.5710604820897023,115789.89172496718,3925,2883,1951,3874,2499,2386
467,-5339.085801826127,23205.611727201525,17866.525925375397,5.1241569929083255,9.88066939333984,0.5725484067676163,116245.52075328487,3322,3374,2063,3889,2586,2284
468,-10605.860637952226,23123.534117264244,12517.673479312018,5.25769317581267,9.570405893847733,0.5732099255072902,116307.24981253642,3528,3188,2043,3959,2591,2209
469,-6989.484709167544,22646.761085954124,15657.27637678658,5.174519714375658,9.518600074006336,0.5710930758474962,116038.38512123947,3678,3064,2017,3854,2616,2289
470,-6391.242173961359,22940.53080847377,16549.28863451241,5.0996727100299175,10.195627733115105,0.5726304848274585,116190.89258553006,3578,3159,2022,3846,2661,2252
471,-4786.470020871244,22932.50131030757,18146.031289436323,5.266742539571693,9.688209653342684,0.573264456100639,116236.21315616136,3632,3080,2047,3779,2736,2244
472,-6288.397784219205,22589.19189962275,16300.794115403545,5.166251280305137,9.526772000870157,0.5720562338299662,115921.06454258389,3645,3078,2036,3888,2578,2293
473,-10278.828948666134,22690.156965651993,12411.328016985859,5.199150021841317,9.780138731870418,0.5713641990124203,115855.96248194647,3670,3097,1992,3935,2535,2289
474,-7554.395324354599,23072.47737628007,15518.08205192547,5.103188322544087,9.579684928228602,0.5728639756679572,116231.21958795236,3323,3371,2065,3883,2650,2226
475,-6312.13004480694,23348.929424999107,17036.79938019217,4.932206883298335,9.520837102146373,0.571967790460424,116295.26710881364,3255,3547,1957,3928,2632,2199
476,-12623.651559619942,23372.71227939323,10749.060719773286,4.8636769421989925,10.04867921125091,0.572853457779825,116118.81066551694,3245,3388,2126,4010,2520,2229
477,-9318.623094952269,23241.5565133588,13922.93341840653,5.158241431731452,9.595460246142093,0.5722892269556286,115938.29411087367,3756,3018,1985,3894,2601,2264
478,-5715.554896867909,22730.084583149626,17014.52968628172,5.016509001759182,9.367041227808075,0.5721195484963937,116193.02036763978,3572,3154,2033,3749,2624,2386
479,-5307.374133705995,23100.85074645632,17793.476612750324,4.980666445990825,9.654369520304911,0.572302233529754,116553.76578191305,3572,3157,2030,3766,2590,2403
480,-8486.913729726577,22568.451233615207,14081.53750388863,5.127474329731476,9.449571440228915,0.5725227894177618,116062.5645332592,3493,3251,2015,3784,2623,2352
481,-7571.238253893476,22548.648847141052,14977.410593247576,5.110274684346736,9.473442764150029,0.5737114787552158,116509.32189328886,3477,3292,1990,3675,2682,2402
482,-9080.02669921882,22782.483059516708,13702.456360297887,5.245888945038806,9.507450355260989,0.5718167511743433,115786.77053378553,3806,2940,2013,3892,2507,2360
483,-5577.662743845592,22397.981196566274,16820.318452720683,5.138920770387824,9.466411526254339,0.5734667220858736,116543.6327634433,3498,3231,2030,3617,2730,2412
484,-6869.003079143681,22675.613778718456,15806.610699574776,5.108658202160551,9.553197958778703,0.5724802594992845,116144.86498294794,3619,3077,2063,3798,2628,2333
485,-6833.039733798655,22814.640187335346,15981.600453536692,5.016263656933705,9.463452196097853,0.5733959682630069,116120.15438383594,3871,2962,1926,3715,2691,2353
486,-7762.044755590731,22656.920616552732,14894.875860962002,5.114248618385032,9.452623575958539,0.573145991900649,116299.05240285397,3590,3134,2035,3657,2847,2255
487,-8346.168690331577,22595.485941655545,14249.317251323968,5.189342228885621,9.475034113939808,0.5722038370127492,116156.4466238538,3374,3281,2104,3772,2670,2317
488,-5933.999894480085,23284.908708108363,17350.90881362828,4.976412120574842,9.754671272072294,0.5722123814871647,115995.8281576219,3537,3239,1983,4095,2454,2210
489,-5286.167137410852,22570.57414102794,17284.40700361709,4.9813053016583595,9.30317553352999,0.5716929015638115,116096.76677199244,3822,2998,1939,3762,2672,2325
490,-9098.96851999987,23066.040229290917,13967.071709291047,5.301830976796644,9.427751488314739,0.5728339972031489,116286.47391544499,3501,3259,1999,3955,2506,2298
491,-7252.5622370365645,23179.84829880392,15927.286061767358,5.233277699699612,9.75848476203326,0.5713470125754839,115892.06771232681,3756,3057,1946,4046,2471,2242
492,-7510.3024077048185,22933.01207511074,15422.709667405921,4.856735516330309,9.681229339023808,0.57150417957854,115915.41297731467,3759,3025,1975,3843,2491,2425
493,-4577.17582900395,23195.291921323063,18618.116092319113,4.888759673278074,9.809311496819985,0.5726182774763575,116351.14605413165,3437,3261,2061,3801,2673,2285
494,-5096.102339458908,23097.641794544423,18001.539455085513,5.064395454614666,9.611901612812371,0.5729220149313881,116052.22937880747,3561,3252,1946,3888,2728,2143
495,-5079.284324428725,22915.3483053167,17836.063980887975,4.951557286633326,9.625802508808377,0.5723034273536989,115937.29201051572,3637,3100,2022,3862,2595,2302
496,-7998.215502054987,23317.19961770356,15318.984115648575,4.9014815536976535,9.828930411486416,0.5719405669370273,115866.54245781223,3612,3121,2026,3948,2469,2342
497,-6305.230498091958,22868.888017796,16563.657519704044,5.001148303074939,9.567431545505654,0.573940846084659,116407.38232573932,3626,3200,1933,3816,2614,2329
498,-6671.794520830481,23235.666688753507,16563.872167923026,5.1141001968790984,9.568209111607299,0.5714464148932816,116038.61866451235,3674,3148,1937,3881,2539,2339
499,-6996.029004395921,23063.509084573034,16067.480080177113,5.2350014900816895,9.25244818288251,0.5729398937167979,116032.03844700365,3638,3085,2036,3993,2631,2135
500,-4772.564931149847,22804.12596470669,18031.56103355684,5.112856029444702,9.674277088915343,0.5718580675362716,116088.64444454627,3748,3051,1960,3692,2527,2540
501,-6221.691146140709,22716.453842245068,16494.762696104357,5.318835640278513,10.005079540099672,0.5713108857352502,115910.16999443025,3587,3085,2087,3848,2519,2392
502,-8768.32587283491,23128.990746887663,14360.664874052753,4.97010472768543,9.674442154869745,0.5723716726008835,116209.3924452212,3570,3231,1958,3846,2539,2374
503,-8220.722194756476,22592.982828673816,14372.26063391734,4.940952050311935,9.190401018839214,0.5713396411131179,116091.13370424711,3636,3127,1996,3921,2418,2420
504,-6485.305263209846,23000.90068930994,16515.595426100095,5.251879978257965,9.399821245869573,0.5732215754755486,116158.10403671052,3388,3381,1990,3838,2647,2274
505,-5245.2819875967025,23138.652231266828,17893.370243670124,5.286625553057463,9.786331762638635,0.5709901479647272,115962.59533222458,3576,3133,2050,3831,2507,2421
506,-3686.382286992667,23197.67439754483,19511.292110552164,5.151530291451593,9.573662758729418,0.5728196927152178,116219.52815184323,3404,3338,2017,3803,2719,2237
507,-7116.556319295135,22668.17605393788,15551.619734642747,5.145179954838007,9.59792855528508,0.5730038764784239,116327.6166096383,3604,3158,1997,3806,2596,2357
508,-4153.039441038438,22849.935267247212,18696.895826208776,5.136586722864633,9.369022094627155,0.5733273040689797,116536.89238826085,3546,3259,1954,3640,2866,2253
509,-6001.042857901426,23237.508671953015,17236.46581405159,5.088380309107709,9.689336865742073,0.5714583596187185,115561.32333321717,3539,3252,1968,3969,2479,2311
510,-5351.642686537712,22888.19518533704,17536.55249879933,5.226803949680818,9.545262176753129,0.5731406772745842,116291.70631674313,3785,2952,2022,3835,2608,2316
511,-7905.491411984267,22992.263007994996,15086.771596010729,4.96794123257888,9.55656610284745,0.5737348105015937,116322.64900945677,3538,3197,2024,3985,2498,2276
512,-6177.708503495548,22232.953182900044,16055.244679404495,5.271592220677926,9.253734797605313,0.5733833328707928,116357.31422118176,3805,3007,1947,3784,2708,2267
513,-4020.2491746175324,22840.672373570917,18820.423198953384,5.085110116534594,9.673177679085086,0.5722885239428376,115898.39578646574,3520,3276,1963,3875,2595,2289
514,-7137.017824748862,23204.017032162767,16066.999207413905,5.181081413915884,9.828563332521819,0.5719704495859834,116036.47241186838,3630,3099,2030,3870,2617,2272
515,-5119.895053350309,23753.503829889425,18633.608776539117,4.794990535633663,9.621515197983626,0.5731681977674383,116208.31453451872,3353,3359,2047,3851,2687,2221
516,-4139.000275639708,22841.184892860867,18702.18461722116,4.785162866039023,9.575714115268019,0.5717247384663932,116126.94094912616,3604,3274,1881,3781,2662,2316
517,-2312.3745832636123,23614.790962401414,21302.4163791378,4.941564033975744,9.465412852868717,0.5727839465537717,116319.69334399451,3670,3208,1881,4041,2551,2167
518,-7396.2309567417615,23313.51863456325,15917.287677821489,4.8565618202790635,9.387975491075546,0.5713861424434384,115823.00418817198,3622,3208,1929,4125,2393,2241
519,-1804.7394624753786,23255.728003545566,21450.988541070186,5.2304931792491,9.758612955729014,0.5713271786341633,115986.73424634749,3745,3059,1955,3922,2542,2295
520,-3024.5186189997326,23578.645141909386,20554.126522909653,5.132942576286845,9.391151731125634,0.5720096475438523,116010.24046353612,3466,3344,1949,4002,2452,2305
521,-3316.35937698719,23030.193884017823,19713.83450703063,5.146320495113171,10.12312893088548,0.571976436227544,115949.06102720155,3665,3133,1961,3951,2585,2223
522,-2372.8792019238604,23106.013062220718,20733.133860296857,5.1214395562785935,9.77492086145378,0.5723155286459691,116073.49328811902,3616,3236,1907,3904,2574,2281
523,-3752.7490775913793,23185.009272125175,19432.260194533796,5.043090985119994,9.529158076715287,0.5724897462622949,116053.03738968761,3568,3247,1944,3963,2467,2329
524,-8498.901256537887,23122.46174781277,14623.560491274882,5.024629519749829,9.833696197953756,0.5722676418883098,116147.40821534036,3605,3106,2048,3941,2532,2286
525,-5189.732984139028,23089.981162353655,17900.248178214628,5.212954557399264,9.824633889592489,0.5724773783172864,116091.87171839204,3673,3029,2057,3995,2487,2277
526,-4532.9363666467225,22961.788151310077,18428.851784663355,5.110792099747337,9.386956975372675,0.5732687406612377,116177.99574100885,3486,3301,1972,3819,2734,2206
527,-6811.208472374656,23652.345011517413,16841.136539142757,5.322149935459387,9.988862939028996,0.5723040619314838,115961.26973470104,3665,3206,1888,4119,2469,2171
528,-6722.000838190471,23079.996286817866,16357.995448627396,5.219749537726375,9.442370635843972,0.5721223256177992,116005.17411011415,3719,3109,1931,3783,2630,2346
529,-7325.8691889582515,22850.89325446984,15525.024065511589,5.230811736877671,9.479774630149313,0.5719153797528647,115641.31159420073,3688,3123,1948,3937,2447,2375
530,-2763.1284809310027,22876.10897344142,20112.980492510418,5.21778964684773,9.326499660837454,0.5723579521362495,116223.98586814309,3622,3224,1913,3954,2486,2319
531,-5785.411241461058,23407.14520642748,17621.733964966425,5.040225969348935,9.433853472014766,0.5720925134642041,115974.48460296578,3415,3345,1999,4034,2409,2316
532,-6124.134816057692,23618.366444565097,17494.231628507405,4.788362866810665,9.933209143940754,0.5724536025609407,116009.7903241883,3561,3242,1956,4209,2475,2075
533,-1983.010599223557,23145.153261638927,21162.14266241537,4.881339347891818,9.538539388296138,0.5717822305500864,115948.68315927849,3793,3041,1925,3931,2567,2261
534,-3847.3055057905312,22944.07296012525,19096.767454334717,5.009568807388039,9.807766709477542,0.5733409668214828,116205.49552506101,3614,3189,1956,3769,2765,2225
535,-3454.5590679945853,23151.223791548193,19696.664723553607,5.0764010990604325,9.668715209661933,0.5723768020078197,115912.92274200704,3861,2985,1913,3910,2540,2309
536,-4305.177196730009,22932.082822852226,18626.905626122218,4.971566389511863,9.313140860774073,0.5724657791778431,116178.78479172601,3695,3094,1970,3947,2516,2296
537,415.52395765468765,22950.104206572323,23365.62816422701,5.083050473711184,9.446874593722766,0.5727063281801325,116126.15623970728,3709,3041,2009,3912,2521,2326
538,-3349.546258692086,23117.097701379094,19767.551442687007,5.125473243169871,9.357287569699249,0.5717683289546145,115866.47554410658,3689,3049,2021,3911,2535,2313
539,-3752.3378055265553,23606.181490748142,19853.843685221585,5.051691512394499,9.573283486953194,0.5723979006022111,116208.13968136694,3414,3399,1946,3946,2576,2237
540,-3319.879599187678,23185.272054627934,19865.392455440255,5.0530926822781055,9.651473150557077,0.5724772151017286,116201.55548505495,3392,3466,1901,3913,2678,2168
541,-6926.7955108701735,23471.285167062666,16544.48965619249,5.078047922950054,9.915427444376721,0.5714931652965982,115821.80780418459,3552,3241,1966,4064,2528,2167
542,-4630.795714954353,23293.325516229797,18662.529801275443,5.051231876914685,9.904026267213286,0.5716334467707772,115847.47661970288,3902,2992,1865,4121,2446,2192
543,-908.1332363374519,22916.85878797638,22008.725551638927,4.840320339931058,9.166945627670952,0.5728653149971811,116017.64982708382,3699,3273,1787,3755,2757,2247
544,-2993.530629148292,23246.014252684963,20252.48362353667,5.028419722897777,9.65973812408471,0.5714321303796692,116022.21368838179,3778,3073,1908,3860,2567,2332
545,-6285.624476281327,23081.030757615557,16795.40628133423,5.139509767779245,9.427950383901303,0.5720468033105514,116202.31821832944,3549,3213,1997,3950,2557,2252
546,-4754.10033099057,23463.600803161673,18709.5004721711,4.9898430472023465,9.6539826916899,0.5724197615430872,116169.05171121936,3438,3404,1917,3999,2572,2188
547,-2737.554682657899,23530.369506222323,20792.814823564426,4.838531210959269,9.493776935502842,0.572208173553862,115969.49610754212,3592,3293,1874,4116,2401,2242
548,-3532.3943873042967,23102.94771505618,19570.553327751884,4.830883611101772,9.33646148065303,0.5729572756860968,116322.75103416227,3598,3304,1857,3862,2633,2264
549,-2800.7488658714096,23258.931941813913,20458.183075942503,5.083689298821503,9.615158857957615,0.5728559179338291,115959.68467091648,3797,3094,1868,3928,2716,2115
550,-7210.792428042011,23120.766017839436,15909.973589797424,4.879400892496149,9.725556599312469,0.5718369796274563,115953.15237643593,3799,3050,1910,3825,2590,2344
551,-4167.081769015785,22541.982665869153,18374.900896853367,4.968977407576349,9.411628217971394,0.5719463198618352,115809.62400363793,3724,3048,1987,4038,2578,2143
552,-2667.6394849978064,23581.3115826788,20913.672097680996,5.068956860093853,9.715544815243454,0.5725284967598355,116250.62042160885,3713,3082,1964,4078,2523,2158
553,-6893.324902903889,22877.08477774788,15983.759874843992,5.124479304406435,9.423268432809278,0.5720967922493426,116011.06152984047,3953,2921,1885,3760,2684,2315
554,-2991.7555213092023,23667.255199568757,20675.499678259555,4.806664244504293,9.493800571920561,0.5718542926221616,116121.33740472548,3593,3220,1946,3919,2603,2237
555,-1948.3144143762397,23180.173517208073,21231.859102831833,4.895159740761189,9.557852481619731,0.5713669457242788,115994.54971096938,3780,3099,1880,4041,2536,2182
556,-4685.23227159198,23153.750945687232,18468.518674095252,5.118310925868589,9.562890490149373,0.5721865511063665,116105.05292466618,3559,3232,1968,3984,2534,2241
557,-2980.6888694481213,22944.4423075529,19963.75343810478,5.030167090907172,9.196931567788882,0.5719638375793182,116079.72990320956,3793,3042,1924,3739,2767,2253
558,-5531.318773974006,23307.733052704087,17776.41427873008,4.964761654956374,9.595404648909698,0.5714619399676942,115796.5486183834,3377,3341,2041,4089,2444,2226
559,-3877.090021447328,23177.288554616065,19300.198533168736,5.00360735445724,9.363715912257272,0.5722170074373457,116015.15862387366,3762,3152,1845,3844,2584,2331
560,-3252.571104362918,23555.956282705658,20303.385178342738,5.215436647285702,9.470931368666736,0.5719393561295694,115774.46645616498,3681,3087,1991,3935,2521,2303
561,-4488.428946613645,22997.98342049802,18509.554473884375,4.948102567904139,9.29258631457018,0.5721953253444211,115999.11646707219,3715,3152,1892,3806,2587,2366
562,-4096.492298166824,22823.34097005846,18726.848671891636,4.581706313039926,9.044228669981631,0.5727256182140903,116097.61500170996,3959,2960,1840,3722,2726,2311
563,-2514.615618457167,23234.99311723892,20720.377498781752,4.772880289091406,9.208172309922032,0.5720880892554807,115896.21671945995,3552,3341,1866,3765,2569,2425
564,-4649.58723736525,23160.21058252588,18510.62334516063,5.046947645783666,9.35263962406567,0.5733309933169236,116219.29861456889,3789,3086,1884,3922,2579,2258
565,-5612.2888223903765,22902.952557827215,17290.66373543684,4.897049139138984,9.233674103783036,0.5726158810490083,116247.1416229572,3678,3228,1853,3938,2520,2301
566,-6321.351424579413,23618.476377914518,17297.124953335104,4.934461570695309,9.41515696747791,0.5724729808719182,115996.86643055624,3506,3355,1898,4065,2519,2175
567,-4918.631562332275,23195.2719991911,18276.640436858826,5.006297713514054,9.423730774342706,0.5714238951832193,115984.33305250517,3824,2906,2029,3934,2650,2175
568,-811.2630708497671,23210.74300735179,22399.479936502023,5.089587044286099,9.706724251569684,0.5717949062469055,115998.32152890528,3534,3268,1957,3946,2442,2371
569,-4823.808809563395,23471.16583868049,18647.357029117094,4.960868717113709,9.580224270976,0.5727043935410107,116067.41699011676,3578,3192,1989,3990,2481,2288
570,-3505.8588087750068,23461.041011260324,19955.182202485317,5.0112455331495385,9.15788967492301,0.572113825750296,115842.30257131397,3633,3159,1967,4168,2515,2076
571,-3885.429151567413,23439.080662910543,19553.65151134313,4.80035089471585,9.515689574690192,0.5729251357472659,116168.32540367314,3553,3266,1940,3834,2559,2366
572,-4345.820159830151,23489.19048629562,19143.37032646547,5.108078769740319,10.00013939407477,0.5724401023782563,115947.51202083283,3739,3061,1959,3958,2484,2317
573,-6275.814707940311,23270.638426158323,16994.823718218013,4.89147158174644,9.51895766017689,0.5735352726769914,116339.79118846894,3609,3216,1934,4095,2532,2132
574,-2796.3472759273973,23038.69075297405,20242.343477046652,4.711222393440324,9.528568755839974,0.5718063351412318,115834.70483007313,3824,2951,1984,3874,2497,2388
575,213.92907633182486,23339.54849767504,23553.477574006865,5.100916745893515,9.574306986504595,0.5722276808118468,115707.20061148182,3896,3024,1839,4155,2500,2104
576,-866.4157389327381,23784.747792415124,22918.332053482387,5.385405402293452,9.44242214615485,0.5726640341305633,116082.15321458985,3406,3422,1931,4125,2522,2112
577,-2542.4309699334067,23293.349000257433,20750.918030324025,4.934032058250244,9.436964275702161,0.5719688287863991,115894.06727289918,3768,3147,1844,3911,2702,2146
578,-2623.290016654982,22961.693792595426,20338.403775940445,4.929518928173509,9.291513974805472,0.5726416602885087,116256.57614541057,3889,2991,1879,3790,2618,2351
579,-991.4097907850934,23411.915138154956,22420.505347369864,5.168987303066815,9.547239860956513,0.5712675288636824,115881.90012854408,3690,3155,1914,3809,2739,2211
580,-1046.3094096351385,23472.929503512158,22426.62009387702,4.963578332736585,9.63568164163832,0.5729365314770222,116087.5298609572,3649,3300,1810,4191,2503,2065
581,-3850.88617884627,23447.139719528226,19596.253540681955,5.203166695407067,9.508026175680577,0.5718534829647719,116174.30139929184,3672,3099,1988,4135,2603,2021
582,-753.428179687136,23226.028029375142,22472.599849688006,4.9309357096937205,9.484550266926876,0.573197945113778,116137.5068249044,3972,2895,1892,3919,2607,2233
583,-3068.610255938338,23583.698208999875,20515.087953061535,4.828196993553952,10.013731994169026,0.5719793460257437,115897.24672124273,3731,3209,1819,4003,2436,2320
584,-3332.2007811747626,23394.17342675452,20061.972645579757,5.266687860759116,9.400863112642186,0.5727113783693356,116362.51950264433,3974,2929,1856,4130,2534,2095
585,-1621.0583825852177,23608.577123458836,21987.518740873616,4.976533065881523,9.311744696910553,0.5737036629335172,116100.90517573393,3688,3193,1878,4166,2543,2050
586,-1243.0701983235697,23128.97505715853,21885.904858834958,4.843569768339105,9.277935702704543,0.5723087606735526,116141.02218114802,3482,3490,1787,4110,2368,2281
587,-2985.726374729797,23474.37718336166,20488.65080863186,4.990360890668878,9.71710871845432,0.5714527483696039,115914.66284389002,3758,3167,1834,4146,2438,2175
588,-2808.480169773995,23316.588957967415,20508.10878819342,4.92170123412115,9.190279623729587,0.5706384376302734,115756.88623165281,3956,2988,1815,3945,2652,2162
589,-3254.50814237547,23411.022144919654,20156.514002544183,5.070991524349775,9.780990977846416,0.5721074556533889,116058.6910066284,3905,3016,1838,3967,2598,2194
590,-4114.009914862547,23307.855307530288,19193.84539266774,4.912003392617519,9.322478374353613,0.5729188837909401,116143.1724775452,3748,3032,1979,3897,2637,2225
591,-251.94714173196476,23350.80077934957,23098.853637617605,5.362021274229945,9.632268645021867,0.5719362350232489,115954.0260613449,3874,2987,1898,3968,2538,2253
592,-5281.1906170099455,23326.808974021114,18045.618357011168,4.735519426689955,9.062291463517399,0.5725108400520704,115919.02448984579,3859,3028,1872,4105,2470,2184
593,-593.844619234685,23483.510713622174,22889.66609438749,4.75637584580623,9.519229631886825,0.5731400716361498,116212.38245084448,3787,3178,1794,3811,2737,2211
594,-1245.3753097036206,23850.07755960518,22604.70224990156,4.948196148113571,9.759077712537477,0.5705549177421056,115753.0561780431,3651,3094,2014,4268,2387,2104
595,-439.48218315692395,23214.843467326817,22775.361284169892,5.042601582829061,9.314052527072882,0.5716018786580921,115997.96499389094,3985,2917,1857,4095,2418,2246
596,-4348.3889996839425,23669.31777582092,19320.928776136978,4.926609035069996,9.707330006519237,0.5722504527593757,116165.1858307447,3531,3311,1917,4026,2518,2215
597,-216.55520043070842,23180.549513819908,22963.994313389197,4.985930640064179,9.130620215160201,0.5731390186727238,116152.5217196907,3796,3200,1763,3848,2591,2320
598,-963.5863274772975,23658.031313953736,22694.44498647644,5.022494577320827,9.436652085062482,0.5723179219119433,115914.29467320818,3558,3339,1862,4038,2662,2059
599,-614.2840765585643,23470.6238721556,22856.339795597036,4.918162153223955,9.507880497816057,0.5710628820450571,115836.52304967228,3612,3191,1956,4095,2495,2169
600,-1018.357549241601,23726.490177999432,22708.13262875783,4.853452016577428,9.505518530366986,0.5731289789884116,116239.61965281545,3601,3191,1967,4090,2452,2217
601,-1673.8305459834553,23042.637579657974,21368.80703367452,4.745036724988669,9.510522425525146,0.5705409297902944,115598.1171791343,4087,2796,1876,4017,2462,2280
602,-2819.644839517013,23366.26845028393,20546.623610766917,5.07189574608988,9.193675894617211,0.5724473367136438,116000.0237838648,3843,3022,1894,4191,2500,2068
603,1169.3646288096613,23585.43469764453,24754.79932645419,4.971449507429693,9.515394871996493,0.5728592282876399,116154.0177641321,4082,2890,1787,4113,2486,2160
604,-2699.8245106454483,23085.667006145293,20385.842495499845,4.648526417980309,8.936468105115235,0.5735863005991597,116239.91576181103,3947,2980,1832,3833,2704,2222
605,872.9080209294872,23347.91203061029,24220.820051539777,4.907883843903396,9.216085968483984,0.5725371539092943,116248.44477570707,3472,3438,1849,4113,2592,2054
606,-1677.072014584177,24102.927511766906,22425.85549718273,4.845137191322684,9.332176647419935,0.5730169419988752,116342.17395582038,3412,3411,1936,4046,2562,2151
607,697.6348714179991,23636.1215123885,24333.7563838065,4.83186199991834,9.247047363230735,0.5707672308062742,115718.92986994318,3813,3022,1924,3826,2505,2428
608,-1081.9087411389446,23129.658434125897,22047.749692986952,5.12330827139513,9.281993911728144,0.5729223915046078,116156.93618267571,3810,3130,1819,3941,2540,2278
609,1326.6707319626655,24090.22254189981,25416.893273862475,4.727418291816182,9.619772950222455,0.5717716818313817,116063.60770195386,3671,3295,1793,3973,2464,2322
610,-3109.5475988190556,23683.949456453818,20574.401857634763,5.019052420250764,9.303581738334792,0.5727355639542734,115952.22963361345,3751,3310,1698,4033,2619,2107
611,-2562.1633414373714,23612.55019897308,21050.38685753571,5.188963324128723,9.347558762682459,0.5710923805507627,115667.62485769874,3866,2955,1938,4138,2465,2156
612,-74.13408813622304,23476.200337120503,23402.06624898428,4.793872342211559,9.389529552787817,0.5733004844817985,116210.24446578887,3673,3210,1876,4007,2528,2224
613,1587.328694676048,24364.548968612067,25951.877663288116,4.73357700892567,9.744821992217538,0.5730951744568149,116262.58723469196,3743,3282,1734,4072,2499,2188
614,-1396.11205710267,23240.043862209655,21843.931805106986,4.811943714160609,9.406733574646143,0.5721712257688157,116133.4116462989,3551,3250,1958,4128,2448,2183
615,102.26154483874802,23428.197459194573,23530.45900403332,5.013940308257125,9.880585052249153,0.5721515765252001,116114.32699755623,3544,3484,1731,4045,2551,2163
616,-1942.6035241126872,23787.265753562206,21844.662229449517,5.039833539563057,9.651858465477327,0.5722111942863521,115959.33629316902,3814,3149,1796,4225,2546,1988
617,-2108.1431477722936,23568.102136139478,21459.958988367183,5.093427418962942,9.661427672309886,0.5726212516725633,115968.03972229392,3929,2991,1839,4140,2494,2125
618,-1156.104485825974,23930.038103677445,22773.93361785147,4.842144199461174,9.357185216642437,0.5719299432976773,115801.86845645173,3656,3280,1823,4043,2529,2187
619,-3996.218129093642,23765.93887510554,19769.7207460119,4.728978447723359,9.464545503899293,0.5719028296410932,115797.87940172765,3736,3239,1784,4256,2425,2078
620,1249.9137492983095,23855.225619795285,25105.139369093595,4.803741448148379,9.337340383058775,0.5727795634321182,116017.04526081137,3703,3150,1906,4167,2401,2191
621,-175.73257491648044,24696.115426054057,24520.382851137576,5.070741587481587,9.733811794929101,0.5713705188079905,116113.65986604491,3622,3418,1719,4177,2356,2226
622,133.9612275442168,23773.982568180356,23907.943795724572,4.829043119605212,9.424504188463276,0.5717091900431512,116125.16721789404,3804,3078,1877,3870,2620,2269
623,-2116.7051725872434,23140.55774353542,21023.852570948176,4.940224087009168,9.254885052453323,0.5736912291903149,116082.55651131045,3853,2999,1907,3838,2684,2237
624,330.5306513908213,22910.59658268249,23241.127234073312,4.823156943768389,9.27157045894184,0.5724181253858279,116204.47514658057,3961,3079,1719,3757,2683,2319
625,-1832.9669372080602,23486.152034651433,21653.185097443373,4.580029799752559,9.606716859811069,0.5729915894818546,116211.79853754504,3690,3301,1768,3977,2597,2185
626,-5121.358514945141,23566.28541497848,18444.926900033337,4.729923812859573,9.26411036851132,0.5729609110923332,116245.75446752732,3729,3127,1903,3941,2534,2284
627,-1815.2238800690045,23390.915862771948,21575.691982702945,5.088622735324712,9.641406886932247,0.5713863545752065,115941.76218333133,3919,2820,2020,3853,2550,2356
628,-1100.6335583663058,24051.531756582037,22950.89819821573,4.840846905479429,9.551074580257874,0.5730135822421119,116063.24203308256,3684,3216,1859,3975,2539,2245
629,-1444.7302274255974,23725.36544447034,22280.635217044743,5.000701329351234,9.548857116377356,0.5723876377719685,116044.34978143948,3893,2986,1880,4126,2457,2176
630,-501.5661118062533,23424.2980434886,22922.73193168235,4.821170989582983,9.190809736697322,0.5732346176729799,115960.66329688134,3743,3261,1755,3987,2521,2251
631,-278.8553779751393,24082.703134200543,23803.847756225405,4.677330983003988,9.386803610678815,0.5733185375855536,116216.90880662038,3485,3430,1844,4133,2582,2044
632,-2132.5843492895237,23691.863059481337,21559.278710191815,5.0203955086403695,9.52682279127208,0.5712155230375093,115734.87166153672,3928,3071,1760,4184,2318,2257
633,-1796.1642706122561,23360.505528918176,21564.34125830592,5.038879102039216,9.49328707153789,0.5717779213885801,115947.27233456026,3955,2961,1843,4122,2407,2230
634,-1159.8137861036107,23857.26551671153,22697.451730607918,4.594300414127861,9.490681325353652,0.5722243598750207,116191.79416524671,3577,3335,1847,4216,2536,2007
635,228.26284774579918,23762.73253450178,23990.99538224758,4.88275526727517,9.372809022967555,0.5715371683139162,116208.14347317914,3945,3058,1756,4031,2533,2195
636,-702.3782424730383,23674.098404250566,22971.720161777528,4.876813858101505,9.291174202431542,0.5722744096047467,116127.02516953633,3724,3151,1884,4076,2510,2173
637,-473.6740649960452,23748.91236200729,23275.238297011245,4.846608025793037,9.414877546789924,0.5723302806198431,116122.07231470721,3957,3004,1798,3917,2491,2351
638,-945.8280003125973,23630.866033363975,22685.038033051376,4.808406578601974,9.478778601830916,0.57230556308889,115928.66539368047,3640,3314,1805,4090,2630,2039
639,-1491.1159589624147,23625.52920436589,22134.413245403473,4.735060592105004,9.091171414205528,0.5729792815672257,116312.06263337842,3735,3195,1829,3962,2624,2173
640,-3627.8289201578186,23745.227764808213,20117.398844650394,4.967836237792911,9.655409558606689,0.5718055227745131,115890.57009390052,3664,3383,1712,4207,2528,2024
641,-4520.446479186175,23865.96036015925,19345.513880973074,5.038092043785006,9.50968149679273,0.5728227205980124,116253.26011596694,3491,3505,1763,4098,2470,2191
642,629.5468464191724,24293.113348867242,24922.660195286415,4.827794493328629,9.49421308766087,0.5721231026206263,115834.43495909846,3676,3423,1660,4208,2406,2145
643,1199.6149981583596,23965.403637443193,25165.01863560155,4.760586804716503,9.524976785691798,0.5719397866605297,116061.82474952238,3612,3258,1889,4059,2403,2297
644,737.2490168345682,24273.073942212955,25010.322959047524,4.810234456904472,9.733259769961187,0.571788477986162,115698.5866102733,3845,3122,1792,4314,2306,2139
645,3071.2699521225754,23680.27980965804,26751.549761780618,4.846604028534021,9.27969838025354,0.5717248774917617,115878.39851358964,3741,3326,1692,4208,2427,2124
646,653.9364087181867,23556.925745488643,24210.86215420683,4.886074897003996,9.42961194268455,0.5736242181488327,116130.9176283619,3841,3268,1650,4140,2451,2168
647,553.1528043709786,23601.558499340495,24154.711303711476,5.10714662106286,9.113668389936633,0.571647184662245,115938.88133007698,3996,2924,1839,4185,2322,2252
648,-4831.0820061473905,23846.558062819873,19015.476056672484,4.6918787550358365,9.414153567422202,0.5723132161339971,115864.02838120033,3795,3134,1830,4135,2410,2214
649,-701.6731191563433,24620.309537879737,23918.636418723392,4.822934082940502,9.552115076671358,0.5720579628583377,115953.31048703605,3635,3321,1803,4446,2328,1985
650,-308.44581386404434,23891.79972694228,23583.353913078237,4.926912525490047,9.490931465326005,0.5734705845528101,116269.76875024637,3683,3310,1766,4154,2517,2088
651,240.62486676454589,24008.022223688233,24248.647090452778,4.727184705637514,9.350707193321881,0.5721729786987494,115798.14019098466,3974,3045,1740,4061,2543,2155
652,-2282.16373689077,24476.074124369632,22193.910387478863,4.85707642493309,10.221877999028022,0.5705137095566364,115606.77429710078,3531,3383,1845,4335,2238,2186
653,-227.0160953970805,24015.40970409385,23788.39360869677,4.620803377069151,9.512111968354244,0.5721514228929533,116077.16809848428,3524,3363,1872,4185,2516,2058
654,3623.8588355287834,24123.10190008289,27746.960735611672,4.703010490975729,9.59554360990295,0.5727934395379213,115924.30906357308,3530,3376,1853,4023,2546,2190
655,441.6661798233439,23666.406693200282,24108.072873023626,4.881705979681863,9.212098029074145,0.5718481158202592,115515.84077228264,4155,2885,1719,4136,2502,2121
656,-5598.86227017108,23839.577106977165,18240.714836806084,4.801287315097794,9.710188334510255,0.5713693193259353,116186.79605410573,3707,3177,1875,4154,2456,2149
657,-478.56877803362437,24505.271176366132,24026.70239833251,5.205367242574149,9.682271590188707,0.5732327762593404,116033.87526022378,3760,3326,1673,4162,2412,2185
658,88.77292120227689,24351.153572701573,24439.92649390385,4.57190300408879,9.745623843033917,0.5720128680690764,116044.41567565751,3369,3567,1823,4195,2574,1990
659,2078.1780638850028,23631.9324718047,25710.110535689702,4.936106035803919,9.493302532821762,0.5717577182040362,116132.02258487948,3998,2918,1843,4208,2376,2175
660,-1517.279658222835,23758.280368634314,22241.000710411477,4.642426676734456,9.297044698610375,0.5717194100795518,115831.69371411442,3759,3248,1752,4078,2485,2196
661,2246.617175033109,23792.825618124178,26039.442793157286,4.774059906345798,9.275527916715697,0.5710299665154018,115878.60013930884,3772,3230,1757,4048,2452,2259
662,1419.8327201217376,23988.23812088913,25408.070841010867,4.790226441333644,9.532123097606657,0.5729589572642514,115989.96732235808,3623,3301,1835,4246,2495,2018
663,-323.4593730824296,24281.68291848371,23958.22354540128,4.778808824575971,9.886137056673208,0.5718524554227146,115755.25036507883,3909,3122,1728,4269,2467,2023
664,-2659.8937556998644,23820.445980645934,21160.55222494607,4.830694905130517,9.811026534055108,0.5714713423449377,116021.30050738799,3592,3394,1773,4294,2305,2160
665,721.1865010697348,23703.813021268674,24424.99952233841,4.813893502582382,9.37690161477484,0.5720005881146988,116009.18257580287,3838,3136,1785,4181,2415,2163
666,1569.9996654264698,23753.793978215475,25323.793643641944,4.851667429844338,9.495856886951385,0.5722439975297487,116087.80231143214,4103,2989,1667,4160,2365,2234
667,1274.358009487893,24033.92347576994,25308.281485257834,4.978599991651893,9.173642630575323,0.5721661431823846,115811.32997314353,3979,3179,1601,4000,2627,2132
668,1745.2064436740754,24743.936842125437,26489.143285799513,4.698543524672139,9.889764729773646,0.5733658022615056,116199.68770800298,3866,3294,1599,4254,2583,1922
669,2160.6155670626686,24470.035214451607,26630.650781514276,5.052270382560346,9.690159584865231,0.5719089290220385,116170.15752353141,3407,3520,1832,4129,2477,2153
670,-1762.7629243841252,23698.451961510287,21935.68903712616,5.227962379723965,9.189984650986286,0.5723335221907243,116107.22249072672,3828,3097,1834,4070,2522,2167
671,256.7374981594255,23579.1081623005,23835.845660459927,5.145635726115365,9.279184860627844,0.5721816611065237,116099.08652009183,3488,3482,1789,4072,2496,2191
672,1701.7634915535966,23667.083829627514,25368.84732118111,4.8112299853361975,9.662701737020114,0.5717361506341635,115887.63397613596,3860,3090,1809,4347,2391,2021
673,-925.3188389015734,23571.222064176236,22645.903225274662,4.888479730424296,9.263969185090328,0.5724054528967026,115703.57684069162,4117,2987,1655,4017,2412,2330
674,-890.9474208561722,23676.72279003351,22785.775369177336,4.8310881616486805,9.298340075575394,0.5712165451268088,115959.49504898478,3809,3240,1710,3960,2504,2295
675,-736.9168766383483,24417.027191512112,23680.110314873764,4.733985903678884,9.805121815630631,0.57216981805613,115970.24167120524,3698,3334,1727,4424,2354,1981
676,-2183.192203955498,23465.21703461085,21282.02483065535,4.748821617259675,9.672310398256874,0.5717576941991824,116061.97779436453,3746,3220,1793,4064,2454,2241
677,470.77163076272745,23974.75032142233,24445.521952185056,4.690040165164681,9.371815251865469,0.5715856822586917,115929.9498951711,3931,3140,1688,4163,2483,2113
678,99.79741353660808,24225.48370034431,24325.28111388092,4.538925365207881,9.597784477232846,0.5709107528716098,115865.8920066129,3636,3405,1718,4273,2273,2213
679,-763.5989283740577,23770.70700170166,23007.108073327603,4.613869950089925,9.176566173632732,0.5730087236440051,116191.98916578596,3682,3351,1726,3854,2638,2267
680,-1268.66010727699,23336.636610103786,22067.976502826794,4.795149323873016,8.912953026224994,0.5715301031234612,115936.15737002913,4032,2972,1755,3869,2547,2343
681,3841.301733286454,23989.32929544783,27830.631028734286,5.1522925933798716,9.878231995710042,0.5731265152042524,116063.83912118968,3772,3194,1793,4304,2282,2173
682,3359.098087605961,24494.225875385473,27853.323962991435,4.919283468697724,9.658125583743924,0.5720877857730912,116023.11811374081,3953,3070,1736,4382,2356,2021
683,1716.78882167312,23928.666586928877,25645.455408601996,4.731080806768885,9.777623403425189,0.572075059672407,116138.09621212319,3782,3334,1643,4097,2401,2261
684,3725.630634642208,23582.60223446775,27308.23286910996,4.675168346587265,9.289614123935706,0.5729828137767664,116198.38833408216,4026,2922,1811,3909,2665,2185
685,3205.05098724149,24180.425969626027,27385.47695686752,4.848243881139311,9.43264699659005,0.5731357247738488,116366.92927994778,3833,3185,1741,4065,2452,2242
686,1241.731320312011,23344.578541215535,24586.309861527545,4.780412819010917,9.185176670935464,0.571624598749415,116012.86287286654,3911,3101,1747,3992,2544,2223
687,437.82074991556516,23934.3747775425,24372.195527458065,4.990065354814294,9.152098682386908,0.5728149817967298,115870.11990800321,3969,3098,1692,4181,2557,2021
688,273.63153880124327,24326.989365640813,24600.620904442058,4.635797697068612,9.459102205546138,0.5729360344125315,116141.36167262719,3780,3244,1735,4322,2260,2177
689,251.7094816032537,24276.834041981572,24528.543523584827,4.669420210267642,9.64221711289289,0.5716143325377143,115855.1164239458,3936,3166,1657,4338,2286,2135
690,2037.7663579174362,23939.600278791026,25977.366636708462,5.075548241282722,9.135171288056718,0.5716540180580153,115862.92882323755,3968,3090,1701,4072,2451,2236
691,2375.950092709341,23320.843034704434,25696.793127413774,4.766061379006663,9.219270175313188,0.5726490018540134,115931.864228164,4150,2860,1749,4133,2441,2185
692,1513.6783170620463,24308.52211754276,25822.20043460481,4.638354865564743,9.163994536889358,0.5747657162213298,116426.67326295468,3667,3418,1674,4277,2518,1964
693,-244.30147737051934,23978.83331774669,23734.53184037617,4.515436556553049,9.427368354927033,0.5727715284128864,116080.15019553778,3797,3299,1663,4087,2440,2232
694,2818.43436134317,24023.978884675176,26842.413246018346,4.719496884926443,9.195325750732074,0.5723564303433436,115902.62839819827,3855,3303,1601,4150,2467,2142
695,2258.998516098528,23777.952314175054,26036.95083027358,4.981543089547493,9.44549853106998,0.5722382616027801,116008.12286421761,3956,3067,1736,4039,2538,2182
696,768.1856047830997,24265.795928807107,25033.981533590206,4.922622339460831,9.534481324175132,0.5721992598779823,115785.35546683858,3604,3340,1815,4256,2419,2084
697,4219.811366739797,23885.079609133973,28104.890975873772,4.864654463229054,9.029109928784251,0.5712749738542668,115838.5635424905,3848,3123,1788,4337,2422,2000
698,1966.0335601865727,24183.218814895805,26149.25237508238,4.7249035214042445,9.438490391494353,0.5728661048615727,115915.7394878434,3805,3223,1731,4048,2570,2141
699,534.6771364570665,24153.867569942766,24688.544706399833,4.831474292102266,9.370882914933631,0.5707109642456678,115701.96496469757,3637,3373,1749,4312,2220,2227
700,1727.709269098714,23550.465592754397,25278.174861853113,4.922528471337455,9.096444332068069,0.5712332551998773,115811.53860968139,3978,2964,1817,3964,2558,2237
701,1302.12661193222,24086.12749240118,25388.254104333402,4.7588763639140215,9.302838389032555,0.5726045274840877,115971.36794425959,3908,3155,1696,4195,2380,2184
702,3100.469631609699,23986.775123751795,27087.244755361495,4.882026329919141,9.504468871928673,0.5726216535679918,115927.78064472423,3812,3349,1598,3964,2558,2237
703,3954.492902737572,23486.977331517326,27441.4702342549,4.767940081469572,9.066382976435852,0.5729075635543941,116099.81949414746,4141,3008,1610,3881,2800,2078
704,1455.4096271990827,23886.100175185966,25341.509802385048,4.983296301355352,9.72171576587442,0.572193555191866,115645.77457391415,4004,3035,1720,4038,2550,2171
705,935.1076725780399,23773.186353076362,24708.294025654403,4.587685012043109,8.988905458399561,0.5718374191103558,115858.96383170612,3749,3293,1717,4288,2337,2134
706,99.0521427725059,24557.368161337094,24656.4203041096,4.886741352191226,10.018804437180178,0.5716673585518007,116040.04806191097,3673,3242,1844,4255,2461,2043
707,7607.775762743507,24392.78537386939,32000.561136612894,4.822028169489755,9.639808672289828,0.5721184711800591,115832.19244575004,3882,3141,1736,4185,2345,2229
708,2153.1115347583454,23535.622221989306,25688.73375674765,4.740089835454573,9.116360801832721,0.5714304327263805,115774.86851711351,4087,2963,1709,3944,2461,2354
709,44.31853068772926,23988.39673161678,24032.715262304508,4.769895073608429,9.148286035427635,0.5715613226381013,115755.24304079512,4320,2735,1704,4063,2415,2281
710,1082.228852643128,24458.023104332726,25540.251956975855,4.727952995167499,9.776283209233274,0.5719126988321505,116067.39030658013,3446,3492,1821,4346,2311,2102
711,4.178188711282319,23890.720686109576,23894.898874820858,4.731336884769572,9.296620618367406,0.5718456662254626,115835.86596769748,3864,3165,1730,4170,2393,2196
712,1892.0576600322881,23193.37627944394,25085.43393947623,4.8798529641592925,8.926817125510528,0.5717390317912233,115891.71599249783,4125,2792,1842,4109,2430,2220
713,3409.515749598571,24258.921203033162,27668.43695263173,4.740867094619162,9.271227419196116,0.5725306478050273,115976.38954410751,3949,3090,1720,4193,2459,2107
714,2890.0158006001393,24390.822144467536,27280.837945067677,4.698564177512165,9.247158232398096,0.5719020867956666,115839.98436573241,4029,2875,1855,4217,2474,2068
715,4783.414728127024,23863.78386292697,28647.198591053995,4.683729642875722,9.550721110928775,0.5715525491387954,116048.22405539361,3910,3117,1732,4057,2463,2239
716,1229.8085880276237,24058.813144726715,25288.621732754338,4.917428904214414,9.507501836484675,0.5729270321577344,116026.03947442962,3750,3233,1776,4102,2350,2307
717,6436.713685906052,24168.69185933683,30605.40554524288,4.765152669462054,9.456640606621754,0.5717486167831177,115832.5090916576,4053,3052,1654,4027,2426,2306
718,4918.5149945375,24126.9748143564,29045.4898088939,4.648856402905205,9.60253050435561,0.5707831470582656,115841.34619937398,4076,3014,1669,4411,2155,2193
719,663.7507756539396,23632.227383273177,24295.978158927115,4.5795143902062625,9.183202090752317,0.5721475744940984,116106.11244677285,3960,3080,1719,4254,2364,2141
720,-1192.7357002949252,24067.27383382888,22874.538133533955,4.458995634238929,9.669537759277112,0.5708992947435481,115592.68278591048,4146,2892,1721,4403,2184,2172
721,1269.3231233518102,24412.72116279814,25682.04428614995,4.607829448233832,9.545887553503759,0.5734116780420119,116019.20548308303,3769,3264,1726,3999,2605,2155
722,-878.5226208370182,23833.540576508378,22955.01795567136,4.651148183948745,9.118568966775337,0.5724687299555763,116062.19316899026,3981,3095,1683,4005,2510,2244
723,2371.440803085288,23693.071314059594,26064.51211714488,4.586222207557633,9.214381024843854,0.573274401769063,116230.74467256974,4158,2878,1723,4031,2554,2174
724,3539.611127700554,24607.713487899142,28147.324615599697,4.782431889905407,9.662893122463014,0.572289285420802,115948.63864426439,4015,3098,1646,4282,2468,2009
725,4101.5054014539,24578.700856153526,28680.206257607424,4.993326428478812,9.492615222947657,0.5726169973667635,116164.65832303441,3674,3475,1610,4285,2359,2115
726,4082.637739350594,24466.225805013153,28548.863544363747,4.425703551956448,9.261033692160359,0.5723051270051746,115643.54721159046,3773,3302,1684,4202,2395,2162
727,3432.165323458667,24164.766878188428,27596.932201647094,4.7392710492570265,9.698013206335316,0.5714441500453916,115940.0797028587,3871,3316,1572,4171,2461,2127
728,3382.3525408974347,23709.47990036863,27091.832441266066,4.865946037133611,9.393524180585834,0.5702679051794745,115894.80173692327,4258,2852,1649,4105,2359,2295
729,2253.6997155414947,24313.77159517899,26567.471310720484,4.712349942715175,9.220724312370583,0.5736286523859776,116056.96101475297,3920,3245,1594,4081,2454,2224
730,3365.477418332526,23958.61183187754,27324.08925021007,4.6390910759235835,9.274093299016913,0.5716971240742006,115880.78872148413,4307,2751,1701,4197,2651,1911
731,6331.857493762333,24854.47542560516,31186.332919367494,4.751687788203501,9.433180632513048,0.572923666139989,116086.13678921944,3863,3397,1499,4132,2580,2047
732,-505.43768060064076,22989.6556165346,22484.21793593396,4.801840664582344,8.956794473427472,0.5716714154295787,116041.35497080801,4145,2825,1789,4115,2468,2176
733,1080.0535469056922,24307.780246540682,25387.833793446374,4.874878206455998,9.796453404685233,0.5725762244697588,116143.48568529561,3783,3279,1697,4364,2286,2109
734,4009.8569456309033,24139.6646932269,28149.521638857805,4.845876283057159,9.460587595337897,0.5731527117105384,116196.72943975494,3918,3240,1601,4167,2604,1988
735,2333.6858765705815,24255.598415028617,26589.284291599197,4.51038971775303,9.301589742068392,0.5705974913772979,115733.80787813505,3710,3322,1727,4247,2267,2245
736,5953.642687227619,24140.005257680146,30093.647944907767,5.069228584135281,9.480891974576707,0.5718942125788188,115740.533344775,4086,2927,1746,4451,2325,1983
737,4338.699975607003,23619.685093678672,27958.385069285676,4.613567020403034,9.130670027025518,0.5713766403098547,115935.36700020406,4145,3008,1606,4103,2478,2178
738,6148.395517360058,24601.460687072486,30749.856204432544,5.148192349344502,9.703465047373221,0.5708065227499075,115816.78874957259,4102,3028,1629,4461,2340,1958
739,4202.482175915409,24176.06130154898,28378.543477464387,4.991075989790704,9.441262062605416,0.570784012663119,115523.79067018018,4048,3056,1655,4460,2152,2147
740,1165.36003618839,24542.300874604236,25707.660910792627,4.787837234889298,9.917456408861918,0.5713221708794177,115808.66107284857,3925,3261,1573,4571,2340,1848
741,5869.413362133966,24950.305659298097,30819.719021432065,4.804330544639148,9.66397066694836,0.5724878337716262,115948.37648679489,3557,3635,1567,4351,2365,2043
742,3988.6080934564266,24179.393738801926,28168.001832258353,4.862257935156816,9.287528442308615,0.5707630211552711,115678.94598116516,3804,3283,1672,4455,2298,2006
743,2167.5126108190884,24242.305975938132,26409.81858675722,5.020298880534799,9.499663457260525,0.5714811343716725,115848.66031830106,3648,3275,1836,4296,2479,1984
744,5538.522298509206,24156.458453108673,29694.980751617877,4.951456307878351,9.690348316331132,0.5722387218282828,116189.5007775019,4038,3085,1636,3995,2660,2104
745,1253.7438229052652,24123.435270068312,25377.179092973576,4.815745963233752,9.413631171444788,0.5713389289901125,115584.43942973584,4140,2881,1738,4408,2399,1952
746,4469.543325863382,24295.77922065869,28765.32254652207,4.744793101809409,9.411475327308398,0.5727351871969626,116342.43964450588,3751,3356,1652,4372,2444,1943
747,4441.826914365923,25104.45605173246,29546.282966098384,4.792378654242174,9.716172350425847,0.5713788176242653,115630.3350162997,3853,3211,1695,4665,2124,1970
748,1324.617897512444,24000.62450597342,25325.242403485863,4.5492713747585904,9.21735733204315,0.5719669131183158,116006.83641283693,3751,3320,1688,4220,2339,2200
749,3546.1939591600467,24017.181799897233,27563.37575905728,4.6005677229427135,9.055020303505325,0.5725486511063417,115948.60009991149,4040,3046,1673,4288,2332,2139
750,4336.360653804258,24435.784357324996,28772.145011129254,4.624877845798805,9.286490604005591,0.5724065594435304,116188.98266999678,3548,3497,1714,4205,2511,2043
751,5602.2461894348035,24171.532139923554,29773.778329358356,4.900096714890716,9.175624747310762,0.5722977769451755,116156.51479814408,3602,3629,1528,4130,2366,2263
752,4355.26376651765,24199.77252094368,28555.036287461327,4.884030537894413,9.011744231612711,0.5715625054161318,115813.88575500948,3880,3226,1653,4216,2359,2184
753,4296.679711625168,24802.124652044255,29098.804363669424,4.521331072838726,9.299903134936928,0.5717886714385655,115983.4344275653,3840,3120,1799,4159,2550,2050
754,6141.9757678155,24040.663112864426,30182.638880679926,4.5775217051685715,9.364086327743438,0.5712756377902165,115772.22546691139,3826,3344,1589,4178,2380,2201
755,2504.2576506037553,24791.673456819153,27295.931107422908,4.633507019721209,9.480437793440451,0.5738353708574889,116210.94104636645,3480,3490,1789,4334,2509,1916
756,3407.533024393884,23925.784459459046,27333.31748385293,4.925758352165235,9.364038320206522,0.5713920601416514,115887.65235723002,4052,2975,1732,4168,2513,2078
757,-515.1102263079072,24371.01425738636,23855.90403107845,4.732256016208987,9.095269954672002,0.5730801080309099,116243.13763214729,3831,3190,1738,4049,2737,1973
758,997.229562484245,24774.499242178346,25771.72880466259,4.551480789380973,9.315540679663394,0.5752399588650846,116649.3678940501,3422,3699,1638,4254,2657,1848
759,3807.297489303787,24076.84784765531,27884.145336959096,4.917875008344466,9.591793107389957,0.5715684319123169,116046.11163218335,3831,3320,1608,4254,2364,2141
760,1563.3492424089543,24220.93459288601,25784.283835294962,4.793357672760527,9.437540847545447,0.5707724589180095,115701.267980266,3970,3108,1681,4379,2308,2072
761,-415.0323652840991,24293.222376028873,23878.190010744773,4.80424755781005,9.455913471189094,0.5713143128746918,115696.02442152599,4013,3018,1728,4329,2440,1990
762,4005.8446733211917,24479.552108867727,28485.39678218892,4.950547832920824,9.493984459961284,0.5707654961661831,115491.45702249937,3900,3275,1584,4455,2284,2020
763,4506.653119353771,24058.500188590024,28565.153307943794,4.478274321428018,9.64608227678922,0.5727515531360354,116268.62321612932,3605,3475,1679,4263,2417,2079
764,2929.683894109226,24289.239135798085,27218.92302990731,4.754521857602136,9.250116222823866,0.5735221077033954,116109.88601362419,3911,3201,1647,4301,2410,2048
765,5086.973128137231,24023.47185818807,29110.4449863253,4.451023719618623,9.181416916524215,0.5710143037189032,115787.40257335287,4000,3050,1709,4144,2481,2134
766,2311.3344642261072,23339.373132144297,25650.707596370405,4.792646967527869,9.492436873673626,0.5703743849384383,115657.68772979507,4323,2854,1582,3942,2327,2490
767,6062.016664707965,24193.365633607755,30255.38229831572,4.352851713562089,8.853634133059492,0.5738015578853696,116283.77072019989,3704,3347,1708,4245,2486,2028
768,-207.4725504467955,24499.311444826286,24291.83889437949,4.642057588110079,9.264694174610806,0.574417622879423,116161.55222981691,3884,3230,1645,4356,2368,2035
769,3882.014828463295,24548.509384627472,28430.524213090768,4.52791210304832,9.396817712175084,0.5730402228114831,116178.18439330098,3401,3770,1588,4109,2489,2161
770,5396.312500165901,23816.35627654577,29212.668776711667,4.741197355347592,9.205102467426066,0.5720462496212905,116038.31275068657,3749,3386,1624,4300,2426,2033
771,1621.3009160993195,24473.68010761832,26094.98102371764,4.4178091251460945,9.233550829833163,0.5735726882642875,116000.39534770921,4044,3081,1634,4028,2443,2288
772,984.3620686818202,24740.938221145017,25725.30028982684,4.606829508860652,9.604715438575235,0.5732857773024195,116479.39010983914,3326,3674,1759,4296,2359,2104
773,3932.101011192656,24693.591380196685,28625.69239138934,4.7525468727092175,9.457594378330812,0.5717560064667295,115884.27306269352,4059,3023,1677,4191,2502,2066
774,4142.928632970555,23920.590483306558,28063.51911627711,4.604880929320552,9.36886174117908,0.5713943416205014,115805.58550789845,4126,3013,1620,4101,2438,2220
775,5281.985144450135,24304.754864198872,29586.74000864901,4.841727606664788,9.137015230768226,0.5743033249418238,116133.95880979426,4092,2960,1707,4270,2362,2127
776,5818.3253191820495,24491.061522954922,30309.38684213697,4.659623771509979,9.592945387106926,0.5714653752939425,115650.57290402897,4222,2986,1551,4365,2389,2005
777,5777.572114516268,24472.138842981047,30249.710957497315,4.734066474043683,9.424595513131674,0.571507775955791,115650.44670188232,4074,3060,1625,4393,2323,2043
778,6751.8206948635,24425.986442209003,31177.8071370725,4.637790863856441,9.438147640125434,0.5711591484588043,115843.99310696026,4090,3090,1579,4409,2433,1917
779,5733.721854663767,23850.223893236634,29583.9457479004,4.6348466371312425,9.266710178369014,0.5707548686412497,115933.17798426733,4230,3009,1520,4020,2502,2237
780,1932.688538802252,24220.63099102357,26153.31952982582,4.600569044968336,8.945691155329243,0.5738375265525534,116004.6202404135,4268,2947,1544,4076,2502,2181
781,6640.5767696281755,24551.252747337174,31191.82951696535,4.433257278529039,9.220380676409611,0.5719255436350243,115889.34524640477,3840,3210,1709,4334,2430,1995
782,1674.3316593507307,24325.12050741358,25999.45216676431,4.954043136718973,9.37650768142665,0.570493462427934,115827.05491215512,3938,3088,1733,4315,2386,2058
783,6307.848343960298,23905.851345318435,30213.699689278732,4.574813045948832,8.952341651860726,0.5726789646500565,116149.27632159238,4069,3078,1612,4092,2474,2193
784,4339.916401394379,23981.008927736028,28320.925329130405,4.832762260596888,9.251949302226697,0.5727814370129917,116289.46979815315,3828,3274,1657,4028,2795,1936
785,3569.288338170024,24683.177839595133,28252.466177765156,4.4931475413670245,9.271281957348819,0.5717341417308901,115823.26800861445,3641,3405,1713,4294,2453,2012
786,3263.0452030659135,24658.502181621778,27921.547384687692,4.806559139252617,9.470925955591953,0.5719212361982479,115900.24401738633,3883,3267,1609,4317,2323,2119
787,3354.290531433589,24287.977107451494,27642.26763888508,4.7706093810615435,9.467722730001865,0.5724957231262187,115798.71560114289,3976,3114,1669,4149,2431,2179
788,4441.086628775746,24314.023617296534,28755.11024607228,4.7715833492260185,9.22740356391763,0.5727543260163437,116095.02497366485,3905,3260,1594,4433,2291,2035
789,4050.4025516575803,24070.555750473886,28120.95830213147,4.588086574968368,9.098188785959254,0.5722763906055036,115890.88716651622,4191,2927,1641,4303,2295,2161
790,3370.7651917455705,24367.744087967778,27738.509279713347,4.636945130205653,9.512669437010047,0.5714107613438014,115720.10368975483,4155,3075,1529,4465,2243,2051
791,8063.931129417165,24245.61903468838,32309.550164105545,4.783626995423134,9.65476667995525,0.5716316153888735,116010.72998386747,4046,3164,1549,4111,2567,2081
792,4825.2575048825365,24387.415241326282,29212.672746208817,4.888046368259081,9.514705997848347,0.5714407352593829,115899.49921532995,3768,3297,1694,4424,2233,2102
793,4918.927625542342,24759.348457783155,29678.276083325498,4.483996679257441,9.222317340751529,0.5715898675839947,115824.16409820432,3648,3506,1605,4399,2268,2092
794,3389.818951227231,24547.77188608908,27937.59083731631,4.697672237428601,9.251067405228552,0.5719219069649188,115754.4515705009,3897,3139,1723,4442,2149,2168
795,7747.391017707238,24863.914512575622,32611.305530282858,4.667102407043666,9.344674419791348,0.5716514987938706,115621.12175061615,3619,3511,1629,4378,2227,2154
796,7284.824983913079,24792.9271123055,32077.75209621858,4.599127230892538,9.176994461862996,0.5708434089904197,115679.57489171416,3979,3148,1632,4347,2229,2183
797,5244.6636094118485,24416.446762066156,29661.110371478004,4.906818709630911,9.720984006015543,0.5695886452697438,115395.57073274365,3950,3250,1559,4411,2292,2056
798,3379.1824909053294,23930.671632829602,27309.85412373493,4.468303750925699,9.314477331211272,0.571246156854005,115578.5182096057,4291,2952,1516,4315,2284,2160
799,1388.3190408196472,24427.457606808275,25815.77664762792,4.516308419250346,9.531936677099283,0.5716502554904612,115879.34300575602,3768,3381,1610,4290,2455,2014
800,7374.57727588878,24506.809097179368,31881.386373068148,4.456823350452018,9.312871684222028,0.5710777242211187,115589.42374298873,4115,3094,1550,4370,2298,2091
801,6906.164367901064,24147.762134912275,31053.926502813338,4.6473554513151685,9.221523751288558,0.5742999922906914,116358.61597867598,3894,3321,1544,4230,2455,2074
802,3499.134673595218,24083.078228096852,27582.21290169207,4.629397146650523,9.490613916478795,0.5730652728907863,116022.29714600081,3811,3256,1692,4057,2598,2104
803,6489.837739872281,24396.413646351608,30886.25138622389,4.6015529529582615,9.612274876982607,0.5714916517211294,115728.82416787406,4160,3025,1574,4425,2077,2257
804,4021.2033120497413,24244.770348664268,28265.973660714008,4.817582468800279,9.374814854401453,0.5722371855412275,115875.03995412258,3871,3203,1685,4496,2363,1900
805,3600.1159175285043,24263.834586007477,27863.95050353598,4.715451382825023,9.354495555486238,0.5704592492927991,115809.518600736,4257,2841,1661,4099,2420,2240
806,4092.919180056053,24425.80639158672,28518.725571642775,5.0419023772071725,9.125650185250999,0.5728294317862147,115827.8211636893,4293,2964,1502,4262,2611,1886
807,4913.030431951991,24322.920036381034,29235.950468333023,4.738684181735217,9.02942922558266,0.5719210748294437,115794.13522488422,3952,3146,1661,4277,2312,2170
808,5895.28879972184,24789.03121969397,30684.320019415813,4.74113893215398,9.263683851963973,0.5719974792599903,115896.92500702983,3838,3283,1638,4549,2195,2015
809,6358.086677783259,24241.18372207486,30599.27039985812,4.679225142509005,9.12029763797391,0.570637218696676,115626.72887211722,4284,2868,1607,4343,2280,2136
810,7452.7950652530035,24002.426826812694,31455.221892065696,4.835068287750646,9.087880817906477,0.5723127295969485,115877.58252223239,3857,3195,1707,4172,2475,2112
811,4194.318716804171,24936.243872130442,29130.562588934612,4.57395493495593,9.631464720232954,0.5721509826480766,116076.81091631773,3817,3299,1643,4143,2471,2145
812,3314.80553499002,25046.354520378376,28361.160055368397,4.481186669598005,9.669854857963855,0.570763514602835,115481.32853419214,3807,3429,1523,4527,2219,2013
813,5834.022203136373,25165.181150264467,30999.20335340084,4.64298123151256,9.882296235744668,0.5719219620830203,116079.08858969311,3626,3600,1533,4564,2223,1972
814,6026.844514905764,24451.41107162662,30478.25558653238,4.481013460704537,9.584822963302077,0.5717027835643657,115836.7023218429,4035,3079,1645,4112,2391,2256
815,4663.056640886268,24382.119808643798,29045.176449530067,4.502579798692123,9.094102759243826,0.5717141690027283,115860.29253142649,3917,3356,1486,4223,2346,2190
816,5706.662087444852,23904.991583941148,29611.653671386,4.942090323054054,8.937442378776433,0.5717304208241673,115680.46809375052,4310,2918,1531,4110,2493,2156
817,1145.0122371982425,24573.446640410064,25718.458877608307,4.762389672861405,9.200079991165717,0.5696936685514424,115700.92241082688,3650,3373,1736,4507,2340,1912
818,6474.5330785091355,24647.34037132608,31121.873449835217,4.717370808377429,9.142812794491048,0.5707711992567028,115590.90813190759,4163,2971,1625,4437,2330,1992
819,3995.268558630127,24783.751339442162,28779.01989807229,4.782269222696984,9.202083648729957,0.5709891332625817,115642.81556862906,4175,3038,1546,4539,2208,2012
820,5363.2250751613465,24783.933954097753,30147.1590292591,4.374111193884641,9.685517670228185,0.5707337274378737,115791.50123630563,4016,3249,1494,4456,2198,2105
821,5930.441071056009,24704.889465771008,30635.330536827016,4.711354782217542,9.206346245340072,0.5726954590272343,116055.07003567157,3947,3199,1613,4050,2510,2199
822,3200.226413826143,24720.258309057812,27920.484722883954,4.509322345054676,9.382654645698771,0.5721031667885883,115904.4105135548,3527,3530,1702,4280,2359,2120
823,3470.9039948533364,24480.285845063852,27951.189839917188,4.747897429419289,9.223172404673294,0.5728224794103266,116138.25016918371,4082,3129,1548,4164,2599,1996
824,4392.251588187212,24167.239352280627,28559.49094046784,4.392313013377159,9.176548322627056,0.5717142115995657,115805.77250598419,4111,3194,1454,3989,2585,2185
825,3766.70032795424,24615.699203187283,28382.399531141524,4.936679867771779,9.182771315810035,0.5730555680564534,116176.71292793736,3980,3128,1651,4260,2415,2084
826,3502.207312381608,24548.78911859354,28050.99643097515,4.521629943890267,9.421135241089624,0.571768417525888,115741.76864402881,4198,2946,1615,4023,2578,2158
827,6286.590451708955,24871.14423252075,31157.734684229705,4.660048641225374,9.168919075900462,0.5717042752569375,115595.21523738466,4189,2987,1583,4385,2267,2107
828,5176.424650954159,24142.55313947564,29318.9777904298,4.409354185407607,8.665821478879506,0.573208664338932,115904.60827335347,4034,3172,1553,4123,2497,2139
829,3468.7095074354484,24497.733355986096,27966.442863421544,5.008680326047521,9.544382231307091,0.5720474469293181,116122.52824241214,3932,3201,1626,4274,2410,2075
830,3574.5041507041246,24778.66078277696,28353.164933481083,4.644355509505035,9.070787658720334,0.5731985125342336,116049.92236044229,3966,3297,1496,4167,2468,2124
831,8748.190549518877,24228.498878318474,32976.68942783735,4.241456978245971,8.80965883943198,0.5714172451498591,115493.60993027884,4041,3177,1541,4363,2306,2090
832,5323.290740974337,24570.40496718256,29893.695708156898,4.493242117601758,9.501108532606436,0.5709085767217796,115469.16451851261,4174,2983,1602,4453,2198,2108
833,6804.908858801891,24477.01074470105,31281.919603502938,4.633421506909368,9.276374349037413,0.5720693297704973,115897.20565384005,3896,3379,1484,4393,2192,2174
834,4605.727674089126,25174.62039602149,29780.348070110616,4.734265350690575,9.330523637778022,0.5729590223647961,116161.07413483414,3839,3448,1472,4379,2476,1904
835,4947.821926490373,24529.203875549523,29477.025802039898,4.807277376997678,9.542833737329886,0.5690240881222906,115368.70133268966,4377,2779,1603,4499,2322,1938
836,7941.840352966802,24994.27117181819,32936.11152478499,4.6560131214922365,9.454628058952414,0.5697655989008878,115585.55873118243,4038,3136,1585,4470,2281,2008
837,8646.707070463453,24208.129487493603,32854.83655795705,4.3808011149482144,9.245361482198255,0.5715614436815148,115920.81272748417,4283,2906,1570,4306,2390,2063
838,5367.885343163613,25042.441709721585,30410.327052885197,4.491623682035606,9.19014816297641,0.5727379260012025,116178.90954336623,4027,3182,1550,4465,2389,1905
839,834.1070826573767,24437.020299302367,25271.127381959745,4.57581396603377,9.236737754469369,0.5730225938987046,115975.0647891769,3856,3203,1700,4091,2481,2187
840,5421.931867912691,24753.15310147426,30175.084969386953,4.9639644455840894,9.47863982419303,0.5706562294871661,115457.46657786256,4214,2938,1607,4532,2275,1952
841,4898.313899485013,24674.129806796234,29572.443706281247,4.624215120542811,9.370316484623034,0.5714918731394482,115705.52335378357,3955,3073,1731,4316,2357,2086
842,4725.979074916754,24465.29098021613,29191.270055132885,4.454078266937099,9.538923386213414,0.5721464978621756,115833.23527526768,3997,3117,1645,4616,2304,1839
843,5860.363908452385,24393.074126095922,30253.438034548308,4.682762285549003,9.127784229201582,0.5727298932644507,116197.8072487829,3912,3353,1494,4213,2468,2078
844,7187.2649451367515,25190.774288147826,32378.039233284577,4.371846154180844,9.409747022719005,0.5716476861507398,115761.65983538126,3855,3408,1496,4128,2505,2126
845,4441.194581083133,24591.50902532442,29032.70360640755,4.577241765296213,9.700287629444677,0.571060592123853,115642.96894749317,3832,3341,1586,4524,2265,1970
846,6240.382740548234,24445.777340563614,30686.160081111848,4.434041479373485,9.294522235113053,0.5707595903439788,115508.15733880931,3790,3250,1719,4284,2348,2127
847,4521.685783518604,24082.723988011665,28604.40977153027,4.545198674123216,9.17084198952247,0.5714617288990868,115831.53576356273,4304,2996,1459,4122,2493,2144
848,5924.761530392175,24968.530070726636,30893.29160111881,4.5292362987928945,9.532046382641687,0.5704105218460749,115493.79488759319,4076,3064,1619,4388,2431,1940
849,7748.055691437142,24883.826880711455,32631.882572148596,4.688365264539824,9.31416888873268,0.5719071264664595,115944.7139709379,4216,2943,1600,4378,2359,2022
850,5883.078980302324,24660.979531569243,30544.058511871568,4.492859065062278,9.180740215724336,0.5718293644058323,115873.62953498158,3934,3225,1600,4096,2402,2261
851,8124.306601924391,24850.146605899317,32974.45320782371,4.605783452595803,9.339198884409745,0.5704032283430808,115466.39486660382,4134,3235,1390,4363,2183,2213
852,10066.263522965131,24180.09374663964,34246.35726960477,4.502475714040973,8.787140579006415,0.5701883405715247,115665.82182577038,3983,3164,1612,4270,2290,2199
853,6261.0714779438495,24739.980947023225,31001.052424967074,4.375827254442432,9.33586319148122,0.5718824654574638,115898.56390605187,3968,3202,1589,4388,2300,2071
854,6475.461340864983,24574.37241526345,31049.83375612843,4.758471679958247,9.179644513347174,0.5725829615822741,116046.39180474736,3938,3283,1538,4238,2419,2102
855,4885.530420373004,23698.274449611115,28583.80486998412,5.149136520523735,8.693204853480752,0.5728722365277004,116062.71380467965,4386,2878,1495,3998,2638,2123
856,5795.668892376943,24631.411739710824,30427.080632087767,4.5725022899885,9.169958537479003,0.5712458683956,115911.76393285755,4051,3162,1546,4269,2235,2255
857,4687.234465076928,24192.472499706146,28879.706964783072,4.587733926941886,8.971904637682163,0.5724029937574467,116028.12120649326,4051,3160,1548,4208,2445,2106
858,5447.718744199861,24976.130683741478,30423.84942794134,4.528440407455302,9.464008138256359,0.5728315127482728,116157.41064691248,3868,3352,1539,4352,2220,2187
859,9296.052307952506,24297.13033701937,33593.18264497188,4.630202363753823,9.12550793995971,0.5724313389072734,116136.81798073057,4310,2911,1538,4339,2464,1956
860,6850.774162373013,25230.197453441575,32080.97161581459,4.707920988497752,9.307030432852958,0.5712268548364297,115687.43863528746,3842,3322,1595,4555,2199,2005
861,6257.544650524302,24629.84316443294,30887.38781495724,4.22857734944914,8.819615188271051,0.5715660896173358,115656.0621454693,4005,3164,1590,4146,2346,2267
862,8835.304463079588,25428.561208434574,34263.86567151416,4.517865275435187,9.242011575492459,0.5735878145611782,115966.61135072185,4013,3301,1445,4542,2338,1879
863,6621.763038645263,25004.273830876453,31626.036869521715,4.356107176530016,9.409069897520757,0.5712781569082181,115600.15354013481,4102,3084,1573,4499,2069,2191
864,8711.756408162104,25122.987730574954,33834.744138737056,4.698950698899287,9.61344784027829,0.5716996271543442,115537.00975060348,3791,3294,1674,4339,2178,2242
865,7609.830285581413,24585.661900212057,32195.492185793468,4.429213264925987,8.862477755180803,0.574568466801615,116389.32327089233,3816,3296,1647,4150,2440,2169
866,7361.643675784895,24122.6729781493,31484.3166539342,4.70831859405814,8.671950760684531,0.5717195854629373,115879.29436738664,3854,3234,1671,4149,2379,2231
867,5974.810732214922,24594.227195317126,30569.03792753205,4.519448931284131,9.361257927555524,0.5723940181832946,115790.81462965555,4283,2925,1551,4166,2334,2259
868,3544.1122088704333,24481.194237249598,28025.30644612003,4.545966648709639,9.239115886878352,0.5719558295998943,116059.53970467129,4262,2932,1565,4300,2466,1993
869,3753.7202823408857,24383.766203681582,28137.486486022466,4.586040866013679,9.248713769995959,0.5722681143261255,115909.81920884432,3910,3208,1641,4280,2386,2093
870,8266.259633752936,24164.96170478956,32431.221338542495,4.797400893081307,9.377665017566372,0.5715530592295089,115713.46585160794,4117,3120,1522,4402,2438,1919
871,5913.650760412781,24139.761833384473,30053.412593797253,4.365997472818617,8.850042069949799,0.5721905846883295,115996.5738690871,4126,3036,1597,3992,2482,2285
872,7800.384970703608,24541.713187245354,32342.09815794896,4.6548603211787425,9.379501558588485,0.5721167158049021,115991.24794081658,3945,3295,1519,4431,2328,2000
873,7705.970595471144,24334.35330515135,32040.323900622498,4.5841627548004125,9.252869152892426,0.5731001700503149,116234.0337507359,3828,3425,1506,4256,2481,2022
874,3628.7617309554125,24913.446252257723,28542.207983213135,4.3597212505579215,9.459185302579629,0.5722672508248521,115820.01189123731,3994,3195,1570,4585,2216,1958
875,5546.755354106375,25098.696851969304,30645.45220607568,4.603290905181013,9.170605499943019,0.5717756480469792,115865.1207499643,3948,3412,1399,4593,2226,1940
876,8360.398237252819,25148.154114663856,33508.552351916675,4.8858758436615775,9.7682926832884,0.5701242365815554,115339.14087419951,4153,3214,1392,4781,2076,1902
877,6646.997882615593,24444.331536594585,31091.32941921018,4.407299278248938,8.738554570869045,0.5736410115625642,116295.4202728095,3763,3470,1526,4281,2454,2024
878,9316.797644855873,25130.209580903273,34447.007225759146,4.82894193936785,9.455319171187815,0.5702256833475667,115274.09606609192,4056,3222,1481,4480,2161,2118
879,7963.319223837774,25237.547160079786,33200.86638391756,4.767151498899812,9.316900238552279,0.5715739499811621,116060.35523211242,3854,3309,1596,4425,2270,2064
880,8303.36603445964,24797.40544403471,33100.77147849435,4.649072742601771,9.154739988274338,0.5716959458979497,115814.32359359816,3966,3131,1662,4235,2348,2176
881,6165.304936321166,24499.16318431878,30664.468120639944,4.319880917124949,9.203308754859187,0.5705498083247397,115682.69595614723,4155,3013,1591,4502,2083,2174
882,5306.473108789344,24759.648418048775,30066.12152683812,4.766956646254328,9.550926094197063,0.5717466548537776,115663.8114687738,4291,2927,1541,4453,2334,1972
883,7900.222414930632,25423.259229529707,33323.48164446034,4.560579274639029,9.28277311712187,0.5723024972988386,116193.05087545355,3841,3402,1516,4446,2487,1826
884,6015.999126788788,25203.18365457305,31219.18278136184,4.71837837165222,9.301571234892364,0.571022700902718,115878.11825289186,3972,3171,1616,4532,2099,2128
885,9616.004237256848,24610.672042721493,34226.67627997834,4.574445801033783,8.895358282402174,0.5711995118204134,115720.68176248789,4155,3165,1439,4475,2256,2028
886,9122.217354244234,25051.65562840753,34173.87298265177,4.6881423087277545,9.055503830982634,0.572714176964619,115930.74510899463,3996,3108,1655,4395,2278,2086
887,7619.641754251981,24973.798974154513,32593.440728406495,4.611817032030128,9.298594081828927,0.5722601529596513,115753.54574288326,4254,2990,1515,4479,2428,1852
888,5960.829886123766,24728.85307883502,30689.68296495879,4.788126449909242,9.266583578279622,0.5716689867729869,115615.74399983526,3996,3274,1489,4442,2377,1940
889,7467.498911750781,24876.77409118386,32344.273002934642,4.475210572337311,8.780855086746199,0.5735342297139486,116398.92088346726,4093,3280,1386,4267,2373,2119
890,6768.634960996568,25185.021768296567,31953.656729293136,4.178796267684268,9.412028249830083,0.5697043218490883,115647.03086247118,4175,3064,1520,4462,2289,2008
891,5438.511213007633,24572.119779738892,30010.630992746526,4.791104624418142,9.280580568293304,0.5733517000658109,116021.68038632903,4402,2924,1433,4254,2490,2015
892,8399.555829249564,24971.03454623575,33370.59037548531,4.695064617663017,9.448280603158427,0.5710334908463511,115470.07160589706,4073,3225,1461,4666,2142,1951
893,8821.970915108008,24979.469963586045,33801.440878694055,4.7104568063846,9.297437566058527,0.5716275192921113,115755.22985557927,4134,3165,1460,4484,2212,2063
894,6435.925194772036,25233.38807723976,31669.313272011797,4.605074466702987,9.339340232268933,0.5714842776954886,115890.557217159,3907,3440,1412,4379,2248,2132
895,7228.040055061851,25276.963344011783,32505.003399073634,4.678931962817891,9.128791627562384,0.5720302514587826,115738.55172305265,3846,3388,1525,4923,2174,1662
896,8609.89769765663,24170.95101711151,32780.848714768144,4.49757818014661,8.955417536547058,0.5712832614672716,115758.94002870518,4479,2825,1455,3886,2639,2234
897,8929.593646661999,24876.644281802382,33806.23792846438,4.340304457518021,9.097499620013227,0.5722644636583114,115788.80663492519,3882,3392,1485,4479,2344,1936
898,6412.862737643133,25138.196873270335,31551.059610913468,4.259553411586815,9.537934128782409,0.5698730804639932,115544.33906228466,4144,3077,1538,4293,2465,2001
899,7233.6974553740865,24971.873148945953,32205.57060432004,4.466161863303232,9.347214982233073,0.5710597049490034,115731.07874807976,4233,2922,1604,4600,2252,1907
900,7483.974366061639,25394.01086440242,32877.98523046406,4.399135627807135,9.308242892138011,0.5703591007207303,115499.25418820167,3874,3171,1714,4602,2158,1999
901,2672.2442969733443,25059.82452111235,27732.068818085696,4.119310543173636,9.208082609009207,0.5733889332641419,116095.5998606149,3759,3415,1585,4369,2213,2177
902,6719.943180548043,25053.921002180476,31773.864182728517,4.710440091082538,9.190433420966917,0.5711072108845638,115394.75159739434,4327,2953,1479,4531,2245,1983
903,7080.402234976349,25170.261614917552,32250.6638498939,4.527651456389696,9.449488415287323,0.5723014229707135,115933.12719431146,4031,3136,1592,4602,2187,1970
904,5584.768697140359,25209.119772367747,30793.888469508107,4.614403293583394,9.461068166630211,0.5733711285109722,115993.31163996007,4059,3250,1450,4447,2455,1857
905,8593.271220331757,24564.956653924222,33158.22787425598,4.570927908467009,9.171619687089812,0.5714502585014269,115580.27071179067,3971,3354,1434,4425,2274,2060
906,7694.962053904219,24853.92078980882,32548.88284371304,4.479122479397107,9.168012354272301,0.5717436362326997,115942.51703683133,4020,3253,1486,4185,2655,1919
907,9183.15073105097,24187.07506655375,33370.22579760472,4.480885298537498,9.208350544966397,0.5715073300852732,116101.15471269663,4588,2770,1401,3848,2698,2213
908,7239.794148428043,25498.321102039677,32738.11525046772,4.549489061804552,9.493062880451554,0.5732635712547628,115946.09404070149,4067,3157,1535,4572,2339,1848
909,5485.420576821824,25216.48870671556,30701.909283537385,4.60200291888907,9.142492946582665,0.5713385983478003,115820.82261973397,4153,3093,1513,4366,2357,2036
910,7417.641396068443,24840.324674778105,32257.96607084655,4.494887525900653,9.713924544974551,0.5707238763448942,115875.54945568397,3929,3319,1511,4202,2605,1952
911,5823.897924365865,25132.833214162834,30956.7311385287,4.692712362133901,9.15309070008584,0.5699618903063969,115476.42311093146,4068,3232,1459,4457,2236,2066
912,6975.322244814278,24368.486304810114,31343.80854962439,4.418350671133953,8.75047670169302,0.5702143370004568,115549.48068414803,4138,3078,1543,4241,2369,2149
913,9231.15517614053,25003.803975244045,34234.95915138457,4.638988389389865,9.399311369399902,0.5725259075878261,116054.10738548556,3779,3400,1580,4643,2121,1995
914,10634.109508908377,24695.392358118577,35329.50186702696,4.753251102334665,9.071463284656486,0.571273962844411,115730.13652452975,4127,2988,1644,4197,2297,2265
915,7751.192979783945,24564.440588508805,32315.63356829275,4.575056431162344,9.053855316229269,0.5726678375213257,115973.65668595588,4394,2891,1474,4379,2441,1939
916,8264.798633719984,24365.621863241882,32630.420496961866,4.3350872749367495,9.172051165923273,0.571116269472417,115812.58506589738,4125,3070,1564,4302,2199,2258
917,5659.981533057718,24413.5295121573,30073.51104521502,4.502173105851204,8.987305285405558,0.5710745553122072,115543.03816656454,4249,2980,1530,4593,2195,1971
918,7294.695751796744,24661.365077847753,31956.0608296445,4.65287071002159,9.489892474442325,0.5703536530397031,115701.67639769886,3945,3319,1495,4376,2307,2076
919,5153.127992900135,24483.20834212363,29636.336335023767,4.4445860153395635,9.191386582159254,0.570905526446487,115854.32025946202,4083,3164,1512,4174,2361,2224
920,11027.662107823156,24716.526931505283,35744.18903932844,4.4841972636100405,9.073199512089,0.5715671552425385,116053.4925603683,3821,3400,1538,4430,2353,1976
921,11297.235714202114,25193.409372075737,36490.64508627785,4.784588768750782,9.172793661635016,0.5711019662091152,115355.99536038299,4373,2965,1421,4512,2291,1956
922,8593.720793289882,24799.584289931703,33393.30508322158,4.577250609224188,9.399805089385868,0.5708073828873894,115739.39283022044,4177,3014,1568,4383,2105,2271
923,10852.869486346583,24633.354548668874,35486.22403501546,4.547401381935409,8.953131553167438,0.5725704311551123,115921.14373086616,4174,3088,1497,4205,2457,2097
924,9231.343112231705,24863.579045629944,34094.92215786165,4.410952803381469,9.44069849186837,0.5699089193762303,115517.33590379285,4323,2891,1545,4259,2232,2268
925,7292.567865827427,25102.021690085483,32394.58955591291,4.240883822316387,9.297773926670018,0.5719888572535519,115556.2689966773,4019,3214,1526,4338,2234,2187
926,6099.842270251578,25359.7792060811,31459.62147633268,4.345643144771961,9.377735357385726,0.5733024307501354,116096.76178153766,3988,3189,1582,4418,2311,2030
927,4535.673959056292,25137.62928651118,29673.30324556747,4.210717319153242,9.18452876493701,0.5718424705093407,115695.97008169172,4206,3057,1496,4274,2381,2104
928,5768.803090399418,24533.13582897315,30301.93891937257,4.518112155828737,9.176995940487778,0.5713952127719206,115701.14259471423,4225,3055,1479,4240,2503,2016
929,9424.67948169532,24508.907200189027,33933.58668188435,4.678608707983304,9.222503861599815,0.571002213955059,115589.30382588615,4135,3252,1372,4377,2437,1945
930,8443.140994340087,24365.02778066535,32808.16877500544,4.563782135780472,8.925036501384618,0.5713707815028285,115770.02089528803,4465,2911,1383,4290,2419,2050
931,9931.227959489439,25002.25597088259,34933.48393037203,4.383402563716686,9.100593427423952,0.5703163674366528,115347.52733340947,4141,3178,1440,4374,2249,2136
932,8739.643975499634,25076.752542739738,33816.39651823937,4.643044024942338,8.92574637879244,0.5714387213757716,115540.40588555233,4184,2979,1596,4675,2248,1836
933,8018.1865492363195,25665.238134496773,33683.424683733094,4.489282734704911,9.107527024979817,0.573106609874259,116142.47708577845,3898,3377,1484,4856,2048,1855
934,9814.874656884702,25370.855241463418,35185.729898348116,4.644677809550756,9.493353847394095,0.5713607116198995,115629.28933249408,4250,3098,1411,4359,2183,2217
935,7097.1406893647945,25300.530334427884,32397.671023792678,4.76358154781075,9.173059663422615,0.5731315504652696,116263.26646685488,3552,3675,1532,4347,2496,1916
936,5170.763782880933,24755.38089718158,29926.144680062513,4.453499971976493,9.156612026979982,0.5716313590645081,115993.47835731576,4257,3043,1459,4347,2255,2157
937,11164.404476881558,24374.30940604471,35538.71388292627,4.096437865033236,8.713241348044464,0.5712064978070192,115518.43573261342,4448,2932,1379,4232,2319,2208
938,10038.431367087898,24988.619982856708,35027.05134994461,4.457357447739718,9.424479453045752,0.5708037193141541,115548.72382102626,4449,2955,1355,4425,2186,2148
939,9751.426653330911,24741.815382952842,34493.24203628375,4.4283907542770535,9.124532705827171,0.5723983333445941,116161.52676106255,3977,3170,1612,4170,2430,2159
940,7700.15345622439,24476.16811742715,32176.32157365154,4.499301294287251,9.341955944188085,0.5699009517822479,115324.83787364746,4550,2841,1368,4712,2029,2018
941,8326.823769604509,24864.852270009993,33191.676039614504,4.518326194117739,9.058946796437173,0.5700864676337842,115185.88182791739,4404,2970,1385,4660,2192,1907
942,11050.719160435412,25045.1778342456,36095.89699468101,4.4928822186251995,8.839700970740413,0.5706275983892528,115776.89901940727,4257,3014,1488,4478,2320,1961
943,7524.212033810654,24822.8824188726,32347.094452683254,4.615131099644852,9.393757218544767,0.5697247180592475,115141.1409384522,4305,2994,1460,4453,2192,2114
944,8137.444517726269,25179.047104440535,33316.4916221668,4.510640557543679,9.300267849762903,0.5712380909714502,115735.5575632416,3886,3383,1490,4459,2281,2019
945,8686.644669288511,24812.613612312205,33499.25828160072,4.56061995080202,8.74884592553876,0.5717094101094244,115758.08753047677,4470,2844,1445,4457,2441,1861
946,11970.667501779875,24828.942403221554,36799.60990500143,4.472477993511166,9.093838671403836,0.5711666945695212,115714.54130471247,4281,3079,1399,4531,2358,1870
947,7060.983898500494,25115.368623995706,32176.3525224962,4.25415145349022,9.444678124237928,0.5709183346886461,115658.03077360553,4078,3150,1531,4733,2190,1836
948,7137.243613875005,25205.315417054127,32342.559030929133,4.519477110415326,9.317940502379477,0.5703888879874488,115761.82350087243,4014,3271,1474,4669,2084,2006
949,4117.680944218006,24822.34507795172,28940.026022169724,4.321216498836082,9.127146821509694,0.5720597859679746,116245.27328669892,3903,3451,1405,4457,2490,1812
950,5058.581624584751,25019.254221543863,30077.83584612861,4.3066007031191,9.112152199763518,0.5711544149691118,115521.31235687363,4324,3064,1371,4474,2144,2141
951,7861.933078586006,25054.386820985015,32916.31989957102,4.4720783997859215,9.300040224097325,0.5702807768377519,115536.58536643088,4390,2870,1499,4349,2447,1963
952,5830.951298232819,24943.56589223402,30774.51719046684,4.407337282487859,8.707787111537696,0.5712614889158673,115798.52497436324,4196,3084,1479,4506,2366,1887
953,8109.718782247839,25294.35720685988,33404.07598910772,4.231631193235777,9.057175180929626,0.5719927566375315,115694.04000555842,3829,3513,1417,4683,1985,2091
954,11118.491793402842,25418.676305059882,36537.168098462724,4.529536368237593,9.175038221920572,0.5712408906261579,115788.11237647063,4179,3127,1453,4520,2219,2020
955,9836.429077921235,25025.639082386497,34862.06816030773,4.497778143395608,9.203421527266652,0.5718680024018066,115819.0088188191,4144,3168,1447,4296,2365,2098
956,5125.880898994638,24150.314322613674,29276.195221608312,4.486809361765093,8.87370444836616,0.5717157337447198,115966.05729482426,4504,2739,1516,4434,2253,2072
957,10778.471392076788,24739.052772556075,35517.524164632865,4.087234748839412,9.091003178781353,0.5735209759683871,116258.76831991713,4192,3152,1415,4159,2576,2024
958,10577.107563854306,25235.981090286976,35813.088654141284,4.563551864120149,9.517369023339334,0.5701503079700817,115637.7708778259,3850,3310,1599,4610,2083,2066
959,11408.27867802987,25485.47246273691,36893.75114076678,4.539555038055362,9.205162147915827,0.5719764317766795,115869.9929534594,3871,3411,1477,4766,2248,1745
960,10307.8221251002,25332.368337673754,35640.19046277396,4.535407606842966,9.254654697942419,0.5711254828756008,115565.21543031059,4279,3142,1338,4307,2146,2306
961,7579.542075604601,24687.58096399422,32267.12303959882,4.711991944646557,9.196501502866765,0.570396075572164,115460.61488489436,4237,2990,1532,4358,2387,2014
962,9234.205283836644,25198.503502257754,34432.7087860944,4.436273574042331,8.894956052297795,0.5703889895144991,115459.00692057305,4307,3100,1352,4570,2163,2026
963,7854.500855830706,25320.96541025103,33175.466266081734,4.370003711750748,9.379720123847328,0.5700883206265777,115458.67848868748,4478,2776,1505,4520,2120,2119
964,11043.201684333893,25799.463595929443,36842.66528026333,4.144614100343316,9.044885815944088,0.5712555760033917,115856.09958790503,3683,3563,1513,4421,2246,2092
965,12137.365277826302,25337.19900551897,37474.56428334527,4.491176160125908,9.388631695487607,0.5713240908078489,115782.06145272474,4150,3099,1510,4581,2259,1919
966,7677.294402948512,24973.369553635363,32650.663956583874,4.284736336715452,8.886548977394318,0.5700147760456471,115386.5814841041,4354,2942,1463,4565,2197,1997
967,7199.032182886595,24798.048805115923,31997.08098800252,4.5092666163428285,9.043186828661714,0.5711632123461305,115603.84993612632,4317,2949,1493,4217,2402,2140
968,12191.833850470817,25545.683975437005,37737.517825907824,4.368661174131331,9.173337503320925,0.571995631168155,115842.11787940991,4129,3136,1494,4471,2187,2101
969,8723.042963078176,25748.657250252723,34471.7002133309,4.6248763829150255,8.992192675501899,0.5716110310017043,115599.05262713671,4096,3397,1266,4584,2287,1888
970,9021.194171395193,25343.550132344157,34364.74430373935,4.610280163776475,9.276037482082682,0.571657465245888,115846.07082134027,4109,3172,1478,4426,2382,1951
971,11753.617412146888,24933.48524798817,36687.10266013506,4.580821974572552,9.460028180349529,0.5713296813151703,115781.1266694561,4187,3094,1478,4477,2144,2138
972,10860.65286949006,24610.869186443473,35471.522055933536,4.357010506846672,8.825895085839898,0.572177816707329,116068.36332799307,4019,3268,1472,4177,2250,2332
973,8948.181165875172,24917.135730460177,33865.31689633535,4.224151154947818,9.246640370278707,0.571640905893404,116004.49722640419,3646,3665,1448,4394,2334,2031
974,7554.417455814944,25452.804007051138,33007.22146286608,4.2563934444737495,9.564484198118866,0.5710620232173217,115686.88954080408,4033,3359,1367,4432,2385,1942
975,8299.160902248012,25179.36895573838,33478.52985798639,4.148323985498939,9.07746885218507,0.5718330610467072,115630.35402146852,4155,3233,1371,4506,2252,2001
976,7458.429316538688,25056.068223961807,32514.497540500495,4.444151294996259,9.376119685174327,0.570584541156333,115446.39586828472,4517,2890,1352,4329,2292,2138
977,7268.010364144223,25376.936515567595,32644.946879711817,4.192352504142445,9.500001987397825,0.572716196121172,115948.1357051376,4258,3153,1348,4380,2349,2030
978,10855.614157991897,25925.26828823392,36780.88244622582,4.635346126255655,9.489620202735052,0.5714791012523148,115564.77382437236,4236,3258,1265,4953,1967,1839
979,10045.8532832253,24611.99360408699,34657.84688731229,4.467823786166483,8.788714748161237,0.5705094314470784,115604.43287199843,3862,3398,1499,4220,2254,2285
980,10240.581956799802,24644.820723999776,34885.402680799576,4.378429389574055,8.613481658358122,0.5714612293721957,115495.65753388315,4099,3151,1509,4336,2404,2019
981,8304.522625137028,24858.887042554117,33163.40966769114,4.3729959860993555,9.282499050385933,0.5724319228929193,116097.21779764748,4043,3359,1357,4484,2299,1976
982,12535.83084761015,25219.60672219711,37755.43756980726,4.224636262345591,9.16002940543478,0.5725054288641805,115797.28686491231,4011,3056,1692,4723,2240,1796
983,7348.185782804842,24876.593660007493,32224.779442812334,4.052921231769178,8.792257401171323,0.5698027076446275,115371.96221886428,4090,3119,1550,4264,2175,2320
984,10093.36222324753,25194.339596940434,35287.70182018796,4.253025695000867,8.829102407397333,0.5710746077760842,115418.19585246911,4261,3136,1362,4522,2195,2042
985,7777.162110065309,25629.107687448683,33406.26979751399,4.554281546812202,8.952919636036638,0.5706370690008478,115577.46421869623,3870,3380,1509,4566,2256,1937
986,10862.566223234913,24474.24510456134,35336.811327796255,4.5777324582964996,9.369406522117867,0.5709123897923959,115569.15047181035,4499,2868,1392,4170,2476,2113
987,11463.076300897297,25187.438045851417,36650.514346748714,4.603307070301465,9.150444742051056,0.5738782554663239,116128.54866898814,3693,3644,1422,4450,2485,1824
988,11344.39018849494,25304.800902575393,36649.19109107033,4.4839009180658636,8.99851600128696,0.5700102587193006,115400.17630374615,3992,3205,1562,4843,2136,1780
989,11944.132671835785,24664.46074939833,36608.593421234116,4.625209688189104,8.986164822421587,0.5740535956304412,116046.40182941117,4347,3069,1343,4492,2265,2002
990,10015.48794225381,25469.05480607779,35484.5427483316,4.220091770669701,9.099645840889949,0.5722275893760318,116031.53166273513,4013,3194,1552,4368,2514,1877
991,9969.67220215522,25390.971087645397,35360.64328980062,4.313666320461481,9.454697818126613,0.5711512545164655,115603.13171468546,4331,3104,1324,4572,2158,2029
992,9990.904163433726,25340.113014383413,35331.017177817135,4.321796065402297,9.215554250128074,0.5727448086875827,116104.45991296404,3886,3439,1434,4469,2086,2204
993,9102.419024099549,25094.84571162328,34197.26473572283,4.451069658350851,9.181950197337073,0.5724271103349043,115824.09403450816,4278,3013,1468,4410,2320,2029
994,6313.056063588312,25270.643235365478,31583.69929895379,4.131836847535216,8.838590542773415,0.5707153233107326,115355.07017229412,4277,2975,1507,4330,2255,2174
995,11108.163071719155,25255.30157167035,36363.4646433895,4.150873202779576,9.283985783694664,0.5720483724594816,115909.6349877035,3935,3366,1458,4184,2540,2035
996,7851.3318671663765,25277.47016384489,33128.80203101126,4.4495710531079204,9.411606654998204,0.5719582533540746,115864.16910497466,4378,2985,1396,4297,2382,2080
997,9884.138853404473,25422.2564618356,35306.39531524007,4.247289251587535,9.38839691202723,0.5722050522858694,115833.83684743501,4081,3296,1382,4553,2240,1966
998,10087.664158615016,25666.087996200826,35753.75215481584,4.035262873015839,9.240150585220233,0.5715302798508689,115976.58259440465,4001,3184,1574,4305,2279,2175
999,11736.992750044232,25329.79067895112,37066.78342899535,4.54495547368453,9.184699536096444,0.5722896290852548,115901.98401382205,3878,3336,1545,4456,2283,2020
1000,13123.663085514438,25967.17780390505,39090.84088941949,4.382532573986115,9.140756457823729,0.5713650220840655,115716.06042559083,3686,3656,1417,4643,2272,1844
1001,10679.996385450642,24754.94632173874,35434.94270718938,4.39139361357265,9.212343410399003,0.571822265741083,115959.58715969081,4094,3344,1321,4283,2383,2093
1002,10942.97621937574,25095.706800025877,36038.683019401615,4.3974116341112905,9.082797014494279,0.571851328540547,115536.72508374753,4391,2969,1399,4791,2093,1875
1003,10163.653017693861,25684.60043009216,35848.25344778602,4.374587157031144,9.169799256420967,0.5692622904132328,115348.44728031047,3979,3365,1415,4710,2063,1986
1004,9428.815990432757,24702.865653844216,34131.68164427697,4.33349291269267,9.076294141215676,0.5705128816067893,115475.75401317664,4337,3038,1384,4516,2130,2113
1005,10502.436319916227,25705.08094221474,36207.51726213097,4.185001039861984,9.350975730254685,0.5721490468343082,116077.67506739395,3778,3633,1348,4574,2406,1779
1006,12417.74124751887,25078.463903649932,37496.205151168804,4.612798036330056,9.183301959112937,0.5713607354729417,115848.43750736275,4211,3194,1354,4236,2586,1937
1007,10469.164712217826,25278.056310689135,35747.22102290696,4.607684991958884,9.170947272733258,0.5716511209963887,115781.87074828628,4254,3095,1410,4291,2495,1973
1008,12081.306508743544,24243.729839251733,36325.03634799528,4.538543355792229,8.963400391158961,0.5713433193557511,115777.54971229834,4731,2706,1322,4394,2376,1989
1009,11983.838897021235,25187.987274985015,37171.82617200625,4.365936080542374,9.106217131722214,0.5714051737907284,115994.5776399013,4179,3274,1306,4217,2449,2093
1010,9164.517581490612,24965.084710997096,34129.60229248771,4.572862774576485,9.096928766250642,0.5715449539433897,115748.60113105067,3985,3253,1521,4654,1949,2156
1011,8482.074516798142,24873.342453163226,33355.41696996137,4.085137608133475,8.917487768798166,0.5714840147114988,115629.31915275907,4081,3315,1363,4358,2346,2055
1012,12159.590110241792,25683.12576280383,37842.71587304562,4.47095634863018,9.324179863159252,0.5718068592446159,115536.92572209577,4178,3230,1351,4479,2321,1959
1013,8981.974819054634,24541.184394124888,33523.15921317952,4.385011332414818,9.307447856713088,0.5716130486389633,115961.49798722644,3885,3363,1511,4391,2399,1969
1014,11844.133564729178,24740.35391152135,36584.48747625053,4.402567914847395,8.989314096147266,0.5718787503035068,116126.75169247814,4155,3155,1449,4035,2475,2249
1015,7597.2180883713645,24659.566258890252,32256.784347261615,4.170390913723022,8.712720854563687,0.5715042391132983,115583.03095263126,4275,3121,1363,4375,2137,2247
1016,9281.211434579609,25722.967675313685,35004.179109893295,4.704083816277591,9.171668767965441,0.5719198328377045,115655.57431578603,4323,3189,1247,4391,2233,2135
1017,13835.68154427045,26010.00241644382,39845.68396071427,4.352948082144422,9.228253446498766,0.5716677878290585,115394.19857957897,4156,3368,1235,4831,2161,1767
1018,13227.940890727516,25333.096454530223,38561.03734525774,4.620299195665906,9.171265276315042,0.5719306403632688,115832.02231384246,4015,3319,1425,4663,2347,1749
1019,11918.670566894032,25085.278680586325,37003.949247480356,4.427885349379566,8.952858761908141,0.5714934735821288,115855.65331508257,4113,3259,1387,4552,2349,1858
1020,11623.071676286996,25797.214959898633,37420.28663618563,4.40412118663239,9.258885459956813,0.572887947823392,116138.73635201593,3851,3482,1426,4436,2413,1910
1021,10040.965367348319,25266.403743464678,35307.369110813,4.587210407498264,9.306155423760169,0.57087907952247,115543.40311293921,4038,3232,1489,4587,2098,2074
1022,10163.862579666815,25469.502904230052,35633.365483896865,4.6297030464469655,8.945231004053282,0.5705051726885514,115827.05255105741,4458,2975,1326,4511,2468,1780
1023,10919.370389098067,24798.246842129865,35717.61723122793,4.409644548227968,9.02668178268573,0.5723483843503246,115640.75915436915,4310,3102,1347,4722,2255,1782
1024,14008.63542297561,25381.022094556913,39389.65751753253,4.537819050376165,9.393427728799884,0.5724454244824019,116149.2378619025,3830,3588,1341,4312,2384,2063
1025,13180.862734711296,26114.360048030296,39295.22278274159,4.3178554144506,9.268668464701305,0.571839238330544,115826.53964053329,3994,3477,1288,4821,2185,1753
1026,11933.18151442126,25432.40418128008,37365.58569570134,4.32912487767781,9.15678177099771,0.5704065818693999,115589.00211882508,4199,3238,1322,4576,2110,2073
1027,10506.743323627587,25277.7675024401,35784.510826067686,4.582241292566927,9.072052226660846,0.5714768860547756,115644.85279472517,4147,3134,1478,4555,2162,2042
1028,9933.36785339246,25112.05078273856,35045.41863613102,4.466851233209202,8.954175329154166,0.5712272821239021,115658.68542952782,4453,2941,1365,4694,2099,1966
1029,11247.882925881793,25792.44816056167,37040.33108644346,4.515925910170662,9.32516488926131,0.5723190454671605,115929.27642160289,3738,3725,1296,4790,2191,1778
1030,8577.298714034225,25494.64032890865,34071.939042942875,4.63772135824223,9.441864921096373,0.5696895703347379,115446.48635208972,4256,3189,1314,4651,2296,1812
1031,11537.859144140617,26075.808229004695,37613.66737314531,4.354139502672438,9.31169304978939,0.5714899178375339,115609.83766594139,3970,3304,1485,4701,2127,1931
1032,10484.817545209573,25497.71329148826,35982.530836697835,4.40983807209976,9.2944272205001,0.5707713402269334,115517.1553139242,4526,2891,1342,4723,2287,1749
1033,7994.471738174647,25920.887063724247,33915.358801898896,4.321789432093385,9.298664941677073,0.571717745287057,115737.36299986384,3583,3669,1507,4572,2371,1816
1034,11000.920465154131,24874.556142270256,35875.47660742439,4.284289046675685,9.187474923935694,0.570611452559693,115536.40529520655,4542,2760,1457,4590,2225,1944
1035,12002.080932871348,24675.76682935086,36677.84776222221,4.40845280272338,9.319085378680787,0.5712773315224917,115730.59098248187,4270,3019,1470,4655,2194,1910
1036,12555.355684389768,25108.460680191245,37663.81636458101,4.555102768227734,9.170242941497573,0.5707259210469039,115582.8170636478,4727,2707,1325,4376,2162,2221
1037,10033.738734909892,24817.88684457511,34851.625579485,4.402114132670516,9.230090724851541,0.5709496676537849,115804.41867218133,4376,2995,1388,4472,2421,1866
1038,10845.82610725675,26824.03382189995,37669.8599291567,4.314480895213372,9.500768525801755,0.5726960836020664,115681.42837312422,3808,3599,1352,4734,2338,1687
1039,11376.878153795726,25595.62495656303,36972.50311035875,4.332768072335917,9.285215020742775,0.5694008115326321,115368.28489619646,4358,2998,1403,4700,2080,1979
1040,12088.368586249237,25186.203365665217,37274.571951914455,4.407672253461279,8.988399789677084,0.5731706770824953,116095.25895132321,3891,3442,1426,4379,2616,1764
1041,11631.699160370552,25782.263581026265,37413.96274139682,4.283420006237519,9.34808304739913,0.5717111577434059,115832.8863413337,3989,3281,1489,4568,2199,1992
1042,11467.997206592121,26233.5857556656,37701.58296225772,4.2030367217335,9.292186642478315,0.5715060089286857,115472.92631047279,4162,3283,1314,4711,2197,1851
1043,9974.134694216853,24948.01270421575,34922.1473984326,4.330380447111457,9.166856045127611,0.572124428809245,115473.61826455848,4527,2897,1335,4453,2030,2276
1044,10028.026940014215,25943.093658676997,35971.12059869121,4.323754345066822,9.693377868868618,0.5709755084993933,115797.83501044994,4071,3229,1459,4621,2145,1993
1045,10709.966285812172,26261.28652952742,36971.25281533959,4.380302928893582,9.26282128459517,0.5699657174659214,115133.14161662645,3889,3389,1481,4950,2054,1755
1046,9762.300819762377,26134.574542530747,35896.875362293125,4.298969831884879,9.419964906027579,0.5730082192289513,116140.71983132884,3847,3447,1465,4536,2260,1963
1047,9627.07574197907,25899.56633969662,35526.64208167569,4.224170254719832,9.385891033541668,0.572155945337774,115989.6977814823,3959,3430,1370,4545,2283,1931
1048,11708.283726074611,24907.498049007274,36615.78177508189,4.203440893378515,9.267010830219528,0.5713569245254037,115874.36065573536,4506,2985,1268,4418,2290,2051
1049,11050.909419118523,25381.956766732084,36432.86618585061,4.262078755878025,9.19544725893215,0.5701108004061232,115440.90774942846,3986,3386,1387,4697,2121,1941
1050,7663.216438694797,25589.27656788271,33252.493006577504,4.274021435499694,9.152584257270462,0.5715224718311199,115879.07658665258,4197,3149,1413,4757,2094,1908
1051,9867.11546271852,26240.53213093413,36107.647593652655,4.480357510677422,9.375600438743092,0.5696327393051276,115327.93208229652,3950,3528,1281,4685,2144,1930
1052,12210.993116145304,25359.96321982084,37570.95633596614,4.629468030116866,9.227384607917932,0.5713297241505025,115820.9742554401,4376,3104,1279,4513,2432,1814
1053,12918.148889577547,24725.681589982396,37643.83047955994,4.437186486258698,8.673829394521842,0.5732882855665674,115942.90716460426,4150,3294,1315,4319,2317,2123
1054,12170.421777843312,25538.213927869605,37708.63570571292,4.506067402364728,9.269901971110965,0.5718413571679508,115767.7197068768,4562,2942,1255,4552,2049,2158
1055,7291.848763250965,25594.980233139675,32886.82899639064,3.9949020412425713,9.22967777795584,0.5699295616969884,115382.81574422303,4376,3048,1335,4630,2193,1936
1056,10590.072674626168,25568.74370581394,36158.81638044011,4.205974327433692,9.389957088448345,0.572217935794686,115729.86042626145,3931,3332,1496,4380,2392,1987
1057,14451.733386958978,25848.09515074468,40299.82853770366,4.180589459526568,9.235926931309763,0.5723253845800097,115664.65791942875,4262,3253,1244,4765,2062,1932
1058,13862.816934137783,25866.164857082655,39728.98179122044,4.277965050088007,9.198862660367064,0.5724807601471739,115947.59200967052,4053,3491,1215,4641,2240,1878
1059,13574.381503444147,25833.21049670819,39407.592000152334,4.198121212950295,9.14483547559846,0.5699260802649725,115120.52041719791,4418,3035,1306,4702,2105,1952
1060,9278.73350897363,25113.899030574477,34392.63253954811,4.2713579877861765,8.840808777712578,0.5722935098331182,115897.35580929583,4252,3232,1275,4393,2255,2111
1061,12261.279503862215,25267.215642727966,37528.49514659018,4.437781066560204,9.114268240983407,0.5715159500279905,115742.8378978475,4040,3327,1392,4529,2243,1987
1062,12436.285290976737,25702.12869925212,38138.41399022886,4.171929446963156,9.313859916181896,0.5714437079554356,115778.79180172874,3987,3366,1406,4217,2587,1955
1063,13220.052946405103,26457.991135006072,39678.04408141118,4.331190798640649,9.212902141305497,0.5712733595960713,115469.2231930367,3915,3617,1227,4645,2116,1998
1064,10043.111147969174,25483.39225405803,35526.50340202721,4.342704455272987,9.007390933359384,0.5729354483931083,115813.59543400163,4352,2987,1420,4404,2444,1911
1065,13790.12505588935,25271.42109556788,39061.54615145723,4.512104994396014,8.970727936814765,0.5719548688424593,115574.24517484778,4321,3043,1395,4297,2378,2084
1066,14185.230210898873,25873.016130516724,40058.24634141559,4.207761577270974,9.447781094242622,0.5707030097923547,115429.83793771446,4423,3008,1328,4712,2194,1853
1067,11426.779975358944,26339.419912527537,37766.19988788648,4.6444739417206105,9.400494744320946,0.5716565964071977,115638.67781788355,3724,3445,1590,4977,2116,1666
1068,13264.347809894385,26028.975130064387,39293.32293995877,4.048053674137712,9.402118451338909,0.5712548470125829,115447.2200193377,4175,3096,1488,4542,2171,2046
1069,11646.817502749076,25421.230920849135,37068.048423598215,4.452417722851586,9.011004266884928,0.5719527069357682,115766.23442487298,4071,3290,1398,4451,2146,2162
1070,11991.267673877715,25190.36296522851,37181.630639106224,4.654336713762626,9.394633625670362,0.5712181298630855,115971.2133215361,4137,3273,1349,4564,2187,2008
1071,11984.025688088008,26141.074716296713,38125.10040438472,4.61966606819616,9.24992678692091,0.5723718454547073,116069.26757532966,3842,3622,1295,4902,2264,1593
1072,13882.922408041213,25434.00969080499,39316.9320988462,4.274725328939535,9.152841101427805,0.5708840457864829,115771.98366291677,4380,3108,1271,4575,2111,2073
1073,10914.432351346508,24694.76270988655,35609.195061233055,4.109677420775898,8.903016487424267,0.5728685896753573,115951.79761662224,4702,2899,1158,4300,2405,2054
1074,11601.975742009534,25503.216892836444,37105.19263484598,4.205652546727611,9.212677439800862,0.5700509039336851,115406.78214348978,4402,3070,1287,4691,2120,1948
1075,9945.466744067173,25068.161750500316,35013.628494567485,4.104051468627801,8.851693475919314,0.5706025460931855,115718.63994714427,4254,2977,1528,4299,2136,2324
1076,10747.638324650621,25378.998367525415,36126.636692176035,4.2492779803957506,8.900961122304993,0.5698033356312981,115250.10202250526,4312,3095,1352,4674,2075,2010
1077,9802.148635148651,26407.10581907883,36209.254454227485,4.366389521596801,9.263709255597549,0.5707930125664503,115348.535390735,4214,3298,1247,4663,2095,2001
1078,14377.629834789019,24334.55541447695,38712.18524926597,4.4583538885931455,8.912065640607851,0.5697052490366349,115469.64187836884,4627,2853,1279,4268,2371,2120
1079,9801.250987159969,25265.7926652142,35067.04365237417,4.184771074693289,9.544036180356704,0.5707672579976467,115492.8358462087,4056,3416,1287,4504,2255,2000
1080,7643.888786867199,25834.215545616556,33478.10433248375,4.208294045545564,9.236420019436382,0.5715080423392869,115794.98160506255,4255,3072,1432,4792,2062,1905
1081,13152.487876071722,25567.975980112034,38720.46385618376,4.180297063602226,9.353825167160279,0.5711942225054406,115416.9256038743,4179,3264,1316,4568,2112,2079
1082,10715.818669541904,26045.158209025296,36760.9768785672,4.30726101132671,9.302847989873055,0.5709812613478759,115694.37157126961,3857,3448,1454,4772,2236,1751
1083,9120.360521447608,25790.38700481419,34910.747526261795,4.180840878338592,8.970536231599736,0.5722599054559893,115964.36170774332,4158,3463,1138,4728,2136,1895
1084,11432.807133284166,25320.422579722035,36753.2297130062,4.304443799689032,8.806654098609814,0.5730487175290125,116117.4635039068,4544,2741,1474,4368,2365,2026
1085,14332.56502826553,25176.53233268546,39509.09736095099,4.1674083230177805,8.851651887499171,0.5704316870690936,115514.30440835332,4281,3166,1312,4747,2306,1706
1086,11346.00311708703,25677.93526831078,37023.93838539781,4.328169455809275,9.17311016860229,0.57172205148728,115774.65581405377,3954,3510,1295,4504,2213,2042
1087,10986.31646859713,26605.630700134046,37591.947168731174,4.365702008515084,9.321512616168249,0.5710829958018435,115443.94092616093,3901,3299,1559,4825,2067,1867
1088,13471.222513307323,25809.219776892023,39280.442290199346,4.477275376474583,9.293964371838532,0.5725822681352677,116127.88920396686,3904,3460,1395,4526,2242,1991
1089,13576.319955648352,25689.56326666941,39265.88322231776,4.32909593071511,8.983250187633162,0.5715688148369339,115812.23235459442,4183,3337,1239,4517,2172,2070
1090,11047.695659612098,25743.06453155642,36790.76019116852,4.139610878063192,9.357222208727428,0.5717401746372103,116002.00419550057,3861,3414,1484,4658,2151,1950
1091,10761.549795719273,26442.013862675645,37203.563658394916,4.422825638276728,9.327006215873933,0.56906774998791,115251.92128922885,4255,3213,1291,4814,2053,1892
1092,11221.275447532806,25687.178765255823,36908.45421278863,4.271478385558433,9.490162547277638,0.5728975673036399,116055.85018055276,4131,3064,1564,4564,2339,1856
1093,14374.687746186668,25709.380545824246,40084.06829201091,4.543587306714534,9.260160736342407,0.5711738550009975,115563.31127174472,4379,3103,1277,4778,2064,1917
1094,12362.702774619394,24738.176239930326,37100.87901454972,4.302141256547867,8.697246448645807,0.5694163665686172,115262.24859917528,4384,3111,1264,4411,2105,2243
1095,11966.09600618334,24942.05476011941,36908.150766302744,4.498408295526034,9.114460442671728,0.5707642927879026,115602.19332581341,4479,2932,1348,4612,2162,1985
1096,13267.760376901575,24910.21863045911,38177.979007360686,4.536085687470816,8.854608978876303,0.5715555732476234,115521.00101008228,4355,3155,1249,4607,2324,1828
1097,13387.881780121766,25446.718365641493,38834.60014576326,4.290407705688914,9.195528244910134,0.5705061387736248,115296.95511405123,4380,2952,1427,4642,2232,1885
1098,13847.919474408172,26026.88747972407,39874.80695413225,4.0072555266128,9.269789481904501,0.5721348233459574,115572.92990131039,4286,3178,1295,4468,2173,2118
1099,11204.889016251802,25445.010256284968,36649.89927253677,4.131936326090486,8.971229150319227,0.5718652829342323,115752.11324562009,4568,2915,1276,4556,2131,2072
1100,13429.79479663485,25947.65161464483,39377.44641127968,4.4172200781515265,9.443265688387768,0.5702145206933856,115313.92870518325,3891,3487,1381,4814,1931,2014
1101,12454.720627117655,25589.77947217031,38044.500099287965,4.19817611300744,9.212496122254487,0.5711258921596278,115596.86895174853,4694,2820,1245,4373,2284,2102
1102,11557.740303676197,26139.704172737835,37697.444476414035,4.23161880034351,9.407274821896333,0.5722669122470357,115823.47981124779,4359,3115,1285,4891,1872,1996
1103,13867.548022005956,25249.761660990327,39117.30968299628,4.317980814240462,8.770972204050869,0.5708207979249108,115598.23352052183,4244,3039,1476,4340,2391,2028
1104,13325.966293470145,25817.312654201458,39143.2789476716,4.4007788033457835,8.91217761398896,0.572545321469001,115686.68860355961,4041,3461,1257,4736,2308,1715
1105,12646.019853220694,25653.718167153165,38299.73802037386,4.300143719094029,9.07897928123244,0.5711342319241896,115854.68124264025,3904,3564,1291,4481,2117,2161
1106,11410.14105619836,25459.896595120823,36870.03765131918,4.026845462950855,8.949990820811891,0.5709139531028629,115574.93310746527,4472,2931,1356,4669,2139,1951
1107,11020.972814011842,25443.014611793664,36463.987425805506,4.131555444222308,9.068526793009948,0.570010188418892,115337.99526927866,4295,2984,1480,4483,2187,2089
1108,12360.682023208823,26159.391348247795,38520.073371456616,4.311515249550462,9.066048916321622,0.5742090669769371,116263.52424580471,4018,3585,1156,4516,2388,1855
1109,13924.313511303912,24544.064287741305,38468.377799045214,4.372179628791348,8.652993572437328,0.5700694398970987,115394.73739095144,4831,2711,1217,4401,2326,2032
1110,13262.797212035706,26018.319964096074,39281.11717613178,4.656323383830959,9.370191606271723,0.5712715524211142,115539.11469855277,4436,2945,1378,4700,2204,1855
1111,13118.214364204412,24915.21846941765,38033.432833622064,4.6172563726329425,9.068445219262802,0.5703258907807265,115606.12880309953,4505,3087,1167,4789,2058,1912
1112,8050.038687152058,25121.45287956799,33171.49156672005,4.2449487204462955,8.769384944721233,0.5710022861203751,115460.78376458738,4510,2989,1260,4366,2212,2181
1113,14393.27821415447,25953.835773159644,40347.113987314115,4.20724621550181,8.794789697142889,0.5707951832686162,115322.72244971177,4358,3132,1269,4714,2229,1816
1114,13450.488682474695,25134.936260219412,38585.42494269411,4.201597049036631,9.002145560396897,0.5694558995016746,115412.60817102192,4508,3094,1157,4605,2124,2030
1115,13123.917482829349,24999.924615514403,38123.84209834375,4.01370297167284,9.144236370041627,0.5718195041657796,115904.4976473593,4129,3341,1289,4175,2243,2341
1116,10404.038122649046,25556.27335909869,35960.31148174773,4.003681079962608,9.133189411334902,0.5696877038998353,115305.62196665678,4589,2879,1291,4567,2226,1966
1117,12175.497014839757,25760.127840828307,37935.624855668066,4.336475260244581,9.079828736604844,0.5694075966364464,115176.2863794041,4603,2904,1252,4847,1827,2085
1118,10271.37608451736,25668.211704642436,35939.58778915979,4.366037291997628,8.727985488783451,0.569936249361877,115140.7088263421,4208,3235,1316,4907,2118,1734
1119,14578.986918645482,25105.699626060647,39684.68654470613,4.187105655568672,8.835650395116879,0.5706694958231572,115523.78219179434,4758,2764,1237,4339,2279,2141
1120,15226.270135774379,25739.073381593164,40965.34351736754,4.507783995444889,9.073251955920181,0.5737520488123683,116308.17561905988,4003,3520,1236,4444,2493,1822
1121,13149.047579695825,25367.32625953442,38516.37383923025,4.285141012049855,9.089517541640513,0.5694630336434968,115310.26662409892,4268,3209,1282,4762,1957,2040
1122,10098.530016310815,25577.0229815024,35675.55299781321,4.292251506193692,9.324592069940293,0.5721489275613565,116028.34955338128,4218,3356,1185,4674,2023,2062
1123,10959.226722418385,25348.64116419637,36307.86788661475,4.1614929274763295,9.039015163216561,0.5715743259977885,115996.20700378311,4220,3301,1238,4588,2113,2058
1124,14113.886839051873,25190.553027258262,39304.43986631013,4.274757013697859,9.266759250689258,0.5716999372433025,115442.14838311916,4527,2861,1371,4528,2378,1853
1125,13596.20143068446,25994.471052830602,39590.67248351506,4.401040090389826,9.02354904310246,0.5718037107518203,115822.31355449097,4374,3060,1325,5071,2064,1624
1126,13832.12853960733,25369.828636812195,39201.95717641953,4.406465347566014,9.049421648230242,0.5696522037261992,115586.14529672226,4425,3055,1279,4775,2193,1791
1127,9776.820696554554,25282.423530445307,35059.24422699986,4.433770706569284,8.751777467181505,0.5698867089741192,115570.07063155899,4472,2998,1289,4398,2204,2157
1128,12728.261827322627,25560.383458274253,38288.64528559688,4.507339637162954,9.141043263383827,0.5715697523837223,115965.1963670621,4390,3077,1292,4273,2392,2094
1129,12184.91417390457,26089.66685444605,38274.58102835062,4.251283110052633,9.359367911973594,0.5705363757860256,115439.57630428234,4020,3505,1234,4758,2251,1750
1130,13229.660258765984,25879.57583342807,39109.236092194056,4.16341674690388,9.070857696340745,0.5697929463974901,115285.38492227909,4383,3054,1322,4539,2226,1994
1131,13034.319465788525,25123.986239238257,38158.30570502678,4.437755218498413,8.850145946069427,0.5702847373929342,115441.08422052686,4661,2797,1301,4396,2244,2119
1132,15351.586629932603,25396.974707053356,40748.56133698596,4.357316321086947,9.045665538014322,0.5720970778236328,115796.36618477147,4367,3114,1278,4349,2313,2097
1133,16141.21952751757,25611.752834985586,41752.972362503155,4.4242733990336385,8.893652927079607,0.5697442122585232,115269.2067628834,4398,3128,1233,4727,2147,1885
1134,10993.774514732651,25869.345051865712,36863.11956659836,4.505545281184326,9.076138653520005,0.5728637177847257,116388.72494178195,3936,3483,1340,4454,2329,1976
1135,15787.644218321622,26001.720517363046,41789.36473568467,4.614506210507287,8.982153078721813,0.5714770656408735,115628.5084804641,4149,3254,1356,4811,2170,1778
1136,12271.66834080329,25771.54915625628,38043.217497059566,4.131482634978053,9.132523189537203,0.5704415273809839,115638.1514295234,4373,3079,1307,4711,2170,1878
1137,10951.175009156239,25105.257991894283,36056.43300105052,4.0469027025165865,8.577457972051924,0.5707549836444012,115429.53814813573,4788,2732,1239,4673,2248,1838
1138,13808.878328782468,24698.93044007983,38507.8087688623,3.9925904520085242,8.35146783880507,0.5713598759934156,115538.97234691084,4431,3147,1181,4372,2172,2215
1139,12245.040670179229,25295.441211786663,37540.48188196589,4.489138493383354,9.066953279060037,0.5711606811668994,115694.63918608494,4440,2924,1395,4477,2513,1769
1140,13618.160952373193,25903.08762654071,39521.2485789139,4.395404174567265,9.107445203725996,0.5711812637297083,115738.97391084117,4360,3051,1348,4540,2192,2027
1141,14615.430840043962,25436.143896178342,40051.574736222305,4.370313437278865,8.579153014822133,0.5730397419773555,115718.3823764343,4531,2955,1273,4608,2354,1797
1142,13604.303740781615,26980.574388673536,40584.87812945515,4.056757722015912,9.649075325653731,0.571218087896606,115804.26637457371,3679,3614,1466,5093,2146,1520
1143,12795.865050350896,24953.59950126142,37749.46455161231,4.442265811367408,8.490478153426336,0.5701652671220415,115571.67609940555,4348,3076,1335,4257,2463,2039
1144,15030.580472908216,25149.08052463726,40179.66099754548,4.599669217542834,8.725863664142755,0.5715656274055481,115534.26935181786,4273,3243,1243,4449,2158,2152
1145,14498.410927777764,25970.925899045164,40469.336826822924,4.3367708590413026,9.049962183273523,0.5717632415086714,115983.4596271211,4009,3526,1224,4830,2082,1847
1146,17007.41756581217,25367.458950243494,42374.876516055665,4.161730053363343,9.096566905345803,0.5721622879292145,115521.21557770188,4199,3195,1365,4569,2427,1763
1147,12738.784455948797,25992.353963437898,38731.1384193867,3.89299079066837,9.02428843488413,0.5701173684673237,115559.48775578849,4203,3411,1145,4536,2204,2019
1148,13218.545673428089,26337.24954624916,39555.79521967725,4.315736556059316,8.81915119255754,0.5711678577856256,115511.79768317929,4255,3285,1219,4785,2078,1896
1149,15661.946388173348,25150.790100623435,40812.736488796785,4.496511628187837,9.310143037552615,0.5709035524322339,115779.91697386868,4310,3037,1412,4440,2338,1981
1150,11809.256474235273,25143.730310181174,36952.98678441645,4.168250374383956,8.846522255032031,0.5714069688118063,115508.32800870287,4718,2932,1109,4178,2418,2163
1151,11225.647456559682,25791.698390194455,37017.345846754135,4.221179899738303,9.013796294487937,0.5703831669136957,115563.95597881955,4211,3162,1386,4456,2342,1961
1152,13901.221515983449,26621.412726606617,40522.634242590066,4.407296025178288,9.293500027011017,0.5719606612435141,115975.006800973,4196,3240,1323,4966,2058,1735
1153,12054.10490951656,25677.17303527403,37731.27794479059,4.066009136642467,8.930917537829277,0.5701927278953525,115512.44508048812,4222,3403,1134,4524,2220,2015
1154,13058.546158250609,25236.4937948963,38295.03995314691,4.4240782204985525,8.854927300777344,0.570915731601988,115593.46047075633,4847,2702,1210,4424,2115,2220
1155,14857.694751955958,25913.89311957408,40771.587871530035,4.55583457073456,9.436413217373245,0.5688075150082343,115102.08064914672,4415,3142,1202,4852,1947,1960
1156,13568.056193244185,25628.08092451261,39196.13711775679,4.321309763441471,9.036909477705406,0.5699172515394152,115159.24696738753,4743,2553,1463,4708,2216,1835
1157,14560.473063609428,25195.67331305713,39756.146376666555,4.313261301057659,8.763332617740158,0.5704567788472962,115754.70488990447,4585,2923,1251,4416,2315,2028
1158,14930.089815907735,25096.382696456287,40026.472512364024,4.194640124896117,8.953442365080322,0.5703295594392298,115687.61486899172,4175,3367,1217,4719,2221,1819
1159,10848.263704400997,26087.289912138072,36935.553616539066,4.0736477975132726,9.001943015403283,0.5701452919333401,115490.45417007708,4313,3215,1231,4835,1985,1939
1160,11616.232124615386,26351.750966758,37967.98309137339,4.339732194950493,9.25790912874126,0.5701454942924968,115271.58102963207,4261,3260,1238,4679,2048,2032
1161,14009.326985682099,25048.147000334764,39057.47398601686,3.9594295630657075,8.764680601604068,0.5697056059883867,115468.16841879701,3929,3598,1232,4609,2159,1991
1162,15819.261102366492,25424.59715319348,41243.85825555997,4.780254442360088,9.287126138629283,0.5711955333191343,115499.20279483867,4581,2757,1421,4656,2093,2010
1163,10927.72376098246,25526.849418319835,36454.57317930229,3.8902593199603146,8.724034708041001,0.5707338528093056,115397.87288284596,4299,3291,1169,4736,2075,1948
1164,16884.919371552453,26011.039573581184,42895.958945133636,4.53881285645312,8.99803278258507,0.5704923525547698,115613.74905431773,4321,3223,1215,4569,2115,2075
1165,10607.508486772213,26170.545671809297,36778.05415858151,3.9514619528140704,9.128054561677633,0.5717040844886438,115844.64853627219,4147,3308,1304,4864,2137,1758
1166,11982.380513752227,26847.352898293895,38829.733412046124,4.318322884281321,9.150486029461792,0.5712800853369124,115527.99308032656,3676,3746,1337,4907,2081,1771
1167,14650.471248142323,25873.80728392271,40524.27853206503,4.45501747313902,9.135797789322277,0.5706475251857049,115612.28177921346,3826,3551,1382,4887,2069,1803
1168,14723.324694189785,25572.51479352002,40295.8394877098,4.384406435825704,9.51206877264622,0.5706760809867812,115600.90705936901,4635,2887,1237,4721,1948,2090
1169,14333.295732635373,25590.243700573472,39923.53943320885,4.444391847454542,8.909049417101958,0.5699589518266706,115439.46757899388,4420,3104,1235,4888,2140,1731
1170,13154.51271152151,26178.657099056993,39333.1698105785,4.228567635974101,9.172412458668944,0.5704027862451811,115567.06861717849,4105,3387,1267,4720,1984,2055
1171,16952.746503767547,25196.26258820154,42149.009091969085,4.309764719680186,9.160337042558007,0.570944833751506,115517.16399564508,4738,2763,1258,4405,2218,2136
1172,15760.699823844423,25641.567590298422,41402.26741414284,3.905127513841975,8.701676482478765,0.5731355415253451,116093.2114690678,4407,3158,1194,4413,2262,2084
1173,13095.014278130497,25361.9636198645,38456.97789799499,4.238928848934055,9.101528420513201,0.5710327422286934,115529.74052491665,4906,2603,1250,4406,2180,2173
1174,14615.810821591022,25749.539840251244,40365.35066184227,3.8947368771421553,8.957779241780193,0.5718305547741176,115866.68944658786,4187,3413,1159,4334,2114,2311
1175,15779.801633209489,25921.62630531963,41701.427938529116,4.419522409947446,9.130579217147135,0.5716982459785367,115703.29942283941,4134,3356,1269,4702,2190,1867
1176,14078.182186070611,26827.429357042027,40905.61154311264,4.369252903335379,9.394213360948326,0.5733268941447933,115955.77291822516,3929,3564,1266,4976,2105,1678
1177,17532.967432453923,25499.293082893317,43032.26051534724,3.9891478129425573,8.660083955475054,0.571317953432902,115560.16664560394,4683,2870,1206,4417,2394,1948
1178,13876.238245335544,26024.69312222037,39900.93136755592,4.229187147294149,9.083487659634361,0.5708196866899544,115546.16001693073,3814,3835,1110,4744,2058,1957
1179,12169.019799216541,25375.53770200393,37544.55750122047,4.084451704332103,9.310621400480459,0.5688447241789532,114960.10175140294,4803,2614,1342,4812,1778,2169
1180,14703.296797719348,26633.57905421533,41336.875851934674,4.012994122963363,9.027022850789734,0.5693742508354538,115367.11555289138,4254,3283,1222,4744,1816,2199
1181,15846.080853544629,25467.101685240938,41313.182538785564,4.591028742860535,9.104239707827391,0.5704999333668324,115318.19368741736,4767,2876,1116,4743,2193,1823
1182,14117.27898069596,25369.77601980493,39487.05500050089,4.334842497099036,9.06623712123911,0.5726380991526175,116082.87808230711,4372,3067,1320,4569,2213,1977
1183,13970.733513514764,26042.996296686804,40013.72981020157,4.19052029684039,9.18097239496914,0.5699101692979177,115408.14251425062,4472,2988,1299,4806,2010,1943
1184,13032.593011012,25926.439747174678,38959.03275818668,4.129613005082852,9.080441645599647,0.5702128475281281,115650.2566230649,4329,3230,1200,4712,2015,2032
1185,13929.990454706463,25386.922603035557,39316.91305774202,4.357618022777192,8.959297282112805,0.5709185547988367,115632.81847777957,4584,3022,1153,4578,2286,1895
1186,11634.122225238953,25838.074781016927,37472.19700625588,3.7375476714319866,8.609115398040199,0.57051390257383,115422.99497918549,4070,3317,1372,4808,2125,1826
1187,14305.326959929582,25422.075801305986,39727.40276123557,4.192392918049034,8.862041777698483,0.5693734397003096,115362.52309170635,4638,2822,1299,4546,2163,2050
1188,12629.862190469705,25998.412812826955,38628.27500329666,4.349422014938995,8.763020369893878,0.5705815956120152,115984.5674679469,3724,3809,1226,4347,2336,2076
1189,15713.799353475413,25731.122245348022,41444.921598823435,4.553035452688238,9.36129472208756,0.569331515449004,115231.6875542317,4585,2840,1334,4310,2267,2182
1190,14325.523200154394,25734.036948645764,40059.560148800156,4.296284170578357,9.353288137270795,0.5709389176892424,115618.71210388652,4130,3438,1191,4813,2227,1719
1191,12496.199058880664,25772.37145457224,38268.570513452905,4.002195159589578,9.086425909564085,0.5716357912392167,115597.87432490083,4292,3328,1139,4732,2063,1964
1192,14040.271606670787,25747.77809547724,39788.049702148026,4.193233084903756,8.669322705774169,0.5720132526075172,116127.7656555058,4012,3502,1245,4414,2474,1871
1193,13055.116425050908,26161.030569953753,39216.14699500466,4.251307786702246,8.953664194014392,0.5719414433944254,115910.58319623035,3884,3399,1476,4572,2140,2047
1194,12458.1288471913,26463.73284148135,38921.86168867265,4.03730260200614,9.027086471242422,0.5716812332154331,115981.02434067144,3742,3690,1327,4825,1962,1972
1195,16942.48364039242,26068.829265909753,43011.31290630218,4.012616604653658,9.038052010289196,0.5691675356110233,115032.28618081965,4397,3240,1122,4884,1859,2016
1196,14970.991561566887,26442.82673214778,41413.81829371466,3.9784732269602734,9.253282699098067,0.5710742614772243,115948.61763682553,3949,3741,1069,4575,2481,1703
1197,14538.322027229731,25662.43637611796,40200.75840334769,4.434638312408004,9.340026971081826,0.5723825051634279,115508.42809996997,4433,3219,1107,4530,2208,2021
1198,15313.894725059721,25685.23704849081,40999.13177355053,4.266557026822676,8.85646061966149,0.5718918179355018,115702.84601151312,3979,3502,1278,4550,2192,2017
1199,16965.429380062873,25550.158764323558,42515.588144386435,4.286079631819079,9.07945910226882,0.5701909106368634,115578.70543434308,4374,3246,1139,4571,2207,1981
1200,16285.636657345205,25643.526795848673,41929.163453193876,4.063811017387364,9.116156214133873,0.5705068845757351,115315.2939018001,4884,2850,1025,4592,2068,2099
1201,13329.669760449196,26288.43337330375,39618.10313375294,4.216883916667477,9.356000697855556,0.5707359216523628,115658.81296807791,4144,3435,1180,4685,2315,1759
1202,14073.373674662182,25621.121063319133,39694.49473798132,3.6366732315691035,8.866840176890703,0.5702301117925075,115405.53307104495,4685,2978,1096,4557,2142,2060
1203,15034.57022567179,25830.8854503499,40865.45567602169,4.115753759550904,8.863735368223804,0.571245463140718,115701.24771183365,4514,3061,1184,4399,2457,1903
1204,13477.072254917013,24957.168774773545,38434.24102969056,4.450243377446974,8.798120428757596,0.5706127587487138,115357.38817401745,4758,2793,1208,4416,2215,2128
1205,15974.14591233125,25287.890427504695,41262.03633983595,4.070707880561686,9.08810576141779,0.5720755800506377,116142.16057351565,4239,3210,1310,4469,2320,1970
1206,11916.861133534085,25665.18411974406,37582.04525327814,3.8262506740588407,9.099197709339501,0.5694485111752642,115312.37222405811,4758,2760,1241,4386,2091,2282
1207,16518.055455010548,26117.83514187195,42635.8905968825,4.421383169877692,9.292641422076636,0.5710137086556267,115584.89331378907,4290,3215,1254,4801,2160,1798
1208,14749.506802006736,25815.54351269685,40565.050314703585,4.203612553084926,8.648093969122666,0.5711425596166638,115508.35872374798,4728,2670,1361,4650,2137,1972
1209,17566.928774074055,25755.790226367146,43322.7190004412,4.217141814536345,9.06791266204916,0.5725991707634779,115926.92739982909,4152,3362,1245,4469,2228,2062
1210,15804.761215909755,25550.55094774986,41355.31216365962,3.712515798140527,8.942147848859731,0.5714004445165255,115824.44895777221,4409,3100,1250,4568,2342,1849
1211,17128.2530064266,25962.46732540692,43090.72033183352,4.417722875299092,8.843459566122617,0.5710248177145678,115460.27146424758,4276,3273,1210,4954,2181,1624
1212,18062.102300682556,25365.870630880174,43427.972931562734,4.559259821234255,9.008319854976284,0.5731295653173565,116170.54086739745,4413,3049,1297,4663,2377,1719
1213,13636.947244452283,26065.24405027056,39702.19129472284,4.280768406754585,9.057862796780986,0.5715891967656097,115674.95360875965,4204,3299,1256,4765,1968,2026
1214,14644.576167057752,25431.548715727575,40076.12488278533,4.269895093784429,8.93180710493029,0.5712156543449982,115817.3680303431,4512,2873,1374,4788,2063,1908
1215,16069.412963844716,25427.633076377202,41497.04604022192,4.12387972168377,8.59115801063101,0.5718657872245658,115658.13481411476,4272,3257,1230,4763,2245,1751
1216,17134.65922977072,26398.72456692811,43533.383796698836,4.0339674239585115,9.080664100721421,0.5722593792562651,115809.55859175099,4400,3299,1060,4709,2202,1848
1217,15320.094823778818,25660.52104395073,40980.615867729546,4.215637031423222,8.930260604045024,0.5704733566503103,115460.56740915596,4466,3047,1246,4473,2272,2014
1218,15315.089792052766,25613.990234408328,40929.080026461095,4.318746352552307,8.93805495984055,0.5718141468230596,115957.85571180441,4251,3368,1140,4839,2073,1847
1219,12174.766869678904,26176.832428511298,38351.5992981902,3.7951265151943088,9.244152395230962,0.570472299972816,115388.42714365825,4165,3223,1371,4754,1881,2124
1220,17397.366481894747,25629.697131173198,43027.06361306795,4.181202944736218,9.08698771298329,0.5708022039390043,115503.52061889414,4302,3226,1231,4803,2099,1857
1221,15845.840770728737,25504.371032184128,41350.21180291286,4.128600165639468,8.809887014114505,0.5705601283214135,115567.80348900247,4441,3008,1310,4451,2233,2075
1222,17520.92166934521,26102.174809873064,43623.09647921828,4.014863753251069,8.808224818493652,0.5710447868787035,115588.50228650142,4420,3214,1125,4920,2038,1801
1223,12456.452416612618,25432.38552276566,37888.83793937828,4.210221091791389,8.723224429218977,0.5692773422687639,115035.2267180704,4557,2988,1214,4408,2056,2295
1224,15766.671005727874,25237.94382280218,41004.61482853005,4.045225439155731,9.244812576061502,0.5709875428905937,116056.77365317904,4402,3258,1099,4577,2414,1768
1225,16347.503431528046,25931.090747308288,42278.594178836334,4.164498550148,8.917596087402522,0.5682111554655381,115247.65576611707,4547,3080,1132,4776,1986,1997
1226,15680.295712279212,26346.54867637873,42026.84438865794,4.159624663938742,9.166142147921555,0.5701558563365183,115527.30472532171,4359,3145,1255,4922,1994,1843
1227,16690.952899574262,26366.23979021113,43057.19268978539,4.2336595275197935,9.157599118658926,0.571451816811828,115577.53472697886,4380,3217,1162,4847,2201,1711
1228,12910.765452178584,26562.444034315904,39473.20948649449,4.047152180038563,9.33771012845867,0.5715768858340775,115716.59331525573,3951,3570,1238,4881,2137,1741
1229,16172.712559014619,25362.456369606272,41535.16892862089,4.11302023175507,9.18001302613983,0.5708542507631538,115509.38301372324,4767,2665,1327,4663,2299,1797
1230,17015.014339001795,26074.24822866434,43089.262567666134,4.3164460147579256,8.914979617426827,0.5708228482643533,115463.56426245513,4311,3265,1183,4782,2062,1915
1231,17091.588683738024,26489.260196347994,43580.84888008602,4.351635329526714,9.04894032103674,0.5700925880475052,115352.1492828336,4357,3144,1258,4744,2388,1627
1232,13719.861860047373,25899.416547265857,39619.27840731323,3.971176556952627,9.031872100725048,0.5725285456084057,116197.8807143308,3821,3703,1235,4584,2395,1780
1233,18046.887970216536,26245.370230349195,44292.25820056573,3.990705564525977,9.018884621333692,0.5708405071992296,115198.15439536754,4849,2794,1116,4908,1775,2076
1234,14635.377042402602,25953.524689483875,40588.90173188648,4.083635330935755,8.869494615986918,0.5716945621308223,115805.49385608503,4508,3114,1137,4626,1936,2197
1235,15466.330199723365,25918.864942504795,41385.195142228156,4.125216639274818,8.96667496789233,0.5693338002659608,115555.43786350914,4093,3364,1302,4763,2127,1869
1236,13478.903514381172,25689.676459628696,39168.57997400987,4.122177242414811,8.99051789152332,0.5721776326038728,116079.96261499313,4323,3178,1258,4760,2086,1913
1237,15842.974156498267,26371.9244903877,42214.898646885966,4.126661956487298,8.564663043497,0.5710486282801776,115718.67572354767,3546,4003,1210,4757,1952,2050
1238,13766.59708724146,25286.533258646483,39053.13034588794,4.225918224054202,8.652263914491286,0.571673615141731,115884.98803447466,4389,3083,1287,4275,2205,2279
1239,16484.527792701283,25969.190497389518,42453.7182900908,4.190688119429132,8.858120743946806,0.5712882967689706,115852.97183094303,4175,3419,1165,4254,2632,1873
1240,14905.252937579897,26834.583366146635,41739.83630372653,4.400848708545669,9.315211087363078,0.5691342702029799,114932.97027919833,4473,2971,1315,5145,1836,1778
1241,14512.27446355381,25783.610310876094,40295.884774429906,4.150219918811091,8.815655570192144,0.57099707003318,115461.40408804595,4693,2871,1195,4638,2031,2090
1242,14372.63218584701,26064.505595581264,40437.137781428275,4.13993644853795,9.130868611082674,0.5706511698125454,115500.68414943683,4747,2933,1079,4565,2149,2045
1243,13588.075798889566,25657.013659791843,39245.08945868141,4.211578634092362,8.717615804668466,0.5713606494280429,115668.90052398201,4273,3194,1292,4720,2275,1764
1244,14236.082162964713,26162.831214623195,40398.91337758791,3.9996030333675248,8.888680113049633,0.5724313976820565,116024.88983154636,4164,3306,1289,4644,2058,2057
1245,18207.37966916477,26833.16233026308,45040.54199942785,4.078118727422238,8.97811217913893,0.5722130722152702,115813.02776186352,3659,3889,1211,5030,2132,1597
1246,14517.579138449088,26050.792354697805,40568.37149314689,4.123671443062189,8.914390187095512,0.5713764059338494,115706.35072932132,4292,3219,1248,4718,2128,1913
1247,19381.388967356288,26175.5679185954,45556.95688595169,4.011590941528293,8.844690212419891,0.5716711792164225,115736.01351532909,4423,3120,1216,4434,2420,1905
1248,13893.446033974917,25684.58695820628,39578.03299218119,4.030402711369676,9.271522457793242,0.5715536497685457,115683.3596927685,4649,2937,1173,4675,2220,1864
1249,16361.805921853296,26341.63856999427,42703.444491847564,4.445482001551312,8.997528197679339,0.5711916662877926,115593.28754311129,4392,3066,1301,4926,1993,1840
1250,12681.084642938607,26406.996450260085,39088.08109319869,4.014263225619462,8.957800553320483,0.5693215995722392,115247.73658476987,4517,3098,1144,4867,1837,2055
1251,15860.296578425434,26444.796992220327,42305.09357064576,4.052267283131637,8.803122880852174,0.5737299593593815,115884.74520102557,4061,3647,1051,4430,2103,2226
1252,15956.21505630941,25501.063299500256,41457.27835580966,3.83300395365993,8.230818661383417,0.572071817651116,115854.77150709057,4562,3087,1110,4583,2216,1960
1253,14484.71202023731,25254.17052656616,39738.88254680347,4.153017544497008,8.82907471472107,0.5703727623108956,115523.48469663273,4478,2963,1318,4563,2144,2052
1254,15365.871371844929,26581.03195765315,41946.903329498076,4.445996266360671,9.16911802200832,0.5705950797311493,115486.59374427158,4634,2872,1253,4703,2216,1840
1255,17266.832178224275,24687.72275731951,41954.55493554378,4.090881498666457,8.554130617124105,0.5707622647254081,115593.66277621892,4653,2911,1195,4320,2469,1970
1256,15274.406377682186,25913.456061675908,41187.8624393581,4.239646402184826,9.025807807901176,0.5706901553738489,115830.99661887436,4312,3072,1375,4766,2007,1986
1257,15614.693795876512,25830.30698121941,41445.00077709592,4.254149536234477,8.851755976151848,0.5709413163648909,115791.23601238508,4507,3068,1184,4881,2050,1828
1258,15017.524386567504,25600.650994851156,40618.17538141866,4.268140093357077,8.696675451556613,0.5698440356645414,115229.79435581536,4696,2868,1195,4596,1960,2203
1259,14451.85260711009,26389.2245097034,40841.07711681349,4.203772672198661,8.817690211814503,0.5704629775494829,115645.18946519631,4166,3478,1115,4922,1995,1842
1260,15941.934096016379,26959.86358583217,42901.79768184855,4.1774699397206065,9.287493366592628,0.5720862174213098,115919.22503540649,3794,3712,1253,4856,1996,1907
1261,16752.044124719425,26346.153345664563,43098.19747038399,3.7928566777594925,9.279969899113597,0.571825974026382,116032.46980992526,3891,3655,1213,4760,2170,1829
1262,16901.19306699066,26396.02031345749,43297.21338044816,4.206320887921802,9.31268070841824,0.5699090217963401,115511.57139574816,4110,3517,1132,4953,1841,1965
1263,15453.407714666566,26628.40387119927,42081.811585865835,4.10975600544513,8.99052699065277,0.5725052522678076,115906.2412397201,4075,3597,1087,4833,1952,1974
1264,12736.38189469386,26070.225989262406,38806.60788395627,4.116838794420764,9.056842275325584,0.5724040951493616,115872.64260230938,4395,3108,1256,4581,2379,1799
1265,14002.680178012914,25416.406243592417,39419.08642160533,4.291268165930173,8.961395155381828,0.5693641183693792,115268.44651368946,4793,2852,1114,4564,2026,2169
1266,17513.1230027167,26023.021840955967,43536.144843672664,4.357611411892733,9.045466483681283,0.5716634028667041,115813.9108960392,3952,3556,1251,4455,2389,1915
1267,14079.533791891756,25590.9232645302,39670.457056421954,3.6720033117105175,8.674153472657682,0.5723360206848851,116056.35766922329,4287,3292,1180,4628,2012,2119
1268,16417.16880495175,26139.41302053002,42556.58182548177,4.2840054820037645,9.025686875335094,0.5702578578932671,115184.44072408779,4786,2878,1095,4907,1927,1925
1269,14794.28924117581,25314.864655611807,40109.15389678762,3.975842593954095,8.679849500101723,0.5729452327866306,115947.92261005093,4590,2907,1262,4451,2206,2102
1270,14196.870221605459,26028.84137937698,40225.71160098244,3.9616202732147325,8.770705044194823,0.5716039956663608,115511.90718632516,4166,3165,1428,4790,1938,2031
1271,15711.361295380337,25803.18354476267,41514.544840143004,3.9862899008491435,8.788231999583145,0.5709624052989858,115411.17040591523,4398,3059,1302,4594,2108,2057
1272,17686.850255859747,26377.63722427094,44064.48748013069,4.310000577643415,8.909502628509445,0.5719241335333696,115462.14457212751,4354,3193,1212,4878,2238,1643
1273,14611.938733529756,26165.2013384398,40777.14007196956,4.157388266524556,8.98839884663631,0.5698571802620621,115486.37355444205,4632,2956,1171,4932,1912,1915
1274,14051.403878145255,26106.672320112022,40158.07619825727,4.089637665234915,8.80553157953784,0.5707659977835616,115839.81388271741,4038,3602,1119,4725,2134,1900
1275,14248.19950030176,26688.406600583163,40936.60610088492,4.274762572441383,9.102990383149118,0.5691731823114564,115153.29807250387,4452,3145,1162,4980,1968,1811
1276,16747.07805841186,26232.826099968304,42979.90415838016,3.854244943305515,9.070216339115442,0.5691549714772528,115129.59373253101,4415,3192,1152,4888,1793,2078
1277,19971.823466283266,26130.873982593188,46102.69744887645,4.403949643442511,9.004379639202575,0.572713216333798,115894.88328729196,4268,3369,1122,4601,2095,2063
1278,16444.471083154764,25490.863337808118,41935.334420962885,3.923871760636057,8.873589094617687,0.5704564294211557,115176.80409399242,5111,2593,1055,4769,2274,1716
1279,16692.6543749006,26876.257968453614,43568.91234335421,4.121669802439032,8.94488210939803,0.5710674368012788,115578.33839722919,4045,3518,1196,4758,2018,1983
1280,17048.746091582878,26005.810715703985,43054.55680728686,4.077214362435707,9.047879774110154,0.5708116666763018,115682.95697445932,4649,2895,1215,4436,2178,2145
1281,16852.301621121474,26290.66374106789,43142.96536218937,4.288764289078284,8.85166486435465,0.5722097483231912,115616.66861380945,4249,3382,1128,5004,2218,1537
1282,17642.198479028655,25722.265947512304,43364.46442654096,4.302137124580873,8.703704804040099,0.5716688494298473,115386.70254455892,4661,3029,1069,4507,2305,1947
1283,16042.460733449256,25328.935737362375,41371.39647081163,4.305524823617811,8.900751042536502,0.5703270992745036,115298.11003541877,4618,2852,1289,4668,1904,2187
1284,18859.935664454602,26095.384762480266,44955.320426934864,4.280382872117882,8.941701907377771,0.570805101689638,115496.70350529511,4160,3585,1014,4961,2112,1686
1285,16024.607495027465,26708.40658464023,42733.01407966769,4.151591560111548,9.29754422791939,0.5701254824552344,115109.85917315903,4620,2859,1280,5098,1892,1769
1286,16053.59715098594,26110.067343161405,42163.66449414734,3.826699660989494,9.112660480142718,0.571355049141031,115540.87934523058,4515,3061,1183,4580,2208,1971
1287,17872.08089970259,26468.420823187484,44340.50172289007,4.09882638723103,9.320810642672557,0.5695859398159762,114946.10062134075,4395,3079,1285,4813,1882,2064
1288,15920.771705120755,26320.798514490256,42241.57021961101,3.902181644021237,8.830855824691104,0.5716270470471644,115797.590598192,4225,3408,1126,4940,2045,1774
1289,14234.757959394905,25936.800906180688,40171.55886557559,4.0855540613421475,8.99705087180026,0.5710929908076656,115646.23636995624,4464,3171,1124,4430,2401,1928
1290,14761.496634817067,25490.80437464981,40252.30100946688,3.824290456936431,8.949903942966555,0.5713620641856381,115561.34293126612,4344,3387,1028,4711,1972,2076
1291,18850.511217061412,26701.68061933931,45552.19183640072,3.792908052957889,8.926282133286513,0.57161833772067,115477.31641138537,4150,3522,1087,4915,2081,1763
1292,14972.399041334667,26398.691366190415,41371.09040752508,3.8131347634728074,8.769509656829802,0.5750385101773366,116347.20437410932,3846,3765,1148,4712,2165,1882
1293,17549.74229738107,26083.823003107165,43633.56530048823,4.315445508593792,8.935342348526099,0.5685587816949279,114891.62539496615,4642,3085,1032,4945,1911,1903
1294,18369.119123543118,26026.232923042706,44395.352046585824,4.246086008479069,9.157903906177804,0.571585608926725,115691.59717485947,4392,2991,1376,4763,2082,1914
1295,16751.862995878786,26889.400038234857,43641.26303411364,3.7538760261203588,8.844233821032851,0.5720573068341461,115811.44718970556,3775,3752,1232,4977,2000,1782
1296,17903.02349115854,26231.17072910092,44134.19422025946,4.164110640436064,8.873570353768988,0.5719703659823554,115957.86756302154,3965,3681,1113,4719,2090,1950
1297,17841.539975854383,25522.786685448835,43364.32666130322,4.2184141240222734,8.556316605370668,0.570652468886633,115567.2688213405,4629,3038,1092,4602,2231,1926
1298,17181.39779219027,26472.240923012898,43653.63871520317,3.761783270767049,9.033333753204035,0.5706306610528199,115497.3198215918,4188,3466,1105,4952,2123,1684
1299,17175.986907773244,26313.128207054448,43489.11511482769,4.325738187998324,9.082220377399835,0.5719529274725108,115959.48150784861,4025,3618,1116,4656,2109,1994
1300,17109.770903202672,26366.70569820172,43476.47660140439,3.9164932194229265,8.764074169407532,0.571618665205057,115872.79236709872,4249,3410,1100,4890,2064,1805
1301,17597.664624670746,25714.98201728147,43312.64664195222,4.1206305952514235,8.656317909628926,0.5680544096774,115039.64802798482,4500,3034,1225,4724,2102,1933
1302,17573.73125678926,26812.084893930187,44385.816150719445,4.07763640018582,9.015618126564238,0.5716848356425708,116057.17831912953,4047,3552,1160,4939,2096,1724
1303,15569.620388880605,25709.470331753073,41279.09072063368,3.9075587485786656,9.107559949123223,0.5699423402438256,115390.2013239161,4621,2916,1222,4776,2007,1976
1304,18233.564469811277,25905.895077776328,44139.459547587605,4.118173625930058,8.866643059779694,0.5696326912287988,115145.55768973584,4572,2988,1199,4928,1841,1990
1305,14442.068692334624,25881.800581353036,40323.86927368766,4.2002253794323865,9.098333009634244,0.5705490248565224,115663.12109676085,4403,3138,1218,4746,1927,2086
1306,16528.606442915698,25476.68989724361,42005.29634015931,3.83886102769578,8.828895115272406,0.5707865662889611,115163.22099504442,4898,2699,1162,4754,2014,1991
1307,17411.75312564593,25709.9583459435,43121.71147158943,3.8042431668964953,9.023251203494654,0.5716632087455514,115846.28138176538,4309,3297,1153,4656,2150,1953
1308,19608.394526446617,26508.135347595304,46116.529874041924,4.16835343436105,8.740073000880807,0.5718191367963125,115635.54445712327,4595,3113,1051,4757,2007,1995
1309,14937.95121708465,26328.935277677007,41266.88649476165,3.979354925352594,8.431691036110312,0.5699101918356562,115314.43339918317,4190,3368,1201,4732,1974,2053
1310,16900.69164435621,26727.741526433296,43628.4331707895,4.019008139519335,8.946360923407388,0.5719952423610497,115754.00688207061,4205,3388,1166,4917,2034,1808
1311,17576.9020806484,26884.31727553832,44461.21935618672,4.527049948471437,9.055739726908751,0.5704381130418624,115281.7475819623,4007,3367,1385,5127,2032,1600
1312,15073.584734146054,25687.48170398262,40761.06643812868,3.9786868276431466,8.889279186930992,0.5714742417568807,115659.63008078774,4494,3135,1130,4648,2202,1909
1313,16300.507371661837,25426.425121438704,41726.93249310054,3.900140300432718,8.869433357502794,0.570687447502004,115376.94972676215,4758,2867,1134,4527,2023,2209
1314,16433.642181703937,25795.297392729233,42228.93957443317,3.9012758106638086,8.844786819511523,0.5702757699086332,115640.12847818328,4691,3041,1027,4496,2126,2137
1315,18252.965047624337,27232.908057137905,45485.87310476224,4.198498675860445,9.000856633427901,0.5706002185275421,115562.49149101948,4150,3612,997,5038,1960,1761
1316,14999.338795264643,25954.81956544575,40954.15836071039,4.068625995043377,8.612588129956807,0.570043901228652,115415.84650542882,4465,2972,1322,4527,2240,1992
1317,17527.883278284407,26394.92042946871,43922.80370775312,4.026049134118316,9.04224007280223,0.5698867066466601,115273.03439293221,4568,3034,1157,4880,1865,2014
1318,16363.011330160898,26165.750965799925,42528.76229596083,4.0783445844363335,8.614941822345559,0.5694388791783649,114970.80988344233,4655,3009,1095,4873,1736,2150
1319,15754.039348155073,25525.19305265117,41279.23240080624,3.9385970568741007,8.767400585826271,0.5707098481835167,115652.55469941291,4550,3104,1105,4410,2208,2141
1320,14850.042586280504,26073.740783730216,40923.78337001072,3.955160650439325,8.92822343532524,0.5714997527422164,115946.34456416691,4005,3430,1324,4559,1997,2203
1321,15389.656374644926,26445.619999011513,41835.27637365644,3.8723974437263844,8.979342050145384,0.5721568730924915,115724.0876634973,4215,3378,1166,4657,2201,1901
1322,16482.311419307145,27215.858428415268,43698.16984772241,3.9207962292486873,9.005599408705267,0.5700541956972974,115345.40101706896,4487,3157,1115,5217,1996,1546
1323,17820.541082917924,26348.181520198395,44168.722603116315,4.3998594053303925,8.945777057620239,0.5707103615644052,115378.99451414161,4584,2976,1199,4444,2410,1905
1324,15300.947675465277,26322.594506433048,41623.54218189832,3.4758120644112087,8.922740730687996,0.5691216451786854,115066.52563964085,4844,2689,1226,4717,2023,2019
1325,16272.102841629958,27199.169291940198,43471.27213357016,4.315366255530048,9.162684732873535,0.5697107536624052,115335.11828120206,3988,3632,1139,4737,1867,2155
1326,18531.274614625472,25540.53066710355,44071.80528172902,4.4101967713793915,8.882753789433433,0.5712331513438879,115535.61632264737,4773,2647,1339,4812,2135,1812
1327,15223.36175207549,25978.916320191987,41202.27807226748,3.726976604208518,8.75311538049012,0.5710740361637853,115539.10890115026,3893,3747,1119,4531,1756,2472
1328,15056.815994558985,26236.110658735197,41292.926653294184,4.197364461635599,8.720336217597564,0.5711894734783115,115666.08244907402,4264,3381,1114,4778,2119,1862
1329,18471.683951001018,26466.633442799393,44938.31739380041,3.862776804707241,8.981764150587347,0.5707830533342648,115244.36678217874,4874,2840,1045,4804,1944,2011
1330,18126.107165121324,26374.54125505139,44500.648420172714,4.3059502868743476,9.063887184699709,0.5689031489551295,114979.62968584595,4647,2794,1318,5043,1844,1872
1331,16338.282947207716,26647.086544858375,42985.36949206609,3.85051764421431,9.247427424337301,0.5733822875702846,115884.16546074177,4426,3236,1097,4279,2547,1933
1332,17461.829938009763,25605.45528868102,43067.28522669079,3.9691445967452164,8.78957979917492,0.5729294815988049,116347.00851833021,4593,3119,1047,4434,2665,1660
1333,17198.253606375532,25250.35934936885,42448.61295574438,3.9181517372907284,9.085990220764199,0.5711277312466387,115528.90294238241,4883,2798,1078,4455,2110,2194
1334,15025.771781651305,26570.783720840805,41596.55550249211,3.8552896673961934,8.549167841364541,0.5713378149042215,115533.5239067085,4034,3514,1211,4974,2075,1710
1335,16458.69752895439,26884.983134063325,43343.680663017716,4.227527886808016,9.031595893137759,0.5717767629905692,116007.05494955955,3984,3645,1130,4708,1904,2147
1336,18436.868338146145,26581.82537607697,45018.69371422312,4.148554435180062,8.973025424808013,0.5724294172292386,115674.85178769956,4311,3278,1170,5043,1948,1768
1337,18439.52523841234,27273.424258328087,45712.94949674043,4.247624921137898,9.026506991548937,0.5707343381826433,115138.89697503102,4385,3067,1307,5126,2072,1561
1338,18742.961459997427,26108.827842821745,44851.789302819176,4.201954639581216,8.85008249373387,0.5691442043684231,115093.16824705756,4548,3070,1141,4757,1988,2014
1339,17077.844139601722,26532.79675337973,43610.64089298145,4.1047996035243095,9.183851411457155,0.5719423619953193,115951.60702194595,4288,3254,1217,5103,1983,1673
1340,16102.693225690216,26022.39337732017,42125.086603010386,3.9545409900845887,8.71179991740721,0.5714167250694395,115715.45673289277,4545,2974,1240,4544,2173,2042
1341,17139.619527193354,26262.223766914572,43401.84329410792,3.7549154168542622,8.892402886384156,0.5702207088507164,115397.30892339296,4621,2959,1179,5112,1922,1725
1342,20370.796363747166,26679.711454318454,47050.50781806562,4.2525450723700065,8.935180216597876,0.5687869549055878,114922.17756713675,4520,2850,1389,5016,1984,1759
1343,19074.206929894903,26236.256938990813,45310.463868885716,4.194853137466901,8.963710462511274,0.5712775250706219,115730.8663342884,4301,3182,1276,4597,2242,1920
1344,16758.623602986325,26324.882160831698,43083.50576381802,4.045266321249859,8.906602301822224,0.5679908150934403,114820.88802741138,4722,2860,1177,4936,1839,1984
1345,18144.32297579209,25937.802523186947,44082.12549897903,4.170776870409101,8.719524883809207,0.5705667027416575,115417.22329547374,5174,2487,1098,4637,2248,1874
1346,15108.429594878025,25155.82760329933,40264.25719817736,3.8448927013224297,8.744957252092963,0.5696287118996896,115300.72728917733,4574,2833,1352,4441,2086,2232
1347,16492.235948904367,25159.195243832033,41651.4311927364,4.000184097005717,8.227923239380647,0.570911557174725,115857.53680298377,4762,2732,1265,4337,2465,1957
1348,18708.79019776895,26342.933488935596,45051.72368670454,4.062258553124458,8.901461906931509,0.5716116939206638,115603.8147700396,4659,2960,1140,4747,2192,1820
1349,13504.54890403078,26251.23223356582,39755.7811375966,4.076695520956352,8.900789753594237,0.5710049753350437,115272.68324519506,4454,2909,1396,4746,1908,2105
1350,15751.313000182952,26809.73788534544,42561.05088552839,4.009693546760353,9.111685085434353,0.5713138002655312,115137.981329895,4644,2987,1128,4939,2035,1785
1351,16561.40302620069,26606.122421329746,43167.52544753044,3.934271371894053,9.06432553679116,0.5719857114877775,115657.50863021718,4249,3508,1002,4824,2217,1718
1352,19643.430460047908,26496.28425910977,46139.71471915768,3.9109647056793326,9.199391413827097,0.5708894971944322,115429.99791021907,4361,3391,1007,5088,1836,1835
1353,19402.106519706766,26208.44391853666,45610.55043824343,3.723194104443572,8.598901722153618,0.5725561620589124,116186.87016528667,4012,3605,1142,4551,1879,2329
1354,18019.817216161795,25838.053089189598,43857.87030535139,4.272902480855909,8.922063392964331,0.5716561344042399,116062.75003417388,4258,3213,1288,4621,2369,1769
1355,15881.590020548821,26446.40951452825,42327.99953507708,4.064056740041855,8.808878669475424,0.5694889508540306,115206.12682542436,4644,2974,1141,4493,2114,2152
1356,17650.002203383734,26295.974128489757,43945.97633187349,4.342105116323239,8.905355190913113,0.571307206369328,115917.038540119,4169,3419,1171,4597,2218,1944
1357,18107.27054478684,26050.87571616349,44158.14626095033,3.951409762431453,8.754099017324057,0.5690180606105302,114943.93904894256,4602,3089,1068,5118,1816,1825
1358,19765.90248348897,26071.06895215113,45836.9714356401,3.9207471530356224,8.850018761125122,0.570034044433414,115111.45565008979,5011,2517,1231,4696,2006,2057
1359,17248.36018700015,26456.543430999565,43704.90361799972,4.281907956869763,9.095169658852562,0.5687197708579792,114930.34059832153,4431,3144,1184,5178,2013,1568
1360,15658.034034225468,25558.846047782492,41216.88008200796,4.2209781887306494,8.884699412115863,0.5690746201312968,115013.9343437045,5009,2681,1069,4687,1851,2221
1361,15809.364483897709,26703.94811580422,42513.31259970193,3.8610887788249637,8.829307758507952,0.5710370249031046,115410.00336905014,4523,3113,1123,4902,1984,1873
1362,16664.390104518257,26184.394706398725,42848.784810916986,4.163087734277167,8.952008202733158,0.5702639244401045,115380.60912884916,4760,2808,1191,4854,1730,2175
1363,16507.797770458426,26427.217042473072,42935.0148129315,3.9317750458142293,9.021650587152664,0.5695843444119472,115378.41406233392,4619,2923,1217,4988,2045,1726
1364,16501.460419556883,26373.5851887805,42875.04560833739,4.130264436865283,8.721082310489166,0.5717514801002007,116008.48365245956,4814,2912,1033,4781,2032,1946
1365,18844.962271947345,26484.06777312379,45329.03004507114,4.0264930107724615,8.9985423364357,0.570327142585496,115678.20816497951,3983,3674,1102,5164,1861,1734
1366,17526.11018997916,26277.364382941025,43803.47457292018,3.656508438663617,8.60940504854182,0.5724777338703484,116097.45760344276,4231,3453,1075,4501,2075,2183
1367,17495.21479294427,26011.221547093028,43506.4363400373,3.9445790576689572,8.701746694055831,0.5711859794971835,115584.06304521812,4013,3656,1090,4600,2034,2125
1368,17417.637817642324,27611.06837641619,45028.70619405851,4.028426382001034,8.699138426820237,0.5708663935189288,115530.16889392916,4285,3389,1085,5035,1964,1760
1369,18479.27650604007,26422.880959022015,44902.15746506209,4.200666826744878,8.885134070164309,0.5715771666189927,115581.99854970617,4630,3035,1094,4800,2095,1864
1370,17450.660909266982,26230.532403635592,43681.19331290257,3.9527663081803097,8.759815124379145,0.5725577240080704,115810.98373427046,4707,3003,1049,4721,2152,1886
1371,20314.18419111998,26936.319523115795,47250.503714235776,4.11977534714346,8.883823566292646,0.5699602604057304,115298.44454667192,4628,3039,1092,4799,2194,1766
1372,15455.21001586878,25953.61885535433,41408.82887122311,3.7641917367494195,8.418096308035016,0.569400101063514,115126.8175074851,4636,2952,1171,4957,1871,1931
1373,18598.808937659207,26362.763518588294,44961.5724562475,3.5910712663811513,8.763582759272891,0.5689260056253176,114965.20249248612,4727,2792,1240,5190,1815,1754
1374,18432.505944687444,25077.735545577147,43510.24149026459,4.2713088630047755,8.877935989594752,0.5711427442973696,115863.71046486757,4585,3059,1115,4644,2151,1964
1375,17012.602412553206,25907.12485825518,42919.72727080839,3.9616704531545714,8.931127132171191,0.5690204567164532,115104.35495958776,4120,3360,1279,4422,2054,2283
1376,19021.115646556293,26438.444819393993,45459.560465950286,4.002525543976294,8.782907522825626,0.5731193951042687,116196.3279709657,4374,3305,1080,4716,2206,1837
1377,19134.529287159465,25773.996603661406,44908.52589082087,4.238362570598194,8.872469133497868,0.5703283373086699,115451.92484753636,4936,2791,1032,4679,2045,2035
1378,19322.756003114486,25976.033334030817,45298.7893371453,3.7860377786826884,8.969588817127647,0.5696525939613227,115096.58465457581,4872,2805,1082,4776,1947,2036
1379,20903.704660062816,26769.99905937602,47673.70371943884,3.965631250760779,8.809221641446092,0.5715453008318105,115865.19813669736,4187,3481,1091,4576,2272,1911
1380,17030.453746863423,26763.64657426866,43794.10032113208,4.226973178177002,8.43703420213643,0.569375873466894,115329.27304712855,4456,3045,1258,5220,1980,1559
1381,18218.00201860289,26404.582873330328,44622.58489193322,4.223526824472371,8.777290141892182,0.5704463331523921,115600.08633965504,4464,3167,1128,4485,2170,2104
1382,18876.737422433987,26305.639534386195,45182.37695682018,3.838765517439819,8.475541430545361,0.5698777855768746,115284.29101305897,4365,3259,1135,4821,2021,1917
1383,18397.845785304817,26397.20912877363,44795.05491407844,4.043762508244495,8.85253105018277,0.5723501907539513,115751.64775030977,4578,3104,1077,4863,2194,1702
1384,19505.367834891127,26516.460269875966,46021.82810476709,4.183416330297981,8.989912598667837,0.5724956465093135,115821.01409012251,4310,3348,1101,4890,1778,2091
1385,18705.793453896098,26752.431485504672,45458.22493940077,4.308461156953617,8.917743785206476,0.5714890408930129,115660.78119504942,3929,3743,1087,4896,2196,1667
1386,18542.201428760032,25390.579841015497,43932.78126977553,4.2032274587153,8.554967770660477,0.5709120573721677,115514.5177288249,4997,2637,1125,4649,2349,1761
1387,20474.007641622764,26018.326594043898,46492.33423566666,3.880807660121838,8.662496282792613,0.5717405339645751,115500.4598390218,4671,2962,1126,5026,1920,1813
1388,17508.065049457542,26747.108458994753,44255.173508452295,3.824592908145657,8.964700535245704,0.5700808200889367,115075.21487568534,5042,2574,1143,4843,1881,2035
1389,21616.791437498137,25857.562196619358,47474.35363411749,4.394894434595586,9.011099141056013,0.5690657292064402,115040.03629299726,4999,2756,1004,5106,1951,1702
1390,18741.36719637532,26510.819851535234,45252.18704791056,3.620648924374577,9.095020759206738,0.5724365168703182,115872.29391342627,4674,2860,1225,4832,2036,1891
1391,17812.980277691277,25630.820982616227,43443.801260307504,3.479118026467289,8.986920600914289,0.569918557033815,115409.58815256314,4226,3382,1151,4890,1823,2046
1392,16868.259583313964,25624.42959191816,42492.689175232124,3.7129150870489687,8.745018810664263,0.5689604030058396,115226.58026077769,4922,2592,1245,4687,1975,2097
1393,18112.91906012863,26749.06433596033,44861.98339608896,4.05170291716017,8.982615007190567,0.5695998460314073,115107.93891631189,4696,2932,1131,5039,1938,1782
1394,17344.073095170497,26248.97871374078,43593.051808911274,3.795931338885027,9.003594947889805,0.5711289488422132,115841.05773399975,4393,3194,1172,4691,2129,1939
1395,17158.032363892406,27534.660369873443,44692.69273376585,3.7847047325654817,9.245041821247364,0.5715448171628432,115804.82638847461,3873,3787,1099,4908,2079,1772
1396,18101.062055195172,27006.766800859932,45107.8288560551,4.084666860648231,8.718044445505441,0.5717602552631665,115792.31589244342,3943,3525,1291,4873,2104,1782
1397,16966.629634068144,26527.662223789615,43494.29185785776,3.708990180165547,8.87111211322277,0.5711780722499955,115700.55682508991,4441,3273,1045,4797,2082,1880
1398,16925.360941238378,26024.293231685675,42949.654172924056,4.114419670382746,8.652129569852752,0.5699683108766739,114967.91810188632,4816,2910,1033,4865,2013,1881
1399,14887.792253528776,26899.893828235006,41787.68608176378,4.065666447949031,8.857808483823435,0.5716239130514922,115706.20893832117,4018,3691,1050,4856,2174,1729
1400,19064.655832259083,26242.683519351507,45307.339351610586,3.8916266717811885,8.799000723554807,0.5727031551349697,116497.19465927072,4134,3410,1215,4684,2427,1648
1401,15008.918621344768,26541.509697245347,41550.428318590115,3.729014485623977,8.99315430079892,0.5696908594420423,115596.52455425174,4486,3125,1148,4641,2081,2037
1402,20093.072234671043,25002.551058741912,45095.62329341295,3.8725988522105355,8.097594680797693,0.5719855919139906,115663.36379127702,4814,2856,1089,4416,2384,1959
1403,17448.004551881444,25173.17134903761,42621.17590091906,3.9929315662977833,8.7547371821893,0.5707872014267117,115587.39645411442,4713,3020,1026,4042,2268,2449
1404,19700.22910603736,26781.383939475865,46481.61304551322,4.146059649789941,9.102524213434966,0.5703454948628347,115423.0595070987,4624,2928,1207,4913,2070,1776
1405,15768.276584090516,26237.824070536957,42006.10065462747,3.936097344070493,8.80464233266801,0.5711297212402254,116088.97412298001,4348,3215,1196,4280,2599,1880
1406,18660.1837006148,26341.069683315014,45001.25338392981,4.040545677801265,9.123369029954699,0.5684939130791368,115052.33262694122,4752,2919,1088,4960,1848,1951
1407,18312.10943172972,26104.46008255331,44416.56951428303,3.970750467898159,8.733722123701265,0.5712183609273447,115352.02728411349,4191,3444,1124,4728,2009,2022
1408,15579.496926796372,26437.142816567815,42016.63974336418,4.130761515816613,8.56351862608138,0.5706211673761625,115350.19254237451,4523,3121,1115,4609,2294,1856
1409,21816.5128826403,26112.812598453078,47929.32548109338,4.327592900584575,8.793550386373612,0.5696993633282397,115120.98425859673,4750,2945,1064,5063,2032,1664
1410,18508.965192345186,25424.4268656681,43933.39205801328,3.5760065054797523,8.800862481465693,0.5701717682781953,115557.46883309385,4703,3009,1047,4630,2202,1927
1411,16472.870637133412,26876.009577619472,43348.880214752884,3.5568430599984215,8.947136717745122,0.5713221648788861,115965.75445035857,4361,3452,946,4658,2082,2019
1412,15668.529549730376,26260.008103346205,41928.53765307658,4.034914439319088,8.85182308982483,0.5706494029186425,115442.38641111775,4219,3265,1275,4718,2035,2006
1413,19040.682744220077,26844.352865635832,45885.03560985591,4.17863944690793,9.198639547470904,0.5698480815359616,115221.24463050537,4055,3569,1135,4989,1896,1874
1414,19367.710711148113,26658.546640592882,46026.25735174099,4.215049718674033,8.695602443200043,0.5699506777304212,115394.50944854929,4459,3202,1098,5024,2092,1643
1415,18454.309176481678,26031.456743907016,44485.765920388694,3.7635048446898147,8.979737608286502,0.5687739626324526,115087.21826885377,5035,2656,1068,4649,1901,2209
1416,19475.751406991865,26811.71891951432,46287.47032650618,4.043507004608228,9.043181998200623,0.5710237151457166,115321.95061624318,4689,3079,991,5028,1904,1827
1417,17532.955583921135,26480.83943349858,44013.79501741972,3.79293444751429,8.989066237043573,0.5711381994128383,115675.92764277906,4361,3341,1057,4863,1803,2093
1418,19734.00212399929,26415.133295897715,46149.13541989701,4.296759474545342,9.075340451066978,0.5705479224910198,115275.13803357033,4642,2988,1129,5209,1885,1665
1419,17915.175260267188,26721.53461869448,44636.70987896167,3.952597290479765,9.01255981704841,0.5694907827845513,115305.25859794237,4349,3344,1066,5082,1833,1844
1420,19513.267730399988,26019.201028106174,45532.46875850616,3.9436981287461315,8.444753929371082,0.5721699533833952,115866.97314990364,4649,2978,1132,5071,1869,1819
1421,17791.568362887738,25889.114057203733,43680.68242009147,3.886701106058968,8.880387283079235,0.5686416907108125,115107.34173657198,4820,3025,914,4682,1867,2210
1422,20083.069404895676,27805.354041972998,47888.42344686868,4.109211228768172,9.01972398363817,0.5726859526076788,115753.52532126535,4082,3628,1049,5424,1940,1395
1423,18271.218053423057,26102.758091931497,44373.97614535455,3.953541830043727,9.085338571325414,0.5715268333692132,115726.1384388997,4492,2960,1307,4902,1861,1996
1424,18391.366633864396,26915.382109759932,45306.748743624325,3.9480127885233314,8.916866467455554,0.5717271179531535,115747.67060193072,4004,3799,956,4992,1899,1868
1425,17123.439593519575,26227.57368163005,43351.01327514963,3.700111384825033,8.808580536465984,0.5703903551738676,115791.3338822557,4644,2894,1221,4677,1959,2123
1426,18030.206961634776,24857.53342581923,42887.740387454,3.928627960259502,8.503233063840499,0.5696978128163083,115125.09292959532,5183,2386,1190,4398,2100,2261
1427,20959.593171517678,26671.705446791064,47631.29861830874,4.095457356414161,9.121014943371103,0.5721635015767422,115807.29920643993,4066,3562,1131,4806,2122,1831
1428,18153.49118309185,26829.06419536578,44982.55537845763,3.9338827983919327,9.105209220730243,0.5722833586237968,115734.20806601418,4381,3253,1125,5188,2027,1544
1429,20275.517035651203,27200.0187058051,47475.535741456304,4.115642925706055,8.093044722996057,0.5707656212686342,115727.76409284236,3915,3754,1090,5005,2037,1717
1430,19188.02776538296,26442.54547282728,45630.57323821024,3.909956614654148,9.004844396692631,0.5719681485932079,115709.93750603321,4697,3063,999,4746,2137,1876
1431,20465.90491882459,27133.868124012,47599.77304283659,4.079235254327768,8.862087953815466,0.569494562158712,115103.76043966303,4620,2965,1174,5139,1992,1628
1432,18320.865929876727,26341.429402128004,44662.29533200473,3.912723877513107,8.739954412195505,0.5694273406718139,115087.84812031033,4675,3042,1042,5004,1846,1909
1433,19226.89151227104,26310.846092063824,45537.73760433486,3.8265589976911616,8.577463339475479,0.5712477533052899,116001.55908581118,4124,3512,1123,4646,2309,1804
1434,18151.84143887626,27038.871927787834,45190.713366664095,3.8425117553367376,8.977244042847609,0.5695193235732621,115367.47758099996,4348,3413,998,4887,1972,1900
1435,18463.81026427665,26625.445368869638,45089.255633146284,4.049889843472151,8.99059392246909,0.5723629204708727,116093.01570749987,4089,3619,1051,4973,2289,1497
1436,19344.439512064862,26122.579182122412,45467.018694187274,3.6642974209286034,8.858665608663232,0.5687169998030439,114904.19359749444,5044,2694,1021,5027,1736,1996
1437,18053.399087838334,25720.71403677893,43774.11312461726,4.202822511938145,8.743270983438002,0.5707899035358046,115690.40523203985,4359,3119,1281,4679,2076,2004
1438,16200.049798914892,26623.214155814465,42823.26395472936,3.7818557784489495,8.987806228606456,0.5709112055448456,115982.04060919203,3957,3651,1151,4637,2134,1988
1439,18841.976302129588,25906.747352369148,44748.72365449874,3.7796030303638837,9.037210753319407,0.5693254526152035,115229.3447697024,5331,2447,981,4677,2137,1945
1440,19267.288525840973,27525.53948726961,46792.828013110586,4.120610025016823,8.534635597301708,0.5723611892497311,115694.22417412959,4168,3505,1086,5297,1894,1568
1441,16683.70790539847,27611.602469540965,44295.310374939436,3.8310249044922355,8.737028716580753,0.5714545126662756,115320.73877937885,4028,3466,1265,5015,1790,1954
1442,17133.67884579617,26658.163992602127,43791.8428383983,3.6159548952296596,8.729111052436856,0.5690660161344894,115327.2505019555,4556,3170,1033,4663,2017,2079
1443,18095.948728268664,26729.72456740624,44825.673295674904,4.275308682797594,8.682033934554775,0.5701855243427143,115656.252777145,4473,3083,1203,4814,2014,1931
1444,18819.4929565169,26720.986841013822,45540.47979753072,3.870206352962128,8.83404776711418,0.5689537103296508,115050.88587040512,4889,2774,1096,4954,1847,1958
1445,17969.179233521278,26037.960364652925,44007.1395981742,4.184017947266958,8.851581637128467,0.5695151280393251,115138.77467979255,4667,2917,1175,4934,1943,1882
1446,17334.343807721427,26427.12232875875,43761.46613648017,3.5786323323292053,8.605249879745713,0.5704792166818651,115389.99640637192,4515,3068,1176,4583,1744,2432
1447,19428.75630042507,27099.30484003749,46528.06114046256,3.8888506123235453,8.980108155941723,0.5722162078426442,115941.92097223748,4000,3620,1139,4744,1939,2076
1448,18567.872796690666,25369.289892973862,43937.16268966453,3.9774021994080453,8.463661595958646,0.5715135693699508,115827.13926131274,4832,2947,980,4768,1960,2031
1449,15828.35250245756,27176.61527174707,43004.967774204626,3.9414303833346276,9.12829351244853,0.5705913250329899,115302.67883407683,4253,3253,1253,4867,1898,1994
1450,18804.75167506962,26115.572597852683,44920.3242729223,3.7536463954001076,8.680612775429255,0.5705287244080592,115401.5660087798,5066,2762,931,4727,2312,1720
1451,19715.164690219823,25977.516224072002,45692.68091429182,4.005053862203984,8.884318841844468,0.5683104458072221,115062.99927540265,4765,3008,986,4922,1980,1857
1452,18044.047028467445,27265.326067609243,45309.373096076684,3.833009184469135,8.904239384581617,0.5687679195539433,114946.88292635497,4281,3234,1244,5288,1874,1597
1453,16492.913010504257,25737.463910180013,42230.37692068427,4.014536436627375,8.630843247857278,0.5700014336063035,115222.8043947949,4613,3007,1139,4757,1980,2022
1454,19409.65201468817,26876.534045729102,46286.18606041727,3.4812160094646982,8.694312738599471,0.5708886329153825,115332.2685387129,4172,3474,1113,4770,1963,2026
1455,21351.754135523115,26913.986516624696,48265.74065214781,4.025106204433725,8.426900340831578,0.5725190287063957,116011.83853380322,3937,3818,1004,4729,1952,2078
1456,19319.48816119268,26304.570270774813,45624.058431967496,4.1758959545955046,8.760605610511277,0.572618988581716,115926.79358567203,4795,2989,975,4521,2290,1948
1457,19803.80596417863,25693.031563676144,45496.837527854776,3.581240827852305,8.72495458897861,0.5728843908957156,116049.74988638188,4531,3228,1000,4585,2279,1895
1458,18040.698711933703,26914.39973006077,44955.09844199447,3.6723352792440074,8.920848571783019,0.571415380083553,115700.53592411471,4320,3444,995,4859,1961,1939
1459,18093.152722329025,25509.527181951897,43602.67990428092,3.7308489755550838,8.72495332795014,0.5685461207194163,115251.36198165476,4817,2933,1009,5056,1726,1977
1460,17612.013987680584,26365.582244062367,43977.59623174295,3.853484554201547,8.95150529919186,0.5687304415354771,115064.21093947689,4284,3455,1020,4963,2222,1574
1461,22057.34634760998,26536.013314384913,48593.359661994895,3.9777854725014956,8.77532571846732,0.5701374050296303,115219.98265595606,4796,2867,1096,4846,2248,1665
1462,18867.007558936763,26295.556781000087,45162.56433993685,3.931044548924271,9.176726589322707,0.5693043578355699,115133.11090125222,5114,2658,987,4831,1759,2169
1463,19206.52620885136,27352.931221303385,46559.45743015474,3.9047958586896425,8.841062631024236,0.5706245626909122,115249.76324426364,4821,2971,967,5051,1971,1737
1464,18430.616897837295,27909.504797766756,46340.12169560405,3.8476492361788885,9.01568869840263,0.5714332757067809,115672.74691175397,3830,3682,1247,5429,1759,1571
1465,19437.424927746735,27555.886284839617,46993.311212586355,4.1027024252524145,8.95312260686533,0.5696302916183673,114929.75112596662,4272,3488,999,5095,1597,2067
1466,18764.243223859794,27472.181382028815,46236.424605888606,3.960358150840568,8.957615081318135,0.5705662001317788,115266.0942369163,4275,3440,1044,5232,1605,1922
1467,17813.674699676845,27328.079762059653,45141.7544617365,4.0065916257250045,8.698713969231354,0.569704040202499,115324.37990524934,4293,3495,971,5081,1679,1999
1468,16710.966511439954,26819.83008001831,43530.79659145826,3.690688293792198,9.042718013151397,0.5700021736221841,115340.8542102478,4105,3682,972,5006,1855,1898
1469,20200.680387345274,27194.347783374593,47395.02817071987,3.8290877533350294,8.768422064946275,0.5718554283904489,115775.96943535979,4397,3262,1100,5117,2101,1541
1470,19068.603413222885,25570.236115122596,44638.83952834548,3.962131530818833,8.311358214124777,0.5703166677294423,115607.5053707242,5174,2588,997,4447,2384,1928
1471,18942.217426681204,26741.827993953586,45684.04542063479,4.074618603505187,8.888764761094016,0.5703877011170992,115146.89077417804,4954,2813,992,5153,1737,1869
1472,19138.36886525392,26175.15121698127,45313.52008223519,4.055297466741098,8.83681828028646,0.5712866341250471,115614.8041819986,5003,2716,1040,4252,2415,2092
1473,18580.83195776389,26676.054108589586,45256.88606635347,4.194315359849656,8.853162398209008,0.5688538522167511,114891.56936488915,4846,2796,1117,4917,1880,1962
1474,19416.531665003844,26324.268717128994,45740.80038213284,3.9083440394517512,8.72642717903075,0.5705687447069498,115794.44461860474,4360,3435,964,5079,1766,1914
1475,21537.89973190032,26459.190467170974,47997.090199071296,3.783449215448011,9.162678841777511,0.568729378844128,115171.74616160765,4947,2800,1012,4822,2008,1929
1476,19214.27773797314,26512.023853550967,45726.30159152411,3.806229386353012,9.099868037721071,0.5704710073951946,115152.16961022331,4655,3177,927,4655,2174,1930
1477,20356.71195074895,27217.52548155746,47574.237432306414,3.52663685242247,9.024128104050684,0.5699586647956163,115009.58907817562,4592,2953,1214,5270,1831,1658
1478,16048.210278113675,26997.516469586026,43045.7267476997,3.6041545012400404,8.746045100264276,0.5735493823483614,116308.59747251772,4016,3534,1209,4656,2254,1849
1479,17630.685019771823,26471.584659355198,44102.26967912702,4.030937474303242,9.094000600928815,0.5709215021787608,115474.5363644039,4419,3162,1178,4817,1860,2082
1480,20961.26644217815,26154.230753943353,47115.497196121505,4.190607439564184,8.562513233586158,0.570152786696532,115407.36278656322,4493,3245,1021,4921,1888,1950
1481,19261.84100254614,26245.850502681,45507.69150522714,3.9471410537514946,8.662695869816496,0.5715623877152961,115680.68669992856,4729,2966,1064,4788,2208,1763
1482,19732.697663779236,25403.43080350394,45136.128467283175,4.044885478035112,8.41478604557005,0.5717833956342065,115228.60190982246,4760,2704,1295,4441,2401,1917
1483,18940.914168350522,26938.752586041493,45879.66675439202,3.788409223807242,8.862918116321088,0.5732298980144315,116187.49405758236,4474,3193,1092,4727,1969,2063
1484,19804.148593131034,26882.654719741575,46686.80331287261,3.8146424664688006,8.915360077766708,0.571235978969357,115362.73697456306,4505,3220,1034,4939,2063,1757
1485,18456.70794175711,26480.14217907153,44936.85012082864,4.0953975872398605,8.782109951331394,0.5706741496629024,115704.58786847674,4456,3276,1027,4664,1833,2262
1486,17193.945517529268,27455.82986829858,44649.775385827845,3.9517362202982644,9.061440697419576,0.570331274813734,115371.07001138326,4282,3483,994,5002,1935,1822
1487,21473.060391218383,27152.850669254196,48625.91106047258,4.200583545696202,8.811543554113443,0.5691973380531897,115272.79888425942,4561,3170,1028,5387,1593,1779
1488,19155.514879697937,25247.29137226136,44402.80625195929,3.857843445731545,8.580329143633605,0.5726790297395918,116131.38704060606,4959,2820,980,4166,2631,1962
1489,16921.18620366227,26237.99600328054,43159.18220694281,3.920082991494471,8.830885009143934,0.5699963315617309,115269.9767097223,5099,2593,1067,5095,1720,1944
1490,21149.84322324331,27363.69195919084,48513.53518243415,3.954253624464689,8.951282839417475,0.5698739506990829,115226.95334744983,4559,3015,1185,5099,1870,1790
1491,23057.447739461695,26798.107199118855,49855.55493858055,4.121596838280558,8.765927342161671,0.568397780307339,115018.23063539185,4934,2929,896,5352,1925,1482
1492,21647.035832114256,27184.82865941132,48831.86449152557,4.090579436315831,8.741697544394864,0.5711991186322347,115933.1723044453,4325,3496,938,4923,2071,1765
1493,20812.708111915916,26250.21183419403,47062.91994610995,3.7914326962669955,8.512393845445382,0.570763673917758,115624.21021650954,4595,2985,1179,4679,2318,1762
1494,19464.863607815947,26606.662204821158,46071.525812637105,3.8959814519386895,8.748049057120594,0.5718665022873638,115522.72975322067,4418,3388,953,4663,2074,2022
1495,18700.36600240352,26088.928580227042,44789.294582630566,3.8860855615023615,8.854244855818013,0.5713013221060034,115661.07543434472,4772,2877,1110,4489,2091,2179
1496,20231.80599000195,24849.41861172857,45081.22460173052,3.871672183912756,8.394680623245225,0.5711180014340067,115432.50645945442,5349,2406,1004,4419,2197,2143
1497,17433.003032955923,26294.737628900646,43727.74066185657,3.864189448090801,8.464169030072702,0.5734010153090446,116206.79492581457,4181,3328,1250,4581,2237,1941
1498,19938.91437468245,26027.170992706448,45966.08536738889,3.6086448009373715,8.691678608609468,0.5701060200792495,115335.38492781292,4891,3024,844,4693,2358,1708
1499,20403.662293856592,25860.406332304483,46264.068626161075,4.067794988543038,8.757185256744028,0.5698723498281937,115342.98704944474,4909,2875,975,4772,2007,1980
1500,21071.37880041099,27201.129477422335,48272.50827783332,4.043963092994845,8.847839367621416,0.5697411323092091,115436.12053580247,4564,3199,996,5110,1839,1810
1501,22413.77857615395,26344.062117900103,48757.84069405405,3.910869201454697,8.486870764118137,0.5712455855467178,115761.851817558,4632,3192,935,4677,2220,1862
1502,17610.794683230084,27336.13111207172,44946.9257953018,3.560009518778084,9.10076929031106,0.5708184736326439,115558.23066810932,4141,3794,824,4871,1978,1910
1503,22414.658767273835,27873.762654466092,50288.42142173993,3.9752503972413393,9.105090509819089,0.5700298555928539,115483.39370821996,4486,3440,833,5388,1650,1721
1504,19632.474388904488,26457.44685952733,46089.92124843181,4.137032212573484,8.8527888398155,0.5719993842519598,115754.37992344385,4153,3305,1301,4788,2186,1785
1505,20930.25569584949,26136.860245317228,47067.11594116672,3.9494910982739073,8.565067658550543,0.5735365707962571,115997.26247746286,4502,3307,950,4625,2398,1736
1506,19270.783314882327,25954.99590087708,45225.77921575941,4.069089344138418,8.459886695402538,0.5694223734856093,115002.3977437318,4881,2732,1146,4646,1868,2245
1507,18351.09437554777,26493.995999227,44845.09037477477,3.9733995237446367,8.582373848664972,0.5727386972514589,115845.99402316725,4598,2988,1173,4732,2122,1905
1508,21455.15498857572,26851.84314015726,48306.99812873298,3.8677387039955855,8.253752382873452,0.5736395248339361,116132.24206313874,4432,3065,1262,4666,2249,1844
1509,21225.516485318916,25938.524642350214,47164.04112766913,3.8200489130274717,8.43150991973998,0.5705772075321545,115249.99339342241,4932,2620,1207,4952,2075,1732
1510,19613.319060306858,26754.148655861194,46367.46771616805,3.736046207936288,8.97668818488753,0.5701496438532626,115082.27477931726,4415,3209,1135,5122,1844,1793
1511,19291.780686336224,26011.209555900405,45302.99024223663,3.787121510570064,9.082831744238618,0.5705628882661206,115587.87309257197,4966,2759,1034,4516,2250,1993
1512,20221.81105382889,27354.09473605595,47575.90578988484,4.052265420265493,8.643672064534442,0.5732955286390129,115950.87505661591,4243,3555,961,4985,1873,1901
1513,19500.266557810544,26532.090864461294,46032.35742227184,3.5582482347856863,8.875818962594035,0.5702381754426731,115587.90543925403,4438,3313,1008,5143,1680,1936
1514,18537.25568964164,26409.341095195086,44946.59678483673,3.698295104801489,8.463399515899157,0.5698583133051346,115412.9759601061,4540,3175,1044,4465,2109,2185
1515,22438.330040563964,26116.446865147478,48554.77690571144,3.84208420858432,8.57459167067438,0.5719162406273,115699.06523612114,4580,3265,914,4725,2005,2029
1516,21838.584068961067,26793.164682104307,48631.748751065374,4.011395193779736,8.825491221059009,0.5684444397489463,114954.13040127669,4171,3278,1310,4662,1990,2107
1517,21330.88345201661,27243.60820760612,48574.49165962273,3.9946173590069036,8.460881246946693,0.5723015190278987,115420.16284424764,4555,3282,922,4773,2337,1649
1518,18801.124090072677,26744.37185655049,45545.49594662317,4.082735602110729,8.966840159830944,0.5701098014268356,115209.46784177687,4417,3246,1096,5477,1923,1359
1519,19225.83164836675,26182.807937886097,45408.639586252844,3.7143606469960315,8.360400479221102,0.572083039754657,115905.25831085254,4640,3067,1052,5061,2135,1563
1520,22315.561173351278,25443.280801950037,47758.841975301315,4.0191770198711545,8.539212810710758,0.5700176412147003,115186.07529832648,5062,2745,952,4712,2396,1651
1521,19306.373965563947,26469.33353559358,45775.70750115753,3.870314257043801,8.789947897842575,0.5698802471348514,115247.18654648896,4610,3167,982,4980,1932,1847
1522,19572.996516521278,27237.445654736985,46810.44217125826,3.721290254979384,9.064238620557134,0.5718446810750043,115786.22974812181,4491,3226,1042,5170,1791,1798
1523,22662.95235017669,26346.559927797756,49009.51227797444,3.6129386429889476,8.325065748412415,0.571316515622138,115754.79569134922,4501,3341,917,5107,1962,1690
1524,19937.890049461894,25961.374075832657,45899.26412529455,3.5101339134514173,8.769490716233394,0.5686755693935129,114990.97513980402,4969,2819,971,4676,1847,2236
1525,20968.874007617702,25910.406393204863,46879.280400822565,3.647182251774546,8.321641084587739,0.5716163372975596,115696.648755425,5057,2699,1003,4516,2017,2226
1526,21201.059786079444,26930.00664717086,48131.06643325031,4.128572914185414,8.643968499217134,0.5703784556959594,115411.64688209054,4934,2920,905,4941,1786,2032
1527,20871.242593386716,27072.075995636565,47943.318589023285,3.938482747367477,8.400866837087094,0.5731510972358023,116260.58029353186,4096,3498,1165,4760,2108,1891
1528,23403.471156747873,25877.693964059596,49281.16512080747,4.1944718729544,8.263569902611753,0.5695246426759855,115139.60846875873,5521,2246,992,4622,2195,1942
1529,22849.133929654414,26569.335887513178,49418.46981716759,4.129953631830459,8.435554481886763,0.5699850757023045,115363.8973739295,4725,2930,1104,4819,2153,1787
1530,20475.92002597252,27203.08974574306,47679.00977171557,3.958637821439228,8.926100501119599,0.5717430348297811,115803.98483175511,3964,3840,955,5077,2034,1648
1531,22738.616740491092,26892.742469271623,49631.35920976271,3.970269839282652,8.593159901083032,0.5713137544611879,115832.33819931335,4570,3345,844,4962,2223,1574
1532,17720.50646135816,27787.62775192181,45508.13421327997,3.499484690086137,8.915282042029867,0.5702839917982718,115566.04691935847,3811,3825,1123,4948,1720,2091
1533,19092.808280223213,27347.730943728326,46440.539223951535,4.128277271633784,8.723334159133886,0.5731928686863762,116253.87264146167,4045,3645,1069,4656,2159,1944
1534,19542.46504334406,26221.297133463013,45763.76217680707,4.21811486126169,8.582610893761128,0.5690792159736578,115308.65844601303,4459,3089,1211,4954,1727,2078
1535,19970.760584097003,26394.439145063378,46365.19972916038,4.199759386430075,8.887343006184313,0.5699588364712598,115506.3730582365,4233,3494,1032,4801,1707,2251
1536,20003.39420973154,26115.482976935324,46118.87718666687,3.948356033093552,8.541222388163572,0.5704668920857802,115377.70167217655,5334,2458,967,4938,1794,2027
1537,18589.57999167812,26134.481917688656,44724.06190936678,3.5543133392099087,8.543073515648059,0.5690156885582246,115334.96024613047,4570,2994,1195,4426,2114,2219
1538,19187.868314354575,27138.026020904104,46325.89433525868,3.630397333693336,8.825118490009826,0.5706765333248983,115561.1122640766,4434,3430,895,5036,1687,2036
1539,16917.949191586446,26898.98710905751,43816.93630064395,3.545120802602965,8.98645524136243,0.5689724451925853,114949.14849292535,4875,2901,983,4719,1773,2267
1540,20448.510196048286,26612.56312165362,47061.07331770191,3.549126326139002,8.533757037974313,0.5706596086049446,115317.09544432569,4916,2716,1127,4814,2109,1836
1541,19616.93731797289,26917.515866542573,46534.45318451546,3.6024581381378886,8.629489865324548,0.57058862346218,115823.57149731494,3761,3918,1080,5094,1922,1743
1542,21024.050459922506,26490.45013219154,47514.50059211405,3.404604344579109,8.252287495080038,0.5703572168905643,115083.76270722195,4773,2983,1003,4947,2164,1648
1543,17673.2272426378,26417.4445545342,44090.671797172,3.825573180200121,8.879249446188632,0.5725536130279733,116164.28030677019,4224,3518,1017,4721,2057,1981
1544,20941.869457686043,26722.564712260388,47664.43416994643,3.8656305802005915,8.578740146764627,0.5721702610782674,115943.95570206958,4080,3475,1204,4733,2211,1815
1545,20774.102219346187,27696.215347898236,48470.31756724442,3.876626045272457,8.896269861281679,0.571381986584585,115713.16483177559,4093,3777,889,5365,1979,1415
1546,22802.71733651251,26777.52734160441,49580.24467811692,4.076108565642737,8.405471954732779,0.5713501864452855,115870.49855582624,4223,3528,1008,4967,2247,1545
1547,20808.66283325439,26301.735201432064,47110.398034686456,4.085906173471876,8.69088607812228,0.5726738290666786,115901.86544843717,4437,3181,1141,4564,2224,1971
1548,21731.322144132897,27385.50981071654,49116.83195484943,3.8460794940559615,8.791027757409333,0.5735685608128159,116176.91940564937,3629,4152,978,5175,2005,1579
1549,19146.94683022694,26033.150038817992,45180.09686904494,3.611281720530608,8.712187257106404,0.5725367064911875,115891.82180737032,4950,2868,941,4692,2189,1878
1550,21111.159195274016,27427.317242183537,48538.47643745755,3.9171053001419085,8.842785374326487,0.5725509100966909,116247.10356313935,3757,3909,1093,4701,2037,2021
1551,21096.014331283364,26557.271149949367,47653.28548123273,4.009031950039236,8.597418310930022,0.5693633471641072,115213.98132387141,5042,2782,935,4868,1908,1983
1552,19243.801140036,26375.74263213095,45619.54377216695,3.724480715089535,8.65171925379849,0.5725739941015123,116276.15843301945,4340,3353,1066,4544,2185,2030
1553,19613.04096938672,26778.50228542119,46391.54325480791,3.653692404638689,8.708372279631226,0.5704284119484854,115181.7648161825,4869,3119,771,5021,1991,1747
1554,20171.162963477127,27890.551632570998,48061.71459604813,3.68255733296419,9.253692988814914,0.5691043507417356,115211.46150658675,4524,3238,997,5086,1706,1967
1555,18959.830852585637,26710.268607061043,45670.09945964668,4.081963957680777,8.431042677875348,0.5702578453185558,115371.59993025874,4176,3665,918,5124,1791,1844
1556,20168.736106628276,25709.10783583901,45877.84394246728,3.4956777305094096,8.50623349027235,0.5703378289553519,115396.64419974262,4511,3160,1088,4697,2093,1969
1557,22275.038220401093,26898.24609745987,49173.28431786096,3.9842965438437012,8.765384523371491,0.5706788565620825,115304.15045272354,4634,3166,959,4790,2126,1843
1558,17472.62096081123,25885.38216706407,43358.0031278753,3.490539369401323,8.521584980339856,0.5712540970202602,115858.89547746938,4693,3185,881,4405,2025,2329
1559,20641.64633091812,26622.17299612814,47263.819327046265,4.01776543874187,8.355888430482171,0.5709469929608127,115962.35757383352,4174,3616,969,4631,2206,1922
1560,19108.162263159255,26352.51054777854,45460.672810937795,3.7410524176611655,8.523682177078001,0.5705751403912269,115654.11742939956,4570,3149,1040,4446,2145,2168
1561,19074.704391846095,26060.184751376295,45134.88914322239,3.734179284173805,8.981640862749995,0.5697725417001083,115599.59335666294,4400,3368,991,4526,1986,2247
1562,21626.017275396727,25927.774637046823,47553.79191244355,3.8907660490696214,8.217523980878374,0.5701293623778338,115400.32177978422,4989,2843,927,4378,2255,2126
1563,23325.891226130672,26498.503441038818,49824.39466716949,3.9649050293790404,8.5677658330041,0.5701964323083992,115222.58770012675,4681,3095,983,4611,2133,2015
1564,22105.78194490499,27104.182021064567,49209.96396596955,4.013776067523434,8.7086581363444,0.5703154265922376,115693.56205969355,4197,3477,1085,5355,1785,1619
1565,20735.497306760706,26580.024710549525,47315.52201731023,3.6893560450130605,8.705741504800965,0.5701955211619865,115404.11079918171,4603,3099,1057,4808,1989,1962
1566,20380.89479316604,26055.33122976894,46436.22602293498,3.7188519183489896,8.410570123102552,0.5691711333122076,114999.1901382094,4933,2779,1047,4881,1947,1931
1567,21930.278687323753,26687.555398736233,48617.834086059986,4.163225168057509,9.072288597554905,0.5710281983452046,115740.40393947657,4877,2991,891,4807,2199,1753
1568,22441.602949033695,27361.558653499513,49803.161602533204,3.8393375660995988,8.953076652058515,0.5695305341532381,115013.16474619106,4573,3076,1110,5167,1829,1763
1569,19809.544324092858,26021.201395977765,45830.74572007063,3.6921635436403215,8.371282787896437,0.570460778105489,115346.3916943517,4915,2869,975,4182,2265,2312
1570,21298.457062624453,27317.73635698686,48616.193419611314,4.042404972645556,8.559884461866957,0.5713623874407333,115028.56783576887,4264,3530,965,5058,1997,1704
1571,22158.14223489869,27119.147183627567,49277.289418526256,4.10615954097915,8.607377258383286,0.5708025615333019,115254.85661965994,4319,3268,1172,5357,1776,1626
1572,20536.585919805053,25987.51026198606,46524.096181791116,3.809438910078754,8.792041340151343,0.57058930782843,115624.75320534401,4973,2818,968,5003,1690,2066
1573,21498.775606370866,26475.659378730128,47974.43498510099,3.9827797305477266,8.638648694798306,0.5694222745104064,115367.56130516868,4607,3168,984,4637,1985,2137
1574,19854.66148388828,26980.445302599477,46835.106786487755,3.859469030834008,9.038882251178638,0.5684820839094931,114970.41715042514,4503,3351,905,5049,1970,1740
1575,21730.32257894668,26732.692909766753,48463.015488713434,3.836635335258769,8.799966322677934,0.5690007477257867,115573.01603622542,4744,3020,995,4444,2149,2166
1576,20103.09662663121,25882.707286822213,45985.80391345342,3.4229120099932993,8.496297986214477,0.5705371544924587,115447.9031705,4935,2739,1085,4451,2205,2103
1577,20163.337323488206,27735.515148307008,47898.85247179521,3.681951664026566,8.644775377306567,0.569770673792303,115373.03005565748,4396,3327,1036,4960,1928,1871
1578,21725.11567105228,26340.867748419747,48065.98341947203,3.824187688894657,8.679877913799315,0.5703453363320957,115688.66004643845,4498,3154,1107,4475,2315,1969
1579,18365.50895344658,27362.771021960558,45728.27997540714,3.723668879630297,9.083816926722504,0.5703531224446557,115244.25251125931,4285,3521,953,4698,2188,1873
1580,20666.37665203225,26752.76125968789,47419.13791172014,4.077283722370943,8.364091826820767,0.5707711965150563,115456.50107290824,4769,3108,882,5100,1998,1661
1581,21137.725236722337,25998.502992725367,47136.228229447705,3.858386972859161,8.285495679755378,0.5709313414935394,115450.31457912206,5290,2510,959,4767,2087,1905
1582,22135.169179853485,27444.869885954497,49580.039065807985,3.9750847339488917,8.811313495135428,0.5706243165565824,115401.05170827171,4073,3703,983,5427,1854,1478
1583,17738.002031087297,26487.70761521039,44225.70964629769,3.8817598491595615,8.515667876954513,0.5710618194474137,115417.45180054412,4864,3010,885,4567,2221,1971
1584,20209.029119702856,25419.485162307068,45628.51428200993,3.7005407604612888,8.472353701602568,0.5716562989172022,115610.10943454821,5051,2661,1047,4009,2471,2279
1585,21487.74581122676,26033.001883511824,47520.74769473859,3.7315563497697943,8.620236364461121,0.570282247855347,115418.82388626094,4912,2995,852,4529,2075,2155
1586,21866.61529782473,27003.16829823285,48869.783596057576,4.07358057604668,9.00180695544728,0.5701188474461969,115179.8713788267,4985,2951,823,5013,1845,1901
1587,21780.60485930573,27048.180251998823,48828.785111304554,3.7717012918551034,8.514274067392428,0.5716145739536608,115721.55359217845,4499,3289,971,4804,2004,1951
1588,20800.508011226262,26430.397778731647,47230.905789957906,3.9756965755619205,7.973586792864428,0.5706650613431379,115182.06851641712,4969,2637,1153,4824,2018,1917
1589,21158.165719857396,27587.818584366927,48745.98430422432,3.8778906219812814,8.72072289363839,0.5701246276707599,115150.82492028284,4325,3510,924,5418,1929,1412
1590,22203.244720252093,27146.09084822379,49349.335568475886,3.892877024226592,8.799999633141825,0.5721262760084271,115474.23555045048,4565,3243,951,5116,2299,1344
1591,19028.20540465164,27142.826731127494,46171.03213577913,3.6919829061129072,8.692206353448551,0.5708935817829517,115411.35930280914,5148,2718,893,4945,1904,1910
1592,20483.739822722364,26467.673672928566,46951.41349565093,3.7099155427457524,8.233812549574338,0.5705362739186695,115194.63042854422,5375,2604,780,4680,2030,2049
1593,23803.73751189511,26835.14357245098,50638.88108434609,3.900271383646109,8.577721151098496,0.5705943182140311,115472.63726401042,4561,3277,921,4957,1924,1878
1594,19957.464277355426,26631.175715485053,46588.63999284048,3.7237080942049627,8.691646035096612,0.5691649188322159,115197.17772723595,4937,2989,833,4748,1951,2060
1595,19798.358249160887,27641.34646366523,47439.70471282612,3.773404401347718,8.826708135822265,0.5702761610050265,115262.07504294753,4454,3426,879,5389,1744,1626
1596,20351.490270540115,27569.20610545053,47920.69637599064,3.5882939422226836,8.541504388169628,0.5699180991257706,115316.47363582246,4539,3305,915,5274,1947,1538
1597,22964.5071605489,25995.211746303594,48959.71890685249,4.084823760273112,8.191513100612237,0.5694893146623424,114995.1707912466,5024,2737,998,4991,1821,1947
1598,23849.99021235573,26197.41178282677,50047.4019951825,3.908244057995322,8.591906558680165,0.5711507527807462,115438.32036087426,4577,3252,930,4937,2014,1808
1599,22296.85556038258,27054.539118590383,49351.39467897297,3.9911751388137264,8.751692059178465,0.5725699957566984,115651.050238379,4354,3429,976,5063,2287,1409
1600,19759.050641805537,26725.086272757122,46484.13691456266,3.8686992743483843,8.860382827231241,0.5684832629102358,115011.28209922712,5172,2518,1069,4979,1765,2015
1601,19732.11338308948,27732.887324009116,47465.000707098596,3.6809290140903808,8.703660661251504,0.5714291052456223,115275.10205226249,4518,3106,1135,5346,2036,1377
1602,21522.4151205144,25753.747983896978,47276.163104411375,3.9142059043370447,8.459104736685877,0.5696512033879834,115105.1046924604,5487,2461,811,4646,2005,2108
1603,21202.058351820415,26626.877572913523,47828.93592473394,3.9668542885676517,8.4736720951006,0.5704078327355951,115303.13990495712,4314,3606,839,5018,1891,1850
1604,22273.52477073774,27299.389416574802,49572.91418731254,3.765161117050315,8.660462192583205,0.5722599889161339,115898.84536213042,4171,3649,939,5307,1971,1481
1605,21363.551690361754,27021.68951160967,48385.241201971425,3.4614776404634013,8.868604473809379,0.5713022018659123,115399.30296423551,4649,3239,871,5092,1885,1782
1606,21330.392400046225,26700.658203037616,48031.050603083844,3.800887256002643,8.887367583914294,0.5706585621530597,115669.72639555392,4971,2886,902,4750,2079,1930
1607,23095.2000183241,25524.872733541008,48620.07275186511,3.90138750803047,8.349093129071857,0.5719709207886471,115802.15897265838,5341,2609,809,4428,2541,1790
1608,22607.209421329822,27160.884817154045,49768.09423848387,4.047842199541941,8.978136442223608,0.5699987296730717,115367.04610820116,4648,3104,1007,5274,1558,1927
1609,21296.30327796319,26138.769221666094,47435.072499629285,3.7245360432515895,8.544081862398128,0.5703070785640098,115177.68137540978,5025,2769,965,4939,1636,2184
1610,21281.372548707463,27477.34999688859,48758.72254559606,3.8950929577747173,8.77217635607208,0.5719076425836938,115922.97319903744,4434,3515,810,5217,1812,1730
1611,21091.532384419443,27795.950131821428,48887.48251624087,3.6589698061659672,8.721653867487953,0.5708102846893975,115783.14724637063,4307,3344,1108,5279,1912,1568
1612,21662.340776188103,26580.383048038766,48242.723824226865,3.7634058452804915,8.629445595072427,0.5697394152445519,115192.84615842924,4960,2734,1065,5129,1758,1872
1613,21942.996732183547,26476.164294291528,48419.16102647508,3.382873325229924,8.664790780751536,0.5694379334904692,115255.14915975694,5089,2765,905,4873,2055,1831
1614,19403.472838912,26453.69248487216,45857.16532378416,3.8639674851002166,8.866488505330757,0.5695444819255233,115400.63681388572,4212,3597,950,4457,1608,2694
1615,20741.69525459571,27650.650586637978,48392.34584123369,3.739169670627225,8.982663470064068,0.571577678837052,115816.01518465232,3840,3818,1101,5171,1947,1641
1616,20293.66592418541,27055.04121792959,47348.707142115,3.6902098545925024,8.363180870812592,0.5710259212461204,115479.04692845054,4878,2812,1069,5439,1721,1599
1617,22637.227212999976,26823.91317397662,49461.14038697659,3.8278978063398745,8.659904590797941,0.5703884190675348,115744.7178088036,4799,3013,947,5027,1878,1854
1618,22001.70627449683,26998.686708009816,49000.392982506644,3.541638537596931,9.052213367326786,0.5696202334519802,115268.79659634797,4512,3329,918,5006,2125,1628
1619,20039.719940625564,27973.89239279576,48013.61233342132,3.880886437185078,8.877942094481288,0.5700987647318718,115083.15921941555,4112,3674,973,5420,1686,1653
1620,19618.25609745325,28371.90967308396,47990.165770537205,3.5344974097863746,8.687805046399335,0.5705478179207424,115452.01516493241,4124,3821,814,4947,1739,2073
1621,21626.72728635227,27966.018977175856,49592.746263528126,4.059597435814546,8.608176913677172,0.5704331114654163,115252.47963358773,4276,3440,1043,5100,1940,1719
1622,21818.470829890008,26786.21905044253,48604.68988033254,3.7966439493981015,8.122809691469481,0.5704440759682874,115117.79449443489,4684,3058,1017,4907,1937,1915
1623,20974.711512318747,27404.040457748863,48378.751970067606,3.8181866562801594,8.56796108530744,0.5723609314807764,116012.70327060735,4055,3532,1172,5035,1759,1965
1624,20151.687683090957,26694.5427736333,46846.23045672425,3.27568939924071,8.673007652250133,0.5693620075234368,115526.46867306365,5241,2674,844,4722,1853,2184
1625,20922.32777993348,27189.763700582287,48112.091480515766,3.954967259654213,8.893745974777842,0.5685970803286665,115024.1580507913,4537,3239,983,5085,1824,1850
1626,21663.510478935226,26749.36344101408,48412.87391994931,3.5272705479920776,8.842330551381703,0.5689174335351286,115234.02274687208,5013,2846,900,5215,1851,1693
1627,21793.118115580855,26657.049067064723,48450.16718264558,3.8473356277731683,8.311897341076401,0.571511701062572,115640.32361900942,4976,2793,990,4838,2145,1776
1628,21696.70072651956,25749.697000386004,47446.39772690556,3.4262168994868993,8.178081080431411,0.5694549682047378,115299.28076642913,4744,3187,828,4682,1747,2330
1629,21376.34709629675,26236.25205597261,47612.599152269366,4.1768688909002245,8.73531984576776,0.5693565846327165,115163.93526816137,4527,3158,1074,4589,2007,2163
1630,19016.089068979865,26291.70987599064,45307.798944970506,3.7257386701969546,8.669002665259722,0.5706941261909146,115200.6496788662,4527,3053,1179,4830,1849,2080
1631,20839.71217810974,26869.301539969474,47709.013718079215,3.832742471570423,8.366797293812395,0.570258347891537,115454.91002541264,4200,3429,1130,5107,1839,1813
1632,21138.84414659029,26357.403782617057,47496.24792920735,3.78965717534538,8.676475047173412,0.5687682903343749,115210.98769694024,5005,2836,918,4901,1985,1873
1633,23128.93142887991,27943.546613911392,51072.47804279131,3.4521450185417186,9.028662360552167,0.570424902160545,115352.31991560898,4114,3704,941,5474,2075,1210
1634,23047.214906699868,27357.65875122555,50404.87365792542,3.656855778769656,8.501502264158137,0.5712964390347762,115627.77235207142,4211,3524,1024,5253,1970,1536
1635,22772.399933389628,26304.594234757227,49076.994168146855,3.642324170608812,8.40802143331847,0.570662534702383,115370.08276003468,4725,2992,1042,4634,2190,1935
1636,21260.538907701623,26463.725510483906,47724.26441818553,3.800717846456719,8.626505773101906,0.5723391938810055,116170.92504797752,4648,3049,1062,4555,2262,1942
1637,22794.924238006868,28100.716337295755,50895.64057530262,3.5113250629803123,8.972679880974853,0.5710391336134181,115601.94128057818,4435,3574,750,5294,1636,1829
1638,18416.0910021938,25955.080254788358,44371.171256982154,3.6782711949863818,8.609149109804054,0.5684460696571885,114605.60815418146,5498,2363,898,4817,1843,2099
1639,22676.372482796607,27277.10612159189,49953.478604388496,3.957831677888285,8.59284006519613,0.5696983012941715,115458.2447349309,4067,3713,979,5212,1740,1807
1640,21555.166242612122,26536.100365905484,48091.2666085176,3.9982387824288783,8.428844550100575,0.5685177802874442,114860.28809682353,5118,2616,1025,5485,1620,1654
1641,22175.93936532694,26466.73599096992,48642.67535629686,3.992849557807593,8.479439537258393,0.5683692601971896,115052.61642329692,4718,2956,1085,4953,1579,2227
1642,22549.619936636263,27079.010881061437,49628.6308176977,4.083097926359607,8.353529538259385,0.5706684868851056,115355.63516985667,4324,3434,1001,5171,2144,1444
1643,23180.40879084846,26774.463496220516,49954.87228706898,3.86518540882187,8.294195641491191,0.5690279657657715,115253.56275935541,5029,2879,851,4806,2246,1707
1644,21207.38630489323,26268.977963761703,47476.36426865493,3.496989113149529,8.508982792415472,0.5687570810168939,115060.84492274643,5316,2532,911,4453,2148,2158
1645,22531.27083197277,26989.39438039105,49520.66521236382,3.789121164255582,8.244491986981954,0.5722430983921343,115757.94433462434,4306,3408,1045,4790,2463,1506
1646,19309.10503425861,26951.393940281494,46260.4989745401,3.6461013006194967,8.762878321133039,0.5708461339021351,115639.5817525368,4486,3304,969,4829,2277,1653
1647,20869.65946577466,26937.659081139154,47807.31854691381,3.3776523246945467,8.547916170832085,0.5692244280915135,115176.99729082856,4953,2752,1054,4773,2045,1941
1648,24842.119837046637,26159.96392648366,51002.083763530296,3.8053110633362017,8.143687493575174,0.5721424787307952,115758.64920918363,4857,2902,1000,4763,2015,1981
1649,23302.066383827878,26676.215032863736,49978.281416691614,3.691794143190072,8.829436917803424,0.5700140655533731,115322.00539187496,5247,2390,1122,5006,1993,1760
1650,23327.010324571922,26243.257136050488,49570.26746062241,3.440608413116411,8.559264260925454,0.5702902947245975,115684.73115194701,5122,2817,820,5231,1913,1615
1651,21832.106730531606,27140.525411705985,48972.63214223759,3.413734565394593,8.365259518970952,0.5727233624033475,115735.09155109056,4718,3261,780,4639,2155,1965
1652,20342.553829427387,26789.299105719372,47131.85293514676,3.701274481375274,8.888988608989878,0.5690043221561271,115166.33306341071,4698,3165,896,4948,1845,1966
1653,22727.54769904546,26557.83196224471,49285.379661290164,3.6531179941881864,8.371328233134266,0.5710007388633875,115438.75761557762,5027,2850,882,4888,2149,1722
1654,19783.74992929745,26872.40379354187,46656.15372283932,3.7047514197288973,8.161972717272317,0.5717924678471602,115705.98102092855,4551,3261,947,4639,2435,1685
1655,23264.066566095156,26272.122624022464,49536.18919011762,3.8183560425740812,8.341574344092194,0.5695397514072754,115193.92674078468,5213,2593,953,5063,1747,1949
1656,20825.615754038943,26545.21648169223,47370.83223573117,3.8115433162400665,8.51742695682087,0.5688816184184672,115102.42571191223,4866,2972,921,4710,1958,2091
1657,22329.509132857926,26549.880332207234,48879.389465065164,3.9831730527707476,8.593345000401037,0.5699523394675818,115171.95225033774,4840,2973,946,4833,1886,2040
1658,21251.049866610836,26727.39823635381,47978.44810296464,4.205599152173603,8.693385588650509,0.568573035891029,115016.35810548949,4984,2712,1063,4972,2063,1724
1659,23375.043361182295,27450.212204375413,50825.25556555771,3.8866176963888175,8.704875599062738,0.5681634411055597,114804.29175728843,5153,2638,968,5151,1847,1761
1660,21616.974118265913,26912.402741055994,48529.37685932191,3.4719488344965206,8.753124037871823,0.5684141540547759,114691.08981032048,5280,2525,954,5070,1663,2026
1661,22263.113945485227,26388.234115351046,48651.34806083627,3.8609476350659415,8.580166167543656,0.5713877026881621,115246.04059974146,4980,2545,1234,4809,2049,1901
1662,23040.40382650382,25580.29520945432,48620.69903595814,3.8013220100854563,7.887764117722402,0.5706653808966289,115771.47551426404,4800,2915,1044,4545,2144,2070
1663,20116.443390873876,26568.090064437085,46684.53345531096,3.796341593304409,8.618536424549118,0.5711477051942809,115827.05231725026,3925,3700,1134,4477,2172,2110
1664,22088.55957480279,27595.36509158191,49683.9246663847,3.475954218052671,8.766621859300797,0.5723490729686551,115875.8858958498,4626,3285,848,4922,1992,1845
1665,23336.45640080787,25988.08008299617,49324.53648380404,3.6578778805694365,8.248531267391419,0.5711244399021083,115527.27065940008,4952,2933,874,4355,2350,2054
1666,20617.067326372045,26837.346284841384,47454.41361121343,3.988682803098053,8.7258736397959,0.5708052181553649,115506.04959006244,5042,2980,737,4692,1913,2154
1667,20522.20481102669,27145.08511132808,47667.28992235477,3.729005749052985,8.566804192531809,0.5716509001588235,115838.10492736696,4729,3026,1004,5046,1672,2041
1668,23152.654193234997,26715.293397714828,49867.94759094983,4.0997493887441046,8.44112233844596,0.570013381640287,115222.9730835225,5031,2836,892,4869,2182,1708
1669,19395.364341146527,27018.932538923884,46414.29688007041,3.8149097135753065,8.634279752508306,0.571035318540709,115605.36264939007,4507,3182,1070,5266,1717,1776
1670,20819.87925395987,26715.57258812353,47535.4518420834,3.4442773199116155,8.30185495076243,0.5707101019275164,115148.6134579744,4176,3441,1142,4783,1753,2223
1671,21649.683522783365,27312.09650021273,48961.7800229961,3.393346151498079,8.51025245798497,0.5707633400733713,115508.3330212441,4603,3237,919,4721,2102,1936
1672,22323.366634742262,26725.9857484219,49049.352383164165,3.324131313720882,8.453668000486141,0.5691117356716306,115193.04719402782,4638,3210,911,4721,2059,1979
1673,24026.231214369447,26442.824535689928,50469.05575005937,3.53996941722881,8.397214117174515,0.5706261308004194,115681.5524188178,4943,2922,894,4171,2668,1920
1674,25114.903668354254,26546.637660589946,51661.5413289442,4.075285318771177,8.601711935093086,0.5698598683278121,115247.03694266218,4677,3156,926,4963,2295,1501
1675,21210.020665261407,26364.828410845763,47574.84907610717,3.686763616180581,8.296183297570655,0.5701180320493789,115182.20801247844,5318,2504,937,4760,2071,1928
1676,23585.66888806316,27622.633497198625,51208.302385261784,3.6628680655311467,8.63650151712551,0.5707973214856068,115103.95261997903,4271,3323,1165,5193,1879,1687
1677,20812.95681485712,27299.50160864959,48112.45842350671,3.7054370272649937,8.77555376615519,0.5693460982021123,115042.10284868353,4595,3138,1026,4880,1637,2242
1678,22486.063760294903,26225.188086827344,48711.25184712224,3.359845083470908,8.609991032268017,0.5703284653833026,114947.24243464012,4691,3239,829,4786,1876,2097
1679,19833.542674352022,26409.560004449246,46243.10267880127,3.426076404521763,8.351967661414001,0.5683613594617812,114865.45823999384,4614,3131,1014,4502,1609,2648
1680,21515.357856584345,26757.930518516358,48273.2883751007,3.6087668580391408,8.340841535542465,0.5695042753432707,115309.36366751278,5128,2809,822,4760,1872,2127
1681,20784.832319928766,26312.13182755786,47096.96414748662,3.6655048629643456,8.53563272646781,0.5710813834849988,115151.88782537094,4940,2976,843,4858,1834,2067
1682,21254.629482885313,26867.24531985626,48121.87480274157,3.5399851083749194,8.398107505823978,0.5710879183478539,115552.65735967802,4688,2964,1107,4836,1803,2120
1683,23566.798824378915,26827.096023655726,50393.894848034644,3.7233729601213477,8.380614680338663,0.5720215700230815,115820.29605357129,4119,3625,1015,4852,2220,1687
1684,21541.79371888707,26309.947661314953,47851.741380202024,3.603196041918791,8.248284016835166,0.5689128506707215,114973.66472933181,5204,2833,722,4861,1871,2027
1685,21700.37719148284,26820.88267127009,48521.25986275293,3.550670836000228,8.556727952734288,0.5717854596398267,115423.41584457806,4427,3172,1160,4857,1805,2097
1686,21118.85318321548,27107.58620428292,48226.4393874984,3.730256950964167,8.895476388098965,0.5695976336162633,115228.06325925165,4924,2863,972,4547,2030,2182
1687,21957.322722268604,26209.142078342804,48166.46480061141,3.734183620016128,8.372437051357576,0.572028854977433,115735.84546910998,4699,2867,1193,4659,2365,1735
1688,21940.655766368924,27508.476832391665,49449.13259876059,3.687955423436467,8.807253351891555,0.5707876383652521,115518.29092351928,5215,2713,831,5041,1879,1839
1689,21138.2795067697,26115.21060976576,47253.49011653546,3.5242304785213197,8.561172491396997,0.5678295596637862,114791.02353076106,5353,2412,994,4949,1633,2177
1690,24477.23147649968,26787.980548004696,51265.21202450438,3.571678784721627,8.480561282673092,0.5703760690609888,115106.73234889461,5454,2439,866,4771,2018,1970
1691,21164.696010986238,26726.141148622657,47890.8371596089,3.6892832963622313,8.707391593527488,0.5689276030958598,114956.6888129816,5169,2593,997,4849,1817,2093
1692,21370.30134171514,27620.229531807392,48990.53087352253,3.453306180454139,8.63141559623003,0.5731667427366579,115798.00723430623,3991,3799,969,5071,2028,1660
1693,23050.710678344243,27096.381072941436,50147.09175128568,4.0134384161060925,8.640876081911808,0.5713914500075958,115901.60711330152,4413,3515,831,4987,2018,1754
1694,22042.948611494732,27278.361911234533,49321.31052272927,3.978589767672588,8.725799779719638,0.5702481430584632,115413.62428317532,4530,3235,994,5338,1490,1931
1695,23178.838198452533,27391.22588342096,50570.0640818735,3.7285975433541343,8.48684031272802,0.5698110629428749,115492.22695600893,4774,3146,839,5014,1724,2021
1696,23804.2250622824,26615.44006889138,50419.66513117378,3.625346280441544,8.69570723737399,0.5696458988851107,115243.459489782,5259,2750,750,4586,2205,1968
1697,23822.88752782604,27482.622349217483,51305.50987704352,3.8071865175755937,8.910603687657694,0.5695505882426208,114845.73913298547,4481,3390,888,5031,1950,1778
1698,20077.264547101004,27381.97651252536,47459.241059626365,3.2346345575816424,8.465588849155631,0.572305111241512,115879.69006003437,4679,3203,877,4765,1861,2133
1699,24376.232337319205,27009.01080798121,51385.24314530041,3.571158558763067,8.556206084883597,0.5687514177490187,114993.1775527467,5106,2839,814,4872,1793,2094
1700,22619.086273389825,27312.316112980698,49931.40238637052,3.4768209767836473,8.42280347344311,0.5708610724708213,115430.71950050234,4008,3751,1000,4952,1673,2134
1701,20412.827138647746,25758.97690299964,46171.80404164738,3.4394591096466,8.31316093132888,0.5690445894068255,115718.91201964526,5142,2619,998,4216,2126,2417
1702,21666.97494167959,27124.168941520606,48791.143883200195,3.7917690617202973,8.48974555416212,0.5712376097278827,115916.44097349937,4240,3521,998,5053,2067,1639
1703,22350.358928034628,27939.424813304413,50289.78374133904,3.9152958750826445,8.889756087314924,0.5700613825633096,115503.7249690819,3907,3942,910,5548,1442,1769
1704,22464.14856837088,26992.994195511015,49457.1427638819,3.755022920235346,8.635576927421424,0.5705766389945907,115728.93504204173,4683,3263,813,5074,1846,1839
1705,22013.820638510428,26819.632681855368,48833.45332036579,3.6090212756788187,8.34280606102908,0.5721598102362596,115832.78286417385,4381,3322,1056,4658,2290,1811
1706,21542.40037714123,27004.7190861601,48547.11946330134,4.036050526042603,8.733093516419483,0.5705379502108467,115447.5454376699,4662,3075,1022,5066,2139,1554
1707,24407.220315153318,27140.293703945074,51547.514019098395,3.727340577526096,8.74385311784327,0.5710213744995069,115870.45708416612,4346,3624,789,4976,1993,1790
1708,20220.556473076278,26873.25030283698,47093.806775913254,3.4370679718900776,8.770852245773108,0.5700286662050926,115145.38477324769,4883,2862,1014,4991,1490,2278
1709,22806.41461455124,27598.065700287927,50404.480314839166,3.5977455253137545,8.791230081918872,0.5695316398036491,115089.59023615917,4707,3125,927,5133,1841,1785
1710,21340.896537300723,27565.26156133575,48906.15809863647,3.5525513646394997,8.499072223969838,0.5699639426914459,115314.18392530423,4756,3211,792,5126,1603,2030
1711,22117.13729419767,27470.04167177231,49587.17896596998,3.399973738985923,8.668698744312797,0.5694767276160495,115178.1107697287,4355,3413,991,5009,1691,2059
1712,20993.90527621198,27799.257446453317,48793.16272266529,3.5818934638829885,8.876421964668467,0.5717714059899301,116115.27927323736,3574,4135,1050,4922,2119,1718
1713,25065.131945818874,27422.36268962279,52487.49463544166,4.053527026859895,8.61510848021419,0.5711010073108478,115621.03521217499,4691,3144,924,5021,1943,1795
1714,23588.94634689366,26303.427969519103,49892.374316412766,3.78434212314376,8.18809292213915,0.5709338791942046,115557.83447655773,5026,2988,745,4981,2152,1626
1715,23232.22293716157,27129.52597498794,50361.74891214951,3.3700230936277755,8.346566572612696,0.5696746921477516,115215.29730361726,4740,3364,655,5139,1666,1954
1716,21968.048508778335,26875.19858405156,48843.24709282989,3.474289079253088,8.84449118780858,0.5689455367147865,115288.83770663851,4314,3417,1028,4997,1844,1918
1717,21810.947834555285,26945.921288045378,48756.86912260066,3.663039496437661,8.579165111964809,0.570413568518838,115846.47423307538,4231,3745,783,4943,2015,1801
1718,21170.925548657364,25428.278220242257,46599.20376889962,3.3810554748863733,8.012312778466875,0.570887112179614,115751.89386784502,5034,2779,946,4324,2091,2344
1719,21495.70956897573,27581.23907289163,49076.94864186736,3.356076689946637,8.787268059468731,0.5711813827853924,115581.04314998093,4334,3379,1046,5359,1642,1758
1720,23914.88967316021,26026.371860451105,49941.261533611316,3.4693137873772697,8.502571779771412,0.5703882363145971,115164.643472696,5355,2424,980,4880,2126,1753
1721,23419.49276283475,26507.525489848285,49927.01825268303,3.8284384099284177,8.392848646654459,0.5698514202152937,115232.46909438606,4678,3060,1021,4700,2119,1940
1722,21034.786772068397,27305.104126333426,48339.89089840182,3.4706616734061773,8.545373437558533,0.5710194464608696,115768.5651042683,4144,3640,975,5015,1856,1888
1723,22602.90078658369,25763.089353222018,48365.99013980571,3.6720498245193927,8.270629050604427,0.5700717085750844,115031.13535273015,5357,2576,826,4701,2151,1907
1724,23151.768951935162,26525.855005102043,49677.623957037205,3.626315464572916,7.972579344859989,0.5716127098705919,116018.1325176041,4820,2883,1056,4729,2023,2007
1725,23784.979509109882,26950.86913525247,50735.848644362355,3.6440915046275353,8.69967762453166,0.5716279547875212,115338.18255411666,4531,3220,1008,5119,1888,1752
1726,22329.77369491751,28154.797911055182,50484.57160597269,3.7632371532459965,9.11349349849946,0.5713227933995073,115485.63331769996,4563,3238,958,5256,1848,1655
1727,24323.881446957243,27193.486789186707,51517.36823614395,3.8477648641306286,8.540022082551028,0.5692595568432282,115045.87856717344,5133,2717,909,4952,1979,1828
1728,21471.650050241402,27515.07942861998,48986.72947886138,3.5633164886538875,8.65468979190953,0.5707245685662706,115379.38327380929,4448,3199,1112,4834,1968,1957
1729,19258.409187321864,27229.534709600393,46487.943896922254,3.4982256246260497,8.644023314210438,0.5724291823637195,115910.1393429188,4375,3341,1043,4774,2078,1907
1730,22013.422308513065,27419.336302096868,49432.75861060993,3.74352241653531,8.468702261710575,0.5720039295779409,116081.20702208817,4428,3446,885,4823,2068,1868
1731,23678.304318697177,27351.037242767343,51029.34156146452,3.6169631726328944,8.605727364649269,0.5709400846989687,115651.29613450261,4280,3743,736,4915,2026,1818
1732,23246.821401285135,27889.842678820798,51136.66408010593,3.860858358263036,8.488068446991306,0.5689414657354307,114907.69276942818,4589,3149,1021,5261,1948,1550
1733,24075.63253652609,27632.8792911224,51708.511827648486,3.335829012490992,8.623051372076501,0.5698712452774569,114861.36423373317,4502,3459,798,5423,1810,1526
1734,21086.19424322753,27200.543115430486,48286.737358658014,3.1659599831391376,8.103536027378622,0.5733862597392562,116124.21164820157,4426,3516,817,4893,1988,1878
1735,22726.527748947272,26730.000415801,49456.52816474828,3.562360310705467,8.602794877911721,0.5702900903363537,115063.41219364507,5193,2502,1064,4798,1830,2131
1736,23865.56300007551,28556.829297938904,52422.39229801441,3.739979388274076,8.746153841306612,0.569326881892339,114781.59881574602,4531,3119,1109,5212,1559,1988
1737,20857.11388945019,26607.276164611583,47464.390054061776,3.6981350306970375,8.562338060116012,0.5702097409863651,115480.86706456477,4824,3057,878,4952,2148,1659
1738,22928.742144899614,27669.63033702032,50598.372481919934,3.2613255369778176,8.86119768887398,0.5708738123936171,115839.27154419823,4299,3524,936,5069,1799,1891
1739,23361.390679651373,26243.62353956587,49605.01421921724,3.6284790091899737,8.538509909527576,0.5697420348773188,115243.58517442364,4926,2869,964,4831,1866,2062
1740,22514.471674888333,26743.924338555484,49258.39601344382,3.4538608664873975,8.64387362301943,0.569984392735839,115552.50820011678,4705,3074,980,4810,1719,2230
1741,21861.261548909642,27100.64562382921,48961.90717273885,3.5852749300057183,8.453364158367792,0.5688512543660462,115184.34822185728,5081,2989,689,4729,1872,2158
1742,23638.218089156733,27934.849895528223,51573.06798468495,3.2249085207603208,8.704278174914997,0.5713571357655549,115481.72795584302,4066,3668,1025,5217,1787,1755
1743,22305.496313765667,27489.434866758398,49794.931180524065,3.5492015746185435,8.809013736882926,0.5689739060674375,114915.13921932307,5148,2736,875,5277,1723,1759
1744,25462.708553195545,26072.39378918344,51535.10234237899,3.7749186329657443,8.446213109070301,0.5702121052456497,115498.82512019914,4339,3520,900,4799,1983,1977
1745,23040.022365363995,26698.047421672512,49738.06978703651,3.8339577962863918,8.419192652457792,0.5690108073609216,115119.99059253006,4371,3581,807,4998,2043,1718
1746,23225.172895873347,27695.26235466129,50920.43525053463,3.94466949204752,8.644948548326546,0.5706855614297226,115740.14916383661,4038,3444,1277,5112,1866,1781
1747,26147.9417559792,26320.109221826428,52468.05097780563,4.081571314041612,8.334285381952903,0.5706721716894037,115336.43971174178,5732,2232,795,5189,1954,1616
1748,20303.52752969685,28399.075659255574,48702.603188952424,3.4214561130536914,8.720948190941295,0.5732594647724728,116078.86805342643,4119,3736,904,4875,1964,1920
1749,25523.195149983483,26751.050250463184,52274.24540044667,4.010528682389196,8.483129369449939,0.5722209542144646,115998.79665702663,4466,3369,924,4993,2126,1640
1750,23116.848603212406,26879.365860231406,49996.214463443815,3.6788827970588724,8.436788186444685,0.5683547705952136,114899.41050433437,4695,3076,988,4763,1792,2204
1751,23602.578971696745,27736.391890995317,51338.97086269206,3.6408411567628614,8.568727154598678,0.5697030771034535,115316.93956909991,4310,3372,1077,4744,2014,2001
1752,21762.4706830014,27183.360783342716,48945.83146634411,3.58203667174928,8.585139601613033,0.5703131397444229,115321.63871339381,4589,3104,1066,4814,2001,1944
1753,22414.640446463924,26727.358907895174,49141.9993543591,3.3047659540682286,8.27111889717047,0.5684011956382381,114935.81853214945,4942,2699,1118,5065,1691,2003
1754,22044.083932022913,26480.816483825205,48524.90041584812,3.7804641143978315,8.36979592782594,0.569696197733383,115113.4098702564,4841,2824,1094,4901,2061,1797
1755,22807.82168287141,28507.492022267314,51315.313705138724,3.6981399138081263,8.764984314551608,0.5718441814017627,115730.90154371341,4049,3608,1102,5028,1932,1799
1756,23465.72478700474,26638.46969125973,50104.19447826447,3.695431322010315,8.09499471520473,0.5708064499532425,115190.02702860699,5388,2495,876,4645,2208,1906
1757,23856.601171765276,26861.791440002457,50718.39261176773,4.010400266625651,8.477583381545204,0.5713271068354924,115638.30443375811,4330,3401,1028,5092,2038,1629
1758,23183.996530392356,27455.380227309073,50639.37675770143,3.7046542025188844,8.793234216681142,0.5701445354170969,115364.78618862735,4767,3137,855,4999,1939,1821
1759,26294.083962548037,27127.25200322121,53421.33596576925,3.904891095510813,8.325435774826099,0.5704382722239418,115338.80975431867,5029,2778,952,5220,1765,1774
1760,25404.5688466904,28371.959298720456,53776.528145410855,3.646961993001129,8.874494416700436,0.5707771827004677,115784.52321912663,3886,3767,1106,5410,1723,1626
1761,23321.013248279556,26687.44386004571,50008.45710832527,3.7332717416664183,8.248454422789536,0.5717267910593086,115712.64286353589,4257,3667,835,4665,1878,2216
1762,23088.238036652958,26104.86530500888,49193.10334166184,3.7085618774860616,8.431038849178616,0.5686142012198427,115051.16322558402,5158,2524,1077,4714,1808,2237
1763,23311.605952880833,27462.90770746593,50774.51366034676,3.3022286973653743,8.593914631280958,0.5715192223835925,115545.46465735104,4116,3693,950,5107,1903,1749
1764,25243.68972460819,27881.85336720628,53125.54309181447,3.722039400850201,8.327984044491137,0.5707383152837946,115512.9723863524,4221,3487,1051,5314,1741,1704
1765,22816.450465338305,27516.476822616652,50332.92728795495,3.373505147370634,8.280472711998788,0.5712087441076252,115487.45072548634,4540,3424,795,4845,2198,1716
1766,23667.895662299677,27312.266454626064,50980.16211692574,3.5030973785916486,8.482681961537333,0.568678212997466,115045.02664334701,4759,3043,957,5014,1735,2010
1767,22298.659222536207,26526.399690179765,48825.05891271598,3.6256153915210088,8.610522732504418,0.5692470784185006,114915.562068334,5321,2519,919,4655,1954,2150
1768,24238.439480768833,25892.258036287214,50130.69751705605,3.4577419309060318,8.23633829773053,0.5712776866793202,115893.94456624963,5032,2525,1202,4501,2132,2126
1769,22860.267727933428,27067.0369949743,49927.30472290773,3.603128157168316,8.761869339130723,0.5700309978338579,115071.12025345405,4998,2799,962,4952,2125,1682
1770,21851.60098965094,27442.03396811284,49293.634957763774,3.7848225197482774,8.408239331726588,0.5723569811451831,115846.49924170229,4310,3637,812,5218,1814,1727
1771,23363.42115876186,28810.69043325335,52174.11159201521,3.599309737106048,8.618234885497758,0.5690690713209857,114843.615942441,4533,3422,804,5706,1561,1492
1772,25289.161942869374,27074.167385160024,52363.3293280294,3.7787085374629337,8.423192929650154,0.5699360738508704,115020.41631746417,5237,2539,983,5716,1396,1647
1773,20135.11411081858,26362.680065532728,46497.79417635131,3.7065927377650314,8.453162605765925,0.5707720439661441,115550.9033557986,5163,2517,1079,4518,2209,2032
1774,21964.71668688388,27084.92585226164,49049.64253914552,3.490731051067393,8.090135473192476,0.5710763264486626,115709.15394917277,4629,3190,940,4723,2035,2001
1775,22136.4184350514,26061.24405335276,48197.66248840416,3.3482804632951746,8.107977263609845,0.569961644811838,115486.55650122609,4851,3054,854,4716,2058,1985
1776,26048.22220230679,27443.501349028895,53491.723551335686,3.475800112141226,8.688813773871154,0.5699942076991016,115265.69248265584,4672,3228,859,5574,1753,1432
1777,21661.987738350923,26754.139459730162,48416.127198081085,3.681611980686952,8.386729046846872,0.5706724226953203,115171.63537990343,5310,2577,872,4519,1978,2262
1778,24687.436302547132,27148.004485785106,51835.44078833224,3.86339035778328,8.432948621877975,0.5698406098068812,115534.93100404003,4581,3346,832,5467,1772,1520
1779,22274.724076288046,27084.73130325353,49359.45537954158,3.6371900317312997,8.913201140768798,0.5693268587795524,115315.51433947317,4863,2862,1034,5237,1569,1953
1780,24443.70826379627,26189.710181751314,50633.418445547584,3.7131891711686826,8.25907062885619,0.5696390197978993,115133.76354185556,5476,2551,732,4717,1977,2065
1781,25476.59551524956,28441.71520017233,53918.31071542189,3.5494551251542164,8.753283283611575,0.5715151647647675,115935.10145212823,4001,3871,887,5407,1892,1460
1782,22314.680472204975,28313.036375591077,50627.71684779605,3.604163233755495,8.986895869734358,0.5688484245024574,114987.2378616844,4452,3554,753,5833,1438,1488
1783,24577.41338254864,26278.143510707025,50855.55689325566,3.44635321308237,8.227993712880322,0.5720117453852824,115918.70917050145,4806,3184,769,4362,2700,1697
1784,23468.310537622976,26303.706638284828,49772.01717590781,3.4953671042780856,8.317607580408737,0.568584932633419,115386.92552551559,4927,2896,936,4863,1861,2035
1785,22809.13606123271,26753.82796845534,49562.96402968805,3.868277981871471,8.488385435933173,0.5689566963382742,115049.61578005893,5090,2959,710,5135,1866,1758
1786,22673.92346260851,27814.578944231846,50488.50240684036,3.7757884201406675,8.512811928748915,0.5718383041154017,116031.29653310328,4257,3665,837,5556,1837,1366
1787,21237.29471786373,27009.043681994233,48246.33839985797,3.319776854867373,8.251309211623566,0.5683782325211788,114684.51924164934,4734,3193,832,5061,1527,2171
1788,21028.450938891267,28239.2761536945,49267.72709258577,3.4077295804993244,8.831163355516242,0.5699214887488341,115328.93389848081,4016,3848,895,5401,1765,1593
1789,21512.797679921863,28287.35149627524,49800.149176197105,3.5323886818657817,8.77188073954963,0.5696402789168193,115220.61378351811,4094,3727,938,5693,1587,1479
1790,20605.026445207637,27468.62444530491,48073.65089051255,3.36485734527724,8.142573643026228,0.569835117573296,115012.20363219327,4598,3148,1013,4782,1967,2010
1791,24848.834003907683,26949.22373616647,51798.05774007415,3.478973585784197,8.416441330282815,0.5727239869243019,115948.16440788108,4824,3069,866,4951,1954,1854
1792,24421.455634959057,26416.10326881267,50837.55890377173,3.7269646278652697,8.185893251738433,0.5696196955443387,115377.56045357377,4628,3118,1013,4735,2170,1854
1793,23461.660237733824,28449.582563890846,51911.24280162467,3.6779937010626775,8.5532159120752,0.5722085221979062,115789.16764594479,4054,3723,982,5383,2053,1323
1794,21511.482615934554,27199.42889624385,48710.911512178405,3.623584991215956,8.883309533106804,0.5703246055447801,114899.49849543984,5016,2948,795,5126,1649,1984
1795,21772.140292467124,27495.789221869734,49267.92951433686,3.7902317050240755,8.81393546627077,0.5695853771332826,114991.15954134431,4953,2879,927,5317,1384,2058
1796,23685.24860394656,27336.468249227466,51021.716853174024,4.03815106023633,8.379197433349061,0.570854171170033,115776.93258541045,4595,3382,782,5026,1926,1807
1797,23170.91031875693,28307.720444651983,51478.63076340892,3.730526744084643,8.618768795497367,0.5694783168842378,115192.18355881188,4428,3329,1002,5463,1617,1679
1798,23108.11090803401,27674.98376392703,50783.09467196104,3.6983836919675825,8.300337862447368,0.5698876039099942,115393.71642725224,4130,3630,999,5230,1789,1740
1799,21177.762741695857,28223.902810073425,49401.665551769285,3.509080204523294,8.506459487158272,0.5712737559471468,115764.62203773706,4393,3672,694,5459,1438,1862
1800,21336.179323462038,26949.11300265072,48285.29232611276,3.3462388320761693,8.289764137901335,0.5698947118193463,115143.25254817546,4866,2998,895,4926,1405,2428
1801,24598.294958032915,27247.016038130594,51845.310996163505,3.1473600421963592,8.420987197490222,0.5683617980090457,114768.47031152352,5096,2891,772,5609,1462,1688
1802,22779.563582843533,26929.4387956445,49709.00237848803,3.6312674799048263,8.373021407346801,0.5688291900549176,114908.8338847665,5526,2178,1055,4759,1857,2143
1803,23296.56240527604,27830.924898543264,51127.4873038193,3.6033158301795662,8.655227878664233,0.5717614355270639,115479.04270194074,3866,3713,1180,4902,1967,1890
1804,25180.378701305883,26709.009285482778,51889.38798678866,3.585813970212989,7.985855137601266,0.5710008818066298,115123.05456300522,4996,2852,911,5051,1983,1725
1805,24088.85689921172,26805.223060065364,50894.079959277085,3.547324895823893,8.205257486520065,0.5709663858335757,115740.72091603879,4468,3245,1046,4780,2110,1869
1806,20944.294960608204,27331.263273953802,48275.558234562006,3.5817831843566648,8.526310501608831,0.567867332442404,114806.47378539042,4915,2973,871,4826,1685,2248
1807,22869.833315003834,27544.46824856029,50414.30156356412,3.7027093085341822,8.453031887512426,0.5706532789806897,115124.44786956022,4731,3069,959,5555,1695,1509
1808,24638.689261786756,27634.727163506726,52273.416425293486,3.566023215591345,8.410319045507958,0.5712570672574382,115458.85855936755,4168,3840,751,5376,1367,2016
1809,21387.798185561354,27479.151757400505,48866.94994296186,3.2277437159586735,8.665547503979342,0.5706352932677806,115095.5223254775,4880,2996,883,4978,1902,1879
1810,24534.081385872945,26761.702169000673,51295.78355487362,3.8197862917015466,8.521929481639408,0.5685498250351152,115151.94447482724,5234,2451,1074,4913,1799,2047
1811,23655.12239007697,27894.529860782684,51549.65225085965,3.658162661815404,8.82966593810263,0.5691242312534771,114820.2238488325,5134,2735,890,5120,1624,2015
1812,25058.091894121626,27968.645307219595,53026.737201341224,3.884323686246466,8.549256890628845,0.5719679040351043,115658.27789474698,4320,3649,790,5668,1633,1458
1813,23420.42698618049,28755.004072185602,52175.43105836609,3.512948993912074,8.384643790342674,0.5712411078487498,115627.31074081102,4376,3318,1065,5563,1621,1575
1814,24016.38297783982,27331.18994050523,51347.57291834505,3.6186759376877577,8.220391497387432,0.5698056333314199,115623.92158461615,4827,3043,889,4849,1743,2167
1815,21330.17556756403,28568.229401097273,49898.4049686613,3.5581658081487486,8.668509261984145,0.5679686414685747,114841.99241932858,4878,3148,733,5323,1615,1821
1816,22447.932479064628,27048.814503334106,49496.746982398734,3.4484257357807073,8.322723046377051,0.5704553353963369,115918.26112991675,3936,3867,956,4520,2120,2119
1817,24141.853998034992,26437.91395333264,50579.767951367634,3.8783920807952086,8.45044878580929,0.5716065153255432,115772.02480547209,4747,3155,857,4800,2100,1859
1818,23361.886874234235,27115.928810578996,50477.815684813235,3.537924424854338,8.441563805647423,0.5722926088338048,115767.18038344911,4142,3828,789,5013,1797,1949
1819,22268.75143192973,26333.4279839152,48602.179415844934,3.7130493623478884,8.429923219451977,0.5680064140456728,114888.07007989113,5078,2770,911,4724,2136,1899
1820,23475.538143530583,27006.353970951604,50481.89211448219,3.5658675441849983,8.465095201382555,0.5680014543980773,114776.27980011566,5562,2448,749,4956,1863,1940
1821,21501.619556678157,27486.411828114396,48988.03138479256,3.6544758101944637,8.285962469476932,0.5720947484805203,115603.97358357019,4657,3211,891,5092,1642,2025
1822,25045.64376711827,26574.66332010632,51620.30708722459,3.877061936142932,8.297218393955625,0.5686338951538911,114947.02010926053,4954,2942,863,5379,1802,1578
1823,23430.335047217,27725.62628478809,51155.961332005085,3.7614952784894977,8.765298845550674,0.5710512801864259,115663.71160736389,4437,3335,987,5405,1855,1499
1824,21917.631631414628,27717.995185453176,49635.62681686781,3.2936641973304064,8.456563802605825,0.568531501208239,114932.05151846234,4851,3067,841,4914,1719,2126
1825,22974.215052795727,26442.228939342713,49416.44399213844,3.2049249743601003,7.6464752792906365,0.5707235303273103,115527.40830695126,5192,2813,754,4461,2107,2191
1826,23826.204204099624,26208.30168145745,50034.505885557075,3.2843178864108182,8.07909143817487,0.5703266141992238,115831.53755152436,4446,3302,1011,4696,2033,2030
1827,22994.129580931854,27494.92201926117,50489.05160019302,3.5507734064625778,8.854812720719293,0.5690488064028386,114975.0840153733,5124,2832,803,5229,1616,1914
1828,22988.298697045106,26252.788537606255,49241.087234651364,3.390968693600377,8.223670095828743,0.5713417676915871,115991.89233219624,4901,3148,710,5167,1816,1776
1829,22532.04763003229,27268.785605396843,49800.833235429134,3.1333877369647376,8.373543329811604,0.571655621616913,115686.27782054954,4743,3289,727,5090,2006,1663
1830,24468.117966160127,28079.42542389045,52547.543390050574,3.716464949309353,8.654150438880926,0.5689286236018823,114783.28038903978,4824,2958,977,5337,1941,1481
1831,23151.56380585913,28736.25283887668,51887.81664473581,3.7045954459510524,8.746683350111468,0.5709519158611972,115458.84911644855,4043,3914,802,5618,1787,1354
1832,24976.475972752945,27678.17191870849,52654.647891461434,3.5649528579806358,8.69159990011668,0.5698718403590918,115376.27335108131,4391,3670,698,5444,1741,1574
1833,22757.572878301493,26800.407548756903,49557.9804270584,3.302086275249233,8.480161804989542,0.5692440043427237,115314.43852482515,4955,2818,986,5098,1381,2280
1834,21445.69433218495,26962.287835990726,48407.98216817567,3.1772705342280765,8.331070555985184,0.568772241592975,115229.24817099643,4742,3014,1003,4713,1712,2334
1835,23055.363317035797,27862.470685256903,50917.8340022927,3.2081176377124963,8.188977835420443,0.570623236495979,115588.27757513551,3734,4120,905,5308,1355,2096
1836,25004.86455995042,26864.811293547886,51869.67585349831,3.4803188269090954,8.501414645213556,0.5707718036037875,115629.42820318886,4056,3771,932,5170,1923,1666
1837,24417.203125666474,27767.624857811006,52184.82798347748,3.2726572797214892,8.603684059618912,0.5711814251381659,115501.13472451222,4321,3526,912,5651,1588,1520
1838,22912.884034182636,27301.607085194864,50214.491119377504,3.6021576317161514,8.062961697777173,0.5727617524159517,115867.97590759395,4862,3107,790,5059,1919,1781
1839,22500.414447804455,27583.662172969125,50084.07662077358,3.3506296656200214,8.126614741526376,0.5724819468522316,116209.7439264446,3659,4305,795,4911,1936,1912
1840,23325.311558922745,28067.02442405263,51392.335982975375,3.7370115175651923,8.80857835138889,0.568229413929322,114773.41332941681,4242,3702,815,5509,1534,1716
1841,25750.550330802453,27182.822933951284,52933.37326475374,3.7700313929063167,8.736675422735418,0.5670536243279277,114421.42551833985,5183,2755,821,5570,1519,1670
1842,21523.458651118166,27406.238250873674,48929.69690199184,3.287147386881792,8.497082629081893,0.569518942341591,114985.6285881559,4744,3165,850,5130,1562,2067
1843,23805.4104636482,27033.74314951561,50839.15361316381,3.2142707385561353,8.485497905423594,0.5690913713673894,115047.72617741142,5728,2327,704,5008,1757,1994
1844,23743.300354980584,29158.47802550589,52901.778380486474,3.3585493790722944,8.62269954547811,0.5714857148726215,115865.94498883045,3830,4095,834,5750,1690,1319
1845,25417.304940703947,26839.32142084438,52256.626361548326,3.661934036680033,8.374621905836399,0.5700878560214303,115429.84791218024,4896,3139,724,4660,2222,1877
1846,25296.06732307377,27393.559569998648,52689.62689307242,3.4572845388735596,8.67528611766145,0.5712717014345398,115702.09842401385,4317,3711,731,5199,1636,1924
1847,20100.870141137395,27124.847409957594,47225.71755109499,3.233906936218272,8.680132005623667,0.5698776695396318,115058.87411560812,5275,2605,879,5227,1851,1681
1848,27214.035734711786,27075.31219149422,54289.34792620601,3.3877863369106773,8.373708911225988,0.571601384139177,115431.33254585289,4715,3067,977,5200,2148,1411
1849,24921.984830967467,26500.035811293386,51422.02064226085,3.5682407347729956,8.083484239475233,0.5724706021862168,116217.8776890592,4720,3199,840,5009,1986,1764
1850,23821.601135058736,27140.270948142348,50961.87208320109,3.115760031526353,8.657531427348724,0.5720724295635298,115750.62494605292,4431,3437,891,4925,1728,2106
1851,23273.069817063446,27269.251962848,50542.32177991145,3.1233255990901827,8.164922237765024,0.5697324039634162,114909.5236585531,5704,2408,647,5069,1897,1793
1852,25954.302476562832,27973.3289832387,53927.63145980153,3.537660279426823,8.62455401405908,0.5700569859463075,115127.91346972923,4717,3306,736,5450,1785,1524
1853,22923.135193156737,27278.472735828404,50201.60792898514,3.5125009662041533,8.23159371655802,0.5733195198668509,116068.81350568321,4207,3675,877,4992,1920,1847
1854,23462.78229045912,28633.189754017887,52095.97204447701,3.4872498809147476,8.747276957144116,0.5689006389454776,114803.8343167906,4437,3474,848,5204,1470,2085
1855,24929.400626877832,25991.353523239457,50920.75415011729,3.327084803660775,8.03437609123366,0.5701279700404435,115539.20525881244,5417,2569,773,4856,2251,1652
1856,24133.905935594536,26039.52787058918,50173.43380618372,3.38555808037171,7.936700476504571,0.5701091306882652,115436.24006774162,5192,2726,841,4393,2282,2084
1857,21255.673117796203,27552.929935729688,48808.60305352589,3.146240380751593,8.789637956724626,0.5697729565663314,115156.50751146147,4713,3221,825,4894,1785,2080
1858,23392.637735857843,26847.377269019154,50240.015004877,3.267952572253709,8.017127352030537,0.5684580731999439,114897.19516400249,5188,2521,1050,4897,1785,2077
1859,23922.378477501206,27463.567262039876,51385.94573954109,3.2778188711337966,7.759046643859949,0.5722696134707164,115751.16914576224,4568,3444,747,4610,2207,1942
1860,25193.504895102782,28096.777683113647,53290.28257821643,3.5904864288443887,8.397287887874466,0.5702195257304689,115517.49425711113,4869,3279,611,5107,1779,1873
1861,24244.57095332153,27734.71983495223,51979.29078827376,3.5643060074929593,8.371224403102344,0.5715340447672914,115234.5378808952,5096,2764,899,5364,1714,1681
1862,26935.233309588584,27479.76149666346,54414.99480625204,3.5227989832843836,8.559466716560474,0.5707297820646969,115811.43065685639,4262,3858,639,5023,1941,1795
1863,26110.538657049274,27123.04895817726,53233.587615226534,3.518234607826756,8.317506160163006,0.5709293918678897,115351.3502263413,4574,3048,1137,4916,2083,1760
1864,25414.95658047427,27095.41007953756,52510.36666001183,3.4474844221754437,8.461137348938824,0.5683927509506638,114807.62461354822,5065,2980,714,5360,1640,1759
1865,24014.697227307024,27770.05935312347,51784.75658043049,3.762674287080133,8.522640929072319,0.5690227417196285,114757.21340726434,4843,3061,855,5310,1613,1836
1866,22873.702405397064,27350.771180961045,50224.47358635811,3.482167150032699,8.33180134391708,0.5713117170202339,115506.24187053999,4493,3401,865,5122,1444,2193
1867,21685.496617921894,27358.25487512892,49043.75149305082,3.3731928778946108,8.707155503786437,0.5699543354059371,115495.18175804123,4284,3767,708,5234,1543,1982
1868,22057.703751256427,27799.282250960357,49856.986002216785,3.570818364278563,8.50300889189153,0.5683350764993296,114656.77027819956,4674,2981,1104,5273,1563,1923
1869,24524.64537053141,26718.987726227984,51243.6330967594,3.0942109346336246,7.847837076765485,0.5719361987198882,115899.38957970562,4774,3310,675,4939,2210,1610
1870,22993.73105687262,27828.4284457124,50822.159502585026,3.4424755000801888,8.63502940903731,0.5687804321834937,114988.74942771843,4777,3079,903,5239,1578,1942
1871,23316.749115799244,26636.94717028337,49953.69628608262,3.227549963025796,7.739917799507905,0.5717981969708925,115449.64239204841,5177,2753,829,4623,1968,2168
1872,25845.917224839308,26824.129440082295,52670.0466649216,3.337594687740546,8.012501807338545,0.5704687459850619,114940.5310813945,4939,3035,785,4952,1840,1967
1873,23012.773606094564,27504.644072660478,50517.41767875504,3.6426987975573115,8.643452606075524,0.5701041661168725,115159.9304671904,5093,2674,992,4990,1778,1991
1874,24251.72109737877,28199.434604535178,52451.15570191394,3.542311380984963,8.600255483945398,0.5701543270669823,115521.34979443862,4634,3272,853,5597,1775,1387
1875,24546.174535885828,26634.756926496342,51180.93146238217,3.109954830195864,8.29447482040175,0.5689337290645445,115246.52555981399,4903,2832,1024,4661,1940,2158
1876,24979.423969080817,26863.471608631215,51842.89557771203,3.3757592369131584,8.251047753279465,0.5697184408838553,115232.22450522523,4949,3113,697,4574,2283,1902
1877,21408.94887874315,26873.842240251386,48282.79111899454,3.28518147237948,8.670823290464643,0.5696954380822952,115144.95605516921,4812,2884,1063,4482,1915,2362
1878,24874.9962441289,27087.438143195806,51962.434387324705,3.5465230950720508,8.142942948211886,0.5708165932406339,115426.78347950347,4813,3142,804,5139,2160,1460
1879,25550.49702277606,27765.616357044823,53316.11337982088,3.4541451647531347,8.430190807182319,0.5726122322291959,115775.6203945587,4520,3310,929,5094,2329,1336
1880,23901.447589230298,27620.34849691155,51521.79608614185,3.3192393583038386,8.312745501304535,0.572126868975875,115689.6216850709,4759,3213,787,5162,1894,1703
1881,22240.793183150374,26497.966256668922,48738.759439819296,3.2023453777693995,7.8757968082724945,0.5695535264124874,115391.52406548659,4710,2984,1065,4979,1837,1943
1882,25052.462226788808,26280.20122020749,51332.6634469963,3.4747357049722467,7.972939291257338,0.5722656317545631,116130.49873586744,4875,3146,738,4391,2413,1955
1883,25434.88004398378,27550.23023686018,52985.11028084396,3.732577697324779,8.076985410635286,0.5737622577128245,116073.74030298096,4477,3594,688,4636,2192,1931
1884,23904.599991900046,27963.457773601676,51868.057765501726,3.198596170865314,8.400668983639658,0.5729411942636893,115760.13137349607,4480,3467,812,5096,2030,1633
1885,25279.152460010922,27967.247791078855,53246.40025108978,3.55531570840399,8.831819701610806,0.5697190708130276,114990.15420726678,4730,3185,844,5330,1616,1813
1886,24061.269377280452,26314.38270532717,50375.65208260762,3.4306881758122767,8.149109550826221,0.5699058109970044,115582.2007982437,5060,2748,951,4420,2169,2170
1887,25225.75537602709,26999.688672859764,52225.44404888686,3.631364299206688,8.457599517078986,0.56957851839284,114992.6727185042,4809,3011,939,5008,1967,1784
1888,27345.39720228371,27221.28799913776,54566.68520142147,3.712876051840254,8.598318251347347,0.5680003964630388,114918.22673002894,4457,3420,882,5447,1994,1318
1889,25681.68796197988,28147.043234082612,53828.731196062494,3.7237840391705475,8.439459866217783,0.5688291386349179,115090.8779636137,4365,3527,867,5520,1420,1819
1890,24306.74856973428,27407.470367999817,51714.2189377341,3.5601533238300354,8.23279249267645,0.5698630842181795,115461.9762519183,4749,3107,903,4829,1650,2280
1891,24126.572210860602,26737.437464846913,50864.009675707515,3.479937524148172,8.040279172447583,0.568612296928109,114990.7223132501,5554,2421,784,4791,1764,2204
1892,23805.54652583098,28074.864115461125,51880.41064129211,3.348425830688167,8.689828836504649,0.5673525857467585,114451.55092220198,4989,3099,671,5366,1158,2235
1893,25806.30824870758,27288.33003909351,53094.63828780109,3.7838690219192466,8.257678469559407,0.5690051846323023,115042.22461153193,4877,2863,1019,5380,1961,1418
1894,25754.522487405557,26465.699522705785,52220.22201011134,3.6871229341736025,8.027776891588287,0.5697370642694329,115072.81296030575,5392,2681,686,4755,1827,2177
1895,24569.45999896471,27941.083835231693,52510.5438341964,3.701479189890813,8.843089770889923,0.569747118437658,115418.93743504984,4086,3763,910,5352,1761,1646
1896,22138.462101119618,28123.33483149673,50261.796932616344,3.4263977100304124,8.614596880368678,0.569241766473198,115215.08727217444,4416,3510,833,5698,1436,1625
1897,26177.58974382626,26975.96928843651,53153.55903226277,3.7086972533439573,8.368086371272069,0.5721887182494688,115486.05719722435,5631,2531,597,4992,1985,1782
1898,24069.066749739173,27287.963773321768,51357.03052306094,3.7216366749963887,8.396357124017637,0.5693694601901264,115042.21381346519,4876,2721,1162,5462,1437,1860
1899,24061.883264943397,26780.6406811365,50842.5239460799,3.202352223603413,8.00383130335427,0.570088927172927,115551.33611350186,4376,3451,932,4602,1786,2371
1900,23473.981805815405,26574.351462688912,50048.33326850431,2.9816161301173176,8.197208439279592,0.5705361334151159,115173.34426443987,4716,3317,726,5042,1839,1878
1901,24345.53221816911,26813.63959522591,51159.17181339502,3.347423325170755,7.860404936982011,0.5726276056861402,115792.28537406767,5096,2848,815,4723,2243,1793
1902,25014.34366737682,27696.794545331246,52711.138212708065,3.8680666365528866,8.558382782143289,0.5685387097408127,114988.4889225958,4949,2903,907,5576,1521,1662
1903,24715.79966216318,27814.252222880878,52530.05188504406,3.3777041483316927,8.537478370476208,0.5690651402336342,114940.92047489708,5204,2697,858,5376,1887,1496
1904,24155.952718031007,26647.206924529994,50803.159642561004,3.470289033229417,8.356477322454502,0.5684236130013789,114989.04251405688,4772,3223,764,4705,1823,2231
1905,25214.377340649542,27535.973522014683,52750.35086266423,3.4902275487972214,8.156613087707326,0.5702240864722136,115568.43376959857,4168,3603,988,5292,1835,1632
1906,24739.80626574343,27389.49829206682,52129.30455781025,3.5097690012182947,8.159900365376432,0.571372356344263,115297.40541889609,5014,2950,795,4685,2228,1846
1907,24554.91280314731,28347.14289632567,52902.05569947298,3.9060163978291196,8.360545709559089,0.5683352556961,114736.8009342729,4400,3339,1020,5717,1654,1388
1908,25615.524479729098,27305.809974818683,52921.33445454778,3.408833864240657,8.618661590248712,0.5711615263794397,115676.96606818274,4822,3084,853,4657,2136,1966
1909,25719.68256565794,26102.081130414823,51821.76369607276,3.7210461147440337,7.653708498558135,0.5702239841632157,115199.62281797465,4917,3120,722,4821,1930,2008
1910,22328.74527616323,28016.01932461361,50344.76460077684,3.3431148908088413,8.159406689380514,0.5707382771865804,115716.55438075519,3944,4007,808,5078,1838,1843
1911,25106.282425495723,27709.116822427153,52815.39924792288,3.088662997553491,7.807981870637706,0.5738877478032274,115532.24706955624,5059,3013,687,4994,1954,1811
1912,23847.25258434979,26811.19910851006,50658.451692859846,3.6052427660236672,8.817275712038448,0.5681377145430937,114745.93691700888,5847,2259,653,5350,1632,1777
1913,22953.963596515565,27464.117763226215,50418.08135974178,3.117692083244154,7.724261455068173,0.5721249890954423,115924.03206767108,4481,3549,729,5348,1862,1549
1914,24575.736549173536,27005.61751346918,51581.35406264271,3.599342858400026,8.5500815516865,0.5688766445444824,115157.91565025257,5085,2632,1042,5007,2131,1621
1915,25414.779964534602,26727.6249069113,52142.404871445906,3.559949639162024,8.163433553184833,0.5706541764755119,115108.32331848465,5270,2561,928,4845,1918,1996
1916,23401.51422505798,26646.811538563743,50048.325763621724,3.623250302735229,8.06764047603966,0.5690056281040785,115158.61138557139,4913,2696,1150,4917,1720,2122
1917,24999.512796390183,27774.614208460855,52774.127004851034,3.536760685814565,8.343247521037695,0.570737633059487,115266.04540640206,4597,3425,737,5386,1851,1522
1918,29251.96334551586,28516.596809445622,57768.56015496148,3.9597280997676076,8.789885137527827,0.569511119295676,115516.06378937501,3820,3805,1134,5588,1708,1463
1919,24342.77984564284,26571.354448158705,50914.134293801544,3.495380030090311,7.789603647683721,0.5709293563253816,115917.74407101423,4598,3191,970,4664,1896,2199
1920,25191.420327321037,27652.930268328128,52844.350595649164,3.7666449620482827,8.315649992854446,0.568346201975251,114731.1116876621,4194,3712,853,5565,1654,1540
1921,23750.52084254568,26855.70546099807,50606.22630354375,3.1616098150127065,8.36829818402854,0.5714680138444691,115963.66139345309,4885,3062,812,4757,1875,2127
1922,25767.346898272943,26757.639714934518,52524.98661320746,3.81049530265169,8.087669208203081,0.5691107979648738,115247.31879960088,4988,2968,803,4629,2358,1772
1923,24260.562259922142,26919.61782965593,51180.180089578076,3.7435314033318092,8.22903759832426,0.5690183311646505,115040.87393138606,5538,2286,935,4794,1918,2047
1924,24823.16442731372,26800.096788387444,51623.26121570116,3.464769820880487,8.019850674419693,0.5699789304916961,114978.70571751405,5364,2627,768,4842,1939,1978
1925,24251.40617142344,27207.89569927031,51459.30187069375,3.0819680073435283,7.935195585823669,0.5691042544432073,114740.21737420323,5018,2944,797,5048,1551,2160
1926,22265.932491375454,27363.811434269774,49629.74392564523,3.3131832665511745,8.140209282087174,0.5685647092606173,115046.22650467075,4861,2800,1098,5043,1569,2147
1927,23916.894890838234,27756.663087880883,51673.55797871912,3.645039177933404,8.349880427397714,0.5732904438418828,116130.80250101484,4237,3823,699,5032,1653,2074
1928,24756.80262561168,28386.972380446237,53143.77500605791,3.661582024492233,8.519095284334657,0.5703600992542515,115012.45793929839,4681,3314,764,5477,1774,1508
1929,22978.064021301503,28277.667328840154,51255.73135014166,3.174521543709665,8.091036984566287,0.5729453121423183,116100.59862977397,3465,3999,1295,5235,1461,2063
1930,24900.0955538093,26591.65346385693,51491.749017666225,3.108493091636231,8.225111395660733,0.5714929251875898,115367.33405041516,5693,2406,660,5157,1768,1834
1931,26765.890014899545,27691.651197017476,54457.54121191702,3.290092264921049,7.859015667413295,0.5710403138280215,115329.73203466162,4993,2958,808,4785,2072,1902
1932,25795.079192709636,28190.059140134046,53985.13833284368,3.7374633972294817,8.389796716722223,0.5708988265326563,115372.33706076846,4257,3669,833,5180,1858,1721
1933,23156.160804733696,27412.981719576932,50569.14252431063,3.5872013880037654,8.452284006020069,0.5698566288863846,115541.47403382017,4524,3400,835,5149,1483,2127
1934,24479.349507773168,28082.99192421109,52562.341431984256,3.43885058088427,8.849538633508317,0.5694723041972171,115051.53544067392,4478,3619,662,5221,1601,1937
1935,25478.598972155636,27842.807887019237,53321.40685917487,3.7735152001068313,8.412786325408817,0.5722781749066379,115699.2674563995,4121,3736,902,5497,1622,1640
1936,25560.646310920412,28267.224682529,53827.87099344941,3.4426983649817924,8.816053544324827,0.5695531014512579,114860.49155180366,4847,3185,727,5786,1436,1537
1937,25950.620369566543,27221.001249829296,53171.62161939584,3.8225009267195342,8.780283872798195,0.5681821928663862,114484.92190740054,5332,2573,854,5396,1502,1861
1938,25301.361121182974,26890.46055430574,52191.82167548871,3.0818052285004645,8.10099472799141,0.5713374614211238,115507.96269702037,4552,3231,976,4569,1987,2203
1939,22686.66268779581,27787.428874688452,50474.09156248426,3.0146820538293824,8.5028437173493,0.5711071173378149,115527.63146487558,4700,3250,809,4807,2017,1935
1940,24205.8847089837,26356.641163367134,50562.52587235083,3.7260880828808487,8.361142831817103,0.5693699006317232,114934.13674456086,4782,3082,895,5119,1896,1744
1941,24339.5770219842,27867.5569117075,52207.1339336917,3.413752650576301,8.469693037382319,0.5710944846780975,115172.1745331126,5262,2732,765,5285,1674,1800
1942,26588.509207993626,27385.980215154006,53974.489423147636,3.2602632855364315,8.074288997295463,0.5678667542169378,114934.31589728488,4658,3132,969,5066,1734,1959
1943,25246.62021985359,26379.901376014262,51626.52159586785,3.5108597677815756,8.345818767724792,0.5692768754046759,115182.49977030784,5293,2624,842,5143,1658,1958
1944,25637.31252726381,26686.730120731412,52324.04264799522,3.477655349194241,8.378844196543662,0.5717538199330124,116453.25843554658,4330,3643,786,4553,2386,1820
1945,27421.257106645255,26891.92398574202,54313.181092387276,4.108447925352758,8.458879931187107,0.5688085365479134,115295.66550464579,4741,3132,886,4636,2202,1921
1946,25050.69125632418,28059.912967274955,53110.60422359913,3.5759312510428867,8.470019880055583,0.5702229782552335,115644.28089748492,4283,3678,798,5278,1734,1747
1947,26294.72489867294,28050.401156984717,54345.12605565766,3.7252904986378144,8.138193910815568,0.5716804541463733,115742.15569264774,4365,3629,765,4927,2447,1385
1948,25514.47466308173,27981.269127470267,53495.743790552,2.9770762895798537,8.339902516875625,0.5702738762871445,114800.09862868815,4693,3015,1051,5484,1698,1577
1949,23564.614750408902,26940.39601349337,50505.010763902275,3.0337282830497254,8.334554762073795,0.5725633666823596,116168.21277630066,4540,3378,841,4610,2028,2121
1950,26109.626504075197,27774.715669732173,53884.34217380737,3.8407571844060184,8.44896428199037,0.5718544310247282,115651.81781385983,4790,3228,741,5173,1890,1696
1951,26234.417687265264,26774.477777432436,53008.8954646977,3.4423494889648687,8.080151951645034,0.5713540514499936,115328.15890653584,5084,2820,855,4804,2079,1876
1952,25041.858749763993,27331.349181549307,52373.2079313133,3.372801128287658,8.4703312688589,0.5716511210829008,115842.75939635982,4685,3122,952,4967,1931,1861
1953,25307.022208485178,27750.76492558018,53057.78713406536,3.6465225731859876,8.479733742805216,0.569126343184374,115171.29928612939,5021,2896,842,4849,2178,1732
1954,26959.377126401745,29401.19146280023,56360.568589201976,3.5124784397233397,8.85840142771251,0.5685044527097223,114960.6028551723,4221,3708,830,5807,1515,1437
1955,25600.5055181902,26416.447062821102,52016.9525810113,3.216148226265571,8.245874383182517,0.5699306720692437,115346.96926818912,4777,3048,934,4709,1714,2336
1956,24479.10033173197,26756.653865831795,51235.754197563765,3.067209566146091,7.750344488879086,0.5702341539051186,114824.93214332464,5137,2712,910,5059,1679,2021
1957,25267.82450719558,27125.2350126953,52393.05951989088,3.2448274900061973,8.205248579692944,0.5713828477359646,115458.8184291411,4734,3251,774,5251,2078,1430
1958,26718.284650501428,26543.254942140236,53261.53959264167,3.5709533238310427,8.117529879930109,0.5685462792768289,115059.1807027297,5278,2864,617,4905,2045,1809
1959,24433.835056030428,28838.83190798735,53272.66696401778,3.1457894197796037,8.759134878042302,0.5685018732936609,114743.3292894676,4869,3206,684,5164,1650,1945
1960,24865.052798897585,27768.756040898486,52633.80883979607,3.697600942697846,8.33789628912429,0.5703139142949584,115260.82068773279,4675,3190,894,5005,1749,2005
1961,25922.45463791941,26080.445583130375,52002.900221049786,3.248705698550555,7.982133801771559,0.5706396755898689,115245.84691497883,5459,2525,775,4225,2327,2207
1962,25895.231425627204,27369.20492222242,53264.43634784962,3.313626587059386,8.321399706864373,0.5724977559736267,115438.90844314249,4983,2876,900,4669,2157,1933
1963,25239.948833985793,27870.0102307694,53109.959064755196,3.1562084443960905,8.65317117841889,0.569094000903661,115016.75672301272,4692,3290,777,5791,1369,1599
1964,26511.587267559804,27104.03359277371,53615.62086033351,3.4182470509031178,7.832773553895204,0.5719394158290027,115130.42415348586,5188,2737,834,4803,1967,1989
1965,26500.856570075703,28506.324131748494,55007.180701824196,4.0187949428664345,8.305118246789197,0.5717924649409583,115541.15014371273,4270,3526,963,5431,2026,1302
1966,25197.003603051806,27437.357872077613,52634.36147512942,3.57643015183641,8.321603277401397,0.5687160897266442,114524.04292153822,5121,2713,925,5396,1565,1798
1967,26441.276522037388,27485.07428157059,53926.35080360797,3.2333239596038483,8.508754157666717,0.5722251173879701,115796.66566007695,5030,2913,816,5139,2256,1364
1968,25077.247983405447,27624.68193690961,52701.92992031506,3.552628798212859,8.52774008513595,0.5678171462906719,114563.38623116753,5616,2394,749,5164,1710,1885
1969,22506.36480050316,28037.15687147112,50543.52167197428,3.3996085575672392,8.517739544170222,0.5683471478399276,114730.60256607947,4829,3029,901,5566,1517,1676
1970,22684.854759853824,28400.74568552436,51085.600445378186,2.973560929255825,8.570785298821312,0.5696547871991006,115190.82216268474,4707,3280,772,4783,1499,2477
1971,24294.465975724605,26229.991219983618,50524.45719570822,3.207277560236574,8.012646619671818,0.5673211620718128,114846.70118674349,5637,2298,824,4550,1841,2368
1972,24708.50264526717,26335.270139186207,51043.77278445338,3.6074772292338886,8.097063324486422,0.5697141469984361,115128.4892986779,5757,2266,736,4517,2042,2200
1973,24881.83964725838,27538.600419635146,52420.44006689353,3.134240796364674,8.00604091024458,0.5708424790479476,115961.6567525353,4030,4067,662,4765,1796,2198
1974,25612.00523745755,27880.552408530773,53492.55764598832,3.410161361452221,8.110128195077188,0.5717571014642895,115763.52540476728,4504,3516,739,5041,1924,1794
1975,25430.466711130422,26702.112528253296,52132.57923938372,3.7483707676255267,7.797230266493893,0.5696112355062738,115224.56219708652,5117,2837,805,5024,2124,1611
1976,26133.110946147208,25912.229101060133,52045.34004720734,3.5611353947828603,8.194634728757485,0.5688235452786509,114947.42172460766,5074,2706,979,4685,1785,2289
1977,25782.940703041397,28129.655871842562,53912.59657488396,3.2311114809183508,8.166297788507169,0.5697168352265797,114861.92162688964,4614,3194,951,5541,1478,1740
1978,26168.982913594034,27647.290164292634,53816.27307788667,3.4271892405758617,8.01419604171136,0.5696880685216248,115141.61281144485,4495,3325,939,4887,1889,1983
1979,26043.919946890503,27559.396635918056,53603.31658280856,3.880746898369824,8.275580141295373,0.5694511200671357,115000.31059026893,4824,3237,698,5296,1961,1502
1980,25623.8087897974,28736.22953827275,54360.03832807015,3.5330610272490026,8.294380337665539,0.5711766102153796,115683.29000744995,4437,3499,823,5267,1815,1677
1981,24950.786505977605,27187.276334694456,52138.062840672064,3.522401685132576,8.463970176329,0.5713019830271824,116020.9464345342,4790,3103,866,4506,2121,2132
1982,23321.16102916995,26751.654438887934,50072.81546805789,3.365455691484506,8.03048948655252,0.5699800468116769,115127.88198801699,5057,2714,988,4658,2117,1984
1983,27625.975049747056,28139.382015532385,55765.357065279444,3.591369024132071,8.579049871241667,0.5675625662083688,114811.5897475483,5095,2855,809,5520,1518,1721
1984,25227.325579504268,27324.290765861435,52551.61634536571,3.351144769233762,8.339308767019865,0.5676977069811403,114830.11237031127,4955,2936,868,5051,1896,1812
1985,24048.54449855022,27877.897656218844,51926.442154769065,3.4810647951806635,8.57885912366571,0.5682684101902005,114850.86881574703,4916,3126,717,5200,1667,1892
1986,24544.595586047268,28485.680545825584,53030.27613187285,3.296266095538043,8.802275369962695,0.5696745516486894,114988.02155574241,4438,3654,667,5364,1540,1855
1987,27655.37027175968,29371.06662821527,57026.43689997495,3.522027602778689,8.981458933244232,0.5699567905388593,115339.91423687452,3293,4611,855,5757,1728,1274
1988,24152.41947337147,27358.547488902113,51510.96696227358,3.390058509284388,8.141553176669444,0.5690390831642076,114947.9831760578,5262,2587,910,4739,1924,2096
1989,23855.855564066445,25968.10804987512,49823.96361394157,2.9352106223287273,7.7920714830547215,0.5706452395185102,115669.58936408516,4877,3111,771,4828,1438,2493
1990,24579.368229969998,27177.999108756325,51757.367338726326,3.1515951239501017,8.371120959443877,0.5693608893097332,115403.70723844317,4556,3473,730,4976,1593,2190
1991,25492.950735166127,27555.9408135208,53048.89154868692,3.3901359934484296,8.326331368864206,0.5694499252009535,115451.1389779385,4920,2907,932,4648,2298,1813
1992,25334.023229928556,28116.178827341027,53450.202057269584,3.199985978415497,8.598115695375364,0.5674970203512474,114649.83914905673,5176,3005,578,5502,1393,1864
1993,24869.008118330294,26968.398429667366,51837.406547997656,3.1109510310674806,8.061599500520185,0.5695358491508051,114907.47090463265,5509,2495,755,5110,1665,1984
1994,24687.303588326304,26478.667322860554,51165.97091118686,3.578616199445262,8.054998378010854,0.5686350578458689,115031.89403382181,5069,2851,839,5166,1771,1822
1995,25477.989167785232,27104.341913727607,52582.331081512835,3.5390266930019125,8.412788851888557,0.5698711577334832,115264.82735173061,4735,3178,846,4751,1945,2063
1996,25730.53198768998,27996.54326714619,53727.07525483617,3.622948299959445,8.50827250896045,0.5713500751252872,115762.86380820505,4833,3014,912,5297,1687,1775
1997,25904.40451834774,27520.257135405183,53424.66165375292,3.9397277158506596,8.352373155837416,0.567790592826843,114856.67809167772,4582,2964,1213,5027,1703,2029
1998,23980.078460243963,26891.274619505824,50871.35307974979,3.4358757018912267,8.286688276674385,0.5677549244666812,114974.10719936929,4766,3001,992,4794,1670,2295
1999,25797.219544752366,28134.25848928029,53931.478034032654,3.6013871115398977,8.306668736542143,0.5691473215396212,115041.75292987992,4463,3463,833,5010,1859,1890
2000,23287.82761343992,27434.773332932786,50722.60094637271,3.1815639791467425,8.029843843000753,0.569824730373025,115229.75460943993,4530,3472,757,5175,1839,1745
2001,25034.052706552928,27452.05263734074,52486.105343893665,3.575175534559229,8.251020096449896,0.5702443740705263,115003.53890980502,4992,3004,763,5424,1738,1597
2002,23696.948909207524,29070.424532876863,52767.37344208438,3.4403061039214897,8.374224308681947,0.5728568513006381,115875.31751414042,3896,3951,912,5398,1813,1548
2003,27819.845584771803,27089.23327035921,54909.07885513101,3.519570904842185,8.312735135119548,0.5682899500552343,114979.73175997479,4673,2978,1108,5250,2094,1415
2004,27946.01269745514,26113.96959372685,54059.982291181994,3.019159111802364,8.227402751813807,0.5728317331166722,116138.97556630555,4724,3127,908,4681,2506,1572
2005,26181.873603884873,28147.890175638473,54329.763779523346,3.608031077060101,8.629757520720887,0.5717829154737295,115547.22563619532,4858,3079,822,5281,1634,1844
2006,28053.30908863843,27372.49142167098,55425.80051030941,3.638489464023593,8.180180169766224,0.5700625426606377,115338.86524275545,4556,3150,1053,5052,2295,1412
2007,25041.83683104442,27598.259861483086,52640.096692527506,3.3916320767750654,8.39221244206442,0.5690151587603965,114888.05350806928,4977,2995,787,5167,1743,1849
2008,27210.38142137546,27400.38025562511,54610.76167700057,3.7476005130197168,8.27930680784449,0.5703919429413864,115576.89817734364,4753,3134,872,5444,1687,1628
2009,24417.08165445719,27598.797830991884,52015.87948544907,3.309170783537157,8.19566672428239,0.5718050457088945,115881.74392514858,4649,3219,891,4868,1842,2049
2010,24186.851725275836,26697.55226788762,50884.403993163454,3.382048609273666,8.496856758156511,0.5716762459101505,115688.92969072216,5259,2691,809,4557,2264,1938
2011,24062.767610554278,27543.865519629035,51606.63313018331,3.504532703949879,8.244652555442798,0.568002258305596,114678.6424249982,5323,2669,767,5205,1512,2042
2012,24273.484454252583,27393.39516649897,51666.879620751555,3.1187363113815283,8.473532031670455,0.5697389046206115,114909.82936303123,5450,2526,783,5233,1454,2072
2013,25469.70446589916,28132.12089217998,53601.82535807914,3.358100523044717,8.391068282590274,0.5681195875460736,114681.00889120226,4447,3341,971,5093,1718,1948
2014,24156.844666798817,27520.1779652579,51677.022632056716,3.487212368637546,8.485102921198134,0.5699084891755116,115204.00250107324,4633,3466,660,4731,1786,2242
2015,24298.397310189568,26991.424730624625,51289.82204081419,2.8240417999381133,8.456094845798985,0.5672378592627852,114822.52613018092,5481,2519,759,5157,1551,2051
2016,25708.982776335568,27312.34418147736,53021.326957812926,3.036030547562588,8.135874415572221,0.5704530461861627,115290.64462458642,5090,2882,787,4982,1838,1939
2017,25550.893901486976,28288.010378391285,53838.90427987826,3.262952886111165,8.426380592683959,0.5690477514584255,115185.41201080637,4469,3688,602,5453,1339,1967
2018,27719.773654502045,27249.893690121065,54969.667344623114,3.4097688294411816,8.19238143550609,0.5704349689005006,115225.61403715506,4590,3346,823,4933,2271,1555
2019,26994.91091835674,27929.352500811205,54924.263419167946,3.654915950174408,8.154451301681174,0.5689971711372978,115059.86432967788,4606,3374,779,5276,1885,1598
2020,25708.30560614819,28600.58843550373,54308.89404165192,3.3301428603163363,8.500229994240637,0.5713561985315242,115405.9078452838,4640,3336,783,5072,1813,1874
2021,27559.194410228178,27330.149377926802,54889.343788154976,3.204273742614191,8.338313476933111,0.5720514521701453,115433.69834342404,5168,2662,929,4922,2083,1754
2022,24701.63017991169,27126.238662341337,51827.868842253025,3.3880514288428394,8.15190889053001,0.5703743993395247,115037.34902330513,5763,2262,734,5006,1718,2035
2023,27147.82103547141,27777.37418019668,54925.19521566809,3.747801628230925,8.410464293647173,0.5711384444864136,115550.13283451281,4689,3120,950,5372,2007,1380
2024,26155.34301690533,27865.19862882766,54020.54164573299,3.237141996889696,8.726336674784811,0.5710045711557019,115430.5214303254,4837,3288,634,5243,1680,1836
2025,26836.05558946075,27545.523024617305,54381.578614078055,3.656397293960942,8.435771451327644,0.5677634607844572,114755.27602020634,5628,2286,845,4989,1791,1979
2026,26147.67042281914,28124.507291407364,54272.177714226505,3.469610863306648,8.598167354556002,0.572962061332135,115768.10145416787,4425,3591,743,5516,1811,1432
2027,26207.765929774832,28168.580854128468,54376.3467839033,3.364588005003172,8.628291490384228,0.569358449653104,115112.88237828438,4982,3087,690,5314,1375,2070
2028,26860.42750793066,28991.051914307725,55851.479422238386,3.3387819096243105,8.404521252578732,0.5721138469977768,115825.29960423101,3764,4001,994,5561,1753,1445
2029,26201.13879584794,27636.392970524983,53837.53176637292,3.277183060254178,8.512624683384336,0.5706049359531365,115527.46295325077,5746,2484,529,5449,1756,1554
2030,26131.961108820735,28394.927190878345,54526.88829969908,3.2128930786421517,8.426592637509172,0.5699999741788615,115354.91000286161,4520,3338,901,5680,1651,1428
2031,23979.68765266369,26849.78657165108,50829.47422431477,3.39246495665863,8.163066968594988,0.5721672189729192,115917.2739041686,4939,2983,837,4709,2232,1818
2032,26019.742478304568,27656.50091386917,53676.24339217374,3.25558885341132,8.460536469606303,0.5710138754944929,115821.49473281374,4502,3554,703,5031,1578,2150
2033,27119.41506167295,27385.123415226084,54504.53847689903,3.5858522650626865,8.596025840489823,0.5690383449296309,115702.23459065368,4836,3225,698,5189,1847,1723
2034,27308.597767253388,27339.34198017503,54647.93974742842,3.7475153638393963,7.787504624213322,0.5702603319200543,115519.06400437055,4772,3067,920,4893,2331,1535
2035,25382.02899512281,26710.479471440376,52092.50846656319,3.4321389542628564,7.94844247957719,0.5729934320887957,116311.1402256881,4316,3523,920,4499,2193,2067
2036,23887.305750053776,26722.066620165802,50609.37237021958,3.338735169776773,8.205580576630165,0.5665929307439025,114743.04684056733,5469,2492,798,4897,1748,2114
2037,25261.937899587007,28664.533699008847,53926.471598595854,3.476366034259935,8.691506873329926,0.5694348297806306,115239.65704360207,4537,3603,619,5971,1225,1563
2038,27090.203898628653,27979.01368911435,55069.217587743,3.8626287469007954,8.482064137763823,0.5686330987400023,114826.47721878687,5068,3027,664,5281,1841,1637
2039,24902.28748714448,27477.753676318916,52380.04116346339,3.423299187566283,8.457968168945497,0.5693287264953849,115323.62668074614,5387,2797,575,4770,1667,2322
2040,28122.25272837886,27895.616419533744,56017.8691479126,3.678333957763242,8.428122704620675,0.5702411653989394,115398.69304435776,4852,3254,653,4965,2235,1559
2041,26606.419556624234,27717.092197154492,54323.51175377873,3.3701686214164273,8.299386105889996,0.5693030436662797,115049.74807390604,5007,2994,758,5043,1776,1940
2042,22453.318467074518,26114.62601815423,48567.94448522875,3.008040198035271,7.438843612508812,0.5733060855698109,115480.5188340046,4975,2683,1101,4320,2097,2342
2043,27981.677555332928,27683.535991604214,55665.21354693714,3.486132300715914,8.276834841546659,0.569949668941174,114982.87687675563,5398,2470,891,4921,2102,1736
2044,23141.589984992035,28590.173551755117,51731.76353674715,3.4138399666097046,8.29952468219706,0.5686446114752499,114929.25580354515,4317,3517,925,5452,1611,1696
2045,26286.029670933305,27787.16014942879,54073.189820362095,3.103070212507448,7.94412825455038,0.5700203315259936,115258.80955437945,4567,3156,1036,5351,1698,1710
2046,27695.263259737683,27234.48614758529,54929.749407322975,3.772031602537541,7.970765386713724,0.5691812726555753,115066.61224986044,4891,3047,821,5447,1953,1359
2047,26562.983965285344,27158.650608823602,53721.634574108946,3.466019889105425,8.704853438742415,0.5706430143174359,115424.63706923442,5015,2783,961,5339,1941,1479
2048,27333.84699635843,26098.95657795489,53432.80357431332,3.501152403859943,7.885838484887138,0.5713548003674932,115945.5905913937,4884,3152,723,4981,1781,1997
2049,26623.8101660296,28029.282976013677,54653.093142043275,3.499427358379953,8.676216045818865,0.5727567924524655,115930.31689079097,3922,4106,731,4745,2028,1986
2050,23691.110660211405,27895.28490941864,51586.39556963004,3.074958604557157,8.347717734772894,0.5697678729730202,115187.37837453559,4927,3192,640,5544,1682,1533
2051,26023.713251878547,27701.406500430367,53725.119752308914,3.1429215097458485,8.38749536688313,0.5700105574021305,114887.00592804005,5379,2811,569,5356,1981,1422
2052,25928.643507697285,27817.888455188237,53746.53196288552,3.1330264516782798,8.309081646154937,0.5713809060841942,115538.46995594149,4326,3619,814,5309,1565,1885
2053,25172.15349959361,27872.87871964,53045.03221923361,3.2673329686498764,8.072351785769515,0.5721698546823475,115908.14997066202,4661,3281,817,4992,1771,1996
2054,25161.4178396348,27950.36087968167,53111.77871931647,3.5851500761785635,8.299041126127138,0.5707148956212714,115468.82011345496,4491,3539,729,5406,1697,1656
2055,27798.41617618742,28960.27289046909,56758.68906665651,3.721520026903179,8.379120582541852,0.5710755838336602,115301.6133925039,4473,3723,563,5801,1586,1372
2056,25789.99102952277,27538.147860128087,53328.13888965086,3.2747416738750825,7.690667710026562,0.5714507779457422,115508.18166411645,4794,3198,767,5198,1818,1743
2057,24060.78469305758,26150.07783581679,50210.86252887437,3.341427974223399,7.835775378689135,0.5670973041234277,114612.69123511549,5102,2843,814,4535,1708,2516
2058,25049.239013618135,26297.9988154009,51347.23782901904,2.8695502105435775,7.603831813805765,0.5671993670650071,114788.72158828733,5019,3098,642,4622,1488,2649
2059,24876.139265739595,28130.251004111058,53006.39026985066,3.713046720219235,8.016211285867724,0.5698744234024404,115392.86209112582,4314,3607,838,5381,1542,1836
2060,25764.311218104467,28245.281400964148,54009.592619068615,2.875896223092835,8.308453441204072,0.5705799735651387,115830.64298079154,4471,3581,707,5064,1765,1930
2061,26899.22464830467,28332.66354300637,55231.88819131104,3.392528660489305,8.28193595074801,0.5703614520939241,115656.01276158312,4484,3491,784,5425,1722,1612
2062,25773.060969739432,28595.057638435046,54368.11860817448,3.0169744731719654,8.595888481486158,0.5704591289466043,115577.91197734018,4096,3840,823,5377,1793,1589
2063,27333.025932340788,27150.930319013194,54483.956251353986,3.4562049591738533,7.9871578189836185,0.5689288468479129,115322.0741905436,5339,2761,659,5227,1413,2119
2064,26911.0461666209,27720.489523542117,54631.535690163015,3.817570451951165,8.180808029966112,0.5701604372932256,115190.37964952421,5042,3070,647,5171,1851,1737
2065,26137.349254195982,28827.87192660924,54965.22118080522,3.8564362004054105,8.394940204860813,0.5681501658169312,114873.5171510837,3872,3895,992,5760,1457,1542
2066,25037.768835912597,26792.453436175718,51830.222272088315,3.097743966219704,7.9638215977534434,0.5714667514737214,115840.89049355056,3982,4047,730,4888,1530,2341
2067,27052.033519911838,26801.664398720037,53853.69791863188,3.6684009065952066,8.302038296825959,0.5683396851791939,114992.89492165922,4926,3247,586,4915,1770,2074
2068,28871.236935446843,27554.56821977266,56425.8051552195,3.431725802581278,7.98250674011862,0.5698130361460533,115622.1865930539,3864,3737,1158,5417,1754,1588
2069,27862.287026729307,26578.827659289214,54441.114686018525,3.254629070629478,7.994132602744978,0.570503065783076,115447.73587452021,5493,2492,774,4551,2201,2007
2070,25223.91001050836,28162.661322064563,53386.57133257292,3.387580399536051,8.072181665993975,0.56908346728401,115082.18328395768,5042,2986,731,5243,1946,1570
2071,25150.632054075017,27157.668932318436,52308.30098639346,3.578067592396834,8.04835174859889,0.5690406969097513,114940.71393019804,5560,2533,666,4775,1837,2147
2072,25394.385225062844,26824.69661710574,52219.08184216858,3.1224066510298782,8.042124064747115,0.5735854733897046,116468.77415570797,4943,3243,573,4744,2000,2015
2073,26585.83167143457,28716.6362733253,55302.467944759876,2.9543108137011433,8.340278849568483,0.5730423095500596,116065.32409433668,4427,3754,578,5060,2070,1629
2074,26826.732953183902,27318.50805177802,54145.24100496192,3.2537304473893265,8.219051925372689,0.5707993591960682,115642.74731708772,4618,3515,626,5011,2111,1637
2075,25765.893886396774,27812.899591119014,53578.79347751579,3.139439013377068,8.091620699901068,0.5712008148356479,115570.72229574402,4535,3382,842,5217,1776,1766
2076,25831.741950621465,26351.801695287188,52183.54364590865,3.0100332915966646,7.705863679144327,0.5708472461742561,115231.37870652495,5679,2410,670,4609,2060,2090
2077,26504.46106750549,28490.70947274855,54995.17054025404,3.4008676066512504,7.888287494865782,0.5714207474366596,115452.8105492257,4541,3615,603,5142,2269,1348
2078,25391.35677154509,28052.632421141177,53443.98919268627,3.1848965844013124,7.90332157521664,0.5710136122267279,115242.27387799977,4336,3888,535,4859,1831,2069
2079,25463.668369115832,27230.705676262292,52694.37404537812,3.065744622306671,7.682088038274732,0.5745055447217611,116154.74447756541,4484,3353,922,4743,1956,2060
2080,25382.872536887135,26296.74947616346,51679.6220130506,3.429393925752734,7.8990310713863625,0.5698523805526683,115199.24235171944,5574,2602,583,4097,2382,2280
2081,25828.803276118382,27302.84474286787,53131.64801898625,2.861659498764518,7.872890287702574,0.5708548276904556,115519.46086292567,4881,3159,719,5240,1705,1814
2082,28142.95042789923,27284.077011754554,55427.027439653786,3.2215828954789716,8.052506285435678,0.5704742864769602,115127.82611845902,4948,2974,837,5048,1890,1821
2083,26887.306810728027,27291.865835893776,54179.1726466218,3.337996966651881,8.04994635825528,0.5717721745779883,115954.24975540998,5406,2645,708,5175,1979,1605
2084,25860.57088720605,26426.220819541053,52286.7917067471,3.42875192646189,7.898069264005841,0.5744196644232498,116245.5363347041,5364,2527,868,4934,2099,1726
2085,26404.822849478154,26818.878195820656,53223.70104529881,3.0587969916329762,7.84080452168689,0.571981299904684,115855.22807373227,4880,3144,735,4771,2058,1930
2086,27466.98176362842,27561.060209443163,55028.04197307158,3.9501151339089158,8.451178663419974,0.5684452291424177,114953.79170488943,5243,2800,716,5304,1675,1780
2087,25012.80448245841,28358.61162789297,53371.416110351376,3.058960303117207,8.303261419549449,0.5701524633834336,115250.72142305081,4736,3359,664,5228,1854,1677
2088,24550.284021298317,27379.282700510703,51929.566721809024,3.2919863497267894,8.420470618204783,0.5695722663829069,115324.98996835711,4990,3053,716,5006,1666,2087
2089,27611.706929699663,27826.48616582124,55438.1930955209,3.38591271340701,8.308188930639849,0.5708538125373241,115763.77770492162,4975,3098,686,5137,2003,1619
2090,26307.42774704298,25930.35954688059,52237.78729392357,3.14408224981367,7.7994498090878475,0.5705344271963736,115593.98130073075,5532,2315,912,4880,1702,2177
2091,27193.030101850087,28469.728099572083,55662.75820142217,3.549686165783992,8.588543745971988,0.5713736831424169,115445.17587195101,3875,4002,882,5122,2046,1591
2092,26842.218213143096,27855.570945009287,54697.78915815239,3.19801368680962,8.312073513440867,0.5695598510833182,114914.86801363152,5125,2951,683,5141,2035,1583
2093,26321.82913050075,27352.648561213224,53674.477691713975,3.3728301719555605,7.998658292018981,0.5703865584667026,115415.53790932862,4459,3589,711,5106,2038,1615
2094,27198.132257904228,28901.3585972766,56099.49085518083,3.276398831957927,8.502071899018034,0.572044253464475,115454.25296363965,4348,3522,889,5301,1892,1566
2095,22400.14614168865,27297.569043439333,49697.71518512798,2.73345686279026,7.7188592054191805,0.5708812777496486,115626.32290706591,4456,3578,725,4757,1547,2455
2096,25076.009003782812,27467.411300565225,52543.42030434804,3.024412268171026,7.996899315685199,0.5695849064109718,115178.09983846016,5193,2877,689,4761,2042,1956
2097,26115.798588260874,27251.70293180216,53367.50152006303,3.3138472149922307,7.71017622033179,0.5701309767894702,115790.71110751254,4793,3392,574,5165,1994,1600
2098,26985.724162694827,28622.925026059318,55608.64918875415,3.3023881546710134,8.347665689579655,0.5698341311475329,114878.28217539878,4798,3128,833,5750,1668,1341
2099,26840.36183481077,27010.767044808024,53851.128879618795,3.220165843676198,7.783394555526567,0.5726950110603889,115560.27189686795,4644,3234,881,4663,2139,1957
2100,26711.403887581542,26793.929187236692,53505.333074818234,3.3331017933422378,8.07427019660983,0.5684000909739845,115055.6017125595,5421,2643,695,5060,1725,1974
2101,25318.702263842868,26828.833787132742,52147.536050975614,3.0036194893900863,8.138573967508613,0.5686025768816295,114862.74450808448,5214,2618,927,5039,1549,2171
2102,27157.78714433683,28557.576379450762,55715.36352378759,3.4887126821738126,8.445664055127516,0.5689680417722772,114735.14938065711,4881,3084,794,5617,1447,1695
2103,26306.688054831255,27584.88235005295,53891.5704048842,3.154889122669434,8.453474765814878,0.569466208433346,115060.43138153073,4932,3096,731,5099,1538,2122
2104,25256.169006401436,27041.88125939857,52298.050265800004,3.085644117211514,8.022482739646833,0.5696315449794348,115553.95641188294,4774,3424,561,5329,1374,2056
2105,25061.10312383729,27430.063272238018,52491.16639607531,3.349709323021748,8.039247483409156,0.5699785820123605,115326.528373947,4614,3405,740,4738,2100,1921
2106,25874.75735719526,27800.361583845726,53675.118941040986,3.247155184494549,8.151411475644005,0.570294842002854,115028.56087334799,4414,3497,848,5305,1516,1938
2107,25509.52584269548,27412.01224449121,52921.53808718669,3.5325190476319195,8.00237092832403,0.569196894497399,115131.44920935051,4598,3320,841,5079,1789,1891
2108,27134.446462593827,28174.777969504878,55309.22443209871,3.8455764392929837,8.40611688332072,0.5712942313311749,115464.70456198032,4493,3307,959,5332,2090,1337
2109,26691.111924843633,27323.795409433937,54014.90733427757,3.1098630757386974,7.845754404266404,0.5707567265033069,115325.50218137895,4505,3616,638,4746,2183,1830
2110,26548.99401655273,26947.632161381123,53496.62617793385,3.3362358418602773,8.069454438357,0.5706208335371343,116086.75366077428,4885,3200,674,4661,2126,1972
2111,27980.957848471902,27227.59250835679,55208.550356828695,3.65447175251067,8.284147324166941,0.5686371535705775,114813.30684251348,5145,2876,738,5310,1807,1642
2112,27719.308970965125,26200.381059689447,53919.69003065457,3.58367394471167,7.635363598724905,0.5719360120980859,116106.52407324004,4699,3148,912,4303,1879,2577
2113,24428.40763829831,27203.28565272676,51631.693291025076,2.9301169920521897,8.289220319635607,0.5695020523742399,114908.00059322132,5289,2743,727,4925,1806,2028
2114,25092.16073447895,28828.89586643712,53921.05660091607,3.2104419039146745,8.456103127759716,0.5705365222059472,115063.46360377713,4750,3208,801,5509,1615,1635
2115,25660.97447525715,27929.620500584606,53590.594975841756,3.219989152440422,8.089509687302849,0.5724135664766832,115742.55187944687,4219,3345,1195,5151,1745,1863
2116,24624.110192626755,28392.048859710372,53016.15905233713,3.2971698054678473,8.374539032113427,0.5699000305947929,114756.9879698397,4937,2899,923,5651,1392,1716
2117,27008.372111673874,27768.578580849142,54776.950692523016,3.095183420847502,8.110572621858099,0.5681468436438707,114668.94121648955,4919,2811,1029,5547,1306,1906
2118,25248.37622697155,26765.72226455443,52014.09849152598,2.9641405928520683,8.125268186376918,0.5686572490547033,114700.85196482141,5322,2741,696,5053,1911,1795
2119,26069.97256878478,27437.853450586168,53507.82601937094,3.4607920995422896,7.984237724030949,0.5698341884830717,114970.09339885548,4691,3172,896,4765,1991,2003
2120,25898.115614384715,27868.331340546247,53766.44695493096,3.482926085615975,7.977461595334186,0.5702505339203844,115263.4990720054,4776,3275,708,4846,1840,2073
2121,25529.29445904564,28610.00243040506,54139.2968894507,2.8104192376595325,7.897616662578415,0.5728729080431213,115781.26493929714,4182,3735,842,5282,1926,1551
2122,24363.285891363394,27251.93445619112,51615.22034755451,3.3755691765769176,8.265329943904433,0.5710586118829897,115256.71226315366,5579,2366,814,4666,2155,1938
2123,25492.18819719447,28238.48649229586,53730.67468949033,3.3193902948675404,8.408646051256133,0.5711061859936752,115468.78815238309,4088,3764,907,5189,1826,1744
2124,25692.095842430575,27607.22997619915,53299.325818629724,2.7929465680129293,8.45492483822225,0.570705454108918,115464.05661921967,5211,2728,820,5125,1801,1833
2125,26327.637043754556,27897.70173942329,54225.338783177845,3.2785859137826785,8.528144351151319,0.570488666579484,115459.35912861461,4961,2801,997,5070,2040,1649
2126,26078.261162733692,29089.210176719756,55167.47133945345,2.956261678789957,8.486961551378222,0.5707899425415293,115446.62402722765,4121,3950,688,5499,1670,1590
2127,25853.599482601665,27291.552104257713,53145.15158685938,3.065927332229477,7.922577655130378,0.5699900390969964,115492.34568709762,4958,2883,918,4980,1693,2086
2128,25943.690275938374,27107.203857573153,53050.89413351152,3.249034138810095,8.418421364261985,0.5697084576644583,115099.57419620949,5458,2475,826,4754,1890,2115
2129,26216.495774880867,28749.29328651942,54965.78906140028,3.378412115153969,8.09703358733228,0.5731444713904486,116058.27722303088,4334,3927,498,4636,2169,1954
2130,26955.40478921616,27173.133860360784,54128.53864957695,3.1774141812603105,8.359910730376948,0.5685662853266957,115033.10015889248,5083,3077,599,5192,1823,1744
2131,27123.33581295091,27172.023098202095,54295.358911153,3.5167498215426303,7.993565866756965,0.5700222604658639,115750.28207126922,4882,3097,780,5111,1964,1684
2132,27972.08377947489,27742.586976080278,55714.67075555517,3.776977127337606,8.276027602921646,0.5705734115195547,115657.14436511532,5049,2960,750,5233,1639,1887
2133,27959.971698670386,28294.554984755323,56254.526683425705,3.4394496680888467,8.403617326860708,0.5698399824372069,115374.24536243673,4887,3313,559,5416,1743,1600
2134,28339.82025767905,27012.327757553496,55352.148015232546,3.570971816231987,8.049492951623726,0.5698509125447155,115240.87808645732,5024,2636,1099,4915,2399,1445
2135,26555.814370383487,26657.53723982449,53213.351610207974,3.263084738225461,7.654160506200924,0.5716365903964792,115393.74915734318,5500,2607,652,4906,2113,1740
2136,26890.66889523938,27929.408989134496,54820.07788437388,3.375751567471277,8.020910285512256,0.5707102216748761,115395.52904648257,4379,3576,804,5480,1839,1440
2137,27826.759398841383,27478.370594688822,55305.12999353021,3.33514885149878,8.241945572457825,0.567839576067881,114550.42558485147,5227,2777,755,5386,1560,1813
2138,25144.733897556132,27118.575228705497,52263.30912626163,3.2766825928227776,8.02202918377334,0.5699063938726661,115388.36779801623,5051,2716,992,4828,1816,2115
2139,25171.343435302148,27278.765923975567,52450.10935927772,3.3283717379304325,8.284828426743404,0.5711012381087733,115381.38346562316,4491,3525,743,4314,2119,2326
2140,27129.223113142023,28465.184886369083,55594.40799951111,3.8003149551937527,8.269791873220278,0.5692669453074808,114588.67518749072,5031,3154,574,5532,1596,1631
2141,27598.86221321989,28261.366302386275,55860.22851560617,3.072492658239802,8.432841819329512,0.5688602297524451,114532.55641004554,5712,2338,709,5629,1410,1720
2142,26977.489935840935,28677.586583332246,55655.07651917318,3.2676314443988725,8.56837751643691,0.5678180226191677,114393.06529023606,4186,3839,734,5707,1232,1820
2143,26365.817452438434,28191.80327728767,54557.6207297261,3.272217484508541,8.261066300772624,0.5688585642058925,114872.1175654329,4308,3645,806,5164,1684,1911
2144,26927.902183449616,26105.78462424565,53033.68680769527,3.053847597163347,8.364069744658748,0.5692824705836455,115072.83615490435,5811,2472,476,4535,2157,2067
2145,27306.911866132148,27698.70054750697,55005.612413639115,3.1349178463175957,8.374163994756604,0.571519537663507,116061.56316152298,4680,3372,707,4862,1841,2056
2146,26371.572475484052,27349.688053891656,53721.26052937571,3.3622387705318393,8.287177541274186,0.5681218484846371,115222.52391118812,4600,3517,642,4429,2131,2199
2147,26660.23980192433,28294.578727515734,54954.81852944006,3.4992014749895133,8.08398725163635,0.5696887786539895,114759.09994636485,4874,3175,710,5143,1558,2058
2148,27211.76010962281,27510.820992807912,54722.58110243072,3.4957792042171594,7.87909836729689,0.5696903961571708,115059.41438934013,4845,2968,946,5036,2058,1665
2149,25169.12076103921,27680.00315485472,52849.12391589393,2.761472639777752,7.657858703191483,0.573727073422781,116234.65001106338,4040,4004,715,5095,2058,1606
2150,25816.13629704833,27782.638734596505,53598.77503164484,2.8649814042160795,8.18973089426293,0.5712368204202274,115879.9274662208,4577,3325,857,5070,1935,1754
2151,27145.10463131125,26643.43871635679,53788.54334766804,3.258607208030523,8.277671083877859,0.5678978208084852,114887.20340252502,5300,2605,854,4787,1876,2096
2152,27418.685982585925,27441.22037589404,54859.906358479966,3.489461199584446,8.379417307018873,0.5678729650425213,114577.66218384856,4680,3256,823,5627,1258,1874
2153,26556.057548495715,30079.58409784572,56635.641646341435,2.590257555492902,8.718061187511182,0.5693178346966745,115287.19165853897,4256,3896,607,5716,1416,1627
2154,26750.64811697317,27194.808468172596,53945.45658514577,3.3397508627186943,7.704011445642221,0.5717981057664941,115667.2470685491,5427,2505,827,4931,2005,1823
2155,24466.55817676022,27910.876061549996,52377.43423831022,2.9276045397478696,8.307975061881299,0.5687254264576574,114568.97685175268,5173,2725,861,5344,1398,2017
2156,26713.394433097226,28649.442437975118,55362.836871072344,3.5525437630995693,8.363067583983232,0.5698638528079027,114860.88936432329,4396,3661,702,5630,1457,1672
2157,28109.245242859888,27955.201090375154,56064.44633323504,3.213283081423791,8.199068580633964,0.5696358122654419,114845.15602280751,4946,3054,759,4861,2012,1886
2158,28706.72610098155,28922.952457556934,57629.67855853848,3.6062508471688886,8.173320355557331,0.5699949614214526,115056.52622928808,4236,3692,831,5449,1611,1699
2159,27636.361106501943,27416.428023638553,55052.789130140496,3.6115473626577854,8.467120160230305,0.5703483886782696,115461.67594006495,5085,2758,916,5088,1946,1725
2160,27546.92076302774,27613.689531828393,55160.61029485613,3.4153549963415646,8.169334288857629,0.5722537253787238,116119.80251389337,4323,3713,723,4535,2390,1834
2161,27893.12557736574,29499.759713179035,57392.88529054477,3.6766553807396343,8.405773277299724,0.5690481092084091,114935.35530480914,4326,3734,699,6032,1357,1370
2162,27239.91338869711,28597.563053435373,55837.47644213248,3.2677024385411024,8.518543756687272,0.567919798069599,114476.8583343254,5119,2951,689,6195,1361,1203
2163,26162.480492474973,26786.483200579158,52948.96369305413,2.800785128930276,7.6931528161640745,0.5699862308640506,115629.0492818438,5387,2666,706,4841,1729,2189
2164,26431.395548582706,27579.895872358826,54011.29142094153,3.3119027015740286,8.241707923097922,0.5702044147380275,115089.8109581389,5203,2757,799,4965,1880,1914
2165,26977.133030598234,26911.981836931995,53889.114867530225,3.504990166396485,8.319485243523554,0.5698098627362108,115088.70687522627,5390,2605,764,4907,2026,1826
2166,26539.011624257997,27897.63629099129,54436.64791524928,3.7672997066910447,8.224704472303761,0.569322436031764,114785.67215325216,5099,2681,979,5574,1703,1482
2167,27246.881471653138,29091.918945770864,56338.800417424005,3.4411748947172747,8.515304090343443,0.5708472773020317,115616.56467832111,4260,3782,717,5402,1509,1848
2168,26198.67507228721,28020.975279187514,54219.650351474724,3.520827597552587,8.06629489137062,0.5681551427897186,114667.0477754603,4441,3360,958,5286,1467,2006
2169,25204.542778545525,25891.761267938018,51096.30404648354,2.7988578646122977,7.722947826585719,0.5699840307205131,115495.1461063839,4716,3131,912,4472,1774,2513
2170,25814.14548011943,27293.739666984442,53107.88514710387,3.093802841732531,7.873050603746603,0.568782039356099,115130.18901877018,5234,2688,837,5124,1340,2295
2171,27273.558027295276,28654.424147385602,55927.982174680874,3.1493334010292653,8.028207468248347,0.5713664314518023,115274.865394763,4357,3720,682,5329,1666,1764
2172,27943.493779958684,28368.844191700788,56312.33797165947,3.3067046379090534,8.043274351792146,0.5693556685090907,115247.72926632193,4838,3254,667,5562,1308,1889
2173,28732.34895317335,27240.56665004719,55972.915603220536,3.2691262096480873,8.203826302104845,0.5676107529885056,114429.22617274855,5552,2513,694,5466,1417,1876
2174,29053.111930326813,27690.516875408623,56743.62880573544,3.15117005353349,8.058900641954976,0.5726858875955513,115566.5249719439,5061,3026,672,5223,2333,1203
2175,27331.230648391003,29377.956550933697,56709.187199324704,3.272426765842251,8.321553006195517,0.5710292704487754,115671.88204582449,4154,3804,801,5702,1545,1512
2176,27471.85083829916,26973.41079150767,54445.26162980683,3.2876351978905807,7.2401371830248475,0.5733226212328232,116221.53409817624,4853,3187,719,4862,2418,1479
2177,25569.633491731616,27066.3751361389,52636.00862787051,3.4238273107043784,7.640140288726809,0.5707662129929552,115209.9236849629,4997,3189,573,5289,1722,1748
2178,25043.58877939734,27750.41880021477,52794.00757961211,2.833899841375649,8.44814808981589,0.5715861620109914,116028.00530768902,4466,3346,947,5093,2037,1629
2179,26762.93601924651,27375.44825450393,54138.38427375044,3.569934820774977,8.594095171729887,0.5696847712329137,115011.65168277832,4924,3063,772,4951,1788,2020
2180,26370.569595568988,27217.205681004612,53587.7752765736,3.360183502802087,8.039620397652962,0.5686731739939257,115137.43908141599,4436,3373,950,5108,1536,2115
2181,26407.154739958627,28197.423320527105,54604.57806048573,2.8229220767345726,8.176920427938164,0.5704237845476083,115260.39398450468,4567,3269,923,5653,1588,1518
2182,26845.55002981665,28448.20489556539,55293.75492538205,3.15365187742267,8.225696558882365,0.5701638404189857,115215.72572706499,4311,3765,683,5598,1471,1690
2183,27360.356566211427,29313.723497361098,56674.080063572525,3.3853964445540203,8.359039642822157,0.5692911438193134,114958.1133059216,4879,3101,779,5377,1633,1749
2184,25835.42161264323,27591.24550664944,53426.66711929267,3.35694044945958,8.345046883479995,0.571715355151749,115671.03674139545,5090,2988,681,5112,1488,2159
2185,27216.086309230734,28002.04224711612,55218.128556346855,3.2806992976106013,8.048939188535646,0.5716430717261017,115723.54846619489,4702,3476,581,5220,1969,1570
2186,24424.053143374065,26945.899143978342,51369.95228735241,2.9128091024412024,8.042395448175697,0.5717495298706297,115967.18646677541,5186,2918,655,4884,1965,1910
2187,26077.383940337084,28175.87839310542,54253.2623334425,2.9067288787676593,7.487657145157416,0.5711161288870077,115327.7044240567,4680,3339,740,5570,1417,1772
2188,24313.572972885784,27899.698351285693,52213.27132417148,3.272772704970774,8.290790310947882,0.5702038723531885,115044.99241103552,5138,2947,674,5174,1606,1979
2189,27493.358245045427,27750.882249320457,55244.240494365884,3.099042279372044,7.676224724773628,0.5753954446991046,116322.30849094117,4765,3398,596,4626,2022,2111
2190,25095.23540948857,27325.284866420483,52420.52027590905,2.960371612643809,8.024715397742108,0.5696376676152076,115124.3637806945,5806,2253,700,5107,1972,1680
2191,27933.79550689005,27952.55259551396,55886.34810240401,3.152820973226609,7.963899247079662,0.5707757797932196,115229.51858590882,4886,3126,747,5224,1839,1696
2192,26740.695550854947,27940.002750221203,54680.69830107615,3.509214204491471,8.140918624920213,0.5701901217859027,115074.72566181877,4798,3151,810,5329,1676,1754
2193,27419.691998581835,28315.20274374692,55734.89474232875,3.144089721763442,7.783128791944681,0.571088879918919,115234.27285138927,4611,3301,847,5184,1969,1606
2194,24931.365301951562,28558.566093269448,53489.93139522101,2.7468952733953667,8.236102036816215,0.568050913689522,114729.22431466995,5065,2787,907,5146,1619,1994
2195,26869.941212279755,26863.935764817827,53733.87697709758,3.2216173855720935,7.931925697798446,0.5707025827879175,115368.16696471162,5301,2784,674,4421,2202,2136
2196,28460.895420453446,27241.2389880258,55702.13440847925,3.7382663502957927,7.958985297764421,0.5693581781089221,114955.48674368115,5417,2700,642,4922,1914,1923
2197,29184.831542481643,28719.08753477277,57903.91907725441,3.55282166359278,8.069741210390873,0.571688916461347,115373.94306000875,4848,3261,650,5690,1784,1285
2198,27315.702106590477,27707.31024330402,55023.012349894496,3.193672379519829,8.245274956300173,0.567752035764937,114850.37592663769,5695,2436,628,5254,1599,1906
2199,28002.569071527734,27470.250923122596,55472.81999465033,3.2870598403926845,8.124914681716385,0.5694403469902977,115052.17206568093,5351,2882,526,5306,1828,1625
2200,26509.10909191801,28494.94730288796,55004.05639480597,3.4101068472475657,8.275085501693658,0.570247650164627,115423.75657040409,4874,3167,718,5271,1723,1765
2201,28696.621299371043,27802.510592885912,56499.131892256955,3.2863028448995637,8.178070519450065,0.5691069176547613,114811.94621445106,4733,3468,558,5047,1638,2074
2202,25428.898501055304,26614.454225837373,52043.35272689268,2.7205066934160875,8.243668646413228,0.5670079994054411,115024.1175866484,5125,2763,871,4932,1667,2160
2203,28028.498113855396,26910.809435076546,54939.307548931945,3.241064999696603,7.856849003796711,0.5687125490513085,114796.31058783836,5526,2429,804,5164,1869,1726
2204,26384.737624154783,27497.129042638728,53881.86666679351,3.105801035251988,8.126311229170732,0.5693332339582811,114900.95102149378,5634,2526,599,5019,1578,2162
2205,29181.38758775303,26953.268561008073,56134.6561487611,3.5580664806393685,8.19811489242722,0.5690158331763792,115086.42105123248,5527,2399,833,4710,2085,1964
2206,29035.029424315926,28087.20372927681,57122.23315359274,3.4141027385014455,7.992646377992548,0.5710125446795249,115255.4089549521,4912,3142,705,5104,2028,1627
2207,27022.16684895087,27482.066513903555,54504.23336285443,3.4727772255834712,8.031010546592139,0.5693577791771512,115154.65710957817,5181,2748,830,4914,2232,1613
2208,28903.38973544168,27916.100657372568,56819.490392814245,3.569513064270967,8.525613253785528,0.5691118659266665,115513.32564202526,4685,3559,515,4726,2364,1669
2209,27786.63780913573,26748.36211288501,54534.99992202074,3.2807816444154323,7.7414976903842145,0.5711719116795378,115495.11955291318,5024,2941,794,4432,2070,2257
2210,29063.042067740484,26854.075974750594,55917.11804249108,3.3718972817978026,7.711412994163105,0.5684031334294904,114957.65147740566,4995,3049,715,5076,1752,1931
2211,27503.465038395545,27307.740590621037,54811.20562901658,3.417395372902103,8.11855129533336,0.5702290949152898,115456.76378085204,5127,2884,748,5062,1619,2078
2212,28184.467951245388,28335.348653634323,56519.816604879714,2.990626231892938,8.126798795375844,0.5704863060284084,115139.0516402279,5016,2855,888,5235,1881,1643
2213,27714.443455411027,27823.39509549106,55537.83855090209,3.124295111209673,8.431202411154455,0.56900089973013,114987.01768495701,5040,2844,875,5519,1547,1693
2214,27628.806728783184,27066.547811687265,54695.35454047045,3.4512861347803665,7.9942376922556955,0.5678621634552268,115148.21253196777,5365,2861,533,4579,1880,2300
2215,26626.43348981568,27015.55381716861,53641.98730698429,3.1041074003423352,7.629744707619889,0.5679827906735564,114952.29423595514,5193,2952,614,5102,1707,1950
2216,27685.085677519666,28842.448848296073,56527.53452581574,3.025066413739549,8.036961805233798,0.5681731274056909,114828.19333785775,5283,2929,547,5296,1651,1812
2217,29361.093926367055,26755.07226464796,56116.166191015014,3.806310961449945,8.193196478526163,0.5689457944910465,115300.94266142583,5355,2613,791,5159,2182,1418
2218,29642.09909463377,27543.490000836806,57185.589095470576,3.370587108635444,8.002985057947148,0.5684576608850243,114733.05416782715,5434,2564,761,5569,1769,1421
2219,26631.086186470384,28009.769346776095,54640.855533246475,2.9039049633955507,7.822820109932996,0.5710287678912584,115066.67149746507,5106,2882,771,5033,1775,1951
2220,27090.02052510025,27041.997100282675,54132.01762538293,2.9346286860778594,7.879542086503459,0.5704774785675749,115109.84126054563,5018,2998,743,4846,2015,1898
2221,26339.20478776238,28350.317242871653,54689.522030634034,3.433342397480225,8.418093715136314,0.5684598319783504,114997.92787994673,4883,3300,576,5213,1869,1677
2222,27908.832085245416,27857.149513210916,55765.98159845633,3.2655481751060513,8.15663420734673,0.5683880345451697,115234.4190466817,5168,3036,555,5271,1704,1784
2223,25560.524964700548,27320.081929288386,52880.60689398894,3.0314569582555824,8.09922736497964,0.5708976623509954,115441.36879387395,4914,3100,745,4720,1769,2270
2224,28431.565608019293,27470.510848408845,55902.07645642814,3.2828942756793036,8.231037468169726,0.5689898413552664,114936.95645248065,5270,2977,512,5064,1741,1954
2225,26935.469430516245,28317.817935698647,55253.28736621489,3.317664872920556,8.172809984567216,0.5691646724181013,114894.30497097461,5240,2887,632,5500,1315,1944
2226,26674.404435043594,26895.70946068792,53570.11389573151,3.169365082029044,8.013454759784345,0.5718688411364822,115921.27811126955,5045,2975,739,4901,1928,1930
2227,29112.040909099425,28359.587697928957,57471.62860702838,3.5245890783399285,8.450897326208516,0.5690102772748122,115145.1159174845,4210,4051,498,5130,1735,1894
2228,27446.471966792447,28048.336354308703,55494.808321101154,3.1348020420924554,8.255248652439928,0.5722527461343416,115570.38227525531,5066,3033,660,5205,1845,1709
2229,28095.879377585046,28691.918014078805,56787.79739166385,3.0993226067664006,8.082824941471793,0.5698873575518792,114844.94556279405,4941,3172,646,5617,1529,1613
2230,28332.574785760735,27757.0499130507,56089.624698811436,3.1934646027363365,7.837783741629543,0.5709923434179247,115171.9103334325,5682,2464,613,5137,1799,1823
2231,28001.890922053473,28427.29070180966,56429.18162386313,3.430912728449848,8.221124823548758,0.5718218981605742,115973.05709120656,4136,3740,883,4967,1772,2020
2232,27027.475751046182,27363.3057133003,54390.78146434648,2.9038624674365145,7.698439519634298,0.5708330217241272,115533.71564797962,4783,3172,804,4736,2049,1974
2233,27789.816950051787,28801.667789940748,56591.484739992535,3.202750244637283,8.197797165856509,0.5696472810072122,115037.2463607517,4976,3239,544,5150,1884,1725
2234,27602.722908072115,27345.598430742775,54948.32133881489,3.2347282982800354,8.194862441328219,0.5719316781308666,115902.68960414753,5241,2982,536,4766,1965,2028
2235,27079.41348226085,27316.893463123393,54396.30694538425,3.315862334219285,7.94424881005399,0.569828059521274,115645.92401268451,4947,3206,606,4710,2029,2020
2236,27890.25379487326,28245.508036238993,56135.76183111225,3.5265721045123977,8.306481908119123,0.5709050638201986,115710.47524430342,4395,3646,718,5336,1838,1585
2237,27779.488387813886,28423.659142781653,56203.14753059554,3.496034622914029,8.329784116018477,0.5691717255572785,114592.77419839715,4877,3145,737,6051,1203,1505
2238,26444.86924922112,29477.07381665184,55921.943065872954,3.099841373538726,8.148679301928818,0.56898642412853,115038.25949888153,3670,4228,861,5917,1372,1470
2239,27916.343408463013,27663.836049490557,55580.17945795357,3.3048214275782564,8.191185830529678,0.5713820240192229,115728.73073669606,4892,3180,687,5352,1608,1799
2240,25420.01649211081,27757.96112003939,53177.9776121502,2.8755539087312916,7.792021227566056,0.5685753428802685,114831.55555226265,4583,3606,570,5284,1385,2090
2241,27060.45583248885,26605.793471609533,53666.24930409838,3.115293479553996,8.06694168108055,0.5708124895457539,115498.66410466918,5212,2596,951,4537,2020,2202
2242,24035.611167427458,28086.675212567792,52122.28637999525,2.7344831790998105,7.949378730150735,0.5715169840872137,115467.05301359955,4226,3747,786,5241,1468,2050
2243,25866.516314027125,28728.67602502226,54595.19233904939,2.69354737568981,8.360504909547766,0.5706536121636967,115847.01285895769,4155,3848,756,5406,1801,1552
2244,27146.77486054197,26426.9895388505,53573.76439939247,3.362052478939318,8.034285474771453,0.5671764226682444,114822.8011401472,5624,2272,863,4828,1657,2274
2245,28304.38176538574,27342.93580843236,55647.3175738181,3.136776991980371,7.851936705337767,0.5701317282569133,115740.46637375727,4674,3466,619,4997,1589,2173
2246,29506.715027536404,27546.656794044484,57053.37182158089,3.486101469967098,8.029321864918112,0.5692324798412005,115074.62727006647,5095,3133,531,5461,1965,1333
2247,26648.46147386542,27449.303915294542,54097.76538915996,3.1282475849983644,8.157050609552153,0.5715970216537758,115890.1439471238,4512,3669,578,4931,1987,1841
2248,25284.041866466105,27302.50068728651,52586.54255375262,3.1983729542933546,8.1389535403408,0.5702018193336684,115338.0028466421,4849,3260,650,5113,1817,1829
2249,29149.477337034863,27063.309750919816,56212.78708795468,3.5029535599937285,7.590066712369793,0.5737745587427892,116247.04836621742,4813,3034,912,4671,2236,1852
2250,24201.81531273177,26744.404634521146,50946.21994725292,2.4820404797985853,7.800186569843352,0.5689109489153026,114910.800935392,5191,2903,665,5084,1517,2158
2251,28433.399237781923,28411.05034148486,56844.44957926679,3.059565121092692,8.226166078904814,0.5703754462640833,115767.47914268362,4500,3665,594,5273,1733,1753
2252,28480.815030310914,26912.595151335503,55393.41018164642,3.4018774176993127,7.980595676336804,0.570019704515962,115368.50364750148,4827,3073,859,5040,1880,1839
2253,26071.55577591114,25863.761101538796,51935.316877449935,2.935790970333306,7.796783671546547,0.5689848315180183,115209.67345084489,4991,3059,709,4398,1854,2507
2254,28067.430262773625,28469.70102220184,56537.13128497546,3.491657017325313,7.822451228172395,0.569810158167251,115199.02995053686,4109,3915,735,5109,1997,1653
2255,27659.22697126636,27839.37466175515,55498.601633021506,3.189330291764849,7.966018604521866,0.5718354281342521,115716.32327778806,4421,3341,997,5337,1610,1812
2256,23943.68637972412,27624.998688242136,51568.68506796626,2.8211406008735183,7.957415101109448,0.5705739152876443,115198.2166722471,4787,3059,913,4926,1663,2170
2257,28494.857946780052,27241.519458245646,55736.3774050257,3.094552356732065,8.337385717443377,0.5681907189259628,114879.9302046793,5145,2869,745,4966,1722,2071
2258,26205.421457974237,26950.15440654196,53155.5758645162,2.6521943110150317,7.792869205141131,0.5701476010380057,115779.94205535046,4864,3158,737,4956,1892,1911
2259,25598.380352481145,29005.002584929432,54603.38293741058,2.5421666815054413,8.341501151176855,0.5711040763901594,115770.58843302428,3686,4395,678,5237,2000,1522
2260,28262.42651176328,26970.076827554167,55232.503339317445,2.9529803099137113,7.895011302083941,0.5704558211647887,115826.83470036421,4376,3731,652,4652,2204,1903
2261,29582.305817924273,27877.6867709454,57459.992588869674,3.1729612348895087,7.8757030891936015,0.5725195430689434,116027.17983609928,4566,3710,483,5083,2217,1459
2262,28539.3471042558,26645.96180231098,55185.30890656678,3.3138458933376893,7.711636355317846,0.5696185320997096,115332.42449666833,5334,2805,620,4975,2057,1727
2263,28303.822435674803,28440.23591517047,56744.05835084527,3.370589397026632,8.024552966281862,0.5706158727150612,115291.81816831433,3902,3954,903,5389,1865,1505
2264,26442.458820995525,26693.75178021676,53136.21060121228,3.018754776845002,7.788345117470286,0.567291009371111,114578.43675841796,4827,3366,566,4996,1531,2232
2265,25300.782819841137,26771.771932133746,52072.55475197488,3.0899003674339878,8.307867426036246,0.5690559697186329,115527.29744948751,4502,3498,759,4353,1694,2712
2266,25900.883825056237,26054.872202123457,51955.7560271797,2.6611973906180713,7.35328082131007,0.5716944067839038,115567.34635312961,5328,2647,784,4025,2329,2405
2267,28277.67855282298,28089.323595245874,56367.00214806886,3.352181795189971,8.001904308610767,0.5693768585353401,115121.81779287837,5078,2858,823,5137,1967,1655
2268,25824.122546732437,27277.83226470134,53101.95481143378,3.0791470285634364,8.066167345860958,0.5708396649002546,115477.17315460133,5393,2848,518,4566,2326,1867
2269,28802.555557392894,26439.10462930528,55241.66018669817,3.1997660267995087,7.895936208504259,0.5692359581120957,115594.8089138942,5077,3089,593,4815,1928,2016
2270,28732.27955687718,26921.796031604772,55654.07558848195,3.286022122754753,7.903539342323285,0.5720498540439722,115515.40164415503,5545,2514,700,4503,2413,1843
2271,29449.173089580876,27052.292920327964,56501.466009908836,3.225970675105519,7.425284283520232,0.5719239548352799,115747.11012847703,5413,2391,955,4388,2522,1849
2272,25550.30540593657,27816.168307989818,53366.47371392639,3.3850834473241194,7.6650262508989355,0.5723116361839561,115884.87936734383,4487,3199,1073,4914,1910,1935
2273,27316.43728724829,29080.630450237404,56397.06773748569,3.3049682300578898,8.186571710994876,0.5702743331195921,115480.3432721086,4252,3425,1082,5736,1319,1704
2274,28714.758242470354,28734.632206847135,57449.39044931749,3.3594498566913846,8.073302529075933,0.5709186322524754,115331.03942467649,4583,3224,952,5733,1404,1622
2275,27705.173856007717,28868.49745509102,56573.67131109873,3.1095399291933603,8.022330400170231,0.5701500336324202,115394.12059719756,4276,3530,953,6154,1267,1338
2276,27381.145028878655,27738.884263513046,55120.0292923917,3.5417534929039194,7.6633319642909035,0.5743813512620751,116285.74792885345,4770,3379,610,4942,2120,1697
2277,29188.89431464687,27796.042358635437,56984.93667328231,3.130930858081101,8.166582961969713,0.5734246145561832,116551.46370197469,4231,3702,826,4651,2230,1878
2278,27874.6357966608,28151.900795582183,56026.536592242985,3.1043127754004116,8.228798605457525,0.5724625760475655,115847.19811034312,4898,3314,547,4901,1989,1869
2279,26957.830393942408,29470.57276342729,56428.4031573697,3.2853265912401044,8.451220435553829,0.5703507835469209,115190.10511989107,4493,3555,711,5790,1401,1568
2280,27573.28023467895,28509.441691549982,56082.72192622893,2.9479212602667504,8.367317964617989,0.5696559241372479,115424.54860743038,4535,3500,724,6213,1269,1277
2281,27001.704699738915,27787.702152152702,54789.40685189162,3.307417629029867,8.000218092588998,0.5668024410648176,114468.99088100535,5195,2845,719,5548,1304,1907
2282,27425.755721298447,27702.47025687901,55128.225978177456,3.0523595243816155,8.11527088652245,0.5714278885695099,115283.77406724013,5569,2469,721,5094,2012,1653
2283,27670.33434394007,27227.777785666494,54898.11212960657,2.8686372281399994,7.7481185179763035,0.5684172258068351,114822.24975827304,5929,2262,568,4871,1826,2062
2284,29571.135875012853,27240.46625786578,56811.60213287863,3.070110525786376,8.214236495557332,0.5722344765287892,115893.16993206565,5142,2893,724,4835,2139,1785
2285,29169.30981530459,27765.830080903408,56935.139896208,3.2048238531574706,7.941096027679098,0.5726068657811632,115774.2828863749,4687,3401,671,5249,2169,1341
2286,26493.229129434705,27915.86896194361,54409.09809137831,3.0922719945452997,8.090395676329042,0.5670030146415105,114409.45598331785,5770,2482,507,4996,1710,2053
2287,26199.988161627636,28008.942580795567,54208.9307424232,2.778101865410369,7.620667318288281,0.5715570155997305,115650.07521081038,4667,3105,987,5057,1548,2154
2288,27706.795058728887,28157.153081003904,55863.94813973279,3.1601963399467565,8.053198132552215,0.5697920128896741,115057.94123065994,4899,3105,755,5207,1694,1858
2289,28101.921857310266,26103.8816814385,54205.80353874876,2.993745076438949,7.620489926260936,0.5725655171301808,116055.39770178609,5347,2558,854,4855,2253,1651
2290,28216.021884265254,28247.615917978248,56463.6378022435,2.7893656530718847,7.874647626178151,0.5715348455252192,115694.38619378937,4285,3707,767,5257,1735,1767
2291,28123.435653155462,28027.64492819413,56151.0805813496,3.3578267106494413,7.848534513147323,0.571886885962959,115638.32722027718,5330,2787,642,5317,1850,1592
2292,26973.639413112913,27730.48789522552,54704.12730833843,2.9965683655655213,7.838001437115806,0.5715480249899628,115773.39092389379,4537,3355,867,5401,1769,1589
2293,27642.45132535332,26421.321656284596,54063.772981637914,2.7232354558347796,7.725414582511017,0.5697970446460542,115268.63566364188,5158,2924,677,4711,2131,1917
2294,26517.77947889096,27604.535231327583,54122.31471021855,3.1188740065367297,8.156589014060524,0.5722787994638927,115895.45998120244,5242,2686,831,4753,1900,2106
2295,26212.239746339153,26730.383924958263,52942.62367129742,2.6808950137791814,7.943607314641252,0.57138313516271,115696.92816384124,5360,2688,711,4620,1966,2173
2296,28149.987210150462,27145.444968508116,55295.43217865858,2.942704678639041,8.165711654487245,0.5677011487703612,114551.77628101579,5629,2195,935,4909,1867,1983
2297,26002.351235156715,26911.6025836331,52913.953818789814,2.7513443043163774,7.642378398193882,0.5709603746361679,115530.19555652043,4727,3272,760,5105,1516,2138
2298,27216.459969887655,28051.542116758996,55268.00208664665,2.945938554735075,8.015039043376994,0.5711574541810994,115448.73046487967,4477,3229,1053,5164,1405,2190
2299,27864.7174696862,29435.799823375215,57300.51729306141,2.9496624218137875,8.486113741967069,0.5689757988947921,114881.01463340811,4869,3225,665,6329,1025,1405
2300,28698.77631983749,28116.382937841223,56815.15925767871,3.333053380938548,8.40714050005111,0.5682378383684187,114560.3521804763,5221,2727,811,5859,1434,1466
2301,27580.96445720172,26972.587464173703,54553.55192137542,3.2023651860930755,7.962058982594979,0.5698126884747656,114693.29282468694,6101,1963,695,5128,1712,1919
2302,29957.211490969024,27863.41344550483,57820.624936473854,3.5957292723481533,8.21544722867148,0.5695089912903322,114845.1205214964,5219,2778,762,5467,1764,1528
2303,28884.019966079064,26287.76265493603,55171.782621015096,3.623520772606287,7.73649404685004,0.5685429420817676,114965.33399086588,6154,2123,482,4480,2351,1928
2304,29137.119739204034,28350.71446595903,57487.83420516306,3.2881656415792784,8.018418079664292,0.5719935166070462,115220.1071164335,4607,3273,879,5170,1848,1741
2305,27690.73266951329,26828.83590977838,54519.56857929167,2.863727293277615,7.698015277760029,0.5719599298882915,115529.30736556569,5079,3236,444,4416,2493,1850
2306,28341.85796213979,27501.127499842398,55842.985461982185,2.9886772455084305,7.797247805892655,0.5721642208836145,116294.53450037028,4435,3703,621,4902,2299,1558
2307,28717.998991869663,28678.393920535225,57396.39291240489,3.240066784068746,8.132399305524617,0.5710473048023628,115609.34126891209,4433,3544,782,5448,1791,1520
2308,27322.286716433762,26893.04096572792,54215.32768216168,3.042143064613043,7.848724172946357,0.5710083044140817,115247.60769403593,5451,2593,715,4811,1839,2109
2309,27863.381559019625,28795.747879356804,56659.12943837643,2.700575523109308,7.977931636273272,0.5704927169561288,115229.59779470095,4101,3649,1009,5436,1752,1571
2310,26972.465051380223,27664.633956367248,54637.09900774747,2.8957739547202905,7.747853510176186,0.5708906845581715,115951.54605171857,4007,3865,887,5120,1983,1656
2311,26598.400791095195,27571.892178716702,54170.2929698119,3.225495390837226,7.977326897790177,0.5720286913622691,115762.57463131064,4669,3265,825,5275,1681,1803
2312,27335.613795375113,27994.753195968024,55330.36699134314,3.2510881314501336,8.315902281846927,0.5679492550294205,114917.8499730018,4538,3411,810,5081,1676,2002
2313,29780.64906633322,27425.788230826485,57206.437297159704,2.8968332899301665,8.09028649743121,0.5678141480278766,114837.65121586261,5255,2644,860,5783,1556,1420
2314,27587.2931830842,27988.06477881252,55575.35796189672,3.0829895890386596,8.053413819105215,0.568254903759181,114626.17089910687,5245,2862,652,5260,1685,1814
2315,26905.066204375755,26028.670494003552,52933.7366983793,2.9739270048131976,7.665147247355205,0.5672398007894279,114772.83272600973,5996,2279,484,4460,1610,2689
2316,26384.834196048436,29459.564111720396,55844.39830776883,3.297169658111692,8.139383820768153,0.5699600264981411,115080.30999486426,4104,4007,648,5557,1647,1555
2317,27596.484912619348,28080.12561692892,55676.61052954827,3.404746739001888,7.96987535868307,0.5692826333910109,115256.24994547559,4817,3464,478,5205,1566,1988
2318,29201.223536692047,27857.803370456,57059.02690714804,3.170871903794152,8.440641458264562,0.5710621481211828,115511.21045961566,5023,3181,555,5361,1922,1476
2319,27464.197310395448,28523.202719629768,55987.400030025216,3.4124797936696685,8.058331196596416,0.5687245428260783,114567.82432702013,5248,2839,672,5818,1491,1450
2320,28779.297539193325,29205.522154141076,57984.8196933344,3.1741901881860057,7.815323478775653,0.5715008219500767,115130.5357987279,4997,3302,460,5581,1532,1646
2321,26579.6179326387,28692.625267621333,55272.24320026003,3.062993579017338,7.947863915667603,0.5708452331933016,115223.71503943692,4358,3610,791,5620,1451,1688
2322,27450.818997191625,27966.456004227835,55417.27500141946,3.1533998458079053,7.770963800767301,0.569888904439933,114810.91097858097,4688,3409,662,5686,1389,1684
2323,26682.976389241834,28692.391566514114,55375.36795575595,3.227798301936419,8.26027420112249,0.5684366217775331,114643.1063950067,4678,3371,710,5994,1380,1385
2324,28114.080792631157,26300.70519695819,54414.78598958935,3.4444914201675445,7.95942194734122,0.5727753219420249,116146.02556066866,5011,2950,798,4952,2195,1612
2325,29083.304793846106,29334.626584668797,58417.9313785149,3.4039022764318516,8.49152268651735,0.5702622936759594,115458.85748832973,3867,4099,793,5896,1514,1349
2326,27593.16886333595,28154.67502468097,55747.84388801693,3.315264811007544,7.601875958450019,0.5715673554214589,115405.12162668307,5444,2795,520,5037,2124,1598
2327,28227.297393222274,28766.29702265476,56993.59441587703,2.504144590378517,8.130771766644246,0.5717554679338429,115283.77882048667,4159,3740,860,5567,1495,1697
2328,28595.414779298655,26296.889676668125,54892.304455966776,3.4892906312395344,7.667988718510918,0.5696123785922896,115193.46308274571,5424,2590,745,4879,1836,2044
2329,26504.047915379953,27350.836708352934,53854.88462373288,2.495179710373083,7.7813826738270935,0.5695550985741353,115068.32386055961,5651,2339,769,4571,1979,2209
2330,26035.81746547936,27203.725187664393,53239.542653143755,2.8882738411874005,7.975423764981844,0.5699217716592764,115919.38025273108,3979,4011,769,4634,1576,2549
2331,24345.62758900639,27301.89029672681,51647.51788573321,2.426362943002945,7.840120897454409,0.5717627856257285,115314.5435677104,4788,3402,569,4779,1581,2399
2332,27193.50170882732,28667.25712705099,55860.75883587831,3.0004862383732815,7.819791909423609,0.5695563929275906,115346.65303723319,4565,3430,764,5224,1770,1765
2333,27456.913849865487,28152.089976150608,55609.003826016095,3.3743461507085324,8.158996501109758,0.5707286073587111,115310.85702576755,5221,2732,806,5301,1759,1699
2334,29217.466603098484,27894.68824486886,57112.154847967344,3.1321311876902325,7.922403829598466,0.5689423715748609,114834.88204374608,5501,2554,704,5573,1569,1617
2335,29030.148909047293,26286.559514492743,55316.70842354004,2.776889164881522,7.195910484615904,0.5740174591733825,116270.24074826868,4912,2821,1026,4551,2460,1748
2336,27703.766941126705,29974.336810723904,57678.103751850605,2.642676074764558,8.313085919002404,0.5719302499658426,116103.86881619203,3657,4220,882,5382,1839,1538
2337,28536.412865018698,28554.4510949538,57090.8639599725,2.5809104598400654,8.150521235529881,0.5693273213017883,114982.61118680035,4945,3190,624,5569,1749,1441
2338,26891.954555007396,28734.636335097053,55626.590890104446,3.091710625852799,8.17842183682205,0.5684972567964649,114574.06648869875,5340,2670,749,5971,1108,1680
2339,26056.631651157964,28151.77797569899,54208.409626856956,2.850829724352368,8.345026518232784,0.5713902229459087,115750.11987056275,4936,2970,853,5207,1436,2116
2340,29174.61509572625,28249.591431457335,57424.20652718359,3.3753931938592343,8.023718772104607,0.567878688654169,114501.57040368272,4860,3147,752,5710,1302,1747
2341,26320.840991777914,27258.894435965463,53579.73542774338,2.5662965891035436,7.900966804392562,0.5678625304897144,114548.62046308386,6113,2080,566,5126,1577,2056
2342,25811.688165169962,27454.26777507478,53265.95594024474,3.1023688649862757,7.929977570228582,0.5679807006276042,114883.75048271581,5428,2578,753,4744,1768,2247
2343,25466.55834495646,27099.188411060975,52565.746756017434,2.912816791152775,8.02833186061463,0.5679735396355144,114706.25098073196,5007,2919,833,4995,1491,2273
2344,28272.813484619965,27354.634380089094,55627.44786470906,2.791607023173694,7.737376830707282,0.573733222020265,116335.02559992859,4979,3208,572,4592,2349,1818
2345,28753.691843010063,27533.338014421213,56287.02985743128,3.2852220680176534,7.853053322163527,0.5674082204215009,114870.97697381776,5576,2345,838,4731,1939,2089
2346,25972.90150757087,27166.874401875026,53139.775909445896,2.879937339768067,7.97789043584671,0.5693931768128994,114865.08733801814,4904,2912,943,4555,1762,2442
2347,27216.64265096716,27396.949646013032,54613.59229698019,3.209672887575521,8.01547841490695,0.5694597803538652,114911.69267346001,4664,3513,582,5063,1515,2181
2348,26820.514614903375,27829.93148503381,54650.44609993718,3.28173454914769,8.019651606820332,0.5699373241231726,115298.38461275774,4946,2927,886,5032,1685,2042
2349,28713.48141644228,27713.514546824485,56426.99596326676,2.910089883378348,7.7621657963968085,0.5711086705289813,115740.68997869757,4685,3347,727,4805,2158,1796
2350,25362.284434079997,27566.545544792625,52928.82997887262,2.958312196298111,7.926791351924872,0.5728967577831847,116286.45253585669,3745,4047,967,4817,2045,1897
2351,28194.999373147373,27458.24197317977,55653.241346327144,3.308612598886418,7.825056546585429,0.568087777634509,114611.46722536178,5736,2211,812,5140,1653,1966
2352,26898.488760391177,28771.426887230147,55669.915647621325,3.0170878665095993,8.090477408038671,0.5703084607316508,115289.27898451571,4054,3805,900,5346,1418,1995
2353,29198.245420561358,26996.77675537277,56195.02217593413,3.136532942955665,7.782862310558369,0.5695220476892273,114824.00490836284,5927,2098,734,4925,1555,2279
2354,27549.775786237842,28799.955449049154,56349.73123528699,3.2379895794293465,7.994298090694136,0.5686297231823982,114601.27121953965,4525,3091,1143,5825,1185,1749
2355,27630.910137129842,26510.077316908082,54140.987454037924,3.2732458428181004,7.55268895971164,0.5684067266547674,114701.67147105871,5068,2759,932,5012,1300,2447
2356,27566.14048577376,27616.15976486673,55182.30025064049,3.1443676358870483,7.829445845155441,0.5679148500229327,114432.06598103269,5179,2864,716,5513,1198,2048
2357,29428.279829204406,28456.679825050553,57884.959654254955,3.3217937230976053,7.817896444449263,0.5691335709084357,115077.66851891158,3827,4123,809,5485,1597,1677
2358,28535.95514134926,28977.931555835952,57513.88669718521,3.276649212472764,8.055932064619842,0.5718856527412299,115568.51223225171,4055,3869,835,5627,1568,1564
2359,27608.660332672833,27272.63584777942,54881.29618045225,2.9993053401331853,7.630019079953189,0.5722493331819924,115766.65514525861,4319,3697,743,4665,1918,2176
2360,27139.87592251074,28684.737722926453,55824.61364543719,2.970151965777964,8.234891625682645,0.5679832988548059,114632.42353519281,3953,4183,623,5758,1104,1897
2361,28201.119535541093,27138.94015259442,55340.059688135516,3.124304451958911,8.026857454495712,0.5690102230245301,115068.41576895383,5067,2957,735,5031,1936,1792
2362,29262.193542935347,28576.87448177071,57839.06802470605,3.0477040340929293,7.8496665935505785,0.5728684784117551,115969.86402071104,4311,4020,428,5492,1887,1380
2363,26616.022984955325,27788.460742532778,54404.4837274881,2.667200188176427,7.851472366097211,0.5736906721769574,116437.52816991773,4082,4106,571,4649,2270,1840
2364,28057.026572171624,26910.4281000068,54967.45467217843,2.879688797396836,7.770246261840515,0.5706200709952859,115520.91208135332,4571,3308,880,4924,1468,2367
2365,27693.49806261512,27938.923495341867,55632.42155795699,3.056243433979629,8.138526669505326,0.5690597047563738,115092.58306633792,4849,3300,610,5393,1711,1655
2366,27976.937264907097,27844.530690576026,55821.467955483124,3.117516896561284,7.803520735105142,0.5680102453124922,114476.84842201964,5267,2904,588,5308,1364,2087
2367,25697.014719195588,27994.47790476659,53691.49262396218,3.220826620623561,8.39740614463681,0.5694396500877743,115219.87507473903,5038,2959,762,4962,1658,2139
2368,28557.078471519326,27951.75231305323,56508.83078457256,3.0452120273023118,7.964533827663798,0.5698901788361376,115593.8501485535,5189,2728,842,5276,2092,1391
2369,27946.686014749732,27478.843291024183,55425.52930577392,2.9520398151760516,7.605652213053155,0.5706770213132849,115591.73811556255,5219,2708,832,4743,2057,1959
2370,26547.80915163712,27183.289348313217,53731.09849995034,2.8718823155898074,8.039609825560024,0.5692637990260621,115373.5562995219,5219,2896,644,4997,1661,2101
2371,28966.173444476346,27634.686051688474,56600.85949616482,3.1503242522171484,7.694017645504549,0.5695593040357028,115481.68251968239,5061,3196,502,4981,1971,1807
2372,27666.23156317533,27484.896232603474,55151.127795778804,3.245866874557796,7.751648573309022,0.5690100065545464,114871.18822016657,5554,2681,524,4781,1915,2063
2373,27944.251106584696,27587.393176222846,55531.64428280754,2.680264246366689,7.838606359838541,0.572462310440471,115719.95878647092,5149,2779,831,4737,1986,2036
2374,26809.74420261133,27113.747688708587,53923.49189131992,2.993110531395357,7.94545337227872,0.5674953848692367,114646.8956194637,5905,2074,780,5249,1364,2146
2375,26314.73325329988,26623.93080278468,52938.664056084555,2.8692027015914774,7.988187928484523,0.570873560473646,115609.35296938167,5077,2846,836,4550,2365,1844
2376,29872.75065769744,29192.214458112714,59064.965115810155,3.099002428653651,7.945480106850364,0.5693971475923448,114766.67462128666,4884,2949,926,6050,1424,1285
2377,27414.397980819223,27655.999717425435,55070.39769824466,2.868970029679348,7.9295793668396755,0.5691760728594885,115141.01798932103,5370,2871,518,5116,2103,1540
2378,26795.513427895945,27562.802725490514,54358.31615338646,3.046499353661031,7.920410999113405,0.5674788421594995,114332.3129390251,5613,2455,691,4773,1525,2461
2379,28750.81085013735,29771.960229078803,58522.77107921615,3.0647438373053966,8.240130240536919,0.5693442438243611,114999.95284038562,3964,4011,784,6111,1223,1425
2380,27658.512768718545,29634.928122088888,57293.44089080743,2.933573856461003,8.232316577915274,0.5701020208031367,115424.15701071222,3827,3922,1010,5824,1465,1470
2381,27976.16124671644,28013.326181263714,55989.48742798016,3.0669352323391323,8.052726103213205,0.5682228767892926,114883.25607731983,5513,2472,774,5588,1371,1800
2382,29671.544390408646,28537.55978554373,58209.10417595238,3.459197668259647,8.255594303693451,0.5705807917492044,115526.55815000368,4267,3762,730,5596,1748,1415
2383,26963.673551291853,29157.570766547433,56121.244317839286,3.3012750736714866,8.06058028654822,0.5696560939329302,114884.25322680705,4740,3267,752,5387,1524,1848
2384,27401.5440312151,28082.055966959433,55483.59999817453,3.1894348810423265,8.011089588824637,0.5690693207922807,114693.8203310693,5461,2598,700,5287,1650,1822
2385,27918.028647215997,28324.36314573554,56242.39179295154,3.166288844303989,7.88636605787225,0.5707623291972939,114991.14089264994,5569,2595,595,4995,1884,1880
2386,27514.17953702621,28476.387016080153,55990.566553106364,2.9838672512362785,8.18639792492069,0.5692628125113438,115114.48610649545,5406,2868,485,5585,1583,1591
2387,28436.721424205592,27462.689192913134,55899.41061711873,3.064699173992433,7.773833619523789,0.5684418603692429,115224.38631268582,5426,2832,501,4378,2077,2304
2388,28680.76758930973,27369.73690732255,56050.504496632275,3.419334141870999,7.86727922442297,0.5697780265207385,115357.81988550117,5096,3096,567,4860,2080,1819
2389,28034.01580680047,26312.64094930518,54346.65675610565,2.8886218841180624,7.533965607096327,0.5719276015555507,115580.91834274285,5848,2265,646,4529,2292,1938
2390,26808.78399897746,28108.439717197693,54917.223716175155,2.8519861277122693,8.034056850091243,0.5694934751067666,115226.82373127803,5698,2543,518,5542,1361,1856
2391,27020.046629393153,28959.57499988976,55979.62162928291,3.322821875965302,8.193832450599551,0.570402234288105,115527.70559275743,5047,2993,719,5281,1552,1926
2392,28067.655546491696,28254.95801861123,56322.613565102925,3.197881325995413,8.046194096164838,0.5666353139217288,114361.97004065612,5475,2708,576,5487,1510,1762
2393,27710.313762012443,28102.141195445824,55812.45495745826,2.9798758769644054,8.005049140888309,0.5691543838156656,115470.49298296156,5528,2518,713,5508,1226,2025
2394,26847.84836184377,28325.44233045064,55173.29069229441,3.013677659332608,8.052786215770018,0.5706092273765822,115661.15856624958,4990,3071,698,5277,1389,2093
2395,26067.841140782526,28540.906392688157,54608.74753347068,2.9591557725293582,8.159353208775176,0.5698690415701798,115483.81502395391,4527,3743,489,4791,1614,2354
2396,27899.434852545743,28058.742046890304,55958.17689943605,3.1403291334253423,8.041956513002276,0.5700515955141935,115392.7564454049,4956,3187,616,5082,1653,2024
2397,29063.903162683808,26338.813150664548,55402.716313348355,3.117176434235188,7.37471380453193,0.5670840921262463,114822.5249687774,5197,2665,897,4955,1741,2063
2398,29999.502199058148,26802.78447319769,56802.28667225584,3.136861801092802,7.879693380599448,0.5688428185263689,115032.300568455,5398,2868,493,4890,2141,1728
2399,28017.28770580233,27252.337748947197,55269.62545474953,2.9197674312859436,7.983590534538914,0.56761612136711,114845.19742039901,5141,2871,747,4904,1928,1927
2400,28308.433584754384,27164.31527191706,55472.748856671446,3.084884164120432,7.672702860502331,0.5721979445739169,116160.55190464531,4726,3353,680,4663,2078,2018
2401,27768.262011408042,28322.99214806645,56091.25415947449,2.7003491737456025,7.811577582461595,0.5700456645460564,115147.4302462635,5202,2636,921,5211,1760,1788
2402,29348.67802001853,28081.69075142356,57430.368771442096,2.7992792991531625,7.62584256811158,0.5702363940560697,115049.0591004593,4487,3434,838,4961,1826,1972
2403,29104.42999529103,26840.595970952985,55945.025966244015,3.1669748917132154,7.9624375981549695,0.5687286308279417,115002.8406476642,5351,2664,744,4616,1921,2222
2404,28276.964397976903,29197.16387239212,57474.12827036902,2.732284150682697,8.16695594711961,0.5699749074565686,114654.43253370373,4212,3417,1130,5981,1549,1229
2405,28397.1691070059,27859.91647385257,56257.08558085847,2.81093892288703,7.917457509237009,0.572512429123577,115968.60089943848,4550,3279,930,5294,1923,1542
2406,28325.31152131842,29633.884942797813,57959.196464116234,3.2516543127947446,7.961236897114266,0.5735543060042141,115976.63433415328,4056,4007,696,5541,1752,1466
2407,27847.69767417739,28147.043069436015,55994.74074361341,3.2432949072920936,7.95776927596118,0.566774065146071,114274.7287533808,4880,3001,878,5577,1237,1945
2408,28902.78161602338,27706.36861425905,56609.15023028243,3.226243369375814,7.974395975980557,0.5721457761942647,116197.33241403372,4776,3137,846,4983,2034,1742
2409,27633.36244398273,27324.612350113275,54957.97479409601,2.8051657347540515,7.748186817214165,0.5699373607647132,114937.60745415567,4963,3108,688,4832,2011,1916
2410,30289.24342561788,27092.70909263954,57381.952518257414,3.2816883967977937,8.0333199946363,0.5681504324547518,114728.1031332713,5932,2084,743,5467,1439,1853
2411,28962.614880877525,28324.50322112402,57287.11810200155,2.770075566821245,7.752479013157937,0.5725539624856985,116001.8963968269,4422,3682,655,5363,1595,1801
2412,30332.91751964741,27844.528361179087,58177.4458808265,3.2741032664273133,7.897472972896488,0.5684034043305863,114547.62971417762,5782,2444,533,5587,1619,1553
2413,30253.853814295097,26982.10377051874,57235.957584813834,2.8666733830451547,7.48673616534529,0.5706577743621241,114987.34063775446,5855,2231,673,5168,1923,1668
2414,27641.43244791302,27244.177105542356,54885.609553455375,3.235458828266769,7.470536548045745,0.5728339330610384,115568.48587986088,5575,2582,602,5056,2133,1570
2415,29979.501100338744,27869.724455127707,57849.22555546645,3.346664316444103,7.508857830288952,0.5706986853259866,115183.04115378368,5605,2488,666,4700,2029,2030
2416,28615.640848057734,27690.61465463992,56306.255502697655,3.440108738927072,7.914233956641485,0.5676923116408849,114493.44525417969,5217,2675,867,5085,1706,1968
2417,27044.6056414577,27740.7795359828,54785.385177440505,2.59326726985347,7.940083762116114,0.5711551641543011,115802.56289509869,4449,3507,803,5029,1637,2093
2418,30064.51698698391,28322.788827175154,58387.30581415906,3.169458382378706,7.978807473532363,0.5675760828460258,114377.10477560193,5080,2858,821,5625,1478,1656
2419,29312.83341378092,26920.736272600796,56233.569686381714,3.0499627458916647,7.79328170252212,0.5694848682311939,115188.17697071639,5811,1968,980,5007,1930,1822
2420,27191.30317703864,27560.87961060214,54752.18278764078,2.8431287692286666,7.836111204324808,0.568330356037722,114506.65052340228,5964,2203,592,5507,1551,1701
2421,28698.50080420297,26922.47704999783,55620.9778542008,2.8768146126522063,7.428820836217664,0.5678735542768898,114625.70846082407,5683,2601,475,5704,1452,1603
2422,27922.96687859724,28939.55052045834,56862.51739905558,3.2838934069286276,8.247510967570735,0.5709705649916469,115737.16467644794,4272,3808,679,5571,1256,1932
2423,29080.46255437341,27779.851214638275,56860.313769011686,3.160094084752202,7.669199663356736,0.5677944922227679,115021.30868287731,4779,3221,759,5401,1446,1912
2424,28156.005668427584,26522.65552513321,54678.661193560794,3.2341213203811705,7.63955069511087,0.5717840609581407,116203.33203534386,4820,2998,941,4411,2360,1988
2425,26905.722939263047,27110.462988539897,54016.185927802944,2.9647825059340134,7.713308512123833,0.5700811130831982,115354.83526830115,5035,3188,536,4451,1721,2587
2426,26848.76800475309,28700.055967363987,55548.823972117076,2.706251523953106,8.212522779986806,0.5695900031012248,115065.19047565803,4630,3214,915,5050,1923,1786
2427,27153.518689738223,28547.60032347106,55701.11901320928,2.983198805503046,7.756491618712787,0.5703841488576002,115697.2086594018,3773,4260,726,5284,1762,1713
2428,26536.954004195475,26119.898358762573,52656.852362958045,2.6502595182900315,7.56029341079732,0.5689305816274837,115464.35343544785,5519,2611,629,4124,2190,2445
2429,27894.857088171993,28065.24179370633,55960.09888187832,2.8023985901255304,8.020930573514391,0.5707746126734776,115611.65472645994,4655,3484,620,5534,1498,1727
2430,29626.474402565036,28389.773097284295,58016.24749984933,3.008249500129841,8.048354414885917,0.5718453242868807,116079.51476522446,4278,3815,666,5279,2268,1212
2431,28965.167341905733,27147.47428768905,56112.641629594786,2.86016613004112,7.798374665063642,0.5706299330148008,115237.71700492226,5512,2754,493,4739,2341,1679
2432,27127.134462513826,27538.137700706506,54665.27216322033,2.991141541216105,7.887912101066435,0.5687600559726105,114841.52304259248,4676,2957,1126,5340,1612,1807
2433,27688.289019657364,28175.074657274214,55863.36367693158,2.8230087000588604,8.000787115236282,0.5693516382344532,115034.98225996924,4978,3211,570,5101,1507,2151
2434,29203.04894860694,27558.347616861767,56761.396565468705,3.254678014810303,7.6519442849582875,0.566545406175807,114457.93415268995,5346,2622,791,5245,1599,1915
2435,27082.81016156638,27418.696126177092,54501.50628774347,2.5471975660118926,7.51269015801384,0.5675169436711913,114718.58727265446,4972,3032,755,5541,1626,1592
2436,29021.265924038464,26822.68691834411,55843.95284238257,3.0703470200556664,7.79240604795533,0.5677881994028661,114753.54880068878,5508,2527,724,5212,1722,1825
2437,27602.549833967467,28368.017894411863,55970.567728379334,2.1564335576128535,8.051319230249968,0.5694601114380343,115054.30404724911,4647,3463,649,5411,1802,1546
2438,28817.89666069163,28438.739356371058,57256.63601706269,3.1580828110446006,7.9690663151797345,0.5704532277888962,115157.84096862572,5441,2802,516,4896,2128,1735
2439,29956.7032733596,29077.840293477646,59034.543566837245,2.935137410846394,8.04479060865231,0.5697745444381894,115046.50180304276,4353,3782,624,5852,1310,1597
2440,28412.63148306358,27997.998606394973,56410.63008945855,2.8080760732991026,7.964570972391782,0.5682102951138718,114790.3767640685,5495,2549,715,4984,1574,2201
2441,28439.16381284583,27766.392765358258,56205.55657820409,3.0353237719614814,7.945336793408293,0.5686057842752184,114812.49041025194,5396,2792,571,5661,1562,1536
2442,28205.02236561759,28384.906458842346,56589.92882445994,2.9422358617544035,7.6741115476263335,0.5743397924178659,116411.11713731386,4601,3348,810,5285,2190,1284
2443,29834.511629354216,27745.31878404929,57579.830413403506,3.531139776927764,7.947051319619225,0.5691099851022631,114886.86035291292,5055,3036,668,5436,1607,1716
2444,28713.566494609393,27305.158329858627,56018.72482446802,3.363023112811607,7.88766146555451,0.5716404798982837,115841.30044839035,5150,2853,756,4609,1954,2196
2445,30529.300201914324,28923.42084083051,59452.72104274483,3.2358842499198865,8.174776907100583,0.5692754414942625,115229.43416757243,4549,3441,769,5310,1895,1554
2446,28950.907699627103,27623.917890586432,56574.825590213535,3.544899948348886,8.069576933969996,0.5703717404764632,115336.59516054578,5074,3244,441,4972,1984,1803
2447,27665.06102542632,27468.78668632403,55133.84771175035,2.7865991962701115,8.062876618838956,0.5664937985547202,114268.05070189697,5676,2495,588,5096,1263,2400
2448,27741.054018551073,28823.79478224368,56564.84880079475,3.0254854293919005,7.871276578023377,0.5725910883289185,115851.82371376599,4502,3623,634,5100,1866,1793
2449,29086.326266309454,28935.364248445734,58021.69051475519,3.344657962618085,7.91962158629985,0.5684081492504997,114688.85789833144,4603,3580,576,5643,1945,1171
2450,29094.00147552648,28391.2341780001,57485.23565352658,3.3570820211956574,7.613639367164093,0.5690014520294941,114800.30330631566,5382,2826,551,5207,1626,1926
2451,30072.245956282997,27454.38933593596,57526.635292218954,3.2502213268374174,7.561408478536536,0.5708419695431319,115651.63238326674,5140,3018,601,4738,2292,1729
2452,29349.39152557901,25853.196726713577,55202.58825229258,2.590152205522297,7.231035001895414,0.5717021916205709,115678.22558154534,5965,2100,694,3892,2541,2326
2453,27166.333800485325,27883.008214658,55049.342015143324,2.9947955156353174,7.75619925330423,0.5687328377397644,114914.6128006264,5277,3042,440,4719,2165,1875
2454,29223.508542906846,29205.341489638908,58428.85003254576,2.7802712925465802,8.260734860833649,0.5696663501528295,115106.31779867037,4402,3921,436,5432,1906,1421
2455,28254.61672168501,29274.163451377484,57528.78017306249,2.9687861829123268,7.951065587019673,0.5688391690929857,114706.68788627844,4011,3858,890,5722,1656,1381
2456,28806.884091878634,26537.08451244105,55343.968604319685,2.751279366403194,7.949092947332411,0.5694510725342926,115223.81678271465,5037,3020,702,4896,1725,2138
2457,27997.17216960738,27638.647646758433,55635.81981636581,2.004034558681509,7.906275343041003,0.5720522064626361,115289.90710596884,5403,2771,585,5026,1821,1912
2458,26761.842156388546,28685.19603920452,55447.038195593064,2.5380872065782087,8.164775451200812,0.5686396531435896,115021.53052685708,4710,3327,722,5433,1425,1901
2459,28733.599188809396,28561.147705421892,57294.746894231284,2.8735177421707747,7.757822949003245,0.5698172109570414,115404.13595144163,4991,3245,523,5324,1514,1921
2460,28030.337248584972,28749.342948582824,56779.68019716779,2.903116719797321,7.8255652216383735,0.5695146834835214,114985.89266585634,4396,3435,928,5459,1738,1562
2461,27898.736463741418,27428.929042276093,55327.66550601751,3.265873683819688,7.690432710758893,0.5701855450711368,115396.26401025988,5042,2733,984,5227,1402,2130
2462,28930.10108591066,26719.021058919952,55649.12214483062,2.6530434309506665,7.533453440422244,0.5701884497582934,115018.2423946314,5442,2850,467,4789,1994,1976
2463,26293.74857165501,28430.005693827767,54723.75426548278,2.513603600737236,8.010407208969907,0.5692595537384845,115235.41552841889,4410,3522,827,4947,1946,1866
2464,28767.199787550973,28626.78488176543,57393.9846693164,2.5201333823667844,8.19710122231056,0.5672519038049383,114382.90035534647,5260,2921,578,5445,1493,1821
2465,27485.337317855017,27754.112861479825,55239.450179334846,2.790939685915275,7.285380656358102,0.5762804279761248,116703.47988767037,4750,3294,715,4273,2280,2206
2466,30072.469275297557,27940.97739066588,58013.446665963434,2.8237081350759237,8.078554840165129,0.5681264949576693,114715.55854225482,5537,2577,645,5523,1696,1540
2467,29082.32454027279,27491.541128085937,56573.86566835873,2.899188909304263,7.699159626871026,0.5697474587178448,114928.08684331673,5013,3099,647,5237,2168,1354
2468,29659.862943274184,28295.513575210265,57955.37651848445,3.2696114402831427,7.740726253007488,0.5705170883404339,115367.88368680268,4902,3225,632,5634,1539,1586
2469,29031.676137537448,28483.312515573543,57514.988653110995,3.0869658523311827,7.763371550304297,0.5689125599386927,114970.69194478024,4776,3340,643,5498,1668,1593
2470,28575.3616094595,27503.43395182254,56078.79556128204,3.0790025643864274,7.486836366918847,0.5678307908483803,114720.9692609024,5434,2641,684,5350,1660,1749
2471,28043.45726687757,29090.750759232567,57134.20802611014,3.0413346435056736,8.034455915379056,0.5694998852502382,114837.21420410811,4456,3347,956,5571,1430,1758
2472,30143.744405951566,27536.58121611097,57680.32562206253,3.2810891942567744,8.182556806358456,0.5715837161838948,116314.28728484233,4608,3411,740,4631,1917,2211
2473,28971.544067370185,28628.214717713065,57599.75878508325,3.062167452979094,7.999791152286194,0.5671210214349358,114434.53760847426,4817,3410,532,5687,1218,1854
2474,29909.77285036794,29479.954033280726,59389.72688364866,3.409857093792181,7.764949766656787,0.5715351757731969,115490.59591907886,4643,3353,763,5570,1700,1489
2475,29343.261497665088,29134.354047495282,58477.61554516037,3.376853832455825,8.026986681542972,0.5719294225173311,115666.38206293812,5111,3027,621,5619,1740,1400
2476,28248.369288856917,28052.09241500648,56300.461703863395,2.912529788236978,7.868663617330642,0.5694456135179377,115137.99105312196,5511,2516,732,5298,1245,2216
2477,28652.846348901756,28423.254059688647,57076.1004085904,2.6672628051383165,8.04294211673186,0.5704669195355564,115057.78158442162,5030,3227,502,4863,2070,1826
2478,28807.38314911843,28138.92714718254,56946.31029630097,2.971019066126086,7.750903200009238,0.5693424918470243,115395.08239373467,4467,3560,732,5291,1649,1819
2479,28917.245536737824,27701.35216890211,56618.597705639935,3.0865979624135433,7.963476547310059,0.5698129310007878,114937.9949434027,4855,3483,421,4709,2184,1866
2480,29137.6911637047,29280.81413497488,58418.50529867958,3.1772269818637184,8.329201024930237,0.5702515987788495,115456.14190101766,4150,3888,721,5713,1634,1412
2481,27165.517915649452,28219.518620075356,55385.03653572481,2.935428760082245,8.045542136947162,0.5691842749782168,115074.02258838847,5082,3121,556,5421,1686,1652
2482,28797.83891520354,28496.56975513143,57294.408670334975,2.9994120172056733,7.828388513191694,0.5720702944001393,115837.91143776815,4621,3711,427,5310,1969,1480
2483,25940.564135872246,28086.87093860707,54027.43507447932,2.3818937037165746,8.105845382654936,0.5708719263344068,115154.56053951445,4471,3795,493,4759,1580,2420
2484,30633.076724880015,28018.80659366538,58651.8833185454,3.180031967337995,8.087991719843151,0.56880918156431,114773.98245381338,5463,2707,589,5678,1697,1384
2485,30872.633112808366,27580.409157532882,58453.04227034125,3.489980381084675,7.853268959049956,0.5699931903562795,115595.50252854169,5175,2829,755,4951,1744,2064
2486,28887.532749163838,26535.133090059793,55422.66583922363,2.7993941082068234,7.494771059861004,0.569886729456165,115232.28137762395,4989,3339,431,4566,2057,2136
2487,27866.47328450164,28761.073774079632,56627.54705858127,3.0233388750301082,7.985131699369365,0.5692526809318561,115086.92401432962,4967,3395,397,5458,1650,1651
2488,30832.851475397772,28186.751618910686,59019.60309430846,3.311924272089637,7.861034070227328,0.5729480285211447,115884.5401005588,5018,3073,668,5376,1777,1606
2489,30716.774427400713,27576.18847175444,58292.96289915516,3.5901487909135614,7.587200103850569,0.5712228234033022,115436.94884073362,5144,3067,548,4663,2338,1758
2490,29386.99773051838,30420.813347566607,59807.81107808498,3.022689216682487,8.384856070674545,0.5691110048157927,114691.30822873086,4465,3737,557,6114,1458,1187
2491,30103.859874849557,28050.678109842665,58154.53798469222,3.3002892068680967,7.706135931743248,0.5696500279068797,114716.77130951305,5559,2658,542,5443,1637,1679
2492,29441.61813109953,27648.59496192584,57090.21309302537,2.94486951381686,7.853630739856138,0.571957536031671,115967.36278274501,4572,3402,785,4994,2088,1677
2493,30265.857655162195,28009.51241955728,58275.370074719474,3.131798159582985,7.985370363842938,0.5682242969167032,114951.43977459507,5413,2521,825,5169,1853,1737
2494,28226.621551120163,29055.935413136875,57282.55696425703,3.040851327678767,8.225035248726238,0.5717894445455687,115672.1519831561,3728,4225,806,5120,2264,1375
2495,28770.78172152425,27382.037537086013,56152.81925861027,3.198372029131293,7.675589572085458,0.5684927890065363,114868.92017146794,4686,3292,781,5021,1999,1739
2496,29210.165058983544,26986.69871557966,56196.8637745632,3.3582854553515302,7.754716337210674,0.5685413008582978,114766.60813679136,5401,2561,797,4973,1789,1997
2497,28452.143097686985,28129.978026352328,56582.12112403932,2.9996292085398992,7.8417065138250805,0.5704291330012876,115613.24871815123,5247,2964,548,4879,1862,2018
2498,27137.520980787394,26978.76835362833,54116.28933441572,2.8137583900772865,7.619309489751492,0.5708039590065761,115788.05590992657,5411,2777,571,4163,1761,2835
2499,28213.16563842261,27798.341383646308,56011.50702206892,3.3100266913512324,7.641630297405339,0.5682818156861964,114841.38035539546,5203,2590,966,5172,1675,1912
2500,28480.773220421725,28612.6522756534,57093.42549607513,2.900039769342993,7.503199802968183,0.5697396805339834,114873.59905153731,5257,2628,874,5394,1584,1781
2501,29208.902954904857,28208.681132726735,57417.58408763159,3.145546761180024,7.93097855764173,0.570926154037753,115337.5637733592,5061,2594,1104,5228,1737,1794
2502,30107.356646548,28541.19191076217,58648.54855731017,2.8642971846772154,8.217473670691817,0.570968098533266,115633.1530859498,4663,3403,693,5903,1500,1356
2503,29068.503140640994,27573.778509056017,56642.28164969701,3.3116776460545845,7.795417083397353,0.5682142308056413,115059.55636850565,4948,3174,637,4788,1755,2216
2504,28188.13314848424,27666.749467429425,55854.882615913666,2.7522487638191646,7.894560839602891,0.5671124653577772,114879.86823354497,5742,2227,790,5387,1522,1850
2505,29083.218950861632,28147.15262018425,57230.37157104588,2.76916573340694,7.841236707369124,0.5690981483821175,115044.74415863359,5130,2855,774,5369,1598,1792
2506,28112.377981287933,26087.080458415672,54199.45843970361,3.024558357275373,7.318522460252715,0.5720263290437789,115729.62360611142,4998,3063,698,4333,1821,2605
2507,30157.23926978238,29579.028316193766,59736.26758597615,2.928247643194367,8.23970398363596,0.5714810928042927,115364.73122963814,4284,3969,506,5551,1801,1407
2508,29148.049380350698,30152.126710114302,59300.176090465,2.9043259073738352,8.15678085128122,0.5682623320261013,115024.63773437089,4044,3926,789,5825,1694,1240
2509,28216.65106962586,27512.449798520887,55729.10086814675,2.985200477391538,7.51539195495639,0.5716228534034591,115368.03945160627,5038,3136,585,4560,2078,2121
2510,26793.229086679814,28944.176060938724,55737.40514761854,2.5570148175045952,7.89159294936528,0.5707234093469101,115564.34269091957,4269,3785,705,5762,1428,1569
2511,29332.04290701401,26885.011300853253,56217.05420786726,2.953037519702009,7.48710553693558,0.5681352088284173,115573.84817986542,4589,3411,759,4770,2013,1976
2512,28419.662961616807,29256.92002454157,57676.58298615838,2.80032294533432,7.88117471908074,0.5680069978563612,114504.25787196764,4917,3362,480,5543,1341,1875
2513,28462.70863147485,29234.92257250365,57697.6312039785,3.3051532740811127,8.074753296229273,0.5706544470242874,115275.7783421005,4709,3505,545,5840,1202,1717
2514,28685.599896594256,27974.19700904734,56659.7969056416,2.6399288088325137,7.7178286661104325,0.5687853398895347,114766.00630484511,5833,2264,662,4929,1649,2181
2515,25608.124938595636,27304.76367182087,52912.88861041651,2.4614128412254446,7.542850097217086,0.5681535646192737,115136.23173190161,5081,3141,537,4775,1281,2703
2516,29412.359450861608,29242.495120887597,58654.85457174921,3.090183454849349,8.090775351000326,0.5698274395641927,114913.14106101486,4458,3236,1065,5585,1691,1483
2517,29300.012245227823,26953.301408284355,56253.313653512174,2.8578430473591467,7.446267553900192,0.5703693391619276,114895.66689271582,5646,2273,840,4730,1766,2263
2518,29612.24321734936,30260.124399207856,59872.36761655722,3.153673162134898,7.960615282432425,0.5708447616521009,115631.35570890574,4140,4034,585,5434,1468,1857
2519,29267.673504989834,28966.632268854173,58234.30577384401,2.9519260760314983,8.266986719375577,0.570042888996144,114858.90802818637,5033,2988,738,5649,1358,1752
2520,29045.839656427783,28310.325816016262,57356.165472444045,2.963709467212847,7.844129020050032,0.5722223488310253,115994.0550863619,4639,3419,701,5148,2166,1445
2521,28360.706018445253,28875.69679187069,57236.40281031594,2.8409307487284696,7.804558193698248,0.5693601283771954,114865.63192924505,4296,3849,614,5624,1161,1974
2522,29083.66734449501,28479.881589506764,57563.548934001774,2.8487687568268636,7.934978793422826,0.5679717758603268,114646.62768705995,5471,2836,452,5645,1544,1570
2523,29211.531447870144,29863.98664148089,59075.51808935103,3.0131635546465425,8.08946530661283,0.5715581598339325,115608.56539796182,3677,4278,804,5933,1740,1086
2524,28707.390392881647,28622.366434593147,57329.75682747479,3.0846206874839512,7.814536193215524,0.5682901562883845,115239.85961581992,4728,3447,584,5369,1524,1866
2525,28952.80813715621,27901.197439502754,56854.005576658965,2.7632368822074147,7.832723604303575,0.5692979562455597,115262.88327344981,5365,2869,525,5366,1548,1845
2526,30595.006695805507,28730.99901237736,59326.00570818287,2.627565464368579,7.667501390019119,0.5718196819154393,115158.24204056156,5033,3257,469,5607,2035,1117
2527,29743.27619981008,30801.403314617328,60544.67951442741,2.660473111813382,8.199898616054877,0.5723323847850568,115888.2271621253,4241,4012,506,5868,1736,1155
2528,28207.98987050686,31043.767361476486,59251.75723198334,2.7781287917284034,8.258838767149747,0.5690953000846788,114768.37792540074,4079,4193,487,5909,1315,1535
2529,29526.815800932844,28121.50239955476,57648.3182004876,2.882918350031067,7.734056100188754,0.5712059496091688,114873.99020569205,5275,2740,744,5205,1860,1694
2530,29751.794078596573,27987.637329918336,57739.43140851491,2.9483219501968776,7.749969309368419,0.5724472629521363,115374.81157378598,5269,2863,627,5306,1713,1740
2531,27300.44729813379,27888.44353015347,55188.89082828726,2.7338355292555963,7.75283515177289,0.5682185636163557,115259.55243922694,5127,3095,537,5067,1363,2329
2532,26388.699564793966,26937.06811172293,53325.767676516894,2.7063077106859836,7.521479399880391,0.5694085960372691,115466.7570672887,4912,2905,942,4381,1597,2781
2533,29257.19505402068,28620.5125251964,57877.70757921708,3.334495510897571,7.866240482548675,0.5683791007214797,114778.91269349257,4965,3233,561,5520,1756,1483
2534,29573.34784547461,28891.951896523835,58465.299741998446,2.6619714359761133,8.132989050034315,0.5722741002554546,115643.54140853554,4448,3872,439,5838,1357,1564
2535,29227.046019924775,27536.947182773212,56763.99320269799,3.034607168000022,7.792045063570365,0.5718599733477391,116002.20947809458,4655,3454,650,5099,1911,1749
2536,29320.61400161057,27889.41846540119,57210.03246701176,3.014607205474323,8.038709696883862,0.5670664480099733,114249.3307154102,6053,2275,431,5530,1439,1790
2537,27242.357988117208,27679.277178725493,54921.6351668427,2.588034952488076,7.605496834852359,0.5688738082702396,115022.45883586451,5480,2652,627,4554,2192,2013
2538,29811.65546040065,26381.27543693555,56192.9308973362,3.1645946641149787,6.758454990782341,0.5740166004651583,115814.68103456622,5084,2937,738,4262,2107,2390
2539,28538.17541485216,28329.154726475375,56867.33014132753,3.034831883554932,7.591845735979207,0.5721777663663161,115780.40986542575,4349,3864,546,4718,1862,2179
2540,28540.279381296514,26988.949652965774,55529.22903426229,2.9461441354350355,7.678294814469448,0.5700490920436913,115256.57031680392,5927,2068,764,4403,2179,2177
2541,29569.748934102467,29335.91176495879,58905.660699061256,2.893351301613825,8.001792410718966,0.5689222105804446,115271.53007895614,4908,3209,642,5635,1454,1670
2542,32112.198325393372,27028.679147609764,59140.87747300314,3.583767417286769,7.6533456001144735,0.5692120153813015,115148.9499110148,5895,2308,556,4898,2150,1711
2543,28070.79693688613,29080.725843556134,57151.52278044226,3.036612586659296,8.075366119109512,0.5705518618299995,115609.91211645174,4813,3242,704,5374,1529,1856
2544,30160.943258961368,28464.015653503902,58624.95891246527,3.110547743726994,8.055613177103806,0.5685086565576389,114759.36905530139,4731,3246,782,5580,1610,1569
2545,30209.962467269237,28152.24977146839,58362.21223873763,2.804539386146606,7.677807007043014,0.5732336246301264,115997.38302122337,4742,3424,593,5266,2209,1284
2546,29712.150002776547,29364.416066976788,59076.56606975333,2.796940153448442,7.841735604999725,0.5720830832711716,115444.9677468336,4854,3329,576,5293,1819,1647
2547,29565.634282123698,29488.52436909828,59054.15865122198,3.0159309162623402,7.972959262555697,0.5694624161894286,114665.69208700789,5396,2612,751,5832,1618,1309
2548,28088.19141077932,27352.143307500868,55440.33471828019,2.541038189109941,7.071647298118132,0.5738058847439871,115734.68108594778,5158,2938,663,4587,2090,2082
2549,31310.682619701634,27838.17378982745,59148.856409529086,3.122959409047201,7.826391428227825,0.5748742446183578,116271.51134099583,4251,3431,1077,5122,2305,1332
2550,28966.171365025264,28108.54702803275,57074.718393058014,2.831598134545241,7.827381846965404,0.5689903596144023,114891.52814513401,5395,2929,435,5324,1858,1577
2551,28037.18267763097,27185.30923422781,55222.491911858786,3.349180592762091,7.728162529112548,0.567312285847344,114648.26393749811,5476,2730,553,5127,1309,2323
2552,29534.949294333095,27922.403947567745,57457.35324190084,3.1475288260150887,7.657666391488999,0.5694706483103271,114757.8919303703,5795,2474,490,5329,1400,2030
2553,28002.677078450666,28019.804028294482,56022.48110674515,3.0809282592896174,7.628278511157477,0.5709022915862945,115745.39021129765,5395,2686,678,4876,1752,2131
2554,28198.24817424789,28179.830160346217,56378.0783345941,2.92627629451523,7.825375928883816,0.5714876750287057,115684.09023493668,4356,3898,505,5094,1487,2178
2555,28837.642294189693,27311.64094173099,56149.28323592068,2.7063000549636604,7.3629108073813665,0.5696432749645132,115201.03648213636,4494,3681,584,4976,1772,2011
2556,29488.8013691514,27456.215662568186,56945.01703171959,3.0262886061904046,7.2526929360616466,0.5727095554803143,115768.7794539541,4793,3438,528,4797,2316,1646
2557,28117.434901559624,29622.452037711424,57739.88693927105,2.7299336917466652,7.998439690381639,0.570199300242374,115476.85786514172,4767,3415,577,5744,1278,1737
2558,26549.015342625044,27268.87773808203,53817.89308070707,2.4721855445431826,7.745193503965323,0.5664405015052508,114165.35507431156,5685,2609,465,5327,1054,2378
2559,28151.546351902856,27683.084823152476,55834.63117505533,2.771321627366536,8.142236068752004,0.5709294214482964,115889.37511654763,4986,3252,521,5243,1598,1918
2560,29195.12125676942,28208.635068074014,57403.75632484343,3.3126739759115233,7.890515666658448,0.5688635933478875,115402.64405999168,4821,3166,772,5106,1484,2169
2561,26793.939346503957,26878.963352626328,53672.90269913028,2.7482130104061517,7.615619765741712,0.5689804470301135,114620.95354388465,6187,1794,778,4341,1660,2758
2562,28652.05567444361,27408.4723925415,56060.528066985105,2.8984937004886184,7.731017710750776,0.5688730483775115,115017.34409558875,5295,2623,841,5014,1920,1825
2563,29383.890783513372,28223.292160311525,57607.1829438249,3.031288978151546,7.6905427885561215,0.569413853335861,115302.06644370122,4935,3138,686,4933,1907,1919
2564,28787.50379620383,29435.67061189152,58223.17440809535,2.966764208800407,7.670576448377813,0.569992536574617,115365.36570384375,4699,3530,530,6194,1382,1183
2565,29831.2377082713,27364.728676086637,57195.96638435793,2.7028727209255656,7.763391371647405,0.5667373826574365,114422.66344068212,6202,2030,527,5175,1532,2052
2566,31061.47651156995,27857.12241416479,58918.59892573474,3.350750871035133,7.74870280090696,0.5689792063687004,115071.41017023276,4804,3162,793,5327,1903,1529
2567,29164.082775490664,27937.88962924055,57101.97240473122,2.709192737183869,7.944697872994995,0.5692150535308397,114813.27842241722,5226,2722,811,5317,1713,1729
2568,29448.176239646808,26827.29538185683,56275.47162150364,2.908836432922828,7.54955060653789,0.569816092814813,115653.94360559246,5552,2447,760,4968,1584,2207
2569,28823.537905970275,27693.189981551106,56516.72788752138,3.29580099107059,7.9261245435792675,0.5722152910978783,116000.36680210536,4834,3343,582,5002,1928,1829
2570,29548.536296935974,28378.2286936499,57926.76499058587,2.864404022192389,7.793578175539805,0.5707381085226817,115443.99773530423,4968,3168,623,5588,1612,1559
2571,29284.886812144734,27513.202396839923,56798.08920898466,2.9693712864314508,7.494717901457616,0.5711225501088526,115490.23851685348,5369,2938,452,4620,2299,1840
2572,29628.270256758162,29064.157738513495,58692.42799527166,2.589832120568543,7.791122160493295,0.568669982127749,114609.51791072014,5116,2938,705,5549,1594,1616
2573,27849.205790581316,27101.927622322295,54951.13341290361,2.863842675282289,7.739716364847152,0.5706131797226265,115489.38282231537,4835,2829,1095,4767,1953,2039
2574,29276.895141661258,29262.402857371897,58539.29799903315,2.7329397440511642,8.157088032863559,0.5669577851551543,114079.15650470712,5213,2666,880,5820,1113,1826
2575,28618.394877864168,28294.75392084135,56913.148798705515,2.6319365537404877,7.687009023556429,0.5693314957183717,114785.02350319865,4682,3538,539,5181,1467,2111
2576,29387.47673049343,28194.111269504294,57581.58799999772,2.9993962041959987,7.724411993974066,0.5689501832265913,115236.12538923844,4791,3501,467,5277,1628,1854
2577,28508.89639524763,26711.772450027125,55220.668845274755,3.2013476466936757,7.502732270530291,0.568337989304834,114916.11164571981,5275,2872,612,4914,1553,2292
2578,28694.04225940465,27847.705623706017,56541.74788311067,3.0565880216975683,8.123114267819066,0.568036759146808,114757.41141749996,5247,2678,834,5740,1162,1857
2579,29321.91690227804,27770.05059294219,57091.96749522023,3.0678097103867166,7.43257142838903,0.5701020814678323,115107.90424646216,4384,3473,902,4613,1998,2148
2580,29429.217105092957,28852.389462562547,58281.6065676555,2.9480578339555583,7.6409684447826045,0.5712469064648101,115376.51508279612,5010,2976,773,5146,2187,1426
2581,31548.695179083683,28582.73903737662,60131.4342164603,3.128667397659069,7.8035623644307375,0.575594158707223,116223.4463731838,4364,3912,483,5554,1960,1245
2582,28598.017000178734,28757.724523088196,57355.74152326693,2.797222991753581,8.259203680003,0.5713000038012859,115333.14326696724,5015,2879,865,5615,1347,1797
2583,29393.302012085758,27532.922676702052,56926.224688787814,2.730594635003037,7.619052107453433,0.5679155244863906,114652.26508320816,5064,3009,686,5478,1354,1927
2584,27714.56644243514,28087.444029072278,55802.01047150742,2.854287259011982,7.867740179486718,0.5710022284779236,115594.31520588842,5069,2889,801,5113,1871,1775
2585,29368.305779068196,28350.040979024994,57718.34675809319,2.739049191089746,8.2341672250275,0.5725001771557052,115932.03018443359,3830,3905,1024,5316,1773,1670
2586,29555.380749635322,27710.085351577793,57265.46610121311,2.753580952372751,7.710223581602799,0.5711952559520262,115575.68320560717,4231,3601,927,5276,1280,2203
2587,29003.207490894307,28719.756654877277,57722.964145771584,2.6937228096313817,7.733826113713071,0.5699355947558085,115437.11326902681,5142,3077,540,5341,1541,1877
2588,30525.609026728886,28058.972183898586,58584.58121062747,2.9726502103920636,7.757316313669302,0.5711158403716853,115506.14173754597,4823,2957,979,5157,1958,1644
2589,28749.670147832017,27603.423556010952,56353.09370384297,2.6655161104912803,7.754329560763415,0.568447670205621,114894.67808346784,5140,2753,866,5148,1802,1809
2590,29256.06523000263,28081.34226647567,57337.4074964783,2.793961149607221,7.755124630041833,0.5702932249753961,115194.68467273246,5050,3033,676,5196,1806,1757
2591,29155.980582552562,26038.224095042002,55194.204677594564,2.5643494060438212,7.128398387458725,0.5716041332619775,115431.36526784698,5972,2306,481,4323,2340,2096
2592,28853.345409360834,26349.058997763623,55202.40440712446,3.0111521752264534,7.361541754861013,0.5669028799878025,114470.91644442242,5422,2661,676,4956,1423,2380
2593,28238.196080496582,27501.613638213043,55739.80971870963,2.9672258842784722,7.677843186591582,0.5682855324251699,114743.01444381832,5432,2544,783,5329,1496,1934
2594,28422.048393672034,30157.02990353451,58579.07829720654,2.6701779818553857,8.050143203452645,0.5720762126268405,116016.97572117124,3668,4285,806,5907,1315,1537
2595,29315.71980099004,28498.06749491736,57813.7872959074,3.266151998382437,7.567312164381873,0.5707421387769539,115905.76050739852,4601,3681,477,5245,1862,1652
2596,28010.718366015382,26975.037424260765,54985.75579027615,3.086658959642393,7.646213648050632,0.5697103207913916,114797.59608733478,4876,3264,619,5240,1449,2070
2597,29869.23577834141,26695.747820090997,56564.98359843241,2.9798976850913097,7.2522139801997225,0.568431889877919,114961.42974038837,5701,2321,737,4580,2372,1807
2598,27737.661614429722,28080.900544082015,55818.56215851173,2.7919894152387683,7.637860555250108,0.5730292515083445,116132.84396445166,3892,4415,452,5014,1689,2056
2599,28174.502677533826,28751.84249582404,56926.34517335787,2.7818008391554296,7.540768537738484,0.5749923285839018,116371.76750464582,3770,4233,756,5523,1678,1558
2600,28612.82062809046,27477.770508175672,56090.59113626613,2.7450749525366396,7.5126070932316145,0.5690843446368323,115465.29869224277,5006,3171,582,5092,1497,2170
2601,30873.2793333956,27777.460963067773,58650.74029646337,3.1112563551660335,7.769273989941898,0.5689152960850288,114931.36648737306,5567,2601,591,5025,1910,1824
2602,29475.822786785506,28515.706617068176,57991.52940385368,2.9942615332753246,7.808983116969174,0.5688130925742738,114896.23407182297,5573,2619,567,5319,1708,1732
2603,28377.24113606937,27492.526612749385,55869.767748818755,2.9284927946798414,7.781461365839283,0.568359686708919,114893.83953755128,5699,2360,700,4996,1851,1912
2604,28215.224262643223,27640.141681156638,55855.36594379986,2.9786655488258065,7.582500601997033,0.5679457759053169,114955.30346665379,5221,2974,564,4955,1590,2214
2605,29312.7072769052,28160.090805773176,57472.798082678375,3.181877502680956,7.718412921222098,0.571096725128177,115163.61714219316,5626,2560,573,4896,1890,1973
2606,29632.37609534768,29441.13371639607,59073.50981174375,3.2099362404784406,7.838185611883258,0.5712245970621225,115683.17434811387,4146,3616,997,5867,1393,1499
2607,29144.262782529386,28528.09031619092,57672.353098720305,2.611307997813988,7.019526267129779,0.5725977398550313,115432.79151066301,4933,3053,773,5169,2168,1422
2608,29512.87919401221,30334.644191460648,59847.52338547286,2.8867014460421854,8.201727149623459,0.569973682814187,114844.90259083762,4725,3540,494,5846,1410,1503
2609,27716.815956207683,28099.904536577873,55816.72049278556,2.5398058104420587,7.266384257431832,0.5681340819072784,114801.18247856214,5414,2649,696,4829,1588,2342
2610,30129.793222654538,27477.899935781563,57607.6931584361,3.0512652085367677,7.811045259208159,0.5701732915229841,115579.38021295829,4429,3568,762,4811,1851,2097
2611,29789.962350021713,27347.72971147024,57137.69206149195,2.9187978043398264,7.476124552438514,0.5726932506303972,116116.58629226038,4667,3340,752,4688,2111,1960
2612,29782.386125026336,28905.143144866564,58687.5292698929,2.9686929838035274,7.614992020127241,0.5721849113254552,115453.21881336614,4607,3585,567,5331,2078,1350
2613,31118.120683628884,26080.75006483464,57198.87074846352,2.897750729561066,7.5486277792952166,0.5693603706809438,115457.66681067372,6088,1992,679,4410,2583,1766
2614,28834.80587339651,29466.741367276012,58301.547240672524,2.924342594504453,7.912668105265544,0.5700820116554915,115411.78199697926,4290,3856,613,5647,1362,1750
2615,28059.647565513213,27923.45931596912,55983.10688148234,2.3955473271146452,7.763961590167773,0.5690786721470801,114867.0408721917,5313,3071,375,5165,1782,1812
2616,28622.711227993917,27926.47503587053,56549.18626386445,2.6393797407580557,7.833472814730063,0.5678809372093429,114881.56478006048,4786,3327,646,5043,1596,2120
2617,29350.607815743653,27336.119471757807,56686.72728750146,3.0219412956695813,7.3806401536872,0.5715036856504636,115338.64594687319,4895,3355,509,4856,1948,1955
2618,29951.913933429823,28372.65893716681,58324.57287059663,2.6226097681373726,7.447193345416791,0.5703588509733861,114911.0340198158,5749,2406,604,4933,2079,1747
2619,29181.602604134958,27038.769139978816,56220.37174411377,2.7197048752965323,7.1376239342922165,0.5700401639912487,115353.15008766628,4971,3083,705,4767,1777,2215
2620,28486.17029233645,28977.245899576636,57463.416191913086,2.838137277104536,7.861236878958646,0.5689344642040819,115004.88583797522,5048,2821,890,5464,1282,2013
2621,27886.583125472265,30047.426874873025,57934.01000034529,2.3960028088351124,7.921030190814964,0.5725428058235934,115032.2846832827,3947,4047,765,5705,1502,1552
2622,30099.03254066676,27484.58857030408,57583.62111097084,2.4969191835610047,7.032841084634168,0.5732597918723674,115731.20898523748,5180,2832,747,4778,1966,2015
2623,28354.70616086055,27774.541901124805,56129.24806198536,3.0230797095395068,7.059399189935576,0.5730204115353332,116001.56921413026,4061,3970,728,5246,1875,1638
2624,28749.132454685474,28222.070672594877,56971.20312728035,2.6202865409702802,7.765443492547893,0.5676994478386024,114399.18981086423,5271,2582,906,5717,1265,1777
2625,28883.204466915344,28778.651886969536,57661.85635388488,3.0205971045167432,7.863853986035488,0.569954009792288,115013.22808043801,5129,3017,613,5324,1757,1678
2626,29863.485019243923,29575.289979480447,59438.77499872437,3.2525553848379443,7.976866080328139,0.571244105210782,115544.29687303239,4374,3677,708,5492,1869,1398
2627,30047.30958894897,26799.400483323167,56846.71007227214,2.946807775131909,7.541599556564976,0.5691241985497315,115029.06100444941,5598,2561,600,4898,2064,1797
2628,30971.056950702106,29276.067753594823,60247.12470429693,3.11126377472739,8.28025842957527,0.5717339393091772,115600.60313734203,4249,3812,698,5256,1721,1782
2629,30095.024456913914,27092.989799005667,57188.01425591958,3.0243906190434897,7.57592207970681,0.5670277763384626,114805.82288357338,6368,1832,559,4754,1796,2209
2630,28443.82196435393,28077.122579236955,56520.944543590886,3.053151312941784,7.61791422834693,0.5692685518414534,115223.5616298173,5764,2429,566,4864,2239,1656
2631,29533.426337920264,28739.163022330118,58272.58936025038,2.812405722702337,7.99986742979979,0.5714786977290378,115923.29895979539,3774,4394,591,4952,2015,1792
2632,31319.6829405572,28741.1643480293,60060.8472885865,3.2024110504845558,8.066388960818442,0.5701803603576152,115442.10282759149,4825,3109,825,5675,1486,1598
2633,29228.63346121432,27757.940290463004,56986.57375167732,2.6028628587639275,6.870483400294974,0.5710051751152511,115080.85579252586,5024,2714,1021,4998,1955,1806
2634,30397.357528110562,28126.671168158413,58524.02869626897,2.84091716040411,7.664067830899229,0.5705279090650354,115177.50321156015,4731,3083,945,4947,2405,1407
2635,29382.069082386035,27843.998011221032,57226.06709360707,2.839580685129172,7.512174953686328,0.5704828086155704,114922.42670657267,4797,2918,1044,5404,1489,1866
2636,30386.326059125175,29281.67010755563,59667.99616668081,3.2831282628078946,7.834403210062607,0.5706922982087116,115527.74727573407,4704,3337,718,5680,1642,1437
2637,28761.326492655444,28546.551173022297,57307.87766567774,2.9893249998955644,7.90511682435727,0.5697204418616921,115285.78275253664,4524,3352,883,5587,1511,1661
2638,29436.996906738157,28553.212097514606,57990.20900425276,3.232167769123153,7.841613401132484,0.5695068784495789,114926.87422308051,5060,2795,904,5382,1537,1840
2639,29275.764231872356,28266.117353593458,57541.88158546582,2.8201198281907813,7.731399728666975,0.5668718537539,114254.51549890533,5878,2393,488,5497,1295,1967
2640,30230.35524150852,28063.05343156078,58293.4086730693,2.9042797657687505,7.618245407592381,0.5705786506418442,115805.85420708412,5206,3206,347,5333,1800,1626
2641,30689.789103432176,27666.28726338984,58356.07636682202,2.935590401751865,7.686382193591821,0.5730093499600093,115940.47148380926,4665,3375,719,4887,2267,1605
2642,29166.68883813474,29499.666783730954,58666.355621865696,2.6704315578016935,7.955645032156524,0.5689945463851913,114915.00159787522,5480,2935,344,5603,1379,1777
2643,29278.78144536946,29550.983075303557,58829.764520673016,2.833664791745893,7.746272044608833,0.5711751699782991,115554.96317057592,4928,3449,382,5265,1564,1930
2644,29142.611630972926,27862.42102021977,57005.0326511927,3.224803174392404,7.760321059010871,0.5713636448947733,115879.62749006998,4851,3065,843,4631,1938,2190
2645,29657.82535894462,29167.99231479878,58825.8176737434,2.7718893319197777,7.946153296777904,0.5687629158614586,114829.41506888522,4187,3939,633,5591,1490,1678
2646,28019.254698286353,30031.610084234446,58050.8647825208,2.41368859909382,8.243702925072155,0.5670324933339737,114244.49310062619,4683,3450,626,6159,1119,1481
2647,28984.656945353054,26387.205230311283,55371.86217566434,2.7911431703484464,7.412424346209339,0.568384356735387,114595.8090900812,5876,2316,567,4387,1917,2455
2648,28439.77473731262,28079.086995616646,56518.86173292926,2.629253057691447,7.80948995640051,0.5678607429595974,114424.93368900608,4989,3160,610,5192,1386,2181
2649,27877.163400969588,26767.669751297388,54644.833152266976,2.9247147635096193,7.274267820735609,0.5695609851494281,115382.15008351415,5306,2526,927,4423,1584,2752
2650,28637.660415742215,27696.026773365207,56333.687189107426,2.7009279056227613,7.7243464878464545,0.570163977317931,115129.26107477283,6134,2127,498,4970,1664,2125
2651,31172.44484980042,27522.660021814805,58695.10487161523,2.834853093354134,7.457852990278363,0.5709041764846168,115934.73237783252,5023,3354,382,4945,2076,1738
2652,31075.493749463687,30539.307061419437,61614.80081088313,3.4114700711496426,8.269623046162659,0.5713151555776494,115876.35062637707,3965,4045,749,5591,1808,1360
2653,28833.518512767005,28479.473529620238,57312.99204238724,2.5571172450739152,7.902174624856428,0.5678344595403748,114578.99677942101,5279,2694,786,5592,1298,1869
2654,30730.072224569787,27894.029618675315,58624.1018432451,3.3077440896031187,7.296644816781427,0.5752410024653403,116317.51497358417,5010,3309,440,5015,2198,1546
2655,29389.973801421318,30675.316175318058,60065.289976739376,2.3038720353937983,7.903906496319688,0.5711036738059293,115277.4544829285,3921,4239,599,6492,1169,1098
2656,31083.74304488668,28998.99857717096,60082.74162205764,3.0425755712922435,7.762342044141809,0.5695466254199213,115108.59852211441,5142,3080,537,5404,1775,1580
2657,30471.156676746585,29562.153976876096,60033.310653622684,2.7418929309991906,8.118011986035757,0.5689828629400843,115203.36937325403,3952,3984,823,5355,1633,1771
2658,30149.10764315186,29067.07365989832,59216.18130305018,2.8818853019376567,7.774686122965549,0.5685254708302033,114777.95851825841,5329,2742,688,5429,1648,1682
2659,32822.1443590912,27216.668569400626,60038.812928491825,3.179555424082979,7.485546853740937,0.5714216148174193,115248.70367244244,5744,2430,585,5023,1980,1756
2660,28094.21356560112,27160.54278204506,55254.75634764618,2.7727824944124233,7.332603216633782,0.569903521555489,115826.70862520314,5326,2925,508,4395,1842,2522
2661,28429.674142804804,27905.860529066682,56335.534671871486,2.447582991088452,7.961563805531744,0.5693858820728841,115411.3849769853,4547,3588,624,4433,2022,2304
2662,29777.196899252212,28418.255681843097,58195.452581095306,2.451169506823368,8.00513878745694,0.5686584942707467,114760.50092238213,5918,2150,691,5588,1383,1788
2663,27290.093764495963,28100.791894268787,55390.885658764746,1.9058675848971307,7.403720829310528,0.5701867216093283,115117.58942637556,4740,3176,843,5448,1212,2099
2664,29355.43551764466,28078.40347122815,57433.83898887281,2.5630945542744588,7.9494195215905386,0.5699188836812525,114920.68332135006,5242,2353,1164,5353,1705,1701
2665,31587.686463244696,26768.407823977752,58356.09428722245,3.1774971115905126,7.432234498253869,0.571296198861269,115734.93349910912,4896,2915,948,4842,2512,1405
2666,29715.782379678316,26953.97575507603,56669.758134754346,3.036422257328465,7.4310996384927455,0.5710344599296305,115560.16776019712,5373,2638,748,5408,1808,1543
2667,29414.471760093104,27588.978267763625,57003.45002785673,2.6660045712633105,7.41540511384497,0.5704350658068852,115468.06174679572,4878,3056,825,5230,2324,1205
2668,29321.3101791022,29062.942513268383,58384.25269237059,2.7745923863108883,8.120451236741394,0.573221528562681,116177.43648435474,4189,3971,599,5280,2072,1407
2669,27759.76792500718,26312.299802757756,54072.06772776494,2.7677760478248534,7.662358127094197,0.5671949445283452,114581.69737652222,6131,1935,693,4872,1514,2373
2670,27653.816614193944,28978.69952069341,56632.51613488735,2.697239263491608,7.877228469479718,0.5708719538155667,115734.79349783552,4325,3838,596,5080,1498,2181
2671,30443.602360633628,27795.421703901724,58239.02406453535,2.582567938929469,7.851453533476931,0.569214679250878,114844.97348695113,4827,3282,650,4753,1974,2032
2672,27149.82113232352,28085.066814543512,55234.887946867035,2.7932526158596294,7.824375234861253,0.5682322648717961,114791.92040005019,4534,3354,871,5082,1330,2347
2673,28697.619882750576,27982.549661238598,56680.16954398918,2.7134459400732607,7.731633265332953,0.5677333898349071,114845.06094749176,4604,3444,711,4947,1546,2266
2674,30020.011065842893,28604.136506885636,58624.14757272853,3.2515144418588826,8.029909204278857,0.5690187171242034,114976.5597496534,5583,2444,732,4856,1996,1907
2675,30337.372436339956,29626.451109832913,59963.82354617287,3.0156005875621434,7.588713189292631,0.5687466345757537,114667.59609340831,5304,3038,417,5934,1504,1321
2676,29622.961805027888,30172.81765984896,59795.77946487685,2.3640186462012083,8.097673805756216,0.5719540525876203,115661.82871970063,4842,3279,638,6161,1612,986
2677,30421.96821648496,28009.5196180647,58431.487834549655,3.093640707218738,8.140104753278633,0.5669345127121794,114571.81554325171,5529,2534,696,5495,1444,1820
2678,27477.84336415392,26829.776534939538,54307.61989909346,2.8941948985225636,7.397295112939213,0.569257353034696,115644.1829101629,5191,3115,453,3974,1823,2962
2679,28821.955791241264,27585.80045965348,56407.756250894745,2.9260302195670675,7.894136193491818,0.56794932891128,114776.30615123798,5390,2733,636,4913,1419,2427
2680,30003.03929754426,29164.505962560266,59167.545260104525,2.7718074323276203,7.68042698578391,0.5681467702549294,114485.30762503494,5263,2831,665,5819,1276,1664
2681,29683.434447682415,29350.08514664476,59033.519594327176,3.2165237909393896,7.749743237824157,0.5717565596613408,115813.60766514504,3861,4247,651,5624,1814,1321
2682,25877.006032807803,27740.794398524027,53617.80043133183,2.2604714637369114,7.153341416170885,0.5716966451608811,115277.4975700947,5254,3128,377,4731,2002,2026
2683,30907.732294820275,26876.415360417646,57784.14765523792,2.91705387856965,7.428401447205229,0.570687241033207,115722.9873184147,5875,2323,561,5060,1887,1812
2684,29453.275137491186,27960.958145435954,57414.23328292714,2.738196600894914,7.58526695606637,0.5695566073664798,114790.41939532213,4962,3340,457,4997,1713,2049
2685,29082.392746054644,26128.89869765762,55211.29144371227,2.845763200159346,7.25311043240207,0.5705888952353406,115545.32435463124,6153,2209,397,4305,2169,2285
2686,27199.99739970061,27523.12246786887,54723.119867569476,2.4286163070645403,7.4965893520666285,0.5694402203141431,115040.97740198667,4751,3400,608,4941,1516,2302
2687,30306.645060469815,27487.153416429905,57793.79847689972,2.8262676502766704,7.398441990259393,0.5678741194459848,114805.72676539389,4935,3238,586,5227,1896,1636
2688,29039.103517875705,28131.89800206584,57171.00151994154,2.2529533348209716,7.792956889041087,0.5708457535436824,115363.71943839197,4013,4027,719,5156,1603,2000
2689,29260.03889820909,28965.8078315039,58225.84672971299,2.638741482308702,7.7717521677492,0.5687447222575026,114669.62405808114,4922,3065,772,5557,1647,1555
2690,31116.403471922396,28475.70148447963,59592.10495640202,3.005031844835769,7.840967954915462,0.5686525298722103,114789.55863619177,5876,2117,766,5811,1658,1290
2691,29728.23838732779,28370.67779272363,58098.91618005142,2.528837544525724,7.914799428575255,0.5689575684424382,114734.66169623473,5436,2643,680,5578,1407,1774
2692,29924.888723588305,27068.186057471627,56993.07478105993,2.637688444803113,7.186900997029814,0.5736820714506222,116374.85822611052,4754,3429,576,4836,2026,1897
2693,28931.45538555806,26693.224706954195,55624.68009251225,2.737600543074352,7.174026625823091,0.5727480921819725,115951.46280133331,5661,2365,733,4485,2059,2215
2694,29834.488848064564,28689.681146350624,58524.16999441519,2.759743545285083,8.03833656328155,0.5673062886109499,114590.3215158961,4981,2717,1061,5414,1352,1993
2695,29340.483109841236,29013.174088044474,58353.65719788571,2.890537229005623,7.781042692943438,0.5666039531291878,114275.22156778473,5738,2553,468,5667,1177,1915
2696,28375.48438260769,28980.113552157894,57355.59793476558,2.953065250546593,7.750441129994708,0.5686531698927058,114931.26492535195,4705,3421,633,5949,1059,1751
2697,28469.383434937907,28622.157226875377,57091.540661813284,2.9506014333551627,7.612679012210213,0.5666616839251694,114233.33955760306,5188,3010,561,5443,1426,1890
2698,29456.80425380001,28074.47071101256,57531.274964812575,2.518778576257008,7.508113197679464,0.5713628876757613,115693.14382087017,5395,2849,515,5364,1921,1474
2699,30611.017330950694,29515.852536334038,60126.86986728473,2.636618906337048,7.974517529458165,0.5675562659065165,114749.31059385152,4407,3736,616,5704,1425,1630
2700,29856.695484747477,27534.550990488693,57391.24647523617,2.761282074736081,7.57644355464798,0.5681028480645969,115005.47672472472,5407,2777,575,4978,2244,1537
2701,30020.899915299222,26941.23342464603,56962.133339945256,2.938574932060469,7.622649272089628,0.5711250726337631,115673.26112751043,5220,2902,637,4443,2436,1880
2702,26339.741086419053,28491.78534742055,54831.52643383961,2.556865034093552,8.108166439815452,0.5695212643417397,115450.35117243497,4344,3663,752,5489,1047,2223
2703,29954.0024401208,27959.68277765663,57913.68521777743,2.8289953462390183,7.653762109577083,0.5689696998868131,114847.88065050839,6498,1753,508,4865,1552,2342
2704,31963.101219369455,27582.06382788983,59545.16504725929,3.2246609336323626,7.43151105215265,0.5713069635361655,115741.33960726061,5189,2907,663,4810,2157,1792
2705,30720.875753243326,29311.361766417333,60032.23751966066,2.7309297823586,7.967501028811659,0.5700968690063558,115374.47898600482,4803,3326,630,5977,1449,1333
2706,28856.992956873757,29545.398929287116,58402.39188616087,3.188530463198495,8.051803630692246,0.569059736925498,115265.60167817047,4419,3496,844,5964,801,1994
2707,30356.019137099654,28634.01004605693,58990.029183156585,3.3187748731605438,7.578870393377429,0.5713214966429242,115142.27397749711,5575,2749,435,5483,1742,1534
2708,30197.208730007722,28988.4455396263,59185.65426963402,2.7557318555465953,7.5484785267273375,0.5706508438679745,115326.372104663,5224,2689,846,5313,1464,1982
2709,29642.461544487207,29837.12466749134,59479.586211978545,2.831233650468397,8.14491441399106,0.5707516289156088,115477.77791823953,3619,4491,649,5552,1471,1736
2710,29805.95650981073,29813.91703732236,59619.87354713309,3.1008235381778126,7.735520534311169,0.5683414921572972,114292.0012688611,4167,3898,694,6050,1229,1480
2711,29917.095920418386,28652.764042395236,58569.85996281362,2.723805019170479,8.032005462116762,0.5709508834196929,115795.40993988155,4126,4281,352,5571,1885,1303
2712,29532.471418616744,27557.104788414334,57089.576207031074,2.6962483371716157,7.579854210555779,0.5714579375264359,115838.52192200326,5706,2476,577,5015,1784,1960
2713,30826.157656944597,28015.184645090136,58841.34230203473,3.0360841752475918,7.454451495140127,0.569831034516117,115268.67015564532,4936,3377,446,5161,2093,1505
2714,29064.097294276515,28857.12674715482,57921.224041431335,2.63334747850209,8.158027217567765,0.569958449128699,114856.96942714788,4593,3447,719,5321,1609,1829
2715,29140.602522182475,30362.160090381483,59502.76261256396,2.991842256863637,7.968041718357591,0.5689676402896902,114600.95013197452,4546,3724,489,5858,1290,1611
2716,30632.856873078024,29256.87382729117,59889.7307003692,2.937350152493952,7.751883441538093,0.568142589541448,114560.41494031218,5130,3176,453,6250,1185,1324
2717,27817.19188850619,28114.10802070211,55931.299909208305,2.7873024286429353,7.657355463678847,0.5700747544603427,115115.46922056847,5175,2921,663,4835,2008,1916
2718,31290.48278195853,29520.00502544774,60810.48780740627,3.1631414370137607,7.260702111885969,0.5756628262764578,116422.68943086253,4734,3120,905,5407,2019,1333
2719,29858.061381926138,28895.223874533207,58753.28525645935,2.5753508327429206,7.9837310693306245,0.5714993338932792,115290.92793106847,4958,3162,639,5076,1620,2063
2720,29341.587388376465,29552.74629137402,58894.33367975049,2.4761886778368534,7.852212277137615,0.5694308947540947,114982.78440437582,4559,3622,578,6386,1270,1103
2721,28459.078030755052,29006.108729732972,57465.186760488024,2.907902348170396,7.696467567387987,0.5692361858767823,115234.52712336113,4697,3415,647,5665,1413,1681
2722,31544.72985818789,28951.38598978479,60496.11584797268,3.034183976252235,7.729135874065842,0.5673474010603723,114654.54758639431,5483,2904,372,5796,1628,1335
2723,31503.538345741938,27496.107725243022,58999.64607098496,2.9381737422887557,7.471551733836955,0.5683458882460203,115419.24700854892,5561,2770,428,5118,2053,1588
2724,30386.996774511976,27068.90426670218,57455.90104121415,2.6936347086931485,7.319314500983695,0.5680272415197143,115242.78367843051,5920,2184,655,4651,2227,1881
2725,28449.38650030337,27362.479254489022,55811.865754792394,2.655804495346997,7.434662228587607,0.5712455893571184,115405.22058246809,5502,2806,451,4145,2221,2393
2726,30416.63988286599,26591.836438346698,57008.476321212685,2.6470766938355323,7.533448525456272,0.5670478491303076,114631.34398165916,6421,1752,586,4616,1718,2425
2727,30948.92703916958,29369.62172269612,60318.5487618657,2.978332455033835,7.756497576109885,0.5691187587072293,114493.57135662987,5640,2433,686,5965,1291,1503
2728,31044.408228732653,28326.476046001495,59370.88427473415,3.264942207071343,7.44955850882229,0.5708617616529237,115382.83504484412,5318,2518,923,5055,2097,1607
2729,30185.253724164733,26650.650485784,56835.904209948734,2.086696853860598,7.325264687420827,0.5716380591380661,115227.97805411651,6297,1994,468,4768,2371,1620
2730,30003.822229997226,27097.560497174898,57101.382727172124,3.0179565780811237,7.747191939310156,0.5691114390386012,115570.43212860897,5235,3130,394,4831,1963,1965
2731,30724.35161737569,29996.314022145976,60720.66563952167,3.005792010629654,7.987654053837416,0.5690595750999259,114439.17328343097,5120,3066,573,5753,1403,1603
2732,30033.61269969255,29429.538628036455,59463.15132772901,2.997274795433676,7.947601163033913,0.5714355437790244,115717.70043567546,4734,3613,412,5256,1911,1592
2733,30842.81883882373,25768.438587134217,56611.25742595794,2.8358255778159998,6.833627931122963,0.5720989529206215,115320.39516407526,5685,2524,550,4373,2136,2250
2734,28467.468940737333,26659.336935055235,55126.80587579257,2.5612268886176883,7.3043447320048225,0.5707745721011364,115432.32246433661,4840,3418,501,4513,1850,2396
2735,30089.309673366744,28041.69673846467,58131.00641183142,2.808852651131853,7.4700807386565655,0.5727773240246664,116087.60081124221,4598,3315,846,5026,1815,1918
2736,29063.208062061974,28455.56321401407,57518.77127607605,2.4011060606037873,7.187594815053645,0.5754312214799565,116620.30269120091,4175,3913,671,5168,1918,1673
2737,30525.592422670026,28535.51635523038,59061.1087779004,2.7726550185871006,7.621931322734022,0.5729209741780159,115539.01697157035,4833,3408,518,5496,1637,1626
2738,29819.25060523321,26729.199021977456,56548.44962721066,2.556142637153798,7.672282223678191,0.5698520778322737,115012.48683913435,5846,2217,696,5006,2003,1750
2739,27996.028198911365,27775.39265069288,55771.42084960424,2.3847708146099267,7.590503803212817,0.567271837670695,114595.87485482266,6524,1733,502,5194,1288,2277
2740,30275.65356715247,28926.313491522073,59201.96705867454,3.0647470741806395,7.489067799994351,0.5708363177858641,115256.6302226729,4539,3844,376,5780,1757,1222
2741,29913.47409564593,28315.473667475395,58228.94776312132,2.9665807510930104,7.323382917424254,0.5735308893275919,116137.35242027763,4479,3859,421,4886,2283,1590
2742,29185.127221237068,27916.4137279913,57101.540949228365,2.889694086796336,7.4256717025295185,0.5715291943540364,115743.76980779697,4976,3098,685,5095,1768,1896
2743,28668.987136971016,28122.81790810944,56791.80504508046,2.9922421858811314,7.711952487592931,0.5683507042396893,114522.26619304241,5235,2575,949,5596,1256,1907
2744,29401.130407000015,28185.497785348816,57586.62819234883,3.068146926941401,7.8748973403463935,0.5671464649338762,114481.17154855334,5588,2261,910,5485,1182,2092
2745,29592.129905767917,26996.3587491644,56588.48865493231,3.2478340864739903,7.502423278118916,0.5693960290947325,114905.6913427827,5096,2719,944,4638,1635,2486
2746,28584.552103891456,28662.935583268885,57247.48768716034,2.9160947281446012,7.841563334042532,0.5678384561958384,114493.2988209109,4597,3360,802,5575,1301,1883
2747,29266.185768371703,27941.400920740067,57207.58668911177,2.943882983902828,7.690596429178026,0.5704857708622605,115486.48499793683,5226,3115,418,4933,1794,2032
2748,29528.324882026598,29008.955131183433,58537.28001321003,2.5541188050833803,7.769666300340512,0.568790133149312,114510.10039756446,5475,2690,594,5952,1522,1285
2749,28165.256931730855,30524.985985828494,58690.24291755935,2.6994061545536487,7.693838717000304,0.5720734637254807,115649.11881153341,3692,4252,815,6015,1216,1528
2750,30243.29898205736,29637.538959870362,59880.83794192772,2.9709888238440825,7.92045103298341,0.5705848698836006,115377.85798045287,4315,3976,468,5922,1082,1755
2751,28909.026121354764,26906.13400567186,55815.160127026626,3.139862957559032,6.968702231588016,0.5721095932331723,115815.51185759771,5094,3138,527,4409,1617,2733
2752,29058.594627332393,28568.571294765155,57627.16592209755,3.294386099896982,7.7510842514547615,0.5693155304791337,114726.78830950226,5292,2887,580,5588,1193,1978
2753,28734.678014935307,28559.544314450843,57294.222329386146,2.695304237758611,7.795063631298142,0.5686934694379595,114873.16816798644,5205,3109,445,4917,1673,2169
2754,30074.268472444743,27851.300211241334,57925.56868368608,3.1678467992522785,7.443250515983755,0.5712158167572783,115945.95429915638,5447,2557,755,5197,1758,1804
2755,29446.025300474957,27314.095814526445,56760.1211150014,2.6759354240881956,7.497761511522335,0.567657694755958,114486.96583922164,5188,2845,726,5111,1342,2306
2756,28487.005046388735,27489.53294726317,55976.5379936519,3.1510776031781464,7.469004843932455,0.5680896202019239,114534.82372453927,6033,2060,666,5013,1457,2289
2757,30635.427896048677,29322.33454388372,59957.7624399324,3.084300857677296,7.917600082609651,0.56917708368975,115234.66934231327,4131,3840,788,5783,1375,1601
2758,30265.58768308629,29886.750569571806,60152.3382526581,2.9586467195637494,7.906536064625221,0.5696998319699866,115169.04409411713,4422,3526,811,5600,1711,1448
2759,30037.68536253382,27723.58157223796,57761.266934771775,2.586354110389636,7.40731044122225,0.5692691631822723,115260.06317668734,5198,2625,936,5056,2140,1563
2760,32576.64502216285,27450.79205257231,60027.437074735164,2.9688820120345567,7.595748784756455,0.5707705952189014,115285.40588563944,5744,2333,682,4702,2251,1806
2761,30030.725027663044,25887.90649186277,55918.631519525814,3.0881478554452646,7.114888934181933,0.5708146594996218,116240.74773197788,4954,3340,465,4265,2015,2479
2762,29253.786869045965,28580.27776445271,57834.064633498674,2.8329397911665755,7.600193121266491,0.567742016469359,115015.05109202876,4589,3651,519,5243,1704,1812
2763,29002.856064633736,28433.53584531158,57436.39190994532,2.5743756604862926,7.291097515622213,0.5716167864049777,115097.09705409304,5195,2782,782,5320,1841,1598
2764,30078.08679493717,29710.605523048544,59788.69231798571,2.5865405242924067,7.968616049581042,0.5714937478868451,115707.67902640371,4701,3593,465,5487,1859,1413
2765,29796.521887193645,29390.353385796367,59186.875272990015,2.6405178897385735,8.143533663560476,0.5696610564879038,115166.21720520656,4540,3753,466,5952,992,1815
2766,29912.89331141988,28579.150789941756,58492.04410136164,2.9621657824564265,7.755668931482929,0.5685477581004772,114686.05802213405,4743,3334,682,5155,1543,2061
2767,30586.14449562119,28303.801426540183,58889.94592216137,3.085198157241073,7.735294087632811,0.568736495130478,115017.35220052188,5138,3098,523,5097,1852,1810
2768,31880.85980802746,29788.886402802753,61669.74621083021,3.0192107677344904,8.13631517288633,0.5715479668778964,115632.10906996462,4539,3752,468,5935,1811,1013
2769,29828.06150696316,27429.146418129432,57257.20792509259,2.753155356250116,7.384000459938187,0.5673373740550274,114709.31613227716,6335,1817,607,4953,1546,2260
2770,29397.94022179584,27253.509745264393,56651.44996706024,2.300530323260485,7.6040776157869265,0.5666371643025051,114731.45118180654,6375,1930,454,4789,1469,2501
2771,27276.191475445008,27460.333586702174,54736.52506214718,1.9751495009564033,7.7945294191777625,0.5706144607703073,115806.33151933487,4971,3168,620,4368,1618,2773
2772,29658.444707543138,28334.380678306665,57992.82538584981,2.102568519412799,7.851322859081107,0.5689905833979452,115335.3925023409,4666,3580,513,5457,1234,2068
2773,29313.289260118203,28289.33373927286,57602.62299939107,2.619357379671672,7.28754643889697,0.5698832866768063,115102.15512457008,4626,3564,569,5779,1000,1980
2774,28165.500400576042,26817.42859726252,54982.928997838564,2.5085206420789046,7.251144855371934,0.5690283715493278,114576.0508076982,5664,2237,858,4495,1389,2875
2775,30231.82058019041,28861.70570704637,59093.52628723678,3.191202913251674,7.558918244175499,0.567740304893799,114649.88581451414,5128,2900,731,5284,1721,1754
2776,29856.490195663715,29817.289857957956,59673.78005362167,2.9994462707837073,7.984821763598543,0.5711585285854835,115766.40049149023,3567,4486,706,5961,1334,1464
2777,30746.39657689586,27814.606091201185,58561.00266809705,2.8259311431749907,7.473708961479325,0.5667160172032842,114467.6151154414,6223,1972,564,5310,1441,2008
2778,29499.874309483905,29361.103280140054,58860.97758962396,2.5848839383121374,7.687857378460204,0.5716086203178862,115643.18461815147,4134,4126,499,5129,1337,2293
2779,29634.646290697772,29581.164049365718,59215.81034006349,3.021465614405865,7.975405632943392,0.5696060622639046,115221.28619976436,4846,3444,469,5763,1335,1661
2780,29162.145545270472,28366.72332574939,57528.86887101986,3.1428525629156954,7.2560656098896645,0.5695662223462962,115361.81342479434,4652,3712,395,4970,1701,2088
2781,28041.382216548216,28535.820063321116,56577.202279869336,2.7733411359384568,7.655783218675112,0.5693497674208037,115702.6268107403,4651,3443,665,5063,1781,1915
2782,30898.954368087423,28335.46372194778,59234.41809003521,2.8242362573789346,7.529206127600119,0.5692431287054107,115179.60311956579,4375,3958,426,5468,2115,1176
2783,30697.05531256145,28880.04159318364,59577.096905745086,3.240390880661862,7.78803517296767,0.5683690183392851,114543.55362554028,4851,3257,651,5639,1715,1405
2784,30574.34124183682,29634.801439251292,60209.14268108811,2.648819317338176,7.76945580347591,0.569828895686729,115639.71164787283,3754,4581,424,5674,1683,1402
2785,28947.423669986805,26554.09534250838,55501.519012495184,2.7215548942862973,7.59875082925056,0.5691355594259516,115400.26711077972,5077,3223,459,4586,1629,2544
2786,28261.74072547808,28087.709734845237,56349.45046032332,2.7649663281881542,6.976450977808501,0.5699491105564273,114935.39790980532,4469,3656,634,5243,1364,2152
2787,29752.467877520907,28336.47937525622,58088.94725277713,2.7927163255711918,7.573931934929985,0.5699124688256368,115225.84773877938,4648,3585,526,5531,1314,1914
2788,29819.963612825173,28036.986019486838,57856.94963231201,2.615831637866116,7.531226036823165,0.5693089234321119,115122.2220412687,4830,3415,514,4921,2027,1811
2789,29510.85884386419,28483.616029617926,57994.47487348212,2.8157985102527827,7.694698317094815,0.5687932133566169,114797.89529232345,5027,3386,346,5344,1508,1907
2790,29326.513389873235,29545.94811649191,58872.46150636514,2.7875673090429567,8.300206967231674,0.569176905511782,115271.79193779029,4538,3554,667,5511,1371,1877
2791,29128.13469358549,28089.400729450295,57217.535423035784,2.8062366738654627,7.816742950756305,0.570509622288373,115446.73577142064,5091,3015,653,5462,1426,1871
2792,29674.58173035178,29873.546062575515,59548.12779292729,1.9344408151643275,7.7141973596218065,0.5694096423518938,114743.09241773249,5015,3122,622,5552,1647,1560
2793,30022.718372108102,29249.094242639138,59271.812614747236,2.8014204213538885,7.630633082017781,0.5691882435484086,115180.8585807371,5020,3290,449,5484,1458,1817
2794,30231.384119353166,29166.869875157496,59398.25399451066,2.7042888356972865,7.99139831679222,0.5686186190112246,114664.91861985285,5201,3001,557,5762,996,2001
2795,28724.39811420634,29912.744915462477,58637.14302966882,2.705133106832264,8.04247766513347,0.5700634519808802,115199.1677069218,5234,2819,706,5928,885,1946
2796,29258.64537519151,30040.957011522878,59299.60238671439,2.2761381570834947,7.9306182416353,0.5698598175600448,115093.95753863995,4327,3813,619,5938,1531,1290
2797,29260.808772534063,27211.994168318124,56472.80294085218,2.40658549688767,7.480198326666109,0.5675870832148852,114631.36979632387,5773,2257,729,5307,1527,1925
2798,30800.095365428344,30516.201435953542,61316.29680138189,3.0625987942715978,8.160850982877875,0.5687150873364735,114498.49487052984,5655,2552,552,5757,1734,1268
2799,29382.258950290558,30316.355591272182,59698.61454156274,2.563590871913732,7.953102795425046,0.5667574715315095,114154.04712228684,5200,3111,448,6354,1224,1181
2800,31958.401997115303,26852.55539753729,58810.95739465259,2.627201788803664,7.784037972895295,0.5703850232171641,115583.3179136163,5571,2576,612,5118,1989,1652
2801,30746.91386668393,29213.359240383168,59960.2731070671,2.68163745443483,7.816419302228862,0.5696015611915743,115073.98837620951,4594,3543,622,5641,1992,1126
2802,32086.428724788584,26795.04136601017,58881.47009079876,3.1766079083576186,7.529143905991525,0.5717865974251005,115731.2552470355,5891,2179,689,4441,2284,2034
2803,31360.169964958302,28147.495581561045,59507.66554651935,2.6324988962244107,6.951790535470631,0.5709407009662625,115062.92775083998,5435,2823,501,4965,2179,1615
2804,29385.4862430749,29620.384258814905,59005.8705018898,2.394499439575848,7.508451713051626,0.5704614899422529,115158.24320899707,4761,3378,620,5781,1559,1419
2805,29009.944579080704,28952.276272595915,57962.22085167662,2.5346962486500044,7.80154289354892,0.5678751972383393,114602.75479000805,4824,2973,962,5466,992,2301
2806,28476.86436410571,27632.107794925767,56108.97215903147,2.733198773144751,7.575472444144982,0.5686353309990639,115157.81712782715,5668,2503,588,5013,1155,2591
2807,30332.961459144626,29706.49252847089,60039.45398761552,2.972648247772351,7.759944689036537,0.5682009704705392,114827.18451936258,4961,3259,539,5999,1188,1572
2808,31533.52660230205,27578.956264584238,59112.48286688629,2.8171433004443944,7.262004724009954,0.5694519769627866,114715.7884664894,5380,2662,717,5119,1999,1641
2809,31122.154234482226,26935.502891861586,58057.65712634381,2.8178178584959115,7.61213429065341,0.5708656590245648,116046.97522973947,5239,2874,646,4894,1958,1907
2810,28783.605525871844,29196.299826291903,57979.90535216375,2.992238048554442,8.12638833267711,0.5683046444100781,114543.72539075858,5175,2859,725,5689,1030,2040
2811,29964.914176916554,30198.94414780982,60163.858324726374,2.7472817151675852,7.775343174231413,0.570341565704622,115218.49382350795,3972,4324,463,6166,1043,1550
2812,30675.036250896053,29326.11206929915,60001.14832019521,2.7951163172692306,7.917587888287299,0.5667033253281828,114307.05932158917,5067,3221,471,6219,1118,1422
2813,30960.915309044794,30039.326878649495,61000.24218769429,3.1230749786155902,7.922950661858582,0.570426800961897,115354.33156283147,4230,3863,666,6211,1594,954
2814,30459.669963199853,28704.204673118486,59163.87463631834,2.416061465218139,7.246406107371315,0.570802950561304,114913.12029556528,5410,2746,603,5473,1775,1511
2815,31332.931545151216,28050.339194234075,59383.27073938529,3.0481410631620096,7.550132129207375,0.568466918645038,114952.9106835402,5506,2672,581,4861,2063,1835
2816,30574.82841911976,29508.460912488987,60083.28933160874,2.504358679904851,7.991149478489648,0.569646048993049,114993.20854632997,5271,3047,441,5899,1692,1168
2817,31719.06794773452,29323.601155554912,61042.66910328943,3.058507290729881,7.789028587451878,0.571928974157486,115998.26161351531,4093,4153,513,5595,1821,1343
2818,30133.47996914417,27965.07720455825,58098.557173702415,2.4969991054913905,7.537949354046494,0.567284013994121,114311.33184589082,6218,2067,474,5848,1283,1628
2819,30144.629810998198,28591.456478904656,58736.08628990286,2.5295704469061784,7.96208843304165,0.5681190877368922,114366.43029481967,4672,3503,584,5368,1208,2183
2820,29104.701930751733,29518.571280164488,58623.27321091622,2.6913501328338234,8.109846610592983,0.5716077158855353,115581.63652248272,4540,3467,752,4702,1916,2141
2821,30006.474514106965,27395.149107793557,57401.62362190052,2.7521219592604957,7.1300323660435945,0.5713335898293912,115030.66646275404,5330,2649,780,5124,1629,2006
2822,30218.43691685579,29863.563971600975,60082.000888456765,2.744658185309837,7.872893694382798,0.5673318680435883,114290.80775773607,5518,2867,374,6229,1167,1363
2823,30389.942622039845,26109.682716778218,56499.62533881806,2.711985499950364,7.292366171996063,0.5681919717982682,114617.6354841592,6137,2147,475,4838,1620,2301
2824,30361.12510604598,28658.65681503611,59019.78192108209,2.931293442038994,7.727035697339155,0.5685733741010847,114842.08123956564,5480,2755,524,5553,1681,1525
2825,30944.576089514365,28304.55376961421,59249.129859128574,2.8471640205767166,7.499286420378334,0.5690783742253687,115401.17921456695,5129,2992,638,5474,1693,1592
2826,30999.933162385918,28633.59995255163,59633.53311493755,2.9595218419297598,7.502130135024422,0.5676159329847611,114562.94616805368,4896,3269,594,5499,1348,1912
2827,32684.711659299122,28212.652190191853,60897.363849490976,2.968395933100616,7.600692106282557,0.5679827333128967,114396.46724288525,5020,2618,1121,5747,1636,1376
2828,29464.096548440233,27455.147740319786,56919.24428876002,2.348936854671411,7.469366464939354,0.5713713447379712,115684.4862346754,5296,2646,817,4646,1918,2195
2829,29601.294856601096,28982.793307727632,58584.08816432873,2.379485669940504,7.7114142036038595,0.5690797894893229,114773.92708390267,5776,2294,689,5742,1401,1616
2830,30075.46271093596,28567.479287343413,58642.94199827938,2.2434208081217535,7.71006180870573,0.5687374179849793,114589.28032400049,5760,2229,770,5522,1137,2100
2831,29068.908602180134,28918.110737705247,57987.01933988538,2.4899115397945155,7.991415465819027,0.5695489554020456,115262.67592467727,4836,3556,367,5397,1283,2079
2832,28233.401511646276,28829.19340980502,57062.594921451295,2.7372307968963696,7.703993523651378,0.5700280655990437,115589.69117545556,4642,3799,318,5340,1416,2003
2833,29476.24750908203,28438.062460893554,57914.309969975584,2.5582114326211305,7.012354002552372,0.5722975494338209,115921.3666437538,3801,4336,622,5261,1581,1917
2834,29611.645121152917,27315.004484794677,56926.64960594759,2.988099035718526,7.424461538196726,0.5700415948476019,115571.05507164843,4640,3521,598,5051,1474,2234
2835,30303.90657499099,31047.481843724006,61351.388418714996,2.404310434223936,8.254292973781869,0.5689117573626329,114760.43580787104,3492,4532,735,6402,1059,1298
2836,30412.737313507427,27609.0633892021,58021.80070270953,2.4803492906037734,7.660193970524849,0.5704862758571081,115772.7264072956,4786,3487,486,5033,1534,2192
2837,30596.119183952273,28809.044505506063,59405.163689458335,2.9092943127174813,7.473877205472509,0.5693621186226948,114568.4291378859,5037,2826,896,5433,1340,1986
2838,29771.64226018507,28113.149331002864,57884.79159118794,3.0881096167398194,7.457322420737365,0.568779532808798,115214.15631278139,4459,3496,804,5340,1067,2352
2839,28492.541731584904,29178.755331951434,57671.29706353634,2.4661874084317597,7.505466707387299,0.5713561911322417,115490.96202174442,4164,4159,436,5719,1299,1741
2840,29004.729493138817,28040.78624659408,57045.5157397329,2.1932882044131334,7.783444693146305,0.5706272718687667,115434.43342978404,4678,3535,546,5244,1327,2188
2841,29703.23867041979,27124.174156880737,56827.412827300526,2.743228436424447,7.312352317194481,0.5693414974443793,115196.160413924,4931,3521,307,4808,1810,2141
2842,28739.58815559166,26763.07351318671,55502.66166877837,2.244934343390944,7.139210883690291,0.569402771341928,115093.23666888564,5759,2543,457,4519,2148,2092
2843,29687.88595638133,28591.120311452876,58279.00626783421,2.424819065597852,7.582485202495672,0.5714438135643657,115768.19267577396,4279,3679,801,5445,1589,1725
2844,31662.746977449133,29320.51219888016,60983.25917632929,2.6337722129710035,7.894936863597247,0.5670694009806622,114164.25056881884,4994,3066,699,6114,1140,1505
2845,30585.61960261425,28818.28294761256,59403.902550226805,2.214233135897218,7.483829152767435,0.5726402862890483,115977.17124458455,4653,3182,924,5110,1894,1755
2846,31850.42158210723,28795.758511364038,60646.18009347127,2.790947719527775,7.425716683929299,0.5718353753821013,115388.04235587233,5001,3034,724,4888,2636,1235
2847,27756.843624651472,29361.371195294054,57118.214819945526,2.340707033211974,7.921233799052163,0.5692581472566421,114817.88126001022,4723,3161,875,5283,1642,1834
2848,30959.762807143972,26920.891051402734,57880.653858546706,2.776287034251449,7.09486831647103,0.5691597017725575,115035.78051012545,5859,2135,765,5028,1762,1969
2849,28740.38593672747,29741.4469021041,58481.83283883157,2.693356499289768,7.624608033376886,0.5724361919938975,116014.61461595203,4644,3488,627,5185,1824,1750
2850,30979.700860773555,28556.801633265848,59536.50249403941,2.7683204394242753,7.379726733496519,0.5701640491321391,115234.40137240184,4854,3098,807,5705,1679,1375
2851,29828.969361000436,29879.279794041267,59708.2491550417,2.652191284679062,7.863093184438635,0.5676145839795718,114868.93222634398,4282,3785,692,5549,1569,1641
2852,31220.111936689067,30059.487986302855,61279.599922991925,2.801072265905698,7.7670294338937556,0.5684258834400291,114387.52140065882,4683,3261,815,6369,1378,1012
2853,30362.74071935705,28311.75872250025,58674.499441857304,3.0541075135417,7.735066055630814,0.5690801616018353,114992.39194527912,4583,3792,384,5420,1138,2201
2854,28379.260106889116,29756.533492879782,58135.7935997689,2.808458030971236,8.104639216493261,0.5708413906846675,115294.87495518642,4324,3923,512,5798,1158,1803
2855,29170.404890527352,27118.45545871703,56288.86034924438,2.3100873978749417,7.191580366822579,0.5668376780213484,114319.44278926315,5888,2307,564,4910,1420,2429
2856,30534.330385945268,26772.802718374107,57307.13310431938,3.0190137641611634,7.341859085747472,0.5676487713325086,114753.09367723676,5896,2259,604,4652,1840,2267
2857,31889.77664223377,28311.874165113226,60201.650807346996,3.169434036780518,7.4034603880660015,0.5698883933617204,115281.76713322797,5764,2434,561,5563,1696,1500
2858,31397.765263101443,28910.728410502594,60308.49367360404,3.1592118573210097,7.720253707393393,0.5703084939285565,115166.0353679606,4955,3177,627,5639,1849,1271
2859,31502.581016237124,29385.64552629655,60888.22654253367,2.4503983987481526,7.805413181384247,0.5684976141339354,114608.29886549697,4872,3058,829,6100,1634,1025
2860,30019.8599634905,27960.69514770893,57980.55511119943,2.453780386315512,7.184234831997057,0.5681197832132688,114697.9903485868,5702,2402,655,5219,1697,1843
2861,28575.230517859938,27619.886839417763,56195.117357277704,2.6048738007866383,7.139332433037256,0.568650161040029,115170.9690299974,4565,3595,599,5194,1217,2348
2862,30621.345694208896,28073.577432762915,58694.923126971815,2.8419684072863247,7.651925152806553,0.5703334222390353,115281.25644619376,5191,2981,587,5270,1829,1660
2863,29985.196998410247,28158.584634153034,58143.78163256328,2.7527524768425944,7.310746489257948,0.5674095570077544,114524.03874708053,4923,3199,637,5670,1318,1771
2864,29121.805294065714,29671.254714862116,58793.06000892783,2.62918727963115,7.93420415547052,0.5697701518060394,115113.90448848235,4455,3589,715,6167,916,1676
2865,30496.175757162586,30073.339771658564,60569.51552882115,2.8044351692042513,7.540605460317576,0.5678923467796407,114338.3316748623,4893,2854,1012,6114,1075,1570
2866,31285.709297681926,28645.47813865079,59931.187436332715,3.0214429570001724,7.8216290619415485,0.5690215045088924,114652.67256599803,5533,2814,412,5943,1377,1439
2867,30057.988246116725,28275.227803966816,58333.216050083545,2.5217283515364906,7.282866104308281,0.572955406692724,115779.75349964944,5216,3234,309,5504,1706,1549
2868,28265.96140933068,28460.867579794598,56726.82898912528,2.3845158930684827,7.568180328153664,0.5707045353112886,115736.1983705735,5146,2831,782,5179,1598,1982
2869,28807.30186339688,31460.731948696655,60268.033812093534,2.463374375670636,7.9413586046014,0.5698435010851698,115125.19247639846,3697,4618,444,5851,1183,1725
2870,30342.810050113098,29806.05502270754,60148.86507282064,2.5716447993052873,7.663724583853642,0.5681491815585353,114479.89883470908,4505,3654,600,5777,1542,1440
2871,29920.76914254456,27875.34317572249,57796.11231826705,2.3944182232896707,7.041141499471031,0.5697030856714723,114849.40622056673,4539,3440,780,5003,1636,2120
2872,28084.42274456392,27843.705928832493,55928.12867339641,2.4435603872059324,7.7205576261439175,0.56647828370635,114343.47456326164,5241,2972,546,4782,1385,2592
2873,30644.770179509225,31144.907032937317,61789.67721244654,2.557075897750116,8.11115416416931,0.5708305199287919,115338.35043032271,3861,4285,613,6347,1241,1171
2874,30333.486011323035,27892.72318490408,58226.209196227115,2.8592377245236302,7.483545033402768,0.5708634447239517,115357.87324391415,4757,3496,506,5103,1692,1964
2875,30724.811178703236,28131.62734645787,58856.43852516111,2.5489323766821705,7.6874913119664265,0.5710888543757991,115795.99899139082,5254,3077,428,5628,1465,1666
2876,32309.98582605415,27955.934761158063,60265.92058721221,2.6300477988563515,7.2008867947228685,0.5720964925465782,115908.58726921136,4842,3574,343,5144,2198,1417
2877,30134.414898825005,27103.79453653673,57238.209435361736,2.6753343802906624,7.44603646393371,0.5660421840111659,114353.04738814927,5153,2957,649,5087,1269,2403
2878,28500.357141076078,28579.258379984763,57079.61552106084,2.449432052818592,7.504513003537914,0.5676035239168891,114769.03740857722,4815,3266,678,5166,1358,2235
2879,31087.513357107488,30370.378545750125,61457.89190285761,2.798803174174886,7.913111987122542,0.5655563764350277,114053.59290145023,5011,3172,576,6411,1187,1161
2880,31251.23237048296,27914.05286477252,59165.28523525548,2.989101146422493,7.230189489641785,0.5699579764431602,115183.31314498736,4823,3321,615,5082,2196,1481
2881,29757.47179017633,26410.176233194587,56167.648023370915,2.8031418936836294,7.266508780435114,0.5723360956718858,115661.82289474443,5305,2856,598,4164,2596,1999
2882,31143.423911508788,26968.15562750739,58111.57953901618,2.6643454334300305,7.492822784422403,0.5683267893543646,114938.74146570331,6716,1657,386,5175,1798,1786
2883,29805.53374771157,27491.50295054164,57297.036698253214,2.437831184889912,7.324529337562783,0.5699273407625054,115214.92289506586,5987,2232,540,4747,1776,2236
2884,28980.603719672064,27011.729090925382,55992.33281059745,2.2991986903394337,7.145226337163082,0.567972419012628,115196.91547912995,6038,2050,671,4373,1857,2529
2885,30968.61625463633,28020.400750089768,58989.0170047261,2.605524956911177,7.419015129169805,0.5676135100130509,114961.39450071442,5505,2599,655,4984,1874,1901
2886,30457.13723486929,27158.99880477096,57616.136039640245,2.91953748574731,7.321523835144408,0.5689074664812267,115041.76530746602,6340,1465,954,4730,1960,2069
2887,29456.55665775194,27631.841953891428,57088.398611643366,2.409276729165079,7.2807142514767085,0.5703329394173801,115122.21698424818,4576,3679,504,5313,1751,1695
2888,32639.13943798645,28184.021282397916,60823.16072038437,3.0062921802560516,7.585556055733859,0.569747102140236,115037.033897456,4981,3416,362,5985,1523,1251
2889,30711.917274657157,28918.268541203895,59630.185815861056,2.86580808889939,7.845680262332109,0.5685907930863467,114905.78290785356,4937,3120,702,5202,1864,1693
2890,30783.763061640722,27965.97416801295,58749.73722965367,2.654656395489686,7.377513558379202,0.5691125250694122,114572.02216737412,4859,3448,452,5156,2003,1600
2891,28507.3574859382,26500.765249641034,55008.122735579236,2.556778358789152,6.824858547410491,0.5699776428171263,115719.34735564547,4712,3022,1025,4379,1503,2877
2892,29644.000845929844,27895.872817297477,57539.87366322732,2.6858106641776307,7.605944734105243,0.5708105399153145,115871.90195737786,4492,3722,545,4882,1749,2128
2893,27123.222894916307,27133.43023885922,54256.65313377553,2.527569450427017,7.429395825443456,0.5715436810025161,115832.70080543114,5570,2739,450,4350,1645,2764
2894,30222.087121431072,28288.027403935517,58510.11452536659,3.0092782192221095,7.051224718099059,0.5740265846007128,116326.71891835713,4564,3493,702,4985,1982,1792
2895,30915.51586289341,27915.270954979762,58830.78681787317,2.635936371471628,7.40431000921565,0.5710965302047827,114973.96820149334,4872,3462,425,4939,1980,1840
2896,30365.413979592387,27511.415161365734,57876.82914095812,2.581355794663971,7.257040052987736,0.5697676950188416,114987.7401777699,4515,3557,687,5150,1767,1842
2897,31309.008410857565,28107.77721361694,59416.785624474505,2.844345815768917,7.488629247659441,0.5711487758100353,115740.5545034044,5001,3099,659,5404,1809,1546
2898,28998.028996425044,28170.51216722892,57168.541163653965,2.717475412116939,7.521341477347928,0.5709783832719778,115429.31933310843,4903,3243,613,5003,1287,2469
2899,31313.539861081426,27486.86663453923,58800.40649562066,3.038005837714004,7.300175268989266,0.5709833971053762,116182.16804057942,4680,3793,286,4647,2038,2074
2900,32095.169853071133,28803.61614060982,60898.785993680955,2.5542038197552865,7.787523490948593,0.5715483337485557,115414.54573201411,4518,3449,792,5209,2315,1235
2901,28563.441200330537,27862.532718362414,56425.97391869295,2.776199141821749,7.479490906417503,0.5702196640923104,115259.4333189549,5141,3268,350,5007,1445,2307
2902,29670.118093235033,28755.33830342244,58425.45639665747,2.675212490354416,7.8739530891210325,0.5656373906763291,114070.37450689307,6001,2293,465,5352,1002,2405
2903,31544.91074488139,27365.299757575915,58910.2105024573,2.4461576002060372,7.482191927840885,0.5702946940603216,115509.35194174311,4638,3630,491,5671,1200,1888
2904,31257.67889106743,27967.277675644425,59224.95656671186,3.131315780930178,7.525583884336665,0.5699776914772866,115671.2194555687,4123,4110,526,4741,1986,2032
2905,30503.790869058932,28862.807947047062,59366.598816105994,2.9288530799347674,7.528992016666217,0.573983990228941,116305.57302252307,4148,4150,461,4639,2023,2097
2906,31384.00327480933,29022.86650295488,60406.86977776421,2.754362232934538,7.645779023050448,0.5699605844090411,114955.98967299575,4445,3663,651,5809,1481,1469
2907,30692.951158338237,27257.594266244683,57950.54542458292,2.493947929644645,6.669465236899085,0.5752802256832975,115963.19896111726,5885,2383,491,4530,2606,1623
2908,30973.003368583115,28491.949127030523,59464.95249561364,2.7931928582338297,7.6935741061970395,0.5752274136935114,116560.67358958312,4170,3750,839,4887,2376,1496
2909,29723.37483537195,30105.06462059954,59828.439455971486,2.378975965184811,7.772123222201975,0.571595108174059,115484.21788933763,4159,4104,496,6000,1372,1387
2910,31574.78996002991,28579.93768489466,60154.72764492457,2.9754945168394444,7.073067028089648,0.5715961217371932,115812.18808388224,4931,3013,815,5470,2072,1217
2911,31973.02995919049,28441.07034061445,60414.10029980494,2.7496255119858564,7.305978724496803,0.5743074669941043,116768.77527085601,3895,3894,970,4976,2470,1313
2912,31128.75165528515,29994.74895646956,61123.50061175471,2.6788949492174265,7.583800716793196,0.5685603289961884,114658.57307608223,4860,3388,511,5660,1689,1410
2913,29503.899920299227,29108.495844029527,58612.39576432876,2.2085069908866077,7.154168906389931,0.5732562925606971,116047.18055304277,3770,4507,482,5343,1948,1468
2914,29793.658047418583,27382.49926327978,57176.15731069836,2.3711561512729107,7.461173776005087,0.57032408885251,115527.63389166346,5500,2687,572,4944,1585,2230
2915,29502.066819174008,28011.872373847433,57513.93919302144,2.9500648673486674,7.584205517781275,0.5686012484755575,114744.98561181003,4962,3050,747,5218,1482,2059
2916,31375.70139789178,29119.520953598505,60495.22235149029,2.8671491219914476,7.877274071207837,0.5683522785780263,114367.53101886738,5104,3101,554,5898,1331,1530
2917,30268.525541010687,28110.91213027541,58379.4376712861,2.248454067520603,7.760768828652171,0.5658140579660818,114342.42511606183,6106,1897,756,5335,1261,2163
2918,33349.10496610828,29122.639149158702,62471.74411526698,2.899250454830066,7.491506047642129,0.5686713975867905,114725.21214446341,5456,2579,724,5984,1624,1151
2919,27800.946233795778,27654.242093327885,55455.18832712366,1.8747175799554736,7.520395393267764,0.5699596407682149,115251.12650167786,5946,2254,559,4870,1346,2543
2920,30220.20432090812,26796.931764118603,57017.13608502672,2.396072020714873,7.441092360729579,0.5688509154513999,114839.54520210261,6512,1677,570,4605,1845,2309
2921,31107.912281645757,29823.30322871342,60931.21551035918,2.556831477794011,7.591601431359383,0.5697164940554679,114796.92501128165,5352,3038,369,5788,1323,1648
2922,30832.02271752288,29027.41342930352,59859.436146826396,2.496767520946987,7.5288057492766125,0.5702134203177652,115179.57774960196,4921,3131,707,5358,1509,1892
2923,30369.513790412107,28370.871414019915,58740.38520443202,2.6827500471611003,7.3366224524544155,0.5704481312279739,115905.32202257348,4199,4226,334,5058,1728,1973
2924,28188.949891276796,27281.048037776905,55469.9979290537,2.0858262253021707,7.549326521983696,0.5691135244997411,115089.66047303131,5294,3005,460,4501,1524,2734
2925,30366.20854025571,28219.887082264493,58586.0956225202,2.1141158682033745,6.8524001845426605,0.5725689080386256,115513.62977924173,6078,2200,481,4804,2085,1870
2926,29611.59360070954,26764.254398914825,56375.84799962437,2.3253419801241852,6.9041568637622985,0.5713994220429692,115236.19648084787,5455,2269,1035,4526,1982,2251
2927,28483.75765322523,27225.147471919314,55708.90512514455,2.4407641933116166,7.019310711937411,0.5714225789724898,115424.34658496753,5206,2989,564,4904,1433,2422
2928,28887.50214045758,29732.862572604576,58620.364713062154,2.3794871689739887,7.994288452752703,0.5719379747729836,116075.63600088173,4352,4050,357,5327,2120,1312
2929,30179.040956633755,28074.23371375696,58253.27467039072,2.5482157095433107,7.480490242076156,0.5674171654594662,114346.8621141345,6178,2251,330,5314,1604,1841
2930,28772.488501060965,26614.14877873612,55386.63727979708,2.0593210331954284,6.894982685420605,0.572948185642151,116213.35862630818,4953,3341,465,4231,1625,2903
2931,30501.9879058287,27385.131899730863,57887.11980555956,2.9557999168931963,7.201972457520803,0.5723162303343771,116135.45981761203,4120,3662,977,4737,1679,2343
2932,29477.822319808838,29606.911483804215,59084.73380361305,2.9141995093871134,7.792579561601792,0.5685819248010284,115303.09673608534,3932,4124,703,5435,1258,2066
2933,31579.605872657874,27044.376979033455,58623.982851691326,2.689706798080071,7.692481858926424,0.5709771146194667,115394.79048926716,6143,2281,335,4243,2639,1877
2934,31853.332922620906,27077.03188930867,58930.364811929576,2.7066433476365375,7.424312207964882,0.571699741086232,115763.61201364553,5194,2663,902,4685,2170,1904
2935,30268.421854594882,28560.72998427593,58829.151838870814,2.7385203726523915,7.725801264257044,0.5673943263005231,114401.55282429703,5721,2265,773,5379,1589,1791
2936,30201.16296730963,30954.969316324317,61156.132283633946,2.2343207471138244,7.675689986379956,0.5708702906639725,115141.25012650245,4315,4127,317,6492,985,1282
2937,29182.875320115323,27552.08195837626,56734.95727849158,2.6360476925201994,7.1168103259317865,0.5664755435165689,114123.62512366616,6323,1936,500,4816,1538,2405
2938,29446.615038730022,28287.517962850274,57734.133001580296,2.7289899832648645,7.379324439129815,0.5715269841425699,115321.97899614387,5450,2841,468,4670,1765,2324
2939,28169.44500872615,28276.301167599067,56445.74617632522,2.2216521678426067,7.454730165268313,0.5679805998416795,114812.64135853728,4804,3404,551,5214,1100,2445
2940,29586.450947841786,28287.717736544437,57874.168684386226,2.257612872236195,7.013844970637403,0.5701582524768524,114804.04772068174,5429,2714,616,5006,1462,2291
2941,28677.11828636483,26637.209271194595,55314.32755755942,2.073079263787254,7.039618120798448,0.5711431646030148,115416.35024093314,6150,2152,457,4259,1757,2743
2942,30357.574057352893,28857.694030284067,59215.268087636956,2.642273111266946,7.500484947099814,0.5693721592330456,114671.98648328986,5889,2534,336,5108,1769,1882
2943,30774.975091989814,27454.463249510347,58229.438341500165,2.6346647881424228,7.350925047812918,0.5706614785624837,115602.82555438664,5449,2702,608,4776,1946,2037
2944,29831.118292020576,27958.559590081553,57789.67788210213,1.950695370826995,7.478885164046693,0.5701524249778747,115693.85254565945,5192,2994,573,5099,1752,1908
2945,31268.26538914223,29288.422558263374,60556.687947405604,2.615850627652526,7.645496101771,0.5684947468977213,114657.9360992558,4991,3177,591,5908,1343,1508
2946,31733.51162622729,27098.782014068696,58832.29364029599,2.5377538167151026,7.326193063514486,0.5712415401609588,115396.52321964633,5840,2424,495,5036,1883,1840
2947,29298.303951888505,28313.320415414993,57611.6243673035,2.6211716846219635,6.868971217016294,0.57013776304223,114645.89977132884,5718,2328,713,5390,1425,1944
2948,32953.40596832785,28336.557622520075,61289.963590847925,3.279820808745585,7.518615008924701,0.5684320316905485,114623.28447306182,6155,2166,438,5359,1715,1685
2949,31446.030798362906,27870.20992199944,59316.240720362344,2.6764401910542044,7.484166482271544,0.5679592702746193,114757.17734543614,5719,2515,525,5361,1863,1535
2950,30683.307042308355,28824.62290622945,59507.92994853781,2.6708837789066933,7.181806703528133,0.5684861636460398,114866.70925846632,4433,3693,633,5598,1344,1817
2951,30329.608803915737,28826.22428708116,59155.83309099689,2.2307641049765463,7.641837297675985,0.5670989658984505,114158.5777583803,5621,2725,413,5875,1158,1726
2952,31118.192214465824,29787.82534080798,60906.01755527381,2.0823341606503964,7.659919108319626,0.5692830249786736,115285.20619399234,4419,3724,616,6041,1345,1373
2953,30973.874698567342,26992.843061808137,57966.71776037548,2.123462384372963,7.433341822468062,0.5714351015725077,115614.69589551383,4699,3336,724,4822,2186,1751
2954,29916.092366713412,27744.16069940143,57660.25306611484,2.760373278977052,7.680969027073742,0.5683203051193869,114674.51974042862,5506,2575,678,4924,1383,2452
2955,30642.22435984948,27643.11367898351,58285.33803883299,3.011787891660442,7.587640751246282,0.568367396261721,114703.0066311415,5276,2861,622,4981,1799,1979
2956,30837.482131070476,28959.576839004,59797.058970074475,2.197366029488126,7.626588938376839,0.5729303863603512,116068.76637595265,4823,3572,364,4507,2109,2143
2957,30206.957660130516,29173.912091553775,59380.869751684295,2.3167628757512473,7.629170641404041,0.5720183977756483,115721.91867879282,4793,3357,609,5303,1827,1629
2958,30778.491403528995,30109.860619559175,60888.35202308817,2.671866332481151,7.481594756453256,0.5688188725958532,114596.93194615676,4099,4079,581,6331,1215,1213
2959,28976.712892448515,26341.478371009376,55318.19126345789,2.3776105453268945,6.975091581850673,0.5702316612968616,115626.23385322352,4473,3960,326,4820,1535,2404
2960,30580.56372790001,28033.35838515363,58613.922113053646,2.8105609014230697,6.956197795886005,0.5739302765018122,116230.89711984119,5457,2901,401,4525,2113,2121
2961,31495.88685120509,29048.537242136397,60544.424093341484,2.97730965981666,7.387787302261158,0.5675357254831772,114518.80727095618,4614,3469,676,5991,1297,1471
2962,30745.85581186114,28210.461333323376,58956.31714518451,2.6798668927671914,7.353034990864011,0.5698824238977293,115029.45152428496,5509,2911,339,5082,2060,1617
2963,30314.887110720272,28265.616627291955,58580.50373801222,2.500547344627604,7.2488459279967286,0.5714344066203205,115565.97884641895,4049,4082,628,5169,1692,1898
2964,30294.83937081376,28991.388551071595,59286.22792188535,2.7939023787903743,7.367432877517266,0.5677236625036718,114773.59595695471,4766,3170,823,5281,1628,1850
2965,31193.70732960856,29386.68927514605,60580.39660475461,2.5992276072924816,7.887789958807382,0.5710779372061427,115475.71877374926,3908,3934,917,5251,1656,1852
2966,31249.173832722943,28319.76491716217,59568.938749885114,3.0001635245662324,7.587833836570502,0.5673125662066131,114465.9977173911,5852,2234,673,5434,1685,1640
2967,30497.031587056263,27086.239828785267,57583.27141584153,2.6163461750118593,7.527809966077776,0.5664837684488561,114296.79996053755,6080,1963,716,5198,1399,2162
2968,27910.827591641228,27683.37394411784,55594.20153575907,2.444138735537732,7.2444179598618925,0.5698468009027768,115359.61764503257,4610,3330,819,5178,1072,2509
2969,28260.170213054374,28503.898340571846,56764.06855362622,2.303335229823951,7.826992725919371,0.5691796426244734,115407.07162198331,4348,3691,720,5275,1231,2253
2970,30853.254721362835,30074.33649874824,60927.59122011108,2.9226611111800556,7.578539622552269,0.5691676531380612,114617.76665681059,3966,3882,911,6126,1414,1219
2971,32472.299757184923,28214.20154780141,60686.501304986334,2.6396704990649305,7.0186542030316,0.5710396395063939,114833.20036676539,5878,2463,418,5395,1636,1728
2972,30664.290623960096,27362.82145319331,58027.112077153404,2.708468759975429,7.440507720252817,0.5666644559260025,114982.9164798406,5452,2744,563,5023,1646,2090
2973,30755.69685896048,29521.42048038688,60277.11733934736,2.222755931889512,7.715844875048314,0.5680061356255391,114644.54666124158,5265,2976,518,5427,1826,1506
2974,31146.873489027443,28959.264262144556,60106.137751172,2.4343953882270446,7.411897932806277,0.5674951581915549,114230.93574764169,5156,2942,661,5614,1530,1615
2975,31195.60589826199,29811.569288739247,61007.17518700124,2.291343795699748,7.769647311555675,0.5706012378737464,115288.4574048345,4304,3773,682,5794,1308,1657
2976,27980.071871645985,27128.492000788956,55108.56387243494,2.065289946317041,7.490709392797584,0.5667194343750336,114422.43265404292,5994,2234,531,4976,1289,2494
2977,30087.612879327076,28415.58747663493,58503.200355962006,2.6653159866165295,6.94275584233576,0.5723847075693561,115743.4924368449,4714,3652,393,4972,1873,1914
2978,31121.45599885918,28813.349494873688,59934.80549373287,2.935301629964779,7.283815572002975,0.5676735408329313,114773.928437141,5503,2791,465,5652,1484,1623
2979,32733.932040425007,28892.92328473581,61626.85532516082,2.991929224861349,7.356133371189842,0.5725833915654485,115846.80071787097,5126,3136,497,5692,1772,1295
2980,29936.536534754476,29569.310711112834,59505.847245867306,2.062174243138986,7.552797266472271,0.5704072227270395,115352.7843149865,4869,3260,630,5756,1289,1714
2981,32183.46508374472,27294.00788030549,59477.472964050205,2.2093767992755056,7.268403310125684,0.5719264867738544,115711.30001948314,5121,2967,671,5412,1774,1573
2982,30725.471688138558,28283.63565687818,59009.10734501674,2.187845283239343,7.489161801080842,0.5677010970251815,114638.73211776634,5233,2899,627,5506,1317,1936
2983,30626.11105046972,29015.96948133335,59642.080531803076,2.4276746636728985,7.8172040840723165,0.5715716442328087,115766.73651078237,4158,4237,364,5048,1564,2147
2984,31968.685439828947,26967.488821671832,58936.17426150078,2.8155246027458483,6.955886888077399,0.5708743160181406,115837.30715557376,5552,2540,667,4608,2404,1747
2985,31975.938136302706,27732.4766263183,59708.414762621,2.8509302661216536,7.530572204688602,0.5720814774598885,115843.77032514407,5045,3260,454,4911,1891,1957
2986,29729.639238900123,27434.711930730537,57164.35116963066,3.130538335451917,7.577740850793828,0.5667011808212931,115158.72418599228,5628,2514,617,4565,1949,2245
2987,32572.23061884515,29964.046931940666,62536.27755078582,2.9166191110689907,7.879794166865124,0.5687940018414762,114921.57243025389,4723,3595,441,5838,2045,876
2988,30516.100411258052,27595.196277437502,58111.296688695555,2.623573531852341,7.094677237907437,0.5717221186450224,115697.6329658696,4617,3403,739,5164,1681,1914
2989,28705.25033280394,29001.6542154116,57706.904548215534,2.148776983389059,7.270531776568745,0.5688168302941723,115221.48190884464,4289,3775,695,5634,968,2157
2990,30260.235794338816,29656.474701258758,59916.710495597574,2.354186370638871,7.55342328391478,0.5721593203488173,115919.89821712396,3784,4244,731,5635,1426,1698
2991,31181.60304612729,26766.55290786209,57948.15595398938,2.7405655218217033,7.263880075597003,0.5698920115196001,115171.78967543342,6145,1748,866,4615,1919,2225
2992,30355.19584244818,26961.05500474236,57316.250847190546,2.9997908127777526,7.228257716673765,0.5684889744326849,115288.45070222618,5378,2727,654,4561,1969,2229
2993,33204.23123972201,27603.50640973191,60807.73764945392,3.0460619691729294,7.79401836673796,0.5716916132882878,116032.03740053349,5724,2643,392,4563,2441,1755
2994,31357.175902106228,29286.049721383668,60643.225623489896,2.706565664814397,8.103084647767764,0.5690215845890396,114717.77702723246,5294,2710,755,5903,1416,1440
2995,29108.284736905713,28186.44314646369,57294.7278833694,2.973996698650237,7.296032700144934,0.5696519977488903,115117.00094044044,4939,3381,439,5288,1168,2303
2996,27442.142646018012,26708.64805184937,54150.790697867385,2.5577814754171833,7.072198530252618,0.5704204653426393,115578.53400552833,5772,2374,613,4067,1530,3162
2997,29998.722566710247,28754.99703595513,58753.71960266538,2.454640127074264,7.020100107596043,0.5720693462585843,115284.69931427622,5738,2564,457,5106,1748,1905
2998,31085.940926944517,31110.60283008503,62196.54375702955,2.6211068689985426,7.931534190534859,0.5687219293858028,114470.65374311703,4121,4139,499,6414,1251,1094
2999,32239.6846911084,28881.199593736674,61120.88428484507,3.072068446558422,7.732921640052062,0.5662397433898562,114171.1457661242,6511,1861,387,5744,1562,1453
3000,30697.416540646842,28296.25463131298,58993.671171959824,2.7298428669731156,7.343727327181581,0.569817923397534,115031.3506312066,4927,3286,546,4868,1971,1920
3001,29123.50942301321,28886.774310614812,58010.28373362802,2.734796749467036,7.659894271670732,0.5686384124069346,115432.75663058579,5052,3177,530,4979,1368,2412
3002,29039.25887388961,28443.27833760105,57482.53721149066,2.525829287942987,7.592121806434865,0.5700709617491436,115473.45178232259,5017,3325,417,5686,1274,1799
3003,29849.42039539746,30182.98049472443,60032.40089012189,2.488234249162821,7.829584098073199,0.5692120233561712,114770.37018098898,3906,4448,405,5843,1204,1712
3004,31943.050348604786,29147.760594162606,61090.81094276739,3.010811186462777,7.494545335954977,0.568515149650281,114609.62699445809,5786,2625,348,5768,1472,1519
3005,32173.447383711173,28785.778874765238,60959.22625847641,2.8609182967874394,7.529649835039457,0.5670192744757468,114368.2384380866,5661,2630,468,5720,1288,1751
3006,29012.083543319586,28084.031228963515,57096.1147722831,2.6165923730537513,7.77836010254994,0.5701521306601572,114980.39997343773,5476,2771,512,5688,1484,1587
3007,30567.775104166038,27697.89103620984,58265.66614037588,2.5841827337910996,7.268286550662405,0.5699926331441217,115063.6335558828,5858,2472,429,5134,1690,1935
3008,28776.9394171761,29839.59498786239,58616.53440503849,2.2202680105177315,8.163307278695326,0.5665250693972009,114268.38117414496,5104,3088,567,5506,1096,2157
3009,30268.290673074313,28140.790537666573,58409.081210740886,2.351799439992904,7.073269223448611,0.5705975962488047,114880.56411190404,6067,2215,477,5238,1688,1833
3010,29006.830725782092,28788.378528281348,57795.20925406344,2.375232747358417,7.253357960952996,0.5686345526040297,114526.89920693652,5025,3317,417,5417,1256,2086
3011,31282.499089264158,28066.81447630511,59349.31356556927,2.6207690612951775,7.122856679797528,0.5710059625167768,115220.44406723586,5567,2649,543,4841,2309,1609
3012,31843.903131954285,28776.528551761436,60620.431683715724,2.605828816068814,7.3393615226814175,0.5669353728846217,114407.24879195649,5972,2421,366,5785,1518,1456
3013,29951.403918463035,31564.79222128792,61516.19613975096,2.5734960776148266,7.905027936852798,0.5674508844015096,114288.78052654513,4264,3685,810,6523,1179,1057
3014,31085.316474882537,28412.957571437073,59498.27404631961,1.9838249272525788,7.487348393736192,0.5688051559509621,114773.59849429633,5485,2420,854,5168,1800,1791
3015,30538.65074200826,30474.771344942554,61013.42208695081,2.0169794810180375,7.4871158044231665,0.5675298239335098,114187.73119312256,5003,3340,416,6287,1165,1307
3016,30616.676906351684,27589.18861672849,58205.865523080174,2.6606740610710538,7.391382321801618,0.5701090133071336,115482.39331289448,5589,2522,648,5096,1572,2091
3017,31937.984857907395,28407.069196898497,60345.05405480589,2.4743584129903304,6.864080286819937,0.5729657014053359,115446.32912778699,4845,3207,707,5370,2105,1284
3018,29838.316527567837,29145.0699772993,58983.386504867136,1.9517885449829022,7.684578909043381,0.5684399446926492,114625.18501638595,5210,2980,569,5662,1119,1978
3019,31771.72147516362,27576.029319440568,59347.75079460419,2.4702636934913063,6.838910835969802,0.5709218017215344,115428.28369185874,5382,2834,543,5399,1662,1698
3020,30931.029036495118,29427.486301572553,60358.51533806767,2.6709094349968217,7.6335091651354885,0.5712388381503183,115468.56596101623,4893,3356,510,5618,1344,1797
3021,30768.657199154495,29121.192273744018,59889.84947289851,2.785222818189867,7.474638737674496,0.5696433212151387,114959.05615525668,5918,2245,596,5777,1095,1887
3022,30866.345351152635,28833.19463464802,59699.53998580066,2.1204071157015716,7.561806985978795,0.5737220167563533,115988.84409029245,4468,3522,769,5342,1914,1503
3023,30274.67601150786,28424.539027988605,58699.21503949647,2.2738656194848796,6.597390492155588,0.5758427677634855,116563.15838150117,4502,3507,750,4586,2371,1802
3024,31578.73838888316,28457.82213081698,60036.56051970014,2.66403285331959,7.551227633134602,0.5724095516625487,116147.42361927523,4522,3758,479,5086,1880,1793
3025,31208.66744307494,28899.175965266357,60107.8434083413,2.863661721700231,7.712958385874282,0.5688519576325668,115804.96880722669,3773,4140,846,5300,1840,1619
3026,31589.787569770917,29969.646147365358,61559.43371713627,2.8658472520878693,7.82531779423885,0.5676732245382937,114392.52180817166,4369,3873,517,6011,1367,1381
3027,29792.463573856847,26646.022851485883,56438.48642534273,2.6227977448961983,7.226380654033663,0.5680621021505744,114765.00271678028,5663,2748,348,5037,1289,2433
3028,30101.22232559214,27258.84186851518,57360.064194107326,2.8406781264135534,7.2966844378315505,0.5717419829264996,115532.56842632059,6023,2416,320,4753,1918,2088
3029,31079.954144558607,28048.33896433674,59128.29310889535,2.4960548630162194,7.485540196616637,0.5682935061844097,114607.63245287175,5680,2672,407,5353,1549,1857
3030,30166.457625002477,29414.905095910053,59581.362720912526,2.5147403316143957,7.545572483865963,0.5685353951830726,114434.00462216393,5049,2799,911,5766,1307,1686
3031,31579.725654775193,30051.99876762473,61631.72442239992,2.3922984485946674,7.685001913412518,0.5694773700187187,114523.61842025477,4480,3669,610,6029,1611,1119
3032,30261.35685423729,26612.06510607904,56873.42196031633,2.442751824630844,7.12328319225715,0.5691914485547327,115104.46366893801,5823,2437,499,4965,1460,2334
3033,30126.443741975858,28209.820161766595,58336.26390374245,2.3189590809562493,7.526475815864953,0.5708430178942558,115846.3031767645,4660,3641,458,4834,1970,1955
3034,29689.04219163888,27495.903145404598,57184.94533704348,2.550315649791145,7.134610186464568,0.5713175220667118,115334.15440688294,5580,2585,594,4509,2178,2072
3035,29113.88175029614,28553.246174540396,57667.12792483653,2.3463484592129937,7.558465309128949,0.5671008902334306,114268.00750535162,5168,2950,641,5184,1050,2525
3036,30158.547124550205,27586.648386645767,57745.19551119597,2.810242944999148,7.292084311723465,0.5680598648572773,114628.87442699328,5572,2516,671,5283,1477,1999
3037,29872.06246322009,27041.32097653466,56913.38343975475,2.5551575107812234,7.122112825995281,0.57288787767882,116043.77174847072,5409,2924,426,4628,1926,2205
3038,29901.469205778943,28179.212500855592,58080.68170663454,2.421202171417724,7.53413872172823,0.5671307154765336,114483.81195158082,4097,3946,716,5374,1335,2050
3039,31343.064841192623,28214.229570580417,59557.29441177304,2.983948131080439,7.467044990301056,0.5717678282584115,115856.53768618673,4919,3388,452,5058,1705,1996
3040,31157.33381246394,29403.9732369273,60561.30704939124,2.607949167393991,7.606111016718757,0.5718011656827903,115787.68066061678,4740,3523,496,5700,1431,1628
3041,30918.580028505203,29075.775641981785,59994.355670486984,2.903568810134122,7.602510059018549,0.5677030686563982,114423.5038612014,5443,2989,327,5772,1313,1674
3042,31139.52711833671,29653.2738664163,60792.80098475301,2.9429701710744203,7.4521374432380005,0.5695017267566712,115129.60237849863,4751,3509,499,5223,1964,1572
3043,31016.872120377713,26910.075415041276,57926.94753541899,3.0606124435710846,6.985058622419731,0.5715017789480399,116180.94591110511,5321,2795,643,3891,2512,2356
3044,32515.469996227315,28693.125329198938,61208.59532542626,3.07366217284032,7.4622186988032375,0.5699966895148014,115286.98821465379,5418,2970,371,5348,1857,1554
3045,29294.401505399605,28715.78129725671,58010.182802656316,2.3571462748151966,7.764066728457861,0.5690911667651352,115162.31966470454,4202,3824,733,5204,1039,2516
3046,29446.027380765925,29151.760577350695,58597.78795811662,2.245894186353131,7.497655949577688,0.567580974624869,114309.40158979883,5528,2922,309,5568,1117,2074
3047,32744.07626629795,30311.100768450637,63055.17703474859,2.6164912126428805,7.52155207720844,0.5672496389113002,114338.57335345475,4699,3549,511,6505,1105,1149
3048,29563.708905924163,30003.601345900795,59567.31025182496,2.2585026078796724,7.804962756253618,0.5661813771426891,114168.60560823421,4860,3502,397,5939,1178,1642
3049,32504.616077539187,28600.43253979069,61105.04861732988,2.760851609558012,7.597892249385377,0.5724114865890394,116307.27891577299,4183,3935,641,4989,2126,1644
3050,29326.883911462894,26524.427796591055,55851.31170805395,2.0443500985506433,7.161140919106853,0.5707676726189951,116177.89462256759,5489,2780,490,3902,2261,2596
3051,31491.241555674653,28741.806092738265,60233.04764841292,2.7467560327673235,7.406274058593258,0.5674600081107475,114751.71348614091,5753,2773,233,5147,1461,2151
3052,29416.481577053244,26102.438041416648,55518.919618469896,2.5674047908050217,6.887754893051073,0.5658957473998473,114501.56699893734,6451,1999,309,4615,1412,2732
3053,29912.982274896945,27040.904022198716,56953.88629709566,2.3713832066303002,7.124453458302989,0.5702368894519387,115219.92958426745,5199,3136,424,4222,2015,2522
3054,30431.437214699792,27481.86732804908,57913.30454274887,2.486572030024203,7.172324103466399,0.5691616540157011,114930.88353653745,5192,2921,646,4856,1932,1971
3055,29879.7808065196,26759.778924719947,56639.55973123955,2.6045928287259255,7.089213848002932,0.5705405882552614,115655.92197688806,5191,3005,563,4864,1706,2189
3056,29450.10849409227,28258.840334830275,57708.94882892254,2.761604550302799,7.425183797215031,0.570328282537124,115561.83240737492,4887,3435,437,4939,1224,2596
3057,28500.941398400322,29020.696160270592,57521.63755867092,2.6481115613293293,7.301090007288445,0.5709949705699767,115395.57460340974,3441,4545,773,5508,1151,2100
3058,29332.864547995232,26927.478850030086,56260.34339802532,2.4018938306871433,7.1680175972706826,0.5727974829873119,115852.55655950478,5206,3107,446,4077,2091,2591
3059,29599.481088529552,27953.556609489133,57553.037698018685,2.597334687047898,7.579853936310039,0.570634000704094,115291.63063973367,5962,2130,667,4896,1941,1922
3060,31011.215375982058,28617.57961863573,59628.79499461778,2.7819920913035117,7.326311349486588,0.5687811841525986,114665.10466439504,6124,2300,335,5809,1266,1684
3061,29250.68481718903,26287.1016326683,55537.78644985733,2.1739315166439632,6.453735639250302,0.5760424477867501,116280.7266728546,5611,2536,612,3752,2676,2331
3062,32269.752719403394,29430.176207421606,61699.928926825,3.0062413513882764,7.733685601436637,0.5733728390694107,115488.63634802618,4098,4242,419,5302,1997,1460
3063,30319.925680327022,27982.985832300998,58302.91151262802,2.910622223160664,7.434826475256162,0.5694238169737305,115019.5136120049,5804,2603,352,5289,1341,2129
3064,27436.535498720063,29943.962919670852,57380.49841839091,1.852686121100009,7.369876098590419,0.5690603854252324,114509.98423055564,4562,3477,720,5395,1236,2128
3065,30638.645655743374,28629.64703943641,59268.292695179785,2.940768057104931,7.7829829118811755,0.5691556436287044,114871.95377964809,5576,2632,551,5286,1918,1555
3066,31962.335796928586,27850.321055686058,59812.656852614644,3.2595856376642596,7.430244407909691,0.5658973833105212,114298.66596135785,6393,2021,345,4602,1858,2299
3067,31182.457046854353,30464.22057952252,61646.67762637687,3.0228954690780485,7.8140069454975,0.5664958539773475,114065.20820002632,5189,3002,568,5893,1159,1707
3068,31785.79932928394,28466.17086665293,60251.97019593687,2.663174651382358,7.5297216106858125,0.5694045608471198,115412.92576163275,5100,2913,746,5419,1573,1767
3069,31978.27966672752,28435.460265101457,60413.73993182898,2.53552839427343,7.233393751454957,0.5695911349605877,114944.03161687692,5484,2550,725,5534,1772,1453
3070,30844.069051291306,28768.810529364222,59612.87958065553,2.595119926330732,7.332904293892329,0.5678814612713626,114538.62336192299,5873,2357,529,5169,1498,2092
3071,29438.39526557552,29053.253955411947,58491.64922098747,2.2877531281333714,7.767457488771192,0.5686916661490712,114578.70846060906,4990,2815,954,6032,974,1753
3072,31391.18718180518,29233.807044726513,60624.99422653169,2.725285406335526,7.719341529439828,0.5697782722174204,115331.92634642076,5153,3223,383,5938,1602,1219
3073,31053.34400891077,30177.27398954645,61230.61799845722,2.7909928291504102,7.551532991949625,0.5685014052401799,114567.64040752998,5108,3189,462,5733,1443,1583
3074,30290.931222247586,28609.464154497724,58900.395376745306,2.2598230485736126,7.393743603510887,0.5692848866666148,115015.86960362984,5286,3040,433,5244,1390,2125
3075,31086.40993992849,29471.18116372194,60557.591103650426,2.6557532130672374,6.934340097113627,0.5699449753198252,114975.56810540799,4651,3518,590,5505,1761,1493
3076,30233.78998000138,27728.07364590069,57961.86362590207,2.3308347880241165,7.313056123537145,0.5727253794493803,115805.82303791106,4097,4097,565,4912,1865,1982
3077,31184.424306012144,27026.944218503704,58211.36852451585,2.8700490133046657,7.091777089621115,0.571903629643727,115731.23066932922,5973,2080,706,4287,2462,2010
3078,31332.18572139036,28815.499675228395,60147.685396618755,2.261540637154273,7.330126724226918,0.5695238427600792,114699.91348953698,5198,2890,671,5736,1667,1356
3079,28878.535514462303,28590.21164773553,57468.74716219783,1.5612421436743407,7.048043278112684,0.5722811592284669,115793.98999457306,5277,3018,464,4703,1741,2315
3080,30779.92933150745,30044.475390792915,60824.404722300365,2.4732834395284113,7.5762058681912015,0.570166420573673,114595.41985664249,5174,2970,615,5421,1599,1739
3081,30706.48176326471,26852.563471140533,57559.04523440525,2.346604012551431,6.791016202674043,0.5682080638449507,114674.7620588009,5527,2885,347,4872,1510,2377
3082,28103.68531203956,25806.696839193242,53910.3821512328,2.0896009591346645,6.864023991671242,0.5715735424565674,115381.14650090474,6411,1720,628,3591,1903,3265
3083,31098.6853389228,29471.664541175873,60570.34988009867,2.2039404677699643,7.7143334729499085,0.5670988221394466,114234.10165890031,5648,2762,349,6033,1204,1522
3084,32588.28036701916,27578.776827632428,60167.057194651585,2.6666341192374206,6.586003412694851,0.5743496069552219,116375.84797500895,5421,2730,608,4682,2501,1576
3085,32592.17746845972,30358.30408472854,62950.48155318826,2.337216797077089,7.83652340722936,0.5690513874391943,114894.85614082814,4370,3762,627,5802,1793,1164
3086,30910.306115564366,29880.434121002818,60790.74023656719,2.109071110289239,7.700158924516872,0.5700279491732303,115363.95156361707,4510,3665,584,5987,1537,1235
3087,31781.772574388076,29656.132789620926,61437.905364009,2.1448610004661375,7.598358269997578,0.5717984822110624,116119.71572958949,4467,3612,680,5508,2480,771
3088,30261.995300981645,30405.215407693675,60667.210708675324,2.4931523579635204,7.6462336569515355,0.5688202632276763,114944.98966849993,4877,3534,348,5569,1788,1402
3089,29625.27698155376,29114.62329458016,58739.90027613392,1.9183331382653706,7.1282281046283975,0.5697201773670691,115017.72170561866,4753,3565,441,5095,1812,1852
3090,30410.560744242008,27279.192916915046,57689.753661157054,1.9251873746955936,7.315996210888509,0.570988787105643,115813.19398538173,4850,3410,499,4805,1739,2215
3091,32584.055142552974,28383.517410978664,60967.57255353164,3.096121599008024,7.438325826474656,0.5683429887853088,114683.00447012679,5027,2729,1003,5313,1799,1647
3092,30512.28191786618,30022.274755522212,60534.55667338839,2.291870616746333,7.6535169280206485,0.5708769757871245,115577.42139138952,4534,3712,513,6007,1266,1486
3093,30986.775134540127,29104.381201768258,60091.156336308384,2.3627237695951226,7.558276621979322,0.5677675932862102,114518.31434338349,5482,2739,538,5768,1362,1629
3094,31393.09334901424,27299.18928565428,58692.28263466852,2.836030594445032,6.9356380853129584,0.5690041485140389,114850.18894623089,6580,1374,805,4822,1725,2212
3095,29105.78082322876,29382.111296253388,58487.892119482145,2.157018916889844,6.927350966588691,0.5716658865966556,115653.37961427207,3826,4463,470,5536,1602,1621
3096,31218.001861970795,27972.508546456895,59190.51040842769,1.971112228036373,7.225934148546878,0.5706559676476689,115276.04839737342,5194,2880,685,4362,2396,2001
3097,31772.8086903652,29614.11831412957,61386.92700449477,2.1471430557364677,7.527506595357075,0.571150853461142,115391.53175070559,4672,3249,838,6084,1395,1280
3098,31262.47317393009,28054.432840084806,59316.906014014894,1.522421823509577,7.203688374159994,0.568631950026358,114723.53528079609,6267,2035,457,4991,1797,1971
3099,32202.44249092754,27323.717420933426,59526.15991186097,2.0309656796221396,7.345090277460532,0.5709220198507287,115156.1884013753,6107,1836,816,5010,2084,1665
3100,28977.686814011777,27499.66422752709,56477.35104153887,1.843667359679545,6.704574480313086,0.5763126461702681,116391.4446821291,4756,3429,574,4492,1738,2529
3101,27938.922469951427,27732.549333217594,55671.47180316902,2.1263026150227087,7.540615308336724,0.5695052751488909,115378.04388197412,5318,2932,509,4495,1391,2873
3102,31217.58778231756,27714.47801283641,58932.065795153976,2.6526053054829397,6.963423730921452,0.5694513756832457,115089.19797410374,5729,2514,516,4619,1958,2182
3103,32300.387335843527,28410.77079128746,60711.158127130984,2.682054430874194,6.967470617176127,0.5740955654389931,115449.24286729985,5947,2367,445,5103,2185,1471
3104,31961.448081086437,28799.304945465316,60760.753026551756,3.105805062310529,7.06578178251367,0.5704706283447438,115059.45937671297,5473,2895,391,5040,1729,1990
3105,30372.18430680452,29230.156560739448,59602.34086754397,2.4559918212291127,6.768833844653374,0.572171753152684,115195.10184141438,5931,2440,388,5028,1755,1976
3106,29380.64021256223,26111.296819147326,55491.93703170956,2.4121523491954795,7.215516969194598,0.5688312645538949,114734.33959530303,6842,1582,335,4664,1541,2554
3107,29144.556208498692,27097.821819238015,56242.378027736704,2.16557545469153,7.273570719756844,0.5687363645001958,114963.02075672521,5973,1851,935,4208,2075,2476
3108,32449.796710647166,26925.47996456973,59375.2766752169,2.7417078608802425,6.921384851117941,0.5688636920014839,115578.07192738597,5469,2681,609,4213,2560,1986
3109,32774.3070255527,27244.862150348577,60019.169175901276,2.3553092787743894,6.88596184691519,0.5735940095949624,115828.41143311231,5518,2512,729,5020,2659,1080
3110,30867.158474789074,27926.670262326486,58793.82873711556,2.083667446938535,7.020757904860155,0.5715841408251383,115727.2374589728,4678,3378,703,5037,1591,2131
3111,32167.879572530852,28714.359998354375,60882.23957088523,2.5980700709021667,7.169618295643049,0.5715214172911697,115410.04538014,5127,2915,717,4826,2353,1580
3112,31894.741603214192,28028.276352215253,59923.017955429445,2.101706463676758,7.582050988000285,0.5691990359106681,114872.02590118343,5633,2572,554,5334,1605,1820
3113,30771.002572733003,27219.49896371875,57990.50153645175,1.9805720394033126,7.151014281264139,0.5659189748885632,114161.53425157424,6260,1522,977,5130,1370,2259
3114,31737.97358629695,27922.156482066504,59660.130068363454,2.563062064596595,7.425912887352653,0.5705237427761751,115773.11954358302,4901,3335,523,5416,1653,1690
3115,31332.786986517953,28395.010293688705,59727.79728020666,2.531873399034094,7.396093887967629,0.5715890886457716,115426.1001955785,5007,3350,402,4646,2227,1886
3116,29820.21090746426,27800.54835984178,57620.75926730604,2.327168210736569,7.52331820750498,0.5718541562377532,115855.1691766999,5487,2706,566,4708,1750,2301
3117,30392.730368713845,26844.894758834605,57237.625127548454,2.434066841973266,7.225815806667211,0.567825561855265,114520.56692038516,5827,2492,440,4966,1546,2247
3118,30792.589810020687,28376.299489170346,59168.88929919103,2.4120289043934613,7.464954497845415,0.5721075791934859,115770.12262000228,4978,3298,483,5013,1969,1777
3119,30689.166069416147,28805.72162456006,59494.88769397621,2.283429816573486,7.195485781983935,0.568830069732122,114915.93541101045,4669,3292,798,5214,1789,1756
3120,30778.57227407395,30922.571207815025,61701.143481888976,2.5334029152983457,7.582805147053402,0.5681459744388647,114327.41071619144,5548,2723,488,6198,919,1642
3121,32066.204436516982,27715.80658053968,59782.01101705666,2.580192196167923,7.492159977243013,0.5696284791884616,114634.86521270413,5792,2396,571,5876,1357,1526
3122,32222.768525500804,28120.755476556827,60343.52400205763,2.825058150952281,7.301911893971014,0.5692485204374886,114862.31706462725,5573,2760,426,5667,1369,1723
3123,32072.858939680475,27679.72946709751,59752.588406777984,2.585179754947608,7.063139048722534,0.5688704412845792,114691.02431930095,6571,1699,489,4967,1930,1862
3124,29571.167239223243,26162.02072221314,55733.187961436386,2.134277009403943,6.69980970404905,0.5741416465193008,115969.05278832215,6533,1672,554,4175,2463,2121
3125,30835.84078651624,28438.585251627133,59274.42603814337,2.3942690081993816,7.136238864008197,0.5738452852388527,115587.36373472687,5440,2724,595,4613,2211,1935
3126,30977.072460730436,27452.686288850393,58429.758749580826,1.932852543885038,7.385170478893283,0.5704389041153564,115235.98760719379,5572,2576,611,4494,2247,2018
3127,30376.503832438833,29249.83471339943,59626.33854583826,2.3093653728117345,7.425406774717111,0.5734664595575756,116322.29589825158,4279,3952,528,4797,2040,1922
3128,31820.845863312396,29507.316984476274,61328.16284778867,2.733730512800536,7.277599755377169,0.5695158574414235,114885.33121006907,4312,3887,560,5339,1815,1605
3129,30588.548621808928,30102.14665291856,60690.69527472749,2.807054252695595,7.390052891135475,0.5722899001675723,115407.87850974035,5247,3049,463,5617,1204,1938
3130,30523.91147892321,28446.807023417085,58970.7185023403,2.3601191389375966,7.2721614181446075,0.5698406824697414,115356.63254079779,5802,2210,747,5270,1405,2084
3131,29375.19837365989,30671.61008995297,60046.80846361286,2.078736752003388,7.12844588865748,0.5763735180846,116288.19199361152,3949,3935,875,5589,2017,1153
3132,30876.35443812334,27867.703665789944,58744.05810391328,2.5524978787295503,7.011148543538195,0.5686433545725244,114519.94843531567,5327,3069,363,5277,1492,1990
3133,31097.515334935182,30392.554049073857,61490.06938400904,2.376792962634687,7.34791543801355,0.572480452651524,115079.32299371524,5292,2889,578,5675,1479,1605
3134,30281.237290214653,27144.446041566614,57425.68333178127,2.189005402962925,7.104209817577123,0.5699625791144151,115256.65202914906,6402,2134,223,5191,1412,2156
3135,28976.207106512862,27006.607905507582,55982.815012020445,2.2539591223459006,7.201205491125136,0.5720721569937782,115772.56673291877,5242,3029,488,4431,1302,3026
3136,31165.541846985197,29873.510201993824,61039.05204897902,2.8334197039372504,7.811313356836838,0.5680960296096081,114586.29522088867,4394,3954,411,5948,1203,1608
3137,30983.30497542458,28447.21919299321,59430.52416841779,2.8657529290150587,7.229085285009351,0.5711406466924913,115440.02445659523,4622,3771,366,5695,1263,1801
3138,30724.559232674223,27862.8535375895,58587.41277026372,2.5331131319604494,7.06228794680101,0.5698439317179916,115412.61667917269,5052,3357,350,5373,1551,1835
3139,30614.105859314386,27867.77199689451,58481.8778562089,2.534658550860075,7.1365898423951615,0.5689213261482784,114787.52153452625,5856,2505,398,5574,1550,1635
3140,31069.444068440655,31300.31577416363,62369.75984260428,1.928505734099954,7.844351230123154,0.5725831277137031,115651.11703987677,3668,4459,632,6380,1298,1081
3141,30344.14123652388,27177.622723848992,57521.763960372875,2.37336864531602,7.195866187887685,0.5665949653925846,115214.36358948902,5733,2575,451,5201,945,2613
3142,30824.470821951523,30070.37944183511,60894.85026378663,1.9732754674194342,7.551838598715749,0.567534100146969,115206.6692781674,4362,3846,551,5931,1089,1739
3143,31008.11227304175,27898.089326938614,58906.20159998036,1.8036374109637263,7.33192950961056,0.5696805553160083,115663.91962533153,4905,2940,914,5380,1751,1628
3144,31647.47498549103,27142.726445501492,58790.20143099252,2.236998646739531,6.832105789027556,0.5700457537241702,115175.85222260082,5972,2322,465,4385,2361,2013
3145,30817.695920228565,28432.20199529041,59249.89791551897,2.7074787698673375,7.504414319798525,0.5697297731587904,115494.70255687606,5210,3280,269,4619,2058,2082
3146,32594.36798980538,30028.365664070105,62622.73365387549,2.693855539157341,7.683572329964342,0.5688973927071125,115166.38056656907,5076,3194,489,5684,1564,1511
3147,31196.57253103981,28932.178954960495,60128.7514860003,2.1175584733691313,7.545260069538764,0.5660275222947766,113937.5743571604,5494,2374,891,5791,1283,1685
3148,30796.326601428307,29900.876904572553,60697.203506000864,2.7950586421065404,7.370045242570161,0.5711679356654292,115317.18140359348,4990,3490,279,5900,1113,1746
3149,30971.50630767381,28444.8756443089,59416.38195198271,2.423869842249968,7.100005875937925,0.5735720281414222,115747.1163362188,5151,2649,959,5346,1504,1909
3150,30113.731952824724,28699.562158140692,58813.29411096542,1.884110850233172,7.566541114187485,0.5693868505936425,114937.49977419229,5897,2367,495,5101,1465,2193
3151,31554.14967636276,29391.895452504312,60946.045128867074,2.5495748583797053,7.575389465047412,0.5683366726629608,114714.45490753898,5369,2656,734,5695,1728,1336
3152,31079.099237489765,29913.08425687625,60992.183494366014,2.521155258521955,7.077401434864224,0.5732204536835209,115488.51916047324,4821,3288,650,5508,1873,1378
3153,30953.875625652126,30622.477974863203,61576.35360051533,2.6044814051390817,7.683181715579121,0.5702397377808405,115208.32812321367,4394,3707,658,6085,927,1747
3154,28315.213624642252,29426.983525829208,57742.19715047146,2.062312543256367,7.1900530885938485,0.5723930131276049,115730.56242043347,4877,3345,537,4909,1612,2238
3155,28540.526576910717,29022.484108107426,57563.01068501815,2.330226648928943,7.452333866252299,0.5708083534433994,115700.7305444107,4428,3713,618,4953,1043,2763
3156,32678.712828210846,27811.75205484042,60490.46488305127,2.3758749457132904,7.393903545408235,0.5692520974360251,115198.07503244476,6383,1958,418,5523,1484,1752
3157,29466.674022528478,27932.28121533743,57398.95523786591,2.4555861251323745,6.799115312517129,0.5691703774606641,115150.5838923409,4391,3912,456,4956,1169,2634
3158,28936.942445652097,28375.848489059324,57312.79093471142,2.0106278734228162,7.520058106317892,0.5689045737478868,114835.93211401356,5777,2747,235,4719,1542,2498
3159,32118.139033996093,29609.48439648661,61727.6234304827,2.6867490257853275,7.523537319112361,0.567345310666438,114144.32562700068,5550,2750,459,6040,1130,1589
3160,31914.57866015015,29618.371523522273,61532.95018367242,2.543495321524802,7.0514346338089835,0.5681863215032787,114378.89911614337,5671,2531,557,6181,1389,1189
3161,30973.952808665286,27840.672200262998,58814.625008928284,2.169448387277652,6.7980447753658115,0.5716003265965328,115154.2739299551,5919,2649,191,4696,1923,2140
3162,31020.217226060326,29700.29518289883,60720.512408959155,2.575273448033679,6.941839251378228,0.5712401777655238,114648.0797338689,5141,2898,720,5859,1407,1493
3163,30070.00240483198,28965.95235517004,59035.954760002016,2.018351488669876,7.2671897602602264,0.5700741972570899,114929.94671554628,5764,2628,367,5344,1878,1537
3164,30189.92886624166,28183.96803547731,58373.89690171897,2.261655204295581,7.19030517085785,0.5714554685074946,115610.4824030153,5529,2747,483,4541,2167,2051
3165,31243.38345632427,30346.134388071565,61589.517844395836,2.2031898152757137,7.211909355493288,0.5772537716700304,116753.60597597854,3683,4388,688,5149,2250,1360
3166,29356.520743150453,28473.140744358072,57829.66148750852,2.229895981715603,7.082804207306168,0.5666895012007623,114482.57765733192,5894,2003,862,5121,1463,2175
3167,30435.241678069473,26568.463325042612,57003.70500311209,1.7428568356430167,6.943042662486696,0.5684230464074046,115126.49195761357,6137,1973,649,3799,2553,2407
3168,32073.615912926954,26028.173375426442,58101.78928835339,2.1222813941534358,6.8675696616106325,0.5724988036791984,115963.21055679175,5544,2489,726,3924,3040,1795
3169,31570.190305463875,29613.88297164833,61184.073277112206,2.2423652875771496,7.309621453194565,0.5731184026714362,116274.99911776614,4208,4210,341,5228,2171,1360
3170,30119.775718767727,27696.211705233367,57815.9874240011,2.433778539239412,7.392010118549634,0.5676412218879628,114628.55359940708,5505,2971,283,5442,1229,2088
3171,29689.93513148913,31336.40922878669,61026.34436027582,2.22181965467321,7.797684582411576,0.5722113214534739,115500.20964450063,3641,4502,616,6372,1076,1311
3172,30040.526485365805,27324.173296369034,57364.69978173484,1.9926351461713878,6.728010768308295,0.5698600521094707,115435.96670947525,5376,2937,446,5159,1435,2165
3173,30376.398518381357,29473.10482284336,59849.503341224714,2.462125758209069,7.4777049865821565,0.5670354646154205,114299.46847083932,5082,3051,626,5908,814,2037
3174,31611.103672537884,30388.618118015438,61999.72179055332,1.928002596856894,7.6068174581549535,0.5696916089568189,115174.7913874398,4522,3519,718,6583,768,1408
3175,31492.477485785592,27903.52648561588,59396.00397140147,2.764446516457979,6.78049011804767,0.5742276853363402,115578.29711716669,5718,2590,451,4626,2217,1916
3176,31703.37012010051,27387.691313808085,59091.061433908595,2.8318992690235176,7.3271002615006235,0.5673382423068127,114279.13102405677,6225,1654,880,5093,1494,2172
3177,30487.18456085973,29026.5484135556,59513.732974415325,1.6588435656499152,7.104225767024896,0.569776579076285,114484.1419258156,5567,2732,460,5955,1374,1430
3178,31687.61830059398,28508.544545144876,60196.16284573886,2.4974365518237787,7.35330327100303,0.5711204960678283,115169.52801634415,6179,1824,756,4700,2064,1995
3179,30524.552760314917,28920.528078824955,59445.080839139875,2.66153899568546,7.539951737075313,0.5680105137194796,114975.20010908056,5549,2514,696,5315,1311,2133
3180,30606.14557035733,28391.383364192854,58997.52893455018,2.322089864806391,6.703618029579976,0.5726761185314517,115523.26531586831,5619,2904,236,4914,1913,1932
3181,30763.531668604635,29490.943626261196,60254.47529486583,2.8458677708074616,7.390697824541521,0.5683273389756228,114771.15329764354,4917,3451,391,5633,968,2158
3182,31124.512279320497,28423.06299617407,59547.57527549457,2.481987663058853,7.266626571209168,0.568600445022021,114763.89164927369,4920,3163,676,5390,1711,1658
3183,30079.003982711027,27861.669966207675,57940.6739489187,2.105105426168846,6.83684912169727,0.5729843727065773,115983.33079260646,5409,3077,273,4344,1883,2532
3184,29057.339416519793,31162.455373298686,60219.79478981848,1.9485142786347505,7.719085221160578,0.5702047353111063,115411.07902023499,3515,4928,316,5918,1129,1712
3185,32204.152191715024,30235.327654532754,62439.47984624778,2.526473526157402,7.503764559784317,0.5712823681650293,115622.28478609664,4363,3883,513,5783,1712,1264
3186,32043.715808928395,30406.374688070315,62450.09049699871,2.136577138348461,7.472542892456396,0.5743580280035846,116012.30686297368,3916,4089,754,5803,1976,980
3187,31110.70126861265,26654.365990066963,57765.06725867961,2.4311936642514214,7.1198300828875265,0.567477937588266,115030.3864663715,5766,2342,651,5340,1263,2156
3188,30793.850246128455,28956.635954400317,59750.48620052877,2.7554901947362707,7.5376508769386,0.5673174912930641,114881.31207337757,5378,2879,502,5694,1334,1731
3189,30714.33931826161,28184.26893981465,58898.60825807626,2.6053821034671705,7.207139688861996,0.5701108948426363,115444.46946864117,5527,2957,275,4900,1767,2092
3190,31274.78294011409,28545.32265805063,59820.10559816472,2.284683283801808,7.084322881512999,0.5678769800601104,114729.41823422104,5344,2779,636,5282,1854,1623
3191,29279.304624018543,29873.015636244498,59152.32026026304,2.007129157176326,7.513371301684438,0.5699699671611995,115416.98213881598,4759,3765,235,5117,1741,1901
3192,31581.92075175903,30501.797257428072,62083.7180091871,2.587664939293564,7.7295583320672865,0.5708760865212783,115147.91711150514,4618,3681,460,5882,1648,1229
3193,31423.847939746585,29437.00400050078,60860.85194024736,2.6162521201001465,7.391747725455024,0.5705850818562828,115626.79756304849,4383,3854,522,5611,1458,1690
3194,30363.94088722849,26928.616068772993,57292.556956001485,2.2780984154826815,6.909890103471092,0.5677123160739143,114575.64037149072,6154,1892,713,4451,1778,2530
3195,30792.842952264244,27976.652110266332,58769.49506253058,2.0086653385812108,6.667536960225602,0.575565093661159,116442.3322390521,4572,3666,521,4863,1834,2062
3196,30751.275064798338,28628.82913093462,59380.10419573296,2.0085799402196964,6.978922495178754,0.5710401907226966,115277.36945903095,5049,3461,249,5384,1288,2087
3197,30596.883389230246,28041.59575793968,58638.47914716993,2.2170739073717107,6.737064299228742,0.5708040919609078,115465.30471567392,5524,2833,402,5247,1533,1979
3198,30109.17093741963,30041.790213981523,60150.96115140115,2.405650184548838,7.567004437762012,0.5672379666184585,114049.09699485407,4602,3449,708,5709,1014,2036
3199,32577.860894957314,28952.18264902169,61530.043543979,2.778559568292179,7.384952509316502,0.5683504610446336,115085.06165770779,5114,2795,850,5847,1228,1684
3200,30610.844566815813,28214.49167092217,58825.33623773798,2.916980157515845,7.334637867657287,0.567983905675349,115114.19347159304,5269,2845,645,5586,1163,2010
3201,30834.7083822701,30258.143036117126,61092.851418387225,2.535469569541766,7.639931962569398,0.5679318792511177,114496.43092965726,4003,4034,722,6102,1089,1568
3202,29691.67500755726,28290.159042768766,57981.834050326026,2.0239635699181764,6.872886891411457,0.5742678698906042,116128.57255419565,5193,2784,782,4229,2126,2404
3203,31542.41482959523,30585.93798833393,62128.35281792916,2.1829701961009182,7.836059526464388,0.569480855275714,114848.1899872536,3768,4368,623,5516,1627,1616
3204,32115.88190151297,29794.805668493467,61910.68757000644,2.4878229994815557,7.325815378620165,0.5694963906863119,114460.07637213831,5498,2553,708,5951,1264,1544
3205,31927.72865955535,28677.783190135247,60605.51184969059,2.514499694409429,7.388861981840423,0.5696992907513319,115051.27676510667,5708,2473,578,4962,1891,1906
3206,31632.505835926473,30114.594862851438,61747.10069877791,2.280046700334932,7.7582201267659325,0.56764536563972,114513.32704598793,5451,2531,777,5930,1503,1326
3207,31219.81243057568,27365.035395201176,58584.84782577686,2.697057806051733,6.815593796843502,0.5688838052612143,114750.96374053023,6085,2250,424,5188,1558,2013
3208,32371.46372809833,29686.318568182716,62057.782296281046,3.111182975678428,7.218714972839896,0.5713491811444449,115135.30324278394,5480,2893,386,5368,1741,1650
3209,31342.936902567584,29605.463285051435,60948.400187619016,2.7832808156950137,7.59726531079171,0.5692853771377714,115242.23009006715,4667,3780,312,5715,1225,1819
3210,31215.840609384915,28456.88449661412,59672.72510599904,2.377571038985942,7.506437683769307,0.5668051200195654,114466.07178691494,6274,2143,342,5076,1654,2029
3211,31916.096170606346,29945.120071843325,61861.21624244967,2.647863678947399,7.548690182000519,0.5694216918552094,114891.8378397346,4378,3836,545,5727,1704,1328
3212,31024.440293622636,30013.795647610583,61038.235941233215,2.70852315294848,7.4126886291182466,0.5699634988042951,114804.52482641824,4642,3378,739,5723,1554,1482
3213,34673.505310223605,30072.344377735335,64745.84968795894,2.669968434004376,7.463297663336869,0.5735752964078117,116220.73576030678,3607,4682,470,6109,2205,445
3214,29767.151731870694,28399.849179989717,58167.00091186041,2.053457321897866,7.51871194570678,0.5681685683483192,114575.56265074435,5628,2666,465,5026,1310,2423
3215,30419.27835119282,28345.634202555786,58764.91255374861,2.437496010642997,7.471513845429692,0.567348541255433,114446.43939956714,5461,2752,546,5349,1173,2237
3216,31638.842579988355,30406.205032175167,62045.04761216352,2.6136046866945946,7.690455367669165,0.5694655839503765,114780.2396269211,4484,3786,489,6437,901,1421
3217,30350.843265979096,28063.12233635991,58413.965602339005,2.4769925820229286,7.004843808703584,0.5685048107021192,114838.1173945379,5174,2869,716,5448,1490,1821
3218,30686.101993252138,26460.485014579426,57146.587007831564,2.510212759129305,6.98609475549439,0.5691256404063791,115760.29796055105,4900,3580,279,4905,1749,2105
3219,28870.72946750548,28916.862306768566,57787.59177427404,2.2689378111769383,7.340293308552206,0.5693626971623913,115193.46157353005,3964,4214,581,5514,1381,1864
3220,29665.75452880384,30582.368225167003,60248.12275397084,2.6617717295749466,7.424159984596558,0.5711325542261654,115368.08942747569,4263,4118,378,6261,1030,1468
3221,31394.04338310875,29488.150214332123,60882.19359744087,2.451988179395699,7.638750287675098,0.5728318987717939,115877.30936306615,4141,3801,817,5772,1393,1594
3222,29760.230358357752,30112.598349676042,59872.82870803379,1.5757007044613551,7.470549262043157,0.5668765234034714,114362.33344000176,5160,2803,796,6133,1345,1281
3223,30737.889181079987,29664.252285101607,60402.141466181594,1.7157177098545706,7.386948177177057,0.5711636287045472,115191.82075085476,5268,3004,487,5711,1156,1892
3224,31399.242117962436,29058.838675630108,60458.08079359254,2.3676690069979056,6.896311206215819,0.573127869471806,115827.74557209417,5205,2787,767,5579,1591,1589
3225,29632.214444166348,27706.520654269792,57338.73509843614,1.5836934828174631,7.358601364695614,0.5727696027311474,115914.00423308776,4718,2971,1070,5178,1409,2172
3226,32097.639072809874,28138.05484729177,60235.69392010164,2.192691717834518,6.620358396296981,0.5737533987070563,115870.61000198244,5607,2693,459,5671,1568,1520
3227,30210.222420036192,27325.562583835974,57535.785003872166,2.1523362658384655,7.247935337934716,0.569638674947384,115007.42249182917,5474,2494,791,4419,1496,2844
3228,30939.251917043155,30303.75909666106,61243.011013704214,2.245802981328921,7.581739890447173,0.5658729122588714,113867.81210706718,4316,3752,691,6452,616,1691
3229,29149.400414629155,27249.744495084953,56399.14490971411,2.1561539802219936,7.079457623830617,0.5682062202252599,115038.47260511856,5274,2990,495,5167,862,2730
3230,32997.253409617784,27812.717214215423,60809.97062383321,2.718275297204253,7.524237243818105,0.5664027450615073,114495.00768463603,5888,1863,1008,5289,1536,1934
3231,31924.25380202794,30203.046510315424,62127.30031234336,2.5240467391453736,7.072910838506394,0.5729776938151434,115995.14030396716,4384,3634,741,6268,1340,1151
3232,30768.122995807717,28200.29474293944,58968.41773874716,2.2612374365794943,7.382806751288736,0.5721292962411468,115485.75091908453,5477,2530,752,4618,1876,2265
3233,32885.23947162407,29561.381712252823,62446.621183876894,2.4139010721915506,7.124494923614588,0.5726585394038887,116082.9966629817,4037,4118,604,5020,2332,1407
3234,31766.516819030894,29594.343785894576,61360.860604925474,2.212091766369708,7.334294617375468,0.5720177799997637,116150.26588103148,4221,3979,559,5563,1997,1199
3235,32431.781072693328,28726.39362248362,61158.174695176946,2.8420940356632767,7.326334870938058,0.5674126260608453,114232.2704140715,5741,2828,190,5915,1233,1611
3236,30287.87435010835,28043.684884172453,58331.55923428081,2.074765873043379,7.130422264730729,0.5728051951596095,115684.62428464531,5668,2604,487,5276,1667,1816
3237,31255.049313761996,28651.431935150787,59906.48124891278,1.88570383885468,7.3263591227643605,0.5681653109279357,114561.97504995395,5821,2449,489,5518,1179,2062
3238,29560.78913379001,27656.581351957288,57217.3704857473,2.351305301396524,7.1348566991034925,0.5694134854311665,114833.54925458887,6177,2269,313,4945,1566,2248
3239,31356.860016728417,28570.7830903435,59927.64310707191,2.310909969923476,7.5437968889063916,0.5654569211025183,113825.47410108466,5940,2213,606,5971,985,1803
3240,32804.379959975355,28836.94013905498,61641.32009903033,2.7988695054998844,7.203717244108477,0.5687683364062763,114329.66700803905,5657,2765,337,5836,1383,1540
3241,33837.59039203235,27734.049692476576,61571.64008450892,2.5358616460100225,7.028723326114237,0.5686719256485385,114769.06169338172,5988,2054,717,5500,1977,1282
3242,31642.95077356203,30198.900973332962,61841.85174689499,2.820046495112583,7.227073173403146,0.5694767935091721,115425.34648882828,4341,4053,365,5940,1657,1162
3243,30333.112673054136,27824.275643215162,58157.388316269295,2.2901561262535526,7.313953190887603,0.5701971185509583,115131.34506577447,6166,2212,381,4697,1950,2112
3244,30856.098104090022,28069.084485232033,58925.18258932205,2.4719810868680225,7.134927545212588,0.5654079694495014,113961.820118926,6112,1658,989,5368,981,2410
3245,30511.76675570096,29683.60761034558,60195.37436604654,2.2846447973721125,7.513782042751537,0.5706851015552996,115304.96539143201,4422,3604,733,5671,2014,1074
3246,30246.86822639496,26705.411452282962,56952.27967867792,2.476861482887765,6.893008844393477,0.5699805361060168,115213.236714435,5677,2248,834,4235,1892,2632
3247,28747.35969940506,27586.645532934144,56334.0052323392,2.0718292170322545,6.929394591061887,0.5684535925433369,114791.87522980626,5002,3217,540,4818,1506,2435
3248,29348.00042952769,28199.6779631808,57547.67839270849,2.1936132959691825,7.31304649180675,0.5706597317322795,115423.229325607,4518,3143,1098,5287,1976,1496
3249,31238.95503563167,28787.85271605643,60026.8077516881,2.5649275049127715,7.2444013869284145,0.5684479215761167,114494.82905302022,4595,3394,770,5657,1400,1702
3250,30762.12269754367,27408.87604225236,58170.99873979603,1.7246205566023332,7.000767448702887,0.5707336303255833,115219.77982242455,5631,2427,701,4449,2180,2130
3251,31233.752271743084,29446.367184268598,60680.119456011686,2.1549610008522486,7.323449404174504,0.5685696880999419,114885.24963158355,4007,3813,939,5407,1811,1541
3252,31111.741838761325,29607.904988129656,60719.64682689098,2.1880500634237734,7.448273903266253,0.5725624810659117,116390.19558425057,4290,4113,356,4862,2297,1600
3253,29815.40196429092,29841.053744855137,59656.45570914606,2.4445646968219465,7.815306840463548,0.5690173246170771,115207.59647930933,4400,3879,480,5803,1228,1728
3254,30352.131038670268,28003.306347484133,58355.4373861544,1.7625663088831793,6.802292356389414,0.572793909016785,115751.73625582797,5443,2901,415,5086,1316,2357
3255,31350.528234105564,29111.82360301377,60462.351837119335,2.2043893351658035,6.88874625362129,0.5752699682336121,116438.6544302083,4949,3287,523,5247,1863,1649
3256,32712.946126500254,28237.337571083775,60950.28369758403,2.609023133387513,7.000492465558043,0.5680444684427032,114778.97658180792,6695,1738,326,5269,1685,1805
3257,30814.708214708775,30219.422089068827,61034.1303037776,2.78582572853246,7.088300919578245,0.5718208978537473,115951.88337263284,4293,3841,625,5751,1510,1498
3258,32959.29384900648,30029.679430490844,62988.973279497324,2.6733363970614286,6.9099209646678394,0.5694293901531152,114594.78720870471,4871,2947,941,6281,1353,1125
3259,31223.005551289974,30624.41377073582,61847.419322025795,2.3071468918202673,7.359563502471603,0.5738987072741144,116340.48854344382,3622,4691,446,5840,1760,1159
3260,31969.899745102623,29462.86774612425,61432.76749122687,2.2713891640932427,7.58586916792692,0.5691447030961762,114880.9057227777,4402,3535,822,5807,1570,1382
3261,32672.324364259475,29893.826710451693,62566.15107471117,2.0582567581826376,7.582347567143595,0.569174851127769,114482.21263095849,5552,2965,242,6389,1369,1001
3262,32330.893736649527,30241.62087924464,62572.514615894164,2.2933716288939223,7.426294131119159,0.5698417935780072,114816.27983077936,4734,3325,700,6043,1686,1030
3263,31721.8134352846,27189.47967317684,58911.29310846144,2.226608534712492,7.1606254464811645,0.5695709585967629,115186.26202999454,5727,2437,595,5140,2092,1527
3264,31086.08581457842,29934.38706048727,61020.472875065694,1.8142391474318393,7.835913574425469,0.5721192956324885,115743.7502638721,4367,3768,624,5919,1253,1587
3265,32596.295580898903,30752.58458797026,63348.88016886916,2.5591064379232367,7.9533272796979775,0.5670027470583253,113823.55145169342,4679,3426,654,6929,712,1118
3266,29239.562086025897,28813.598791726465,58053.160877752365,2.184300803790946,7.309193396533653,0.5708860814013658,115438.25030783469,4944,3273,542,5239,1127,2393
3267,30871.131157077667,28888.858294669306,59759.98945174697,2.549301050532198,7.210457754531502,0.5689816250171494,114731.45060313761,4676,3695,388,5012,1602,2145
3268,31438.96746332715,28595.92804120974,60034.89550453689,2.304587643011167,7.467810174399807,0.5689696357267354,114498.63901720887,5540,2508,711,5887,1297,1575
3269,32233.278638134983,27321.297898020774,59554.57653615576,2.8733188469079183,6.864701266079239,0.5662716755352764,114419.42075181467,5923,2350,486,5244,1367,2148
3270,31138.826707714496,27093.977159970276,58232.80386768477,2.1972655857670276,7.078443518072118,0.5674241678348428,114496.2925249087,5992,2017,750,4957,1642,2160
3271,31622.49218453704,31075.85492813172,62698.347112668765,2.674664584225864,7.740857607325065,0.5697884233540996,114760.05687841041,4481,3889,389,6493,1322,944
3272,32672.116968697846,28984.549941112757,61656.66690981061,2.62418010512776,7.633520398344321,0.5691043822108757,114864.32129162794,6017,2412,330,5676,1597,1486
3273,30193.680043661112,30890.677949398167,61084.35799305928,2.413936196811378,7.8456772981947855,0.5706736128093864,115342.87036655235,3688,4816,255,6404,1065,1290
3274,33945.43293881038,28358.719666644363,62304.15260545474,2.358674428082214,6.923519665637901,0.5724616841298391,115340.0242910373,5914,2094,751,5734,1881,1144
3275,32895.270509487236,27979.576960960097,60874.847470447334,2.554096861464349,7.027219229760832,0.5722565853379475,115462.84547870782,4459,3775,525,5007,2177,1575
3276,33000.44552376976,28690.45413764008,61690.89966140984,2.925416858433371,7.5866958832761995,0.5677604818070211,114322.83650713737,5882,2515,362,5747,1668,1344
3277,30238.613300153844,27179.24781926964,57417.86111942348,2.4480570548189506,6.933763098881018,0.5707365119167518,115879.24936743091,4945,3275,539,4568,1886,2305
3278,32114.02427281626,28542.512840266998,60656.53711308326,2.489973745184494,7.477981530261728,0.5700464678198268,115870.75319482523,4820,3617,322,5218,1687,1854
3279,32069.871085214894,27341.70891076849,59411.57999598338,2.30357427036594,6.953018044162991,0.5657422934321282,114256.70728333632,6295,1734,730,5111,1718,1930
3280,31283.09424199624,28269.781169043905,59552.87541104015,2.1214169699316043,7.1245259295524574,0.5684129156306719,114639.62082675505,5863,2228,668,5588,1573,1598
3281,32621.700565770392,29494.81227853306,62116.51284430345,2.4043631411099122,7.417141240797738,0.5706008691678638,115546.07165574042,5015,2812,932,5353,1592,1814
3282,31881.717632068987,27186.23478671396,59067.95241878295,2.033365340092741,7.237997809349138,0.5681382225653446,114327.63631191886,6736,1406,617,5404,1278,2077
3283,31166.106046304056,28332.024343699297,59498.13039000335,2.5342581134516378,7.256667832085335,0.5704190336462064,115457.29999885142,4725,3505,529,5723,1124,1912
3284,32043.32909679744,28174.72593211653,60218.055028913965,2.764758897378748,7.498799831744193,0.568401980129868,114619.91898721945,6143,2055,561,5411,1580,1768
3285,30940.228711292664,28073.157751087645,59013.38646238031,2.4798446386131343,7.357902521654175,0.5682759842874346,115175.35400067783,5445,2550,764,4722,1688,2349
3286,31877.890877037527,28013.37610523244,59891.26698226997,2.347458777885483,7.255174399396549,0.5708704898583288,116016.32660374221,4831,3588,340,4861,1887,2011
3287,32380.894689075187,30502.840987318545,62883.73567639373,2.3368923208358687,7.502835423697995,0.5723965448131904,116069.34417639402,4020,4067,672,5887,1724,1148
3288,33121.46752825974,27658.075008732023,60779.542536991765,2.522059001573791,7.300605486656449,0.5698894210043606,115614.44532690184,5523,2670,566,5415,1750,1594
3289,31245.293761341716,27793.702367207014,59038.99612854873,2.1474622338134006,6.99337040865109,0.5736499320361883,115741.24341501121,5930,2045,784,4498,2387,1874
3290,30410.730231484835,28500.71328724536,58911.44351873019,2.629137792528604,7.085124320110871,0.5686837782090908,114973.98754348075,6060,2164,535,5073,1831,1855
3291,29586.606947239306,29793.821268429714,59380.42821566902,1.5266277897643596,7.26270112827944,0.5680103255698304,114647.33214233993,4324,3786,649,5501,1515,1743
3292,30662.822469298575,27795.40002708893,58458.222496387505,2.306920890229476,6.79179084534759,0.5701532065856317,115400.41729996783,5416,2945,398,5054,1280,2425
3293,29686.668080906482,29272.82662574048,58959.49470664696,2.3503387325800453,7.602235207110144,0.568074234879959,114672.58281236277,4502,3726,531,5905,956,1898
3294,32032.11214285051,29979.82586676418,62011.93800961469,2.5248212864363224,7.45379623942379,0.5696685788254754,114772.99164944667,5176,3014,569,5854,1390,1515
3295,33108.92872332981,29586.123999771873,62695.05272310168,2.3768637966923856,6.964146496311497,0.5738233991046506,115956.69198569743,5031,3302,426,5236,2139,1384
3296,31053.335379072425,29622.57877218819,60675.914151260615,2.1489933950684974,7.237185059696438,0.5694008761464772,114893.97679594088,5567,2651,541,5794,1464,1501
3297,31752.905559114304,27886.47292904588,59639.37848816019,2.407299212923304,7.065984595178805,0.5673102322953132,114746.25542911481,5236,2892,631,5135,1573,2051
3298,31375.07885922018,30513.33599050813,61888.41484972831,2.104836857788803,7.479934096039601,0.5673410239780721,114450.12995168868,4856,3602,301,6033,1192,1534
3299,31339.773799184015,28264.01599799275,59603.78979717677,2.4469440168919157,7.364085530290101,0.5681029093853577,114537.8564500711,5981,2301,477,5241,1349,2169
3300,31189.45634094265,30083.38420414646,61272.84054508911,2.517444327082816,7.41125749810581,0.5670285043193966,114170.83731783426,4508,3834,417,6116,980,1663
3301,31335.26715961214,29385.854583752567,60721.12174336471,2.627216182384721,7.528020091978066,0.5678535241414769,114929.00922073465,5238,3230,291,5493,1844,1422
3302,31152.57043372373,27708.988670606934,58861.55910433066,2.2161209670886026,7.124454856615006,0.5700565184247509,115426.90703879396,5571,2520,668,4409,2122,2228
3303,31841.094514064334,29147.7321789641,60988.82669302843,2.0818224907128484,7.0665498512161475,0.5671044765513273,114201.82709331233,4853,3395,511,6205,1090,1464
3304,31179.165688905297,27922.569894706558,59101.73558361185,2.4912830962141905,7.379096569784374,0.5672422145179523,114397.2017842793,6148,2092,519,5393,1217,2149
3305,31979.369700892057,29607.548217268137,61586.917918160194,2.7422620655245797,7.571663257339429,0.5679833148748149,114246.6036047819,5929,2517,313,6139,908,1712
3306,32169.76475521056,29878.531640946872,62048.29639615743,2.446988447874377,7.465311176972756,0.5701909387867267,115420.54529983182,4733,3649,377,6119,1253,1387
3307,31021.221767099098,28283.190369948996,59304.41213704809,2.484223346616771,7.214253012750326,0.5660641105388496,114317.4802394628,5420,2581,758,5048,1092,2619
3308,30917.57695376037,29629.37134074827,60546.948294508635,2.1184423327346265,7.6274486359387215,0.5685734946448324,114750.36793836391,5226,2880,653,5787,1024,1948
3309,31032.400417891364,29137.486667305227,60169.88708519659,2.6540616240813897,7.22189654069968,0.5700076561760283,114730.3762408565,5278,2682,799,5350,1338,2071
3310,32545.269306699014,27354.48077643156,59899.75008313057,3.1777477054030565,6.428344991324564,0.5710875500657998,115502.74782334614,5327,2555,877,5549,1428,1782
3311,31520.919079746796,28504.34971363582,60025.26879338262,2.7044438960170014,7.363275173159829,0.5726023879887606,115587.33460802205,4985,3277,497,5292,1601,1866
3312,28771.440463685925,27685.874970972138,56457.31543465806,2.3958707125980765,6.574391275024119,0.5719068260168199,115625.21351035689,5127,3119,513,4674,1283,2802
3313,29925.512903500578,29980.26556791015,59905.778471410726,2.5866220219519236,7.5634525822053105,0.570972211089838,115486.32841565598,3419,4582,758,5374,1298,2087
3314,31835.413245307038,29893.132758547687,61728.546003854724,2.1772659485655206,7.374077850100246,0.5686816820410548,115158.82267951962,5485,2919,355,6330,1039,1390
3315,32658.041536225952,28850.280175093678,61508.32171131963,2.5320053557149893,7.134248141167117,0.5677674230967675,114750.08416149141,5093,2974,692,5430,1878,1451
3316,33809.01522625824,26374.788672305964,60183.803898564205,2.1674271079268133,6.420723341631875,0.5751932426892196,116213.41387435602,6710,1794,255,3867,3040,1852
3317,32413.076337611674,29492.572196556703,61905.64853416837,2.2207663831822706,7.2251223997943725,0.5696817062717054,114765.75982513209,4270,3801,688,5931,1328,1500
3318,30424.36881012989,27850.426227031185,58274.79503716108,2.6746827975334204,6.695049859671049,0.573201497472695,116049.26876362175,4990,3178,591,4702,1848,2209
3319,31696.910201630002,27499.595878512177,59196.50608014218,2.3932526425190086,7.29952216933947,0.5697027454165696,114960.64072767581,6087,2114,558,4915,1875,1969
3320,30679.870357218595,28168.608577600568,58848.47893481916,2.306308597930009,7.194085055404598,0.5665757040341558,114379.85015142307,5514,2214,1031,5524,1350,1885
3321,32189.946289128482,28013.831501291766,60203.77779042025,2.1290044951697165,6.748521225788065,0.5699695617819243,114820.89542054822,5635,2369,755,5480,1799,1480
3322,31270.44717296171,29235.75516174381,60506.20233470552,2.027127414292326,6.718890636724534,0.5733655125374248,116072.54405750374,3874,4099,786,5592,1589,1578
3323,30775.235628304585,27704.957593587136,58480.19322189172,2.5068928792811485,7.116483232771221,0.5708723839569431,115410.09489730245,4388,3428,943,4932,1452,2375
3324,30788.524456427334,28609.900497656257,59398.42495408359,2.4967561536802765,7.449306512988785,0.5676881537027209,114330.54083341242,5416,2977,366,5676,885,2198
3325,31196.27277979048,29407.988840388036,60604.26162017851,2.476352108995518,7.19739427624067,0.5687623049182079,114403.04378627504,3911,4521,327,6012,732,2015
3326,29041.008087139646,27244.868390587093,56285.876477726735,1.8803771086468555,7.173730524535521,0.5684985632931211,114665.29110157816,5326,2915,518,5034,1300,2425
3327,29868.058153876147,28282.09475554737,58150.152909423516,2.133636890617326,7.2525446071434825,0.5707976231576755,115489.66628582898,5247,3070,442,4885,1611,2263
3328,31502.115969482762,27550.840374591986,59052.956344074744,2.732539126568461,7.174358307703674,0.5696942127509856,115688.50125928945,4868,3124,767,5073,1451,2235
3329,30449.64360091152,30547.89056485003,60997.53416576155,2.4826801255998405,7.018293149241968,0.5694833841545691,115387.1377488429,4460,3774,525,5571,1850,1338
3330,31386.70219360881,26628.291433529343,58014.99362713815,2.3703139947506715,6.6741059772149915,0.5765169165188989,116507.9969267959,5575,2215,969,4093,2534,2132
3331,30497.414975234096,29047.89957840999,59545.314553644086,1.8900215014824382,7.187046948505834,0.5692032068963181,114658.01821384962,4438,3782,539,5189,1495,2075
3332,30735.127577965857,27420.188802477853,58155.316380443706,2.5115676332083843,6.818442289374838,0.5708414378883215,115611.57326927655,4727,3377,655,4828,1511,2420
3333,30235.21259972763,29238.163794443924,59473.37639417156,2.3283184535212516,7.125385951283025,0.5709762450971816,115583.20800932773,5176,3295,288,5274,1424,2061
3334,32373.61002653107,29985.68064076553,62359.290667296606,2.4212728257398233,7.425088870219557,0.5743606574299028,116488.26626301446,4510,3819,430,5595,1754,1410
3335,31169.124079588746,29376.284372199483,60545.40845178823,2.352844234935,7.083900773217803,0.5695848510527164,114530.52953759806,5649,2509,601,5740,1105,1914
3336,32548.04727365972,31305.288002497182,63853.3352761569,2.440937402844896,7.338785494042114,0.569097767483906,114723.73114386284,4739,3613,407,5997,1622,1140
3337,30676.319893098338,29017.799528711348,59694.119421809686,2.592492162124412,7.1214346896152,0.5704700082469282,114864.27050693613,5729,2499,531,5420,1350,1989
3338,31194.094236541365,28126.934915938098,59321.02915247946,2.212583443087097,7.253018492734085,0.5682956677638767,115108.06811665822,5945,2380,434,5460,1304,1995
3339,31203.274324678223,29037.326536986307,60240.60086166453,2.053505750190912,6.827469576757201,0.5713869035111083,114845.7568106704,5441,2950,368,5508,1415,1836
3340,32333.968655645465,28144.666398188085,60478.635053833554,2.54072239785517,6.955735348898461,0.5685769172834404,114277.89848792955,5846,2070,843,5453,1619,1687
3341,31647.811709609883,30845.56124538546,62493.37295499534,2.5815989035488163,7.523630638241659,0.569518472716669,114867.16211770815,4551,3750,458,6157,786,1816
3342,32101.38840469899,28869.968159504348,60971.356564203335,2.913579838561877,7.160151772609964,0.5691968680941276,114682.35479949134,5375,2851,533,5406,1735,1618
3343,33424.96326989768,27177.393609678726,60602.3568795764,2.081185512363243,6.767785207955164,0.571401476405319,115299.2254284167,5474,2941,344,5706,1631,1422
3344,30172.62104967896,28875.920034720908,59048.54108439987,1.8715940458299578,7.206350339149416,0.5701296492766444,115293.22048582164,4637,3719,403,5270,1218,2271
3345,32535.40148989666,27837.247962636393,60372.64945253305,2.8769060746072452,7.242358023273163,0.5658187031833294,114512.83500267737,6295,2118,346,5396,1626,1737
3346,31395.69070001773,30756.28263979397,62151.9733398117,2.759666918662536,7.492340815782431,0.5685750313883966,114677.73621688253,5171,2857,731,5430,1519,1810
3347,31815.048938630407,28458.746967556945,60273.795906187355,2.0383112264991667,7.149074669708204,0.5692240851859244,114834.68249723638,6302,1928,529,5372,1704,1683
3348,32078.971453539965,31568.184243120537,63647.1556966605,2.3084680611463195,7.460564898113844,0.5718316808811894,115461.36477985718,4121,4033,605,6188,1458,1113
3349,31498.81391709452,29200.536675337113,60699.350592431634,2.290066634455444,7.158370351691157,0.5680159084777459,115099.44148334693,4943,2867,949,5746,972,2041
3350,32623.358143409263,28610.884551273044,61234.24269468231,2.722184390876324,7.197438716192311,0.5720691572823691,115861.61192945571,5255,2859,645,5781,1640,1338
3351,33088.55831966153,30740.315734304233,63828.87405396577,2.645158758179253,7.531221586248072,0.5673261165566015,114013.24499985488,4957,3171,631,6715,1058,986
3352,31407.536124639697,29602.181929324954,61009.71805396465,2.3261487308309405,7.2273648206216246,0.5685744265340763,114747.61351756615,4574,3598,587,6291,831,1637
3353,29955.777499993383,27875.914228163165,57831.69172815655,2.274914899440511,7.225358113117244,0.5678286413505974,114416.40155520878,6103,2273,383,5138,1303,2318
3354,31423.477959170286,29714.81958436456,61138.29754353485,2.3200949227515184,7.391135493297289,0.5687042948070378,114812.75604342979,5013,3492,254,6004,762,1993
3355,30255.47922004727,28801.815673022273,59057.29489306954,2.0049861441991306,7.027293944679997,0.5683248864427749,114961.3151112346,5922,2386,451,5587,906,2266
3356,30584.731623010935,28752.339384874773,59337.07100788571,1.6474149563088332,7.2583323261634884,0.5712093506339598,115549.5722509,4855,2937,967,5461,1225,2073
3357,30951.91908078355,30168.88544974136,61120.80453052491,1.8782237307260012,7.413380412455675,0.5701101452840097,115192.824507083,4420,3559,780,6258,1074,1427
3358,30791.914616238315,32757.818062727616,63549.73267896593,1.872272275427187,7.52230871033767,0.5692819692802822,114389.8245067586,4293,3856,610,6789,1101,869
3359,32044.613636862836,29814.73211378786,61859.3457506507,2.0356355565765596,7.422083958384741,0.568448479305241,114456.20665726704,3708,4184,867,6244,1004,1511
3360,30217.11593066506,30311.38534916088,60528.50127982594,1.5001068456214945,7.327532265183823,0.5695476965282088,114991.80347619444,4760,3220,779,5612,1594,1553
3361,30518.339282476532,28929.048195421805,59447.38747789834,2.0294454429234627,7.502534375617811,0.5645447442032321,113694.39162311866,6298,1803,658,5806,781,2172
3362,30900.29263777531,28179.3967593617,59079.689397137015,1.9987402373976573,7.110405393051458,0.5686305991199627,114814.76750901002,5436,2626,697,5352,1125,2282
3363,29681.280132270487,29603.143818464443,59284.42395073493,2.151892652559178,7.552470869233401,0.5674089875986501,114292.20781114468,5000,3180,579,5486,1130,2143
3364,30966.054297347277,29060.204277860896,60026.25857520817,2.1714060217817654,7.135115799024542,0.5679615356250133,114609.23609828482,4214,4078,467,5122,1557,2080
3365,31029.746575889552,29996.847942678818,61026.59451856837,2.6810893991875613,7.417985683328874,0.5679584646328324,114466.56462771025,4670,3439,650,5283,1531,1945
3366,32115.48919425636,29444.563600700025,61560.052794956384,2.6905120305907704,7.2129648654532055,0.5713371460808389,115234.40355320637,4928,3052,779,5487,1662,1610
3367,31963.312555955566,28552.93323495176,60516.24579090733,2.575630528485201,7.31306868481971,0.5668942795484823,114184.42076807885,6126,2218,415,6109,1096,1554
3368,30167.841963623872,27222.862671686427,57390.7046353103,2.04883280916606,6.949897759209273,0.5680985755409542,114712.78652338611,6649,1558,552,4370,1852,2537
3369,29920.445524955212,25985.8049587458,55906.25048370101,1.847509295050007,6.239449777914924,0.5753246388172898,116115.21220749897,6063,2273,423,3791,2374,2594
3370,32299.77688272112,29580.38219211368,61880.159074834795,2.198755201106793,6.927136004369136,0.5767248629155854,116547.96696427114,4150,4093,516,5161,2309,1289
3371,32577.389616607205,31325.564536604918,63902.95415321212,2.861086536277769,7.510221210818808,0.568473916037951,114289.75225840893,5378,3088,293,6125,1600,1034
3372,31538.907321108174,28682.787217657507,60221.69453876568,2.9069496670405672,7.1321108229917485,0.5665758346398095,114177.83458938917,6371,1934,454,5802,1208,1749
3373,31377.725099109564,29227.71559537855,60605.44069448812,2.657394616806303,6.837349990866705,0.5704547130827353,114740.32913187344,5690,2493,576,5736,1414,1609
3374,32357.43033575385,29911.700456471037,62269.13079222488,2.273238426843553,7.334332878351194,0.5719981424638491,115605.89520101156,4929,3293,537,6061,1285,1413
3375,31791.9333671627,30015.404991519616,61807.33835868232,2.0427809978076756,7.076047350362124,0.5700202732096611,114596.04042660359,4810,3615,334,6418,1202,1139
3376,31781.243550200736,29273.22144191727,61054.46499211801,2.0280630072381474,7.42974886878645,0.5723988104342388,115707.16054110833,5203,3373,183,5640,1263,1856
3377,32265.551913416348,30840.944866677582,63106.496780093934,2.623495479051042,7.684211969677849,0.5686832838950675,114901.78314242183,4843,3569,347,6758,767,1234
3378,31232.31537586997,28207.359872874113,59439.67524874408,2.4515632481463205,6.979158509262501,0.5695989952777317,115261.16787729689,5371,2822,566,5156,1394,2209
3379,30430.163888318344,30410.577609022566,60840.74149734091,2.3044365927379484,7.543120316488333,0.5701731349768471,115384.40896451609,3907,4491,361,5932,1010,1817
3380,30649.84343561474,27645.774426804954,58295.61786241969,2.5877997519505174,7.4309670881115935,0.5688691652747582,114809.01400619875,6100,2307,352,4523,1665,2571
3381,32381.501286334023,27946.075472139117,60327.57675847314,2.341516558128484,7.361856186907226,0.568029492860702,114577.82745080985,6115,2165,479,5342,1495,1922
3382,34055.35482618063,29292.441023929583,63347.79585011021,2.694756673266575,7.197913715352083,0.5710243713172353,115110.61761924389,5161,3340,258,5578,2146,1035
3383,31078.227356985335,28876.570269306885,59954.79762629222,2.7627383602925795,7.1897325056762975,0.5696571784643603,115472.29975608153,5092,2903,764,5081,1661,2017
3384,31657.994662618472,29258.89541303039,60916.89007564886,2.8746597427838454,7.482525019902296,0.572672261600292,115889.68313840384,4909,3351,499,4914,1987,1858
3385,32956.1832817078,26828.75359099362,59784.93687270142,2.876867363742897,6.686432413848274,0.5709323171950325,115072.89509653144,6604,1714,441,4772,2071,1916
3386,30828.86148486148,27118.299081745714,57947.1605666072,2.2819743490131685,6.8021337877891845,0.5708861399176715,115945.73803078155,4502,3599,658,4607,1646,2506
3387,31578.272178236075,31129.544149705274,62707.81632794135,2.669450241480958,7.681633309140645,0.5664206464314903,114342.32546769269,4496,3676,587,5910,1167,1682
3388,31695.284894962344,29383.346552550804,61078.63144751315,2.3468930305692814,7.311120357710688,0.5669361282210807,114274.264472699,5697,2197,865,5797,1288,1674
3389,31256.267249976216,29543.988919191826,60800.256169168046,2.680104907240582,7.4467478955074595,0.5726822787321826,116286.86267526244,3412,5021,326,4908,1682,2169
3390,30994.75058855875,28300.77665982289,59295.52724838164,2.8865731214851458,7.212654262130094,0.5670312943986469,114418.1070407235,5703,2397,659,5125,1458,2176
3391,33149.4987512882,28336.229958750922,61485.728710039126,2.992455640603089,7.191058291812646,0.5692504738048992,115166.76601486967,5300,2841,618,5713,1473,1573
3392,31265.37340227288,28777.377715910756,60042.75111818363,2.260647523128655,7.386990524259423,0.5694659999006694,115341.54549531748,3636,4468,655,5493,1398,1868
3393,30789.33554843073,31347.44153369265,62136.77708212338,2.875845773688323,7.609524991098762,0.5697903004542328,115124.32654411664,4401,3953,405,6007,1449,1303
3394,31232.12696302442,27548.224413697437,58780.351376721854,2.3319068816303203,6.994766795033359,0.5676493399616611,114483.53191664089,6622,1804,333,5222,1346,2191
3395,33155.994854939745,29618.053261848192,62774.04811678793,2.8394454112895993,7.130490762378073,0.5707217674848302,115119.73015647764,5556,2533,670,5353,1955,1451
3396,32386.93480608297,28419.950914150875,60806.88572023384,2.60711815850532,7.137401066848097,0.5730144919707182,116042.77634207449,5695,2725,339,4479,2266,2014
3397,30090.66861837174,28841.405887213852,58932.074505585595,1.9051151426113717,7.358638969965418,0.5713248130178042,115858.68266609994,4322,3674,763,5012,1487,2260
3398,29837.034032469535,28233.680641945128,58070.71467441466,2.105513169106298,7.141020101998149,0.5666220158082866,113994.15112027395,6255,2033,471,5236,1152,2371
3399,31916.95572023103,28538.38183851409,60455.33755874512,2.702017651598789,6.954297577787965,0.5685568843697009,114637.99606035305,5686,2736,337,5464,1325,1970
3400,32726.17344725532,28428.03490830241,61154.20835555773,2.5573177350550442,7.118120339599692,0.5694912613377506,114862.41556902202,6233,1971,555,4870,1997,1892
3401,31548.859395289706,27530.341421460114,59079.20081674982,2.4135886385675405,6.867656190850351,0.5679730684822037,115439.27497061019,5252,2928,579,5220,1628,1911
3402,33068.95410560312,28551.493882551964,61620.44798815509,2.76574582693311,7.203090640689885,0.5689999646067435,114843.25233461257,5125,3057,577,5518,1827,1414
3403,30922.640787471293,30987.11485758077,61909.755645052064,2.047949014547355,7.649982998431244,0.5693885321102923,114684.7617694643,4297,4160,302,6025,1123,1611
3404,29581.036164476216,30421.149973535492,60002.186138011704,1.6215227777206227,7.421227431205936,0.5680874589424293,114602.13566173526,4119,4133,507,5763,1214,1782
3405,30617.892847176277,29764.077218434886,60381.97006561117,2.1079694386448584,7.430697580301787,0.5700588873770518,115340.76732667976,4471,3771,517,5642,1056,2061
3406,33601.92086498973,26835.150657914433,60437.07152290416,2.477285050619588,6.589273864931618,0.5736967097876765,115674.68063848275,6412,2117,230,4534,2643,1582
3407,33819.185398183545,29376.014723139157,63195.200121322705,2.1993283169532765,7.276936464006177,0.5723112775136815,115467.85642242181,4779,3212,768,5518,2167,1074
3408,31836.553317655296,29880.612639147883,61717.165956803176,2.169254494928623,7.399326008206708,0.5694153387122273,114836.61602356134,5033,3267,459,5681,1525,1553
3409,32107.314978206705,30733.910594598063,62841.22557280477,2.364152620159166,7.463491985787939,0.5700670028947563,115148.7498629334,4505,3694,560,6613,1014,1132
3410,31706.280343454568,28523.608401878944,60229.88874533351,2.3926814225311523,6.879863737779366,0.5703436186440951,115026.7332333966,5730,2381,648,4881,1792,2086
3411,30434.786792255538,29633.975429315306,60068.76222157084,2.3038480344302243,7.270178217748021,0.5678814722497444,114733.5734046298,4304,4216,239,5637,1191,1931
3412,29931.98047085371,28469.50180373718,58401.48227459089,2.1204206507302494,7.387954228696179,0.5673824942086285,114592.21190603952,5022,3362,375,5062,1410,2287
3413,30924.508852700346,30643.712065936288,61568.22091863664,2.2601154030812474,7.400417211679433,0.5705404562167375,115511.84827105427,4160,3939,660,5924,1396,1439
3414,31689.525166619373,29037.9249132543,60727.45007987367,2.5335131760295635,7.429956513207215,0.5705270937771987,115611.86219793573,5301,3126,332,5406,2140,1213
3415,32769.88001526139,27788.370125256864,60558.250140518256,2.802174310361951,7.032569574583015,0.5664790862564956,114337.28753699284,6186,2140,433,5254,1454,2051
3416,30971.494208220494,28283.432694006464,59254.92690222696,2.6295402938134793,7.206277043140301,0.5687072029465682,114696.0399408807,5378,2792,589,5194,1500,2065
3417,31468.067395858317,27441.13639299465,58909.20378885297,2.468021210056613,6.933191265320319,0.5674998875642788,114273.47534594995,5969,2176,614,5070,1509,2180
3418,30517.40098649551,29113.33471922721,59630.73570572272,2.0303655406858403,7.001250214532898,0.5704930437547332,114608.85239853914,5169,3029,561,6113,1028,1618
3419,31463.147639801024,27689.957396243964,59153.10503604499,2.2208732384387866,7.229130488577169,0.5705287352087445,115230.41018866785,6433,1860,466,5058,1511,2190
3420,34697.1412102728,29621.759552269545,64318.90076254234,2.8083261143584988,7.342445754262144,0.5671167978942268,113828.48052206016,5861,2655,243,6673,1075,1011
3421,31178.226179030786,28588.450362092368,59766.67654112315,2.443748777898321,6.993744051253768,0.5691698553986427,115040.01625793398,6166,2264,329,5719,1328,1712
3422,32119.16554531153,30400.760080134707,62519.92562544624,1.8487703641361946,7.2876513615089,0.5684435369457005,115039.58401479923,3740,4218,801,6504,904,1351
3423,31239.23271965898,28475.226711097912,59714.45943075689,1.7779678861044361,6.702768952097841,0.5731226191925041,115771.82019117281,4498,3526,735,4686,2256,1817
3424,31754.30377427704,27694.660122629866,59448.963896906906,2.493887797557366,7.047913613351606,0.5666641049556723,114472.68394905674,5248,2739,772,5367,1349,2043
3425,30865.98620102355,26981.79939613412,57847.785597157665,2.614543222823792,6.988400759655959,0.5663862771862521,114036.12794407581,5641,2665,453,5090,1033,2636
3426,29720.547974040357,29412.609742709163,59133.15771674952,2.2745662243655715,7.797160258034685,0.567184769295416,114411.89272858853,5063,2785,911,5341,923,2495
3427,32238.233049126018,29504.190752033064,61742.42380115908,2.514650319373037,7.365565893651638,0.5682061354149672,114150.63830552026,5974,2022,763,6090,912,1757
3428,33266.465177300335,27997.084995975853,61263.55017327619,3.149489856127841,7.1045804093091425,0.5684139755921596,114710.96427512425,5739,2678,342,5254,1453,2052
3429,30361.382846136054,29102.872341391554,59464.25518752761,2.2996720382361397,6.63852188900482,0.5741570243263476,116014.2201359622,4171,4208,380,5029,1721,2009
3430,32560.794968192462,30971.7694931704,63532.56446136286,2.726039732891176,7.255783308970543,0.573537904030535,115460.7007934672,3889,4164,706,6167,1530,1062
3431,35299.47262720312,29019.100664252575,64318.573291455694,2.8680439637936783,7.44709097380328,0.5674076765920377,114260.30654407939,4943,3269,547,6433,1386,940
3432,32485.84282168218,30777.77859433784,63263.62141602002,2.869900353975296,7.865715790916361,0.5687629334058901,114571.86960452951,4302,3975,482,6117,1225,1417
3433,31725.043740513844,28651.185104115,60376.228844628844,2.4593666715790095,6.981738332245039,0.5699098241420687,114945.11327798998,5079,3290,390,5228,1669,1862
3434,34567.9712948116,27885.788589826563,62453.75988463816,2.3386255663153683,7.331965307303105,0.5702732706493547,115298.9147779083,5928,2460,371,5284,2011,1464
3435,33133.91561491841,29402.964714743564,62536.88032966197,2.2986926623889596,7.403861416202186,0.5715448485690985,115686.62700175881,4212,4287,260,5851,1727,1181
3436,31212.681673436706,30253.524114115768,61466.20578755248,2.455713081041992,7.341352327469844,0.5673942139430904,114413.45170687213,4848,3218,693,6151,1097,1511
3437,30732.331038546916,28864.0369418948,59596.36798044172,2.0712057271186963,7.680201337435832,0.5688519835059537,114473.69000273503,5833,2623,303,5774,789,2196
3438,31154.591619517618,27090.52055023347,58245.11216975108,1.7235885748536857,7.063667512204131,0.5678042243449228,114779.62326994563,5731,2470,558,4946,1414,2399
3439,31574.523770799784,26456.945787137247,58031.46955793703,1.692002975997618,6.722794995408157,0.568001612686074,114815.47984091946,6480,1902,377,4245,2048,2466
3440,32503.942990861302,28439.188633370348,60943.13162423165,2.184899419962857,7.195809441535608,0.5714261581085001,115837.02751724988,4344,4050,365,5192,1939,1628
3441,33891.191701407064,28638.668958234288,62529.86065964135,2.3896892507967262,7.423595372007623,0.5695329278533284,114888.31652727269,5552,2953,254,5900,1744,1115
3442,31219.57795979421,31714.726335602616,62934.304295396825,2.3834010794664304,7.675452052391632,0.5703129062305694,115184.59056751133,4091,4070,598,6123,1149,1487
3443,31579.270243406772,29336.11558159536,60915.38582500213,2.3369690578963644,7.609797475427239,0.5695720233575807,115053.50296070674,4589,3390,780,5859,1190,1710
3444,31968.250918362104,29793.85939696949,61762.11031533159,2.511231117814864,7.777801822289348,0.5699438004577905,115106.15454329735,4421,3585,753,5463,1790,1506
3445,31815.644591861488,29342.771019748492,61158.41561160998,2.617740933195632,7.370394844595141,0.5722331511334291,116053.48746910607,4960,3351,448,4694,2142,1923
3446,32304.880612480105,29519.64724156188,61824.52785404198,2.6488503757835224,7.517337116816666,0.5700763070269926,115093.5080822413,4511,3653,595,5841,1537,1381
3447,30879.8830047375,30684.214939180947,61564.097943918445,2.456351775982352,7.476888802016653,0.5679099904726083,114646.42976962084,4622,3870,267,6508,637,1614
3448,29932.02902669408,29442.786276272636,59374.815302966716,2.189565181775861,7.038194532434182,0.5690255733726205,115039.8402025658,4899,3611,249,5672,1040,2047
3449,31694.836087762775,28239.052327174602,59933.88841493738,2.522400944642237,7.1608499258540705,0.56989994928937,115344.87595583506,5467,3070,222,4980,1528,2251
3450,31681.764869408125,27453.67250339741,59135.437372805536,2.4789192377217266,6.894892103347837,0.5659281721595635,114075.32725118204,6709,1631,419,5015,1452,2292
3451,32678.130481271128,27754.704133524778,60432.83461479591,2.700215237736382,6.678203072398855,0.5702118183463599,115379.63499436868,5941,2367,451,4909,2364,1486
3452,32503.763365621697,28444.480493111405,60948.2438587331,2.5382759576848732,6.676108682553611,0.5751930110172047,116386.1557481028,3586,4614,559,4607,2203,1949
3453,31928.459171051338,28941.601295141878,60870.060466193216,2.6227576602326996,6.983574678886713,0.5705075701606117,114861.66287144614,5191,2624,944,5648,1537,1574
3454,30755.45739433236,29221.104701477543,59976.5620958099,2.419190042232417,7.0463209432503175,0.5700014783910029,115800.7369274128,4353,4173,233,4614,1616,2529
3455,32984.935584174396,28782.3698996997,61767.30548387409,2.1941217545536587,7.2281677469262995,0.5689377972000756,114713.03338002563,4551,3466,742,6251,1108,1400
3456,30844.952612949528,28686.40397090781,59531.35658385734,2.674057634367313,6.9329426066873605,0.5668556699914167,114259.30218085756,5420,2868,471,5507,1144,2108
3457,32018.144450481243,27817.815146009772,59835.95959649101,2.7534716780908965,6.990531636330086,0.5710712828874788,115898.11115120574,5229,3239,291,4767,1918,2074
3458,33376.37511938867,28560.985643991527,61937.3607633802,2.7294820853732618,7.292981720876812,0.5685736666756691,114993.79794902519,5996,2331,432,5667,1665,1427
3459,30998.510184729737,26921.52729725151,57920.03748198124,2.481978587346877,6.995513255261266,0.5673660663493879,114684.5547592529,5742,2438,579,4808,1246,2705
3460,29584.18452556031,28507.312084232923,58091.496609793234,2.01198591968975,7.063360984724633,0.5708186368011937,115466.15489905707,5253,2721,785,4426,1684,2649
3461,30284.3386258759,28343.232690095803,58627.5713159717,1.971220531441855,7.268223514180474,0.5684297734259554,114619.21018296818,5542,2485,732,5079,1419,2261
3462,32011.961828063184,27080.084274209734,59092.046102272914,2.714592282777302,6.478775782609374,0.5735326296090724,116342.78483445903,5293,3048,418,4355,2241,2163
3463,34615.545216440696,28695.215857881307,63310.761074322,2.953309740104131,7.158397597715588,0.5686566464491452,114652.56335891009,5032,2919,808,6210,1660,889
3464,31373.51514190933,27904.74656515913,59278.261707068465,2.5112339155255947,6.771486512613046,0.5681695221132701,114657.40963366465,5588,2599,572,5034,1312,2413
3465,30741.429991773162,29159.48151422071,59900.91150599388,1.8134381886125834,7.28120195770206,0.5690433644220684,115336.4739342234,5054,3245,460,5162,1750,1847
3466,32435.70819790792,28717.428743081746,61153.136940989665,2.2441418522231804,6.686503072689798,0.5702123339364438,114518.21558299623,5365,2784,610,5807,1262,1690
3467,30947.598256851354,27703.895215639917,58651.493472491275,2.111126786283945,6.540902784199369,0.5750974351270306,115775.6577126848,4974,3047,738,4508,2220,2031
3468,32477.223942987268,29258.90149641845,61736.12543940572,2.1562221898875755,7.441084156865174,0.5690240703216961,114679.96527901526,5266,2702,791,5724,1535,1500
3469,32074.861810132865,30378.497423797857,62453.35923393072,2.123703459652933,7.593391126673654,0.5669143989425526,114014.60552403305,5407,2643,709,6429,825,1505
3470,32635.56771600331,28055.93010113853,60691.49781714183,2.9239804786043018,6.970933612180509,0.5695532806926965,115397.50137261736,5868,2679,212,5278,1611,1870
3471,32261.008860228325,31093.095411468792,63354.10427169711,2.5822759988886186,7.467823940192536,0.5708250660598206,115535.56138188593,3578,4761,420,6003,1413,1343
3472,31982.840557212654,28314.43142771367,60297.27198492632,2.405083569524367,6.78967298825133,0.5712492423500979,115864.33576018264,5878,2618,263,5064,1806,1889
3473,32899.2582545439,29523.206149134367,62422.46440367827,2.6264999337618713,6.952373807973099,0.573785878645364,115763.29100359483,4859,2997,903,4932,2678,1149
3474,31555.755399947793,28103.20482512231,59658.9602250701,2.2014518172364945,6.994879319276521,0.5709854450571621,115204.81616638068,6403,1835,521,4852,1900,2007
3475,30092.487259745354,27499.244906192944,57591.7321659383,2.04041077463215,6.898443813547028,0.5692735614403563,115389.8263842311,5868,2560,331,4532,1375,2852
3476,31830.94560048064,27840.585766237105,59671.53136671775,2.278353610470167,6.881161047703798,0.5692324547012116,114908.36239992049,6120,1910,729,4987,1933,1839
3477,33349.4345088945,31682.406776357853,65031.84128525235,2.0649182530091497,7.598161959110289,0.5700547564813594,114916.48265934119,4519,3816,424,6139,1544,1076
3478,33905.229877384656,28043.34770984555,61948.577587230204,2.193130739222363,7.289295167037455,0.5668994926934169,114262.87654787801,6035,2110,614,5833,1510,1416
3479,30309.066704860328,28233.601403019038,58542.66810787936,1.4458235891535807,6.927025496033511,0.571370178796112,115343.58873353778,5054,3466,239,5228,1256,2275
3480,30887.91921286287,29019.127199379254,59907.046412242125,1.2373641918853877,7.357430500009942,0.5690138519355823,114901.13608061627,4646,3695,418,5542,1300,1917
3481,31457.076241469564,29073.316196789867,60530.39243825943,1.8854146210393619,7.2789783176487175,0.5672158083365939,114187.53542915784,5596,2464,699,5768,1351,1640
3482,32636.996804225404,28963.77773364753,61600.77453787293,2.3855278406031473,7.4821600797722185,0.5672555411250616,114122.39024144209,5940,2128,691,5900,999,1860
3483,31182.92424458613,29814.406129551036,60997.330374137164,2.0687253332722513,7.239228985364204,0.5695125338621435,115367.11042383549,5044,3316,399,5796,1334,1629
3484,33091.1798851452,28422.070959688655,61513.25084483385,2.144737057267199,7.161546254636264,0.5690659611635103,114507.18854542499,5604,2512,643,5552,1627,1580
3485,30254.950206361213,29773.931469976655,60028.88167633787,1.9700699881624135,7.42020486169505,0.5714452561927742,115673.52806381838,4526,3983,250,5463,1067,2229
3486,33268.3271877989,31123.66878789033,64391.995975689235,1.8219705117099765,7.047075764510108,0.5731696814613111,115698.98512330352,4054,4215,490,6304,1363,1092
3487,31689.642736352143,30389.94231449363,62079.58505084577,1.9722374666778153,7.049154583141638,0.5690671946066435,114625.95657844692,5334,2763,662,5909,1500,1350
3488,33120.08797681156,27266.554616410853,60386.642593222416,2.171163314608187,6.785975295318313,0.5673494516327792,114815.48506232035,5463,2674,622,5348,1736,1675
3489,32040.691456003882,25911.18613578034,57951.87759178422,2.1869306011379286,6.547097135373856,0.5693717001989493,114968.91269190292,5970,1698,1091,4601,1897,2261
3490,30026.337507619475,28252.530162466788,58278.86767008626,2.1488194883231273,6.981000552913523,0.5720586710350456,115827.41373884438,4525,3687,547,4425,1571,2763
3491,31257.07975012135,28790.8214695427,60047.901219664054,2.27820957930822,6.867336564482954,0.5704384051163316,115120.9764876763,5223,2853,683,4772,1618,2369
3492,32732.56489538179,30929.360041009888,63661.924936391675,2.3835649465038027,7.348377974317996,0.5739718217042366,116156.05135134263,3592,4283,884,6171,1473,1115
3493,33075.16600229907,29980.101934171413,63055.26793647048,2.633861391001806,7.422970671126902,0.5678529685211576,114278.65688550942,4501,3617,641,6160,1249,1350
3494,32247.455201189914,29044.275146508648,61291.73034769856,2.9955717603421714,7.081859137372507,0.5675029980266355,114099.01361631525,5469,2734,556,5882,1068,1809
3495,31277.047065735613,31100.95154700715,62377.99861274276,2.2159885769989356,7.373636968547394,0.5699851053975216,115269.00796214353,3901,4354,504,6067,887,1805
3496,32765.59395334762,28270.2769764304,61035.870929778015,2.0759973917352665,7.028024541588736,0.5679754001030518,114291.18841913881,6287,2033,439,5694,1541,1524
3497,30749.14897014833,28166.071117910364,58915.22008805869,1.6531998499037395,7.074418170322385,0.5686096795634581,114782.74995681224,5693,2820,246,5640,1113,2006
3498,32424.919662838627,29221.763747452715,61646.68341029134,2.313316266436794,7.346007655339622,0.5665803174861027,114038.30976182107,5345,2905,509,5939,1034,1786
3499,31474.536276900173,28215.551083791786,59690.08736069196,2.0132748042490425,6.6720117290654155,0.5719834629424075,115571.15922044626,6523,1804,432,4775,2016,1968
3500,32482.56195238441,29857.506903339647,62340.06885572406,2.395606254126995,7.005582944981716,0.5757302529322227,116425.60768732215,3509,4835,415,4741,2187,1831
3501,32935.453187724714,28295.561614022226,61231.01480174694,2.5298478105931683,7.200015953349852,0.5683704549303329,114536.74510240785,6040,2229,490,5500,1821,1438
3502,32429.633003158608,30466.19217738617,62895.82518054478,2.092220250832356,7.093309127082036,0.5732515739497949,115864.34090259329,4280,3977,502,5938,1710,1111
3503,30610.40837133027,27706.39739757607,58316.80576890634,2.0570031963656485,6.9418631314320765,0.569089259390325,115200.70170838546,5327,2677,755,5182,1510,2067
3504,34720.553668941175,28846.427373723945,63566.981042665124,2.4003926416442183,7.097404401909104,0.5697605137788433,115024.04778763566,5256,3047,456,5406,2304,1049
3505,31256.6015582932,28163.1808857241,59419.7824440173,2.1579616224619715,6.917950098201331,0.5696375097285795,114787.08865128378,5119,2999,641,5235,1619,1905
3506,33301.441494862614,29340.641150287684,62642.082645150294,2.609342149779452,7.031487063022082,0.5693011821460876,114751.49002961801,5899,2637,223,6141,1499,1119
3507,30702.53699715153,28978.894501049417,59681.431498200945,2.6773268065006297,6.98770512512883,0.5672684797620512,114405.12071596687,6180,1992,587,5379,1371,2009
3508,32822.58557392098,27612.835793234175,60435.421367155155,2.397923489746975,6.80864422203764,0.5663444925978977,114336.32063470245,6651,1782,326,5498,1614,1647
3509,32652.386654559978,30098.323936597124,62750.7105911571,2.4265851267437646,7.377189753143037,0.5672802265170153,114159.0271347311,4479,3755,525,6500,1077,1182
3510,32122.447515110944,28630.78966531357,60753.23718042451,2.409476273415728,7.13261640580775,0.5677974205117319,114224.82622583196,5913,2037,809,5630,1380,1749
3511,32000.848534588567,29520.23494276204,61521.08347735061,1.9839809184086548,7.280194170701298,0.5664578435790606,114025.41954513868,4856,3107,796,6364,878,1517
3512,31136.15472389097,30540.9522504448,61677.106974335766,1.917320012981869,7.096984466822818,0.5682134657738741,114433.20702879367,5477,2776,506,5710,1295,1754
3513,30808.9163764325,28311.192688291838,59120.10906472434,2.086516528171489,6.953487619553273,0.5665469289683802,113945.40203255338,6840,1507,412,5434,1075,2250
3514,32300.389879041228,29468.779690228137,61769.16956926936,2.210292948867906,7.457451399237633,0.5692215597635616,115256.72947414017,4338,4032,389,5726,1293,1740
3515,32221.55153534238,31219.331373682948,63440.88290902533,2.270695768712564,7.394374384459246,0.572220998278307,115445.28021883004,4478,4066,215,6110,1380,1269
3516,32165.75666170401,27923.358874154324,60089.115535858335,1.9087219291274138,6.9599741278223695,0.5687452003410135,115340.69947127858,6037,2116,606,4970,1608,2181
3517,33265.76138632617,28910.11063619046,62175.87202251663,2.1301789921298298,7.088097444496304,0.5687277491601005,114726.68739445308,4854,3339,566,5198,2058,1503
3518,33244.40443749826,27567.183288042394,60811.58772554065,2.350244277083006,6.821886673754082,0.568208858890254,114634.02804955443,6884,1476,399,5377,1873,1509
3519,32253.147263705545,26389.517693743273,58642.66495744882,2.4744750937593083,6.696195334310866,0.5670857534842153,114990.71489559837,5595,2363,801,4128,2052,2579
3520,31903.36512279473,29336.234237601264,61239.599360395994,2.835373970237237,7.252589280705152,0.5715643324682713,115836.66488704192,4449,4037,273,5355,1866,1538
3521,32171.547736872406,28833.059818103535,61004.60755497594,2.903821186358082,7.211509560181387,0.5696476408386083,115327.09698140473,5302,2876,581,5619,1268,1872
3522,31695.77608567016,29525.167786090147,61220.943871760304,2.465738968595094,7.014435796302387,0.5699746256899794,114584.94822075161,5697,2515,547,5725,1325,1709
3523,32421.281295113073,28130.245107836206,60551.52640294928,2.409637104392055,6.689672583979199,0.571190102654898,115396.62815014947,5637,2378,744,6011,1274,1474
3524,31882.238646074,29964.506040589982,61846.74468666398,2.5367324719440956,7.200803044871161,0.5756866224272008,116739.71939480033,2853,5425,481,5010,1939,1810
3525,31308.50179057878,30409.745813995123,61718.2476045739,2.683116574755577,7.266908225492341,0.5680549933132932,114445.95758528556,5113,2739,907,5624,1289,1846
3526,31514.78152027086,30391.347573600167,61906.12909387103,2.765827746288513,7.102955692897174,0.5714735408395953,115535.49897934958,4680,3405,674,6193,994,1572
3527,31928.442886806024,27842.18694565039,59770.62983245641,2.549267925535068,6.653943430601783,0.5698198153774188,115096.03651265071,5560,2577,622,5198,1647,1914
3528,32474.619948835883,27537.768656480122,60012.38860531601,2.6038639938225896,6.653650034867976,0.5752649816736363,116543.98237770902,5146,3430,183,4420,2500,1839
3529,33910.31408851179,30442.689281008006,64353.00336951979,2.466733953376858,7.350888318594999,0.5719766671396593,115137.33766149265,4612,3407,740,5861,2058,840
3530,30596.955697086323,29510.642577843544,60107.59827492987,2.085520693231165,7.134239213602399,0.5681120879511767,114446.30065996377,5197,3328,234,5896,1109,1754
3531,29840.88753263659,27081.416987282515,56922.304519919104,2.234665025604355,6.89940119022622,0.5653092920103036,113817.96795832382,6888,1456,415,4590,1036,3133
3532,31550.26371463406,29237.251162149416,60787.514876783476,2.269744541066159,7.4507306016306245,0.5703668095345434,115160.63321515753,4975,3349,435,5102,1770,1887
3533,34340.57698568172,28739.22533874284,63079.802324424556,2.572296665434377,6.485230170131108,0.5770228605750222,116580.24886297846,4779,3559,421,5197,2490,1072
3534,32596.586584670596,29199.94031838929,61796.52690305989,2.1392109404381436,7.0955265615209075,0.5742657316646591,115735.63929860524,5581,2676,502,5904,1823,1032
3535,30786.581161503695,29583.96503589696,60370.546197400654,1.7184462984596502,7.214585761214551,0.5671730844915335,114227.65924705494,5377,2740,642,5522,1250,1987
3536,30769.765666548123,29890.936114004937,60660.70178055306,2.181028273177563,6.741433030641063,0.572012837253577,115952.02756514782,4387,3474,898,4844,1752,2163
3537,32040.12257384998,27888.55103601826,59928.673609868245,2.1913463641659137,7.015748531515292,0.5726840401497623,116084.79097869195,5879,2456,424,4452,2129,2178
3538,30771.856784990283,27215.24581781111,57987.10260280139,2.1049610280975113,7.021679131223268,0.5670100401070004,114519.87070546401,6701,1670,388,4835,1315,2609
3539,31323.237407415516,28878.783604083434,60202.021011498946,2.346327537063318,7.234922647117577,0.5687113414704582,114393.10065624068,5934,2380,445,6049,920,1790
3540,32477.399596422456,29404.620107166855,61882.01970358931,2.547192676180767,7.349125984177131,0.5702413538508784,115440.1888447024,5814,2740,205,5501,1290,1968
3541,32300.996466036773,30862.112132067206,63163.10859810398,2.623188789133974,7.301598836988294,0.5662660416394737,114074.4934795912,4916,3221,622,6295,1047,1417
3542,32528.70663959303,26934.44413784018,59463.15077743321,2.411334802658556,6.396709269410075,0.5749740416884642,116204.03062377135,5848,2217,694,4562,2681,1516
3543,31849.02174884022,28177.819995796086,60026.8417446363,2.289854935907853,7.127791208139059,0.5721585120997805,115743.29908274475,4249,4014,496,5062,1438,2259
3544,32213.36649537353,27863.87266134166,60077.23915671519,2.461597927074404,6.8213629718131354,0.5726229684946227,115686.03395392525,5484,2921,354,4473,2109,2177
3545,31332.346347167295,29170.89943634358,60503.24578351088,2.1781001027414497,7.1333159579239105,0.5715649557345253,115501.88763772885,4619,3895,245,5471,1335,1953
3546,32666.611894654165,30751.18198135526,63417.793876009426,2.230650366460699,7.222912938565091,0.5704220378052898,115028.08704081892,4253,3883,623,6070,1478,1211
3547,32645.077779786963,27992.994001068368,60638.07178085533,2.135774662462946,7.166014838433656,0.5683879005856042,114455.94525021724,6343,1883,533,5064,1675,2020
3548,32177.3927831649,29881.42433209997,62058.81711526487,2.4638039448738285,7.4366499177764,0.5698033218130524,115320.88269453238,4781,3411,567,5658,1520,1581
3549,34057.71042700544,26772.989227952665,60830.69965495811,2.757000956714979,6.32152268825612,0.5737008715153704,115670.39577910467,5820,2387,552,4705,2388,1666
3550,31232.321642700874,31579.624856260234,62811.94649896111,2.0270826518016087,7.437435324543167,0.5714027967388892,115453.82950043438,3179,4976,604,6222,1398,1139
3551,33001.350815463884,29686.17045516231,62687.521270626195,2.642650273133753,7.211233694490827,0.5683687671280551,114781.57791812591,5877,2563,319,5127,1873,1759
3552,30815.202495561196,31243.043206925682,62058.24570248688,2.1497397614711824,6.997736656556084,0.5723916736942731,115569.0631343529,4950,3400,409,5495,1775,1489
3553,32579.168065700356,29919.169321968657,62498.33738766902,2.231797658826959,7.383014735713935,0.568038401354821,114605.25136488395,5470,3033,256,5378,1828,1553
3554,31876.416953029555,29865.381240600043,61741.7981936296,2.6152213445473254,7.440586781762813,0.5704723076402274,115457.6626719458,5533,3029,197,5333,1327,2099
3555,32474.96045919236,28495.931416155785,60970.89187534814,2.4780244372102076,7.159594532299397,0.5672446317790893,114113.88779325892,6478,2024,257,5603,1275,1881
3556,34423.68198308037,28099.24907299748,62522.931056077854,2.5677431314622425,6.863631704679651,0.5706329640466612,115441.78053898308,6100,2203,456,5527,1833,1399
3557,32508.625630478284,28834.902369470747,61343.52799994903,2.180513893551015,7.157119606166656,0.5686280921142125,114438.40758011986,5781,2451,527,5660,1313,1786
3558,33201.63506371443,30276.509572645187,63478.14463635962,2.172574723586538,7.179187802048975,0.5700184361396511,114610.27385694222,5087,2997,675,6261,1550,948
3559,31671.08372146589,30295.057006675102,61966.14072814099,2.236810211065632,7.051318004727657,0.5706324181214043,115181.23131615695,5251,2915,593,5410,1762,1587
3560,33033.2836378727,27739.06091588846,60772.34455376116,2.6485849350329578,7.033936340075947,0.5707604272872046,115740.11976616937,5556,2830,373,5194,1986,1579
3561,34274.833292988595,30507.497616894023,64782.330909882614,2.5869882332355494,7.551771180081413,0.5684580198850837,114377.20300012094,4619,3830,310,6153,1497,1109
3562,31004.412087509932,30167.290893092282,61171.70298060222,2.013085143027938,6.870948994486792,0.5746384691709919,115951.91347521232,3560,4861,338,5604,1436,1719
3563,32136.085852459248,28117.761521435277,60253.847373894525,1.7364376851057652,6.896638928179281,0.568297920944069,114535.11444356536,7092,1362,305,5217,1522,2020
3564,33477.153431069855,30330.106999642147,63807.260430712005,2.527084727836796,7.341649086953167,0.5679293268379083,114166.27121700827,5258,3115,386,6577,1084,1098
3565,32775.83171563326,28005.819965480434,60781.6516811137,2.402640608650724,6.7774710445266555,0.5657290659397878,114124.38845675462,6942,1513,304,5375,1361,2023
3566,33316.1416359529,28481.02271661651,61797.16435256941,2.1437989824711137,7.005525047127636,0.5682808416549738,114897.6761043359,5264,3239,256,6215,1264,1280
3567,32095.639414121026,29302.685946300553,61398.32536042158,2.257816866158715,7.147590562255236,0.5692205271246437,115247.27547428531,4637,3608,514,6098,944,1717
3568,32220.86415166808,29159.869674190595,61380.733825858675,2.5980376508263454,7.238280488405738,0.5648040702959981,114258.58592541768,5642,2717,400,5639,1367,1753
3569,31733.240196248487,30351.736886720402,62084.97708296889,2.84521183234954,7.471203319832236,0.5711130307748696,115231.5726276565,5073,3068,618,5462,1734,1563
3570,31686.84249574721,28377.78778228523,60064.63027803244,2.823033695711391,7.102109001801871,0.5662564816724902,114178.87224260408,6558,1987,214,5630,1213,1916
3571,31644.618918035885,27981.00587025965,59625.624788295536,1.8763617454900954,7.215753393296263,0.5720527500008754,115564.30300412918,5111,3345,303,5001,1894,1864
3572,31441.76558119191,30173.420379461677,61615.18596065359,2.8197900814915924,7.474649496313428,0.5679181043091114,114337.40877156975,4681,3531,547,6124,1133,1502
3573,30810.113934948764,30339.310815342746,61149.42475029151,2.186310296939056,7.410647913090076,0.5684602814025947,114953.54322268176,4607,3530,622,5637,972,2150
3574,32881.87017025389,28659.585627754004,61541.4557980079,2.2092142906729926,6.770378680269128,0.5672516350607723,114516.45166395417,4814,3256,689,5711,1549,1499
3575,32758.6885323211,27518.55822994485,60277.246762265946,1.9522146413700008,6.418956511029643,0.5775546921364636,116252.3707555483,5689,2416,654,4271,2815,1673
3576,34158.40976573488,26967.532516316496,61125.94228205138,2.2571806263347307,6.7986805485722925,0.5738314778694111,116201.70073453816,5662,2739,358,5179,2027,1553
3577,31423.570259202665,28242.968749958403,59666.53900916107,2.036457029019083,7.105370442858521,0.5690067717926424,114576.58212671574,5283,2807,669,5578,1295,1886
3578,31440.34220398895,28040.76750865621,59481.10971264516,1.8951002245019692,7.129700636912063,0.5689306233485841,114660.13202661365,4730,3592,437,5547,976,2236
3579,30619.947638656307,28549.413330045874,59169.36096870218,2.4921112153055893,7.210490504789008,0.5672562068217355,114285.48866793788,6055,2332,372,5314,971,2474
3580,30029.12020208481,28263.70901256117,58292.82921464598,2.1215252377281186,7.004114348679323,0.5658363500880237,114117.73616995962,6409,2095,255,5294,942,2523
3581,30917.252535447526,26632.87390687936,57550.12644232689,1.533466964232466,6.762303960224443,0.5705313221932301,115737.15462011073,5552,2891,316,4655,1869,2235
3582,31681.353805090792,28755.213352702936,60436.56715779373,2.48744319123844,7.012942191393788,0.5704070000658213,115739.25724004857,5252,2836,671,4870,1728,2161
3583,32049.916785420963,29040.480292332126,61090.39707775309,2.1445441964216467,7.475822204374051,0.5687674125983387,115061.56371688485,4624,3628,507,5800,1216,1743
3584,29692.172765656556,27782.356909444537,57474.52967510109,2.0524393945254986,6.596008126478712,0.5729078614052502,116087.1009997674,5213,3004,542,4659,1322,2778
3585,30267.912216273282,29163.36029610225,59431.27251237554,1.7888010871370883,6.77449608733343,0.5727063072604858,116159.49594376463,3480,4545,734,4808,2022,1929
3586,31906.577833582796,26593.369377598792,58499.947211181585,2.0080433135428817,6.027274163312731,0.5748545541677492,116019.32049924337,5957,2391,411,3845,2529,2385
3587,31987.41527023103,26994.01529999169,58981.43057022272,2.179765304056215,7.009742129901272,0.5723175484596547,115378.1136693454,7082,1396,281,4522,1978,2259
3588,33272.31723223666,28760.849792647034,62033.16702488369,2.634303576785594,7.142843461754749,0.5680800317516449,114724.7167552545,5976,2225,558,6099,835,1825
3589,31492.95109430023,27203.686155580013,58696.637249880245,2.644508725401277,7.085330390017962,0.5677034884297892,114490.31134285004,7079,1112,568,4597,1646,2516
3590,31945.661859649,27789.6950280148,59735.3568876638,2.719125239841523,6.94579094356187,0.5695348799440888,114963.09187415527,5883,2384,492,4859,1781,2119
3591,33466.07186703976,29388.394011784803,62854.465878824565,2.9093702002416153,7.027881566355651,0.5680700488807376,114590.50116254119,5121,3399,239,5894,1730,1135
3592,33404.97040198255,30230.648215872734,63635.61861785529,2.6650504466484484,7.162253517720249,0.5722965752913902,115604.03330954327,4532,3608,619,6270,1415,1074
3593,31860.20639894141,27832.52482592189,59692.731224863295,2.3058290047728507,7.079503682136659,0.5688787158411619,114761.99763172152,6704,1890,165,4986,1549,2224
3594,32953.67977181446,27161.154138087062,60114.83390990152,2.471681141817667,6.609856961235618,0.5697150120446319,115194.46251746998,5357,2922,480,5606,1340,1813
3595,31972.28712209719,27878.769840121768,59851.05696221896,2.5763166404170543,6.732665695952658,0.5743070620155284,116249.37370272006,4730,3751,278,4879,1847,2033
3596,32547.33355026047,28580.768551942587,61128.10210220306,2.852531852679161,7.0348062656207615,0.5698257760270641,115401.11820199853,4698,3620,441,5751,1501,1507
3597,31475.044547747973,30503.391126524588,61978.435674272565,2.2177077319786362,7.387634259049709,0.5662461515649255,114273.61647744094,4781,3555,423,6371,1013,1375
3598,32843.498179656235,28209.02703378882,61052.52521344506,2.199315307276927,7.15593667033457,0.5692184857682935,115103.74118701469,5564,2811,384,5482,1478,1799
3599,32190.506793497545,28526.797554587665,60717.30434808521,2.5515212351456644,6.848449549229611,0.5694472309699583,115024.37537160573,4688,3647,424,5600,1725,1434
3600,33876.1876727694,25979.83237179886,59856.020044568264,2.6713315535832804,6.668344699552457,0.566224363705049,114466.35790767409,6577,1904,278,5259,1682,1818
3601,33886.87440260142,27644.768363340474,61531.64276594189,2.4338210046509277,6.463249854421841,0.5743385780671948,116463.87846302944,5170,3108,481,4706,2587,1466
3602,32134.512812656158,27704.340563610203,59838.85337626636,2.1179167460232264,6.215091171646282,0.5738788696809205,115858.39116953801,5083,3087,589,5343,1669,1747
3603,29592.369650773715,28616.429250587287,58208.798901361006,2.2574570381887082,7.146720698912293,0.5733799281708385,115500.74991054666,4936,3399,424,4695,1727,2337
3604,33258.03262610305,28774.36546407728,62032.39809018033,2.5406531107931216,7.464881356225586,0.5687003424943305,114598.65004750923,6157,2180,422,5370,1712,1677
3605,31542.966836148527,30289.167488418294,61832.134324566825,2.249361158660063,7.0246920143480365,0.5712385225716917,114775.16643478355,5531,2747,481,5380,1480,1899
3606,32078.706256599802,30812.656799004282,62891.36305560409,2.290537088213733,6.95506382108547,0.5703990052634466,114887.49086562394,4030,4391,338,5488,1543,1728
3607,30336.836673984766,29809.826951844934,60146.6636258297,2.2770880258960497,7.462067648412296,0.5653202205240949,113786.892535294,6032,2128,599,5886,663,2210
3608,33061.84260986257,29006.8375266334,62068.68013649597,2.3202055964643993,7.18415864738681,0.5692938425998635,114974.33418067508,5124,2861,774,5773,1215,1771
3609,31384.07117927409,29189.902883821833,60573.97406309593,2.517396081632185,7.306425174736844,0.5718864858164571,115681.36097945207,4830,3389,540,5136,1530,2093
3610,31303.896559828412,29421.09891397541,60724.99547380382,2.04874131390213,7.422620633816218,0.5669926900277136,114667.51502282862,4451,3840,468,5507,1159,2093
3611,31437.358021607706,30344.625567905983,61781.98358951369,2.429539672291495,7.688621944262327,0.5653330403548195,113951.65640406274,5259,3194,306,6446,598,1715
3612,33225.50395830688,29462.811607047162,62688.315565354045,2.3863315325124357,7.358205553915972,0.5684181555459081,114808.53147047141,4627,3783,349,6230,786,1743
3613,32035.52877787589,28109.72735446755,60145.25613234344,2.8142701443318483,7.162604876701312,0.5699941709820796,115277.44605277995,5168,3118,473,5513,1371,1875
3614,32863.78960169511,31020.016341787054,63883.80594348216,2.5166928032303577,7.130609479284619,0.5718228456121244,115562.6326653055,4787,3363,609,6150,1615,994
3615,32278.034667517393,28027.233589337928,60305.26825685532,2.2210240298869417,7.0381269693904915,0.5748117322477788,116227.67003648303,5082,3265,412,4888,2104,1767
3616,31974.07700718365,28821.220799795847,60795.29780697949,2.2241699708409217,6.977872971034791,0.5730396048505741,115897.71151961022,4848,3581,330,5117,1887,1755
3617,31844.203083749417,30828.013789471657,62672.21687322107,1.954047709576961,7.3941956898855725,0.5679477616995982,114286.96937591865,5317,3089,353,5930,1087,1742
3618,31285.735340295934,26599.077455776747,57884.812796072685,2.4456915415741203,6.713871642555797,0.5643205806265864,114049.03494096361,6877,1515,367,5119,981,2659
3619,31112.13347548361,28719.13813009214,59831.27160557575,2.5243431313385494,7.3496146095951085,0.5709988453791264,115840.22311262846,4233,3732,794,5212,1594,1953
3620,30811.186431478498,29011.56889711256,59822.755328591054,2.5987618887143795,7.569105519262987,0.56789606765934,114929.64033764102,4452,3554,753,5326,1040,2393
3621,30227.87720175109,28280.527424431635,58508.404626182724,2.1293012506625426,7.087964277168168,0.5671933581742555,114346.79326191037,5467,2883,409,5185,1043,2531
3622,30937.78637912777,28933.75388617301,59871.54026530078,2.1871396601999575,7.080324836132894,0.5664940525817536,114136.46154942941,5212,3039,508,5817,967,1975
3623,33643.932492572676,27325.735575691684,60969.668068264364,2.6056909632340375,6.903187687988314,0.5699588208097585,115235.67679740016,6449,1756,554,4956,1828,1975
3624,31181.125971094014,28058.184073922657,59239.31004501667,2.678629065448467,6.884999562293087,0.5661745756221771,114165.28312522038,5371,2745,643,5192,1190,2377
3625,30397.031731315485,31021.111219029895,61418.142950345384,2.3815322021644687,7.282437855633881,0.5658005745038565,114001.07666009919,4853,3404,502,6128,770,1861
3626,34718.59809052191,27534.55413211572,62253.15222263763,2.110535972490337,6.391638116440025,0.5745516149494039,116076.61606602593,5058,3027,674,5510,2243,1006
3627,31437.330066191593,27791.27501492738,59228.60508111898,2.3919991642334555,7.065587803492443,0.5709779210890807,115107.23838744254,5313,3163,283,4570,2520,1669
3628,31181.808759149248,27497.176228226,58678.98498737525,1.9589178422089715,6.789272378430966,0.5665201818381603,114283.686725785,6167,2181,411,4829,1459,2471
3629,31572.815198544868,26730.819404240417,58303.634602785285,2.387265376618642,6.388552300834247,0.5672636984309456,115103.4900891581,4667,3343,749,5454,1088,2217
3630,29331.426218967285,26636.426851727585,55967.853070694866,1.9151089044449834,6.655060627092272,0.5720564848372927,116144.96674287383,5888,2605,266,3917,1866,2976
3631,28693.65323000639,27597.111845933607,56290.76507594,1.7561706652608713,6.794850074863643,0.5666936883338702,114486.34119055752,5380,3133,246,4748,1278,2733
3632,30398.30798881759,31424.959025766864,61823.26701458445,1.7026433260042466,7.3660148685231395,0.5689159232387893,114562.44961289389,4648,3866,245,6545,862,1352
3633,32760.215635607707,28615.307832440612,61375.52346804832,1.5433650479949204,6.423152825216928,0.5742276226669473,115684.26015467974,5445,2698,616,4833,2192,1734
3634,33512.954530840405,27782.651821417076,61295.606352257484,1.8511104161264538,6.76084853908071,0.5693609223128281,115066.36724733135,5819,2456,484,5371,1832,1556
3635,30852.335950781107,28311.409076004464,59163.745026785575,1.884408861032632,6.799219307455433,0.5715597257398332,115520.56600459454,4978,3164,617,4922,1933,1904
3636,33538.6483188963,27728.07985115176,61266.72817004807,2.191554292327684,6.961314742561261,0.5740454759492905,115988.44703312621,4293,4198,268,4727,2495,1537
3637,33155.71646582703,29874.15025507517,63029.866720902195,2.298974592582441,7.396137189529265,0.5706305989283283,115305.25390536858,5089,3153,517,5704,1670,1385
3638,31759.928575786984,31555.15953098241,63315.0881067694,2.3339510919195248,7.449884297629147,0.5664569225231577,114021.05221097812,4938,3236,585,6750,758,1251
3639,32522.219444507286,27635.61955459785,60157.83899910514,2.5428878188084267,7.075956034946485,0.569003277097353,114683.36614192746,7068,1418,273,5549,1412,1798
3640,31948.41152268282,28046.34336852931,59994.75489121213,2.4103552580380656,7.2156577904995585,0.5654797070423019,114076.54764673195,6616,1328,815,5347,1003,2409
3641,31149.293502101667,28527.57392392461,59676.86742602628,2.1694359720410104,6.962989702624543,0.5669234183707229,114166.44092901624,6381,1921,457,5655,1203,1901
3642,32282.603611307604,27986.61830172603,60269.22191303363,2.0589110461430393,6.954218855144121,0.5707869401044476,115717.00864559048,5251,3050,458,4848,1768,2143
3643,31620.038816000044,28141.66574169768,59761.704557697725,2.174521496443226,6.598446584974927,0.5694679944490624,115308.32056533512,4876,3221,662,4965,1392,2402
3644,32438.007437601555,27851.62861410827,60289.63605170982,2.7628754750754956,6.696499871992888,0.5679193331966289,114603.2272230247,5533,2395,831,5523,1466,1770
3645,31558.13299381735,29034.904758231864,60593.03775204922,2.300267596003773,7.001349248516694,0.5729082658003108,115820.01697038926,5061,3185,513,4807,1873,2079
3646,31103.50551501238,27947.801394222617,59051.306909235,2.052653084180968,6.907129642066051,0.567081067812814,114544.89841442175,4969,2999,791,5322,1402,2035
3647,30575.81123052194,27756.94720773286,58332.7584382548,2.2732672728652727,7.234814133256648,0.5668612717115901,114336.56939824071,6994,1358,407,5009,1315,2435
3648,31904.90468560544,27458.86330387079,59363.767989476226,2.3065508430299504,6.63880350163879,0.569881836824238,114920.53978259853,6223,1857,679,5315,1272,2172
3649,31764.224141573115,29398.505990330388,61162.7301319035,1.9824455163083434,7.091829652881278,0.5725961807779026,115334.37771242931,4404,4009,346,5843,1373,1543
3650,33015.97073745927,28902.81869955941,61918.789437018684,2.4575512610090957,7.224013198964899,0.569143912715324,114981.60968376487,4914,3499,346,5931,1194,1634
3651,32224.490411923325,30365.676686019557,62590.16709794288,2.155164829928122,7.054462749206361,0.5729238649845497,115623.34704172614,3650,4548,561,5912,1320,1527
3652,31757.89481398064,28989.001104809257,60746.8959187899,2.2255597643019276,6.955191766994681,0.5690960011710909,115030.38360896724,4098,3991,670,5416,1368,1975
3653,32186.601131441003,31894.25916519622,64080.86029663723,2.3561792886403214,7.558116142645486,0.5692812043575297,114505.33191288551,3891,4114,754,6236,1041,1482
3654,33962.056753928824,28439.360425786745,62401.41717971557,2.5033596967323315,7.4704033139588395,0.5711975225794811,115557.36488782268,5572,2536,651,5360,1585,1814
3655,32537.65562418226,28762.46810165785,61300.12372584011,2.330538041776895,7.0325359164669825,0.567640843362507,114619.87463481355,5894,2442,423,5039,1673,2047
3656,32448.032964269954,27289.493736366836,59737.526700636794,1.970503469971277,6.677273578427249,0.570732123176301,115284.27485104905,5557,2780,422,4425,2363,1971
3657,33001.66022986791,31628.454106544104,64630.11433641202,2.2535103867939372,6.896510090114576,0.5788033463120339,116902.13351168345,3185,5128,446,6147,1913,699
3658,32640.731212243216,31125.343214325167,63766.07442656838,1.96165792388574,7.119490260148183,0.5730332671680959,115479.00624550632,4160,3691,908,6214,1344,1201
3659,33023.71737454407,28674.75171175196,61698.46908629603,2.146406333334775,7.090605985188499,0.5688793074670827,115084.47027051945,5556,2524,679,5053,1914,1792
3660,32883.66074412053,27710.684469367716,60594.34521348824,2.457939476585385,7.089908407905895,0.5660428947667276,114002.07956489592,6466,1689,604,5903,1144,1712
3661,32707.890102009384,30892.964450069314,63600.8545520787,2.115205288656146,7.602821359128191,0.5704983441210579,114763.60495390269,4243,3894,622,6692,896,1171
3662,33871.489822707284,29131.872993258778,63003.36281596606,2.1099092173714373,6.932427324373133,0.5673948237097091,114362.65306880866,4794,3226,739,6125,1701,933
3663,31278.627843643797,27333.68625247846,58612.31409612225,2.3082882454357723,7.053789929742292,0.5677611809467832,114612.92696180819,5428,2858,473,4945,1617,2197
3664,31431.615487679803,29442.131894926326,60873.74738260613,1.8894581381379316,7.185161519282058,0.5702950642973765,115191.31942254971,5111,3098,550,5197,1865,1697
3665,32270.07931495855,29131.54902954664,61401.628344505196,2.34203552765875,7.212856761526135,0.5689266911526258,114946.50200062756,4669,3644,446,5921,1078,1760
3666,32187.65820448959,27510.82775732976,59698.48596181935,2.221394086166984,7.0581834423446255,0.5675888800889386,114460.0849256081,6418,1924,417,5317,1694,1748
3667,30570.510108693,28198.71452326468,58769.22463195768,2.2067415727127746,7.091315149407234,0.5660249346464119,114765.04384576458,5908,2003,848,5476,687,2596
3668,32069.01379133852,30246.973535892575,62315.987327231094,2.2127263972941247,7.245218509296906,0.565973673758046,114024.86960498228,5329,3026,404,6376,830,1553
3669,33383.5604568909,26694.52244846475,60078.08290535565,1.9428354758648665,7.069774904552867,0.5713923981051751,115537.66021282045,5530,2685,544,5271,1774,1714
3670,32369.698296834467,32605.601494261664,64975.29979109613,2.617633334747068,7.593307299439344,0.5693387351316578,114446.64472554918,3624,4449,686,6991,875,893
3671,31766.882784558955,29774.841537729684,61541.72432228864,2.0091139301119725,7.101496362272368,0.5687431795609871,114919.88044257276,4731,3456,572,6344,1089,1326
3672,31439.022709358895,28623.231301212654,60062.254010571545,2.170801176744918,6.5825621351826555,0.5716598581298391,115003.63675411708,4814,3360,585,5236,1628,1895
3673,32131.746935577266,28332.325575200583,60464.07251077785,2.763257989006229,6.607009348192271,0.5725686074339467,115314.5225269457,4645,3452,662,5145,1605,2009
3674,32211.672016217333,29284.63257349201,61496.30458970934,2.802387376457628,6.935247991851955,0.5698414737349118,114502.44547544279,4987,3474,298,5638,1403,1718
3675,32192.215252456957,29368.684723045917,61560.89997550288,2.2754279587292277,7.112506460364697,0.5687712110895925,114644.0327200818,5677,2830,252,5743,1523,1493
3676,30110.245262517485,27572.30210117321,57682.5473636907,2.4652374367701904,6.975438108007828,0.5658019716463983,114305.64487243649,5168,2962,629,5142,942,2675
3677,30599.334203962637,31037.54430143515,61636.87850539779,2.0492813448222105,7.095421373772679,0.5686797478188472,114580.78716643243,4481,3695,583,5774,1218,1767
3678,33696.06697157547,27677.268203366963,61373.33517494243,2.516796482020148,6.673976388052762,0.5682886509550775,115012.9942814275,6882,1665,212,4828,2056,1875
3679,32812.959687137525,27309.581478579486,60122.54116571701,2.563784302871016,6.722844871475206,0.5678629889026389,115317.62224548524,6396,1962,401,4643,1964,2152
3680,31435.149316156163,30165.814725682925,61600.96404183909,2.204475965180332,7.2404538659267095,0.5689488709169165,115433.48203153661,5041,3558,160,5477,1502,1780
3681,31416.687593205315,28421.71813929778,59838.405732503095,1.6320720616096662,6.953318606608975,0.5676026997808504,115008.18901416722,5588,2974,197,5514,1096,2149
3682,31689.488569819427,28990.521555895306,60680.01012571473,2.1022949042562122,7.255026889974531,0.5676211614529875,114358.99738267498,5061,3136,562,5619,1124,2016
3683,31091.449111760096,27897.27290641589,58988.722018175984,2.142563833564552,6.751678177273295,0.5668482820516626,114221.98333222161,6168,2194,397,5387,855,2517
3684,30159.025484294612,28259.46367127464,58418.48915556925,2.1482032470230545,6.948496646004436,0.5666015831363108,114359.30502915094,5326,3001,432,5092,1104,2563
3685,31042.064540862913,29879.963056195305,60922.027597058215,2.5775221523718503,7.066770942623767,0.5701574683316906,115325.99553844437,4585,3766,408,5521,1162,2076
3686,32413.711085143055,29375.35436082461,61789.065445967666,2.297157307832304,7.22518383625496,0.5711908472942557,115526.51928664884,4762,3512,485,5377,1666,1716
3687,33195.817475170115,29580.09183677291,62775.909311943025,2.5679609390483384,6.9948730554081,0.5684498523354085,114882.35311607525,4599,3412,748,5782,1440,1537
3688,34488.45339094149,29992.041448799922,64480.49483974141,2.4199247561704547,7.034514732506244,0.5691106809673312,114977.71824328447,5218,2868,673,5958,1620,1181
3689,31097.387658437423,27601.527160578364,58698.91481901579,2.2384339504639295,6.877679212449166,0.5645690805489814,113919.47942474631,6813,1769,177,4830,1146,2783
3690,32118.358210828603,26933.380248281148,59051.73845910975,2.416061615390346,6.873301303790154,0.5684440769819239,114673.09761855278,7487,1117,155,4287,2156,2316
3691,33726.848947616985,29305.54259848231,63032.391546099294,2.412188977596829,7.227332147427554,0.5715847502037966,115440.49605114119,4670,3367,722,5513,1886,1360
3692,32303.747656350482,29267.059669442846,61570.80732579333,1.8694448455291965,6.744786985691123,0.5718290064718612,115036.7645261574,5612,2757,390,5391,1658,1710
3693,33491.350431736646,28525.423281395182,62016.77371313183,2.5874924997251663,7.027808181239382,0.5693810474264185,114861.68428726033,5595,2515,649,5749,1573,1437
3694,31973.396026948165,26910.717107558557,58884.113134506726,2.224442669741477,6.888496269448806,0.5700800562112824,115382.58469707593,6188,2074,497,4593,1855,2311
3695,30994.069494291496,30508.445776295473,61502.51527058697,2.0106904265604064,7.317879503978421,0.5669536476765927,114131.08178243398,4445,3824,490,5743,1002,2014
3696,32889.25799968309,30061.400352721157,62950.65835240425,2.596701702391336,7.35671929201913,0.5665148473848467,114075.89410020328,5904,2456,399,5991,915,1853
3697,32424.4667690138,29992.375939488462,62416.84270850226,2.6483890772817693,7.1776746459898595,0.5680543978008923,114983.46157684547,4834,3460,465,6189,1220,1350
3698,32699.24357845078,32236.36588419058,64935.60946264136,2.5174714235104405,7.3494784226334025,0.5685352909386445,115113.73722980634,3700,4349,710,6915,1014,830
3699,34136.39799286505,29288.25337804871,63424.651370913765,2.679571491910487,7.398218881490997,0.5693657277262585,114814.82016293597,4730,3448,581,5562,1881,1316
3700,31064.0209226844,29525.890321366333,60589.91124405073,2.4451812260592702,7.298865538793615,0.5678737653743774,114988.61205308727,4502,3787,470,5461,977,2321
3701,29966.10960025275,30241.095692737443,60207.20529299019,2.539921113035048,7.567045910148815,0.5681676600669128,114934.39717391637,3643,4146,970,6021,818,1920
3702,33268.178933205454,29531.02884121119,62799.207774416645,2.8498844509710075,7.448669797903331,0.5705114775321358,115344.77220455882,4795,3458,506,5828,1413,1518
3703,32076.231549969354,28065.855415907332,60142.08696587669,2.150269566806465,6.527300370890164,0.5731475712048968,116205.2318827345,4446,3385,928,4314,2178,2267
3704,32596.442065611758,30526.25987450747,63122.70194011922,2.761173176104887,7.2526094788744615,0.5715656388041424,114966.30324068306,4864,3119,776,5639,1550,1570
3705,31056.830377838058,28838.41378110437,59895.24415894243,2.0994952619909593,7.122545433836901,0.5701709201133696,115404.82714716338,4743,3520,496,5511,1342,1906
3706,30015.153400016283,28617.9085111689,58633.061911185185,2.2677354038683237,7.184463109050855,0.5681222609465116,114315.64611658579,6253,2074,432,4810,1501,2448
3707,32901.72450520223,31342.686453966035,64244.410959168265,2.3533329996467245,7.2312872263822925,0.5669883537118794,114239.05474078767,5561,2589,609,6172,933,1654
3708,33331.8229129493,27154.293201205437,60486.116114154735,2.4587265785179984,6.7510884188974964,0.5721660880824563,115645.47853322148,6256,2281,222,4974,2329,1456
3709,31989.347453627197,28410.325754457503,60399.6732080847,2.372360678208748,6.959883089769372,0.5710718159895596,115986.56735140787,4523,3788,448,4838,1880,2041
3710,34319.332087404786,29722.231292164048,64041.56337956883,2.4690751758760787,7.411468981418858,0.5700591158051849,115562.14671218186,4682,3728,349,6317,1389,1053
3711,34508.319169140195,26499.01941070443,61007.338579844625,2.536117114078466,6.540934194308693,0.5660308881112863,114297.33009878255,7250,1212,297,5670,1652,1437
3712,32791.581318436176,29721.34807366565,62512.929392101825,2.604707485111851,7.318482693119267,0.5720712720130099,115507.01737352449,5430,3057,272,5698,1689,1372
3713,35202.16544728485,28128.70619722028,63330.87164450513,2.856331533265256,6.853399016766902,0.569696372598505,114803.18536785868,5782,2342,635,5249,1953,1557
3714,32000.70840414543,29497.43674994795,61498.14515409338,2.712929881643592,7.321443902924363,0.5710610130193794,115615.99051841881,4889,3404,466,5201,1695,1863
3715,34764.57399848648,31617.69322653313,66382.2672250196,2.694366341910339,7.385377962867116,0.5679212316081933,114192.81932968313,4329,3975,455,6853,1308,598
3716,31438.758116413064,28578.378634148507,60017.13675056157,2.3529877665815864,6.6804479110688435,0.5681802813247575,115151.27215242868,4434,3831,494,5533,1005,2221
3717,31040.002666916796,30259.572960132336,61299.57562704913,2.6368255912997736,7.432363767049964,0.5659741587162687,114060.67656466087,5392,2819,548,5673,839,2247
3718,33385.415334027,28120.817679663614,61506.23301369061,2.539611771945733,7.170195420063699,0.5664117066720732,113881.54189570421,6779,1514,466,5708,1003,2048
3719,30860.228219951245,31486.54817723758,62346.77639718882,1.8649926675616533,7.1675952762017205,0.5706185340398753,115269.70631909063,3869,4376,514,6261,807,1691
3720,32672.957145629276,28340.944575075588,61013.90172070486,2.368362462948239,6.94080152649931,0.5694118187714461,115146.36265388624,5667,2649,443,4839,2063,1857
3721,30342.971663877826,27953.565149661776,58296.5368135396,2.0932200721813863,7.185837170163063,0.568597314441095,115816.56477859434,4642,3644,473,4268,1472,3019
3722,31199.758170135403,32465.986920555795,63665.7450906912,2.412031362177889,7.541330183344707,0.5701683551904173,115450.19492399317,3741,4306,712,6304,1174,1281
3723,31933.785539965913,29120.99223962311,61054.77777958902,2.3694500319513305,7.145069649943922,0.5692172965137775,115208.81758662603,5427,2988,344,5896,1132,1731
3724,32390.575500081366,29074.310324701524,61464.88582478289,2.2033934271606013,7.13819921054678,0.5709828034518555,115369.62835488173,5712,2624,423,5407,1421,1931
3725,32090.184063881792,27706.84184427796,59797.02590815975,2.4491085957469734,7.144147252898099,0.5674069584153155,114382.43457861306,5561,2683,515,4761,1372,2626
3726,31284.05795657051,31002.61977568617,62286.67773225668,2.0952598316436055,7.284615809218684,0.5683065127109266,114424.98672673333,3739,4359,661,6792,745,1222
3727,30479.17270312992,27705.453297507946,58184.626000637865,2.0709587662323274,6.827282271878004,0.5702058527731462,115033.60162062608,5814,2427,518,4712,1576,2471
3728,30764.975321940674,26591.558369048493,57356.53369098916,2.163129321007651,6.6405679041807915,0.5682893582459513,114860.02074864162,6654,1793,312,4316,1620,2823
3729,33120.151131377475,27689.125462046533,60809.27659342401,2.486280494408164,6.909441890696567,0.5668561036032228,114420.94869967246,5973,2277,509,5043,1434,2282
3730,31338.308268859913,27441.82307185774,58780.13134071765,1.7738237246927355,6.878034678472126,0.5663418780136389,114094.69172968356,5294,3094,371,5405,1007,2347
3731,32635.132781160006,30692.271838887984,63327.40462004799,2.618734883645749,7.294998291190012,0.5695527121325404,114634.37374558652,4893,3607,259,6194,1185,1380
3732,32152.235455023878,28610.837594242832,60763.073049266706,1.9511467106635374,7.206038667453438,0.5675921091794119,115031.81193282339,5130,3294,335,5913,1070,1776
3733,34485.093630929354,29530.363579324865,64015.457210254215,2.3762513100684077,6.907571240784031,0.574895499826986,116198.96690216858,3843,4021,895,5758,1819,1182
3734,33235.1256661411,29873.64512761436,63108.770793755466,2.547901996498795,7.112240895226957,0.5696982118332192,114749.78112149128,5406,2752,601,5633,1887,1239
3735,32896.47875805266,31856.62986916219,64753.10862721485,2.276296038829991,7.296348999343101,0.5683847281967187,114914.42232139313,4599,3645,515,6615,667,1477
3736,30581.68065077663,28850.65585810661,59432.336508883236,1.590326926740664,7.067728838879151,0.5697244614955539,115148.03937734292,5605,2706,448,5386,1069,2304
3737,31319.878437627016,30842.188652813948,62162.06709044096,1.4957080000784078,7.330528646180163,0.5702898526694083,115202.88457082759,4482,3857,420,6575,837,1347
3738,31999.678567905245,30902.33715715188,62902.01572505712,1.4095576674245567,7.302952584386053,0.566898119404066,114109.51637618395,5219,3156,384,6548,863,1348
3739,31844.730990490927,29188.356377506927,61033.087367997854,1.9344894680115403,6.9902832976091585,0.5693287565877718,114618.87384391061,5325,3117,317,5660,1508,1591
3740,32751.459267594048,28739.29683739766,61490.756104991706,2.4895571957063294,7.104854062422357,0.5683342012114655,114363.0031254898,5276,2927,556,5715,1099,1945
3741,30853.47522614414,29352.305277830368,60205.78050397451,1.9751424125076424,7.08883093892903,0.5692509552719096,114769.64988241153,4757,3462,540,4943,1826,1990
3742,35415.80657138148,28635.36548436477,64051.172055746254,2.435075240328752,6.797705918230195,0.5732772834435202,115668.8657272003,5090,2933,736,5382,2100,1277
3743,34160.17122795738,28616.521622302087,62776.69285025947,2.439448254047817,6.544116271177849,0.571486948808121,115464.75018508016,5336,2675,748,5334,2356,1069
3744,32656.25902031112,29790.263485514013,62446.52250582514,2.4100603075383544,6.740277051918282,0.5712518208673016,115126.62693963424,4487,3370,902,5376,1781,1602
3745,32202.990053894027,28225.736179759948,60428.72623365397,2.4015406214155077,6.722284295383245,0.5686497531297834,114284.01452986115,6436,1856,467,5193,1348,2218
3746,31625.726778491065,29770.156744254007,61395.883522745076,2.1431949051336887,6.796982055749999,0.5684512789365769,114640.58296539284,5833,2719,207,5480,1477,1802
3747,31422.546570285624,30073.31478688322,61495.86135716885,1.8995386288409808,6.993914320322151,0.5737030934735695,116355.39426924163,3442,4949,368,5445,1469,1845
3748,31498.671365261995,26732.326558798042,58230.99792406004,2.5776998974221845,6.3874972406246435,0.5673506773261482,114601.95859488247,6588,1700,471,4246,1956,2557
3749,32896.02766062967,28149.342047681086,61045.369708310755,2.5156530633159795,6.724922857620104,0.5725505356619306,116586.43478118945,4075,3917,767,4558,2514,1687
3750,33464.421697382546,30902.51485468746,64366.93655207001,2.5007800914223477,6.974130132333449,0.5702278183186834,114828.3775562504,4476,3872,411,6427,1586,746
3751,32817.25764918178,28446.641100832963,61263.89875001475,2.428370605244057,6.625839302096307,0.5707034527812401,115385.1571117241,5269,3267,223,5545,1605,1609
3752,31984.80147131583,28445.060646122292,60429.862117438126,2.425088263403358,6.607278420898799,0.5690088243861451,114915.86867573665,5215,3027,517,5335,1536,1888
3753,31369.439184763898,29148.479844251528,60517.91902901542,2.2588956403594938,7.153078507635355,0.5657553116598357,114219.03521640075,5496,2768,495,5793,879,2087
3754,32281.948949107187,30855.825380333743,63137.77432944093,2.311026478895961,7.216790508156408,0.5664455642070754,114187.79834267161,4661,3961,137,6220,997,1542
3755,32876.59408015095,28590.72276562173,61467.31684577268,2.2078401491493875,7.070543336588121,0.5649621663841581,113788.50065607298,5842,2783,134,5900,865,1994
3756,31860.432957340625,30904.087418553092,62764.52037589371,2.195417070995064,7.154468104852344,0.5698896931194349,114945.71945541298,4691,3637,431,5883,1349,1527
3757,32210.097536881396,28097.20259084983,60307.30012773123,1.9998424988622447,6.7927268245718695,0.5653006336227901,113961.6948590074,6756,1770,233,5721,882,2156
3758,31511.276629432567,28839.0710672987,60350.34769673127,2.274404818056726,7.192444982371827,0.5650252219504854,113949.3813825998,6111,2359,289,5689,822,2248
3759,33129.660368606405,28111.15617952039,61240.81654812679,2.294922655404148,6.9482980397781935,0.5665037658252798,113962.32485636609,5919,2421,419,5836,897,2026
3760,31018.66429467277,30603.34979443878,61622.014089111544,1.9470591121508185,6.847565658887058,0.5687410179696736,114658.88974483885,4817,3647,295,6169,1317,1273
3761,33662.59060048204,27978.607118200427,61641.197718682466,2.4055936962486713,6.759626064431276,0.5712718050127258,115251.26974260037,5826,2578,355,5307,1856,1596
3762,32329.85983952043,27540.47229033091,59870.33212985134,2.116940884943282,7.053824380721231,0.5702674853978176,115608.48928302624,6381,1831,547,4648,1919,2192
3763,32650.963241576002,29928.36883932694,62579.33208090294,2.0860411596435533,7.165717136068885,0.5673060007076458,114041.31432520894,5908,2554,297,6176,1273,1310
3764,33369.01299231186,31391.676339906255,64760.68933221811,1.5812130592294888,7.144507681216398,0.5724871849949791,115633.27765012442,3981,4102,676,6653,1531,575
3765,31090.358538127985,29623.3024535041,60713.66099163209,1.7740133920507262,7.010121618489893,0.5733193379556674,116293.30322052323,4798,3615,346,5083,1731,1945
3766,32432.710621005102,27732.68945272839,60165.40007373349,2.2570071705148256,6.944205050514161,0.5682786430751419,114771.61522897049,5932,2540,287,5132,1666,1961
3767,30809.163629650102,27708.163520114234,58517.327149764336,2.3881615710988466,6.951324433403645,0.5677762000185139,114815.57636296506,6232,2222,305,4267,1700,2792
3768,32186.99166111661,29506.352410151107,61693.34407126772,2.3958052667603047,7.319056632851131,0.5675883559430632,114253.07193222565,4339,3682,738,6229,902,1628
3769,31609.434716846696,30004.688165701966,61614.12288254866,2.076280140999438,7.133043378654291,0.5693801762546972,114485.74023188924,4392,3614,753,5788,1298,1673
3770,31405.937368170453,30833.85975854384,62239.79712671429,1.596342950205985,7.336338117645507,0.5689724463155741,115032.54855109476,3710,4702,347,5821,1336,1602
3771,31988.14315220486,28538.16506358362,60526.30821578848,1.914076021674994,6.720696530046835,0.5672451126616075,114646.83846162778,6009,2403,347,5283,1231,2245
3772,31870.942704209592,31469.664155339862,63340.60685954946,2.651675338827187,7.124400955233557,0.570826088441297,115876.63521922629,3528,5015,216,6214,1088,1457
3773,33419.49615035656,27755.65585597333,61175.15200632989,2.7835958333505664,6.894730005860642,0.5678236480184082,114758.86591746812,6381,2059,319,4762,1844,2153
3774,32769.42377459185,26453.814994274497,59223.238768866344,2.678447082884646,6.837430939234554,0.5699835060541742,115434.41915168415,6354,1903,502,4630,1703,2426
3775,29975.135319082925,28689.06452147384,58664.199840556765,2.1124010202322787,7.130580175286356,0.5659771390751389,114232.2885075327,5729,2674,356,5135,1139,2485
3776,34194.149772817385,31333.94405171108,65528.09382452846,2.470429069019025,7.215261918266374,0.5705064001174052,114880.20892463948,4927,3569,263,6379,1668,712
3777,32515.210248579675,31886.74882510089,64401.95907368057,2.2535099296311754,7.446639224410023,0.5710851890535364,115244.18785854685,3290,4414,1055,6506,1104,1149
3778,33584.26277510273,27549.92066256397,61134.1834376667,2.6814945912325876,6.9770485480588675,0.572227778269711,115777.79994216713,5322,3122,315,4908,2373,1478
3779,31642.976055719795,26175.533985910282,57818.51004163008,2.109979050196687,6.460404320768727,0.5680276670872263,114743.70406020156,6147,2060,552,4099,1821,2839
3780,30785.382197660365,29962.86854273614,60748.25074039651,2.391515561164756,7.073854137325889,0.5699836282120441,115071.2119077311,4827,3592,340,5568,1445,1746
3781,33181.22184431242,31785.908337707966,64967.13018202039,2.2856108963972748,7.58516650716525,0.5685035030117159,114606.52809167338,4513,3961,285,6770,575,1414
3782,31194.652907867585,28523.91798198526,59718.57088985285,2.154667555937628,7.012946456874299,0.5656302810629384,114073.25115700562,5304,3190,265,5656,762,2341
3783,31727.43551751188,28852.426525129733,60579.86204264162,2.365839651213369,7.067299670183567,0.5694558293445436,115500.12031590121,4795,3166,798,5358,980,2421
3784,34813.54381818006,28866.43485817585,63679.97867635591,2.307012810116333,7.005468218637169,0.5675692116101713,114292.79451195982,6253,1844,662,6546,1397,816
3785,30888.309062195607,28821.094356231264,59709.40341842687,2.07813363214366,6.9358897298042,0.5700185248614786,115500.90160195019,4599,3248,912,5336,1139,2284
3786,32789.01551603138,30241.009724704807,63030.025240736184,2.132483674690286,6.9477661966343085,0.5704208688878716,114789.55994268967,5526,2759,474,5743,1533,1483
3787,33392.40737665651,29702.690339726745,63095.09771638326,2.0567098073961585,6.612187798302981,0.5759558839535187,115790.53533352015,5539,2614,606,4802,2579,1378
3788,35066.83380392355,28224.651276292017,63291.48508021557,2.179467624104823,6.882520205036664,0.572262610023305,115113.94408853969,5240,3304,215,6031,1771,957
3789,30888.426701220007,28219.40511548574,59107.831816705744,1.956112748395437,6.7909832142010575,0.5699710504709546,115507.36719943913,5454,2962,343,4830,1675,2254
3790,31336.029590901846,27762.086926935277,59098.11651783712,2.1001982658851017,6.818955910346592,0.5705377631083182,115844.41565480575,5402,3027,330,4765,1641,2353
3791,31156.513481977407,28102.638988333,59259.15247031041,2.170667542154644,6.921907759793465,0.5713640363542557,115809.16850573786,5185,3169,405,4626,1952,2181
3792,32938.096772322206,29184.272568841538,62122.36934116374,2.3528182760784477,7.137506557990603,0.5707437746546472,115593.93098954204,4378,3668,713,5429,1695,1635
3793,33026.82639500871,30242.572091374077,63269.39848638279,2.0376699724556375,7.280918297093238,0.5685337058865718,114743.2676865054,5917,2509,333,6440,624,1695
3794,32466.232110217366,30117.763866169724,62583.99597638709,2.0556821359267015,7.441496180962345,0.5686567850035019,114825.67211667779,4522,3567,670,6369,583,1807
3795,33471.6424230423,30266.70889587228,63738.35131891458,2.4025406335909025,7.190085742728069,0.5704847582734597,114653.0134298111,5395,2560,804,6144,1524,1091
3796,31340.4952679504,28159.634957767204,59500.1302257176,1.7908098231633427,6.858546574975931,0.5683409887932375,114405.09893624712,5996,2315,448,4865,1686,2208
3797,30345.039613279223,29569.788202760166,59914.82781603939,1.4199831764547803,7.202139466166744,0.5708015107472368,115374.73453777876,3988,4040,731,5082,1063,2614
3798,33182.63013816589,30726.85026080972,63909.48039897561,2.0083977202682206,7.291875891888923,0.5696647617472248,114812.61473726062,4705,3412,642,6214,1466,1079
3799,31175.206010579554,27958.421065950155,59133.62707652971,2.0516386539022893,6.7884754171168495,0.5670618772596242,114339.03234892694,6131,2201,427,5319,960,2480
3800,30688.64646021377,28798.352039193214,59486.99849940698,1.9919767549188407,6.948575583659274,0.5685351843210121,114448.37549290703,5253,2834,672,5634,1080,2045
3801,32932.91956005998,30239.416073540655,63172.33563360063,2.0970880614873275,7.069219218900844,0.5673804793850493,113843.91724498408,5353,2873,533,6929,793,1037
3802,32929.47677848142,30275.37706686897,63204.853845350386,2.474447913442423,7.1124460808306615,0.571504585957537,115197.4929515862,4435,3503,821,5953,1391,1415
3803,32756.801456351837,29654.427196616776,62411.22865296861,2.4328679788410414,7.33790245748424,0.5674174171050406,114236.99865729536,6613,1877,269,5824,1312,1623
3804,31439.84480167185,27346.81505373756,58786.65985540941,1.3675629409035115,6.800935332403433,0.5662298019555452,114731.8800999413,6768,1855,136,5740,792,2227
3805,31306.647629198043,29013.554080082093,60320.20170928014,1.7512424982888324,6.783248587818465,0.5734230887648388,115576.91627054832,5340,2925,494,4903,1739,2117
3806,31265.098537233574,27922.61216083391,59187.71069806749,1.887563155285881,6.362391602660167,0.5721048879094042,115706.09358954369,5883,2449,427,5222,1691,1846
3807,30979.77155952417,29415.402988584472,60395.17454810864,2.2454176978849083,7.169557330426134,0.5690572473969397,114814.30034369716,4983,3415,361,5360,1233,2166
3808,31755.785398582873,28963.56047728923,60719.3458758721,1.3362758709779312,7.0595913974009195,0.5713555757969946,115720.4829869816,4830,3771,158,5108,1562,2089
3809,32025.333582517633,29320.09308740668,61345.426669924316,1.303168424842155,7.126476108202401,0.5683507006434269,114780.61430085507,5574,2878,307,5193,1873,1693
3810,32529.513565283596,28313.87937663209,60843.392941915685,0.9717429194800429,6.381238097130936,0.5749918782577794,116733.82877610781,3976,4665,118,4290,2438,2031
3811,33754.3183393511,25960.02136617406,59714.339705525155,2.0584974256822486,6.084472482489132,0.5765827227432216,116426.45014163278,6464,1612,683,3346,3439,1974
3812,32387.409978847114,29949.667438059972,62337.07741690709,2.268844750031219,7.3078217414687865,0.5681116958379053,114326.5619444133,5189,3225,345,5766,1037,1956
3813,33573.95734302249,28813.43592346925,62387.39326649174,2.8757418343380445,6.856357226487116,0.5676284443257221,114109.79550531963,5778,2677,304,5860,1239,1660
3814,31593.150346140425,32033.40440301835,63626.55474915878,2.3902719784254645,7.515282729269171,0.5687278593974737,114897.3031500364,4057,4156,546,6309,787,1663
3815,33481.44539109255,30914.330338789838,64395.775729882385,2.6773452474892037,7.537825343044174,0.5679837913446526,114457.36445930898,4699,3441,619,6467,1118,1174
3816,32225.02300384276,30168.96273019566,62393.98573403842,2.0337867283625237,7.192074278887583,0.5675509141978664,114097.5019812353,3967,3734,1058,6245,936,1578
3817,33363.0199209305,28348.572889905547,61711.592810836046,2.467948723853076,6.996127299802795,0.5678025991470357,114578.29292654777,5259,2759,741,5742,1460,1557
3818,33393.187051978,31047.847831955994,64441.03488393399,2.6908125347469816,7.439940900187047,0.5672061959362285,114514.2778035933,4473,3411,875,6531,1110,1118
3819,32409.381056045007,30086.617776214018,62495.99883225902,2.4906425883745373,7.196564043762496,0.5695724546385507,115142.05294513835,4445,3669,645,5907,1015,1837
3820,33509.15155993733,29856.44016604226,63365.59172597959,2.347581114880619,7.150733258364302,0.5678040719538929,114344.33661980969,5964,2266,529,6307,1259,1193
3821,32871.26839579568,28133.60451952278,61004.87291531847,2.0741161600588263,6.804200177469574,0.5713749553504195,115670.35742075586,5003,2989,767,5463,1420,1876
3822,31385.681722414447,30244.005044663914,61629.68676707836,2.2511444824716644,7.275590956829718,0.5683031832264551,114863.79902510968,4634,3757,368,6147,969,1643
3823,31700.057073545497,28794.796611091362,60494.85368463686,2.1132226852455585,7.164932212205495,0.5667461535294361,114791.68651770338,5203,2667,889,5320,1341,2098
3824,31768.218090662605,30809.63724973338,62577.85534039598,2.430481753669353,7.55036362008381,0.5695603678144896,115299.92280012995,4575,3908,276,6226,1279,1254
3825,32283.565594444273,30054.003515969875,62337.569110414144,2.551225565872231,6.974470699535792,0.5734468080041029,115794.69733720312,4717,3345,697,5368,1568,1823
3826,31192.34325972006,28742.27690854484,59934.6201682649,1.8286066565337886,6.927721548949866,0.5722318263820447,115644.07305357589,6195,2258,306,4943,1839,1977
3827,32961.778702837,27880.14658503548,60841.92528787248,1.4833112181636423,6.296758504624374,0.5769327147972052,116221.95381878328,5617,2233,909,5031,2481,1247
3828,33939.3877196035,29641.578621278622,63580.96634088212,2.441517920520234,6.791382265310062,0.57110432292757,114412.60685627967,4997,2926,836,6550,1312,897
3829,33080.61791091619,28510.15578812313,61590.77369903932,2.4122348152583446,6.951105403937097,0.5701355348063977,115418.38062435518,4947,3305,507,5559,1522,1678
3830,31207.430585235725,30242.15213088192,61449.58271611764,2.161409818726956,7.003515889549217,0.5694700283482655,115023.33671442332,4963,3645,151,6099,865,1795
3831,30666.38213048638,27634.132401415478,58300.51453190186,2.154460099453698,6.749910473359837,0.5664629048921639,114283.68129114133,5892,2733,134,5337,766,2656
3832,32032.743048476306,27768.13774594798,59800.88079442429,2.443907671228924,6.720341778901883,0.5657139794866717,113802.24605007024,6360,2105,294,5737,1007,2015
3833,34588.38476439363,27183.89434642688,61772.27911082051,2.476058699814741,6.64200987292224,0.5691600366069547,114947.27409715958,5981,2473,305,5770,1591,1398
3834,31810.02256166337,27083.103093272908,58893.12565493627,1.8692122252950492,6.6033429302390685,0.5677852458639786,114411.38324454967,5095,3293,371,5240,1459,2060
3835,30537.565408131344,28145.475702183037,58683.041110314385,1.7827333458070247,7.228417058905772,0.5667391457715588,114550.08354271248,5957,2233,569,4937,1376,2446
3836,32987.58673201531,29754.71547959132,62742.30221160663,2.5121035620768426,7.221129942798361,0.5683838636339594,114466.89661966618,5136,3059,564,5360,1719,1680
3837,33031.34259935356,28008.957178586203,61040.299777939756,2.494225579579255,6.813013305504545,0.5672172717706424,114449.52916418939,5909,2495,355,5496,1743,1520
3838,33659.60478190108,30160.877857608044,63820.48263950912,2.3950749137463347,7.241153195839495,0.5673962737473447,114217.01681351718,4724,3850,185,6074,1297,1388
3839,33705.02411383738,31776.910512046834,65481.93462588421,2.163037510013496,7.298636238646581,0.5678936939800024,114195.62761608553,4971,3655,133,6642,1219,898
3840,31794.29549901461,29678.340999890697,61472.63649890531,1.7820943975057355,7.201541005972137,0.5712041891806122,115409.9464426335,4897,3251,611,5177,1552,2030
3841,32107.540163337646,28888.591931291914,60996.13209462956,2.0715593873777105,7.253657124209998,0.5698447170047989,115609.47419191289,5011,3523,225,5182,1614,1963
3842,30848.93539994748,28916.553510737253,59765.48891068473,1.4132813600440737,7.049196171600962,0.5676422831762884,114669.32905818823,4782,3714,263,5541,1223,1995
3843,29826.680913470176,26806.18004009434,56632.860953564516,1.1278483188903825,6.7004021678044605,0.5655161891726352,114454.8654150296,5059,2868,832,4287,1409,3063
3844,31737.77375968794,28164.724144896547,59902.49790458449,1.753762231740723,6.704239150130746,0.5681280707496735,114884.81735501753,3855,4314,590,4872,1873,2014
3845,33045.76008231841,30753.757550939183,63799.517633257594,2.004636475335332,6.8630288826915065,0.5721101866647721,115340.25086298969,4115,4005,639,5858,1696,1205
3846,31791.95489836355,26250.48705020204,58042.44194856559,1.7577257830957544,6.4834204360960035,0.5678164525353834,114890.28346005573,6589,1711,459,4474,1785,2500
3847,30828.17060645487,27558.401202944555,58386.57180939942,0.9619984533525421,6.282958894204034,0.574089173813484,116350.35096368378,4316,3682,761,4483,2116,2160
3848,31953.433510662588,27128.420142380994,59081.85365304358,1.4959192982020675,6.884832455978936,0.5677758287972279,115079.31848646211,5452,2541,766,4965,1839,1955
3849,32475.83757691089,27535.527385149075,60011.36496205996,1.4478673853557307,6.527337013282217,0.5711215422400328,115192.3316604851,6757,1759,243,4696,2283,1780
3850,33204.45541019488,28406.19692870052,61610.6523388954,1.7310303508657876,6.853518372029348,0.573178009808381,115866.87379066487,4820,3095,844,4949,2172,1638
3851,32098.687095826637,28429.552946346877,60528.240042173515,1.9620174508596908,6.653120447579219,0.5728960339212551,115811.4161135833,4718,3464,577,5162,1522,2075
3852,30639.329719442798,28512.56431950667,59151.89403894947,2.051465273123474,7.0334794281650925,0.5664188888953016,114487.42119071688,5137,3325,297,5631,918,2210
3853,32156.43186209108,30437.542037788677,62593.973899879755,2.331871720218359,6.846568917330014,0.5685384909145088,114620.67548725272,4928,3517,314,5962,1459,1338
3854,30577.886142936983,27657.808972050945,58235.69511498793,2.003945410483013,6.858444456435377,0.569605802901488,115431.93074894242,5462,2933,364,5040,1640,2079
3855,32373.311222024244,28203.263603808562,60576.57482583281,1.7567565145857202,6.715625392179407,0.5674691904914946,114500.13531092483,5959,2163,637,5887,1467,1405
3856,31337.630961838142,31265.91152974648,62603.54249158462,2.1334042856297586,7.287794177293417,0.5705181849465119,115123.04082098069,3863,4672,224,5845,1074,1840
3857,31920.74185834108,28928.803369762325,60849.54522810341,2.1742893373548022,7.044223308347222,0.5688282880742197,114970.80872330452,4786,3555,418,5997,885,1877
3858,31787.788852595782,27101.19842296688,58888.987275562664,2.378462449398329,6.789223229264101,0.5681489627717813,114513.31578507427,6219,2169,371,4729,1506,2524
3859,32788.04211340253,27934.529148463163,60722.5712618657,2.4897074331253526,6.628274018636247,0.5671972736995345,114431.88321670456,5242,2855,662,5057,1449,2253
3860,31651.271311067616,30923.867789285334,62575.13910035295,2.3535403116439926,6.879327079965601,0.5711585322534676,116055.0904998028,3563,4614,582,5594,1550,1615
3861,33110.31824916527,28809.94248692753,61920.2607360928,2.320359971773357,6.512082435096085,0.5732607516505472,116307.38311009905,5331,2970,458,4850,2111,1798
3862,32258.66779305771,25726.113560404574,57984.781353462284,1.8073252575475616,5.639789424650761,0.5723911408937308,115495.77542100551,6066,2282,411,4002,2438,2319
3863,32237.903917189804,27462.345968824222,59700.249886014026,2.0064448085591757,6.176935394293844,0.576817015392969,116235.1573413225,6041,2173,545,3698,2929,2132
3864,32565.830879680077,27591.94710322275,60157.77798290283,1.9540643537238545,6.875528013880229,0.5687606154634853,114362.19091172371,6523,1583,653,5751,1127,1881
3865,32748.707112346507,29359.174620900365,62107.881733246875,1.7280272638873366,6.855482026738729,0.5656850177355917,113942.7525483862,6392,1686,681,5695,1157,1907
3866,33450.557257108834,31165.866235355265,64616.4234924641,1.578877906828229,7.223055142920326,0.5682591156738418,114603.61059406442,4146,3728,885,6355,1396,1008
3867,34261.78157043847,29880.905802743255,64142.687373181725,1.3875442928637483,7.271451713334498,0.5673663425910416,114445.23686808927,5733,2666,360,6207,1194,1358
3868,33560.79265580055,32419.933413066927,65980.72606886747,2.199251588484223,7.506297460993784,0.5675819140230708,114842.94022094959,4167,4113,479,7110,790,859
3869,34177.07315372258,29625.071493267445,63802.144646990026,2.5643744036723075,6.872898444777796,0.5684457112524053,114566.25724677082,4448,3923,388,6068,1578,1113
3870,30813.432029337102,26869.583115562833,57683.01514489994,1.9915342959910827,6.6272457871180865,0.5691074457775744,114845.42633264509,6489,1921,349,4603,1531,2625
3871,31224.738318750788,28369.19340288662,59593.931721637404,2.071036169763319,6.603466055069627,0.5705800945898111,115305.55302793668,5051,3523,185,5225,1434,2100
3872,30660.287619117807,29314.54331262861,59974.830931746415,2.0214142510725677,7.016249971364319,0.5665067138513502,114013.46562206713,4402,3812,545,5756,850,2153
3873,32072.602276798167,27961.79335034514,60034.395627143305,1.7999090800030542,6.804228104355014,0.5655789556112831,114238.12789242287,5265,2938,556,5323,1120,2316
3874,31258.774649954405,30455.483537596214,61714.258187550615,2.1150863526790054,6.985567395047247,0.5686368293964443,114737.62133509223,4968,3305,486,5786,1161,1812
3875,33067.67586491334,29498.63599693396,62566.3118618473,1.8738772145255274,6.593523411662503,0.5729754751805909,115344.4449345104,4930,3122,707,5916,1280,1563
3876,31488.751815069005,30866.5370508434,62355.2888659124,1.6919394568483785,7.203068615244276,0.5714279666073006,115356.08261241177,4004,3825,930,5785,1128,1846
3877,30692.573850764624,27537.3211569447,58229.895007709325,1.420722440856435,6.6468884358375675,0.5685073896756032,114544.38297744512,5429,2686,644,4680,1369,2710
3878,30114.190330077116,28523.88630263189,58638.07663270901,1.6202628915820494,7.00480215025391,0.5656953802074384,113823.14024568364,6077,2159,523,5271,713,2775
3879,30258.201617637445,30834.205755453015,61092.407373090464,1.356162857326791,7.306069733601154,0.5703469122282058,115254.72164709662,3786,4525,448,6094,631,2034
3880,30454.80806906877,27128.622588000857,57583.43065706963,1.791678534165906,6.436308758274975,0.5726460295715012,116015.59910819208,6531,1575,653,3531,2248,2980
3881,31703.763134754325,28146.053996840175,59849.8171315945,1.9795570187341573,6.72899394434437,0.5716767514439567,115183.05501062219,5982,2258,519,4458,1912,2389
3882,32998.87997109895,29368.501304869118,62367.381275968066,2.278876021089392,7.1219623253601405,0.5669895413915749,113995.51612882313,4925,3498,336,6392,564,1803
3883,30820.412201399115,29701.09237400869,60521.5045754078,2.1416115744374298,7.222987808866905,0.5705157954463619,115338.36962292437,4270,4149,340,6010,709,2040
3884,32343.122594366407,26400.976822669196,58744.0994170356,1.6291689926144834,6.323906245451565,0.5742445718712432,116347.44996459504,6335,2132,292,4531,1954,2274
3885,31613.209668379415,28486.481487481495,60099.69115586091,2.08690732607123,6.992519291702251,0.566922680826099,114069.41065187982,5948,2028,783,5827,732,2200
3886,34693.05966530654,28397.985026094095,63091.04469140063,1.9985860132630617,6.395342707283389,0.5728357118983723,115868.28013633391,5975,2224,560,5894,1830,1035
3887,33182.06196600545,31701.927073720653,64883.989039726104,2.231738565271626,7.270520552953724,0.5691342846674794,114495.60063284892,4160,4089,510,6396,1281,1082
3888,33017.16460065542,27701.01087163506,60718.17547229048,2.275815436397797,6.591055159704711,0.5720485996628205,116055.21023622598,5447,3091,221,5562,1509,1688
3889,33124.10788670604,26705.425600989147,59829.53348769519,1.8876793262427496,6.375201186798643,0.575537318869496,116262.02480108468,6126,2259,374,4066,2934,1759
3890,32662.592943907694,28735.282758533096,61397.87570244079,2.555864591663871,6.847554446733461,0.5717044405380078,114932.62185277902,6247,2146,366,5114,1508,2137
3891,33287.329964072545,31336.231465630415,64623.56142970296,2.3043404930495335,7.043963332160182,0.5669344568667606,114100.24569185957,4111,4006,642,7039,692,1028
3892,31751.09298103567,28356.2974770533,60107.390458088965,2.33480823319828,7.133636990470186,0.5668747130820373,114107.53363264979,5404,2891,464,6041,684,2034
3893,32779.67603813427,31552.053165159097,64331.72920329336,2.2163615402855124,7.453047932455114,0.5671259177254986,114113.72394054859,4540,3931,288,6643,731,1385
3894,32590.956421906012,29685.080422333664,62276.03684423967,2.7234756192961522,7.125764991571726,0.5700105692395316,115185.72204037827,5550,2968,241,5809,1272,1678
3895,34271.532134377594,30630.138054744628,64901.67018912222,2.543997476801636,6.931949130898166,0.5704482329889673,114839.60360129546,4944,3651,164,5976,1906,877
3896,33966.74757260844,27497.06258115911,61463.81015376755,2.715913880700208,6.754991170872915,0.5665876532075093,114418.77105688576,6857,1714,188,5418,1432,1909
3897,31920.896123956038,32410.837231568363,64331.7333555244,2.4264676801487486,7.204699556093248,0.5698810593022366,115010.66561260304,4801,3641,317,5732,1453,1574
3898,32607.66067578187,27580.238322702662,60187.89899848453,2.573211190041082,6.816385989292415,0.5668418497826083,114577.0920665226,6774,1890,95,4783,1700,2276
3899,31961.29347567129,29324.889083122085,61286.18255879337,2.1116800508594857,6.90537402372806,0.5698786433989715,115392.20166046235,4692,3924,143,5638,1498,1623
3900,33418.90507832322,29434.257098622056,62853.162176945276,2.121115940552529,6.918766027559999,0.5692709993159062,114655.07373307808,4759,3454,546,5934,1632,1193
3901,32517.69243574972,29528.001939770358,62045.69437552008,2.0508408829040095,7.058116120998587,0.5651056098847795,113685.59818490675,4898,3352,509,6311,716,1732
3902,32577.96375851625,28609.52529394114,61187.489052457386,2.3206956676360675,6.7680254877162485,0.5714165446776318,115547.83416715945,6007,2479,273,4614,2021,2124
3903,32079.355138301777,29042.69181501959,61122.04695332136,1.9412990087202913,7.17662264261742,0.5656952005848418,114172.23362935334,5860,2593,306,6162,961,1636
3904,32656.177266043895,29597.1287226972,62253.30598874109,2.0962954611976365,6.993701016112048,0.5685826171039858,114686.79456448104,5970,2137,652,6072,861,1826
3905,34101.740920976685,26963.214213180927,61064.955134157615,2.1750085670370183,6.658624524864628,0.5679955761818289,114522.17668508626,7072,1257,430,5480,1452,1827
3906,32690.62174941587,29308.780081069635,61999.401830485505,2.1823598355291813,6.984311483919988,0.5696353965616969,115262.97871780004,4684,3507,568,6005,1298,1456
3907,32449.518970175955,29769.11955811745,62218.638528293406,1.9073988613005677,7.292486194267551,0.5695005783321467,115113.08533482478,4968,3314,477,6200,1133,1426
3908,33337.02547428882,30100.45504227312,63437.48051656194,2.5779754325182487,7.15170072856323,0.5682002791095959,114403.63437076432,5646,2819,294,6380,936,1443
3909,33064.02843187854,27363.63072694667,60427.65915882521,2.4122473590304843,6.953180957692886,0.5655824794156785,113889.61603296814,6321,1645,793,5716,1059,1984
3910,33146.61889147103,31805.278986201407,64951.89787767244,2.4162229655317895,7.375396789375252,0.5698387620466178,114612.13363456183,4496,3920,343,7015,1057,687
3911,35473.10049148887,28046.786248593475,63519.886740082344,2.688397563096053,6.846667770882899,0.5686218594525222,114529.07933838174,6295,1806,658,6030,1643,1086
3912,33724.21152459468,26650.33074623276,60374.54227082744,2.2865101664322753,6.190779577802745,0.5750919783063386,116153.29478998556,6113,2240,406,3933,2903,1923
3913,33799.26093608937,27250.361922274922,61049.622858364295,2.5929406375018167,6.748542658114536,0.5737245778545187,115558.69720720098,6689,1675,395,4721,2061,1977
3914,31942.317159973958,28790.174194864256,60732.49135483822,2.234202754093814,6.909335155163783,0.5726789835637119,115947.37584288791,4658,3506,595,5430,1497,1832
3915,32844.4495337723,28284.53168324008,61128.98121701238,2.33098864734889,7.12267719829076,0.5679131862946768,114681.044838318,5479,2411,869,5521,1225,2013
3916,32385.59628262198,28881.219303083937,61266.81558570592,2.350950556010615,6.875551916706478,0.5703922734803804,115374.41155138462,4829,3445,485,5779,1369,1611
3917,31613.29742043255,29902.47369454367,61515.77111497622,2.087073532082079,7.2248449657971525,0.572034049908004,115643.02463821936,3789,4365,605,5356,1960,1443
3918,34363.66385264181,28942.60965835906,63306.273511000865,2.328365837551785,7.005246014836455,0.5754936510178078,116520.77271716013,4889,3551,319,4974,2394,1391
3919,35541.03287227044,30152.712460142757,65693.74533241321,2.067153666451901,7.2520249432225645,0.5727017485626079,115800.31922239895,3893,4297,569,6373,1880,506
3920,33697.69023309206,31098.139617497967,64795.829850590024,2.0511042035305884,7.075727107103433,0.5697005095090251,114738.03955972253,5571,2755,433,6310,1688,761
3921,32511.749795307012,29375.580723360916,61887.33051866793,1.7879075061407093,7.030968047313998,0.5678893174235999,114262.22252319069,5387,2347,1025,5588,1552,1619
3922,33534.87985050912,28827.35061327353,62362.230463782646,1.8833343714149229,6.957554553178656,0.5696247015130441,114796.09209795656,5075,3074,610,5721,1539,1499
3923,33123.317956636725,32889.98935071048,66013.3073073472,1.9797988335627377,7.3735644859901415,0.5708823566391388,115408.82530813715,3784,4759,216,7024,1024,711
3924,31293.72521326546,28602.744773084614,59896.46998635007,1.9562044843632527,6.8279498286333045,0.5663315785284825,114051.25302895841,5443,2924,392,5592,968,2199
3925,33822.81088644325,28669.587325605444,62492.39821204869,2.16818174073523,7.174038568222727,0.5690857208841082,114578.57255968777,5801,2145,813,5428,1675,1656
3926,34378.71111415322,29332.14931364817,63710.860427801395,2.397876488079475,6.966847864078485,0.5735088369415058,116206.90502492824,4895,3593,271,5354,2310,1095
3927,30968.6620686761,29803.8318755397,60772.49394421581,1.4497133278388439,7.165649340118868,0.5702827926818536,115492.05054741121,4590,3464,705,5045,1611,2103
3928,32459.64957881653,29340.806170640175,61800.455749456705,2.140397959714854,6.767484488524505,0.5736672288765038,116146.85503262992,4209,3925,625,5588,1390,1781
3929,32774.342636419955,28965.38253936486,61739.72517578481,2.360455950167207,6.980864001762482,0.5685176326673637,114681.9737742839,5399,3013,347,5819,1261,1679
3930,32188.506314257855,28468.368376497994,60656.87469075585,2.236843229739688,7.013258189299728,0.5694219922551658,115316.97065027955,4801,3252,706,5787,1225,1747
3931,33170.000894233635,31366.03199194934,64536.03288618298,2.3156463271767413,7.470867345522959,0.5661030258173992,113627.51584094348,4897,3413,449,6776,884,1099
3932,31889.354189796763,30238.6820245357,62128.03621433246,1.9113076876581374,6.777874378150411,0.5700492283480586,114410.03203216942,5327,3252,180,6233,787,1739
3933,29927.157110277407,27240.86278328292,57168.019893560326,2.215562418199279,6.8475770564756475,0.5682190876690353,114624.7553588801,6302,1762,695,4685,1062,3012
3934,30534.056965917494,26925.811955128727,57459.86892104622,1.6415281582692938,6.743339113722128,0.5644400419348512,114438.08947950802,6121,2391,247,5065,840,2854
3935,31912.375965325064,26310.72088535272,58223.096850677786,1.7826391325687718,6.240749062259679,0.5697789829020107,115068.96377464992,6875,1181,703,4601,1778,2380
3936,31797.53081355733,29538.49713233489,61336.027945892216,1.9814318671557003,6.817102774391841,0.5744746148150601,115321.34409885014,5068,3521,170,5709,1391,1659
3937,34296.5271892579,28423.375008963078,62719.902198220974,1.9377677708606,6.411225598228696,0.5769924086247095,116835.23743623402,5854,2429,476,4633,2483,1643
3938,29742.139575241137,30957.29357286879,60699.43314810993,1.2665594735542165,7.1572113717494545,0.5732626411735181,115733.01174902389,4010,4230,519,5220,1371,2168
3939,34433.76258733174,31579.868182256156,66013.6307695879,2.12623534415471,7.017778243941937,0.5676099693352072,113930.38279022377,5128,3197,434,7011,911,837
3940,31500.28455745024,27095.472200855478,58595.75675830572,1.8658582249129665,6.7555037960772495,0.5648739175001403,113771.21414335331,7214,1099,446,5510,607,2642
3941,30136.54795662643,29971.679151229775,60108.227107856204,1.3272595194267405,6.765509533206319,0.5688195058214901,115096.92213799802,3823,4546,390,5503,1007,2249
3942,32411.5713677531,28271.71412923551,60683.28549698861,1.238700657441719,6.886981690997786,0.568166864777997,114112.92893239317,5140,2972,647,5927,1091,1741
3943,32427.013085893737,27519.026659933,59946.03974582674,1.3659121480143948,6.605992015850892,0.5689392531038638,114590.59708248517,6284,1771,704,4779,1820,2160
3944,31099.845379622235,28454.420409787694,59554.265789409925,1.0435034039520255,6.463327119344928,0.5743739088227539,116222.12467032605,5537,2706,516,4369,1820,2570
3945,32835.9847443872,30246.904069055305,63082.88881344251,1.673893915781504,6.8921825041593054,0.5758014031305481,116188.13889096488,4444,4032,283,5441,1820,1498
3946,32429.09446744936,26908.690047087926,59337.784514537285,1.4285289017503524,6.412106143738515,0.5694984841873071,115014.39720277149,6389,2239,131,4822,1561,2376
3947,33080.82812088803,29026.52688556459,62107.35500645262,2.046102410749307,6.848837093204708,0.5712293448812479,115624.5536290267,4676,3631,452,5250,1966,1543
3948,33207.531867086196,28866.606886348683,62074.138753434876,2.1143037507298605,6.651602297545039,0.5740029033751552,116075.33646378088,4944,3553,262,5151,2077,1531
3949,33580.15279839181,26637.329714225274,60217.48251261709,2.195616973113889,6.684090774533538,0.5689548500262656,115170.49755122596,6122,1961,676,4744,1751,2264
3950,32483.03367916625,29759.36967119164,62242.40335035788,1.803608314898756,7.1177954555319145,0.5657206238156355,113756.6210766613,5425,2753,581,6495,542,1722
3951,31009.382555791777,28320.590511052844,59329.97306684462,1.55835522955148,6.724337194157989,0.5695924673664768,115008.19636944216,5174,2877,708,5348,1056,2355
3952,28910.184763619407,28094.049293001328,57004.234056620735,1.6664920450342424,7.085038396602236,0.5688863344878468,115309.6420084722,5416,3063,280,4685,797,3277
3953,31984.367802379187,30779.426584577934,62763.79438695712,1.7308163215452812,7.12327970949572,0.5699505722158734,115417.48751770132,4118,4185,456,5491,1409,1859
3954,33401.12704300009,27106.847749378114,60507.9747923782,2.0283931036878853,6.736649140614222,0.5686897913059009,115415.43175405821,6374,1919,466,5245,1524,1990
3955,35024.14971422601,30429.996296133264,65454.146010359276,2.3392384564866444,7.031424048416952,0.569981432974974,115506.20547137267,3713,4882,164,6450,1515,794
3956,33005.34540297482,28304.476937540054,61309.822340514875,1.9221413787887007,6.62445476047897,0.5663315793902918,114372.912744534,5610,2699,450,5422,1333,2004
3957,32505.569847955296,29746.390151422987,62251.95999937828,2.0887441115604415,7.078305673059042,0.5689612259648381,115092.94859400351,5609,2790,360,5358,1788,1613
3958,34232.67015805059,29977.957703277847,64210.62786132844,2.1850997323579957,7.074434381953072,0.5703253754061872,114759.71585791637,5816,2567,376,6007,1553,1199
3959,33118.060727155535,31115.643131282144,64233.70385843768,1.999769701520545,7.290700060005057,0.5664713250402543,113996.1217236583,5788,2451,520,6519,850,1390
3960,31115.970308760476,31899.495002581352,63015.46531134183,1.5934108935082967,7.272877818387514,0.5717317288152789,115623.55121802686,3151,5031,577,5864,935,1960
3961,33119.31772886353,30289.89353375549,63409.21126261902,1.9445936676836602,6.639801724335949,0.5753304370755864,115999.24027731665,4789,3625,345,4839,2142,1778
3962,34388.69078438461,26688.00810057042,61076.69888495503,2.4502847805528067,6.497804560647403,0.5738423255540167,116111.86391842602,5754,2754,251,4546,2364,1849
3963,34685.194669576806,29947.582235533457,64632.776905110266,2.3628820415198146,6.936870413660975,0.5685126731552538,114939.54664605,4408,4094,257,5470,2062,1227
3964,31574.753081933566,28034.143545909257,59608.89662784283,1.3447134209937863,6.9041017789488945,0.5666413757077002,114125.90544969129,6621,1514,624,5376,1055,2328
3965,31391.828587855507,27866.28754095801,59258.11612881352,1.1154998458050034,6.63440502120896,0.5670043923869549,114414.73306048856,6901,1475,383,4916,1567,2276
3966,32546.509308908062,30690.756091592142,63237.265400500204,1.2537848826454363,7.256727772730565,0.572024351251713,115868.3825061559,4175,4326,258,6069,1251,1439
3967,33160.59790563325,28276.190514315465,61436.788419948716,2.122255391478405,7.0637559322476875,0.5675786180958414,114400.61377399041,6310,2099,350,5264,1086,2409
3968,33169.08028319488,29370.29915736598,62539.379440560864,2.2718421516222316,7.112372326413157,0.566470628394633,114693.10313506902,5339,3162,258,6351,825,1583
3969,33836.33458199594,29493.946898941427,63330.28148093737,1.5098949574952163,7.1036608899939235,0.5670999442575204,114410.27569857077,5298,3116,345,6145,1412,1202
3970,33330.3331222048,27410.92450325307,60741.257625457874,1.9630034915126724,6.799790989329516,0.569724256644643,114917.93245474412,6565,1949,245,5115,1963,1681
3971,33767.32867452665,28555.36907876664,62322.697753293294,1.8055739192974314,7.188821579922299,0.5666999136052232,114011.26508280227,5123,3163,473,6259,1053,1447
3972,33561.271646329886,28994.516703926372,62555.78835025626,2.180269984195486,6.9883290025546225,0.5668242730272739,113978.28240944118,6258,2160,341,6213,1151,1395
3973,34060.77754968907,28691.31552819232,62752.09307788139,1.8465045117028431,6.774569688518419,0.5663978830899806,114187.93289028014,5070,3109,580,5981,1537,1241
3974,30590.95902776437,29824.048199836216,60415.00722760058,2.0329426848224004,7.248562889560745,0.5685917896189979,114560.30342417203,4290,3518,951,5157,1325,2277
3975,30874.186387069425,27843.78550598238,58717.97189305181,1.7935847278698873,6.860726063321892,0.5698954195891156,115426.61092315134,4338,3889,532,4878,1149,2732
3976,30535.24167960685,28705.844319287946,59241.08599889479,1.966080166541446,6.855111474824127,0.5680076600218615,114754.3987386264,4787,3415,557,5800,965,1994
3977,31616.600180989655,29253.89508983488,60870.49527082454,1.7321822897259962,6.515917369791638,0.5726783579593249,115661.59744285232,4993,3331,435,5233,2029,1497
3978,31743.525634295147,28310.855234399238,60054.38086869438,1.8464959923958466,6.7659669043561275,0.5738725616429431,116202.5563180659,4216,4118,425,5033,1641,2085
3979,33013.33303825776,28433.035116365092,61446.368154622854,1.9444091428729704,6.412127112507962,0.569093371375192,114920.84013200854,5701,2682,376,5153,1758,1848
3980,33187.57882130137,32246.81446170641,65434.39328300778,1.8916545774645626,7.294367498927635,0.5686303110476163,114226.99141699926,3409,5094,256,6793,932,1034
3981,30691.971204579404,30430.6901915741,61122.661396153504,1.7039574800309623,6.558934619591818,0.573134729744018,115395.14347307375,5565,2300,894,5019,1505,2235
3982,33505.03312184799,33115.34669842472,66620.3798202727,2.2148621164732964,7.325276790739856,0.5734128374919024,115333.7795949913,3384,4768,607,7036,1094,629
3983,30630.23096140267,28570.99233492815,59201.22329633082,1.7413579389086635,6.70931717530024,0.5666726576242205,113804.35758170785,5809,2563,387,5872,778,2109
3984,32311.815429639475,28141.70996592994,60453.52539556941,1.864819798614559,6.135925055798384,0.5742762134173883,116124.85905201205,5022,3322,415,5193,2077,1489
3985,34168.41942610247,28983.767188716283,63152.186614818755,2.1832157514305157,6.806208675037871,0.57411135176193,116213.40182894269,5031,3422,306,5047,2602,1110
3986,33008.71238981175,27188.00347966917,60196.71586948092,2.123578046177495,6.66732116705054,0.5687620804890515,114653.17158300398,6406,1744,609,5287,1709,1763
3987,33068.438345783434,28658.96140118476,61727.39974696819,2.011199501123108,6.983931487399281,0.5664921301975663,114098.70734478632,5247,3047,465,6056,1003,1700
3988,31988.14583048214,27082.50138659771,59070.64721707985,2.082645834873611,6.372899802053247,0.5721207167413362,115174.3521714981,6534,1828,397,4872,1779,2108
3989,32459.953357140348,31919.70458593057,64379.65794307092,1.7030084308435844,7.407495309134749,0.5754267344904801,116157.94935477119,3638,4306,815,6060,1464,1235
3990,32897.642903370135,30247.507182341502,63145.15008571163,2.052472434947083,6.987888994138834,0.5690072017848479,115143.1805687173,3748,4565,446,6247,864,1648
3991,33928.65794498647,31094.73261787355,65023.39056286002,2.097865124312172,6.864607136783223,0.5755443649813691,115585.49813198863,4310,3652,797,5940,1976,843
3992,30501.23052215859,29663.87960900081,60165.110131159396,1.3356600608432754,6.876284034991651,0.5721288794889434,115530.20201205736,4927,3446,386,5633,804,2322
3993,32155.683285296975,28514.654527401886,60670.33781269886,1.8865617772143772,6.634916605489899,0.5682420008188895,114556.34570975056,5758,2871,130,4838,1631,2290
3994,30419.48203841624,28643.294811665,59062.77685008124,1.8827817961126383,7.051800266314955,0.5670782321280134,114427.68337881254,5869,2433,457,4974,897,2888
3995,32271.07019347647,30579.802090975154,62850.87228445162,1.941941355118235,7.23174601772507,0.5676164695501662,114900.34808642128,5833,2737,189,6164,880,1715
3996,33669.63475320802,28878.041051108532,62547.67580431655,2.395427178434742,6.938600858146055,0.5692484550444609,114638.03156039298,6804,1565,390,5250,1632,1877
3997,34637.89512675927,30646.498784821102,65284.39391158037,2.5336588996337666,7.046092454991774,0.5738143154642652,116134.83896487753,4429,4030,300,5827,1698,1234
3998,34934.04751191114,26084.347124083575,61018.394635994715,2.8942156073988374,6.64405276488173,0.5659598348373345,114037.54744902239,6869,1280,610,5527,1330,1902
3999,32209.461471377064,30202.150367432074,62411.61183880914,2.4845507473148767,7.190964695026392,0.5682419221856947,114990.20236614846,5408,3000,351,6306,1128,1325
4000,32859.12290743004,27078.40228212061,59937.52518955065,2.562549717578823,6.768471322096425,0.5657369085146524,113846.8921821317,6936,1395,428,5323,1240,2196
4001,30451.37526802389,27265.646145599283,57717.02141362317,2.2055629699685486,6.7123591072659625,0.566476467597416,114737.22511816518,6124,2169,466,5018,826,2915
4002,31614.651679066577,28135.670149406622,59750.3218284732,2.365924292961951,6.934469068342288,0.5678099244550351,114519.11958835094,5833,2134,792,5251,1477,2031
4003,32947.474904108894,27809.186821841886,60756.66172595078,2.0227580941537866,6.847032079755826,0.5716947263925168,116183.16371507382,5100,2735,924,5147,1671,1941
4004,34131.52455045047,28908.396608096886,63039.92115854735,2.0832180965076077,6.495180271421092,0.571387421300139,115389.5972338328,4437,3800,522,5813,1899,1047
4005,33250.804774619806,30635.74347327302,63886.54824789283,2.395562941403551,6.948916409098061,0.5693351214174067,114387.80346657126,4851,3268,640,5909,2028,822
4006,33361.15356947117,30286.392531802405,63647.546101273576,1.8499989967621515,7.084747677189043,0.570510715480655,115120.8542144338,4329,3628,802,6372,1044,1343
4007,33253.958126197955,26880.521963909167,60134.48009010712,1.9017079362235128,6.81033729208113,0.5681114955468368,114531.99134987743,6125,1972,662,5376,1601,1782
4008,33151.37902916244,28691.165697144505,61842.54472630694,2.210083968015554,6.952140493799322,0.5663661371901852,113872.23710338047,6457,1896,406,6134,1073,1552
4009,34120.624300929056,29788.908159731287,63909.53246066034,2.439163161336799,7.207110237740757,0.568297844183421,114044.63779432498,4662,3692,405,5837,1596,1326
4010,33820.05290770621,29573.515620618862,63393.56852832507,2.3090277369857413,6.95573810612538,0.5722914309524213,115976.93147497441,5413,3031,315,5514,1846,1399
4011,31864.833608836503,28346.27390797549,60211.10751681199,2.2652797240441416,6.777385378098408,0.5714025640558752,116217.55054009634,4825,3385,549,5228,1567,1964
4012,30444.89443534015,31168.944198080862,61613.83863342101,1.7751992853339214,7.233164677041559,0.5704661567819895,115017.17831554894,5142,3000,617,6027,837,1895
4013,31977.866182697722,28677.87821791755,60655.74440061527,1.9969896335140302,6.97633197303785,0.5705785308733886,115371.8734038983,5936,2128,695,5522,1131,2106
4014,33733.17024886955,30370.66715577879,64103.83740464834,2.09809674994408,6.852787661054267,0.571409789906995,115055.71958445091,5074,3185,500,6268,1354,1137
4015,33549.048497975324,29854.203899981043,63403.25239795637,2.3155775017487565,7.051163469321252,0.5723063620198698,115792.50522085422,4480,3571,708,5895,1578,1286
4016,33057.448670104386,29904.072855857852,62961.521525962235,2.1221376915691414,7.0679033701772855,0.5687438483436663,114633.26079582988,3981,4133,645,5769,1583,1407
4017,31968.517886351918,28870.994596525077,60839.51248287699,1.781069197172764,6.743352697902136,0.56781521669233,114633.53764653241,4705,3625,429,5882,1390,1487
4018,32797.928934246775,28738.20791616455,61536.13685041132,2.0303825438471725,7.110499527495314,0.5731033687366146,116242.07660652528,4279,4136,344,4969,1825,1965
4019,32726.57572257097,31222.14009297238,63948.71581554335,2.157376541712723,7.144549067403972,0.571297963722838,115699.81043335987,4048,3984,727,6157,1175,1427
4020,33531.635379905914,30029.035346692603,63560.67072659852,2.316592837747834,6.995654271206389,0.5656187247441412,114028.126031675,5028,3344,387,6389,935,1435
4021,31090.54219594014,30596.37658661704,61686.91878255718,1.9698917710987969,6.875472770504113,0.5670914875281725,114024.21025706231,4600,3893,266,6173,852,1734
4022,30506.482009177744,30139.674551568838,60646.15656074658,2.0382573989433688,7.41524106465118,0.5704458482234779,115045.43280512141,4747,3712,300,5407,1005,2347
4023,34233.00892274226,27984.080891416837,62217.089814159095,2.2196512699381574,6.680202913446024,0.5688089823389865,114505.8842296409,6419,1677,663,5298,1580,1881
4024,33225.46313589112,28755.014918334957,61980.47805422608,1.7488240099443704,6.780462442980174,0.5717097755399863,115517.93760852485,5291,2863,605,5461,1348,1950
4025,33143.176877315775,27890.630740281194,61033.80761759697,1.883377943003119,6.84121902978178,0.5680096542183328,114355.73023824194,7104,1341,314,5507,1308,1944
4026,32454.553754467674,28242.565390182157,60697.11914464983,2.0301705686215126,6.821161545996415,0.5704924625305314,115068.84397983171,6490,1901,368,4949,1530,2280
4027,31754.38322494214,29748.377726919127,61502.760951861266,1.7345747292770162,6.793419845204026,0.5739193186980847,116152.29495146543,4222,4205,332,5312,1526,1921
4028,32631.55512055831,30565.059927418304,63196.615047976615,2.081351807506826,7.002257255144874,0.5710586245914236,115607.35798845676,3781,4458,520,5587,1928,1244
4029,32661.1282893156,26439.246333169624,59100.37462248522,1.636108889711162,6.135214214834281,0.5738708753362685,116006.56606835476,6160,2070,529,3410,2801,2548
4030,32071.2133357184,29109.880004199833,61181.09333991823,1.1208062412935929,6.991959118488822,0.5728044528533054,115599.84490877985,4834,3547,378,5159,1366,2234
4031,31714.660317796737,29535.713400351116,61250.37371814785,1.7673067365977086,6.807710400178761,0.565890567876928,113681.17162164858,5993,2597,169,6196,595,1968
4032,31622.11278434099,29707.16143428646,61329.27421862745,2.4647294307746184,6.966738311583906,0.5696249843265042,115183.3040074027,4932,3681,146,5101,1174,2484
4033,35197.31587909726,29792.40838583595,64989.72426493321,1.9721978038439816,7.019909973742076,0.5683794107210532,114928.08725084858,5061,3354,344,6993,756,1010
4034,32926.43432063637,31754.251654747906,64680.68597538427,1.4177017465496562,7.093138578661962,0.568167553714788,114686.67248854374,4759,3761,239,6897,952,910
4035,31708.758118169833,30941.505376540743,62650.263494710576,1.2812736795779018,7.102320524036919,0.5691838340792746,114796.81795673094,5790,2823,146,6084,1259,1416
4036,34011.34909300476,30775.91537043251,64787.26446343727,1.9041902619568583,7.185497340564026,0.5693369971128746,114458.43769054452,4842,3859,58,6075,1652,1032
4037,32627.127113147646,29472.8144290477,62099.941542195345,1.4836140176862356,7.16141151678218,0.5713301346785281,115529.7932221703,5276,3230,253,5541,1367,1851
4038,33210.00203842359,29753.217905653055,62963.21994407664,1.7636126665257668,6.972489030624232,0.5695681297910244,115044.88300475857,4387,3988,384,5591,1326,1842
4039,32873.10349237634,29643.53231968757,62516.635812063905,1.7520692360333052,6.548546948321134,0.5717737462170766,115374.37913421648,5018,3205,536,5817,1486,1456
4040,30374.871772110622,27805.456045499428,58180.32781761005,1.991687089687679,6.643736977434841,0.5688825348908311,115458.47238018617,5086,3021,652,4275,1508,2976
4041,33421.634288236164,29661.317567003065,63082.951855239226,1.8668384159602884,6.721649359030419,0.5738766352395163,115881.84662128004,4684,3508,567,5457,2093,1209
4042,33297.60667386026,27333.992223914345,60631.5988977746,1.237468780281885,6.60884414217074,0.57129476095989,115426.86465006431,6189,1972,598,4935,2424,1400
4043,33107.64457444141,29178.95983398405,62286.60440842545,1.5396792493135996,6.991999172308345,0.5709897545153801,115491.40037315756,5316,2900,543,5518,1500,1741
4044,33000.37344432566,27507.5307110215,60507.90415534716,1.4663314853046228,6.141358368110473,0.574972214884046,116024.82957306934,4912,3132,715,4732,2360,1667
4045,32073.460599909136,29159.341422237798,61232.802022146934,2.0148511571448715,6.793440631187749,0.5746338263388266,116152.36810664783,3107,4754,898,4954,1790,2015
4046,31033.338691405224,29319.323541283648,60352.662232688876,2.0698891540366002,7.03361001807987,0.5654655968630637,113738.20402777521,6303,2039,417,5809,755,2195
4047,30887.07947747654,28166.527944657922,59053.60742213446,1.814323722376263,6.665772307217168,0.5669278077677588,114234.82696037988,6264,1876,619,5210,862,2687
4048,30974.6964034927,30165.521745126152,61140.21814861885,1.6919507908848181,6.786048776241203,0.5678436524860694,114064.97226754924,5726,2191,842,5804,909,2046
4049,33715.359591906206,26684.925571872995,60400.285163779205,1.9632560526052618,6.15440709096025,0.5755103483506194,116046.48935073543,6917,1151,691,3726,2833,2200
4050,32957.52109759751,30734.67883675589,63692.199934353404,1.4574369446104996,6.414471152641071,0.5742119790007559,115617.577782299,4904,3661,194,5815,2064,880
4051,31664.424142307234,29418.469018243883,61082.89316055112,1.5097005602610396,6.850958948563516,0.5717290260602972,115838.62625739005,4384,3607,768,5343,1331,2085
4052,31441.78809398032,29171.914643474553,60613.70273745488,1.84301453716768,6.8518534972213345,0.5701342228533741,115218.09676656334,6233,1854,672,4406,2290,2063
4053,33614.764651214115,26927.580155851076,60542.344807065194,2.1541786955147124,6.61640911897327,0.5663995246273003,114211.959352771,7333,966,460,5112,1604,2043
4054,32767.6079831788,32030.892911056017,64798.50089423482,1.9823462334898,7.0833501765778095,0.5684237784979692,114701.25263982602,3892,4473,394,7044,711,1004
4055,31697.841524123338,28545.30793554817,60243.149459671506,2.1029056990273935,6.836423413376984,0.56884212423993,115026.13228171524,5949,2098,712,5488,824,2447
4056,32090.278341784426,29308.410864725236,61398.68920650966,1.9414548705946775,6.623214792621223,0.5654698436444342,114320.29316348322,5262,2902,595,5494,1241,2024
4057,29953.57130689895,30363.239581497066,60316.810888396016,1.4436880785653388,6.868436360271011,0.5690987475626862,114578.08358450927,4691,3658,410,5230,1067,2462
4058,34140.12203282094,28092.865581128655,62232.98761394959,1.572012650922917,7.09123426489563,0.5681344203722255,114439.64100108107,6251,1626,882,5551,1461,1747
4059,32984.41757825913,30948.82480504123,63933.242383300356,1.2607260608886657,7.125609979527795,0.5662690014298112,114058.20640651422,4914,3479,366,6098,1107,1554
4060,32182.05724015921,28005.06422039104,60187.12146055025,1.559832698676135,6.874310921398883,0.5689164053128521,115154.93209321225,6157,2075,527,5117,1627,2015
4061,31663.828702412055,26620.811008319597,58284.63971073165,1.7189754817586425,6.437556111069222,0.5680430857342823,114396.89293191527,6813,1439,507,4463,1555,2741
4062,32317.501237341556,28755.763203761722,61073.26444110328,2.3062895618515182,6.640033364691309,0.5727077717527196,115934.76595514531,4408,3818,533,4832,1885,2042
4063,31279.58617869146,29519.041664740653,60798.627843432114,1.7894580618514329,6.400679367022227,0.5737004571403688,115990.58895213921,3947,4139,673,5465,1541,1753
4064,32505.30407928998,30061.80638297464,62567.11046226462,2.3169142129352753,7.037800271685357,0.5681094005467415,114426.58323862798,5805,2814,140,6215,1022,1522
4065,30964.16557525338,29131.66489943017,60095.83047468355,2.3032731585192945,6.7988057837999865,0.5703168275554518,115324.92141980761,5964,2527,268,5119,1152,2488
4066,31459.10932914528,29027.90089479115,60487.010223936435,2.3277229800409955,6.942524645223574,0.568723251865169,114499.73459964263,5305,2668,786,4979,1201,2579
4067,31130.531983916968,26665.799713112356,57796.33169702932,2.026540636187517,6.566219450134708,0.5694671864314365,114957.48181862736,7468,709,582,4182,1928,2649
4068,32932.797402461474,27006.93134655931,59939.72874902078,1.9689073757633178,6.362139048506736,0.5710960896656665,115703.66084004843,5761,2537,461,5077,1975,1707
4069,34127.52792217428,28478.75941090045,62606.28733307473,2.5866391648056837,6.75337412977997,0.5721819610235005,115730.9366389477,4328,4044,387,5283,1981,1495
4070,31667.512159759095,28806.042453031638,60473.55461279073,2.275545028970171,6.705033544232652,0.5669850737627248,114916.78290841225,4011,4279,469,5331,1228,2200
4071,32541.536621396022,32039.0222138121,64580.558835208125,2.393556833011575,7.301267852577949,0.566039730469431,113945.83079811446,3826,4508,425,7125,561,1073
4072,33029.867405339646,26876.699495132845,59906.56690047249,2.138184829012433,6.044801798460092,0.5725023151693819,115267.51308668198,6614,1525,620,4464,2234,2061
4073,31858.759298669233,31085.11855504729,62943.87785371652,2.2118223763098275,6.840729282181878,0.5739477821657574,115751.08975514174,4044,4030,685,5810,1641,1308
4074,34464.201517010944,31018.684197719194,65482.88571473014,2.460363526728497,6.648573008094523,0.5688486619295137,114380.46637665316,5080,3224,455,6387,1420,952
4075,33553.66456586987,29940.16430353446,63493.82886940433,1.7904527310573337,6.802494549733773,0.5691505146761885,114706.75875395616,4235,3877,647,6343,1354,1062
4076,33436.84010787761,29467.041918475446,62903.88202635305,1.8706559996258576,6.885021146695594,0.5705415041884301,115161.24367997781,4701,3485,573,5242,2182,1335
4077,35766.84749008316,29162.482300846365,64929.32979092952,2.226173570183739,7.0919020418316014,0.5695943733557846,114668.1844303849,6202,2416,141,6186,1584,989
4078,31893.921746254196,30925.645408015655,62819.567154269855,2.1696098967333404,6.870623050701223,0.5679356310047087,114336.92841869117,5082,3148,529,6041,691,2027
4079,32852.71424006248,30774.093093019343,63626.80733308182,2.623942302636151,7.0139369037408965,0.5693918356299795,114968.66091152046,4824,3464,471,6409,888,1462
4080,33084.78123417368,27406.306077584835,60491.087311758514,2.108735069485848,6.506552343209132,0.5675072106795355,114448.95257270071,6851,1534,374,5288,1405,2066
4081,33304.04250093921,29036.89223205451,62340.93473299372,2.1081260050344977,6.915449994753769,0.568517063587676,115023.47498758567,5168,2983,608,4974,2106,1679
4082,30364.301623956824,30352.414412527043,60716.716036483864,1.9596146771070773,6.937368250208453,0.5710964146566704,115898.65374428726,2965,5221,573,5027,1353,2379
4083,31444.16155394535,30657.45883514897,62101.620389094314,2.3018329332840515,7.319006195273338,0.5688112371541821,114607.00066117974,5114,2962,683,5904,961,1894
4084,34454.60890553936,27729.394220811933,62184.003126351294,2.4442725185291474,6.6668419334333775,0.5678379025704346,114425.59184858152,5732,2694,333,5068,1787,1904
4085,33004.16187473413,28168.81814082798,61172.980015562105,2.5122800576576405,7.067868650237951,0.5680066303318961,114588.86101746708,6459,1727,573,5537,1391,1831
4086,33460.05906127301,30164.05112326588,63624.11018453889,2.015387546584163,7.140195419834889,0.5683855110225654,114448.77541161799,4856,3125,778,6306,1228,1225
4087,34546.964439221905,29600.261696029953,64147.226135251854,1.9869417356414507,7.318398777769671,0.5699679499811864,115278.90732401218,4511,3937,311,5878,1823,1058
4088,33133.77039340323,30108.993439814833,63242.763833218065,2.6101440583252704,7.492928533151152,0.5649668019323101,113614.27300633445,6086,2230,443,5950,895,1914
4089,31458.57569381049,26880.296559319762,58338.87225313025,2.1467181724333524,6.68079365591731,0.5679067889329191,114556.90938287677,6529,1732,498,4684,1360,2715
4090,30831.408997001556,29433.153419036887,60264.56241603845,1.6682644989733668,6.957739103156602,0.5712194894702258,115390.9221821196,5725,2482,552,5569,1375,1815
4091,32314.525912242276,31165.391847342366,63479.91775958464,1.3025184065972855,7.10075194550706,0.5732182753027574,115645.54616052439,4390,3953,416,6198,1284,1277
4092,32673.31034893448,30779.512247610903,63452.82259654538,1.6485711674517016,6.998552480235723,0.5710989604048471,115332.87583652169,4442,3791,526,6355,1030,1374
4093,31277.03205970804,27657.792022217443,58934.824081925486,1.644126817190414,6.294402263086013,0.5715120662788925,115205.00971745368,6914,1496,349,4355,1630,2774
4094,31252.075500917126,29526.100803079036,60778.176303996166,2.011496176826896,6.705708830440783,0.5721931795461309,115021.07789204315,4821,3030,908,5079,1856,1824
4095,32266.403241672648,29118.10212875501,61384.50537042766,2.319331240394965,6.78041712930674,0.5704061134517909,114869.11366116971,5459,2807,493,4588,1909,2262
4096,34135.58338157221,28766.009939898107,62901.59332147031,2.280904401353926,6.739153324157032,0.5713536647699463,115465.35721756476,4984,3193,582,5098,2045,1616
4097,32681.95059560223,28436.59620481247,61118.5468004147,2.360337116601763,6.07881622684294,0.57329278592586,115742.84162375807,4660,3055,1044,5350,1561,1848
4098,31672.158028682235,27756.913088693116,59429.07111737535,2.2198615306427976,6.453079025201697,0.5706795891130035,114750.71744066589,6031,2315,413,4762,1505,2492
4099,31939.620791076726,29398.696237705975,61338.3170287827,2.474939677632835,6.979170424179461,0.5674406285819166,114405.55180695598,5044,3186,529,5480,1549,1730
4100,32704.63421170282,27415.51344988654,60120.14766158936,2.198664534123892,6.732351565007282,0.568301396208452,114409.95106253243,5926,2425,408,4687,1361,2711
4101,33158.320638166995,29811.577113875635,62969.89775204263,2.685818809234523,7.170450551927524,0.5697020644135058,114612.10300916996,5416,2865,478,5687,1185,1887
4102,33001.55309879267,29993.47533414504,62995.02843293771,2.486900383129758,7.043939092825941,0.5657140047385552,114032.14217595126,4987,3035,737,5717,987,2055
4103,33327.285132926874,29244.566553745804,62571.85168667268,2.4161172184932385,7.107235040677686,0.5706531354303166,115579.42803053647,4150,3796,813,6174,1386,1199
4104,32192.90263072,29104.783058572233,61297.68568929224,2.4227994459241837,6.936634734112552,0.5668550069846574,114046.64807265587,5718,2763,278,5330,992,2437
4105,31014.935294325125,28545.16522382308,59560.1005181482,2.686479978338016,7.090403133532536,0.5679186193976922,115035.17298034113,5669,2747,343,5613,662,2484
4106,34457.3976941298,32398.799174241212,66856.19686837101,2.579632862653666,7.224614131085138,0.5676301723345949,113861.74331690978,5209,3312,238,7532,660,567
4107,32086.79762605632,30643.676341798327,62730.47396785465,2.12699913294518,7.008323476027141,0.5725240510417072,115789.45669579599,3382,4858,519,6103,1171,1485
4108,32246.994085449616,26121.391084759696,58368.38517020931,2.068387305176769,6.198951408568173,0.5692569941629761,115065.66400853057,6565,1603,591,4767,1533,2459
4109,32631.354478203833,30538.93665439987,63170.2911326037,2.6470397337893816,6.8675834430834675,0.5699874409429294,115030.86598484307,3860,4708,191,5288,1677,1794
4110,32256.985873741643,29082.533691252465,61339.51956499411,2.140356189610079,6.515664347671928,0.5663879251833258,114207.26299633538,5365,3261,133,5778,1296,1685
4111,30486.987707438275,27858.278725823024,58345.2664332613,2.0573169848061563,6.196422942993569,0.5728785776447888,115794.76162884512,5999,2567,193,4607,1687,2465
4112,28928.892439306106,28805.678589011048,57734.57102831715,1.7455019581776132,6.8179483755174015,0.5723541897602229,115823.07726876925,4831,3015,913,4507,1171,3081
4113,31229.75389125538,29982.990568373574,61212.74445962896,1.8580105322907277,7.028603687137157,0.5672890848715486,114627.60561286115,4226,4106,427,5670,1019,2070
4114,32306.59128877428,31170.847491242464,63477.438780016746,2.3349380339424965,7.236888706389966,0.570375525735475,115012.06433296479,3331,4650,778,5714,1523,1522
4115,33708.444539211734,31235.5053149982,64943.94985420993,2.4543291544568895,7.257981190093729,0.5716050474256631,115505.69154621438,3782,4076,901,6671,1112,976
4116,32988.61821526973,27934.991583090065,60923.609798359794,2.3088091277307212,6.897304327045017,0.5710352844288376,115627.26030655249,6691,1735,333,5031,1792,1936
4117,31934.31212730206,28998.52547061471,60932.83759791677,2.4278552058114804,7.0142174700023245,0.5686051594733385,114570.8906816667,6120,2011,628,5271,1139,2349
4118,33036.19374162399,32410.326797753198,65446.52053937719,2.010658370238423,7.495055197964892,0.5687835656579021,114839.68046909169,3409,4444,906,7112,498,1149
4119,32803.53132474472,29448.72541397467,62252.256738719385,2.1142381033197606,6.952198878593605,0.5654307588901305,113789.49698354707,5869,2056,834,6375,836,1548
4120,33559.08739610402,27689.518425611484,61248.60582171551,2.2609431343355073,6.874970781071386,0.5666134068264811,114450.19526998147,6955,1358,446,4965,1709,2085
4121,32470.335119242096,29431.6718736424,61902.0069928845,2.272463957224149,6.806782331605406,0.5705053131783193,115251.83359224685,4547,3900,312,5337,1589,1833
4122,31437.493163361214,28186.518784033167,59624.01194739438,2.019639915664985,6.68647132208485,0.572979891427332,116260.72614017625,4398,3932,429,5023,1509,2227
4123,32083.650555950448,28690.38417377744,60774.034729727886,1.876301333150254,6.233776046482455,0.5732498314650631,115626.07716909866,3989,3686,1084,4785,1964,2010
4124,30752.825286927018,28034.598098720213,58787.42338564723,1.6278459029742178,6.503932427194846,0.5691553233842317,114505.24562265605,5167,3214,378,5341,1235,2183
4125,33156.780829368065,30283.98106292793,63440.761892295995,1.96311478633023,6.693696609704948,0.568755599871338,114449.5968240773,5073,3207,479,5892,1411,1456
4126,34444.02574471855,29324.520363295145,63768.546108013696,2.077785791754696,6.851992937343754,0.5709201318019226,115200.91414151859,5309,2274,1176,5866,1597,1296
4127,31726.641353287847,28859.252090856666,60585.893444144516,1.9459719458722602,6.848726661026414,0.567483481333404,114405.10121392521,6010,2167,582,5373,1065,2321
4128,31441.672436774217,26782.277891463567,58223.950328237785,1.7758481120699818,6.560368855842821,0.5651300948660708,113940.79868265177,6449,1962,348,4808,863,3088
4129,30007.3230494627,27816.409495777207,57823.73254523991,1.9792132701368677,6.7192607253366825,0.5704740629812105,115821.85921883519,5075,3320,364,4663,1383,2713
4130,31832.861715582967,31759.088474310516,63591.95018989348,2.049682782844982,6.712108715085159,0.5688721746957097,114188.05699769262,3920,4321,518,6589,900,1270
4131,32727.36868619044,31748.270845165112,64475.639531355555,2.171021112200567,6.897205715361042,0.5686524746162079,114456.26386102916,4313,3763,683,6549,1318,892
4132,31226.779997762827,28120.638755729746,59347.41875349257,2.3647692550453088,6.579830108560354,0.5661214356791607,113989.48001831146,5941,2267,551,5094,1059,2606
4133,32245.374970007146,27620.432985258296,59865.80795526544,2.309144122572168,6.769218653733111,0.5686697513192944,114977.55668830122,5879,2516,364,5408,1365,1986
4134,31977.305265406547,26619.771762214958,58597.077027621504,1.898345177594198,6.446667740085029,0.569361115903827,115347.76393329166,5791,2827,141,4767,1284,2708
4135,32077.346736488827,26716.643571837067,58793.9903083259,2.1165075872932175,6.63918126033397,0.5645331899700453,114202.1414959012,7223,1057,479,4993,1158,2608
4136,32424.839754307774,27994.873533554786,60419.713287862556,2.0367420114772763,6.749779379010453,0.5688130683641408,115219.80575200012,5182,3123,454,5336,1148,2275
4137,30649.004395994518,28050.05003763201,58699.05443362653,1.4437769721673244,6.716699746312016,0.5696172088093893,115279.23739306694,6584,1822,353,4837,1208,2714
4138,31068.787331719832,26438.936618909866,57507.7239506297,1.27969804076453,5.943595712326824,0.5748641938810898,115834.80954412134,6618,1896,245,3673,1972,3114
4139,29357.590304156176,27436.13071176525,56793.72101592143,2.0205893659366145,6.7962999457247015,0.573009155401829,115631.21654632526,5520,2598,641,4431,1110,3218
4140,31609.162350166374,32422.145319989326,64031.3076701557,2.0044735056131406,7.224284989554951,0.5659479894148602,113922.95490182533,4206,4208,345,6813,578,1368
4141,34490.41485110498,28711.899476532213,63202.31432763719,2.2902492740331883,6.921716330846491,0.5705210138852895,115157.2038137512,5558,2833,368,5609,1860,1290
4142,33382.376261585945,28215.48802109349,61597.86428267944,2.4370591146320986,6.851752771950852,0.56990836791917,115527.54471216793,5416,2757,586,5183,1838,1738
4143,31789.3838459638,29005.17148735849,60794.55533332229,2.449042720351013,6.706142908966239,0.566046451207094,114095.33150962983,5342,2424,993,4953,1183,2623
4144,33010.62508775072,30553.778141410126,63564.403229160846,2.406947732883846,6.885344938897594,0.5695602293585966,115026.45953216965,5161,3114,484,5800,1739,1220
4145,32342.96544969658,30580.518495498993,62923.48394519558,1.9852676689309912,6.824691912646053,0.5705786584566305,115438.0923839031,3472,4656,631,6217,1256,1286
4146,31137.18487117451,27696.210360205372,58833.39523137988,2.0175764657322746,6.697779755912446,0.5664224374615885,113858.70574070673,6227,2171,361,5505,889,2365
4147,31028.889786728112,28904.91568130949,59933.8054680376,2.6530478151175503,7.31434957666567,0.5677692032881775,114739.90339280922,6192,2109,458,5317,816,2626
4148,32386.745731845087,29758.586241104174,62145.331972949265,1.8426007485635265,6.4599831223376265,0.5734561984553326,114995.7847104822,5311,2749,699,5891,1473,1395
4149,33703.17047856305,28908.151534837827,62611.32201340087,2.1570651904073572,6.829255407162751,0.57200611952997,115294.02739805894,5923,2514,322,5740,1628,1391
4150,32908.19754880459,27545.53672544657,60453.734274251154,2.4548302317986104,6.5187239865296736,0.5675215081794092,114398.14749993886,5750,2862,147,4828,1368,2563
4151,33231.971625740036,29937.200220681065,63169.1718464211,2.3340862789611405,6.684252390901176,0.5731776503210271,115731.33694951954,5027,3121,611,5784,1673,1302
4152,32908.372206050386,27711.007814168257,60619.38002021864,2.320882453027498,6.715844360570065,0.5676039389042127,114351.47002133305,6472,1674,613,5675,1332,1752
4153,32348.01720710619,28506.182774215853,60854.19998132205,1.8248529298357994,6.393805535842617,0.5701982437890871,114472.22701944366,6014,2195,550,5417,1469,1873
4154,29276.180598483694,27601.79153957382,56877.972138057514,1.1903196335407855,6.5676437520013,0.5687652250016147,114192.68338513456,6364,2100,295,5071,1048,2640
4155,33697.34810796998,30287.64405994178,63984.992167911754,2.0737080054952117,7.035076868943103,0.5699105388632826,114503.73274574438,5845,2704,210,5991,1276,1492
4156,32635.06828549969,28748.254967355384,61383.32325285507,1.416172952942591,6.58271295140608,0.5681799147010959,114269.78913301746,6051,2271,437,5045,1711,2003
4157,31409.75823743008,27486.89476038865,58896.65299781873,1.733293172440238,6.551899402414347,0.5674684109551359,114461.11480614077,6006,2232,521,4719,1475,2565
4158,33826.36588819625,29228.52044357862,63054.88633177487,2.1834296172660164,6.733166905155594,0.5649431665615523,113992.04464071474,6288,1901,570,5896,1209,1654
4159,34398.97245210839,28376.975710206952,62775.94816231534,2.23348961251453,6.915593510402598,0.5663805343261347,114109.26752795694,6766,1620,373,5760,1406,1593
4160,35311.95135831095,31445.9218479852,66757.87320629615,2.5127005736016415,7.303217488699306,0.5682535826953581,114273.34359377513,5225,2790,744,7257,882,620
4161,33051.72937932173,31985.42299265159,65037.15237197332,1.780436111258608,7.307234100844514,0.5677190252313177,114158.20336489103,5366,3064,329,6697,785,1277
4162,31096.299036192464,28144.24032920786,59240.53936540033,2.037304089498256,6.670457044088433,0.5653354183081395,113800.60933845378,6400,1886,473,5267,1014,2478
4163,32843.862637776685,27433.560003704977,60277.422641481666,1.721835841800667,6.4963751516507635,0.5678739915293443,114285.76589614233,6568,1729,462,5162,1505,2092
4164,34983.652594746316,27903.94779684061,62887.60039158692,1.926978921570731,6.729251973243167,0.569994486895842,114508.47201776315,6014,2241,504,6205,1120,1434
4165,33164.58876607648,27298.552089444893,60463.14085552137,1.9297272322823273,6.644625017179256,0.5704812175794789,115638.91277081563,5949,2522,288,5159,1490,2110
4166,32785.881145252795,28337.77075810432,61123.65190335712,1.6517840657101546,6.803357137073256,0.5702868041920944,115270.10262696953,5197,2533,1029,5178,1670,1911
4167,33879.44721650314,29583.646699376022,63463.09391587916,1.8457892086924945,6.989243279774208,0.5653324754907755,113954.5926862381,5975,2314,470,5764,1249,1746
4168,31791.592861051606,28964.59697071108,60756.18983176269,2.21791112051888,6.658128743017065,0.5682395938983721,114616.60953329469,6066,2000,693,5642,821,2296
4169,30996.07123418444,29522.179718448577,60518.25095263302,2.197922915948734,6.927937135150843,0.5680244020891904,114263.00090733821,6672,1847,240,5298,1113,2348
4170,32819.46668312218,30092.762904673124,62912.2295877953,2.16709555028363,6.890923812504784,0.571689824600507,114920.60203085134,5557,2575,627,5188,1493,2078
4171,32295.375839288285,29460.5167308142,61755.892570102485,2.32372761191744,6.673492730653229,0.5665749981588216,114118.68780774773,5169,3434,156,5860,1108,1791
4172,32881.22125521618,30187.336054728046,63068.557309944226,2.038924787846883,6.876462078934632,0.570814181852693,115225.88527973506,4606,3876,277,5689,1378,1692
4173,31899.665116147535,27685.968622004682,59585.63373815222,2.1222682200259197,6.7083193549524855,0.5682237772652872,114462.43537489243,6207,2242,310,5256,1259,2244
4174,31842.172136911428,31814.287192820946,63656.45932973237,1.9294442965897634,7.220397499564799,0.5705550336426961,115154.26149430482,3924,4068,767,6067,1073,1619
4175,32523.386407732694,29552.563951273427,62075.95035900612,2.0437293861069206,7.080806519626106,0.5725863802429151,115754.58489843326,5383,2873,503,5169,1412,2178
4176,31621.658403215042,27518.779599658745,59140.43800287379,1.8705125529503828,6.833724398545288,0.5687661400703135,115609.64004103451,5770,2671,318,5177,1009,2573
4177,32104.34646981064,28305.12806864233,60409.47453845297,2.028750156038133,6.961332090401,0.566795568861666,114663.38717650011,6306,2369,84,5001,1329,2429
4178,31919.51083003737,28682.401645662245,60601.91247569962,2.244028017908592,6.989175395179641,0.5646634458701402,113784.06128161994,6420,2011,328,5079,1056,2624
4179,32679.080378502866,28050.776759213662,60729.85713771653,2.3055543450021103,6.8229733212640555,0.5672311096711586,114529.6025500952,5264,3205,290,4798,1699,2262
4180,32551.79146825761,29803.490116972174,62355.28158522978,2.2878409788234473,6.762601736530599,0.5692972571872963,115301.4279410159,4636,3536,587,5377,1830,1552
4181,32168.138027540448,29319.143893743018,61487.281921283466,2.2957406586345437,7.0106247917425,0.5667048049967011,114575.49276041557,4934,3507,318,5763,1042,1954
4182,34410.04488824812,30712.54671773288,65122.591605981,2.3662161743519428,7.021411070452362,0.5678786079589929,114282.00241863618,4881,3292,586,6799,1259,701
4183,32029.061577825025,28433.901088436312,60462.96266626134,2.1890710065753636,6.858928263948002,0.56987020992838,115202.28273688212,6141,1916,702,5247,1236,2276
4184,33482.982262977814,27643.11425171536,61126.09651469317,2.4045512453394897,6.703355714063245,0.5714150659011604,115462.58749592914,6303,1904,552,4892,1865,2002
4185,34650.89769554728,27750.975767691983,62401.873463239266,2.3638786246462815,6.4999962129122295,0.5722138929144349,115539.08235893308,4858,3593,308,4709,2670,1380
4186,32390.641490612907,30652.62071945539,63043.26221006829,1.4449490327086936,7.305351038570971,0.5701991574583622,115273.60511867898,4843,3297,619,5655,1536,1568
4187,33855.75364352988,29133.083049397694,62988.83669292758,2.2436348022592076,6.394965518400875,0.5727782075767744,115573.07381850468,3774,4488,497,5441,1606,1712
4188,29679.28011661524,27922.6029757579,57601.883092373144,1.9240997943864053,6.680515227165711,0.573175696384421,115805.02966191983,5141,3122,496,4344,1682,2733
4189,33673.844078321206,28629.96841311205,62303.81249143326,2.0937558526439366,6.51850685780467,0.5664670817766807,114014.37748534173,6454,1901,404,5851,1216,1692
4190,31541.666148370245,28507.005904889927,60048.672053260176,2.307763907314004,6.666664856107199,0.5691384353297627,114566.77987547989,5607,2986,166,4691,1604,2464
4191,33342.04284749343,33593.73137138062,66935.77421887405,2.438418653017656,7.027975065077068,0.5734131824840141,115728.75025501793,2655,5782,322,6694,1156,909
4192,33378.92231045622,28262.422751226415,61641.34506168263,1.8925010123311479,6.63935408847383,0.5672429253708295,114636.94716984883,5784,2732,243,6048,1159,1552
4193,33457.35943770695,28212.781865425342,61670.141303132295,1.979961797411372,6.852140232718741,0.5672259564290297,114786.60862842751,6127,2122,510,4779,2035,1945
4194,32514.663285798095,29228.092772611824,61742.75605840992,1.9263354113461966,6.814639616845284,0.5704738022540655,114814.81398722665,5988,2558,213,5159,1401,2199
4195,32501.61398138943,27503.5563179821,60005.17029937153,1.852435317915213,6.32610114734313,0.5693568421454854,114719.35322273022,6002,2246,511,5401,1210,2148
4196,33038.808305035986,26954.589533536982,59993.39783857297,1.824312719063471,6.51584992074945,0.5686988314175859,114608.57991399859,5956,2396,407,5287,1464,2008
4197,31794.32218121329,27805.45133539351,59599.7735166068,2.1265756861753013,6.700071798607388,0.5677126029672235,114728.05889517607,4750,3433,576,5042,1434,2283
4198,32140.4022371228,29101.08395400091,61241.48619112371,1.8161122088169432,6.883155047972548,0.566607463992106,114073.59178053563,5645,2737,377,5891,941,1927
4199,33377.08275547215,28580.437030783833,61957.51978625598,2.203726385316128,6.79493189192131,0.5687408665306104,114648.93830174764,6286,2128,345,5135,1431,2193
4200,31148.293501524884,30103.273825213135,61251.56732673802,1.6973708485482808,6.7780146558629,0.5713913637831762,115783.37881250308,2882,5099,778,6001,971,1787
4201,32498.516873204557,32238.368108459148,64736.88498166371,1.8686025309776069,7.4219760968357775,0.5699323034166094,115011.9357624239,4583,3676,500,6755,509,1495
4202,32761.81958664929,28593.709645147235,61355.52923179652,1.6971167036342902,6.799052971741402,0.5661751819362585,114059.24210657967,6228,2107,424,5820,856,2083
4203,32874.474986427405,28489.28043707731,61363.755423504714,1.7170846985141295,6.973004768426945,0.5651999247805422,113787.33015669683,6804,1462,493,5562,986,2211
4204,33725.60610813808,32589.613199515483,66315.21930765356,1.6859232814360556,7.110754655998415,0.5723994127488313,115550.3321074816,3545,4572,642,6915,890,954
4205,34080.858555804676,30420.258047830233,64501.11660363491,2.1811339477101823,6.905948798478603,0.5665489699140605,114320.08549662937,5054,3553,152,6959,815,985
4206,33404.15587443164,32478.85897008421,65883.01484451586,1.7907566111626558,7.027366076687761,0.5676623463994693,114808.29818838663,3446,5087,226,7139,485,1135
4207,33832.50062632381,29232.238078602924,63064.738704926734,2.006344872534882,6.47234398707785,0.5695973989213052,114625.45202103698,5661,2881,217,5925,1634,1200
4208,33614.33058259796,31103.977225722276,64718.30780832024,2.1448574946752945,7.188388294895651,0.5685500637892482,114287.00342212491,4590,3588,581,6221,1023,1515
4209,33453.065448387446,28991.497053373754,62444.562501761204,1.9606186276904272,6.980079925988819,0.5673654434508014,114231.45931835966,6247,2029,483,6274,846,1639
4210,33661.53566715972,29126.64735151037,62788.18301867009,1.9730302356613203,6.930576779722877,0.5682569532120725,114296.68849962554,4788,3509,462,6118,944,1697
4211,32399.847711041268,27916.991935002334,60316.839646043605,2.0190367886587546,6.8518279820935035,0.5682067638260773,114424.32330221681,6881,1257,621,4914,1373,2472
4212,34897.93632779324,29083.9977117231,63981.934039516345,1.8945372018649511,6.688021054620236,0.569778941046352,114814.5223179164,4748,3256,755,5640,1920,1199
4213,34243.993698999744,28715.418794484394,62959.41249348414,1.8018068180425497,6.6598346273813345,0.5720852823951429,115358.92100071971,5291,3382,86,4728,2251,1780
4214,31752.964456186277,28206.63122079231,59959.595676978584,1.7229848111445805,6.667708137152623,0.5720413627566929,115752.41795578209,6395,2153,211,4005,2327,2427
4215,33509.0114006526,28856.496083720118,62365.50748437272,1.923069909902304,6.930094744921261,0.5665332827509314,114023.03004204031,5682,2672,405,5970,1255,1534
4216,33013.28104683925,31846.883358847244,64860.16440568649,1.7716794058199354,6.644714200056068,0.5698623858700719,114268.63271658639,5382,2959,418,6374,1045,1340
4217,31169.987626271635,28767.849689783583,59937.837316055215,1.7943455469193923,6.761672903769581,0.569693813917843,114528.41362707205,6239,2167,353,5153,1463,2143
4218,33242.458348810294,28123.64785293223,61366.10620174253,1.2184221604296184,6.8554071490488955,0.5707957516831881,115691.29392464901,4957,3573,229,5535,1660,1564
4219,32775.34886804152,29978.56048848971,62753.90935653123,1.8266883451253744,7.113830602826097,0.570931582956048,115826.66322735042,4976,3409,374,5099,1979,1681
4220,33767.39964049289,31818.322831191806,65585.7224716847,2.2045984629873563,7.1022512469727435,0.5713442890087402,115485.32250128171,3315,4830,614,6297,1403,1059
4221,32424.184195389877,29461.298190821537,61885.48238621141,2.5832383808070123,6.974373158328833,0.5674358640248257,114780.25060079053,4897,3108,754,5719,1073,1967
4222,32726.866833641754,32463.259770088047,65190.126603729805,2.2213093294000346,7.292461658812173,0.5679512372214248,114150.87360693444,4604,3844,311,6882,1021,856
4223,33209.514008602826,29174.159309822702,62383.67331842553,1.9659261395190322,6.890464803391569,0.5697427993904934,115000.40862142925,5423,3115,221,6358,937,1464
4224,32379.072176815574,30502.94147674616,62882.013653561735,1.5723205685603578,7.037113472027906,0.570371846711296,115186.44795446433,4818,3812,129,5774,1320,1665
4225,33432.47614532221,29797.19984425907,63229.67598958128,1.3245505973404565,7.1490384627317,0.5673082520385377,114478.93834883954,4973,3182,604,6128,1284,1347
4226,33282.684577041386,28101.84109842005,61384.52567546144,1.5769211766267641,6.94884071389176,0.5688724064532504,114602.21656656318,6997,1631,131,4846,1829,2084
4227,33460.25689196177,31361.575047249637,64821.831939211406,1.8461510775968717,7.057481907394182,0.5685871125520715,114244.26661672475,5186,2924,649,6272,1082,1405
4228,32512.441722571915,27444.10652724307,59956.54824981499,1.7327422321874917,6.777320428439653,0.5682612062693997,114841.4542287911,4960,3646,153,5033,922,2804
4229,32061.659640031983,30495.51052421778,62557.170164249765,1.956092996201331,6.978153300078958,0.5655036319855605,113696.63003854982,4651,3813,295,5794,957,2008
4230,31502.14529169206,29009.479015332563,60511.62430702463,1.9401302261821747,6.615888291890276,0.5654535857263185,113952.66478327122,6046,2581,132,5136,1171,2452
4231,31427.853768063334,27939.819120948992,59367.67288901233,2.0861201311338786,6.51752796130973,0.5698222785877516,115558.55214526031,4882,3450,427,4997,1238,2524
4232,31833.70070837087,27030.27456688757,58863.97527525844,1.9813547350887286,6.730189591730008,0.5666364389370425,114396.85451092916,6779,1666,314,5124,1291,2344
4233,36027.09109464079,29841.832590397004,65868.9236850378,2.2668082149741715,6.725589332298172,0.5682255538025408,114582.02765424747,5483,3203,73,7004,1144,611
4234,31889.577376054716,27869.10876286493,59758.68613891964,1.624625817554465,6.499173488091804,0.5670368208714393,114189.20542843294,6444,1950,365,5165,1113,2481
4235,32437.99461645229,31106.05071396673,63544.04533041902,1.9538964089591897,7.1246088540287955,0.5671011156402114,114195.8502701678,4392,3596,771,5726,1142,1891
4236,34278.50912274062,27779.19863928327,62057.70776202389,1.959504056269157,6.7664840399213,0.569613920218657,115427.65240856897,6365,1980,414,5423,1709,1627
4237,32980.4984812238,30234.473759081462,63214.972240305266,1.7810048925644852,7.0413593231177245,0.573108214082134,116093.14750638677,5200,3104,455,5246,1548,1965
4238,34466.72988207203,31227.424982097084,65694.15486416912,2.60693772735581,7.076038559836267,0.5659037857112077,114220.36505377412,4702,3546,511,6662,1176,921
4239,33759.79005583627,29864.069927134155,63623.85998297042,2.409976493511564,6.718883595254308,0.5729438506895312,115720.64217467202,4162,4410,187,5711,1787,1261
4240,33966.03879053741,30602.63091987601,64568.66971041342,2.3559640052700725,6.951228272568184,0.5709373277824996,114950.97262866456,4597,3634,528,6303,1407,1049
4241,33400.981927243134,30343.007402646548,63743.98932988968,2.0775953958259055,6.912588360519453,0.5679800610094433,114112.98619720511,5360,3122,277,6193,1074,1492
4242,31236.78278423029,28809.83349860127,60046.61628283156,2.5609628839450034,6.732083168209992,0.5670020605092437,113925.7100391496,5665,2772,322,5342,700,2717
4243,32449.71796614662,30282.675571346193,62732.39353749281,2.440659571387675,6.881895246504975,0.5671451712106439,113962.91412540087,5223,3132,404,5973,887,1899
4244,32122.631755534498,28514.729996792932,60637.36175232743,2.0675359793965535,6.944525407261222,0.5716607244431677,115770.2994943341,5147,3346,266,5144,1487,2128
4245,35114.91709431047,28125.354109263026,63240.271203573495,1.8974025472186253,6.747706551991244,0.5692818930410396,114900.83055298992,5582,2639,538,5786,2057,916
4246,32950.27891006979,27779.54247362931,60729.821383699105,2.295711334394393,6.704938116440856,0.5724544675568642,115844.97236351173,5502,2997,260,5625,1374,1760
4247,33908.350143469,29534.502971857048,63442.85311532604,2.2405694319563154,6.6850545103569745,0.5706845635835598,115165.29066110187,4569,3990,200,5444,1975,1340
4248,32240.144533708237,27515.36294030645,59755.50747401469,2.5578387414825046,6.772463036301217,0.5686172216084788,114483.75925365294,6227,2121,411,5297,1280,2182
4249,31669.356099740886,30483.52606134193,62152.882161082816,2.1878944452933804,6.660344839344625,0.5665841185251179,114149.35607742202,4385,4264,110,6302,697,1760
4250,31282.06775229915,28178.568200745096,59460.63595304424,1.6428424398447492,6.655540295483589,0.5675461732639175,114438.0514093415,6531,2099,129,4959,1346,2454
4251,31611.019793527197,29990.18161326797,61601.20140679517,1.3162530288452445,6.835895521040013,0.5662279309193473,114071.15908078299,5365,3156,238,5507,1240,2012
4252,33621.60601120546,30160.451843645835,63782.0578548513,1.6779093565501286,6.572893437557727,0.5741971779226844,115998.87208679083,4851,3330,578,5531,1709,1519
4253,31542.942732204243,28526.193534620965,60069.13626682521,1.9685059421297095,6.471871781330635,0.5702776064401911,114638.47418722136,5693,2840,226,4714,1468,2577
4254,32174.835716681788,30761.180125193412,62936.015841875196,1.833696416061884,6.520307601625552,0.5690523753000439,115253.8264743707,4634,3619,506,6208,1150,1401
4255,32830.020327575054,30851.321174818524,63681.34150239358,2.122739594768323,6.974363521078823,0.5666339411333464,114314.40906778385,5126,3423,210,6106,1013,1640
4256,33587.35431153256,29537.241064344078,63124.59537587664,2.1285741936047575,6.8983757874080895,0.5682718661665845,114630.23566235999,5944,2694,121,5668,1384,1707
4257,34433.00813613521,31894.94606678353,66327.95420291874,2.2427175234626278,6.716004377242619,0.5729907910985272,115464.52319161521,4759,3546,454,6260,1752,747
4258,32772.32975816646,31137.644377456745,63909.974135623204,2.0847187408869994,6.964595664040651,0.5750851148428893,116057.97850040803,3628,4471,660,5990,1405,1364
4259,33426.683493589946,28736.24790785292,62162.93140144287,2.1228836746452444,6.870087576640393,0.5677798964534782,114787.48308702109,5590,2833,336,5882,1481,1396
4260,31262.97611998944,28318.950284744173,59581.92640473361,2.014594723886977,6.582717580837623,0.5690890291596586,115237.12275476233,5568,2720,471,4953,1346,2460
4261,33643.03779711455,29663.64715038246,63306.68494749701,2.0576726929522904,6.664305186038903,0.5661394750984663,114187.55329192683,4739,3429,591,5791,1531,1437
4262,32243.763361754023,30306.533174666427,62550.29653642045,1.8924301865566509,6.747255434918357,0.5673988727654204,114573.14167079193,5460,2758,541,5701,1039,2019
4263,31301.67174987038,29837.88553129219,61139.557281162575,1.7293523087592384,6.88687328232105,0.5660347944333862,114020.74221837598,4441,3784,534,6152,575,2032
4264,31429.150021293364,28992.429737615512,60421.579758908876,1.774571936431954,6.714282266505013,0.5682540453248465,114604.67711555176,5846,2711,202,5919,1116,1724
4265,33117.32510617541,28778.65389385368,61895.979000029096,2.028537667703307,6.117570616264378,0.5773538871954194,116793.82732827144,4759,3744,256,4291,2774,1694
4266,31972.336020686726,30332.915858432665,62305.25187911939,2.307665891632541,6.806235789428727,0.5755917421619464,116121.85070844974,4289,4232,238,5760,1586,1413
4267,33468.59813421799,28579.44893989286,62048.047074110844,1.9728327972212303,6.655709189633553,0.5679864371857491,114185.50370521646,6436,1887,436,5766,1360,1633
4268,33819.19898949634,31192.119791319874,65011.31878081622,2.267488651088632,7.018816842272285,0.5668197933247284,114164.01809984237,4040,3959,760,6777,707,1275
4269,32683.217237176716,27643.4931953215,60326.710432498214,1.906120867836728,6.583528083021893,0.5678001283638388,114303.0338826034,6641,1645,473,5320,1139,2300
4270,32343.239388985883,30440.65433252257,62783.89372150845,2.117827164765858,6.8968220978186485,0.5672833485200676,114120.80804902191,4316,3742,701,5541,1143,2075
4271,34396.873261196335,32175.328267382138,66572.20152857847,1.9275039598903072,7.052985907755534,0.5691305512581991,114945.50147734788,4240,4456,63,7060,1134,565
4272,32634.53436527707,29300.691443507778,61935.225808784846,1.7872688597251274,6.915748486842232,0.5669272017941887,114235.06869661377,5700,2841,218,5937,1004,1818
4273,32342.276049332533,31514.580798343235,63856.856847675765,1.8022189218358589,7.127559986423135,0.567044824233197,114084.53542103486,5283,3432,44,6286,1045,1428
4274,33483.247199670455,27711.856680904748,61195.1038805752,1.591155752988357,6.792513637900652,0.5682746796646725,114670.96774606974,5818,2645,296,4969,1613,2177
4275,33751.19928986306,30052.515884695036,63803.7151745581,1.8333633845596093,6.784974296491322,0.5674911395054207,114182.26375745611,4938,3038,783,5932,1641,1186
4276,32986.100935022914,30211.18754128638,63197.288476309295,2.207609462748199,6.872622913737481,0.5664490766279348,114015.03457506477,5262,2896,601,5789,1107,1863
4277,33462.76345749912,28955.173439714006,62417.93689721312,1.9212103673570995,6.80805857632707,0.5681093361293992,114095.84759416015,7219,1414,126,5549,1457,1753
4278,34065.842186895105,28266.656713291624,62332.49890018673,2.1315154586175606,6.894813041921179,0.5694679692613176,114632.79477848306,6500,1693,566,5604,1588,1567
4279,31381.195815478924,29235.115448617176,60616.311264096104,1.865951987563074,6.62226580313637,0.5686632103315014,114745.56136555264,5754,2642,363,5334,1021,2404
4280,33175.49829317292,32298.58498322636,65474.08327639928,2.2811815508611004,7.233230168106371,0.5708377231699319,115582.9365922017,3587,5012,160,6847,964,948
4281,31780.021326954502,28469.17274468247,60249.19407163697,2.0142592398006136,6.527214069320699,0.5700472928296939,115870.16749764122,5330,3021,408,4647,1696,2416
4282,32005.713805141982,27147.959186287142,59153.67299142912,2.0534089856118527,6.791953879269066,0.5684718739981763,114925.3053744399,7227,1398,134,4199,2093,2467
4283,33000.61715013891,29875.461630577982,62876.078780716896,2.0942490408742582,6.760844341435436,0.5710612774109592,115531.48713108746,5087,3549,123,5722,1379,1658
4284,35007.537853376554,28197.547763712446,63205.085617089004,2.4223633883828577,6.73813415015718,0.5717882784386892,115815.26352875787,5586,2678,495,5567,1587,1605
4285,33357.77862701416,30073.11546086743,63430.89408788159,2.206020256376482,6.992174418729246,0.5730208600297156,116157.13806336929,3780,4624,355,5457,2099,1203
4286,34212.62320172728,28789.091911099353,63001.71511282663,2.0667576821396696,6.80542914753503,0.569622052203904,114977.79829307682,5701,2686,372,5892,1413,1454
4287,34790.77934366122,30512.036917597074,65302.8162612583,2.5455878817738844,6.707914207558082,0.5724998512159071,115552.4498085764,4911,3400,448,5513,1826,1420
4288,32251.967933519205,30378.07059444334,62630.03852796255,2.154936611786564,6.900401445626258,0.5663752398567848,114225.59291080355,5937,2440,382,5717,1226,1816
4289,33688.80479396,32368.426420751195,66057.2312147112,2.1272501312134153,7.053300925496633,0.5677027619064617,114013.38077109629,4215,4161,383,6438,1081,1240
4290,31544.509602671405,29560.635903488244,61105.14550615965,1.9365584262750999,6.9621500495626325,0.5643556869730417,113573.07378363253,5923,2464,372,6181,522,2056
4291,34751.127728581414,30166.305194387714,64917.43292296913,2.372388297134868,6.669204165620961,0.5651483061561963,113737.37311346951,5543,2853,363,6781,1057,921
4292,32790.19705557265,29636.67912337003,62426.87617894268,2.137430842932016,6.720946543276421,0.5691111486877014,114693.9689086898,6028,2288,443,5414,1375,1970
4293,33588.519803867704,28300.228884481112,61888.748688348816,1.9537851271530668,6.209709490700967,0.5772249794367661,116688.77316581129,5152,2942,665,4264,2690,1805
4294,33732.19648682403,27757.480384083596,61489.67687090763,1.6932166260479906,6.453658773071952,0.5761879641553439,116383.42298265269,5974,2244,541,4786,2164,1809
4295,33507.597711370305,29547.582565824527,63055.18027719483,1.6605010210816575,6.629093039351552,0.5701793441005205,114632.86240492933,5214,2932,613,6125,1095,1539
4296,32299.807945024346,28458.251895835547,60758.05984085989,1.8900956339148434,6.548811517913683,0.5681418540273134,114186.02024586537,6831,1555,373,5438,960,2361
4297,33663.395171889846,28514.992431030296,62178.38760292014,2.367339841786534,6.730528424345353,0.5721536133584316,115682.19367032307,5668,2821,270,5397,1543,1819
4298,34692.1408884297,27482.82041451639,62174.96130294609,1.9023300435092483,5.960668741928726,0.5776329473257248,116354.81764993287,5913,2377,469,3825,3175,1759
4299,33076.48770471868,30194.063184735496,63270.55088945418,2.014156481535837,6.340024734870521,0.5818644821313851,116963.02769717487,4146,3867,746,4775,2838,1146
4300,35310.10946479031,27635.002875217426,62945.112340007734,2.104581305424284,6.570456293989211,0.5768817966372388,116468.58493652285,5585,2769,405,4870,2571,1318
4301,33448.04938052232,30595.937837580394,64043.98721810272,2.229512496363263,6.941680449338146,0.5709570789395211,115484.70414307876,5085,3097,577,6021,1485,1253
4302,31442.4453325313,27558.972839874532,59001.41817240583,2.148638180682365,6.508782026584074,0.5663731526430812,114500.10672237385,5487,2452,820,4804,1015,2940
4303,30224.501160571934,28301.642969143617,58526.144129715554,2.1650957487023326,6.716856429348013,0.5657639217488707,114303.5967697275,5312,2925,522,5522,976,2261
4304,33154.81169543167,32058.085015433804,65212.896710865476,2.301000601005883,7.238629959551107,0.5700963273601191,115084.2678113867,3868,4283,608,6257,1409,1093
4305,32513.2634235794,28789.39664122682,61302.660064806216,2.1840272221889276,6.724658062566105,0.5689980969354153,114715.13903463107,5351,3252,156,5364,1243,2152
4306,33647.486190526244,28675.27166752045,62322.757858046694,1.9390825672211893,6.782359287964733,0.5673602060771914,113851.3896252949,5979,2408,372,6174,1037,1548
4307,33387.57629863628,31790.054013049747,65177.63031168603,1.8642789198652565,7.016244433604187,0.5669909174111323,113813.73697129458,5214,3136,409,6558,827,1374
4308,33541.55976985557,28832.317721271473,62373.877491127045,2.09949712305191,6.705703865987175,0.5665291312923842,114019.90486918598,6477,1920,362,5760,1149,1850
4309,31851.11373646123,28391.244017455865,60242.357753917095,1.9138241633187074,6.731575557080204,0.566756388455268,113988.48641476668,5588,2475,696,5429,803,2527
4310,32183.744981947573,32715.430923846354,64899.17590579393,2.0275066155584773,7.148356913044597,0.5683873214728583,114904.13200632944,4032,4553,174,7336,378,1045
4311,32349.53365143509,29067.414968957863,61416.948620392955,2.0340540183015436,6.91653866186891,0.5662087585447427,113786.0238403538,6575,1937,247,5413,980,2366
4312,33924.65878070868,32455.31592369236,66379.97470440104,2.193690403240972,7.451440546779985,0.5697173946513923,114981.97445261704,3776,4427,556,7124,830,805
4313,31455.627700806028,27777.57851263329,59233.20621343932,1.8302237453415835,6.740486147887199,0.5661055952585553,114255.79799918096,7235,1152,372,4977,1122,2660
4314,32584.756010635017,31203.003224661792,63787.759235296806,2.3291404493472054,7.067236292848889,0.5681872248545536,114448.5999558328,5496,3028,235,6709,523,1527
4315,33290.047788769196,31442.82886231775,64732.87665108695,1.8009616486823072,7.199912254864713,0.5713439809294474,115373.99335394368,3844,4459,456,6777,1047,935
4316,31667.84314217887,32459.74057316846,64127.583715347326,1.4488214622343278,7.356253600736576,0.5711116694607484,115417.16097652513,4640,3973,146,6690,747,1322
4317,31088.776553242413,29307.358968417047,60396.13552165946,1.5445239391425978,6.340997386608643,0.5748126522985397,115993.14744114455,5498,2947,314,4397,2051,2311
4318,31739.927540275206,28960.90910281743,60700.83664309264,1.580165088438758,6.725649020467709,0.5707925695260805,114665.94809878785,6011,2666,82,5334,1304,2121
4319,31608.89979749896,27528.358779893497,59137.25857739246,2.031269648505338,6.7603579719925,0.5669784289596077,114238.1907634592,6071,2622,66,5131,1316,2312
4320,34179.760868958394,31593.031812240686,65772.79268119908,1.7354471625138397,7.074805188109326,0.5705826516084636,115715.34444010328,3264,5399,96,6267,1706,786
4321,32674.178120029384,28383.42750167201,61057.6056217014,2.0162264431668375,6.525245504253223,0.5684096975557389,114569.08845545912,5616,2847,296,4979,1731,2049
4322,32431.776146373097,29404.099497661402,61835.8756440345,2.136688195119157,6.899650648263395,0.5683508689856716,114781.20583282183,4826,3466,467,5191,1411,2157
4323,32682.88321581761,29714.925144881498,62397.808360699106,2.2472352816815886,7.01598202788254,0.5697222300328668,115284.54170736804,5134,3503,122,5204,1442,2113
4324,32492.084702296364,27756.192019538328,60248.27672183469,2.1646546488406218,6.879881250497915,0.5670101272661584,114175.31901627162,6349,2119,291,4957,1414,2388
4325,32332.239209408563,30347.245820718024,62679.48503012658,1.7280300070859478,6.586081648269381,0.5670219942562075,114004.08786494443,4435,4153,171,5910,1186,1663
4326,31798.254699939105,28860.166903301877,60658.42160324098,1.9441144774851717,6.880351271576181,0.5688273608359435,114543.00415365343,5793,2580,386,5157,1134,2468
4327,33562.59248707414,28834.745428491013,62397.33791556515,1.8291190986899843,6.482135374438458,0.569759899729215,114545.64004652626,6183,2472,104,5830,1298,1631
4328,31377.450891684734,28288.08877559184,59665.53966727658,1.520600433802398,6.416088252012464,0.5697502686088995,115115.20073088307,5636,2624,499,5004,1536,2219
4329,32035.529982108692,28604.185869100398,60639.71585120909,1.4629512660316157,6.679775762275707,0.5694321525057945,114670.76779188799,5653,2971,135,5709,1467,1583
4330,33242.470693737305,26859.909666890853,60102.38036062816,1.6996858770704986,6.561392853796841,0.5704458778557684,115356.97213867398,6772,1920,67,4243,2073,2443
4331,33760.17575004103,29452.533242921414,63212.70899296245,1.6958567114560499,6.663983655589509,0.5666553085932038,113958.07344814914,5078,3540,141,5973,1100,1686
4332,31241.207607837227,28671.989674854216,59913.19728269144,1.8457504353618834,6.712225846400959,0.5674561446045112,114041.45170657561,6127,2237,395,5359,1076,2324
4333,31540.132896273964,28156.21126521862,59696.34416149258,1.509865201982598,6.51356442882512,0.5666678324664827,114366.74088220975,6210,2346,203,5030,1277,2452
4334,32918.508962045555,29973.443207862485,62891.952169908036,1.5478320090744428,6.859163008744476,0.567494276940471,114607.50012274315,4912,3616,231,6290,711,1758
4335,30809.11682328603,29207.583190519053,60016.70001380508,1.6957501986229317,6.6002968200456955,0.5673906555999391,114046.60214610216,5840,2320,599,5640,1194,1925
4336,33033.484599101,28854.600421466672,61888.08502056767,2.048738388466265,6.8221715410631605,0.5666486432847043,114033.4972735745,6022,2456,281,5777,1391,1591
4337,33456.2958070209,30663.177112656675,64119.47291967757,2.4592929899336746,6.46367083047373,0.5683502235505768,114571.6815997102,5330,2992,437,5990,1729,1040
4338,34617.24721911769,30170.568103527195,64787.81532264489,2.140103247391909,6.799061289895288,0.5716823047047318,114869.81425974325,4952,3232,575,5985,1719,1055
4339,31767.219650985546,29711.67257078843,61478.892221773975,2.2905924977068186,6.693999133143284,0.5693199209162533,114692.68597307567,5628,2880,251,5217,1294,2248
4340,34031.92947006186,31267.241724950443,65299.171195012306,1.9945950479357615,6.8978595211397415,0.5675617397678216,113914.16707216055,5029,2868,862,6575,812,1372
4341,32758.60850006297,29519.749660910045,62278.35816097302,1.8189927975503568,6.849153267267592,0.5713717657318231,115573.8312464113,5661,2770,328,5555,1369,1835
4342,32639.87099837945,29436.270991371133,62076.141989750584,2.0477759322331535,6.861278301633759,0.5664395828662065,114213.75677954449,4857,2924,978,5434,1013,2312
4343,32443.794655336606,30817.9963305538,63261.7909858904,2.3774801140130597,6.768672265400966,0.5687551661585332,115242.80354470841,4406,4054,299,5853,1027,1879
4344,33878.68512816993,30724.985629384555,64603.670757554486,2.335215071460622,6.811556667696386,0.5728527400922435,116014.2994325624,4659,3690,410,5457,1822,1480
4345,33364.1741555067,29851.962238200755,63216.13639370745,2.4832655783449935,6.88066300610797,0.5717816017498574,116033.34463259988,4114,3787,858,5212,1703,1844
4346,31177.518986587827,29411.193386928844,60588.71237351667,1.614168942296354,6.840742418090287,0.5692654386715864,115371.58714788343,3794,4479,486,5933,1003,1823
4347,34703.09176163171,31404.18672563084,66107.27848726255,1.930978580775346,6.785182321145792,0.5662138879708513,113597.08944179706,5132,2779,848,6918,709,1132
4348,33408.05942805147,29833.275507372437,63241.3349354239,1.7735480540184219,6.535722508779215,0.5675393850788122,114207.15702241307,6186,2431,142,5979,1082,1698
4349,33744.88460261606,28611.25462652984,62356.139229145905,1.906267186110741,6.789644629715715,0.5732266505646263,116300.73982840763,5108,3427,224,4694,2097,1968
4350,37205.28460998045,28278.60201291344,65483.88662289389,2.235527303249075,6.75984563104908,0.5679187603436872,114740.07312966458,5554,2937,268,6434,1945,380
4351,33123.009091900436,30830.840649184007,63953.84974108444,1.4437604259018577,6.955498243246269,0.5676067700496055,114684.48557280906,5377,3183,199,5983,1405,1371
4352,36102.97335256272,28486.024346037855,64588.99769860058,2.1042565918596825,6.823050809392467,0.5656083406466478,114066.84488414826,6397,2261,101,6380,1472,907
4353,33747.02065150973,28076.78836593441,61823.809017444146,2.1768991438272574,6.672599990009599,0.5663830731579134,113952.33741407952,5959,2706,94,5714,1316,1729
4354,31977.691181433165,27496.821496271103,59474.51267770427,2.099852394207763,6.411059139574217,0.5670529565766775,114563.28301132267,5139,2778,842,5104,1228,2427
4355,33500.68429497557,29901.090318367907,63401.77461334347,2.55670672679452,6.968901570493772,0.5697548567056343,115024.60772678055,4982,3283,494,5746,1828,1185
4356,34728.68130413098,32467.973451360253,67196.65475549124,1.8996005040213808,7.09153015765808,0.5701807643591511,114657.02481940792,3863,4057,839,7065,1401,293
4357,32716.07506823335,31010.35146303724,63726.42653127059,2.19858625186472,7.075102048848389,0.5684752259883809,114308.78424036317,4702,3437,620,6055,1006,1698
4358,32854.539519086225,31759.96020275391,64614.49972184014,2.3271136184524903,6.9980340763300255,0.5682860625143127,114128.15655639971,5225,3062,472,6415,854,1490
4359,34254.78450212737,30928.02887423477,65182.81337636214,2.3523045495411763,6.882655635965084,0.5705604334933718,114965.24211380736,4840,3483,436,5899,1592,1268
4360,32315.008968817707,30428.37520118393,62743.384170001635,1.9572081852375254,6.374365061075854,0.5732988283683627,115734.45805232017,5118,3059,582,4846,2073,1840
4361,30233.433432668666,27035.54463560426,57268.978068272925,1.8648378871563622,6.559434177454424,0.5733672385306442,115986.22232814974,6423,2019,317,4055,1478,3226
4362,31823.306276759602,28784.02179976588,60607.32807652548,2.2983599158092956,6.9934781465632225,0.5660766583926393,113931.00847696101,5934,2678,147,5240,1231,2288
4363,30827.762489318535,27557.406409237534,58385.16889855607,1.8848923312351966,6.695086706121297,0.5657896286482594,114174.54154252399,6166,1620,973,4756,1175,2828
4364,32721.05475170489,29757.6074430135,62478.66219471839,1.8159455002036475,6.312382539410707,0.5728916028097835,115131.56810889684,4182,3989,588,5857,1382,1520
4365,30555.266573059274,26517.964768224352,57073.23134128362,1.7916501853763442,6.371751949689453,0.5724721262887061,116171.13840894337,5877,2312,570,4127,1848,2784
4366,31460.33043804659,31059.152110868243,62519.482548914835,2.3543758760043527,7.029550858806429,0.5715858884392435,115410.72076397877,4413,3718,628,5465,1326,1968
4367,31406.69792881789,31213.235511344083,62619.93344016197,2.5195165737265186,7.228583758918611,0.5697552162460495,115222.50394275149,4412,3943,404,6409,808,1542
4368,33925.551061034945,27648.78081216753,61574.33187320248,2.4608203234296755,6.3916971029429215,0.5650911393800774,114187.86581638157,7226,1229,304,5205,1416,2138
4369,32629.043579166584,27905.37640165926,60534.41998082584,2.1868393821782592,6.522388702199498,0.5682204507357168,114757.35426879182,6075,2173,511,4561,1798,2400
4370,33592.459766129796,26457.394185842604,60049.8539519724,2.2280037669409687,6.070310569753762,0.569922201638078,115103.74885047432,7490,1197,72,4254,2458,2047
4371,32644.154224549107,30191.474050748668,62835.62827529777,2.159882271360582,6.560098846446745,0.5674813566882397,114694.65269491971,5222,2960,577,5646,1270,1843
4372,33612.25007205945,30872.953293810006,64485.203365869456,2.3267089474486067,6.945847318642812,0.5680525211696927,114783.98805435536,4671,3926,162,6282,1228,1249
4373,33820.55723360344,32252.191808055402,66072.74904165884,1.9680475882058568,6.3659056539762675,0.5711759059781208,114618.24156245482,4234,4064,461,6583,1253,923
4374,34072.65324194923,26521.860726009287,60594.51396795851,1.8821178642190497,6.178530321322191,0.570011448569559,114905.89743947914,6328,2029,402,5056,2056,1647
4375,32776.29659145099,26593.412353251642,59369.70894470264,2.03689352773205,6.358530055937131,0.5667203939884659,114426.57395151576,6531,1892,336,4941,1591,2227
4376,33073.21667689954,29798.931663504703,62872.14834040424,2.056029996978294,6.468388564977525,0.5680528209848784,114419.94482070723,5972,2490,297,6015,1225,1519
4377,33840.19887266603,28057.29536625509,61897.49423892112,1.9547555012481899,6.170808694421879,0.5711536948913453,115472.39101516776,6591,2025,143,4530,2607,1622
4378,32810.35430911327,28976.553430438922,61786.90773955219,2.359787633668738,6.598935774495007,0.5680885430301555,114881.24468813163,5710,2470,579,5002,1875,1882
4379,34262.20123280393,28569.020388298206,62831.22162110213,2.404041747819589,6.621207305689836,0.568129740574717,114588.57568804918,6100,2348,311,5393,1813,1553
4380,32639.993684371417,28694.985462521025,61334.97914689244,1.7141135423983322,6.499108283421388,0.5698672551496506,115111.71491828849,5055,3447,257,5926,1155,1678
4381,34521.017569551965,26367.61555590887,60888.63312546084,1.5832342619945066,6.1066534996124995,0.5779796041250883,116646.15281750547,6154,1835,770,3873,3106,1780
4382,35779.550817512456,29849.12024816369,65628.67106567614,1.8622687931521913,6.661044729998596,0.5726518303855386,115146.71866095532,4550,3604,605,6606,1440,713
4383,33441.90905522978,28718.48560145187,62160.394656681645,1.7953879496772285,6.876664953148738,0.5661943037625218,113922.21647165206,6015,2674,70,6535,604,1620
4384,31974.08218451804,26990.45479183436,58964.5369763524,1.911958259926934,6.083275718354867,0.573237704987726,115652.47020778671,5565,2736,458,4374,1785,2600
4385,31711.90729857293,26327.371145006953,58039.27844357988,2.0571193226965216,6.262354594670295,0.5702133702483663,114574.07476387898,7016,1370,373,4652,1276,2831
4386,31932.21212546576,31857.02503565584,63789.2371611216,1.5598414659388173,6.930437596210036,0.5687960780718704,114208.46534409621,5306,3382,71,6860,888,1011
4387,33409.67463627256,26558.281054391704,59967.95569066427,1.83260600932732,6.28822209798657,0.5661836219115489,114255.39895633925,7497,1211,51,5343,1420,1996
4388,33951.10085206977,28274.95039008558,62226.05124215536,1.9757467278792655,6.743859348384533,0.5692390964513259,115603.5574159522,6193,2020,546,5278,1691,1790
4389,33078.473247951755,29563.84871510149,62642.32196305324,2.0498731877439273,6.896332486615632,0.5667760813750212,114767.74715049661,5449,3199,111,6009,976,1774
4390,32325.326607373987,29963.091427873573,62288.41803524756,1.2203356613992709,6.657463426841985,0.5647700175075537,113669.65972481725,5561,2602,596,6395,549,1815
4391,31833.71492863073,29196.892310506122,61030.60723913685,1.4806047546981569,6.780915736250226,0.5697540323884732,115123.72892445969,5177,3300,282,6206,683,1870
4392,32383.292189959466,29228.27851892128,61611.57070888075,1.7270374537926794,6.789817749574777,0.5655763581390327,113726.06191449867,6435,1964,360,6345,586,1828
4393,32189.347429775287,27193.06262373061,59382.4100535059,1.5965667548262776,6.507689842559644,0.5686418332311546,115353.36970011298,5910,2441,408,4753,1719,2287
4394,34266.597211570304,30928.298249890784,65194.895461461085,1.724276060524053,6.862286901616762,0.5689098639996758,114540.40568066509,5467,3182,110,5662,1715,1382
4395,34496.23477680735,33463.95275739595,67960.1875342033,1.9114174961699613,7.146763374243989,0.5702334249750862,114773.8317585476,4337,4305,117,6813,1700,246
4396,34232.786763992764,33052.60147088599,67285.38823487874,2.008963715559907,7.449974207984728,0.5678688876075967,114037.53153847817,4937,3724,98,7314,933,512
4397,33567.47920676734,30815.677802320923,64383.15700908826,1.9677544835210756,7.152977366473823,0.5656258710615479,113820.94712107745,5723,2605,431,6826,717,1216
4398,32809.24970931646,30384.050804016984,63193.30051333344,1.5779961996130911,6.503530760482121,0.5740194676989795,115537.78993369697,3850,4412,497,5303,1625,1831
4399,33103.22761762884,30821.223203918325,63924.45082154717,1.6990586044455152,7.146770088695605,0.57544315640797,116031.69296138267,3481,4820,458,5539,2105,1115
4400,33408.63034479273,28557.320140517655,61965.950485310386,1.5168381800084254,6.7972882017795735,0.5677640178950287,114417.98358065021,5443,3248,68,5382,1479,1898
4401,32843.61319254106,28429.67679088902,61273.28998343008,1.9303247380109396,6.64060413826779,0.568242275875098,114670.50883588266,6768,1770,221,4508,2046,2205
4402,35251.48260375927,30394.17979780809,65645.66240156736,2.147638936129704,6.811744341857194,0.5677962492623012,114042.00621176636,4512,4127,120,6049,1432,1278
4403,32309.227848690065,27884.625730440006,60193.85357913007,1.7267253397246816,6.79172675701152,0.5651208666812295,113533.76810616275,6439,2255,65,5638,588,2533
4404,32290.177772682247,32753.31767254807,65043.49544523032,1.534270346045442,7.161820100730078,0.5649023475678149,113554.94949020073,4258,4380,121,6696,381,1682
4405,34556.3314682582,31428.016404169583,65984.34787242778,1.6665452594897963,7.221897842999871,0.5677678712571277,114001.87967344113,6136,2476,147,6984,930,845
4406,32726.89827846845,30751.48280392744,63478.38108239589,1.2994899713136083,6.974449924049922,0.5720494788662338,115623.68865950854,3993,4443,323,6017,1313,1429
4407,31426.92304222666,29540.004277256594,60966.92731948325,1.2843638393791024,6.99856923891519,0.5688128010487641,114488.00069197691,4752,3738,269,5824,932,2003
4408,32918.80321739989,28811.984185069843,61730.78740246973,1.8529442980902264,6.696582126627347,0.5687679567278842,114615.91009336844,6923,1739,97,5133,1372,2254
4409,35236.45944131379,30167.472207835894,65403.93164914969,1.7097946024135227,6.635462895109451,0.5721324136441013,116299.4036341875,4367,4188,204,6248,1790,721
4410,33882.779819731615,30084.10248066579,63966.88230039741,1.7023227409659853,6.893616547254868,0.571215181135108,115451.40835112409,4172,4148,439,5841,1639,1279
4411,34694.14150187841,31020.77103433563,65714.91253621405,1.8989453830563143,7.137697739800218,0.5685114908234237,114488.34889960202,5721,2650,388,6075,1918,766
4412,33093.61349010369,29568.88536434669,62662.49885445039,2.2854651226519205,6.658428929069368,0.5663559697767485,114217.68181948499,6446,2063,250,5732,1320,1707
4413,32260.922026141834,27957.67185193861,60218.59387808044,2.0981501254565664,6.396299772900355,0.5661427029371608,113986.63597189165,6309,2280,170,5156,1008,2595
4414,31860.562859666145,26630.471792479664,58491.03465214581,2.090824856702514,5.893635043341538,0.5757723547079854,116017.04124871474,6773,1470,516,3286,2702,2771
4415,31111.432871249384,28946.176357797427,60057.60922904681,1.7478325076829322,6.364124526786203,0.5710648832673957,115031.55518481716,5745,2564,450,4827,1600,2332
4416,32674.285582604352,28886.886020703827,61561.171603308176,1.3633531716325975,6.665570543579458,0.5666659800615714,114072.88418728775,6444,2207,108,5673,1319,1767
4417,32866.368502441605,27790.671409724426,60657.03991216603,1.5553260167954117,6.484369206128267,0.5681975765821352,114325.015612376,6709,1620,430,4623,1685,2451
4418,32248.791025982177,29141.506623009245,61390.29764899142,1.1976105462805673,6.204228341062499,0.5752475120404565,115947.92861979171,4285,4406,68,4080,2370,2309
4419,32998.6138644229,28885.74598175814,61884.35984618104,1.3669589582623243,6.620484798036072,0.5742014976242504,116160.24632759285,5028,3685,46,5705,1379,1675
4420,34455.15198036757,29011.787724453385,63466.93970482095,1.9719333969807438,6.868809380582514,0.5697785801491134,115132.89372229092,5555,2991,213,5929,1576,1254
4421,35457.06225076958,26725.5409336869,62182.603184456486,1.3362912855214966,6.606551951860962,0.574017849772084,116405.30203309626,5831,2621,307,4531,2723,1505
4422,34003.65909989237,29247.993657981726,63251.65275787409,1.3793518256286335,6.8369612107528095,0.568174916754427,114606.02127974656,5862,2680,217,5164,1906,1689
4423,32343.14522880014,30849.142129376272,63192.287358176414,1.3046387041715592,6.410255557512267,0.5721145850863674,115093.95284641079,4403,4014,342,5313,1500,1946
4424,32138.12441100204,28014.05511671294,60152.17952771498,1.5154247537861953,6.066796635606579,0.5801511161484448,116811.23030674155,5096,3251,412,3627,2599,2533
4425,31701.183504896617,26936.646075966353,58637.82958086297,1.8465348482263386,6.091870419546363,0.5698761123501843,114730.31340696265,4897,3465,397,4479,1675,2605
4426,31889.7269518553,26530.563870954004,58420.2908228093,1.9005020675826054,5.893261028707432,0.5718085920295976,115338.01830586803,5959,2528,272,4015,1865,2879
4427,33334.46872558166,29089.397430423294,62423.86615600495,1.8229406307092864,6.337809459528231,0.5770906326147637,116691.51523856842,4663,3710,386,5755,1742,1262
4428,33334.277417139194,30247.09451338433,63581.37193052353,1.9592320253557223,6.507653386415499,0.5735261912244388,115950.89369000653,4712,3953,94,5363,1717,1679
4429,32883.363206899674,28914.543303996878,61797.90651089655,1.345125114484893,6.739085186071794,0.5681543006603962,114429.70291226309,6575,1696,488,5409,1342,2008
4430,32142.253111430917,29927.765226598094,62070.01833802901,1.4981069396230018,6.852230020426237,0.5696539589554623,115418.52537471076,4673,3425,661,5913,871,1975
4431,30659.20755682821,29470.419813791912,60129.62737062012,1.5716664818833117,6.653505284287648,0.5700998331026637,115362.4533946657,5550,2411,798,5146,1119,2494
4432,32413.436455317253,28299.367042880196,60712.80349819745,2.2389058103075277,6.594840773486986,0.5679901144846936,114798.27745640086,5882,2404,473,4735,1699,2325
4433,31858.860244690084,34119.38290056349,65978.24314525357,2.058800818963631,7.1681641719438565,0.5725862560678522,115564.39335620639,2379,5886,494,7325,675,759
4434,33366.948237421544,31211.65150819848,64578.59974562003,2.1287121833049176,7.024296291078209,0.5691175417843882,114504.60546489868,5286,2799,674,6271,943,1545
4435,33385.30862198613,30512.70303446315,63898.01165644928,2.217527560283389,6.8452747052506675,0.5698337108155752,115272.1399271703,4383,4024,352,6681,1030,1048
4436,32930.41372517614,28469.042236368845,61399.45596154498,2.589958324950728,6.848508957503508,0.5652028718234495,113914.61523315393,5948,2097,714,5541,1201,2017
4437,34070.24228404943,27514.854375064853,61585.096659114286,2.2401160396646977,6.705594080175028,0.5662210051953517,114035.22254535825,7462,800,497,5530,1293,1936
4438,33901.630525506625,29325.16407812984,63226.79460363647,2.210595127114782,6.753679083765812,0.5650629471562593,113663.19549220642,6455,1987,317,5790,916,2053
4439,33329.669275326094,31032.403083927653,64362.07235925375,2.295698930019872,7.155189782290197,0.5665250608429212,113879.59340676342,5584,2982,193,6075,799,1885
4440,33355.95301269416,31958.58219341411,65314.53520610827,2.0086813832351655,7.377909908236178,0.5686346398964073,114701.59865334723,3750,4709,300,6660,748,1351
4441,33485.78016410258,29688.63010512062,63174.4102692232,1.7274609949534703,6.53132954765704,0.5744310330354602,115923.57554349185,5270,3330,159,4935,2031,1793
4442,32477.823426105857,28429.842872818834,60907.66629892469,2.0430763953211484,6.673414356797581,0.570985974921825,114718.59547263067,5992,2638,129,5315,1152,2292
4443,33912.56201594099,28353.327712983362,62265.88972892435,2.005835893784681,6.823031923377601,0.5666195041937909,113980.39852134105,6683,1837,239,6104,630,2025
4444,32054.485522603274,31109.30682047233,63163.792343075605,1.8431348385099109,6.999852036638245,0.5670208015234885,113870.90384800822,5644,3060,55,6518,416,1825
4445,34922.56914276188,28041.636719694954,62964.20586245683,2.1226967359296265,6.435989457393142,0.5686549389690881,114880.9976614852,6695,1845,219,5399,1908,1452
4446,33169.35701473084,29196.037196167636,62365.39421089848,2.312786626256723,6.719167155506305,0.5694848649839871,114792.82572146085,5334,3292,133,4631,1893,2235
4447,33109.02188594261,31076.429849627108,64185.45173556972,2.3602669044819207,6.836315213339939,0.5676115154175422,114244.35792028098,6041,2360,358,5962,993,1804
4448,33685.29244411186,28871.27354303866,62556.56598715052,2.0412475568716824,6.542789160824102,0.5680855495918493,114461.97205914669,7311,1148,300,5079,1715,1965
4449,32881.445253092774,28932.857925995213,61814.30317908799,2.2555151961644295,6.714510784485305,0.5681877229810615,114606.39445980483,6076,2415,268,5342,1608,1809
4450,34704.01152748567,28380.309965645905,63084.321493131574,2.1450977710695995,6.71743026021088,0.5667733108405585,114323.99508678431,6046,2284,429,5585,1814,1360
4451,33050.71091836604,29018.145273714606,62068.85619208065,2.1858162804820007,6.622909033014455,0.5667180897654671,114104.0177525452,6878,1601,280,5301,1408,2050
4452,33783.794043433125,29047.950324955196,62831.74436838832,1.7250693436476323,6.717311279293359,0.5672411341910332,113916.37930925316,5806,1971,982,6135,1004,1620
4453,34704.47519635857,27512.62302979019,62217.098226148766,1.983587110370392,6.594153747334449,0.5682914436430434,114365.21578944415,5316,2654,789,5738,1607,1414
4454,33142.92579919585,30685.18745129107,63828.11325048692,2.2498696159758227,6.687811943196014,0.5719668192997274,115136.08229272412,4684,3260,815,6072,1068,1619
4455,33669.908892588195,31590.213031231342,65260.12192381953,2.309537441513317,6.807095918011495,0.5699648442121176,114462.93526007501,4669,3821,269,5968,1365,1426
4456,33998.39635680052,28740.514830892662,62738.911187693186,2.646060637105986,6.5627073848921755,0.5681957435171655,114499.80024336983,5179,3059,521,4989,1524,2246
4457,33066.95619102048,29666.185040082568,62733.14123110304,2.3401668245293017,6.699744013450914,0.5662224864961065,113881.96870651242,4935,3105,719,6166,1008,1585
4458,31898.54782734352,27670.6667575116,59569.214584855115,1.8898453325107172,6.431853042893988,0.5698670613022515,115165.564100375,6151,2301,307,5101,1202,2456
4459,34184.928109388326,30911.882795957095,65096.810905345425,1.7710020857550681,6.661720778081636,0.5717857437547161,115569.6670204966,4876,3401,482,5796,1695,1268
4460,32272.22429914955,32182.522862939237,64454.74716208879,1.782084153349815,7.149268023227475,0.5709706006248467,115409.9987245363,2680,5159,920,6268,1027,1464
4461,32811.067884369964,28144.991714333508,60956.059598703476,1.8897484395697834,6.085596451588705,0.5720659519167591,115240.52529337439,6346,2296,117,5352,1854,1553
4462,32855.784835511564,27951.451218783754,60807.23605429532,1.8148933586204692,6.106586539617403,0.5814275077388341,117132.28114414898,4453,4046,260,3627,2873,2259
4463,32399.589427694358,30761.107524860185,63160.69695255454,1.7953935141868405,6.735982215099935,0.5749085753748665,115959.70900176816,5021,3701,37,5564,1489,1706
4464,34327.99854483179,28839.5177239657,63167.51626879749,1.8895138594297136,6.645673034483129,0.5689127878399345,114725.33533090819,6361,2283,115,5757,1629,1373
4465,33399.79826150798,31803.903193559247,65203.70145506723,1.8396364435547157,6.286884525167584,0.575609202343473,115711.52311538026,3801,4875,83,5561,1874,1324
4466,31290.738903369915,27409.495807985808,58700.23471135572,2.2525150691476092,6.20625967381253,0.5744885261620668,116045.58185502973,5536,2929,294,4510,1942,2307
4467,33013.00414551545,27141.537679639132,60154.54182515458,1.7069944693650523,6.623149974388938,0.5694736921507914,114723.41892078143,7275,1288,196,4518,2187,2054
4468,31191.855590304247,29119.312617981755,60311.168208286006,1.885061651786065,6.609865567458981,0.5671424111792491,114263.99824673662,5899,2700,160,5097,1203,2459
4469,33821.71009620795,31345.418791559805,65167.12888776776,2.2202587422699747,6.650016687444308,0.5727716567791642,115436.606998918,4933,3702,124,5707,1807,1245
4470,32173.196492465373,29614.912047305257,61788.108539770634,1.672315197381348,6.419908885614507,0.5692811537336473,114669.95177327102,4847,3188,724,5510,1561,1688
4471,31289.538612917546,27609.80327903842,58899.34189195596,1.6740372913172719,6.414208502076871,0.5717745044655969,115811.30284265535,4713,3242,804,4709,1642,2408
4472,32279.518975192274,30245.66320518839,62525.18218038067,1.766343379530526,6.801556745613369,0.5689303153483719,114708.17014315286,5579,2716,464,5909,1268,1582
4473,32466.711687579176,31342.887916024058,63809.59960360323,2.143311420141235,6.809665359245114,0.5661861601884864,113894.1243388285,4456,4138,165,6390,883,1486
4474,31879.75330911427,31766.191664043155,63645.94497315743,1.808290948515323,7.075213685437092,0.5688633686479129,115074.94115044268,3875,4783,101,6449,795,1515
4475,32457.427535778137,28457.271874810307,60914.699410588444,1.5738687002485345,6.7056545886299626,0.5674593887070595,114419.25125864352,6050,2639,70,5464,1384,1911
4476,32760.999184392436,28105.430752537246,60866.42993692968,1.6639781554638189,6.448036168434057,0.5696061243580273,115035.53064205156,5752,2535,472,4598,1829,2332
4477,33136.2773688583,26552.166980416798,59688.444349275094,2.0747919675093667,6.459637120186517,0.566343408938518,114426.91453321121,7347,1144,268,4374,2103,2282
4478,31847.385606482465,27689.330791805405,59536.71639828787,2.2217086566572006,6.433548745815093,0.5664915526502405,114205.0876332313,6077,2096,586,4806,1605,2348
4479,34644.88095800195,28621.89679315142,63266.77775115337,2.4780308692854076,6.6695432678938955,0.5687781796312007,115140.72270598532,5404,2744,611,5898,1370,1491
4480,32534.468042767265,27824.881800398416,60359.34984316568,2.3142440117280128,6.509987766160622,0.5651514417439973,113880.17194405811,5954,2734,71,5510,930,2319
4481,31245.509155595093,27052.74702890665,58298.25618450175,2.436406452334758,6.297382457242849,0.5709663450899652,115164.55447717966,4932,3455,372,4313,1920,2526
4482,30679.207808936422,27724.927546653846,58404.13535559027,2.534660309129038,6.784547627825815,0.5676186913779588,114297.2270601605,6446,1753,560,4671,1283,2805
4483,32617.332965495913,29317.228446064735,61934.561411560644,1.8939935443983416,6.8758798648257216,0.5681816511321279,114816.8627004182,6067,2512,180,5620,1124,2015
4484,33816.37432538849,27213.880989518413,61030.2553149069,1.9880251503551418,6.206192475378486,0.5737157767121523,115516.81253673865,7176,1281,302,4522,2045,2192
4485,33050.219788111295,30479.960119539177,63530.17990765047,1.9639997512476681,6.936788851834756,0.5741735492097682,115697.69371036506,4729,3604,426,6134,1156,1469
4486,35606.433856698815,27754.794419249472,63361.22827594829,2.473433905019763,6.48009403829974,0.5687852626205249,114636.03548945798,6592,1691,476,5201,2265,1293
4487,30971.67451428885,29469.264913219802,60440.93942750865,1.381495415401346,6.736647545254857,0.5699277457303367,115103.2629786603,4314,3828,617,4747,1604,2408
4488,33411.683634262634,31752.327548183057,65164.01118244569,1.6602944955025014,6.635542710210718,0.5653410686669101,113727.4588896647,5028,3557,174,6886,717,1156
4489,33109.648310329365,31005.79849743405,64115.446807763416,1.8993975645957302,6.53422175562715,0.5673010024030871,113981.07127127689,5267,3350,142,7000,640,1119
4490,33748.854876626465,30356.182266356755,64105.037142983216,1.7635480139667512,6.868972290364091,0.5723844374755328,115925.07201008523,4657,3976,126,6263,1195,1301
4491,34366.36350351562,29178.298515271705,63544.66201878732,2.149573345330397,6.461649213028043,0.5679013910109835,114604.99732063366,5627,2883,249,5590,1747,1422
4492,33422.397706656644,27587.563374949983,61009.96108160663,2.175287681210267,6.368598136981545,0.5697845552284171,115042.09645593872,5339,2967,453,5423,1206,2130
4493,33417.29255839458,30580.94572426411,63998.2382826587,2.1268593668920697,6.4964135138520085,0.5676783383958534,114302.03946735778,4694,3420,645,6722,1094,943
4494,33694.23989069795,26579.3042252371,60273.54411593505,2.4912526315469146,6.352870847515013,0.5684387305142573,114631.70433806576,6649,1855,255,5276,1396,2087
4495,33919.92597118233,27353.12843616826,61273.05440735059,2.5441461832344348,6.906435123625039,0.5663551667647782,113953.7191049788,7035,1260,464,5557,1151,2051
4496,34922.99004620306,28652.40601477894,63575.39606098199,2.5793847484831143,6.779436127697051,0.5645389079532778,113650.13907950887,6455,1690,614,5570,1466,1723
4497,34901.5698321794,26304.427225513835,61205.99705769323,2.4917356964136914,6.311252369889552,0.5685822765481847,114504.83651008822,7272,857,630,5264,1676,1819
4498,35816.01554517083,31503.989911653323,67320.00545682415,2.5469092283996093,6.506621601106821,0.5738840808442252,115583.67364700104,4464,4118,177,6768,1514,477
4499,32742.636007973135,32860.711750333474,65603.34775830661,2.6305229769012883,6.935184739095774,0.5713835989583019,114944.21584304463,3421,4900,438,6961,762,1036
4500,34278.84251623778,29776.7330923461,64055.57560858388,2.606740052471223,7.027929480792879,0.5665493989066585,113725.56236720367,6336,1988,435,6322,643,1794
4501,34337.39650079494,31313.99209032343,65651.38859111836,2.7371471566863153,7.170123249406344,0.5711622888275837,115390.06477775931,3768,4608,383,6440,983,1336
4502,34831.31883002913,30042.87493508479,64874.193765113916,2.233261495053934,6.751854235649999,0.569648779660966,114688.82869295933,4650,3763,346,6283,1557,919
4503,32129.647375500193,26197.7989561846,58327.4463316848,2.236124239525398,5.930600827874528,0.5750984355571357,115688.78519415946,7593,949,217,3623,2431,2705
4504,35081.39379145609,26890.002335262056,61971.396126718144,2.133634034572193,6.668530661772525,0.5714103725340066,114847.05343462747,6666,1430,663,5120,1753,1886
4505,33020.88480602324,28891.13130690249,61912.01611292573,2.367270917744917,6.704109817733435,0.5656029818416316,113992.5366696252,4817,3372,570,5760,1063,1936
4506,34179.13279125271,31719.0346811607,65898.16747241342,1.9317413386499003,7.018438810408725,0.5659363644716854,113709.01047924692,4156,4420,183,7085,798,876
4507,34711.14917795993,29507.563578324414,64218.712756284345,2.289789922035937,6.951212460010677,0.565916307460511,113808.10404793225,6211,1968,580,6265,1297,1197
4508,35496.500350066955,30540.240659117833,66036.74100918479,2.1796687318924364,6.725101779165667,0.5723044151599929,115382.00937355678,4794,3685,280,5981,2008,770
4509,33663.98386109003,27481.50315206771,61145.48701315775,2.0835888743310034,6.581558710562679,0.5689241624464794,114845.2093163213,7076,1343,340,4861,1876,2022
4510,33100.77756485009,28350.602855278376,61451.380420128466,1.8304574770391062,6.607200377802123,0.5651601202162229,113696.45112124046,5964,2347,448,5611,1169,1979
4511,33551.67203904075,28541.278151894872,62092.95019093562,2.4947315426545664,6.497147896725877,0.5629887086592884,113377.93961609447,6464,1889,406,6235,728,1796
4512,34836.63285018439,27082.044112848576,61918.676963032965,2.2830246984558746,6.324764953891684,0.5652790237239366,113722.42928881665,6709,1726,324,5832,1401,1526
4513,32046.84309943274,31042.710116639013,63089.553216071756,1.8966421247294563,6.791868207466613,0.5718521057162035,115500.36317657738,4725,3729,305,5934,1198,1627
4514,32844.46953969206,27317.929110000456,60162.39864969251,2.0754762282311696,6.583384219458427,0.5673632640590323,114412.4807780387,7341,1024,394,5120,1227,2412
4515,32008.522768748277,29527.771955802385,61536.294724550666,1.0139427011789717,6.579810831969635,0.5655034996966487,113785.46382817572,6773,1773,213,5816,819,2124
4516,32993.56264603777,32812.831228797746,65806.39387483551,1.4692403887507697,7.258648985455314,0.571378720206573,115465.67987035679,4133,3852,774,6603,838,1318
4517,32086.73661670633,30792.72441401049,62879.46103071682,1.7175966301038945,7.226289182958344,0.5687159931097302,114785.29300782479,5232,3329,198,6302,577,1880
4518,33362.5811718998,27420.341501174495,60782.922673074296,1.6616920157500867,6.698170011943416,0.5673899390012257,114184.71683133538,6912,1546,301,5319,1490,1950
4519,31956.282014720244,27685.431164109745,59641.71317882999,1.7532280469847799,6.448998581901516,0.5673579766165614,114292.44931840808,7059,955,745,4798,1515,2446
4520,32412.42828605725,27127.11110624321,59539.53939230046,1.701695953538386,6.003285678590745,0.5751863919617451,115630.46858407579,6826,1646,287,3929,2012,2818
4521,33413.51581208152,30740.510333915714,64154.02614599723,1.7790294366478687,6.617458829350437,0.5734007300358535,115178.5847156102,4813,3241,705,5572,2057,1130
4522,32847.83490572484,29103.648742263133,61951.483647987974,2.034574375249709,6.19652420744131,0.5745521029934877,115465.19141419647,6509,1741,509,4493,1967,2299
4523,34736.214086554624,31340.653148611058,66076.86723516569,2.325464951025005,6.676749481455115,0.5771551616265103,116245.40906230589,4744,3582,433,5919,1790,1050
4524,32839.360687713015,27518.775283301748,60358.135971014766,1.4942074913046761,6.448828923207579,0.5742957336103387,116273.4402362012,6454,1884,421,4667,1950,2142
4525,33941.139802595906,29273.363955503017,63214.50375809892,1.883941588163609,6.6393737025106,0.5702052216337438,115238.28994238582,5876,2723,160,5253,2054,1452
4526,34810.2381967329,28838.305517530887,63648.54371426378,2.243337173295139,6.776328363220357,0.567955754467197,114765.31678276579,5045,3498,216,6349,1023,1387
4527,35647.3454633169,28159.970807716647,63807.316271033545,1.6886327939687102,6.468196205564922,0.5697640654677023,114494.44972067543,5473,3095,191,5755,1600,1404
4528,34217.92289033778,30172.960252537705,64390.883142875486,1.6008475702490896,6.529888374070175,0.5704352039975961,114863.76925686389,5436,3090,233,5882,1353,1524
4529,33836.275816454116,29175.352723738783,63011.6285401929,1.7482345661735812,6.472872298903935,0.5707365646429786,115034.38488586787,5734,2663,362,5379,1951,1429
4530,32643.261899529793,28669.097886038635,61312.35978556843,1.2477281201126875,6.537132612588902,0.5708788160258657,115004.86671997879,4832,3707,220,4971,1514,2274
4531,32901.115745984775,29061.540773908207,61962.65651989298,1.2151565709533414,6.882363455618418,0.5705419196884441,114864.02840416147,6044,1927,788,5476,1097,2186
4532,33136.0845234139,31950.226141886676,65086.310665300574,1.1410263711508297,6.661986073439588,0.5759484370757905,115940.10153803596,4872,3669,218,6180,1482,1097
4533,34504.09057775563,30216.083518603966,64720.174096359595,1.4808168860328874,6.665189277084986,0.5757563068922242,116057.6171067998,4448,3764,547,6376,1509,874
4534,31686.73509360762,33794.26195679995,65480.99705040757,1.2536831754444349,7.218388729264355,0.5686260080672453,114697.64325382684,3291,4615,853,6846,470,1443
4535,33903.87689149284,27755.26900085401,61659.145892346845,1.3759990044903188,6.5362991252797045,0.5694089367307427,114443.07221129663,5632,2016,1111,5142,1406,2211
4536,33836.36082981083,30851.46169418589,64687.82252399672,1.549976134707807,6.603086624017774,0.5700476235830423,114817.76912150842,4226,3502,1031,6515,1126,1118
4537,32523.583364279613,28229.23746781993,60752.82083209955,1.7783975656639321,6.355840580826962,0.5723438803321604,116383.17186429846,3767,4213,779,5160,1700,1899
4538,32858.826037000494,27585.683584085535,60444.50962108603,1.187049236545759,5.965167013306988,0.5759256341937419,116234.51645966446,4825,3275,659,4873,2290,1596
4539,30988.190123770422,26968.758083203913,57956.94820697434,1.2089246186310016,6.4736792570202395,0.5752087587349658,116674.40495174065,6146,2231,382,3726,2376,2657
4540,32351.51654728128,31060.470779691015,63411.987326972296,1.5552280192958112,6.660312379809754,0.56891492824637,115030.63889534146,4868,3307,584,5985,992,1782
4541,32306.483715868224,28531.478978521416,60837.962694389644,1.6008770004009039,6.700238691762208,0.5682015185691446,114506.28939736857,5758,2556,445,5180,1289,2290
4542,31858.53443136384,33811.677189034584,65670.21162039842,1.4531458460840636,7.347091700937885,0.5716820609730953,115629.32392308679,2653,5390,716,6147,1092,1520
4543,33514.140548623735,29672.9693935244,63187.109942148134,1.8871381621549106,6.686355735384815,0.5662766407687467,114278.32672054213,5646,3014,99,5665,1624,1470
4544,33270.67604836854,27946.886532332126,61217.56258070067,1.8394241004215337,6.7410727877610945,0.5669758262835178,114344.76827365218,6356,2314,89,4838,1642,2279
4545,34269.46680425012,30777.733227536184,65047.200031786306,1.7504976395834349,7.017612864661775,0.565904115110226,113589.2591881725,5271,3254,234,6560,788,1411
4546,33968.55935695597,28553.900259856528,62522.4596168125,2.0392874197661772,6.61064284276072,0.5685988758665119,115104.73218394937,5403,2865,491,6334,858,1567
4547,33423.005596853,29669.852121525473,63092.85771837847,1.5772279271581036,6.67686609251245,0.5651492661743286,113702.15201193206,6457,1953,349,6217,678,1864
4548,33210.48199403328,29500.405069108197,62710.887063141476,2.1575634455379893,6.609840574494842,0.5653654213639727,113908.40107528184,5244,2991,524,6277,983,1499
4549,33402.56623874605,27326.45600715539,60729.02224590143,2.3455061225881013,6.447853288844828,0.5676687228794803,114516.81092314722,5708,2509,542,4859,1829,2071
4550,33296.64962187528,29022.584535673763,62319.23415754904,2.1958530342580325,6.648237765067474,0.5700687064362197,115332.06154835552,5209,3024,526,5203,1820,1736
4551,33111.154112567994,28902.56202410707,62013.716136675066,2.0961608739298154,6.400845615396395,0.568222601515027,114811.16887354858,5209,3291,259,5123,1548,2088
4552,32474.974715126038,29383.604315898574,61858.57903102461,1.7391310503300816,6.639565494439415,0.5692572679850841,114853.82922661051,6153,1969,637,5968,1078,1713
4553,32280.624504947875,28450.2727481956,60730.89725314347,1.364272483609765,6.596508247837905,0.5655362441615173,114026.49388210829,6351,2158,250,6071,757,1931
4554,31408.525906549432,27203.643171905223,58612.16907845465,1.6472050981070705,6.276507283918332,0.5695001652778837,115149.5398696971,5000,3184,575,5299,1097,2363
4555,30029.83821834103,30147.633944333324,60177.472162674356,1.9326941149572514,6.655562010598901,0.5683113876245788,114787.96135350825,4084,4161,514,5748,745,2266
4556,32714.76425871047,27505.3165832643,60220.08084197477,2.347495479119815,6.462371791666393,0.5661282257837449,114068.7138582978,6240,2029,490,5832,795,2132
4557,31257.1355748097,28803.700655254066,60060.83623006377,2.265786867299576,6.902075602589236,0.5656411456836608,113911.0341245506,4068,4167,524,5573,758,2428
4558,33876.84330141594,31499.665518893013,65376.508820308954,2.1754806400634843,7.096624372065899,0.5685492547715233,114618.60235373625,4103,4218,438,7096,870,793
4559,33043.371901186074,32878.22411670824,65921.5960178943,1.8023760152539003,7.086111924407383,0.5665208875299622,113872.2619685496,4142,3840,777,7110,636,1013
4560,33412.35408886788,30858.297154609816,64270.651243477696,1.888331177756441,7.253570897061163,0.5671758564064147,113984.88969650304,5332,3098,329,6734,705,1320
4561,32658.266841470522,29110.452336528466,61768.71917799899,1.9397104488702626,6.8592654620280245,0.5692353236135544,115095.98868516955,5207,3265,287,6259,640,1860
4562,32282.679966022908,26170.946805205924,58453.62677122883,2.4431054889519537,6.54089825458883,0.5660744482425245,114312.35674569805,7243,1278,238,4465,1586,2708
4563,31999.327523883552,28429.226162193598,60428.55368607715,2.1471603351301827,6.799604609047635,0.5655485735496342,114218.49710547406,6053,2437,269,4888,1321,2550
4564,34409.137526949984,28848.995432918935,63258.13295986892,2.4142226040904022,6.573413917011269,0.5660617699122766,113722.24790058754,6032,1930,797,6155,994,1610
4565,34037.14583274492,27944.809892834004,61981.955725578926,2.110961830398113,6.546562375386615,0.56993042821697,114871.66716754436,6383,1855,521,6255,884,1620
4566,33266.95201168663,29018.090193290416,62285.04220497705,2.1283343160164945,6.929834100484476,0.5703112762317625,115017.4347689135,4709,3733,317,5872,730,2157
4567,34075.9261924095,27857.13460793892,61933.060800348416,2.06879003009657,6.650639433649995,0.5690805892025759,114422.16579999677,6844,1673,242,5477,1699,1583
4568,35055.10542761692,27856.016580259406,62911.12200787633,1.8915085442663657,6.616905712733262,0.5702797158213638,115222.54091244773,6025,2663,71,6242,1330,1187
4569,34045.49103034214,31189.379835098196,65234.87086544034,1.9043965543012695,6.828214000567428,0.5703388130466778,114973.35222907827,4642,3941,176,5909,1533,1317
4570,34181.92894890768,33119.405613615076,67301.33456252275,1.9043550265990674,7.2242895397830065,0.5674559999025679,114083.38188657182,3423,4577,759,7307,927,525
4571,35068.696480735605,31428.14832853651,66496.84480927212,2.001373154413106,7.133930883249278,0.5661586181045074,113651.34103359672,6006,2549,204,7330,603,826
4572,34220.979696587776,32042.100528871,66263.08022545878,2.098493211492524,7.034811682768318,0.5677230812436135,114678.5724572313,4161,4539,59,7455,620,684
4573,35121.90242391144,31844.63337458228,66966.53579849371,2.255893428430544,7.073684117817519,0.568340033112297,114474.19203821148,4010,4616,133,6839,1536,384
4574,33164.914095318905,29779.52357098662,62944.43766630553,2.0266458581691698,6.872567727714822,0.5709517247325138,115506.92548846424,4031,4260,468,5831,1462,1466
4575,32103.14126512089,29240.397208197282,61343.53847331817,1.7791847822046951,6.748946988216194,0.5706829572491728,115069.37932361507,5252,3017,490,5269,1288,2202
4576,34507.60558803869,26705.79609409867,61213.401682137366,1.3302860369594665,5.952523053537293,0.5752670523148846,115774.00400043052,6682,1717,360,4043,2848,1868
4577,35454.20360678284,28425.871299410268,63880.074906193106,1.9695849065727147,6.552611898620502,0.5739564667018742,115850.98996339583,5538,2543,678,4589,2678,1492
4578,32918.60279135906,27614.033528835273,60532.63632019433,1.6281396131480728,6.262152625365815,0.5757100657643903,116958.18108597765,4465,3538,756,4023,2345,2391
4579,32971.918925263235,29434.69769546154,62406.61662072477,1.7767547570135667,6.782845484573524,0.5690401605920157,114663.36924679753,4925,3340,494,5356,1299,2104
4580,33757.13523152298,28579.630800925683,62336.766032448664,1.865979544123297,6.33729535293798,0.5679652498334596,114264.23384348191,5554,2668,537,5536,1220,2003
4581,33236.29698584621,27150.02724423973,60386.32423008594,1.6733349462396039,5.914995659243725,0.5768750091122173,115992.40194271973,6623,1605,531,4214,2495,2050
4582,31770.58197173066,28145.415975457905,59915.99794718856,0.839029019249557,6.350349351641012,0.5737847022569408,115728.72682660766,5163,3415,181,4812,1594,2353
4583,31409.107006807597,30936.981592492844,62346.08859930044,0.9329473403367124,6.112718569548501,0.5739966056901911,115850.27457757715,4221,4366,172,5532,1155,2072
4584,31585.068568833205,31596.482194063075,63181.55076289628,1.2593921054536688,7.035872020498147,0.5722436962675139,115534.70648923627,5027,3628,104,5847,1221,1691
4585,33296.1800511724,32905.11674047196,66201.29679164436,1.6320122865508082,6.888985981387642,0.5655701710156508,113749.41437561798,5031,3360,368,7437,703,619
4586,34161.71904460327,29167.010494527414,63328.72953913068,1.8594726566432733,6.852831079067242,0.5661564977803888,113948.38799432246,6673,1532,554,5941,911,1907
4587,35338.63326445147,28780.626699768487,64119.25996421996,1.9983261496403153,6.866109129111401,0.5681772202211749,114422.26682301678,6407,2066,286,5591,1587,1581
4588,32333.735028459774,33570.88080117815,65904.61582963793,1.682129836998346,7.295996244277715,0.5677309925171165,114647.86701309629,3365,4794,600,6704,569,1486
4589,32492.230668734694,31199.066705322497,63691.29737405719,1.7407805792229303,6.549029010866312,0.5725336218696886,115312.49380758421,5142,2840,777,5456,1315,1988
4590,33574.220435994284,28248.279731781255,61822.500167775535,1.9753160362965718,6.276397902406842,0.5720770651501438,114857.09169714358,6886,1664,209,5325,1695,1739
4591,34567.92090707369,29010.179743690547,63578.10065076424,1.6915039124537306,6.576712147765893,0.5664599365878233,114056.87408818184,6150,2388,221,6484,1003,1272
4592,33232.41932550418,32468.575801157745,65700.99512666193,1.258521603876125,6.588568229906596,0.5722662504235796,114993.42961451653,4035,4258,466,6613,1460,686
4593,32297.862238246285,28517.109216065583,60814.97145431187,1.3592559144463803,6.4937006937617765,0.573505944624716,116278.03347537745,4125,4282,352,4921,1586,2252
4594,29939.018670828693,30192.428864743284,60131.44753557198,1.3024158539510886,6.640756157391382,0.5640546634502913,113647.7326151074,5759,2760,240,5676,439,2644
4595,31599.436291663365,27821.09004360059,59420.52633526396,1.6493052460769067,6.744851943672938,0.5650492550448775,113950.05957751059,6016,2464,279,5284,852,2623
4596,32479.27138661698,33513.43085697407,65992.70224359105,1.543334069376719,7.238099714993663,0.568503060941417,114711.68899917511,3134,5375,250,7378,679,702
4597,33507.558096689325,28135.075859992718,61642.63395668204,1.4725010616289504,6.20431333756553,0.5734252507814876,115633.36551469011,6458,1523,778,4500,2316,1943
4598,33261.39295947633,29968.59540488459,63229.98836436092,1.4995907048657733,6.720077343264291,0.5704411033050139,114666.40793880053,5394,2553,812,5918,1700,1141
4599,33891.42632625304,27133.23387683529,61024.66020308832,1.3724076328223436,5.965104956746601,0.5734701913775804,115771.97520654975,5990,1964,805,4678,2483,1598
4600,36699.670361192446,28160.111271808684,64859.78163300113,1.6680072718675272,6.699880909465048,0.574310040884987,116095.78104451642,5698,2696,365,6090,2048,621
4601,33727.478295125955,32367.02201361444,66094.50030874039,1.4301679004961327,6.938644437894089,0.5705043722342792,115168.64633093015,5045,3584,130,6973,657,1129
4602,33556.983190547246,29957.836816526433,63514.82000707368,1.6289102742847525,6.727926709799466,0.5677654091759012,114734.0458808753,5359,3270,130,6022,637,2100
4603,35850.30574943811,27541.540450179717,63391.84619961782,2.2816725309282644,6.610785955103838,0.5672528993546408,114353.46947461482,6591,1642,526,5800,1155,1804
4604,32309.27045068711,29298.77593137981,61608.04638206692,2.38191034170799,6.691493303896942,0.5647693514808597,113643.28835180985,5393,3130,236,5824,870,2065
4605,35822.42262159634,29708.947485544584,65531.37010714093,2.4007690833051427,6.711818031646593,0.5678523128724899,114142.83693733766,4899,3337,523,6302,1362,1095
4606,33424.2385811299,31397.07534917967,64821.313930309574,2.080419539153926,6.7919867965092156,0.5744827148342763,116149.95841505878,4037,4000,722,5943,1440,1376
4607,33516.35528154014,29018.182306752777,62534.53758829292,1.7069143657018901,6.158752820886991,0.5770882779859774,116758.16789073433,5623,2880,256,4279,3035,1445
4608,33632.08092388483,29660.027573503856,63292.10849738869,1.548377843623372,6.717217347667161,0.5761905888606598,116504.93683407233,4288,4370,101,4993,2125,1641
4609,34422.71604297277,26919.10581276284,61341.8218557356,1.9362602257138881,6.208940282281107,0.5693539807505863,114956.68666376181,7340,1148,271,4731,2334,1694
4610,34410.096832773204,30298.21998887691,64708.316821650114,2.1608481778300277,6.494606912906765,0.5695932699753945,115016.19235969652,4638,3817,304,6383,1378,998
4611,32853.523703589504,29581.602818144227,62435.126521733735,2.0865095484955107,6.525683706233922,0.5683752889928713,114470.0476930907,6129,2374,256,5312,1539,1908
4612,32017.908325389682,30342.305435733942,62360.213761123625,1.931419830555834,6.721811790119078,0.5660124256023453,114083.384841529,5022,2934,803,5548,1228,1983
4613,34968.14966710933,31379.76035210425,66347.91001921358,2.434551657909244,6.719877855669977,0.5719556407562226,115085.58688585092,4413,3972,374,6476,1422,861
4614,34476.68885677561,31100.19026965472,65576.87912643033,2.0410689977127046,6.738849589718049,0.5711833226994413,114944.6891016628,5999,2545,215,6304,1341,1114
4615,34686.98311495864,30375.60586450537,65062.58897946401,2.2116958291699493,6.845466221733081,0.5668228105787229,114008.14510008978,6121,2578,60,6833,787,1139
4616,35528.579209304444,30325.75351912514,65854.33272842958,2.2314957288877713,6.803223031849719,0.5678474993244933,114134.63134888653,5815,2543,401,6980,1042,737
4617,33232.79529051226,30749.753516172765,63982.54880668502,2.099061539779073,6.704194413964907,0.5717748156977572,115530.55736346674,3998,4341,420,6171,1036,1552
4618,31968.82221117191,29545.031820093656,61513.85403126557,2.2986962759904195,6.800579619289965,0.5668399577869476,114050.37140238925,5753,2287,719,5685,660,2414
4619,33455.492867487344,31430.296348283213,64885.78921577056,2.5192017984825203,6.678003623021506,0.566705584424209,114173.01153231956,5257,3428,74,6721,1069,969
4620,34542.54654104107,28557.79448761194,63100.34102865301,2.5703939904157678,6.606089956938113,0.5690718378854862,114741.04244943493,6310,2421,28,5413,1805,1541
4621,35281.681199375926,28228.91091917635,63510.592118552275,2.4774726378252456,6.565996099380205,0.5673399128926873,114351.84105019142,7150,1361,248,5549,1803,1407
4622,33831.023353395605,31178.39398759195,65009.41734098755,2.259667305862652,6.873974682104958,0.5689112598011364,114795.46765431676,4342,3976,441,6416,990,1353
4623,33584.42014631185,28633.716713913564,62218.136860225415,2.378807218231789,6.560173114314035,0.567934648617663,114260.9794984037,6076,2105,578,5905,1252,1602
4624,35353.23048221525,27696.64357178381,63049.87405399906,2.091477537314619,5.921616645479357,0.573678064161337,115560.21650356913,6231,1876,652,5329,2441,989
4625,33978.29074857973,27930.933498002298,61909.22424658203,2.1632393240172463,6.683616275143175,0.5753425682130066,116508.90591407055,5783,2708,268,5178,1927,1654
4626,33366.55942347821,28308.082362203833,61674.64178568205,1.6806768516055128,6.395758895193068,0.5673632857632961,114251.85506554139,5994,2492,273,5733,1161,1865
4627,32220.440933183785,27507.683511604144,59728.12444478793,1.6388524342458997,6.573261116666851,0.5672446723216136,114590.9420789899,6158,2401,200,4588,1631,2540
4628,33287.152739161946,32590.28095671175,65877.4336958737,1.6810978071425406,6.899812332853008,0.5697724229244034,115120.46491647865,3003,5511,245,7000,916,843
4629,31672.33280151431,30696.083148184982,62368.415949699294,1.4538069957046715,6.431827007292251,0.5750939889078698,115914.80415738065,4267,4375,117,5405,1524,1830
4630,33076.7440674425,29760.505471369,62837.249538811506,1.7502985760921852,6.83722755226288,0.5748199659537313,116038.31641214265,5581,3072,106,5582,1434,1743
4631,33487.80019720197,30521.284734917503,64009.08493211947,1.787546932453607,6.961353159866678,0.5682039660764643,115007.63463006333,5404,3076,279,6359,731,1669
4632,33892.62721320707,29771.469864780458,63664.097077987535,1.5164674408457834,6.701930708109673,0.5679039020270603,115053.99846115985,3978,4058,723,5250,1715,1794
4633,33728.46389617984,30637.542769668828,64366.00666584867,1.5930352345278007,6.798264204520543,0.5678054979298944,114233.57060957613,4514,3933,312,6497,1215,1047
4634,33788.4189161463,27406.424112169432,61194.843028315736,2.0366520870376137,6.55216005549791,0.5682174518907903,114225.72268368864,7001,1519,239,5130,1459,2170
4635,36111.259811802476,30310.4298010106,66421.68961281308,2.1198529616666804,6.3744639589887155,0.5755624927641566,115786.3340317364,5523,2872,364,5834,2216,709
4636,33477.81849602407,29633.763689425607,63111.582185449675,2.1342468153232597,6.769726412678513,0.5721059268978387,115260.39775965843,5259,2891,609,5909,1202,1648
4637,33337.49357672998,27800.444359535588,61137.937936265575,1.525600391124401,6.3114083863101245,0.5656609651933854,113748.55277714007,6993,1538,228,5765,1007,1987
4638,32742.19313432517,28947.09317666838,61689.28631099355,1.6053999384102844,6.268190415923805,0.5705205105987405,114818.61185573337,5968,2484,307,5363,1571,1825
4639,31503.474326971867,27447.478153372893,58950.95248034476,1.8241729545745482,6.272807690217885,0.5731164151885646,116360.80123888793,5492,2908,359,4364,1908,2487
4640,33013.37153532197,27816.21278549189,60829.584320813854,2.0634293246039417,6.50387427068257,0.5669442710518668,114296.59828588419,6287,2208,264,4958,1581,2220
4641,33579.6442804629,30463.806695125044,64043.45097558794,2.3748028457262857,6.479154798994716,0.5664308069509718,114023.66986381283,5614,2746,399,6025,929,1805
4642,33656.75921093822,30882.33405777253,64539.09326871074,2.715440958609477,6.595269660604867,0.5680680547257819,114653.88561701322,4824,3659,276,5547,1515,1697
4643,33588.39021945217,27806.445162368338,61394.83538182051,2.631555714824706,6.444325224555339,0.5663573118366535,114440.48438473085,6051,1980,728,4632,2015,2112
4644,35698.39711173632,29885.267739882176,65583.6648516185,2.407482984706674,6.404788877739314,0.5687951048566233,114616.58206366446,4329,3689,741,5971,1565,1223
4645,34111.023488926636,27995.123796133415,62106.147285060055,2.2303630845162017,6.284790509158927,0.5681810464310211,114292.0548162301,6375,1928,456,5887,1258,1614
4646,33362.51605983528,31000.984431067693,64363.500490902974,1.986274034975121,6.768572230792848,0.567690385751922,114197.91894646929,4071,3941,747,6845,778,1136
4647,33333.906694686055,29605.277136125045,62939.183830811104,2.0497699192240297,6.634454730928501,0.5657862991646684,113955.85621795114,5678,2534,547,6424,1058,1277
4648,34169.8770308464,27756.02389682414,61925.90092767054,2.1208878582365407,6.445560996251631,0.5663928153420877,113849.70254169898,7205,1077,477,5678,1199,1882
4649,32852.76491629884,30219.858435050504,63072.62335134934,1.628253715895793,6.572413883446343,0.5716998263333096,115424.7177595314,5062,3178,519,6008,1218,1533
4650,33539.209233684036,30006.54358680262,63545.752820486654,1.7578469948853273,6.8020467474448605,0.5732295667285441,115732.66443959699,5144,2888,727,5928,1150,1681
4651,32941.27559571563,29739.46493398698,62680.74052970261,1.6609837260705058,6.306207690104801,0.5676832946987638,114363.50070714705,5552,2511,696,5743,1109,1907
4652,32361.296343223745,26879.421904968935,59240.71824819268,2.0069930537384155,6.324582237540324,0.568637731332067,115145.96725255999,5712,1856,1191,4475,2092,2192
4653,34236.460229813245,27798.891237403175,62035.35146721642,2.311651816151921,6.743881736405947,0.5662099463222279,114142.19985991744,5913,2280,566,5730,1484,1545
4654,35163.135742430335,31108.098763653285,66271.23450608362,2.1103177409152747,6.829258530387994,0.5678098501531292,114142.0786350431,3807,4663,289,6473,951,1335
4655,34886.86690299475,27927.485467071107,62814.352370065855,2.3925385794721494,6.63448282878329,0.5709183525868105,115865.69488200589,5283,3148,328,5093,1576,2090
4656,34638.11648698075,30321.55594443006,64959.67243141081,2.427060016031334,6.747051756189069,0.5676980772928137,114153.2067195505,5190,3365,204,6665,931,1163
4657,32979.32170770571,26123.146252809514,59102.46796051523,1.881595333098177,6.261908297014374,0.5637825091319916,113827.33797484607,6436,1494,829,5033,1186,2540
4658,33474.04663792192,27671.093398572248,61145.140036494166,2.3985753382901542,6.652595419504428,0.5676251993540872,114305.76303361509,6062,2489,208,5429,1377,1953
4659,36170.40252959901,29985.249814536164,66155.65234413517,2.340018234310353,6.734259475659147,0.570006020710304,114861.84110805839,4662,3336,761,6152,1985,622
4660,33512.79910112319,31544.010622084643,65056.809723207836,2.2537504844679583,7.038280920274689,0.5677928466023038,114484.13711246628,5323,2816,620,5897,1289,1573
4661,30974.09526991303,27739.4974865152,58713.59275642823,1.596937812176333,6.629757397916884,0.5669103473758604,114671.62195079462,6473,1724,562,5082,953,2724
4662,34336.919677187725,29221.29077748613,63558.210454673856,1.6333870979994638,6.940544970750369,0.5665527784262026,113999.19669264175,6455,2126,178,6191,806,1762
4663,33433.85479065494,31498.069842366513,64931.92463302145,1.6538962451708117,6.974599419086593,0.566975392628278,114124.468759495,4687,3170,902,6096,1028,1635
4664,32587.81954639447,30208.41395979432,62796.233506188786,1.727032864831967,6.801011890118185,0.5645661215027902,113515.82701643948,5573,2314,872,5873,596,2290
4665,31589.417100360453,29345.756093613367,60935.173193973824,1.3666132500815802,6.599154851872708,0.5660332183321948,113814.78102473903,5670,2521,568,5619,859,2281
4666,33568.16702352684,30689.901048416206,64258.068071943046,1.5548487035294238,6.762218468707556,0.5682601932166953,114408.03953733262,4348,4217,194,6413,1352,994
4667,33426.186007381475,28541.03174044089,61967.21774782236,1.7920167580631499,6.868417394574822,0.5672109688583633,114295.47149849063,6818,1621,320,5342,1233,2184
4668,33535.03116747077,30417.42962558901,63952.460793059785,1.8100916663725841,6.99328513310039,0.5668649719959478,114627.43678519773,4207,3942,610,6473,595,1691
4669,32122.503159417287,30753.759376319642,62876.262535736925,1.617801572160903,6.569077221871811,0.5735022496711354,115151.5606851173,4635,3709,415,5894,1439,1426
4670,32820.81700605969,32552.040792509542,65372.85779856923,2.0119816572546885,7.234617080355702,0.5717798076543844,114661.65001274961,4092,4033,634,6643,1209,907
4671,34718.91410026516,28932.968608818635,63651.882709083795,1.8964723833950135,6.509302075808446,0.571176570192665,115330.1251190584,5594,2926,239,4587,2599,1573
4672,34092.712281722655,28296.47594035567,62389.18822207833,1.791791265738546,6.489836388392845,0.5699679446018978,114930.38589148871,6026,2566,167,5337,1911,1511
4673,34785.94831414514,27585.225901675854,62371.174215820996,1.9134024106941188,6.488614340350504,0.5664041721500768,113888.43746689851,7009,1379,371,5732,1312,1715
4674,34753.836577859096,30912.91648419485,65666.75306205395,1.9854741317873403,6.9440402138754385,0.5704554079100648,114933.72139530179,4572,3635,552,7036,732,991
4675,34521.17768486999,30578.324202828597,65099.501887698585,2.3240000882470264,6.877139683876315,0.5667603448432698,113828.88160655859,5064,3396,299,6797,622,1340
4676,33257.05450201851,29079.345547464713,62336.40004948322,2.191927124418389,6.7720686155974565,0.5665518143580052,114081.83805145981,6032,2099,628,6231,876,1652
4677,34635.332722913234,28214.2678791796,62849.60060209283,2.208018591409257,6.527170995448711,0.5657937200413686,113733.01508563306,6365,2187,207,6085,865,1809
4678,35380.22512764976,26454.07113714164,61834.2962647914,1.7614673240128176,6.462764276760148,0.5716246714824581,115972.81645910624,6402,2246,111,5212,2098,1449
4679,33749.70855204141,28157.105864994777,61906.81441703619,1.9578944130581006,6.450290318350517,0.569902007307067,114706.9901407617,6283,1840,636,5082,1912,1765
4680,33947.421152908624,29442.142638486253,63389.563791394874,1.6684157007261506,6.218952287472475,0.5751636129591523,115537.13097782849,4690,3926,143,5436,1987,1336
4681,33378.209362296766,30808.062252344243,64186.27161464101,1.725766419351449,6.908141274313329,0.576131054385179,116504.84973523037,4010,4494,255,5756,1602,1401
4682,33269.96640031804,28823.504522249015,62093.47092256705,1.3170782432360912,6.578685444663287,0.572581328797023,116027.82930209367,4385,3672,702,5238,1914,1607
4683,31256.081299472593,25656.533305344783,56912.614604817376,1.4027874250890646,6.087039215983607,0.566180426421012,114305.97868591954,6588,1096,1075,3961,1638,3160
4684,30697.47136088289,29653.79271067025,60351.26407155314,1.816407114967996,6.685932775692762,0.5693370866622761,115044.13292858636,4810,3426,523,5565,960,2234
4685,33481.50756690675,28726.831450731734,62208.339017638486,1.428843140940326,6.572713796947404,0.5670148353530962,114254.86864670632,5195,3416,148,5496,1190,2073
4686,31554.063046450156,28299.0656999965,59853.12874644666,1.3585315230399317,6.158273962567365,0.5745830366866725,115921.11888114826,6162,2261,336,4279,1855,2625
4687,31788.870995598336,28773.37030281621,60562.24129841455,1.7357788772020284,6.382840095371235,0.5739716763536357,115898.56615275874,5232,2973,554,5623,1190,1946
4688,33967.764776382035,28318.385510426357,62286.15028680839,1.6245886623757568,6.481899710008945,0.5673531484834539,114181.79838177406,6790,1757,212,5378,1574,1807
4689,36387.07511090353,28937.07434529085,65324.14945619438,1.8743282739095541,6.782696435231019,0.5661281347223613,114046.27622705845,5439,2912,408,6962,731,1066
4690,30735.262235774066,30777.81521540332,61513.077451177385,1.8772995390605463,6.933901080866498,0.568883332841568,115343.37008520671,3697,4636,426,6004,660,2095
4691,31881.064373453522,29189.433264422118,61070.49763787564,2.335608208570658,7.003663555257544,0.5663929069532083,114012.30640186052,6078,2605,76,5892,699,2168
4692,33622.57876760086,26776.701348384075,60399.28011598493,2.418037169139552,6.360978690741113,0.5683660895101939,114828.73617109329,7180,1063,516,4718,1515,2526
4693,32652.588841913,27790.93701427182,60443.52585618482,1.889973917657294,5.906628272961238,0.576767654597363,116499.90773693248,4611,3905,243,3695,2760,2304
4694,31894.75577339934,27308.769566121166,59203.52533952051,2.0059778412228004,6.454766886243833,0.5791662729670065,117201.23459555185,5954,2596,209,3903,2345,2511
4695,33728.4647301708,27912.63150084657,61641.09623101738,2.3143061457286094,6.327155872910672,0.5660733633981998,114185.77049051398,6814,1837,108,5411,1103,2245
4696,32799.10778263733,27915.573625092165,60714.6814077295,1.359075776496861,6.494531107395027,0.5679477848827892,114311.43708193589,5551,2896,312,5195,1317,2247
4697,32557.418971657346,27608.09604831182,60165.51501996917,1.1830468378486765,6.528198868113708,0.5659437297002674,113841.26289239652,7362,1347,50,5078,1094,2587
4698,32961.43293955912,26934.373054274452,59895.80599383357,1.4664404059548863,6.409623480045218,0.5715583467802817,115433.83285759682,5638,2732,389,4171,2005,2583
4699,34634.09649281003,31595.83918880497,66229.935681615,2.008440291457536,6.75728166356274,0.5698648267010344,115019.29832524115,3308,5091,360,6947,1030,782
4700,34615.43066414468,31519.37789994231,66134.808564087,1.9968439777195934,6.759257434226864,0.567132772846945,113735.00396975818,4312,4144,303,7299,775,685
4701,33375.84981420027,29910.468595839247,63286.318410039516,1.6390965705749267,6.668566746305289,0.5691941667372515,115442.11173738512,4484,3638,637,5620,1438,1701
4702,34425.7466051314,28066.149203595916,62491.89580872731,1.1772736643607205,6.484141538386478,0.5702381380239935,115010.63184691189,6375,2169,215,4955,2066,1738
4703,34148.24082231435,27963.97885772274,62112.21968003709,1.4017910680665906,6.666146827611159,0.5707254245759823,115610.12642514808,5418,2895,446,4589,2409,1761
4704,33916.08221545064,28057.577598931002,61973.65981438164,1.4942490746687118,6.529131760498273,0.5665615726944914,113954.87047897531,5868,2182,709,5782,1442,1535
4705,34265.50926509859,28663.284200512197,62928.79346561078,1.7373713796041599,6.810783400301838,0.5678113172705271,114267.90869587695,6547,1988,224,5788,1272,1699
4706,31807.713243567934,29765.65311218722,61573.366355755155,1.4334259233260207,6.981736751392447,0.5714696206566984,115598.49926231752,5022,2992,745,5442,1223,2094
4707,32606.373119309406,29540.513401134674,62146.88652044408,1.360630082585303,6.245241898202313,0.5738936417135108,115727.58298089085,6618,1956,185,4508,1975,2276
4708,32185.491938573803,27702.563999778948,59888.05593835275,1.345929686330351,6.259590762198248,0.5712704590967358,114868.37535260044,4776,3688,295,5208,1318,2233
4709,31900.759791754484,27032.1829273363,58932.94271909079,1.708875300893074,6.105748724251104,0.5665020437117775,114672.05322211207,6307,1948,504,4546,1671,2542
4710,34236.56223817641,27581.994442987914,61818.55668116432,2.0237605452161618,6.461646659089272,0.568387412320491,114683.77140126318,6540,1879,340,4799,2188,1772
4711,34788.63013285793,30065.335451283358,64853.96558414129,2.062117635340699,6.575471827239044,0.5692728951163516,114603.20233661379,5547,3063,149,5735,2009,1015
4712,32755.172313365925,27834.256559213674,60589.4288725796,1.3917637573807864,6.42680757101457,0.5672655315439645,114228.86970091728,6965,1516,278,4916,1498,2345
4713,31701.35661154436,30128.053290272645,61829.40990181701,1.0929779299104363,6.628352848448848,0.5694854206945487,115082.86428840244,4840,3424,495,5707,1229,1823
4714,33428.28680041141,28426.402971871226,61854.68977228264,1.6218177432153282,6.705101769680255,0.5650986886564296,113782.92414448078,6176,2008,575,6000,835,1924
4715,35203.07595073713,32994.71862697444,68197.79457771158,1.99662356830658,7.113582443555199,0.5660257785483643,113556.76835401393,4619,3933,207,7446,552,761
4716,32196.26895777171,31372.899127783938,63569.16808555565,1.8857388918818319,7.017895266743161,0.5694152240808297,115206.74911516914,3461,4538,760,6458,644,1657
4717,33956.94450391246,31089.369302738265,65046.31380665072,2.121046320912534,6.981174308858969,0.5664504983223686,113571.92056560518,4814,3633,312,6853,550,1356
4718,33861.633345139155,28574.020840887108,62435.654186026266,2.191490832493903,6.6221555684977575,0.5642603412963586,113537.0421214181,6499,2105,155,6124,742,1893
4719,34855.60550019476,28169.816591735762,63025.42209193052,2.124535875031743,6.6692000950711945,0.5663987335787763,113879.68629347366,5574,2463,722,6060,1140,1559
4720,35975.513547157665,28422.702661334057,64398.21620849172,2.1831315074825888,6.092590666317056,0.5757908127255857,115950.20981027484,3806,4061,892,5124,2527,1108
4721,32953.049924630584,29057.781533703033,62010.83145833362,2.3589627056254243,6.922815283010557,0.5730966141467301,115960.62763839487,3839,4659,261,5146,1481,2132
4722,33756.33612821266,30042.84231208632,63799.17844029897,1.6896130293288198,6.620934809424517,0.5708971343084458,115125.00704812192,5076,3551,132,5752,1482,1525
4723,32382.5383131779,27472.473567371628,59855.01188054953,1.6856685304100039,6.197402083920871,0.5648692673941352,114393.50170448169,5387,3220,152,5313,1059,2387
4724,32943.77551307262,28506.996803271515,61450.77231634414,2.008871536687665,5.938093830230931,0.576320013553976,116532.86618989088,4952,3464,343,4501,2886,1372
4725,34005.21392707598,30819.52776121939,64824.74168829537,2.1362509431519316,6.587055172911706,0.5701868578476775,114871.40780218235,5134,3365,260,5910,1737,1112
4726,34355.663874562895,28430.01646722914,62785.68034179203,2.2376058538463197,6.500422733551443,0.566548506293316,114273.53828344162,6612,2086,61,5718,1700,1341
4727,32567.269812058035,29099.17128131205,61666.441093370086,1.8453120402316738,6.79625153307832,0.5693944360425657,114790.6406108704,5683,2895,181,5119,1437,2203
4728,32282.156575916917,30515.84269785253,62797.99927376945,2.2700022868087424,6.827566347123237,0.5657383678906428,113849.77814388604,5983,2654,122,5988,659,2112
4729,32815.44890513408,31430.409775427837,64245.85868056191,2.5553596219992363,6.856468698115817,0.5692997101320297,115293.71360223011,4116,4390,253,5818,1067,1874
4730,33866.122732378506,27130.8461612097,60996.96889358821,2.523663734674892,6.661997349428337,0.5655603782206307,113992.3493972361,7395,867,497,4850,1924,1985
4731,34304.0261346653,32210.37604488078,66514.40217954607,2.2415989153157256,6.9218382286417395,0.5658002217514061,113704.10946445457,4678,3709,372,6556,868,1335
4732,32255.05650140924,29484.24094039174,61739.29744180098,2.0473807353837294,6.747840437012646,0.5647354417494039,113468.26340671057,6557,1994,208,5757,623,2379
4733,33871.85169694412,31508.432035793416,65380.28373273753,2.3044757103576248,6.9575270054860505,0.5664127766318893,113650.94549428897,6121,2552,86,7107,583,1069
4734,35713.41236657439,29912.30735896423,65625.71972553863,2.215807659507724,6.203333387902832,0.5758695413278937,115606.84788182641,4826,3447,486,5730,2124,905
4735,32120.909502441937,30061.506586881558,62182.416089323495,2.0597610736263947,6.603492019044242,0.5754101202747381,116270.61149333834,4016,4420,323,5260,1586,1913
4736,31724.645834253537,31612.513119711457,63337.158953964994,1.990589387986402,6.831816651021403,0.5722668217603163,115987.72060165297,3206,5426,127,5382,1572,1805
4737,32063.41231349126,29582.129565432904,61645.54187892417,1.759942266472803,6.932847145004465,0.5677104819831482,114511.9765821477,6188,2360,211,5154,1373,2232
4738,33351.848633678026,32806.01338808175,66157.86202175978,1.7319154730361626,7.033580075106167,0.5672785318096174,113978.44413806337,4103,4466,190,6225,1077,1457
4739,33799.24771466773,32054.85134513156,65854.09905979928,1.8717431738965482,7.056662744320228,0.5664618857565721,113935.51543230272,4883,3670,206,6359,864,1536
4740,33279.92572055784,28573.802990200278,61853.72871075812,2.0250295670927576,6.637202495045629,0.5657333240775085,114277.67583783151,6706,1671,382,4944,1626,2189
4741,32844.57826797586,28104.309352098095,60948.88762007396,1.9132593297854963,6.578479577918735,0.5672605559512761,114375.62058632229,6536,1600,623,4790,1971,1998
4742,33036.49598813815,29676.705145229087,62713.20113336724,2.0064190085885993,6.642815823879503,0.569439310835461,114552.84766140248,5477,2553,729,5813,1421,1525
4743,32055.599472084505,26785.60225563208,58841.20172771659,2.2269863080413645,6.447978237434365,0.5674485211251065,114573.88045783133,7243,1227,289,4571,1560,2628
4744,31496.12050371052,29266.78429932094,60762.90480303146,2.0176572722644655,6.032588026987497,0.5721576263758306,115395.39992383793,4807,3784,168,4959,1568,2232
4745,33735.98629299203,31039.17647797746,64775.16277096949,2.2978883701035913,6.918536355667174,0.5717206799724541,114981.03496962736,4616,3960,183,6245,1407,1107
4746,33601.19756000913,32839.47623294589,66440.67379295503,2.405173976185685,7.088322829155935,0.568285879074855,114436.54315025627,4700,3841,218,7089,327,1343
4747,33636.51405321308,29395.540374417196,63032.05442763028,2.297820545609659,6.618756535005478,0.5687460223420405,114329.59600826907,6328,1967,464,6021,1355,1383
4748,32508.112410852355,26253.00388798421,58761.11629883657,2.3818941974108205,6.201688125988899,0.5710212826687392,115873.71780400438,5883,2471,405,4124,1959,2676
4749,32708.753836030493,30064.846627099614,62773.600463130104,1.717369606504513,6.72183326294294,0.569987639657529,115618.33493959178,3624,4332,803,5685,1211,1863
4750,31706.95536635822,28861.81013593549,60568.76550229371,1.7642268293803267,6.944247837251619,0.5682519671943309,114815.66213051749,5362,3335,62,5680,957,2122
4751,33177.199137027375,27900.396974273215,61077.59611130059,1.9046279526071368,6.257379133803944,0.5690859483149812,114598.23468364187,6464,1565,730,4752,1786,2221
4752,33767.248596867816,28684.19388999964,62451.442486867454,2.19525197365991,6.548426133089207,0.5708709014992749,115290.81471882951,5429,2832,498,5253,1837,1669
4753,33610.201283004026,32094.71504585273,65704.91632885675,1.867456139022033,6.87385615575447,0.5710268636473316,114926.88780163472,3986,4544,229,6195,1468,1096
4754,33750.88393293146,27710.16012092467,61461.04405385612,1.8139499940730703,6.239649021108641,0.5714664656661472,115350.50123335523,6548,1704,507,4701,2143,1915
4755,34733.85040363032,29692.71866863354,64426.56907226386,2.164295664229625,6.812273406339963,0.5681616142336461,114058.19596968385,6549,2002,208,6825,1014,920
4756,34451.30199444615,27138.8787906296,61590.18078507575,2.0621193372926325,6.339713184173001,0.5669733018859321,113926.96784518215,6745,1441,573,5963,1191,1605
4757,33282.361654432396,29288.812902940324,62571.174557372724,1.5206709483293408,6.725249398137563,0.5668419922847385,114217.78074586124,6405,1804,550,5894,1151,1714
4758,34031.54121766871,30514.62011690637,64546.16133457508,1.8953291983643734,6.706091866822868,0.5689261716256807,114211.91400000417,6263,2446,50,6347,1098,1314
4759,33228.627962813174,30313.825467041785,63542.453429854955,2.0182747508496903,6.589794105725624,0.5687902006084322,114308.85126779463,5485,2698,576,5863,1100,1796
4760,33328.20403204756,30179.574589841657,63507.778621889214,1.8758760171124613,6.785837107718819,0.569811711019441,114546.70498304724,5168,3343,248,6175,983,1601
4761,32421.304847471445,31031.76020685435,63453.065054325794,1.4914806669392127,6.512022044332076,0.5679145102299777,114097.81597166142,5024,3531,204,6621,931,1207
4762,32340.807929558512,32821.45938845488,65162.26731801339,1.559931743716174,6.878621034199313,0.5731009975423219,115579.63080657485,4123,4194,442,6186,1166,1407
4763,32275.39018520881,29346.58980385702,61621.97998906583,1.7077668577792886,6.658155361253178,0.5693281560924707,114756.29312059653,5459,2497,803,5426,1479,1854
4764,31558.293546377125,30476.181099689446,62034.47464606657,1.7594438214148371,6.805689029960227,0.5689033199137002,115110.87648697532,4827,2935,997,5978,939,1842
4765,32198.725224462836,30944.228105564605,63142.95333002744,1.6083298017501404,6.9032761765881645,0.5656586396740095,114125.9639133963,4294,3699,766,6177,671,1911
4766,32974.68791140355,30091.18742968594,63065.875341089486,1.4087689080163543,6.456081585579884,0.5739053307049491,115486.89733011085,4814,3459,486,6109,1549,1101
4767,33551.27683564939,27580.49613750617,61131.77297315556,1.805347153648445,6.559105450064843,0.5747284349261818,116361.54620036371,4400,4103,256,4328,1933,2498
4768,34687.19822974835,27765.984647135458,62453.1828768838,1.5612929517903913,6.52816900452491,0.5668880765247218,114429.64244906334,6473,2077,209,5537,1631,1591
4769,33608.742870629496,27982.165674267395,61590.90854489689,1.449911726575941,6.559636926365532,0.5699432806086658,115384.3328382681,6097,1840,822,5049,1622,2088
4770,33749.19412827637,31039.27273353994,64788.46686181631,1.7617128937958786,6.81707403227532,0.5656849056213357,114036.62021747703,4563,3422,774,6002,1102,1655
4771,33985.595824263524,29856.30812948487,63841.90395374839,1.749812504381077,6.824973114307277,0.5660528295036361,113812.83512667114,5509,3060,190,6495,940,1324
4772,33915.92559514648,32415.277645815328,66331.20324096181,1.559278075029632,6.565965935389855,0.5756295871027677,115901.37324737315,3991,4108,660,6063,1939,757
4773,33023.44570326057,30835.093260364145,63858.53896362471,1.5890790709543143,6.692813946925787,0.5752394080386829,115841.14815243527,4515,4149,95,5330,1751,1678
4774,32100.61433390638,29463.90944385337,61564.52377775975,1.7482844062077143,6.673044071763566,0.5699830968545684,114698.32254586488,5182,3012,565,5382,1373,2004
4775,33734.98711749771,30671.17306131397,64406.16017881168,1.983926984899829,6.665944827838642,0.5743172720972745,116016.26775369597,4751,3503,505,5888,1260,1611
4776,33374.41098651012,26308.744607255794,59683.155593765914,1.74553910308109,5.762321780813271,0.5767258008596803,116264.77015471636,5850,2520,389,3475,2904,2380
4777,32983.840704890456,28388.7380166884,61372.57872157886,1.6701236303122358,6.769179598866535,0.5730859938917058,115290.60747856028,5871,2613,275,4605,1959,2195
4778,33655.102146410114,31707.40923375363,65362.51138016375,1.7616800156650476,6.828014256216378,0.5661642334974483,113640.56909201904,5036,3197,526,6471,736,1552
4779,33054.720453085705,28140.23979846715,61194.96025155285,1.704715495493419,6.307724935616265,0.5650570774694533,113748.88171614544,6751,1368,640,5359,985,2415
4780,33358.71144766379,28477.773557966815,61836.4850056306,2.329306578102939,6.577447621784608,0.568080771948545,114525.28739220258,6236,1926,597,5352,1542,1865
4781,32827.277693315256,27713.665984778556,60540.94367809381,1.3395882310968108,6.016972025121381,0.5762153882351038,116093.6398282242,6628,1881,250,4590,2348,1821
4782,33756.51149707347,29463.49137511558,63220.002872189056,1.751643003375823,6.365011734583804,0.5759806492146035,116463.4744278998,5093,3189,477,5286,1877,1596
4783,34933.78497922538,32924.45601016046,67858.24098938584,1.6010485655670907,6.84075186205773,0.5721207617193926,115501.75348915532,4222,4399,138,7392,1023,344
4784,33761.00935345083,28975.24324006846,62736.25259351928,1.8680805686051885,6.747451955513783,0.5707205158809097,115455.37956035773,4733,3668,358,6053,1177,1529
4785,31659.680030917585,27896.198621958043,59555.87865287563,1.8451200189934716,6.62889862990412,0.5669146989155273,114113.41390061326,6179,2314,266,5792,839,2128
4786,32905.20401746961,31209.473133017524,64114.67715048713,2.2927808628345066,7.093134199068683,0.5676158174527126,114076.21417451561,5563,2961,235,6544,633,1582
4787,32810.153359896445,29840.18797993015,62650.3413398266,1.6966013219121026,6.817881009654541,0.5654782272490025,113678.67799475082,6511,1990,258,5843,968,1948
4788,32884.93980987924,28609.00187132929,61493.941681208526,1.609874950631196,6.796840534705607,0.5648718480165077,113696.84897330648,6833,1714,212,5589,828,2342
4789,33420.69817635338,29258.288499959446,62678.98667631282,1.4602582956220305,6.738693963189225,0.5684010825916926,114698.07772236952,5611,2855,293,6345,446,1968
4790,33666.99554426663,32614.224291938208,66281.21983620484,1.8220738146408633,7.108007439682903,0.5674206337756075,114016.59580689942,4677,3541,541,7357,579,823
4791,33809.88502376165,33743.92562468121,67553.81064844286,1.7611773633264092,6.905756613670754,0.5674334842631474,114288.77434602864,4374,3597,788,7021,1144,594
4792,32831.32639051456,33165.42024164814,65996.7466321627,1.7983975200191977,7.133958303367329,0.5708214639206834,115426.21774274018,3042,5056,661,6457,942,1360
4793,31538.941949252727,27322.376125780112,58861.31807503284,1.369432254993583,5.801978799456475,0.5758670245298815,116266.81170684012,4521,4008,230,4158,2173,2428
4794,30922.774742150825,28358.354538729778,59281.1292808806,1.5598653121467319,6.597165711697541,0.5689982090778443,114477.66670488355,5911,2660,188,5311,1194,2254
4795,30872.036528223103,31867.215147202714,62739.25167542582,1.5730446482690574,7.048318012690196,0.5696646704910592,114956.03236253883,3621,4964,174,6311,515,1933
4796,33745.993814703485,28347.74913876369,62093.742953467176,1.5695851337984872,6.676409349215063,0.5649366953564345,113562.53059243182,7312,1150,297,6312,589,1858
4797,33028.82698371983,30873.434252687257,63902.26123640709,1.2568556970177305,6.633005331963502,0.5713757468788234,115618.45799619923,5383,3052,324,5778,1206,1775
4798,33552.65788553965,27744.573695077626,61297.23158061728,1.6288906030851957,6.474443842629979,0.5670758528158312,114668.69656450377,6357,2148,254,5120,1599,2040
4799,33891.12261243399,30508.35748363606,64399.48009607005,1.7542498915230489,6.5222989607383814,0.5677858471808311,114650.24795082721,5192,3411,156,6002,1572,1185
4800,32846.887124149696,28344.973406258618,61191.86053040832,2.069276271354299,6.65611682177549,0.5675481834348957,114603.97723747262,5546,2933,280,5328,1507,1924
4801,33248.88963463256,31233.205673748485,64482.095308381045,2.036862614856687,6.671064724602012,0.5739929127371375,115938.29311392418,3637,4867,255,6478,1035,1246
4802,34871.66727463868,32645.861660509614,67517.5289351483,2.1810209033999417,6.698429649647773,0.5731946347527616,115998.70873238285,3941,4365,453,7180,1367,212
4803,33740.16367540224,31456.338204495234,65196.50187989748,2.2275741240475746,6.998163391782809,0.569214854571577,114636.65333314247,4093,3888,778,6429,1364,966
4804,33037.08349441947,27807.546524633013,60844.630019052485,2.216712756820763,6.65164790558928,0.5686236261644159,114586.18358698617,6185,2391,183,5234,1421,2104
4805,32356.34454212059,30534.34257404503,62890.687116165616,1.9979051748811196,6.652402105607913,0.5682742205667721,114392.98440434896,5646,2999,114,5976,1136,1647
4806,35717.94315180039,27709.375599988114,63427.31875178851,2.231906923562674,6.781443272310828,0.5694368545022124,115195.5250830415,5735,2496,528,5859,1735,1165
4807,33064.71904135796,28721.190554958044,61785.90959631601,2.1491866738259993,6.534682872032847,0.5663934249680221,114190.80348848131,6022,1984,753,5250,1483,2026
4808,33594.83225628941,29020.541896377992,62615.3741526674,2.0622203026608115,6.469225239421297,0.5698017475670367,115118.87104196475,5174,3290,295,6179,1232,1348
4809,35366.30527338813,27052.30811410919,62418.61338749732,2.191703245209636,6.546025212797068,0.5689383594954811,114613.21154913915,6503,1600,656,5259,1724,1776
4810,33504.29110116517,29657.595263435313,63161.886364600476,2.142501406574079,6.349287429821407,0.5719602972395357,114958.88332570803,5832,2561,366,5714,1529,1516
4811,33470.00844903371,28284.694090990273,61754.70254002398,2.1525506912595054,6.479748716078269,0.5685837727681269,114127.39169723146,6802,1399,558,5762,846,2151
4812,32815.40692919657,33893.94761560973,66709.3545448063,1.982613927296843,7.05576792389924,0.5658781231314723,113493.27481792952,4302,4204,253,7625,203,931
4813,34462.937457221844,30330.47965952531,64793.41711674715,2.0841531439146714,6.5112990184878194,0.5657883595461497,113451.60990606366,6529,2139,91,6705,519,1535
4814,33594.604551303564,28112.902443158437,61707.506994462005,2.022163687287559,6.456811062786898,0.5728349901610251,116295.42531027296,4789,3513,457,5293,2063,1403
4815,33147.14357344864,28566.52985699407,61713.67343044271,1.759093861292637,6.508686430501934,0.5695163243708399,114814.85935203802,5044,3480,235,4975,2106,1678
4816,37374.68306187586,29163.55724639838,66538.24030827424,1.661323394494461,6.674136147990307,0.5688223850878712,114456.63212213619,5558,2710,491,6934,1516,309
4817,34209.404841530944,28843.98049945614,63053.38534098708,1.595413910576605,6.461810140476695,0.5732870084241831,116026.45740213248,5441,3068,250,5029,2112,1618
4818,32778.35179025478,30060.542972228777,62838.89476248356,1.3633951523221406,6.811742288524831,0.5699218183287138,114815.82578478505,4463,3970,326,5268,1719,1772
4819,33424.80085854923,29727.07953414275,63151.88039269198,1.610031597721947,6.805383899919226,0.5671607459009004,114310.4691492206,5400,2743,616,5817,1429,1513
4820,34043.1098315682,29465.191297621495,63508.3011291897,1.7722352481138317,6.94996249441208,0.5679076748880604,115000.71990473909,5499,2983,277,6231,927,1601
4821,33736.66264038459,29309.029958604428,63045.692598989015,1.9567897083152999,6.522420536431185,0.5673669634697746,114513.62331667615,5009,3177,573,6065,1438,1256
4822,34145.888682008415,29696.089197480327,63841.97787948874,1.881169892760053,6.875028191708608,0.5693207737259092,114846.34953042869,4284,4322,153,5588,1294,1877
4823,31781.376523850482,28327.232699695098,60108.60922354558,2.1038648307854824,6.74631836534244,0.5672323360749444,114352.31227381896,5694,2485,580,4778,1349,2632
4824,35629.55087516919,28976.330305213352,64605.88118038254,2.2660040344239394,6.428525526814154,0.570051985166746,114948.95166619962,5769,2352,638,5604,1930,1225
4825,32515.317671187033,27737.007751492227,60252.32542267926,1.586505283064581,6.568021689795321,0.5721280971254012,115741.69305391947,6527,1708,524,4686,1684,2389
4826,36121.21637512789,29507.868164328156,65629.08453945605,1.6285061197949091,6.623346812556648,0.5699503175192099,114966.63011989859,5087,3132,540,6177,1816,766
4827,34317.5712211466,32296.139483025967,66613.71070417257,1.5832340691443338,6.801356051064939,0.5694263156800059,114443.33082529769,4945,3352,462,6811,1491,457
4828,33980.321746647576,29536.004509432125,63516.3262560797,1.6990480709487492,6.627656331714967,0.5681133455732476,114145.80737251954,5508,2680,571,6269,1243,1247
4829,34661.29564057362,31508.764687252857,66170.06032782648,1.877815257168124,6.633710612396445,0.5738280872225628,116043.5677790788,3159,5032,568,6374,1224,1161
4830,32516.00081837858,29503.550532826743,62019.55135120532,1.3402386153407084,6.245941544321267,0.576044638190798,115947.8250421537,5262,3224,273,5274,1782,1703
4831,32161.975095038928,27879.648371282226,60041.62346632115,1.7019773987549205,6.640467001233814,0.5733249849304924,115861.47957003083,5965,2346,448,4524,1968,2267
4832,34512.65457403434,27341.100311481117,61853.75488551546,2.1855492742941105,6.492231502864582,0.567995715451335,114557.01426095293,6741,1156,862,4717,2002,2040
4833,33930.276559796264,29395.046929327404,63325.323489123664,2.0843201401201776,6.754714874182406,0.5658929312400516,114048.3209088619,5744,2670,345,5844,1260,1655
4834,34409.67034484532,31727.167355612415,66136.83770045773,1.7303231930201042,6.407202034696626,0.5740916832819211,115368.91591693074,4625,3878,256,6086,1935,738
4835,33213.430909854535,26458.41235215477,59671.84326200931,2.1932996614945806,6.376907510095412,0.5701625490010087,115058.46133828614,7272,1195,292,4391,2059,2309
4836,32272.719045589067,26386.75709712985,58659.476142718915,1.731144549815351,5.982097155311425,0.5732443441535618,115464.92561387198,5940,2568,251,3667,2151,2941
4837,32734.68473483778,32200.10479048662,64934.789525324406,1.699646181417291,6.8000382441367835,0.5734337315413609,115060.13620169858,4366,4015,378,6088,1121,1550
4838,32418.425877733313,28992.592065457546,61411.01794319086,1.6070802429664732,6.597956367837622,0.570644342371625,114936.42207765597,5064,2913,782,4885,1529,2345
4839,32333.39125501822,26888.449219251357,59221.84047426958,2.0709070334051027,6.221103560694663,0.5684760633561691,114242.96907880661,6952,1171,636,4570,1422,2767
4840,32874.06877882944,28631.872808039258,61505.94158686869,2.4070014519395477,6.653226155269196,0.5657390346806509,113840.0634660311,5360,3113,286,5601,877,2281
4841,32262.054075010597,27633.02940513576,59895.08348014636,2.5730435986309894,6.516364918999676,0.5630732676517226,113689.01779221205,7120,1563,76,5311,694,2754
4842,33111.15073644934,27324.219241696443,60435.36997814578,2.0018472974669077,6.521507424266147,0.5675149032986737,114910.80169255205,7149,1073,537,4819,1574,2366
4843,36595.763916610726,28034.813933568705,64630.57785017943,1.995467624753647,6.32298282247743,0.5746478333690327,115694.42608103332,6996,1565,198,5125,2396,1238
4844,35154.41665427383,25636.978882352298,60791.39553662613,1.4280435604650237,5.68103800096812,0.581093375564376,117059.87211490008,5914,2632,213,3472,3471,1816
4845,32598.89604698107,29238.19234187791,61837.08838885898,1.6882450511649825,6.600263896458188,0.5765127428530558,116848.04862051849,5373,3344,42,4090,2503,2166
4846,31877.911508455894,30276.966106380183,62154.87761483608,1.1031969179590662,6.478846630121496,0.570808704220375,115542.00479879246,4341,3745,673,5820,1235,1704
4847,33252.203505231286,28868.145246253076,62120.34875148436,1.67897948534123,6.610851204749596,0.5655544627315451,114338.79032411864,5784,2417,558,5561,1362,1836
4848,33736.90445188151,27891.212379590805,61628.11683147232,1.732788613300164,6.530745016573108,0.5657763176089932,114018.71147140164,7512,942,305,5429,1381,1949
4849,33205.78941983226,29524.635234757152,62730.42465458941,1.9829683516513592,6.718391296360343,0.5687913107170784,115196.88241968838,5772,2812,175,5497,1539,1723
4850,33644.86341837939,30039.202575773663,63684.065994153054,2.035778691591564,6.683229858853369,0.5668458624479832,113952.81640856594,6430,2220,109,6289,1204,1266
4851,33492.70722340435,29904.30044365912,63397.00766706347,2.160370826181791,6.093534805942759,0.5752943292710158,115953.42820836618,4687,3458,614,5334,2061,1364
4852,33594.963334901455,28490.685749802753,62085.64908470421,2.383780826120964,6.487960508006898,0.570518485877342,114617.70959274913,6366,1923,470,5594,1501,1664
4853,33667.99767399853,27006.050831488297,60674.048505486826,2.3954232543642906,6.171718904729839,0.5672252177422251,114437.44828457407,6613,2038,108,5005,1097,2657
4854,31088.985268265864,29831.347971627052,60920.33323989292,1.9671943571192405,6.587253686924637,0.5708792053897694,115395.96015787651,3972,4327,460,6049,782,1928
4855,34561.20363037892,29486.95706306804,64048.16069344696,2.338533325487465,6.715236977565496,0.5725422974425308,115951.54503609543,3331,4844,584,6226,1583,950
4856,33916.15914069848,26654.163472609183,60570.32261330767,2.0040122259358197,6.335839186719847,0.5672089439938048,114357.54188644105,6680,1676,403,4836,1900,2023
4857,33384.886299929734,29846.29752323367,63231.1838231634,2.301030212686736,6.461659839253689,0.566480812284181,114096.41138953387,4605,3284,870,5955,1141,1663
4858,33394.869620142694,29312.902909683202,62707.772529825896,2.463035700372102,6.290130838378233,0.5683202304868942,114590.41218159033,5164,3055,540,5609,1280,1870
4859,33065.418613602735,29737.360546565636,62802.77916016837,2.372951867219542,6.624404260972183,0.5721599767492355,115863.38346751672,4914,3433,412,5448,1705,1606
4860,32985.600546540896,28944.862302815076,61930.46284935597,2.012524790581293,6.643822260078381,0.5695501125257707,115070.6941434852,5465,2976,318,5044,1458,2257
4861,31093.436535614448,28823.552815715033,59916.98935132948,1.9390196216332163,6.384595112808043,0.5688678175031123,114983.5392925691,6145,2234,380,5239,708,2812
4862,32479.614574887382,29497.42299893711,61977.03757382449,2.5796577943447256,6.974915359551051,0.5703632913411405,115289.11238966574,5411,2700,648,5577,1089,2093
4863,31160.33988219299,28688.507601031208,59848.8474832242,2.338063192390732,6.6392332748574825,0.5689833557219202,115022.40632641892,5735,2740,284,5040,808,2911
4864,30741.13292936697,27987.18053988326,58728.31346925023,2.135291840162443,6.453782665544603,0.5710586922864852,115686.68668055342,5013,3265,481,4642,1217,2900
4865,34612.10892585928,27978.16747208159,62590.27639794086,2.2897783184090077,6.3316133945154185,0.5676189896107706,114401.01791788159,5703,2453,603,5479,1785,1495
4866,34576.711974650614,28333.102144035973,62909.81411868658,2.169483151968992,6.480756572324725,0.5667336568075017,114406.25890247879,6146,2437,176,5704,1364,1691
4867,33730.5864795009,28075.97482390177,61806.56130340267,2.1824836575030844,6.423102915575166,0.5656973088869012,114215.61729854345,6602,2016,141,5505,1157,2097
4868,34914.45065509297,30824.399389096176,65738.85004418915,2.3824631110699577,6.568893036512723,0.5690161509694875,115004.93345785016,4405,4153,201,7455,624,680
4869,32614.924820050393,27281.734720129207,59896.6595401796,2.0536296120243613,6.028121923520454,0.5732426241991944,115517.24107686483,5610,2596,553,5135,1634,1990
4870,32683.01414889622,29440.23514178483,62123.24929068105,2.095770634224763,6.569179771396633,0.5785113947473987,116927.51019260558,4264,4096,399,4857,2489,1413
4871,31588.62115935546,29605.313493168596,61193.934652524054,1.9131893446535226,6.366827218199893,0.5686440373346567,114322.8651941067,5854,2511,394,5178,1274,2307
4872,30191.112515062683,29374.172863175423,59565.285378238106,1.479646852996506,6.484268859765173,0.5705956638689086,114823.90638956997,5230,3039,490,5149,1167,2443
4873,33366.977030949245,30604.71350790929,63971.69053885854,1.32449028326775,6.7367954165189285,0.570151465225363,114689.93200936924,4317,4164,278,5563,1794,1402
4874,32059.829416007113,30391.085680042248,62450.91509604936,1.4863834438887258,6.618442984598641,0.5659436050136504,114052.47399727433,5136,3287,336,5802,1039,1918
4875,32621.586730204268,30486.68168117649,63108.26841138076,1.338823671591855,6.218976135237105,0.5746294958336271,116058.94946040536,4425,4067,267,4893,2263,1603
4876,33889.323942579336,27454.630038379768,61343.95398095911,1.6366852396008478,6.3203421709685434,0.5759666249531163,115713.34613932006,5544,2843,372,3683,3034,2042
4877,35160.79411051773,31629.63440194687,66790.4285124646,1.7879310397577501,6.695495298655552,0.5710176087697705,114759.37532697235,4509,3947,303,6168,1712,879
4878,33756.678890257186,32582.046394602516,66338.7252848597,2.110191670389099,6.7139188986273,0.5699803222329091,114542.96364975294,4053,3713,993,6315,1134,1310
4879,33670.05174613815,30418.729776340726,64088.78152247888,2.214017032308868,6.314541700076844,0.5740717144767328,115186.04339036872,4686,3239,834,5887,1591,1281
4880,35811.663614121855,28322.86516148437,64134.528775606224,2.1727316793863136,5.96907071978373,0.5775134601221688,116488.00205732729,4460,3390,909,5402,1959,1398
4881,34330.41853160278,26733.25357066757,61063.67210227035,2.110116335757939,6.0586380516941345,0.5764768744415831,116120.54352870579,5891,2491,377,4457,2678,1624
4882,36146.47130858545,26317.622829472788,62464.09413805824,1.8524817785635217,6.2798552947192645,0.57112060207541,115406.230090808,6931,1661,167,4841,2292,1626
4883,33543.13845946203,28233.533424974492,61776.671884436524,1.9988560485213565,6.512514252999336,0.5660900925483957,113925.34864423067,6811,1863,85,5636,967,2156
4884,33820.664669166494,29077.73762953548,62898.40229870197,1.44373298402487,6.560653426490209,0.568635080269028,115081.9470181707,4133,3621,1005,6675,827,1257
4885,32923.07232533972,28590.31955707988,61513.3918824196,1.740502539872039,6.561618791018662,0.5683675858793267,114371.75366550518,5449,2979,331,5525,1405,1829
4886,33558.855767711706,31292.38657529173,64851.24234300344,1.654808988085921,6.894208652636265,0.5678676145556316,114078.86814183688,5277,2924,558,6265,951,1543
4887,34527.65188600062,26840.373426214297,61368.025312214915,1.882154681884364,5.8548034237775175,0.5730761178434888,115554.12492685964,6736,1687,336,4352,2280,2127
4888,32072.900712732997,26234.51881487361,58307.4195276066,1.9223175909159342,5.7019719132290225,0.5782709976708429,116469.74335044475,7043,1175,541,3343,2569,2847
4889,31096.471538357666,26555.141023960507,57651.61256231817,1.8746859664845967,6.044866716509473,0.5763699826271694,116808.26242663359,5121,3291,347,3585,2036,3138
4890,31224.713704528676,27532.600888810604,58757.31459333928,1.8078413111614835,6.094547202823544,0.5710525834317794,115174.79023799892,6425,1901,433,4372,1703,2684
4891,34940.19955400306,30838.524844940453,65778.72439894351,2.062470223316986,6.495390725011969,0.5690949725861812,114437.03449887712,4869,3417,473,6751,1205,803
4892,31395.428973579867,27642.57260557009,59038.00157914996,1.3481358246870576,6.334228025731971,0.5694414932078584,114777.52280395346,6358,2100,301,5067,1102,2590
4893,34432.43707586511,27579.846667526686,62012.2837433918,1.6666996337959181,6.582218858308983,0.5676548101662899,114203.17331878413,7381,858,520,5378,1259,2122
4894,32893.13996450735,29503.634959091443,62396.77492359879,1.5937412664861554,6.722851931607625,0.5704945756122208,114997.7306939281,4444,4028,287,5782,862,2115
4895,32955.78293455946,30455.99142310615,63411.77435766561,2.0817359522552485,6.831123348802052,0.5718460902315664,115329.49401910516,4497,3722,540,6183,1130,1446
4896,34279.20882909344,28907.02273251179,63186.23156160523,2.2134469351890376,6.694979408471418,0.5675120469188347,114217.78218491153,6082,2242,435,6487,1014,1258
4897,33212.96912091385,29462.84910368137,62675.81822459522,1.893465715299582,6.716757560665085,0.569650925756378,115203.38740585049,5047,2807,905,5798,1187,1774
4898,33236.26242656038,31318.133546295452,64554.39597285583,2.145890312870952,6.514063423841215,0.5695245864334473,114776.92474856637,4680,3613,466,6371,1294,1094
4899,34625.32847796704,29525.71895542873,64151.04743339577,2.265650889115324,6.8285639236375175,0.5670479803894984,113952.72312413115,5897,2275,587,6557,878,1324
4900,34435.486562793434,31729.224287646448,66164.71085043988,2.331997932261859,7.056102067177123,0.5681979116590963,114155.84625403948,5104,3015,640,6916,975,868
4901,33983.33840830704,27834.972458515913,61818.310866822954,2.301392172568429,6.605183538210619,0.5660837923244696,113840.31400707686,7964,492,303,5605,1223,1931
4902,33042.78613490661,27417.213198472025,60459.99933337863,1.8906476010620787,6.2322326737717955,0.569440983501464,115370.52105449213,5925,2228,606,4968,1932,1859
4903,33989.213510595415,28765.611507894475,62754.82501848989,1.7565785103891636,5.975217817734837,0.574469419563388,116097.65889430002,4949,3427,383,4711,2539,1509
4904,32049.935482302,29728.350245426373,61778.28572772838,2.060257130434088,6.9592137209620795,0.5700751471389309,114673.25094842319,6445,2105,209,5502,929,2328
4905,32137.125073950756,30343.654985682213,62480.78005963297,1.6204678909837156,6.935136911741995,0.5649804331722034,113535.82954940859,6991,1737,31,6269,526,1964
4906,33690.952777109545,29178.6562223227,62869.60899943225,2.0091216711063082,6.615354915601912,0.5685753694122507,114712.79769323628,6718,2010,31,5959,814,1986
4907,35036.08864997172,30509.697271799614,65545.78592177134,2.1257583404581446,6.639950603960235,0.566779693039727,113976.04054757368,5260,3464,35,6865,711,1183
4908,34553.02205142881,29608.891990538235,64161.914041967044,2.390678837118955,6.740714912476448,0.5663586493637008,114003.18316478205,5825,2831,103,5888,1131,1740
4909,32578.494378903502,29226.677629977563,61805.17200888107,2.173033359152631,6.6455399248444325,0.5702694949474447,115347.85723429995,4261,4292,206,4852,1410,2497
4910,33737.04880047721,28055.4713890176,61792.52018949481,2.1495402172681004,6.7511082687050195,0.56903526974479,114433.22504150412,6126,2183,450,5387,1734,1638
4911,35248.35487951585,32201.187130773913,67449.54201028976,2.237898413793273,6.967124328905056,0.5729817484241848,115330.85584563148,2749,5909,101,7170,1257,332
4912,33873.98564009703,29598.38965182925,63472.37529192628,2.0228075901849962,6.420485879863797,0.5699112123571651,115133.1023180346,4853,3248,658,5240,2230,1289
4913,33770.551891216994,29147.58033747486,62918.13222869186,2.1905383174044277,6.7045596746454565,0.5720833293882313,115927.3160086851,4858,3685,216,5832,1509,1418
4914,32909.01550759591,27980.282019371414,60889.297526967326,2.1223681019505123,6.486763707820943,0.5675864285944299,114433.97526895921,5692,2805,262,5318,1165,2276
4915,33692.99237885448,28821.905681775148,62514.898060629625,2.2596543446695616,6.6784545228582335,0.5656846568399865,114172.76386722593,6044,2321,394,5284,1815,1660
4916,35512.18244352936,30329.348409919858,65841.53085344922,2.051124216024391,6.747337360613764,0.570521869510447,115401.61792202631,3698,4696,365,6511,1530,718
4917,32947.85005482887,28175.99168745723,61123.8417422861,2.123758438940032,6.442270786173437,0.570836254389137,115483.69548207086,5560,2724,475,5161,1492,2106
4918,34436.25432847341,27450.363167594627,61886.61749606804,2.051282909719945,6.402090514253366,0.569752216518813,114807.20887258042,6353,2030,376,5078,1696,1985
4919,33202.050040057795,29934.499816312276,63136.54985637007,2.004827536290777,6.50316729960622,0.5698471308041698,114960.61950280813,4194,3911,654,5440,1647,1672
4920,32663.409952010235,27227.108888077724,59890.518840087956,1.9374958591803384,6.623260851430223,0.5675589515984153,113958.09634195283,7125,1383,251,5196,1034,2529
4921,32010.822093434508,28349.14355238309,60359.9656458176,2.400446069488151,6.807943971316945,0.567284757869671,113928.55342123298,6595,1822,342,4979,956,2824
4922,34175.642923217994,28342.52670954539,62518.16963276338,2.5545361300073433,6.61683927109095,0.5690463367967191,114677.06109523002,5954,2440,365,5592,1666,1501
4923,32673.686296859138,28603.97205952889,61277.65835638803,2.07835150139212,6.71216831951741,0.5678654640866472,114635.70087266696,6457,2067,235,4795,1843,2121
4924,32335.261823804623,29345.79232163754,61681.05414544216,2.0827293505529343,7.10065478316838,0.5667424621472685,114269.27007808503,5801,2403,555,5350,1171,2238
4925,32814.574032590484,32118.373136325885,64932.94716891637,1.9866920242219726,6.959938871807234,0.567753600968109,114526.45695951415,4466,3951,342,6381,808,1570
4926,34510.70966052125,31896.096311825768,66406.80597234702,2.1168319241862474,7.079300814787583,0.5708208965085585,114815.35356720297,4871,3565,323,6260,1486,1013
4927,33284.197073610405,29622.073014067886,62906.27008767829,1.9362845595191795,6.552818297567975,0.5706544716913126,114605.81738005969,5941,2526,292,5781,1435,1543
4928,32016.1836655163,30663.292619603424,62679.47628511972,2.009497210194079,6.698423217872022,0.5715410375073232,115143.32589477087,4491,3560,708,5931,982,1846
4929,31821.613799359377,28383.555949827456,60205.16974918683,1.5206302015170114,6.808845586443211,0.5675577328902036,114450.12582726561,4837,3599,323,5193,1208,2358
4930,34386.658521636324,29034.800534905815,63421.45905654214,2.337043584842354,6.730460197318009,0.5699380952242737,114776.22080256538,6326,2351,82,5038,1917,1804
4931,34668.898173700014,31935.356060579517,66604.25423427954,2.334543232082708,6.763848827180373,0.5717955813168161,115565.14752149711,3750,4693,316,6637,1378,744
4932,35329.55797567291,28326.578195165286,63656.1361708382,2.3698408480984896,6.392532490183863,0.5680872598824925,114250.70714343058,6600,1850,309,5331,1740,1688
4933,31459.64703644949,28044.425183807074,59504.07222025657,2.2005914634645185,6.4146068128003995,0.5722595905756799,115925.43219167046,5977,2017,765,4598,1470,2691
4934,34903.25380988055,27176.19062995586,62079.444439836414,1.7484356960040972,6.499325720847032,0.5692894305152887,115180.25625839598,6403,2139,217,5499,1365,1895
4935,31811.978058103206,30517.06793897048,62329.045997073685,1.7457184447556087,6.776288263724601,0.5674606646023715,114895.28192894696,4412,3536,811,6086,652,2021
4936,35173.97400019293,29303.114742256847,64477.08874244978,2.1973517758488486,6.887147480273414,0.5652382047317206,113632.5498515364,5866,2359,534,6674,776,1309
4937,33464.77229572189,30078.07457341241,63542.8468691343,2.0677957365544306,6.70827430831665,0.5701414222407185,115176.66374446456,3768,4230,761,6020,1334,1405
4938,31943.692591883133,30380.968016672592,62324.66060855573,2.2552698550677968,7.011955762708465,0.5705896653721672,115346.51081314168,4798,3064,897,5858,697,2204
4939,36016.72565133711,27921.18531027915,63937.91096161626,1.8741296380242807,6.297113190269705,0.5746814574717329,116172.81106025138,4726,3335,698,4972,2285,1502
4940,33176.00435916885,27610.369164750107,60786.373523918955,2.0101251061925667,6.565147099005281,0.5722589760484548,115658.84260295151,6183,2434,142,4587,2178,1994
4941,32200.85095312845,31977.403463565774,64178.254416694224,2.023968220979114,6.775754086372062,0.5729458070943477,115735.4967498926,4370,4058,331,5885,951,1923
4942,34896.647710607125,27933.80595525418,62830.45366586131,2.215143647546303,6.586703845791744,0.5682144769500539,114650.28106769694,6463,1386,910,5070,1954,1735
4943,33897.04518105558,32074.24603461188,65971.29121566746,2.1790590099389853,6.810656602620019,0.5703894798797217,115352.09716982828,3313,4782,664,5968,1380,1411
4944,36025.49429304851,29268.294626153325,65293.788919201834,2.1900455110481327,6.877674502697277,0.5659590268618441,114089.96683595129,6319,2295,145,6606,1471,682
4945,32460.69270714427,29421.711950853976,61882.404657998246,1.7837721776144246,6.62999126181063,0.5663985499623069,113796.98126709384,6131,2416,212,5959,1104,1696
4946,32319.2055615757,31738.604257075887,64057.809818651585,1.3752220719558985,6.477485035330574,0.5742780310191675,115295.50375492702,5012,3579,168,5741,1616,1402
4947,35036.614924110785,27277.303548273663,62313.91847238445,1.8791269835118771,6.250038534877139,0.574222162865371,115287.56659308728,7174,1346,239,5056,2109,1594
4948,33739.33349538287,30026.292987993325,63765.626483376196,2.078734656823448,6.690422731741577,0.5679375963070328,114029.90305838596,5015,3323,421,6048,1029,1682
4949,33067.89678635486,29592.099340893972,62659.99612724883,1.780973896192235,7.053924416898016,0.5680326705582359,114986.18934154848,5584,2958,217,5979,722,2058
4950,35417.7341645005,29038.952639255203,64456.6868037557,1.750446415996502,6.918597512594398,0.5660191103948522,114367.20993835885,6112,2484,163,6091,1261,1407
4951,34945.31056262951,30108.865405865497,65054.17596849501,1.7601014655289051,6.9575391175775,0.5675083463920028,114346.32524209209,5388,3200,171,6412,1380,967
4952,35067.5946016751,27653.461578351526,62721.05618002662,1.4532985929553266,5.928352463889418,0.5733581380721923,115354.31698486856,5593,2761,405,5065,2095,1599
4953,33139.76175621846,28359.503842119466,61499.26559833792,1.5899688762604969,6.390625562300196,0.5722199941200202,114952.30243285706,5279,2958,522,5083,1700,1976
4954,34567.130884856175,30548.333681834454,65115.46456669063,1.6648892554766206,6.597689367621026,0.5692618321188214,114659.81923944873,5230,3348,181,5819,1733,1207
4955,33811.801206951124,31778.865750335794,65590.66695728691,1.451304643329217,6.822361418395789,0.5712942752823438,115423.75121644473,4235,4247,277,6032,1740,987
4956,32496.576044738486,32081.908802803417,64578.4848475419,1.1051578125671582,6.715003878077886,0.5706864030320395,115664.87641406115,4059,4415,285,6501,1150,1108
4957,34589.58332972479,30958.489869998808,65548.0731997236,1.2327153535463131,6.718091797558593,0.5700221852922644,114795.8423400753,4574,3665,520,6078,1534,1147
4958,31966.966693184077,30359.93916597423,62326.9058591583,1.1721533519706226,6.837971022515529,0.5722417364761725,115405.02019875038,4371,3927,461,5684,876,2199
4959,32465.084397967603,28201.05943997693,60666.14383794453,1.2733039321855568,6.563129018092195,0.5711175767771285,115783.62044129647,4930,3025,804,4711,1545,2503
4960,33292.15775640674,29779.210210527744,63071.367966934486,1.6930940247520545,6.583089614255158,0.5740232142371461,115749.55126413312,3363,4827,569,5717,1573,1469
4961,32186.516328912992,30629.35218133944,62815.86851025243,1.2842204705368714,6.670191266158491,0.5719350915521911,115633.90893328014,3616,4850,293,5831,1115,1813
4962,32453.997049654008,27163.33730840762,59617.33435806163,1.192747649519361,6.085742375843744,0.5717975083217394,115257.68160723567,6758,1938,63,4356,2018,2385
4963,34292.93368222072,29809.299721111718,64102.23340333244,1.216332734162794,6.746263638414691,0.5712990950052257,114718.63143584551,5864,2831,64,5440,1994,1325
4964,34129.450217530415,32495.225216967876,66624.67543449829,1.847958345048146,6.792507285565345,0.5684962104240279,114435.19826000182,5022,3556,181,6252,1129,1378
4965,34679.89533984058,27944.967727693678,62624.86306753426,1.5532968987169966,6.571045021238465,0.5724689430229907,115914.29053094472,6167,2357,235,5246,1779,1734
4966,32964.963416677776,29465.560767448915,62430.52418412669,1.4101085939182443,6.584844915140646,0.5683675652668326,114493.89564866845,5574,2885,300,6051,1385,1323
4967,34953.085094869595,31373.881248260925,66326.96634313052,1.8567959285851283,6.835570035842033,0.5702897674865683,115118.4395949378,4629,4030,100,6429,1084,1246
4968,32515.072360726575,28418.35759345741,60933.42995418399,1.946197965656422,6.687037471033121,0.5667830572021647,114076.92308943861,7092,1482,185,5161,975,2623
4969,32760.054197559995,29765.37714508493,62525.43134264492,1.9892269643581377,6.916843532419723,0.5726155360291665,115801.92431467655,3676,4563,520,5355,1109,2295
4970,32773.167899468455,30752.25360818934,63525.4215076578,2.1144369839472366,6.85199616678607,0.5677338657067441,114157.80807874273,5840,2032,887,6233,976,1550
4971,33033.322286914015,31042.682481727887,64076.0047686419,2.220854140084944,7.132957421184693,0.5651818186952917,113797.29208607835,4708,3245,806,7041,596,1122
4972,33770.15570788149,32880.67463655223,66650.83034443372,2.433541125163057,7.256094766441625,0.5681034902345719,114094.42676447045,4534,3952,273,6818,756,1185
4973,32853.01598429604,29725.826333045323,62578.84231734136,2.026639497695494,6.742521420972492,0.5670572227901333,114007.73915073664,6017,2123,619,5610,991,2158
4974,33785.838520095116,28849.017068205536,62634.85558830065,2.320105429587688,6.710023837714107,0.5694355381018751,114921.90514375077,5224,2921,614,5285,1302,2172
4975,34016.51122640478,27588.88034444847,61605.391570853244,2.210201113496234,6.41775790729673,0.5706617540587252,115109.27347461609,6213,1994,552,4901,1835,2023
4976,34776.177314791494,30534.957641030633,65311.134955822126,1.7896802881097453,6.661932041068646,0.5675938667324479,114077.90127336919,4782,3168,809,7000,958,801
4977,36564.564994894936,28448.5595988938,65013.124593788736,1.4259872531902316,6.625005227534291,0.567251359392069,113756.15444483534,6257,1982,520,6510,1418,831
4978,34692.91697224318,32159.2709530964,66852.18792533959,1.6099202809818316,6.857090325371107,0.5727714718171705,115325.20340652735,4379,4000,380,6780,1345,634
4979,32829.240542771666,28170.731407555515,60999.97195032718,1.7095404050513991,6.550377555431062,0.572693649952226,115951.8552425178,6200,1988,571,4980,1483,2296
4980,32656.75707217403,28253.187428426718,60909.944500600745,1.5976713881757176,6.463327404208057,0.5664703260999153,114205.42586622888,5456,2947,356,5461,876,2422
4981,31198.190464528005,29357.49909231822,60555.68955684622,1.4091944636031934,6.676646190587922,0.5717358573382205,115589.85921168193,4326,3588,845,5382,1419,1958
4982,34096.670786022965,30677.277833058022,64773.948619080984,1.758330899713136,6.613054375332334,0.5699136379900442,114655.71107389986,4711,3371,677,6195,1649,915
4983,34001.86664089997,27929.11315074014,61930.979791640115,1.6325249067271586,5.971658437970714,0.5774154297519611,116323.91697483206,4902,3722,135,4622,2172,1965
4984,32176.293448801556,28553.739148586912,60730.03259738847,1.9331288154314832,6.544452579451665,0.5751057662431509,116212.3497725155,4552,3383,824,5448,1455,1856
4985,33705.38983068032,31146.530677977396,64851.92050865771,1.6537262281669376,6.691617212125558,0.5694365596938002,114782.4953468524,4401,4026,332,7054,1038,667
4986,34300.12706660823,27284.96335092906,61585.090417537285,2.171128817322557,6.332897975395023,0.5694609560641175,115050.25421251546,6060,2415,284,5379,1690,1690
4987,32327.481896810044,28211.97817093655,60539.46006774659,1.9316068778770177,6.324840569007002,0.5689160933215479,114748.47580976493,5279,3039,441,4803,1555,2401
4988,31414.137124370063,27640.585470635495,59054.72259500556,2.097927316157564,6.616131775676166,0.5646924027038331,113935.45379898956,6578,1740,441,5005,909,2845
4989,32429.366076883733,28256.826519037946,60686.192595921675,1.9552317851380665,6.580901715116661,0.5660302682702539,114187.73911719088,5969,2573,217,5900,1060,1799
4990,33747.26795605802,29058.650067796014,62805.918023854036,1.75373742686858,6.350052894496525,0.5690381309051119,114614.6366296103,4578,3704,477,5638,1551,1570
4991,32714.2563182643,27186.415500965664,59900.67181922996,2.1451909424757862,6.511541841103488,0.5675977307827548,114706.63794293097,6645,1996,118,4746,1802,2211
4992,34398.063839486786,27074.86813330091,61472.9319727877,1.9609591352290827,6.4739559092336165,0.5679578157402779,114628.98135033915,5867,2675,217,4757,1874,2128
4993,31155.04255236463,29330.59022801907,60485.632780383705,1.625652796903487,6.589140922176436,0.566014452798755,114012.70437602053,5840,2748,171,5199,895,2665
4994,31245.381139100187,30104.833191565096,61350.21433066529,1.0588354615639568,6.319980951228575,0.5673072738674985,114685.90379141002,3759,4398,602,6264,853,1642
4995,34107.2591244059,26236.168863792067,60343.42798819797,1.4533860910893448,6.055604948711596,0.5730512631023621,115592.84462730201,6990,970,799,4546,2112,2101
4996,35117.71692653281,32107.90270525978,67225.6196317926,1.7296896729293714,6.745450714178379,0.5736573662356478,115013.92665904715,4248,3560,951,6685,1702,372
4997,32925.90587651118,28886.57113266073,61812.47700917191,1.4955702929435062,6.543898080912871,0.5669751730631928,113775.57548424437,6166,1596,997,6258,708,1793
4998,33560.687285731794,30434.53584090058,63995.22312663237,1.915549658839308,6.782708620794745,0.5672279731199752,114137.49592900854,5485,2435,839,6235,1285,1239
4999,33318.328688560636,29431.299242990885,62749.62793155152,1.9258429118139593,6.686504870608872,0.5673147515712824,114083.42107478874,5618,2706,435,6094,1176,1489
5000,32495.409863256045,30935.32221532579,63430.73207858183,1.2943767567161077,6.7418140619209455,0.5705929246628357,115349.23551625242,3990,4675,94,6209,967,1583
