episode,solar_reward,wind_reward,total_reward,solar_q_mean,wind_q_mean,battery_soc_mean,grid_purchased_kwh,solar_honest,solar_hide,solar_deception,wind_honest,wind_hide,wind_deception
1,-141535.61684267982,-141535.61684267982,-283071.23368535965,3.505733128075813,-10.886460268867479,0.055051631982295214,161948.4448251787,2912,2956,2891,2906,2971,2882
2,-144715.9684041838,-144715.9684041838,-289431.9368083676,4.406789976851157,-11.589516494286189,0.055083431024337694,161789.80687685753,2925,2925,2909,2945,2926,2888
3,-149071.98263731165,-149071.98263731165,-298143.9652746233,4.660684566786136,-14.943268347995573,0.05502004723087212,162073.0397346559,2910,2877,2972,2922,2921,2916
4,-142170.12841058185,-142170.12841058185,-284340.2568211637,4.245942315151162,-13.469128779561592,0.05497377608571067,162161.5335563936,2948,2949,2862,2832,3004,2923
5,-148201.28916447374,-148201.28916447374,-296402.5783289475,5.862889219644991,-14.125945599310558,0.05506871668515379,162198.42475314057,2911,2965,2883,2855,2957,2947
6,-153289.306883206,-153289.306883206,-306578.613766412,5.199805460506444,-15.159130275555762,0.05510607834211498,162426.72115554594,2948,2936,2875,2902,2884,2973
7,-147288.4430301814,-147288.4430301814,-294576.8860603628,5.4714740973782305,-14.429975109395384,0.055019460229305324,161995.8147678646,2917,3033,2809,2884,2990,2885
8,-144383.3136190381,-144383.3136190381,-288766.6272380762,5.965802454315433,-12.79719434716003,0.05496961727795075,162132.31167406586,2976,2932,2851,2953,2898,2908
9,-137046.3446984601,-137046.3446984601,-274092.6893969202,5.2839460152229,-14.312883007392308,0.0548512498184943,162077.68219771617,2972,2956,2831,2984,2884,2891
10,-151273.25220590207,-151273.25220590207,-302546.50441180414,4.895314424606285,-14.992358686492508,0.05507977932393734,161627.41548815882,2980,2959,2820,2913,2949,2897
11,-142443.10277534777,-142443.10277534777,-284886.20555069554,5.9184896530759525,-13.70277705161555,0.054924774111914314,162193.967635025,2942,2877,2940,2911,2935,2913
12,-148735.8960235566,-148735.8960235566,-297471.7920471132,4.861850541514893,-15.83916968863941,0.0550480568910351,162204.46109445396,2976,2930,2853,2894,2950,2915
13,-133863.07322174608,-133863.07322174608,-267726.14644349215,5.1515114373007815,-14.338132941914713,0.05514879186174266,162186.29251423368,2905,2918,2936,2871,2893,2995
14,-149868.68745183313,-149868.68745183313,-299737.37490366626,4.703696173347117,-13.713298542847879,0.055077910388398134,162416.26706420493,2963,2877,2919,2828,2936,2995
15,-144804.84919487816,-144804.84919487816,-289609.6983897563,4.359301832512671,-12.390174275162433,0.05502438497859106,162180.36790050575,2863,2936,2960,2893,2879,2987
16,-147308.7532533362,-147308.7532533362,-294617.5065066724,5.186881592718621,-14.193873121975795,0.05503125720664677,162203.69144225577,2948,2880,2931,2956,2899,2904
17,-146172.8681033669,-146172.8681033669,-292345.7362067338,3.921823063787091,-15.220965267551312,0.055086199411254096,162531.99120427007,2933,2959,2867,2960,2890,2909
18,-136610.9305432029,-136610.9305432029,-273221.8610864058,5.8218804641472595,-15.062321589039028,0.055049037658053315,162154.57744179966,2909,2970,2880,2882,2946,2931
19,-135069.67806872298,-135069.67806872298,-270139.35613744595,3.4176750089719627,-14.508009498017653,0.05520531192870532,162492.45858724532,2962,2997,2800,2853,2954,2952
20,-131359.6872190408,-131359.6872190408,-262719.3744380816,3.810285358218966,-12.048938017375262,0.055101558815716316,161891.04393620486,2975,2895,2889,2948,2896,2915
21,-148220.52001666735,-148220.52001666735,-296441.0400333347,4.611952992634763,-13.41050972202913,0.054947771918724145,162293.34008635665,2937,2902,2920,2939,2898,2922
22,-140170.53238962495,-140170.53238962495,-280341.0647792499,5.460583717962203,-12.065987219136588,0.055052146841011625,162196.80880969737,2963,2929,2867,2891,2965,2903
23,-147578.66312907793,-147578.66312907793,-295157.32625815587,5.232044268346237,-13.724319778868747,0.05506440754684597,161900.09921309273,2895,2987,2877,2945,2884,2930
24,-144654.98821032993,-144654.98821032993,-289309.97642065986,5.87430895728387,-12.433337225230066,0.05522929424002416,162376.98192296753,2868,3065,2826,2926,2976,2857
25,-141455.5989392148,-141455.5989392148,-282911.1978784296,6.249488047896569,-14.165427276486101,0.0550017931944869,162343.48471575897,2889,2995,2875,2971,2928,2860
26,-147269.30420819094,-147269.30420819094,-294538.6084163819,4.386530204637339,-15.332639186363874,0.05510125540886181,162182.68154275484,2852,2967,2940,2909,2974,2876
27,-138331.84223639563,-138331.84223639563,-276663.68447279127,4.8115802411827975,-13.759704670705998,0.055015414691166026,162305.12209875588,2998,2966,2795,2988,2885,2886
28,-137220.94176880675,-137220.94176880675,-274441.8835376135,5.26639458220748,-13.794794259943584,0.05520724326637627,162013.4530773141,2973,2942,2844,2941,2920,2898
29,-146424.852990896,-146424.852990896,-292849.705981792,4.881045545583004,-15.165406994638564,0.05507475069445559,161943.6049550283,2900,3057,2802,2984,2902,2873
30,-136766.80126705611,-136766.80126705611,-273533.60253411223,4.610903531375221,-14.033850702205383,0.055108993509349606,162278.48144212295,2935,3048,2776,2909,3003,2847
31,-142179.03346158797,-142179.03346158797,-284358.06692317594,6.366166190406835,-13.717710836274858,0.055073571479576595,161951.52741846262,2948,2957,2854,2983,2967,2809
32,-137769.48714182433,-137769.48714182433,-275538.97428364865,4.624739002032847,-14.11182280677688,0.0551263692672972,162198.74306200558,2981,2913,2865,2957,2959,2843
33,-140148.3707550915,-140148.3707550915,-280296.741510183,5.185192173505435,-14.547810392929419,0.05511612647293708,162219.62534532038,2888,2994,2877,2897,2975,2887
34,-137679.5438754285,-137679.5438754285,-275359.087750857,5.511351648847574,-15.08759132637648,0.055073222138274466,162207.13260489577,2981,2952,2826,2924,2919,2916
35,-140931.69436355328,-140931.69436355328,-281863.38872710656,5.046164215913066,-13.602939481191527,0.055064381730137196,161790.34497619278,2954,2945,2860,2932,2954,2873
36,-146298.21326615408,-146298.21326615408,-292596.42653230816,4.920658724598851,-14.39289425942504,0.05488635273027081,162348.9466683586,2956,2935,2868,2874,2954,2931
37,-141572.03123756198,-141572.03123756198,-283144.06247512397,5.577139219841484,-13.31144125117258,0.055074787686940505,161798.48002646273,2972,2953,2834,2964,2919,2876
38,-145202.69953090735,-145202.69953090735,-290405.3990618147,4.396089715233394,-14.550648144771293,0.05497547292915257,162124.48963239172,2992,2955,2812,3047,2897,2815
39,-139449.4526697499,-139449.4526697499,-278898.9053394998,3.774041138845984,-14.40764931866963,0.0550994148828237,161868.22474758408,2974,2990,2795,2906,2972,2881
40,-135220.76375557188,-135220.76375557188,-270441.52751114377,5.21529200793438,-13.136182845440993,0.05524264683746521,162339.1948401337,2950,2986,2823,2925,2939,2895
41,-149024.93900278295,-149024.93900278295,-298049.8780055659,6.271818971052805,-15.657553202952037,0.055038527591993354,162189.19257107534,2979,2880,2900,2909,2990,2860
42,-142688.62526436104,-142688.62526436104,-285377.25052872207,4.9737777564546795,-14.367695186091566,0.055051601608276,161983.24364622164,3015,2963,2781,2936,2879,2944
43,-138288.30887676502,-138288.30887676502,-276576.61775353004,4.773417954658637,-13.916901677478597,0.05501956407726248,162061.3365491344,3002,2980,2777,2965,2941,2853
44,-139390.09729392384,-139390.09729392384,-278780.1945878477,6.399669223951711,-12.246780699130445,0.055004437909624976,161698.47369615873,2932,2992,2835,3010,2950,2799
45,-139762.30060487156,-139762.30060487156,-279524.6012097431,6.02297037946201,-13.818129714302808,0.05514295600025797,161886.8699481099,3011,2988,2760,3031,2903,2825
46,-138680.48432718654,-138680.48432718654,-277360.9686543731,5.689564522032234,-13.980876107086699,0.05509954767242004,162108.63181546083,2996,2936,2827,2942,2945,2872
47,-150568.38562019847,-150568.38562019847,-301136.77124039695,4.406167188229669,-14.853788760546243,0.055017480549636455,161992.22057032952,2958,2940,2861,2987,2872,2900
48,-142832.36344210664,-142832.36344210664,-285664.7268842133,4.977722422734029,-15.941915004442686,0.055077440748812746,162365.01094950797,3006,2888,2865,3017,2985,2757
49,-150725.16848860742,-150725.16848860742,-301450.33697721484,4.8275910038177035,-16.340008170651572,0.05505459695599958,162337.8796225639,2973,2978,2808,2888,3006,2865
50,-138130.9878472344,-138130.9878472344,-276261.9756944688,5.44840345301819,-12.863699910907503,0.05520804849225523,162436.49827095188,2970,2946,2843,2930,3019,2810
51,-139917.71376550704,-139917.71376550704,-279835.4275310141,3.67288685542269,-13.719801925347179,0.05504255511561226,162403.4599550073,2966,2944,2849,2810,3000,2949
52,-132400.4999562232,-132400.4999562232,-264800.9999124464,4.479059908909674,-13.33716138440093,0.05507120259850637,162019.99100437932,2974,2971,2814,2981,3013,2765
53,-135690.65442914536,-135690.65442914536,-271381.3088582907,4.426224117255377,-13.526246461690238,0.05500284346179773,161834.13524895327,2986,2963,2810,3060,2934,2765
54,-136422.70549511915,-136422.70549511915,-272845.4109902383,4.693093273269441,-13.64061502607034,0.055067938060549035,162374.25789267104,2994,3008,2757,2919,2974,2866
55,-128709.02041348322,-128709.02041348322,-257418.04082696643,5.872899173045561,-12.692541099122279,0.055141244278256375,162233.9467467196,2979,3044,2736,2936,3017,2806
56,-147673.70558487726,-147673.70558487726,-295347.4111697545,4.428054106109562,-11.866046088527943,0.055120331970874105,161924.38933411078,3026,2946,2787,2942,2948,2869
57,-138807.9843362443,-138807.9843362443,-277615.9686724886,3.7919043981581906,-14.428286710044974,0.055039924578761265,161801.49841435516,2928,2962,2869,3006,2914,2839
58,-133886.1260805814,-133886.1260805814,-267772.2521611628,4.347821474307792,-12.563281936313388,0.05499153264093264,162158.32910667566,3053,2947,2759,2935,2910,2914
59,-136279.9792525403,-136279.9792525403,-272559.9585050806,4.770090499956462,-13.656117639269505,0.05512858363618587,162392.17981004406,2945,2950,2864,2914,2985,2860
60,-145050.09303009047,-145050.09303009047,-290100.18606018095,4.834571633648701,-13.174899810582485,0.05505210063037544,161808.94760716447,2981,3008,2770,2994,3012,2753
61,-137822.68767917005,-137822.68767917005,-275645.3753583401,5.286036834506719,-12.079982586599776,0.055038423355148955,162189.24256296692,3076,2947,2736,2924,2942,2893
62,-132137.766592882,-132137.766592882,-264275.533185764,5.45670065817679,-13.201433158494542,0.05520632269601195,162042.78635096393,2964,2971,2824,2955,3021,2783
63,-142548.7918695796,-142548.7918695796,-285097.5837391592,4.010432719105428,-12.425106595889828,0.05503402502241016,162214.54866964184,3040,2974,2745,2934,2925,2900
64,-139110.15072269697,-139110.15072269697,-278220.30144539394,2.7758260582216083,-14.20353869404385,0.054986555077800266,162539.57165992906,3086,2928,2745,2888,2954,2917
65,-133435.97437223166,-133435.97437223166,-266871.9487444633,3.989622000661731,-13.162467451467348,0.055169763247271325,162265.41268392783,2932,3076,2751,3017,2926,2816
66,-132503.74123405162,-132503.74123405162,-265007.48246810323,3.985276400527752,-12.579992386220283,0.05506253743515019,162117.86252434048,3023,2985,2751,2885,3073,2801
67,-134468.7222616801,-134468.7222616801,-268937.4445233602,5.105301299283831,-10.836790184013246,0.05496893157636002,161995.50801673744,2989,3008,2762,3023,2906,2830
68,-133571.01634262604,-133571.01634262604,-267142.0326852521,4.366395289858358,-14.2890904883134,0.055068826137285795,161946.90461815498,3046,2971,2742,2976,2981,2802
69,-137715.89704994336,-137715.89704994336,-275431.7940998867,4.147675454259004,-13.28735542950976,0.055060749578807695,162084.21097463937,2987,2987,2785,2979,2921,2859
70,-136364.32423754956,-136364.32423754956,-272728.6484750991,4.784773661190091,-12.803124700955705,0.05509355937103582,162047.01865900535,2987,3034,2738,2966,2991,2802
71,-134551.24749008412,-134551.24749008412,-269102.49498016824,4.421037923538774,-13.049827153961791,0.05503981321028605,162153.6605752195,2871,3060,2828,2975,2947,2837
72,-131542.69410023338,-131542.69410023338,-263085.38820046675,4.153656887064493,-13.15634619690804,0.05514087646733925,162127.1061305355,2945,3041,2773,2961,2975,2823
73,-127275.39994416163,-127275.39994416163,-254550.79988832326,5.557698014596927,-11.038644486737429,0.05502288597440515,162084.7315954491,3070,3006,2683,3071,2987,2701
74,-125575.86254313818,-125575.86254313818,-251151.72508627636,5.479007589784715,-11.158242143356931,0.055113675968709336,162220.52984588448,3043,3003,2713,3013,3037,2709
75,-137749.79628247407,-137749.79628247407,-275499.59256494814,4.180239564068738,-14.734834626248862,0.055095234930875696,162080.75788133344,3007,2979,2773,2960,2994,2805
76,-117203.72652429965,-117203.72652429965,-234407.4530485993,3.7829450281634944,-12.992234579184107,0.0550853564397466,162350.52114984908,2978,3088,2693,3004,2961,2794
77,-129682.58245460634,-129682.58245460634,-259365.16490921268,4.5802290266783565,-13.231383357792012,0.05512722761122683,161899.0103791228,2969,3005,2785,3015,3021,2723
78,-134690.141372524,-134690.141372524,-269380.282745048,4.334855183735774,-12.518520588763554,0.05499941562891328,162107.60402431726,3010,2982,2767,3029,2928,2802
79,-130508.46687893227,-130508.46687893227,-261016.93375786455,3.9161458436984184,-12.097522504063896,0.05517327711811553,162474.28132859682,3014,2982,2763,2974,2956,2829
80,-134362.53966664092,-134362.53966664092,-268725.07933328184,4.788777766078967,-13.328681989657836,0.055067500520172175,162245.59680663134,3026,2990,2743,2981,2971,2807
81,-134492.39302772406,-134492.39302772406,-268984.7860554481,4.667290135523605,-13.265717684158734,0.055109912929171126,162145.58981585008,3011,3002,2746,2924,3027,2808
82,-124843.25244096744,-124843.25244096744,-249686.50488193487,5.423720652203905,-12.268169306317944,0.05491367455830643,162161.31593815325,3002,3040,2717,3020,2941,2798
83,-129860.38947141645,-129860.38947141645,-259720.7789428329,4.711242662385176,-13.10539074932212,0.05497150608536213,162276.19690635975,3144,2949,2666,2900,2994,2865
84,-137752.60113779292,-137752.60113779292,-275505.20227558585,5.218441786144568,-12.92389161090862,0.055199229855666256,162365.46073734513,2973,2987,2799,2973,2982,2804
85,-131775.16742659244,-131775.16742659244,-263550.3348531849,4.6166868851728875,-14.159241887197632,0.05525664492007863,162209.0982984551,3037,3031,2691,2986,3008,2765
86,-131896.64424961383,-131896.64424961383,-263793.28849922767,5.247108830189757,-13.672119703213019,0.054991911057663406,162278.03325542345,3070,2908,2781,2905,3102,2752
87,-134836.39095964452,-134836.39095964452,-269672.78191928903,4.145829701505964,-14.592059227612879,0.05510110978497325,162774.55598737203,2986,3018,2755,2922,3000,2837
88,-126555.01511707372,-126555.01511707372,-253110.03023414745,3.5043053277808944,-13.690136470114771,0.05527212292361143,162182.01104616234,2998,3087,2674,3127,2893,2739
89,-132398.91901980966,-132398.91901980966,-264797.8380396193,4.151198468921174,-12.29208844789374,0.0552978462314529,162297.31786505575,3055,2998,2706,3022,3052,2685
90,-141952.96956470425,-141952.96956470425,-283905.9391294085,3.45802010409413,-16.637251484782297,0.05507685431801853,161947.55504161728,2961,3015,2783,2930,3021,2808
91,-140519.16916468245,-140519.16916468245,-281038.3383293649,3.4878573623554576,-14.669744340512096,0.05514221898732173,162236.7695153962,3043,2955,2761,2976,3030,2753
92,-136283.813714566,-136283.813714566,-272567.627429132,4.17067444339149,-14.866611273848745,0.05499339380790085,162151.9862946659,2960,3011,2788,2929,3029,2801
93,-133258.41201475394,-133258.41201475394,-266516.8240295079,4.639028118456207,-13.07897550294212,0.054917179972272266,161971.1772454638,3007,3057,2695,2948,2938,2873
94,-134122.18910384647,-134122.18910384647,-268244.37820769293,4.086387216560105,-15.474385499064507,0.05498501923035462,161870.27858817694,3025,2992,2742,2916,3041,2802
95,-136380.07051485789,-136380.07051485789,-272760.14102971577,4.114052642244165,-14.654814879722892,0.05505744601583692,162030.2247039696,3052,2990,2717,2941,2998,2820
96,-132731.04700081455,-132731.04700081455,-265462.0940016291,4.53077402210194,-13.780902176345236,0.0550735523742371,161881.80915252282,3042,3078,2639,3032,2908,2819
97,-136108.05764374865,-136108.05764374865,-272216.1152874973,4.909536453068369,-13.162129105749859,0.05502007331033626,162166.15101699662,2970,3036,2753,3087,2893,2779
98,-129335.98235528679,-129335.98235528679,-258671.96471057358,3.5531925036268532,-13.107872552402293,0.05517684754142539,162214.10450533126,3097,3009,2653,2982,3090,2687
99,-128354.60597170949,-128354.60597170949,-256709.21194341898,4.597717817588146,-12.225224963021681,0.05517550756201574,162089.11840251868,2973,3151,2635,2961,2921,2877
100,-138197.9420423109,-138197.9420423109,-276395.8840846218,3.9565749734345133,-13.776616198698784,0.05509568267638013,162416.39809329438,2972,3052,2735,3005,2881,2873
101,-129221.63340031472,-129221.63340031472,-258443.26680062944,4.205973278698756,-12.674809757474117,0.05510020928898014,162206.5452873246,3092,3052,2615,3047,2929,2783
102,-125638.58327158926,-125638.58327158926,-251277.16654317852,4.439482904542738,-12.740465907146026,0.05516804609713631,162487.25784179478,3029,3039,2691,2940,3054,2765
103,-127507.02908402726,-127507.02908402726,-255014.05816805453,3.814455517209961,-11.4930819905063,0.054924591750456796,162008.65293250955,3096,3021,2642,3047,2931,2781
104,-128662.66301494543,-128662.66301494543,-257325.32602989086,3.925815715640752,-13.945657594084969,0.055007450388907024,162242.5512891802,2933,3075,2751,2879,3025,2855
105,-136104.93596876142,-136104.93596876142,-272209.87193752284,3.587216441645763,-14.000653447950242,0.054910953354012346,161941.19885595012,3043,2903,2813,3029,2916,2814
106,-129766.65104123688,-129766.65104123688,-259533.30208247376,3.6062831631571473,-14.152444885058646,0.05507895713131792,162050.8915697732,3076,3041,2642,2971,3002,2786
107,-132884.34843494004,-132884.34843494004,-265768.6968698801,4.365609901163147,-12.734788482741937,0.05511133530225776,162151.06942752158,3098,3013,2648,3016,2980,2763
108,-131193.19020891486,-131193.19020891486,-262386.3804178297,4.483733665823265,-12.721916789399552,0.054962426104327826,162130.56110736672,2985,3062,2712,3040,2999,2720
109,-132439.20269345207,-132439.20269345207,-264878.40538690414,4.745196497796111,-12.040180856901058,0.05503304335709588,161604.18757270847,3014,2994,2751,3027,3021,2711
110,-135932.10859521496,-135932.10859521496,-271864.2171904299,3.0138013405538504,-14.599611852771515,0.05507528754848167,162119.03818152123,3070,2974,2715,2960,2982,2817
111,-136629.79163317833,-136629.79163317833,-273259.58326635667,2.660146047914735,-16.26923810303105,0.05514366633577908,161961.4649649633,2958,3063,2738,3013,2959,2787
112,-121941.93237510562,-121941.93237510562,-243883.86475021124,3.895656932582828,-13.132196925435297,0.05502003095347473,162524.48022392133,3034,3059,2666,2947,3072,2740
113,-117941.09544265382,-117941.09544265382,-235882.19088530765,4.840942340452008,-13.935120745998024,0.05504199523946425,162019.36572069072,3069,2960,2730,3000,3015,2744
114,-122955.44859769988,-122955.44859769988,-245910.89719539977,4.818968928156653,-12.357482241964652,0.05490209157686847,162401.78932012836,3093,3044,2622,3086,2888,2785
115,-121278.66435810109,-121278.66435810109,-242557.32871620217,3.749825491652962,-12.848259724378053,0.05505891385691363,161888.61076234374,3033,2982,2744,3079,2863,2817
116,-127098.31553101323,-127098.31553101323,-254196.63106202646,3.871563535514924,-14.210774637870145,0.054946403533967715,162294.98460000768,3108,2925,2726,3049,3037,2673
117,-128378.63593238969,-128378.63593238969,-256757.27186477938,4.500897047055182,-11.222051159619314,0.055126577056920645,161980.1358667096,3139,2927,2693,3021,3014,2724
118,-121445.03889306355,-121445.03889306355,-242890.0777861271,4.694832457199716,-11.414078986082469,0.055091534495874075,162302.21927052038,3082,3010,2667,2936,3018,2805
119,-119163.89302659522,-119163.89302659522,-238327.78605319044,4.641879180119662,-13.018465483231056,0.05493529044927318,162337.37368479223,3037,3058,2664,3148,2933,2678
120,-130389.25682322643,-130389.25682322643,-260778.51364645286,3.7242487103009756,-12.906376990889374,0.054935206780524805,162547.20794374446,2984,3118,2657,2979,3010,2770
121,-127120.77142085286,-127120.77142085286,-254241.54284170573,4.548959261619752,-14.202343466314083,0.055009087738417436,162255.48708713145,2993,3084,2682,2949,3021,2789
122,-134828.19756984766,-134828.19756984766,-269656.3951396953,3.9341057449632246,-13.152202907928986,0.055104810207033075,162528.5629222584,3013,3077,2669,2893,3065,2801
123,-126103.42613577025,-126103.42613577025,-252206.8522715405,4.39479634806843,-13.364921574427362,0.05506842731551946,162027.86864569384,3006,3092,2661,3057,2930,2772
124,-121398.13679438866,-121398.13679438866,-242796.27358877732,3.993888940935916,-12.151286194148387,0.05499702878890982,161985.85572618298,3161,2970,2628,3008,3008,2743
125,-121980.56198808874,-121980.56198808874,-243961.12397617748,4.275369035037665,-12.080268759671203,0.05503006341402583,162531.8966876029,3047,3026,2686,2934,3070,2755
126,-131245.53217999943,-131245.53217999943,-262491.06435999885,3.602912787065566,-12.909323551119034,0.05505458680309265,161780.24523867902,3004,3022,2733,3017,3047,2695
127,-118417.64052004424,-118417.64052004424,-236835.28104008848,4.579755730516748,-12.395707553193118,0.05513915210437149,161940.62817364951,3141,3047,2571,3036,2959,2764
128,-126947.483962164,-126947.483962164,-253894.967924328,4.663520449477085,-11.923793404135838,0.054977309142889334,161857.13614123786,3025,3107,2627,3027,3017,2715
129,-124330.71643080177,-124330.71643080177,-248661.43286160353,3.1161623971360886,-13.214417872487052,0.05527492206831626,162759.03348921082,3073,3063,2623,2904,3083,2772
130,-133766.11663544975,-133766.11663544975,-267532.2332708995,3.7972406836912604,-15.088064082777736,0.05503561978132122,162036.79321513235,3053,3012,2694,2895,3063,2801
131,-127837.5312011158,-127837.5312011158,-255675.0624022316,3.161396625670877,-12.4483625202246,0.055003370789750025,161896.58866212785,3052,3046,2661,2942,3084,2733
132,-129213.27539438724,-129213.27539438724,-258426.55078877448,4.582236901853103,-13.063604528061301,0.05504318374472182,161978.99880127085,3123,3025,2611,3058,3023,2678
133,-135107.25330119894,-135107.25330119894,-270214.5066023979,4.694103845061439,-13.215379859669392,0.05517409227381963,162436.67508378407,3064,3064,2631,3086,2958,2715
134,-127423.12618154103,-127423.12618154103,-254846.25236308205,3.884615365809337,-12.836925089632137,0.0551213372144473,161952.85756862414,3087,3054,2618,3039,3005,2715
135,-137569.7891084381,-137569.7891084381,-275139.5782168762,4.637968478528238,-15.017418637962928,0.05497579477925954,161457.766222395,3008,3093,2658,2997,2963,2799
136,-119681.52683323846,-119681.52683323846,-239363.05366647692,4.346832337297058,-12.949305289158564,0.05506163894719768,162851.11814994385,3111,3043,2605,2920,3031,2808
137,-124040.90998259114,-124040.90998259114,-248081.81996518228,4.9060854089387425,-13.472889537186646,0.05511615098984006,161961.76878775336,3054,3045,2660,3059,3016,2684
138,-122943.38732974046,-122943.38732974046,-245886.77465948093,4.149960450622104,-12.201968618378393,0.05486930701170518,162050.60104202095,3028,3080,2651,2990,2917,2852
139,-117505.1775494893,-117505.1775494893,-235010.3550989786,3.1517669777002344,-11.807234626547535,0.05503668033074435,162493.34771238884,3122,3043,2594,3045,3040,2674
140,-119605.66402076736,-119605.66402076736,-239211.32804153473,2.9712775318265385,-12.39938652801791,0.05495695039830313,162034.79053504235,3142,2959,2658,3028,2928,2803
141,-119903.64180723323,-119903.64180723323,-239807.28361446646,4.119057216337138,-11.362892567519072,0.05507299190657132,162177.8788031742,3137,3055,2567,2942,3061,2756
142,-127005.63902747356,-127005.63902747356,-254011.27805494712,4.916392306019397,-12.491183134200092,0.055007988672877685,162559.7515988031,3093,3070,2596,2984,2969,2806
143,-115507.38060826015,-115507.38060826015,-231014.7612165203,4.393940122403756,-12.402851455681777,0.055027934118184296,162201.9399173689,2979,3163,2617,3003,3023,2733
144,-128276.46538641797,-128276.46538641797,-256552.93077283594,3.5214164920495685,-12.945219045411418,0.05494570672400659,162306.26039554,3035,3046,2678,3070,2986,2703
145,-120631.34530401723,-120631.34530401723,-241262.69060803446,2.9198411869323904,-12.95378285728417,0.0550870605102126,162017.20987555836,3097,3026,2636,2976,3069,2714
146,-117256.11833622826,-117256.11833622826,-234512.23667245652,3.353374964716839,-13.16179347006174,0.05512144245012275,162490.57255409576,3138,3110,2511,2895,3074,2790
147,-128192.32084916548,-128192.32084916548,-256384.64169833096,4.59388509728782,-11.332427882637429,0.05509517044969839,162551.16448116873,3007,3064,2688,3022,3027,2710
148,-130410.03565621967,-130410.03565621967,-260820.07131243934,3.1258558188517855,-13.731662244066158,0.05499906473479337,162143.22907882513,3057,3095,2607,3007,2998,2754
149,-124150.61119030767,-124150.61119030767,-248301.22238061533,3.6259206380019373,-14.854556210572465,0.055117394877877965,162145.48866504748,3038,3180,2541,3117,2943,2699
150,-116955.34849088217,-116955.34849088217,-233910.69698176434,4.620315938989477,-12.86170116845805,0.05501000436360813,162641.19574465833,3191,3016,2552,2980,2947,2832
151,-127262.33557395852,-127262.33557395852,-254524.67114791705,3.8645908077283697,-14.1311774207473,0.055074004901732775,161799.8335773961,3083,3013,2663,3108,2955,2696
152,-124001.25114293933,-124001.25114293933,-248002.50228587867,3.2546552881587747,-14.172696989466315,0.05517799405593412,162123.11110234394,3069,3097,2593,3065,2820,2874
153,-123967.55327139558,-123967.55327139558,-247935.10654279115,4.677383345813248,-12.980634851128722,0.05502313487826129,162237.14653769534,3087,3119,2553,2889,3204,2666
154,-120012.63838370146,-120012.63838370146,-240025.27676740292,5.175900248755839,-11.236928764873506,0.055007668026773766,161783.4200239684,3039,3066,2654,3074,3063,2622
155,-125444.07387301236,-125444.07387301236,-250888.1477460247,3.077219712910239,-13.20971224521273,0.055024086810491875,162886.1396819103,3058,3067,2634,2982,2943,2834
156,-126682.90060122056,-126682.90060122056,-253365.80120244113,4.290218749332217,-13.3051739314662,0.05520053861518046,162266.60740072373,3058,3066,2635,3211,2957,2591
157,-123588.40578693655,-123588.40578693655,-247176.8115738731,3.8915775178742726,-11.406500513958946,0.05519456522393846,162395.7247663072,2974,3101,2684,2986,3089,2684
158,-124460.94617944019,-124460.94617944019,-248921.89235888037,3.2139969980532688,-11.802691081458025,0.055079975546623125,162044.30747362252,3075,3090,2594,3053,2982,2724
159,-122594.65227427265,-122594.65227427265,-245189.3045485453,3.3741508399652647,-12.523139208789418,0.05505063973371461,162290.86222552694,2978,3151,2630,3022,2984,2753
160,-126873.74032052117,-126873.74032052117,-253747.48064104235,3.7983692729570677,-13.858103707574516,0.05521078274289642,162276.7746535904,3119,3051,2589,2919,3103,2737
161,-110332.39365402583,-110332.39365402583,-220664.78730805166,4.982149869744615,-11.839862578218039,0.055027405904359734,161751.8919998224,3145,3039,2575,3102,3045,2612
162,-133056.13136066028,-133056.13136066028,-266112.26272132056,3.4105008954973566,-14.175836876489427,0.055080835106110615,162159.15230388363,3009,3101,2649,3065,2998,2696
163,-115808.14586384414,-115808.14586384414,-231616.29172768828,3.8918549994914553,-11.506316447386569,0.05503346735910792,162555.68329757176,3024,3079,2656,2964,3053,2742
164,-121524.11193304163,-121524.11193304163,-243048.22386608325,3.9592858337708567,-12.954721877966941,0.05500988432879218,162564.27262164743,3039,3126,2594,3100,2977,2682
165,-115786.9978251823,-115786.9978251823,-231573.9956503646,4.276668031999403,-10.84534152932582,0.05499054739548963,162040.54176056446,3113,3066,2580,3176,2846,2737
166,-127083.34439155088,-127083.34439155088,-254166.68878310177,3.9576060894233858,-13.332192228126283,0.05519664732053329,162457.29082250615,3181,2913,2665,2999,3006,2754
167,-130603.40500657038,-130603.40500657038,-261206.81001314076,4.536098116730869,-12.736892049733651,0.05488407533208536,162415.08144313024,3140,3067,2552,3084,2925,2750
168,-128447.53331636717,-128447.53331636717,-256895.06663273435,3.4889912371138383,-12.700946035975914,0.054982525425008595,162227.0428851091,3075,3069,2615,2956,3019,2784
169,-122716.00431135402,-122716.00431135402,-245432.00862270803,4.947593059937384,-11.710475229528038,0.05516232869092743,161941.09426352056,3046,3075,2638,3060,3081,2618
170,-122849.9348102151,-122849.9348102151,-245699.8696204302,3.33552597363863,-13.189635674934209,0.0550533200638981,161665.46640563724,3060,3106,2593,3163,2966,2630
171,-119013.39810170926,-119013.39810170926,-238026.79620341852,4.055890862253074,-13.656786212614255,0.05505865186345253,162389.82846363564,3088,3111,2560,3063,3025,2671
172,-122950.64252052538,-122950.64252052538,-245901.28504105075,3.816177325410292,-13.20055464206781,0.05508378443444663,162985.68592843637,3120,3069,2570,3114,2938,2707
173,-118622.86304084772,-118622.86304084772,-237245.72608169544,3.150496656089627,-14.030593557283094,0.05499022607359874,161948.80352868637,3179,3030,2550,3128,2961,2670
174,-119170.24469372502,-119170.24469372502,-238340.48938745004,3.6225125859745693,-13.18169698922184,0.05504840341548855,162386.57417035388,3216,3026,2517,3079,2917,2763
175,-104413.43710462969,-104413.43710462969,-208826.87420925937,4.473809850384728,-11.42847777874226,0.0549027745341009,162070.59283085572,3166,3095,2498,3042,2958,2759
176,-124030.70724263511,-124030.70724263511,-248061.41448527022,3.9148933308937908,-12.614318770453702,0.055081016110024625,162582.3963813091,3066,3110,2583,2986,3066,2707
177,-116007.30936822429,-116007.30936822429,-232014.61873644858,3.7639600976731007,-12.398272245280632,0.05511718044335521,162292.10290190592,3160,3129,2470,3046,3029,2684
178,-119686.12786595518,-119686.12786595518,-239372.25573191035,3.016842562146549,-13.536466783827814,0.055018513733665904,162783.1019175335,3017,3229,2513,2950,3029,2780
179,-113104.61286193837,-113104.61286193837,-226209.22572387673,3.8483473120730602,-11.599123783813635,0.054984461417328975,162222.6052208567,3209,3044,2506,2902,3092,2765
180,-119013.70954610803,-119013.70954610803,-238027.41909221606,3.991410837794081,-13.922872036833196,0.05509264393686069,162672.48512245304,3124,3030,2605,3026,3009,2724
181,-114866.8385842795,-114866.8385842795,-229733.677168559,3.97703523604174,-11.193827338516167,0.055243151247840135,161934.09768399465,3131,3059,2569,3180,2963,2616
182,-120986.79893410487,-120986.79893410487,-241973.59786820973,3.3045105880448813,-14.659820391158465,0.05502092614544579,162239.5443376565,3173,2994,2592,2999,3123,2637
183,-118245.49291847428,-118245.49291847428,-236490.98583694856,3.5468574386750515,-12.347090755547368,0.05504231327820916,162595.9821433961,3233,3020,2506,2969,3061,2729
184,-116958.37393437963,-116958.37393437963,-233916.74786875927,3.6981184529747546,-12.634954404107935,0.05507394927114689,162637.91690947494,3036,3138,2585,3044,2993,2722
185,-122722.78419837549,-122722.78419837549,-245445.56839675098,3.7784482919944775,-11.350793708431354,0.05511202679259484,161915.67928492982,3151,3086,2522,3041,2973,2745
186,-115443.7067181151,-115443.7067181151,-230887.4134362302,3.313100556683954,-12.693241870540348,0.054988473932599376,162391.1422169134,3038,3177,2544,3018,3046,2695
187,-117679.64695607168,-117679.64695607168,-235359.29391214336,3.3475437559065266,-12.859815961574135,0.05503460732118838,162079.98501289127,3070,3144,2545,3091,2978,2690
188,-120346.26484788499,-120346.26484788499,-240692.52969576998,3.533359325787137,-12.577382760079248,0.05516229505648685,162205.53744054056,3116,3094,2549,3077,3019,2663
189,-120723.70919181856,-120723.70919181856,-241447.41838363712,3.1566896372410684,-12.119238751683215,0.05500669506603219,162626.31119662474,3047,3104,2608,3017,3023,2719
190,-119517.71177176735,-119517.71177176735,-239035.4235435347,2.6387546878149095,-15.093752385053275,0.055166898847135416,162807.6298517531,3182,2999,2578,3005,3078,2676
191,-124257.10567677203,-124257.10567677203,-248514.21135354406,3.38114539671571,-13.054596206534628,0.05488586417149896,161957.6521588625,3153,3070,2536,3141,2972,2646
192,-112459.01140900818,-112459.01140900818,-224918.02281801635,2.425239168865499,-14.249135649333601,0.05510587265394861,162477.16206727212,3178,3070,2511,3051,3020,2688
193,-111701.33830202746,-111701.33830202746,-223402.67660405493,2.7368361815795477,-12.938857389165749,0.0550805944180585,161862.45434412314,3090,3143,2526,3208,2909,2642
194,-112905.24291945291,-112905.24291945291,-225810.48583890582,3.3591932060962413,-11.932704790310025,0.0550245903294419,161796.90784542766,3134,3080,2545,3145,2992,2622
195,-101592.29823156963,-101592.29823156963,-203184.59646313926,5.446061592596545,-10.375758245108322,0.055030286018202756,162189.84809780278,3140,3173,2446,3045,3045,2669
196,-123488.18435740274,-123488.18435740274,-246976.3687148055,3.583838035104755,-13.57084152656973,0.054978685440980404,162643.40238324367,2997,3206,2556,3032,3092,2635
197,-124767.61670327105,-124767.61670327105,-249535.2334065421,4.331092663843072,-13.222268494736982,0.05512444232689635,162734.46106541448,3098,3120,2541,2999,3015,2745
198,-115484.30035969216,-115484.30035969216,-230968.60071938433,3.583990206033627,-12.530588607118894,0.055147258505806394,162135.9581003763,3077,3126,2556,3052,2945,2762
199,-114396.37147820838,-114396.37147820838,-228792.74295641677,3.4681977511814837,-13.167234606304556,0.05498665844933277,162664.0682719228,2997,3239,2523,3103,2957,2699
200,-119912.52275680694,-119912.52275680694,-239825.04551361388,3.5711526439870314,-12.392578782847439,0.05510548794058926,161752.2712356972,3102,3151,2506,3283,2910,2566
201,-105413.64654452995,-105413.64654452995,-210827.2930890599,3.3822077267034616,-10.816429818300945,0.05491712497245008,162435.55568633587,2971,3288,2500,2982,3103,2674
202,-110193.87316506721,-110193.87316506721,-220387.74633013443,2.940418599160507,-13.793843974281481,0.054937522095924146,162619.27447174015,3208,3126,2425,3091,2934,2734
203,-122866.89386205439,-122866.89386205439,-245733.78772410878,4.610303407665428,-12.295056413544511,0.05511570407149942,162438.5837316952,3172,3116,2471,3035,3018,2706
204,-109472.9270864359,-109472.9270864359,-218945.8541728718,3.736598212649664,-11.36419554317244,0.05493827578124919,162276.192737233,3171,3066,2522,3052,2987,2720
205,-118877.84286161623,-118877.84286161623,-237755.68572323245,3.9963512987486034,-11.455257447151341,0.05510379185695193,162014.00990409998,3190,3093,2476,3200,2983,2576
206,-120763.99478761393,-120763.99478761393,-241527.98957522787,4.483620731907863,-11.830094146022834,0.05498189603352791,162256.17892634263,3138,3091,2530,2961,3154,2644
207,-111094.0038535064,-111094.0038535064,-222188.0077070128,2.8402481968037283,-12.969541576674567,0.0550947426469062,162742.9899190722,3105,3239,2415,2973,3048,2738
208,-115165.41765264347,-115165.41765264347,-230330.83530528695,3.656730551948214,-13.17663261942061,0.05509298026579947,162064.41238326646,3126,3152,2481,3094,2982,2683
209,-110694.41402814988,-110694.41402814988,-221388.82805629977,3.4758407047828315,-11.503402643224774,0.055261907364210265,162772.05519034195,3099,3186,2474,3027,3087,2645
210,-123197.27452401427,-123197.27452401427,-246394.54904802854,4.333129811539107,-12.412441551864957,0.05515620635037902,162384.438322178,3129,3075,2555,2984,3239,2536
211,-124094.38479821067,-124094.38479821067,-248188.76959642133,3.865859631203197,-12.765328826953729,0.054940396477151245,161390.88439843382,3230,2997,2532,3139,3058,2562
212,-111320.00083297599,-111320.00083297599,-222640.00166595198,3.919002882735289,-11.78888147191193,0.055039188968086086,162422.6609885387,3055,3237,2467,3245,2848,2666
213,-120643.692982608,-120643.692982608,-241287.385965216,3.066395694119118,-11.188496577560938,0.05501510653857695,162649.38968455116,3231,3011,2517,3031,3039,2689
214,-118433.8898363052,-118433.8898363052,-236867.7796726104,3.8649531036669065,-12.213573195558872,0.05508459066580726,162299.1699181691,3186,3007,2566,3098,3085,2576
215,-120220.45017376207,-120220.45017376207,-240440.90034752415,2.876162125805064,-11.615821153750707,0.05502597114349498,162087.90296483418,3182,3120,2457,3027,3035,2697
216,-107626.03163905731,-107626.03163905731,-215252.06327811463,2.9765497289027154,-10.454472461104247,0.05511010460477641,162163.4420852473,3243,3070,2446,3123,3029,2607
217,-118271.00510819242,-118271.00510819242,-236542.01021638484,3.179461555883965,-13.254700402017315,0.05506535904104337,162448.06462521956,3155,3101,2503,3055,3059,2645
218,-109053.85187179895,-109053.85187179895,-218107.7037435979,4.598889802415297,-11.174955777699003,0.055062358800495835,162890.42508609645,3044,3254,2461,3107,2990,2662
219,-105023.17094922671,-105023.17094922671,-210046.34189845342,4.013652194548658,-10.597687062929333,0.05513594287446874,162198.2047550324,3167,3158,2434,3135,2954,2670
220,-109859.25060962868,-109859.25060962868,-219718.50121925736,4.599544439572017,-11.311716192595755,0.05499834664800674,162531.86647090688,3114,3132,2513,3039,3171,2549
221,-112170.80338031682,-112170.80338031682,-224341.60676063364,4.401462662354565,-11.797976667271799,0.054955709894046446,162220.85915832792,3115,3186,2458,3207,2937,2615
222,-110935.33666887478,-110935.33666887478,-221870.67333774955,2.313688005906185,-13.399921880420079,0.0549528304567303,162406.22226659342,3206,3109,2444,3094,3014,2651
223,-115197.03611814315,-115197.03611814315,-230394.0722362863,2.9826324322870192,-13.773833047202606,0.055037820785810265,161791.19429600798,3129,3164,2466,3113,2992,2654
224,-117410.37279430132,-117410.37279430132,-234820.74558860264,3.65356513616874,-13.120331039882199,0.05498617984546436,161964.64797335854,3239,3023,2497,3112,2961,2686
225,-118222.22576473327,-118222.22576473327,-236444.45152946655,3.52348508945893,-12.386867536518068,0.05500516967992655,161763.46882776593,3166,3082,2511,3167,2952,2640
226,-121872.26406413777,-121872.26406413777,-243744.52812827553,2.7704792766959954,-11.403907715922632,0.05503881773274918,161530.12734447402,3069,3154,2536,3133,3088,2538
227,-110629.98131939245,-110629.98131939245,-221259.9626387849,4.0081916092501135,-12.138101532527775,0.05486914152289739,161670.77680828565,3121,3149,2489,3136,2986,2637
228,-118012.5098012103,-118012.5098012103,-236025.0196024206,2.3243995624918696,-12.42152828901851,0.05501706858019428,161844.45298413577,3171,3118,2470,3130,3003,2626
229,-103212.712113735,-103212.712113735,-206425.42422747,3.5002844930761756,-9.974080836365218,0.05498861149043299,162483.79083236962,3247,3109,2403,3160,3001,2598
230,-116274.14484353576,-116274.14484353576,-232548.28968707152,2.3024804231833556,-12.893326775876615,0.05502795135325945,162270.2701365679,3136,3110,2513,3046,3067,2646
231,-110116.51858166931,-110116.51858166931,-220233.03716333862,3.6712289159275477,-12.40373225116629,0.054943055003411664,161762.80006521544,3150,3084,2525,3010,3203,2546
232,-115496.2248031823,-115496.2248031823,-230992.4496063646,3.629276057649966,-12.228870362787092,0.05504011643345137,161502.68907342607,3206,3094,2459,3241,2987,2531
233,-115250.49669850494,-115250.49669850494,-230500.99339700988,3.1015607769081686,-11.577584300514628,0.05493265250192546,162195.734656193,3187,3110,2462,3105,3043,2611
234,-104562.38660408492,-104562.38660408492,-209124.77320816985,3.9843625384644574,-12.151612068646315,0.054939117833891826,162002.36109575845,3194,3116,2449,3251,3002,2506
235,-116196.58363198226,-116196.58363198226,-232393.1672639645,3.5028369334305096,-13.155140487318903,0.05495369517442769,162167.42085412756,3279,3005,2475,3105,2977,2677
236,-114224.67981051966,-114224.67981051966,-228449.35962103933,3.2632576010228895,-12.695125550369236,0.054947243340608555,161824.38046692687,3079,3134,2546,3141,2931,2687
237,-115839.07333637183,-115839.07333637183,-231678.14667274366,3.223615981423393,-11.97886296229702,0.055011003335174426,162177.41058674746,3141,3153,2465,3176,3038,2545
238,-110710.14715261158,-110710.14715261158,-221420.29430522316,2.776812795340518,-11.473142352110065,0.055071532630823955,162323.05506870805,3432,2972,2355,3131,2935,2693
239,-112500.92706203736,-112500.92706203736,-225001.8541240747,4.161899755263928,-12.279933228048753,0.05507170638820873,162001.80605546283,3058,3286,2415,3162,2999,2598
240,-116562.24930224885,-116562.24930224885,-233124.4986044977,3.4077511227201733,-12.369818114073613,0.05497033744566514,162575.67411458824,3030,3214,2515,3021,3075,2663
241,-111018.59263577178,-111018.59263577178,-222037.18527154357,3.789668657568792,-10.762628535752699,0.05485938423528641,162030.2667475727,3080,3310,2369,3163,2919,2677
242,-115500.44112657501,-115500.44112657501,-231000.88225315002,2.422149699018226,-12.733408726287712,0.054984745349177744,162737.7711146044,3119,3241,2399,3031,3047,2681
243,-110264.33468878065,-110264.33468878065,-220528.6693775613,3.407379700935724,-12.949510093284607,0.0550211445668087,161659.76265236415,3195,3129,2435,3118,3094,2547
244,-103551.0451642271,-103551.0451642271,-207102.0903284542,3.096332014535959,-12.330067562932735,0.05502970409398332,162635.87845638936,3183,3240,2336,2980,3064,2715
245,-112111.26268722635,-112111.26268722635,-224222.5253744527,3.0320009559855654,-14.234831235236653,0.05502268094137192,161977.78829239926,3122,3216,2421,2998,3087,2674
246,-121283.35526727478,-121283.35526727478,-242566.71053454955,3.6305442416581117,-13.740797365316386,0.05514504768759012,161578.16325640018,3200,3087,2472,3110,3123,2526
247,-106300.84954997188,-106300.84954997188,-212601.69909994377,3.1991996326258323,-11.357553406606955,0.055131778084664296,162108.4842190632,3289,3066,2404,3133,3032,2594
248,-106400.19956606269,-106400.19956606269,-212800.39913212537,3.628140669669641,-11.548366760020773,0.05501791937282453,162342.3614890904,3253,3135,2371,3118,3033,2608
249,-111627.91831090709,-111627.91831090709,-223255.83662181417,3.2666555706717366,-11.959491198729248,0.055024674526364475,162320.6250241839,3117,3259,2383,3034,3117,2608
250,-115008.31339075914,-115008.31339075914,-230016.62678151828,3.204188128854359,-11.571553375028206,0.05497648012819717,162188.58447053583,3130,3259,2370,3152,3055,2552
251,-103374.44533440983,-103374.44533440983,-206748.89066881966,3.470785625768324,-10.863754910837432,0.05499403169447545,162506.4908328603,3306,3073,2380,3008,3014,2737
252,-110309.109342912,-110309.109342912,-220618.218685824,2.620756163713929,-11.451218818705005,0.055187888748450126,162151.11334623204,3230,3106,2423,3123,3052,2584
253,-108764.55832127071,-108764.55832127071,-217529.11664254143,3.471341418385652,-13.050685050821658,0.05502770385015919,161751.94231996595,3133,3128,2498,3075,3058,2626
254,-118018.7712556672,-118018.7712556672,-236037.5425113344,2.572213044312781,-12.668021783732032,0.055142896807769265,161900.68790517893,3178,3169,2412,3117,3098,2544
255,-107451.75136536983,-107451.75136536983,-214903.50273073965,2.443154934459623,-13.089111508265395,0.05497234264576788,162209.03506276032,3094,3272,2393,3159,3029,2571
256,-111731.48644664114,-111731.48644664114,-223462.97289328228,3.1347583054754504,-11.743235137004053,0.055164769135910424,162211.24567368694,3043,3221,2495,3138,3034,2587
257,-101132.03843931106,-101132.03843931106,-202264.07687862212,3.6550527093427543,-9.792922039081335,0.055056665697910415,161960.0999763166,3078,3262,2419,3098,3147,2514
258,-109071.23127007436,-109071.23127007436,-218142.46254014873,2.710330910048745,-12.165799930953384,0.05514525485729584,162440.649858338,3138,3194,2427,3106,3127,2526
259,-110609.24994036647,-110609.24994036647,-221218.49988073294,3.1264696008230524,-12.549674312717642,0.05519536066931857,162026.8493739345,3281,3123,2355,3227,3008,2524
260,-106079.9251271123,-106079.9251271123,-212159.8502542246,3.5885594345883662,-11.693151529100964,0.05494192432724329,162028.4239623712,3240,3179,2340,3254,3002,2503
261,-110165.59406201921,-110165.59406201921,-220331.18812403842,3.283531591323141,-11.461859846017516,0.055146809852145255,162435.59524813326,3131,3189,2439,3091,2995,2673
262,-104823.01946464098,-104823.01946464098,-209646.03892928196,4.055649640137184,-10.90518627788304,0.054978712848301484,161647.9530361441,3331,2999,2429,3266,3019,2474
263,-114645.11786117016,-114645.11786117016,-229290.23572234032,2.9624802542810125,-13.971718931064103,0.05502375646586012,162373.64191945404,3203,3083,2473,3110,3076,2573
264,-106798.05562103614,-106798.05562103614,-213596.11124207228,3.820804781544669,-12.289516753017807,0.054967706087680826,161359.9062989947,3266,3084,2409,3237,2967,2555
265,-99030.23515340257,-99030.23515340257,-198060.47030680513,3.8166921913089293,-11.987297137737773,0.05489804503660317,161877.88594609612,3187,3143,2429,3267,3022,2470
266,-108271.37611515014,-108271.37611515014,-216542.75223030028,2.892266541227135,-12.347354849291916,0.0550497587715978,161977.119315144,3198,3222,2339,3187,2998,2574
267,-101585.55865636072,-101585.55865636072,-203171.11731272144,3.0524932179073145,-11.76465497051466,0.05514195904960792,162558.3358651868,3190,3161,2408,2944,3118,2697
268,-108394.31016912674,-108394.31016912674,-216788.62033825347,3.3591832689367016,-11.576189861255594,0.05503335734328714,162405.56801760994,3282,3108,2369,3070,3083,2606
269,-100590.61979108778,-100590.61979108778,-201181.23958217556,3.1263409507464734,-10.00574754062498,0.054928176266459634,162043.54644645753,3322,3131,2306,3060,3135,2564
270,-107870.25429289916,-107870.25429289916,-215740.50858579832,3.6289562439451375,-10.656600656948513,0.05503922374065886,162611.20092071904,3178,3190,2391,3014,3222,2523
271,-105155.38905978152,-105155.38905978152,-210310.77811956304,2.5239035326367296,-11.827168546727002,0.05497752589136782,162074.65150322617,3269,3148,2342,3114,2944,2701
272,-99275.68970498921,-99275.68970498921,-198551.37940997843,3.4303626081867424,-10.653410373907445,0.054861339091134415,161986.08036082672,3118,3326,2315,3106,3076,2577
273,-107095.96233932563,-107095.96233932563,-214191.92467865127,2.9903003252678455,-12.443904725260538,0.05511083130461924,162126.62033006837,3188,3219,2352,3130,3019,2610
274,-111479.34167194077,-111479.34167194077,-222958.68334388154,2.343963040172033,-12.444361416719419,0.055013417834733735,162027.74087730295,3295,3011,2453,3156,3102,2501
275,-96752.3238476998,-96752.3238476998,-193504.6476953996,2.3654659291562714,-11.24132574814461,0.055051446517899456,162009.4432539586,3126,3223,2410,3163,3001,2595
276,-106825.94081655813,-106825.94081655813,-213651.88163311625,3.455952924891919,-11.559664809212714,0.05505723401426863,162409.95838166244,3174,3220,2365,2938,3160,2661
277,-114350.89430831982,-114350.89430831982,-228701.78861663965,3.1971184658485634,-12.095746239635348,0.05509634344097327,161843.82021577228,3155,3235,2369,3083,3199,2477
278,-107592.95812240227,-107592.95812240227,-215185.91624480454,2.865736485759934,-12.168992993976387,0.05503453067721278,162565.07795761232,3099,3237,2423,3113,3057,2589
279,-107182.51274466723,-107182.51274466723,-214365.02548933445,3.1678316973981464,-11.598348330875414,0.055023581323750785,162491.5021797781,2935,3326,2498,3097,3013,2649
280,-100216.60950726457,-100216.60950726457,-200433.21901452914,4.266997933274435,-10.965236825629033,0.05518576667652263,162622.11076017775,3031,3398,2330,3115,3077,2567
281,-105976.4035547821,-105976.4035547821,-211952.8071095642,3.2071259517219213,-10.853412878082963,0.0549390759943139,161667.4514661846,3315,3058,2386,3261,3054,2444
282,-106856.7450738686,-106856.7450738686,-213713.4901477372,3.5662253004509665,-11.026880300884681,0.054938288417420024,161894.33345424596,3217,3172,2370,3221,3043,2495
283,-110408.42511936881,-110408.42511936881,-220816.85023873762,3.261487232942638,-12.61633085075988,0.05506375606665744,162833.35641886602,3311,3139,2309,3163,2966,2630
284,-112051.5324826729,-112051.5324826729,-224103.0649653458,3.2197494932657524,-11.636985253255228,0.05505639334299327,161885.64206463553,3266,3085,2408,3184,3114,2461
285,-105425.48491207502,-105425.48491207502,-210850.96982415003,3.279450495453956,-11.361700631873392,0.05530689992994111,162416.41709131462,3169,3211,2379,3257,2990,2512
286,-116196.94612216065,-116196.94612216065,-232393.8922443213,2.7562857551116693,-11.782496865086825,0.055049010993603945,161699.7163441697,3056,3221,2482,3111,3188,2460
287,-112790.22243931048,-112790.22243931048,-225580.44487862097,2.81313427297248,-12.050063841588962,0.05501443901807372,161916.30881303846,3207,3178,2374,2935,3369,2455
288,-110712.80023432653,-110712.80023432653,-221425.60046865305,2.523392334292584,-12.10925057573906,0.05506282330657573,162147.6063264184,3219,3173,2367,3072,3103,2584
289,-107547.47461100086,-107547.47461100086,-215094.9492220017,3.7504689544428875,-10.330468816380334,0.05519604539623736,162483.02162520651,3146,3244,2369,3060,3178,2521
290,-102741.30978944914,-102741.30978944914,-205482.61957889827,2.950373956209882,-10.840599880138292,0.05515528600387135,162548.63784806308,3308,3076,2375,3062,3070,2627
291,-101223.9350349567,-101223.9350349567,-202447.8700699134,3.6800996165714546,-11.250891333187015,0.055099425005218444,161846.30797043894,3200,3179,2380,3167,3202,2390
292,-97996.52404593508,-97996.52404593508,-195993.04809187015,3.7255608885978453,-11.583664535333325,0.05507250088615524,161833.94825829254,3171,3320,2268,3257,3045,2457
293,-98583.75916109707,-98583.75916109707,-197167.51832219414,3.634488072610625,-10.637520139369402,0.05506889990420702,162194.0952314234,3106,3253,2400,3160,3098,2501
294,-108635.57745559643,-108635.57745559643,-217271.15491119286,3.1757131514254118,-10.858360089852807,0.05503724568239448,162046.89137645008,3151,3194,2414,3266,2972,2521
295,-94039.40763959665,-94039.40763959665,-188078.8152791933,3.357636103545978,-9.702013380655282,0.05506048555683691,162464.55374978977,3389,3143,2227,3056,3129,2574
296,-94902.72842274868,-94902.72842274868,-189805.45684549736,3.9024314956151955,-9.140848160768632,0.05517178248661509,162594.4454506677,3138,3271,2350,3095,3115,2549
297,-98641.386374695,-98641.386374695,-197282.77274939,4.200840225105439,-10.251706756962392,0.05501328504194716,161965.88095189573,3120,3300,2339,3308,2902,2549
298,-102551.42088208883,-102551.42088208883,-205102.84176417766,3.686532392215623,-8.469776049778636,0.055054534121996304,161883.58380685333,3299,3143,2317,3204,3049,2506
299,-97985.9960832255,-97985.9960832255,-195971.992166451,2.9454043226981197,-10.386890508748703,0.05505389580593659,162205.1768086985,3129,3266,2364,3290,3019,2450
300,-105617.34042948189,-105617.34042948189,-211234.68085896378,2.877754902553471,-12.576707475792345,0.05519582123098632,162095.52304467343,3339,3125,2295,3268,2905,2586
301,-97117.75093422955,-97117.75093422955,-194235.5018684591,2.874024525347692,-10.820053034791371,0.05505432585406216,161920.94431988918,3350,3015,2394,3185,2946,2628
302,-107583.37822547201,-107583.37822547201,-215166.75645094403,2.6282484522937173,-12.272655926927097,0.05504824567804057,162095.3618883457,3271,3102,2386,3186,3139,2434
303,-105396.38354790072,-105396.38354790072,-210792.76709580145,2.9216984301658635,-11.966338248771786,0.05510529753741144,162880.27819305318,3307,3123,2329,3071,3116,2572
304,-103014.19565448453,-103014.19565448453,-206028.39130896906,2.35768497450908,-12.643458790272577,0.05518008436815867,162082.33802943557,3334,3071,2354,3122,3157,2480
305,-101016.97256104522,-101016.97256104522,-202033.94512209043,3.390651224180738,-10.898080140510231,0.055073130634768784,162031.76619131406,3037,3286,2436,3188,3134,2437
306,-98348.11565816164,-98348.11565816164,-196696.23131632328,2.9594726232540967,-11.824353654656118,0.0549626161363193,162309.28417628678,3185,3243,2331,3065,3053,2641
307,-98879.54855193803,-98879.54855193803,-197759.09710387606,2.95372535008796,-10.716419138494459,0.054905514913747414,161947.24858470206,3180,3287,2292,3207,3007,2545
308,-107942.70591239502,-107942.70591239502,-215885.41182479003,3.102812715061516,-11.494466889495849,0.0551308209880533,162919.87359298154,3124,3242,2393,2925,3222,2612
309,-102063.40215789492,-102063.40215789492,-204126.80431578984,2.404261235210469,-10.586623267269527,0.05502582611336625,162422.11483305274,3268,3223,2268,3175,3096,2488
310,-97557.43701214662,-97557.43701214662,-195114.87402429324,3.0206802683383494,-10.181426412971742,0.05497368306668976,161917.5157388951,3163,3133,2463,3172,2993,2594
311,-97901.04395944475,-97901.04395944475,-195802.0879188895,3.0761940195061888,-11.916053968101394,0.05508091912158148,162204.66266292834,3152,3211,2396,3208,3039,2512
312,-91934.35809276516,-91934.35809276516,-183868.71618553033,3.267941799771089,-9.19199280525827,0.05511193144067231,162029.34618652207,3201,3294,2264,3259,3054,2446
313,-104742.9831736301,-104742.9831736301,-209485.9663472602,1.445524309194853,-12.604881704998574,0.05499402012648943,162097.82793172728,3354,3113,2292,3173,2834,2752
314,-96985.94154776563,-96985.94154776563,-193971.88309553126,2.389273197664891,-11.136821931301304,0.055106503194692597,162212.9798329292,3100,3275,2384,3316,2895,2548
315,-101244.6646635881,-101244.6646635881,-202489.3293271762,2.9992546088771475,-10.332375986710481,0.05480689104475246,161711.83906559832,3112,3305,2342,3335,2904,2520
316,-100941.4701972585,-100941.4701972585,-201882.940394517,3.5388467949988054,-9.288285518804543,0.05500767647813851,161851.97115312808,3330,3099,2330,3209,3086,2464
317,-104217.57772774377,-104217.57772774377,-208435.15545548755,1.4924218124412778,-12.616171371040478,0.05509770092637346,162241.88612368036,3274,3150,2335,3120,2888,2751
318,-103097.764763424,-103097.764763424,-206195.529526848,2.5864078261106416,-11.616252549737553,0.05501524500577664,161982.19711397676,3444,3010,2305,3260,3012,2487
319,-104569.97822725885,-104569.97822725885,-209139.9564545177,1.9050874874220163,-11.264474551517173,0.05492268099155743,161970.6582727787,3425,2946,2388,3156,3055,2548
320,-104070.54612010362,-104070.54612010362,-208141.09224020725,2.3301682229270844,-11.027966592662972,0.054940479006573936,161611.95722440394,3231,3234,2294,3281,2964,2514
321,-103230.13443702243,-103230.13443702243,-206460.26887404485,4.180369629751993,-10.522809025412895,0.05526438124177008,162232.7725267125,3311,3138,2310,3055,3314,2390
322,-112998.10777335791,-112998.10777335791,-225996.21554671583,2.373478544383033,-13.763136695294905,0.05507468562153677,162124.83555209843,3325,3050,2384,3020,3159,2580
323,-105753.74920813748,-105753.74920813748,-211507.49841627496,2.3242543056241285,-12.347153793609474,0.055081338649231947,162327.4337026728,3211,3254,2294,3080,3104,2575
324,-94302.410725348,-94302.410725348,-188604.821450696,2.798477390841372,-9.89440523321888,0.05509987187967168,162594.89204028453,3036,3411,2312,3091,3183,2485
325,-103111.68544758772,-103111.68544758772,-206223.37089517544,2.127409970331961,-11.47279455784019,0.05508906586143959,162287.8128858314,3329,3108,2322,3090,3232,2437
326,-97110.39453343929,-97110.39453343929,-194220.78906687858,2.8601437047658744,-9.25249697909428,0.055097530128804646,162517.4144610282,3452,3038,2269,3125,3116,2518
327,-97081.41788428547,-97081.41788428547,-194162.83576857095,3.1934822150756315,-9.54828485745042,0.05515084593153086,162271.02655393825,3253,3169,2337,3214,3095,2450
328,-101635.15039168912,-101635.15039168912,-203270.30078337825,4.254283954528365,-8.533358527612341,0.055097928384448956,162101.67829814708,3164,3313,2282,3194,3134,2431
329,-102749.93695049986,-102749.93695049986,-205499.87390099972,4.120226517067039,-9.890489542895155,0.05505621423477297,162087.87900601487,3153,3226,2380,3274,3101,2384
330,-106127.33366424913,-106127.33366424913,-212254.66732849827,3.166065899869687,-12.526349084896344,0.05497658852278514,162436.51627459907,3255,3180,2324,2929,3215,2615
331,-95886.1226263254,-95886.1226263254,-191772.2452526508,3.854091236861186,-9.16335858327238,0.055213597713613005,162449.71507940086,3104,3264,2391,3326,2894,2539
332,-97961.30467670782,-97961.30467670782,-195922.60935341564,3.9430284698162374,-9.474772714980922,0.05499636971799729,162331.98511858738,3123,3336,2300,3266,3081,2412
333,-100361.38236233684,-100361.38236233684,-200722.76472467367,2.9701805838615947,-11.786009550434475,0.05507751431191079,162758.6801005684,3053,3369,2337,2903,3350,2506
334,-98481.68898197559,-98481.68898197559,-196963.37796395118,3.037285165725594,-10.61648947782818,0.055005613312726444,162040.36073466265,3187,3226,2346,3168,3075,2516
335,-86144.03184990722,-86144.03184990722,-172288.06369981443,3.228705696281576,-8.677673805393578,0.05502998400992547,162238.82188176544,3398,3022,2339,3133,3136,2490
336,-94834.88511641581,-94834.88511641581,-189669.77023283162,2.910077286486791,-10.32227241378366,0.05503188311775755,162147.1927535042,3199,3177,2383,3286,2984,2489
337,-94045.78612113539,-94045.78612113539,-188091.57224227078,4.197254467843125,-8.816636848609447,0.05498511566860932,161936.02071652134,3334,3239,2186,3294,3046,2419
338,-91924.11904051747,-91924.11904051747,-183848.23808103494,2.68994051593989,-9.912197239365875,0.055117713630016406,162126.82709561332,3248,3293,2218,3171,3087,2501
339,-96315.350119146,-96315.350119146,-192630.700238292,3.4935816060103906,-10.175619327917154,0.05506711882379853,162309.26336272073,3250,3289,2220,3410,2892,2457
340,-104166.23463748611,-104166.23463748611,-208332.46927497222,3.083027161435719,-11.262082443896873,0.05502553293440918,162089.7270757197,3195,3268,2296,3156,3049,2554
341,-102817.59644610298,-102817.59644610298,-205635.19289220596,3.792784549928674,-10.533888132964579,0.05504876173467643,162280.48426394732,3414,3032,2313,3155,3050,2554
342,-97678.85671720271,-97678.85671720271,-195357.71343440542,3.443485898987337,-12.688493202479293,0.05513476068237169,162934.20896617774,3006,3477,2276,3091,3043,2625
343,-96159.72509229305,-96159.72509229305,-192319.4501845861,3.7963864304028156,-11.394364241910163,0.05510991053745791,162350.88082535486,3358,3219,2182,3170,3052,2537
344,-96994.92365270112,-96994.92365270112,-193989.84730540225,3.1425956513075244,-11.425881983860002,0.055051574614677676,162129.1773231699,3243,3258,2258,3197,3122,2440
345,-99752.88018876861,-99752.88018876861,-199505.76037753723,2.9700957059323945,-10.820084055157952,0.055001464720317826,162886.57363507475,3247,3162,2350,3185,2997,2577
346,-104819.38277137051,-104819.38277137051,-209638.76554274102,2.71028967852859,-13.321967532967408,0.05495402054660041,161953.78538504656,3266,3092,2401,3092,3058,2609
347,-97435.6380066298,-97435.6380066298,-194871.2760132596,3.364048038439831,-11.889212862708911,0.05502605836983376,162941.03964476305,3249,3191,2319,3132,3092,2535
348,-100514.8462565481,-100514.8462565481,-201029.6925130962,2.0495745756501536,-11.543085681706982,0.05499156377012077,162139.86810443163,3222,3165,2372,3215,2979,2565
349,-96018.7521030651,-96018.7521030651,-192037.5042061302,3.357062206505835,-10.12799566877613,0.054965978578690664,161707.41120034613,3287,3262,2210,3134,3165,2460
350,-99320.28716164132,-99320.28716164132,-198640.57432328264,3.189207708996218,-11.457567315911506,0.055028606558649655,161981.9679198514,3026,3463,2270,3149,3194,2416
351,-97887.461790351,-97887.461790351,-195774.923580702,2.073879716637529,-12.005042520908743,0.0549096601902247,162285.69430764308,3115,3432,2212,3067,3216,2476
352,-98415.47441283023,-98415.47441283023,-196830.94882566045,3.818194635793995,-12.100361981715052,0.0549524786140849,162761.7829653063,3341,3064,2354,2958,3094,2707
353,-102899.25785356804,-102899.25785356804,-205798.51570713607,1.8324111426982386,-12.93584772668311,0.055086911419342244,162001.8989933752,3492,3124,2143,3323,2895,2541
354,-97012.2617428152,-97012.2617428152,-194024.5234856304,2.870409620151032,-10.368041941231704,0.05503111024322067,162511.99427755398,3176,3257,2326,3198,3094,2467
355,-100414.50360669856,-100414.50360669856,-200829.00721339713,2.0415091789863804,-10.527276863728968,0.05515679261507832,162394.0415493382,3307,3121,2331,3091,3026,2642
356,-96537.37966395533,-96537.37966395533,-193074.75932791067,3.2597646213720886,-11.911849570257882,0.055159176724269315,162484.31749388127,3142,3335,2282,3170,3178,2411
357,-103698.70362098026,-103698.70362098026,-207397.40724196052,3.412668944449915,-11.88799759909045,0.055194245940140114,162826.5740486896,3262,3212,2285,3263,2986,2510
358,-93099.92102622591,-93099.92102622591,-186199.84205245183,3.4675536868237513,-10.726041034121351,0.05505788036901271,162081.9110277263,3353,3168,2238,3243,2949,2567
359,-97157.09595161417,-97157.09595161417,-194314.19190322835,2.3487301443969564,-10.65516778238682,0.05515988603123302,161780.68716008277,3199,3305,2255,3313,2972,2474
360,-95883.80503142365,-95883.80503142365,-191767.6100628473,2.756021671721708,-11.920162023146993,0.05506875338691633,162421.57532851293,3272,3186,2301,3253,2999,2507
361,-99368.4571476572,-99368.4571476572,-198736.9142953144,3.3783602780123445,-11.724204733476103,0.05506863068784167,162418.16925614185,3112,3340,2307,3086,3206,2467
362,-102208.86013651166,-102208.86013651166,-204417.72027302333,2.4726655775800355,-12.063187512731197,0.055098468136225855,162655.7822955666,3183,3284,2292,3212,3021,2526
363,-97480.91605204581,-97480.91605204581,-194961.83210409162,1.4340000779766802,-13.324549592731497,0.055022153204911925,162367.71571913827,3328,3173,2258,3079,3016,2664
364,-94727.18455857642,-94727.18455857642,-189454.36911715285,3.4613601431022127,-9.431634957388944,0.05505566981636105,161951.6837410877,3482,3107,2170,3344,3057,2358
365,-98310.35656714402,-98310.35656714402,-196620.71313428803,3.063318421042828,-10.465589075746916,0.05501556722546983,162417.7136910227,3251,3238,2270,3116,3167,2476
366,-94601.76548828762,-94601.76548828762,-189203.53097657525,3.0724533807003493,-10.050947036969704,0.054857277573546734,162109.45238440292,3267,3223,2269,3286,2921,2552
367,-89783.74742861521,-89783.74742861521,-179567.49485723043,3.344950288309455,-10.924177136854636,0.055138311764595715,162490.15630007154,3245,3356,2158,3078,3252,2429
368,-99643.87136785906,-99643.87136785906,-199287.74273571812,1.9806711497027387,-12.279015504399156,0.055075689827957706,161933.809972431,3218,3234,2307,3089,3363,2307
369,-93552.88264623692,-93552.88264623692,-187105.76529247384,2.592452785087179,-9.27940897494697,0.05505525483829629,162319.96648870033,3157,3341,2261,3173,3072,2514
370,-86553.52783415875,-86553.52783415875,-173107.0556683175,3.5401693209225544,-8.358507832216631,0.055184419524031046,162415.69267418515,3445,3159,2155,3157,3151,2451
371,-93599.5827144382,-93599.5827144382,-187199.1654288764,2.3995883377754597,-10.091870297593209,0.05504029557266498,162104.08605824522,3486,3055,2218,3270,3091,2398
372,-99133.65958907038,-99133.65958907038,-198267.31917814075,2.2549797713041873,-10.164445977644155,0.05500064352166556,162189.28302959868,3445,3050,2264,3144,3110,2505
373,-107180.53435826414,-107180.53435826414,-214361.06871652827,2.6339253620661123,-11.428502588514778,0.05501873837526909,162133.13907585954,3321,3140,2298,3297,2967,2495
374,-86637.75597283873,-86637.75597283873,-173275.51194567746,2.462128810281406,-10.87127185889579,0.05506687760279137,162330.2850707657,3527,3045,2187,3249,3057,2453
375,-91081.33762061597,-91081.33762061597,-182162.67524123195,2.9811667800412907,-10.931600233222275,0.054949586843075396,162728.67080536514,3285,3276,2198,3112,3113,2534
376,-99731.7268082426,-99731.7268082426,-199463.4536164852,2.29890185529123,-11.087032762704055,0.05497647066281997,162471.78293859563,3361,3134,2264,3083,3234,2442
377,-93788.83737838411,-93788.83737838411,-187577.67475676822,1.6277557144614416,-11.413586598102189,0.055013662844377934,162565.1085129437,3260,3376,2123,3172,3120,2467
378,-96327.4854019905,-96327.4854019905,-192654.970803981,1.4444449538217197,-12.685779674999958,0.05517460284944578,162671.09475445302,3241,3334,2184,3033,3172,2554
379,-89541.86889795124,-89541.86889795124,-179083.73779590247,3.2603738537967826,-10.459609204620113,0.054961162561951944,162385.05661593602,3507,2991,2261,3078,3111,2570
380,-95314.24446425079,-95314.24446425079,-190628.48892850158,3.0459967309283704,-11.224691609273902,0.0551385827640709,162221.6570152561,3353,3154,2252,3128,3315,2316
381,-99120.99442104856,-99120.99442104856,-198241.9888420971,2.3457672981459465,-12.440098575599603,0.05523087246230105,161915.380559262,3522,3016,2221,3167,3153,2439
382,-96492.1934246352,-96492.1934246352,-192984.3868492704,2.6005232573715458,-11.161580056988702,0.05513037676301376,162384.43203242286,3276,3217,2266,3113,3124,2522
383,-94585.71079521373,-94585.71079521373,-189171.42159042746,3.1016778951368593,-9.914245264811454,0.05506859584362291,162043.45683304768,3375,3218,2166,3200,3094,2465
384,-104224.31328314566,-104224.31328314566,-208448.62656629132,3.4751604021644353,-11.792989369938986,0.05492857031194423,162352.21927581067,3332,3194,2233,3158,3143,2458
385,-94339.97099578017,-94339.97099578017,-188679.94199156034,3.620840519812927,-11.121798318796861,0.05504836050177904,162513.11431571626,3287,3313,2159,3201,3141,2417
386,-92558.83658907269,-92558.83658907269,-185117.67317814537,2.3330279826499964,-11.490395891071266,0.05517630791395969,162155.5077915273,3026,3562,2171,3132,3251,2376
387,-92299.99880513911,-92299.99880513911,-184599.99761027822,2.6278579841665723,-11.199180294495703,0.05502057974917555,162216.81583910875,3254,3268,2237,3137,3183,2439
388,-95986.31436786594,-95986.31436786594,-191972.62873573188,3.3409641070808633,-10.911987979454818,0.05507532603942357,162343.97065443307,3237,3293,2229,3207,3257,2295
389,-100533.06274790638,-100533.06274790638,-201066.12549581277,3.4787799277598443,-10.667637628587075,0.05511407826849657,162121.23903148583,3516,3088,2155,3224,2954,2581
390,-85830.13764701279,-85830.13764701279,-171660.27529402557,4.221950797038018,-9.063940890771363,0.054837625224833514,161663.82245065537,3229,3310,2220,3178,3110,2471
391,-92922.41435123261,-92922.41435123261,-185844.82870246522,4.1142469613943025,-9.517021456491454,0.05506659925040606,161946.831628468,3537,3015,2207,3219,3052,2488
392,-93107.34910765728,-93107.34910765728,-186214.69821531457,2.7982913678872245,-10.761051278276609,0.054996064757261355,161334.60832730483,3261,3279,2219,3481,3032,2246
393,-86883.7948106412,-86883.7948106412,-173767.5896212824,3.3490075075654464,-9.611613091578985,0.05524634068017113,162243.92586031018,3033,3549,2177,3074,3317,2368
394,-94857.79964281118,-94857.79964281118,-189715.59928562236,3.370204659649417,-8.665882470284995,0.05501826414436314,161848.1717615141,3475,3180,2104,3272,3131,2356
395,-89678.37123254192,-89678.37123254192,-179356.74246508384,2.496849429273987,-10.074342103685401,0.05506052478793317,162137.77721226204,3320,3127,2312,3220,3150,2389
396,-89653.99038815149,-89653.99038815149,-179307.98077630298,1.6891960037955356,-10.022111148094485,0.05507974665052325,162210.25133147792,3497,3069,2193,3028,3237,2494
397,-91789.11503569935,-91789.11503569935,-183578.2300713987,2.525125085960349,-10.809224233485937,0.05521564272917949,162225.76149950636,3331,3214,2214,3222,3182,2355
398,-89363.25943366485,-89363.25943366485,-178726.5188673297,2.628261646357889,-9.992118192153084,0.05506540263214483,162252.83053251274,3501,3179,2079,3281,3079,2399
399,-83279.21974349389,-83279.21974349389,-166558.43948698777,3.113146164728535,-9.128747682420194,0.05513241798916055,162009.40722033667,3194,3387,2178,3235,3137,2387
400,-97952.40276576609,-97952.40276576609,-195904.80553153218,2.8463660619843463,-10.29745278471205,0.05502684224871519,161934.89136744442,2945,3547,2267,3167,3016,2576
401,-98762.01399780881,-98762.01399780881,-197524.02799561762,1.347937467721843,-11.055460473888024,0.05492413508121107,162344.19880552977,3326,3276,2157,3059,3042,2658
402,-98926.84122748292,-98926.84122748292,-197853.68245496583,2.322161592536659,-11.287438416839242,0.05512239484410673,162712.91319901025,3165,3361,2233,3207,3159,2393
403,-97833.70126208101,-97833.70126208101,-195667.40252416203,2.9965544932704775,-10.129686610243963,0.05519635670309328,162776.5271183423,3492,3218,2049,3158,3170,2431
404,-102345.20757220084,-102345.20757220084,-204690.4151444017,2.6425617552429883,-12.264441973468312,0.05507013279065416,162554.00666069114,3158,3270,2331,3170,3170,2419
405,-94776.76145147058,-94776.76145147058,-189553.52290294116,1.8936987793450308,-11.729796943700475,0.055218141944684024,162693.18461130097,3491,3094,2174,3197,3038,2524
406,-105050.54831668519,-105050.54831668519,-210101.09663337038,2.1995553961669843,-11.858231370525733,0.055042555673416496,162152.91641907912,3192,3372,2195,3290,3078,2391
407,-86192.9121539718,-86192.9121539718,-172385.8243079436,1.892521468391204,-10.59633768279794,0.05510617134357248,162268.34786751805,3153,3485,2121,3345,3079,2335
408,-84503.73158539033,-84503.73158539033,-169007.46317078065,2.1966344880746185,-10.378313468252255,0.0551046431412936,162410.1054865235,3320,3312,2127,3317,3077,2365
409,-88495.77698479491,-88495.77698479491,-176991.55396958982,2.5599211024311668,-10.623578344265471,0.05499867867700059,161963.02328819517,3294,3277,2188,3255,2958,2546
410,-90937.19270408183,-90937.19270408183,-181874.38540816365,3.127148483936925,-10.067530804833604,0.055229599092593715,162569.55250948438,3323,3181,2255,3209,3170,2380
411,-79016.8027679745,-79016.8027679745,-158033.605535949,1.353744084513995,-9.8174339944544,0.055172618527723365,162447.44175603497,3388,3250,2121,3239,3093,2427
412,-88821.92752582525,-88821.92752582525,-177643.8550516505,1.925473535871924,-11.809665856290383,0.05509408255782348,162753.03347069887,3253,3211,2295,3231,3074,2454
413,-90887.10304975825,-90887.10304975825,-181774.2060995165,2.9261058867845975,-9.889464869059207,0.05503733423827035,162478.1792350468,3122,3479,2158,3061,3237,2461
414,-99296.79014558857,-99296.79014558857,-198593.58029117715,2.43901009041924,-11.349189753794157,0.05506072780925693,162083.41944501683,3143,3442,2174,3012,3258,2489
415,-87287.18087173543,-87287.18087173543,-174574.36174347086,2.782703163062119,-8.265425911827549,0.05494040310545434,161777.83312011405,3473,3152,2134,3359,3077,2323
416,-84859.03277059516,-84859.03277059516,-169718.06554119033,3.0327200789949877,-8.762860306216805,0.0551172763255744,162307.11318846876,3463,3124,2172,3341,3059,2359
417,-91230.69976129218,-91230.69976129218,-182461.39952258437,1.8338199091221392,-10.296321030040538,0.055001857714782415,162263.88224481457,3393,3178,2188,3468,2917,2374
418,-89529.61538867938,-89529.61538867938,-179059.23077735875,3.0288948719542184,-9.968476872145867,0.05495333639253429,162077.26372141094,3271,3334,2154,3234,3197,2328
419,-87991.10527003331,-87991.10527003331,-175982.21054006662,2.9825550920168187,-9.666900074692599,0.0551419703816002,162121.93383608005,3445,3186,2128,3251,3199,2309
420,-92063.4831491597,-92063.4831491597,-184126.9662983194,2.3226356410669204,-11.050975520598625,0.05507124583323217,162615.04336465462,3423,3181,2155,2972,3189,2598
421,-87167.82204723927,-87167.82204723927,-174335.64409447854,2.4531148153017166,-11.459580000368163,0.05488646236595788,161306.40575154734,3526,3117,2116,3417,2949,2393
422,-83556.04227160633,-83556.04227160633,-167112.08454321267,2.4842788265067806,-9.776069313012957,0.05494454649088914,162525.58676206856,3198,3497,2064,3442,2903,2414
423,-91952.54616409798,-91952.54616409798,-183905.09232819595,2.581601716552508,-10.95007106285112,0.05507297429896662,162725.11129755914,3412,3208,2139,3245,3067,2447
424,-89914.69808981931,-89914.69808981931,-179829.39617963863,2.362107303771258,-10.20917481293308,0.05506821074021648,162673.1896486261,3474,3138,2147,3075,3235,2449
425,-89711.35498541925,-89711.35498541925,-179422.7099708385,2.8574657488081896,-10.006749605779945,0.05497978618282471,162010.57941877353,3093,3437,2229,3342,3036,2381
426,-89559.35840478583,-89559.35840478583,-179118.71680957166,2.574331746345584,-9.699538178458866,0.05482879196513456,161374.3666646785,3413,3263,2083,3335,3103,2321
427,-84606.77719664606,-84606.77719664606,-169213.5543932921,3.6633603605199907,-7.872223473058083,0.05498530283416173,161586.03573473112,3418,3215,2126,3308,3113,2338
428,-88519.63645741741,-88519.63645741741,-177039.27291483482,3.2475083229004778,-9.22448430090989,0.05503481290480838,161732.14209327102,3509,3133,2117,3330,3041,2388
429,-85134.1757427343,-85134.1757427343,-170268.3514854686,2.09443006910376,-11.453346711107585,0.05503395155389999,162759.12631377642,3474,3167,2118,3206,2955,2598
430,-92892.95661759035,-92892.95661759035,-185785.9132351807,2.078330157172697,-10.895857184987097,0.05495846963526025,161858.7301899634,3333,3272,2154,3091,3303,2365
431,-93490.3067968507,-93490.3067968507,-186980.6135937014,2.764246013177187,-11.315631894559973,0.05501749458207034,161875.11470288984,3349,3223,2187,3269,3100,2390
432,-87202.15573236045,-87202.15573236045,-174404.3114647209,1.9701730612796498,-10.990429850766622,0.054952411807998855,162538.91350982466,3505,3140,2114,3075,3122,2562
433,-88422.6405195316,-88422.6405195316,-176845.2810390632,3.248356110667395,-9.065699302451351,0.055248774787962515,162193.64314729883,3180,3442,2137,3105,3244,2410
434,-86778.61382407953,-86778.61382407953,-173557.22764815905,3.6741250621484824,-8.105283513013577,0.05502718436003272,162641.67754210974,3254,3367,2138,3105,3329,2325
435,-82129.65296887721,-82129.65296887721,-164259.30593775443,1.789143734067578,-10.910734421589032,0.05490348299196459,162172.50010405047,3148,3447,2164,3240,3060,2459
436,-88211.05563213369,-88211.05563213369,-176422.11126426738,2.419158243308254,-9.983249964172645,0.05529063441836935,162556.9782400051,3188,3453,2118,3056,3251,2452
437,-93745.61744667124,-93745.61744667124,-187491.23489334248,2.036929893167352,-11.186429310194418,0.05499633053286816,162387.64079826727,3361,3252,2146,3232,2928,2599
438,-95630.48749919754,-95630.48749919754,-191260.97499839508,2.323468955186767,-10.813260695057778,0.05501035939572334,162162.33536193517,3274,3241,2244,3143,2974,2642
439,-86549.15029832115,-86549.15029832115,-173098.3005966423,2.658453917318693,-10.710070622636056,0.055194470487683465,162281.3965689583,3485,3188,2086,3157,3221,2381
440,-97764.76847955145,-97764.76847955145,-195529.5369591029,2.7687416692977016,-10.316718121060031,0.05488801399861362,162473.36960385804,3391,3225,2143,3235,3077,2447
441,-95381.7476299994,-95381.7476299994,-190763.4952599988,2.7443297880321205,-10.665837271708767,0.054937385796722416,162116.80300235344,3371,3150,2238,2948,3288,2523
442,-90104.4306489074,-90104.4306489074,-180208.8612978148,2.2227019091896847,-9.735852321822632,0.05496416933319024,162041.60186976794,3686,2951,2122,3300,3089,2370
443,-91089.16436533186,-91089.16436533186,-182178.32873066372,3.4683070049977,-9.369597362633428,0.05504169691834886,162011.023982854,3355,3264,2140,3186,3200,2373
444,-94540.45275088446,-94540.45275088446,-189080.90550176892,2.0397516967243217,-11.829430580860636,0.05509419214791726,162265.59098183585,3310,3351,2098,3140,3053,2566
445,-92857.75490785055,-92857.75490785055,-185715.5098157011,3.2044303456558376,-10.088854414021696,0.055026904186896534,162280.95989767928,3199,3401,2159,3333,3009,2417
446,-86925.19077473512,-86925.19077473512,-173850.38154947024,2.7632563641943553,-9.437692937239474,0.055114886004339274,162594.24618127113,3382,3141,2236,3101,3184,2474
447,-80840.56394767182,-80840.56394767182,-161681.12789534364,2.5022824640434242,-8.770638886921233,0.05507812871312374,162024.59806437048,3409,3101,2249,3374,3083,2302
448,-84976.36744532053,-84976.36744532053,-169952.73489064106,2.7363894575394254,-9.45165616912434,0.054966866724288174,162277.31656650678,3369,3216,2174,3144,3176,2439
449,-79344.73829380171,-79344.73829380171,-158689.47658760342,3.2323052462075053,-9.548993102231455,0.05514944406856155,161869.7434927489,3329,3285,2145,3134,3293,2332
450,-85586.89392814162,-85586.89392814162,-171173.78785628325,2.8948137158114413,-10.321466962140367,0.05496112042910526,162718.18989292474,3346,3291,2122,3243,2990,2526
451,-82735.75074237725,-82735.75074237725,-165471.5014847545,3.5776680139334336,-8.80394475588648,0.054871980275592556,161741.42399275283,3375,3314,2070,3369,3015,2375
452,-92640.54496323805,-92640.54496323805,-185281.0899264761,3.1018109017411657,-10.311119391632193,0.05501618020912253,162601.15093744986,3164,3426,2169,3147,3026,2586
453,-94147.91079615081,-94147.91079615081,-188295.82159230163,1.5731077767985482,-10.70934563656133,0.055018918554530234,163015.11351724982,3392,3284,2083,3242,3061,2456
454,-78183.8284942164,-78183.8284942164,-156367.6569884328,3.577749729911272,-7.312537108157918,0.05511973672530178,162165.18672461825,3259,3382,2118,3151,3211,2397
455,-81418.74443884622,-81418.74443884622,-162837.48887769243,3.5757815383103844,-10.031239366370547,0.05494308845692579,162042.5085554279,3123,3597,2039,3431,2997,2331
456,-92614.550805779,-92614.550805779,-185229.101611558,2.8089986170161136,-10.26934767806832,0.05503515272311934,162528.36169138976,3517,3161,2081,2990,3394,2375
457,-85810.50704022878,-85810.50704022878,-171621.01408045756,2.980413006128715,-8.969435290518394,0.05519446214698476,161972.7379022207,3394,3263,2102,3142,3346,2271
458,-91699.73260663367,-91699.73260663367,-183399.46521326734,2.6513578809168923,-10.317656843035373,0.05512281806757419,162040.42362656904,3678,2993,2088,3214,3174,2371
459,-85505.53154607177,-85505.53154607177,-171011.06309214354,3.725335886001889,-9.352729477183551,0.0548990442765061,161811.66143466815,3045,3476,2238,3456,2870,2433
460,-87343.13319642148,-87343.13319642148,-174686.26639284295,3.191303210909276,-9.718696790155539,0.05494184225320653,161831.36410128177,3031,3525,2203,3208,3153,2398
461,-92992.45318102106,-92992.45318102106,-185984.90636204212,2.835917937637653,-10.46898076247301,0.05497132363865852,162198.15994948352,3220,3323,2216,3182,3109,2468
462,-87277.32544268768,-87277.32544268768,-174554.65088537536,1.710777438531725,-10.347398868228922,0.05494977499983626,162470.18427583828,3217,3521,2021,3209,3141,2409
463,-83907.13245404011,-83907.13245404011,-167814.26490808022,1.6999765226322474,-10.144636938995514,0.05502033550542969,162100.1398111341,3186,3607,1966,3137,3172,2450
464,-85672.01442043322,-85672.01442043322,-171344.02884086643,1.2422200950957873,-10.894287377478888,0.05525688414428392,162776.0201640093,3182,3496,2081,3286,3078,2395
465,-80056.53847683131,-80056.53847683131,-160113.07695366262,2.5165870396261094,-10.358514748451235,0.05514542846566123,162276.8521994639,3485,3259,2015,3246,3172,2341
466,-79155.72329364407,-79155.72329364407,-158311.44658728814,3.242812572600264,-8.828824693855367,0.055021028549980935,161617.60654697698,3558,3164,2037,3580,2870,2309
467,-90288.79590444853,-90288.79590444853,-180577.59180889706,2.420979256817807,-10.444173137720554,0.055118952779900296,162625.20797423949,3333,3234,2192,2997,3269,2493
468,-88351.54493158196,-88351.54493158196,-176703.0898631639,2.7402437965432735,-9.458777656051154,0.05493729031879033,162454.99283643762,3575,3086,2098,3284,3085,2390
469,-86729.10302233856,-86729.10302233856,-173458.20604467712,2.020425913612052,-10.082999919344617,0.05522574022524437,162576.6473979268,3292,3361,2106,2902,3375,2482
470,-89470.32376569656,-89470.32376569656,-178940.64753139313,2.1841568688156205,-10.180499462883011,0.05504909050239385,162162.27307516997,3357,3415,1987,3362,3028,2369
471,-89356.69905679383,-89356.69905679383,-178713.39811358767,1.8892628193254666,-11.93657742469112,0.05499769520751259,161804.81210532863,3565,3126,2068,3261,3066,2432
472,-76418.3631111649,-76418.3631111649,-152836.7262223298,2.0929048001486104,-8.144241640133892,0.055048159840418685,162569.4944736886,3446,3315,1998,3326,3025,2408
473,-80536.68419942625,-80536.68419942625,-161073.3683988525,2.05933119649413,-9.525752600661814,0.05515439261173344,162516.62238817176,3348,3382,2029,3229,3143,2387
474,-83725.7668337431,-83725.7668337431,-167451.5336674862,2.2631447059452183,-9.318541991227118,0.05517104839398962,162474.59597338407,3334,3389,2036,3182,3226,2351
475,-85285.66160011404,-85285.66160011404,-170571.32320022807,2.360297167165107,-10.156837291779986,0.05517245945695869,162023.37578986498,3470,3173,2116,3259,3313,2187
476,-84827.76577651086,-84827.76577651086,-169655.53155302172,2.7875017120127823,-9.388140938078235,0.055015735485109636,161994.5934432053,3277,3379,2103,3309,3176,2274
477,-84216.81033655175,-84216.81033655175,-168433.6206731035,2.7891082420122304,-9.312774795425156,0.05514053897471374,162176.88092962405,3091,3608,2060,3416,3080,2263
478,-85746.66712509953,-85746.66712509953,-171493.33425019906,2.6900289593776714,-9.477367634137503,0.05504758239523645,162818.77165156364,3044,3659,2056,2957,3539,2263
479,-80975.19234308194,-80975.19234308194,-161950.3846861639,2.240979162717827,-10.623819229241743,0.05494928074039027,162076.15486458724,3316,3431,2012,3219,3122,2418
480,-94842.58898990943,-94842.58898990943,-189685.17797981887,2.521281933413744,-11.644160807804091,0.054978256375808054,161557.01783098964,3292,3314,2153,3593,3106,2060
481,-89439.3260639999,-89439.3260639999,-178878.6521279998,2.583311404907577,-10.915289817141765,0.0550131425859564,162029.90869943183,3397,3337,2025,3104,3250,2405
482,-85708.3875808124,-85708.3875808124,-171416.7751616248,2.7101333292361693,-10.552824605534544,0.05505016103492699,162249.54555334587,3417,3262,2080,3155,3195,2409
483,-77318.2835483228,-77318.2835483228,-154636.5670966456,2.516129632283717,-9.075392270141904,0.0551749693387015,162364.92285342215,3366,3358,2035,3153,3332,2274
484,-85053.19655031132,-85053.19655031132,-170106.39310062263,2.621214790368456,-9.690849221758354,0.05502690954410556,162160.0960071529,3105,3487,2167,3287,3104,2368
485,-81347.07933909255,-81347.07933909255,-162694.1586781851,3.656817118730456,-9.093010083163959,0.054903576207873575,161779.28012782327,3245,3481,2033,3388,3025,2346
486,-88398.14955154005,-88398.14955154005,-176796.2991030801,1.4890109618869087,-11.24289563149366,0.055078011718704446,162050.76561342602,3245,3519,1995,3226,3288,2245
487,-92515.20082290853,-92515.20082290853,-185030.40164581707,1.0573888052623155,-13.048132982410428,0.05514296469066927,162957.20417857767,3453,3331,1975,2883,3373,2503
488,-78434.80933212688,-78434.80933212688,-156869.61866425377,2.1402698287597666,-9.490426926461197,0.05483039515522866,162393.96398736018,3420,3288,2051,3142,3259,2358
489,-78410.68386347934,-78410.68386347934,-156821.36772695868,3.0573505492006623,-9.304489446234607,0.05507677302875174,162394.6526261654,3386,3278,2095,3127,3232,2400
490,-84549.33723117906,-84549.33723117906,-169098.67446235812,2.997473938733917,-8.833810519459222,0.05498166637948437,161941.05526989602,3401,3390,1968,3421,3038,2300
491,-84597.24005746242,-84597.24005746242,-169194.48011492484,3.7374423049133583,-9.114613285901916,0.05502356002046458,162092.33606896902,3132,3647,1980,3219,3219,2321
492,-78136.21897911844,-78136.21897911844,-156272.43795823687,2.394823584710428,-8.50264968028991,0.05516596832220042,161665.00170799624,3315,3452,1992,3378,3020,2361
493,-87033.08903308203,-87033.08903308203,-174066.17806616405,2.1474067620930044,-11.079194515357441,0.05499976467159319,162169.25549471614,3364,3403,1992,3318,3014,2427
494,-86830.04596582167,-86830.04596582167,-173660.09193164334,2.965501771937405,-10.4774679704961,0.05486547698957955,161487.52385722668,3544,3163,2052,3488,2803,2468
495,-73803.31500295029,-73803.31500295029,-147606.63000590057,2.726688320757679,-9.554861789304328,0.054927537330045455,162104.54274761374,3438,3253,2068,3247,3120,2392
496,-83077.12149292247,-83077.12149292247,-166154.24298584493,3.797804540340141,-8.662896796245306,0.054942760382889845,161339.6897055046,3705,3013,2041,3606,2934,2219
497,-79970.16212934778,-79970.16212934778,-159940.32425869556,2.8001694176485974,-9.39854717334291,0.054883452445603616,162045.46979519437,3451,3252,2056,3419,3056,2284
498,-74246.05911290157,-74246.05911290157,-148492.11822580313,2.0462261603591245,-9.983606179632536,0.05513341818506867,162590.08264216076,3650,3180,1929,2925,3454,2380
499,-77658.93626679336,-77658.93626679336,-155317.87253358672,2.784550916354772,-9.296464554526585,0.05526044847623418,162774.4385674024,3415,3300,2044,3108,3307,2344
500,-87551.57557923751,-87551.57557923751,-175103.15115847503,2.58868502297856,-10.785697295705567,0.055137146482644124,162164.9012529198,3619,3069,2071,3087,3372,2300
501,-83632.28035920665,-83632.28035920665,-167264.5607184133,2.6273454264088287,-9.140653631363499,0.0550387775117873,162046.35139566616,3405,3207,2147,3222,3270,2267
502,-85002.23079565368,-85002.23079565368,-170004.46159130736,2.2572944503649177,-11.005278821008703,0.05492721340687219,161644.92227616577,3326,3309,2124,3317,3161,2281
503,-81536.60776007391,-81536.60776007391,-163073.21552014782,3.5927920479784783,-9.231163811944668,0.054913847269920116,161640.894487645,3202,3492,2065,3540,2955,2264
504,-79544.93927582097,-79544.93927582097,-159089.87855164194,3.1283849272684505,-9.5445316456384,0.05505206476015601,162411.62592427505,3429,3312,2018,3152,3255,2352
505,-80561.49941057131,-80561.49941057131,-161122.99882114262,1.9137464203911168,-9.443851103515241,0.05506635919295665,163160.1062218629,3382,3369,2008,3032,3181,2546
506,-88776.96376897508,-88776.96376897508,-177553.92753795016,3.0780612951806376,-9.236847104025513,0.055088025104492566,161989.9477037152,3518,3131,2110,3151,3288,2320
507,-86285.44018333514,-86285.44018333514,-172570.8803666703,2.1922045823385097,-9.606786584633687,0.055116340961522015,162766.4790963133,3379,3324,2056,3081,3111,2567
508,-75213.70825742783,-75213.70825742783,-150427.41651485566,3.3236750404899937,-8.227347023723205,0.055104653150586616,161978.8467147291,3479,3326,1954,3261,3258,2240
509,-80231.18847540046,-80231.18847540046,-160462.3769508009,2.6514259325579803,-8.777300109929149,0.05515663268578749,162247.85921359312,3094,3604,2061,3181,3286,2292
510,-78205.05176420358,-78205.05176420358,-156410.10352840717,3.1373914271599146,-8.230019859879746,0.05508289039450827,162283.45252612486,3314,3511,1934,3446,3052,2261
511,-75375.64276049919,-75375.64276049919,-150751.28552099838,2.816282696471782,-8.056607483476034,0.05506471986707931,162596.48918417955,3192,3494,2073,3179,2995,2585
512,-85449.80873773548,-85449.80873773548,-170899.61747547096,2.10298240374557,-10.968656240173145,0.054870493853830866,161807.11446304547,3402,3292,2065,3047,3250,2462
513,-77436.88434035885,-77436.88434035885,-154873.7686807177,2.402749193468254,-9.168789807555397,0.055091291713374596,161985.2271565004,3260,3506,1993,3225,3312,2222
514,-80700.12910288988,-80700.12910288988,-161400.25820577977,2.8506199382339794,-10.058331855441537,0.055011875420438644,162636.98486416612,3356,3330,2073,3325,3060,2374
515,-81442.96354498038,-81442.96354498038,-162885.92708996075,1.5932279128634628,-10.224638815204948,0.055179456332063684,162399.03977583314,3520,3228,2011,2988,3302,2469
516,-79252.37068144347,-79252.37068144347,-158504.74136288694,1.9679325046148008,-10.450668583436023,0.0551569935846024,162191.9589845043,3248,3448,2063,3294,3049,2416
517,-83330.34809884001,-83330.34809884001,-166660.69619768002,1.103197686944091,-11.699993073446235,0.054973424580031995,162167.7531960728,3595,3112,2052,3300,2936,2523
518,-89134.74875876702,-89134.74875876702,-178269.49751753404,2.517550446305255,-9.653904938442857,0.05497725236700578,162197.09301152077,3448,3254,2057,3122,3085,2552
519,-90057.22195945802,-90057.22195945802,-180114.44391891605,2.1947354380870325,-10.228917355009862,0.05504407983889457,162198.24336169322,3577,3029,2153,3259,3041,2459
520,-79598.0337074813,-79598.0337074813,-159196.0674149626,2.1294802274527607,-9.794748000168223,0.055314381270166524,162295.84791524577,3375,3417,1967,3145,3293,2321
521,-78356.13564792866,-78356.13564792866,-156712.27129585732,2.4303770694598468,-8.686914144049869,0.055131802688683895,162503.26443877784,3460,3228,2071,3154,3307,2298
522,-80379.80811144807,-80379.80811144807,-160759.61622289615,2.408088439368526,-9.202096348426185,0.055004911790226305,162116.3668097271,3290,3425,2044,3285,3148,2326
523,-81605.66455438886,-81605.66455438886,-163211.32910877772,3.4110528989662514,-8.993245963420323,0.055050040246660555,161513.40938397622,3397,3385,1977,3424,3127,2208
524,-75899.02940029679,-75899.02940029679,-151798.05880059357,2.976976057369866,-7.78326895868316,0.055083132208840604,162088.11861024817,3238,3551,1970,3442,2918,2399
525,-75299.79156347316,-75299.79156347316,-150599.58312694632,2.0530156789077085,-9.06313280070605,0.0550542706005557,162677.98215380465,3390,3408,1961,3176,3217,2366
526,-80174.79122571484,-80174.79122571484,-160349.58245142968,1.563733480416903,-11.0941014204001,0.055058928137518344,162091.1686733194,3273,3365,2121,3162,3248,2349
527,-75708.63998696128,-75708.63998696128,-151417.27997392256,3.1841791957677072,-8.91373003440111,0.054950338662603855,161387.37078417014,3246,3527,1986,3313,3300,2146
528,-85770.33517329335,-85770.33517329335,-171540.6703465867,2.340924988136187,-10.886380328561904,0.05500685018792833,161886.56816444968,3260,3428,2071,3131,3302,2326
529,-79467.67066035408,-79467.67066035408,-158935.34132070816,2.4575031846873494,-9.943152606310006,0.054922814506577176,162073.0133720461,3385,3257,2117,3316,3153,2290
530,-73344.71011290979,-73344.71011290979,-146689.42022581957,3.0521952840028033,-8.905368694202402,0.05508926489361167,161584.70104310603,3170,3617,1972,3364,3329,2066
531,-77368.17860855175,-77368.17860855175,-154736.3572171035,2.5041489061498075,-9.804833499158965,0.05493035704000588,162278.74483783633,3411,3231,2117,3308,3078,2373
532,-72737.33086905476,-72737.33086905476,-145474.6617381095,2.7425399114412254,-8.489038316478844,0.0550759516073379,163129.46296213882,3511,3314,1934,3173,3192,2394
533,-85636.13588369227,-85636.13588369227,-171272.27176738455,2.8924132997175396,-9.040428984238186,0.05505571864033831,162512.6765253058,3725,3013,2021,3226,3135,2398
534,-86041.29854531001,-86041.29854531001,-172082.59709062002,3.2319736074393033,-9.551770981224495,0.05524089344423159,162397.01914118987,3493,3350,1916,3139,3386,2234
535,-82951.34764950218,-82951.34764950218,-165902.69529900435,2.9912047703323577,-8.917149601524253,0.05510764160174178,162747.5807809359,3271,3466,2022,3097,3263,2399
536,-82049.56800058678,-82049.56800058678,-164099.13600117355,3.0521603231670316,-9.500167412643929,0.055031451494122016,162018.1525911335,3290,3459,2010,3391,3026,2342
537,-83880.4919593711,-83880.4919593711,-167760.9839187422,2.255048579110602,-9.343810652162865,0.05496974918571965,161634.8612621618,3543,3246,1970,3320,3254,2185
538,-69252.97630210954,-69252.97630210954,-138505.95260421908,2.713258675091499,-9.137652974831484,0.05515062477254769,163272.79318965995,3247,3392,2120,3167,3123,2469
539,-84478.323273491,-84478.323273491,-168956.646546982,2.224866026075427,-11.03027585908194,0.05504202839035711,162090.71482061397,3643,3132,1984,3367,3136,2256
540,-65671.1609728926,-65671.1609728926,-131342.3219457852,3.146189652286773,-6.890703609495418,0.055216076761625356,162213.32943245774,3260,3559,1940,3458,3065,2236
541,-78459.39242353872,-78459.39242353872,-156918.78484707745,3.5975199380222596,-9.497488539036901,0.05486598483499797,161600.591722373,3445,3278,2036,3566,2954,2239
542,-74905.01330285246,-74905.01330285246,-149810.02660570492,2.871080330557266,-8.784297230489916,0.055198291815356425,162156.80245916275,3355,3422,1982,3364,3163,2232
543,-77441.09214305611,-77441.09214305611,-154882.18428611223,2.1043494288195905,-9.448301244174969,0.05475920799056102,162656.01245850686,3452,3234,2073,3289,2932,2538
544,-81665.0545119944,-81665.0545119944,-163330.1090239888,2.1247633065934752,-8.799240656606779,0.055109868172456625,162715.83219662894,3262,3548,1949,3064,3436,2259
545,-74770.14534122868,-74770.14534122868,-149540.29068245736,2.0552819825950985,-9.048827356070678,0.0549428845285631,162469.98342039293,3240,3490,2029,3242,3007,2510
546,-75182.36079351584,-75182.36079351584,-150364.72158703167,1.736922988344654,-9.18426722066541,0.05512003396924604,162084.5585611775,3138,3646,1975,3351,3054,2354
547,-77286.09456982558,-77286.09456982558,-154572.18913965116,1.1199681604202651,-10.760355609951018,0.05506865090075926,162061.8762252748,3599,3185,1975,3236,3092,2431
548,-68096.38651340036,-68096.38651340036,-136192.7730268007,3.066496720132821,-7.382639425251968,0.05522688850657355,163610.78961315905,3064,3727,1968,2899,3557,2303
549,-70715.8599549902,-70715.8599549902,-141431.7199099804,3.1133550990182255,-7.856903136267471,0.05490711743169756,161557.9662956048,3299,3484,1976,3312,3209,2238
550,-81480.88581691754,-81480.88581691754,-162961.77163383507,1.702016317934072,-9.978915638978828,0.05523619027124015,163499.25345035008,3223,3561,1975,3136,3159,2464
551,-79738.00000056678,-79738.00000056678,-159476.00000113357,2.4532095376586174,-9.728110204557794,0.054964388556839966,162011.32475413292,3184,3532,2043,3280,3175,2304
552,-67456.82651262387,-67456.82651262387,-134913.65302524774,2.2773749559804397,-6.989617883118876,0.054975168652733594,162181.20392855062,3708,3009,2042,3096,3295,2368
553,-73210.19375866019,-73210.19375866019,-146420.38751732037,2.767553178994109,-8.12431997485847,0.054939756133398646,161871.84878485155,3398,3414,1947,3419,3114,2226
554,-80815.8126840971,-80815.8126840971,-161631.6253681942,2.637448788765322,-9.599978140845298,0.055091579953138264,162046.8367648501,3124,3644,1991,3407,3208,2144
555,-78531.87573566443,-78531.87573566443,-157063.75147132887,2.612873751906162,-10.026500112569295,0.05501998581870069,161849.19982362192,3578,3319,1862,3062,3345,2352
556,-73573.80512201863,-73573.80512201863,-147147.61024403726,1.8287503123330753,-9.131045490922142,0.054961011764930144,162052.04482325623,3477,3273,2009,3396,2892,2471
557,-77419.63394910701,-77419.63394910701,-154839.26789821402,2.1399330474563323,-9.832762168854872,0.05502806343775963,161977.99674366246,3723,3090,1946,3313,3261,2185
558,-77044.84695706237,-77044.84695706237,-154089.69391412474,2.262852912073031,-9.241466623385698,0.05520424078260094,162014.25084000072,3781,2973,2005,3170,3386,2203
559,-78630.60242687442,-78630.60242687442,-157261.20485374884,2.320664063555016,-10.846084270985662,0.054943295935070025,162051.01883412612,3048,3699,2012,3429,2886,2444
560,-75733.21918811652,-75733.21918811652,-151466.43837623304,2.406122872946217,-9.387499867346564,0.055102478925241886,162260.28970500582,3710,3148,1901,3205,3108,2446
561,-87713.66446844864,-87713.66446844864,-175427.32893689728,2.092129465220132,-10.486351462250582,0.054921443753465554,162135.41797524574,3368,3461,1930,3234,3214,2311
562,-74951.55453340679,-74951.55453340679,-149903.10906681357,1.5052560277867706,-11.080039796818479,0.05493794091591537,160992.6545584977,3575,3255,1929,3404,3193,2162
563,-80753.93670729361,-80753.93670729361,-161507.87341458723,1.6224547074947215,-10.505483191714843,0.055129932465161645,161986.6397112988,3766,3074,1919,3292,3180,2287
564,-85200.49956058795,-85200.49956058795,-170400.9991211759,2.284845445321634,-10.240351522155022,0.05505216165768536,162248.82724576816,3301,3460,1998,3337,3131,2291
565,-75426.67023366113,-75426.67023366113,-150853.34046732227,1.8185879481218863,-10.457907328682932,0.05497804397892196,162864.71486139635,3228,3666,1865,3208,3156,2395
566,-79324.80987178464,-79324.80987178464,-158649.6197435693,2.203763753366321,-10.178917729262501,0.05506592142342711,162511.9768804939,3577,2983,2199,3168,3359,2232
567,-79239.064860089,-79239.064860089,-158478.129720178,3.398424481011023,-9.070985695482477,0.05500379152908888,161285.77694944988,3342,3505,1912,3566,2980,2213
568,-79841.3919348915,-79841.3919348915,-159682.783869783,2.9175796889020402,-9.7062619876511,0.054863444062489164,161541.29597192496,3786,3027,1946,3206,3258,2295
569,-78266.18032827855,-78266.18032827855,-156532.3606565571,1.5570659516717753,-10.504815311430425,0.055119108980336666,162607.44647586596,3311,3470,1978,3430,2935,2394
570,-70191.36389637129,-70191.36389637129,-140382.72779274257,2.1222165546703695,-9.158522087044037,0.055197051194481636,162912.1952760302,3402,3434,1923,3194,3153,2412
571,-72768.73959460652,-72768.73959460652,-145537.47918921305,1.764431461592266,-8.773343076118511,0.05505588763530463,162243.83103795577,3520,3331,1908,3338,3111,2310
572,-69633.96179527235,-69633.96179527235,-139267.9235905447,2.617707846228228,-6.962739436480585,0.05499491812908181,162638.14137491243,3381,3417,1961,3181,3207,2371
573,-76171.15327681629,-76171.15327681629,-152342.30655363257,1.7955026717406852,-8.292067995715913,0.05498154172575414,162121.40888706365,3662,3229,1868,3268,3175,2316
574,-71873.2665634692,-71873.2665634692,-143746.5331269384,2.144924426725128,-8.414526057054207,0.0549920697315146,161916.88952464118,3485,3278,1996,3720,2796,2243
575,-77640.63623917729,-77640.63623917729,-155281.27247835457,1.874466664869785,-10.294459287181287,0.055103451515910506,162098.9468728244,3696,3134,1929,3447,3149,2163
576,-66679.92089762361,-66679.92089762361,-133359.84179524722,2.3244382040649696,-7.2517504407679345,0.055109413743274716,162467.70445487788,3350,3433,1976,3287,3086,2386
577,-75476.56644285716,-75476.56644285716,-150953.13288571432,2.694235509121197,-8.424591178763494,0.05490539014696007,161731.10243520568,3080,3672,2007,3574,3031,2154
578,-88364.51416693855,-88364.51416693855,-176729.0283338771,1.8541887485839743,-9.912336755908985,0.05501015413006525,161555.636781028,3752,3052,1955,3536,3002,2221
579,-71292.60606070337,-71292.60606070337,-142585.21212140674,2.5333079142972323,-7.735286336302778,0.05512392097429583,162787.83271862878,3673,3290,1796,3016,3481,2262
580,-73626.95489864078,-73626.95489864078,-147253.90979728155,2.4037439073897575,-8.233911714649533,0.05507585820211181,162374.14750741783,3721,3084,1954,3208,3265,2286
581,-68918.84737025194,-68918.84737025194,-137837.69474050388,2.0568012006604794,-9.156940574370386,0.054919871715191845,161654.53569259538,3018,3862,1879,3333,3319,2107
582,-78664.32345870695,-78664.32345870695,-157328.6469174139,1.2206209115874904,-9.062330692773207,0.0549686377215619,161922.59267029323,3648,3221,1890,3503,3025,2231
583,-70701.68303638385,-70701.68303638385,-141403.3660727677,0.9009880072677007,-9.10594972690019,0.0552366845953911,162397.74279636997,3600,3239,1920,3193,3220,2346
584,-77307.13893155119,-77307.13893155119,-154614.27786310238,1.7296207783441397,-9.677887327430776,0.05501800494810458,162682.57263257456,3615,3245,1899,3035,3344,2380
585,-73232.07400054767,-73232.07400054767,-146464.14800109534,1.4112167989631783,-8.369107247413584,0.05518205951051627,162589.83318404097,3431,3464,1864,3403,3167,2189
586,-78527.3776527759,-78527.3776527759,-157054.7553055518,1.936772770898665,-8.987387800664106,0.055010018155106886,161842.96228426206,3519,3323,1917,3247,3332,2180
587,-76283.39731001908,-76283.39731001908,-152566.79462003816,1.5716214255808303,-9.256362741323203,0.05493794770070758,162703.1399406897,3555,3179,2025,3083,3242,2434
588,-72383.32098414803,-72383.32098414803,-144766.64196829605,2.4247261463986742,-7.81980262010335,0.055130146307989514,162049.63756513907,3518,3228,2013,3219,3379,2161
589,-68552.52665765991,-68552.52665765991,-137105.05331531982,3.135169251803134,-7.164549919366692,0.05491209547033202,162152.26041584462,3435,3468,1856,3471,3131,2157
590,-74559.81966362149,-74559.81966362149,-149119.63932724297,1.9944879948763858,-9.023627974742938,0.054934407790534594,161981.05716136916,3405,3313,2041,3386,3061,2312
591,-72407.72094460654,-72407.72094460654,-144815.44188921308,0.9417157326226266,-10.388213201751318,0.05518449698969079,162784.52559985608,3672,3137,1950,3151,3165,2443
592,-70000.11491617485,-70000.11491617485,-140000.2298323497,2.403502482748394,-8.389274697638147,0.05500215183779318,161927.70174934404,3401,3458,1900,3268,3297,2194
593,-80667.0294023527,-80667.0294023527,-161334.0588047054,1.7959414545199675,-10.171596774045645,0.054786817584440525,161935.51147155123,3216,3611,1932,3481,2925,2353
594,-75442.08583159876,-75442.08583159876,-150884.1716631975,1.4678125409536595,-9.573880123425665,0.05506525782883452,162403.4360716103,3552,3289,1918,3532,2831,2396
595,-75145.09950501267,-75145.09950501267,-150290.19901002533,1.2881545202236775,-11.091539006168219,0.05512931978813147,162209.5492110171,3553,3374,1832,3447,3072,2240
596,-69732.65221641955,-69732.65221641955,-139465.3044328391,1.6685933069346486,-9.260638683721478,0.05512455394648336,162289.1030940266,3262,3563,1934,3251,3258,2250
597,-70686.63832885899,-70686.63832885899,-141373.27665771797,2.4353517839889736,-8.064962226982479,0.0549478615455341,162120.96739947476,3098,3784,1877,3432,3082,2245
598,-66677.57870569773,-66677.57870569773,-133355.15741139546,2.5899171601693274,-8.040431867034265,0.0549755379689887,162368.8310274533,2884,3928,1947,3280,3074,2405
599,-71113.60871755547,-71113.60871755547,-142227.21743511094,3.0424442772923785,-7.522630438468707,0.05506015867581262,162141.16626202225,3322,3617,1820,3509,2915,2335
600,-76846.93659185297,-76846.93659185297,-153693.87318370593,1.8503615405420168,-10.438276534265803,0.055055974996763665,161940.8782151887,3589,3107,2063,3329,3310,2120
601,-74695.68090510649,-74695.68090510649,-149391.36181021298,2.2939993425650256,-9.849669377278753,0.05501506998191335,161566.80005837177,3502,3329,1928,3538,2994,2227
602,-70543.19316753322,-70543.19316753322,-141086.38633506643,1.5716960958874615,-9.525368468225476,0.05505063413300064,162643.76396580652,3514,3409,1836,3355,3094,2310
603,-75316.30779158416,-75316.30779158416,-150632.6155831683,0.9562531452249998,-9.759464744478821,0.055119367058481875,162750.75917413863,3460,3391,1908,3191,3035,2533
604,-67927.62926661322,-67927.62926661322,-135855.25853322644,2.6088145028591487,-9.194790306719366,0.0548874212402212,162049.23226694964,2907,3912,1940,3297,3223,2239
605,-77649.75408924994,-77649.75408924994,-155299.50817849988,2.0609395030934934,-10.471666797931041,0.05501459192503893,162706.33707054265,3642,3277,1840,3112,3159,2488
606,-70214.22755550977,-70214.22755550977,-140428.45511101955,2.5004926185186007,-9.477008281998998,0.05485114902307461,162096.43133580437,3233,3486,2040,3231,3348,2180
607,-71163.89653208524,-71163.89653208524,-142327.7930641705,2.63598732962349,-7.949766341991523,0.055133315529285604,162554.71605006262,3284,3485,1990,3287,3312,2160
608,-74177.45599147222,-74177.45599147222,-148354.91198294444,1.6666588788475951,-8.713692796302066,0.05498284559229684,162387.1722419985,3333,3485,1941,3337,3098,2324
609,-65912.32338479,-65912.32338479,-131824.64676958,2.5045507688419,-7.517823566683077,0.055022161685423794,162141.54657030245,3267,3648,1844,3195,3323,2241
610,-79688.1476717051,-79688.1476717051,-159376.2953434102,1.0265216981091463,-11.192108610462032,0.05511317914233715,162512.04308519477,3412,3511,1836,3226,3156,2377
611,-71652.79692214123,-71652.79692214123,-143305.59384428247,2.699730591562524,-8.579407743216922,0.05498838513440091,161555.30434276324,3406,3480,1873,3500,3098,2161
612,-75282.42063496576,-75282.42063496576,-150564.84126993152,1.8337660605413024,-10.0686757598092,0.05510096507714055,162279.71443525524,3841,2958,1960,3053,3515,2191
613,-68737.84584600617,-68737.84584600617,-137475.69169201233,1.8469639972835807,-8.323411038317735,0.05497903930655255,162138.03054498957,3920,2933,1906,3355,3166,2238
614,-77027.82526992701,-77027.82526992701,-154055.65053985402,2.2475365049675387,-8.032671793934439,0.054934091672647956,162062.25667256946,3545,3445,1769,3559,2925,2275
615,-68729.88515887964,-68729.88515887964,-137459.77031775928,2.9014274538235045,-7.938320309594466,0.05506958442356162,161596.75545021216,3674,3156,1929,3789,2975,1995
616,-64883.23208817771,-64883.23208817771,-129766.46417635542,2.6299654977660563,-8.541313698820892,0.05491318387663045,162267.45179794665,3159,3792,1808,3497,2894,2368
617,-74894.01034103218,-74894.01034103218,-149788.02068206435,2.1944379154059876,-9.01793248184841,0.05501946460947909,161892.3651386407,3377,3353,2029,3476,3249,2034
618,-67737.0240178982,-67737.0240178982,-135474.0480357964,1.6626771162112253,-7.782058590539331,0.055173766303837864,162321.49242501403,3398,3549,1812,3268,3294,2197
619,-66265.5492331929,-66265.5492331929,-132531.0984663858,2.1960520682251414,-8.09227479827654,0.0549459512969162,162106.7519961668,3570,3283,1906,3426,3143,2190
620,-61579.418765867325,-61579.418765867325,-123158.83753173465,2.2362761604041834,-8.02780006665118,0.055085944239610246,162296.87281599035,3375,3578,1806,3154,3327,2278
621,-64590.620794402006,-64590.620794402006,-129181.24158880401,1.9319160292416375,-7.987546605244312,0.05500306888976418,162203.3749171434,3441,3479,1839,3244,3283,2232
622,-74271.67690264442,-74271.67690264442,-148543.35380528885,2.343821927542807,-8.84967432523863,0.05508954408870815,163302.1484749597,3477,3460,1822,3314,3003,2442
623,-76597.5122367252,-76597.5122367252,-153195.0244734504,2.6017448766641484,-8.475811260348742,0.05507577331950296,161898.4357197735,3438,3446,1875,3387,3287,2085
624,-70864.33195982556,-70864.33195982556,-141728.66391965112,2.095974680814323,-7.877327573064874,0.055011650589480265,162306.13121049356,3544,3395,1820,3173,3283,2303
625,-73837.30180955137,-73837.30180955137,-147674.60361910274,1.8863217010687383,-9.036219436708956,0.05517490486004289,162468.90945472493,3278,3349,2132,3307,3194,2258
626,-75072.64683821965,-75072.64683821965,-150145.2936764393,1.8470065923053731,-9.33366222776396,0.05522397540432782,162360.62241324468,3782,3039,1938,3226,3114,2419
627,-69816.93658890587,-69816.93658890587,-139633.87317781174,3.111305533224321,-7.693228698507788,0.05502284775378185,162014.3661432277,3254,3719,1786,3383,3198,2178
628,-80230.93680069504,-80230.93680069504,-160461.87360139008,2.34435414566201,-9.666470358470194,0.05514678220504223,161928.27428214846,3209,3483,2067,3363,3240,2156
629,-69977.42327474608,-69977.42327474608,-139954.84654949215,1.490238622223356,-9.60715571144106,0.054907780905048074,162627.65912230877,3446,3493,1820,3243,3070,2446
630,-62552.723258727536,-62552.723258727536,-125105.44651745507,2.269975293974703,-8.854850920017588,0.0549277152627229,162297.22451706507,3414,3438,1907,3413,3209,2137
631,-73569.68298611543,-73569.68298611543,-147139.36597223085,1.3127607775766035,-11.22218674074574,0.05491653493988563,161795.8541080798,3723,3111,1925,3536,2989,2234
632,-72430.34785855001,-72430.34785855001,-144860.69571710002,1.1434985861458027,-9.998500557146452,0.0550715998929909,162414.73304578697,3445,3491,1823,3770,2692,2297
633,-62314.663141608,-62314.663141608,-124629.326283216,1.5864042556508473,-8.865083178661687,0.05495337234511472,162565.3498852035,3163,3752,1844,3509,2962,2288
634,-76182.53956867044,-76182.53956867044,-152365.0791373409,1.861948602225474,-9.60930573504158,0.05509803529026763,162057.60125104114,3735,3064,1960,3388,2952,2419
635,-67314.3944718543,-67314.3944718543,-134628.7889437086,2.644765227836005,-8.106826458754137,0.05486438501767223,161787.71764892875,3576,3357,1826,3545,3057,2157
636,-66661.18414013476,-66661.18414013476,-133322.36828026953,2.1086559795913558,-8.293909848723384,0.05503799435112146,162337.55140946322,3589,3403,1767,3312,3174,2273
637,-64792.128536295764,-64792.128536295764,-129584.25707259153,1.9161302197506616,-7.397084363797053,0.0551891550118534,162213.0516679169,3733,3177,1849,3381,3139,2239
638,-68566.36861294137,-68566.36861294137,-137132.73722588274,2.8335810788757727,-7.065856844332889,0.05504964661119558,162352.50785224387,3369,3645,1745,3271,3309,2179
639,-76766.50999852123,-76766.50999852123,-153533.01999704246,1.7271612644405947,-9.163566094863834,0.05516285265168471,162230.95363847044,3451,3406,1902,3236,3340,2183
640,-65708.72228374924,-65708.72228374924,-131417.4445674985,2.3081065110449477,-8.60168555973374,0.05509646040904047,161783.4989665807,3360,3444,1955,3456,2968,2335
641,-65910.58274875165,-65910.58274875165,-131821.1654975033,2.2368779760497173,-8.69590437937511,0.05505180860691156,161931.71668632256,3709,3249,1801,3460,2842,2457
642,-68429.37029177132,-68429.37029177132,-136858.74058354265,3.1331289125857165,-7.459368751639961,0.054845138906608,162202.63006080996,3751,3235,1773,3544,2978,2237
643,-67758.3284950405,-67758.3284950405,-135516.656990081,2.3871544658074306,-7.355501403909561,0.05509013454157847,161936.8133818471,3553,3404,1802,3486,3224,2049
644,-68482.79502724182,-68482.79502724182,-136965.59005448365,3.0339587734021745,-7.719833570816909,0.054924048935430354,161963.61227200524,3270,3661,1828,3532,2951,2276
645,-68482.08860184188,-68482.08860184188,-136964.17720368376,3.4426448108582655,-7.091920159968436,0.05512929453477622,161909.56131055285,3261,3666,1832,3432,3306,2021
646,-69902.3178719114,-69902.3178719114,-139804.6357438228,2.844722830823687,-8.118726697412315,0.05511326146224922,162068.40857084995,3492,3423,1844,3534,3066,2159
647,-70203.21869420492,-70203.21869420492,-140406.43738840983,1.339885457118485,-9.241173009236244,0.055077288361386124,163266.05780874752,3148,3687,1924,3007,3176,2576
648,-71719.89843502967,-71719.89843502967,-143439.79687005933,2.4948412931445025,-8.547278447384693,0.05502377239977124,162181.80758467942,3465,3389,1905,3055,3337,2367
649,-63722.66222807558,-63722.66222807558,-127445.32445615115,2.3572030756179085,-8.03440259846867,0.05498994747788511,162182.57652888945,3301,3595,1863,3185,3342,2232
650,-66143.51061031374,-66143.51061031374,-132287.02122062747,1.879857304158966,-8.37168228352208,0.05508904815149247,162474.61091568074,3284,3535,1940,3231,3242,2286
651,-64677.32579270189,-64677.32579270189,-129354.65158540379,1.5488373218798064,-9.46665464641954,0.05498143331595539,162178.3796653399,3574,3335,1850,3420,3156,2183
652,-69411.61281687598,-69411.61281687598,-138823.22563375195,1.7762201439668042,-9.88638261216738,0.05509634562075828,161339.4917805103,3925,2970,1864,3207,3333,2219
653,-69276.67385498351,-69276.67385498351,-138553.34770996703,2.2226662047049413,-9.446385090139742,0.05492592343269245,162798.2125315584,3447,3446,1866,3358,2869,2532
654,-66448.52195665838,-66448.52195665838,-132897.04391331677,2.06615976236033,-8.48016802662876,0.05490434289448016,161386.6205369397,3767,3067,1925,3358,3174,2227
655,-69768.48785127838,-69768.48785127838,-139536.97570255675,1.6242837769418836,-8.448774165022686,0.0550502579563057,162774.54080250548,3417,3443,1899,3281,3199,2279
656,-65371.038026108676,-65371.038026108676,-130742.07605221735,1.842072604254943,-8.024124018411014,0.054843755807834765,161967.76786216494,3475,3478,1806,3663,2823,2273
657,-59001.14918586785,-59001.14918586785,-118002.2983717357,1.6957126071407689,-7.349486116527124,0.05511631220223235,162346.48552907078,3442,3449,1868,3262,3380,2117
658,-69746.52403772996,-69746.52403772996,-139493.04807545993,2.625894773436994,-7.983458036559386,0.054999388436856624,161445.78223486702,3650,3234,1875,3585,3004,2170
659,-66902.36504977028,-66902.36504977028,-133804.73009954055,1.79915818469136,-8.304084475928688,0.055161455414872725,162575.64601907926,3356,3530,1873,3224,3194,2341
660,-66423.84641887498,-66423.84641887498,-132847.69283774996,2.6857213139064284,-8.148823386854003,0.05499150944158698,161334.8945990355,3504,3440,1815,3462,3175,2122
661,-75278.15974451936,-75278.15974451936,-150556.31948903872,1.8369521945209648,-10.43197501108483,0.054939819083779824,161802.8534732647,3717,3184,1858,3461,3114,2184
662,-68266.03099590646,-68266.03099590646,-136532.06199181292,2.003952456935028,-9.12769996102704,0.05509391935742675,162389.15218294054,3358,3457,1944,3447,2964,2348
663,-62210.67654757973,-62210.67654757973,-124421.35309515946,1.5258466990276254,-8.805806025907303,0.055059550263958625,161658.02763513508,3752,3180,1827,3614,2937,2208
664,-74374.07275194097,-74374.07275194097,-148748.14550388194,2.560274819360256,-9.155976385145554,0.05492239438751402,161906.42579075793,3383,3475,1901,3626,2882,2251
665,-61489.33875772105,-61489.33875772105,-122978.6775154421,2.810371898861728,-7.98717125986464,0.055137294078442464,161966.11936081183,3655,3243,1861,3255,3377,2127
666,-72101.28925696097,-72101.28925696097,-144202.57851392194,2.8317152576344564,-9.452544584210472,0.05510331847954252,162515.1378188721,2989,3924,1846,3406,3161,2192
667,-70682.48605108634,-70682.48605108634,-141364.97210217267,1.8015333451279973,-7.9093068536890625,0.05505389863569275,162114.9210439285,3305,3438,2016,3508,3062,2189
668,-65265.38219435129,-65265.38219435129,-130530.76438870258,0.7758157301060672,-9.005248228172354,0.05507718695124105,162046.49934162575,3667,3259,1833,3281,3068,2410
669,-67127.49425307913,-67127.49425307913,-134254.98850615826,2.3804774666824464,-7.414898658086688,0.05522636722507884,162486.15642790173,3749,3135,1875,3072,3351,2336
670,-60213.63591495286,-60213.63591495286,-120427.27182990572,2.2176101725631674,-7.93301360932472,0.05483348472717208,161655.6241281587,3633,3295,1831,3668,2804,2287
671,-67047.68354665396,-67047.68354665396,-134095.36709330793,2.2338119446290885,-7.805670646681665,0.05494491607011902,161388.109356017,3527,3434,1798,3630,3032,2097
672,-69516.71709206182,-69516.71709206182,-139033.43418412365,1.1792471148229426,-9.850923139041065,0.05494924683781068,161726.94523790834,3524,3428,1807,3381,3044,2334
673,-65443.01118466049,-65443.01118466049,-130886.02236932098,0.8963833420921927,-9.021073661838255,0.05502713805039754,161778.9996621392,3485,3445,1829,3345,3439,1975
674,-64853.89918587053,-64853.89918587053,-129707.79837174105,0.9961764594309919,-9.868266066353033,0.05520853321003748,161399.95170038874,3683,3171,1905,3430,3336,1993
675,-64047.8609172246,-64047.8609172246,-128095.7218344492,1.4870671153151582,-9.54773631287729,0.05488065039070051,162020.84963407362,3759,3112,1888,3459,2884,2416
676,-76068.02154050888,-76068.02154050888,-152136.04308101776,2.033100188230182,-10.237504656281773,0.05502449835714888,162350.1981746894,3593,3267,1899,3198,3251,2310
677,-64868.10708455067,-64868.10708455067,-129736.21416910134,1.7516722461865035,-9.453845045245268,0.05502251382120239,161939.43937280783,3354,3638,1767,3438,3104,2217
678,-65375.05384162592,-65375.05384162592,-130750.10768325184,1.2610833544746352,-8.84847453230169,0.0551509540472614,162362.59285356355,3366,3633,1760,3325,3086,2348
679,-61500.46426044597,-61500.46426044597,-123000.92852089195,1.958936352873396,-8.259843010856715,0.055020940374281777,162141.6526481974,3634,3380,1745,3318,3213,2228
680,-65546.50936611535,-65546.50936611535,-131093.0187322307,2.213718056144524,-7.778267866854119,0.05509013986220752,162032.03033220055,3751,3109,1899,3567,2890,2302
681,-65056.28069440533,-65056.28069440533,-130112.56138881066,1.9404626920767143,-7.22298758077287,0.05509127374493237,162806.10019125397,3267,3683,1809,3047,3385,2327
682,-71320.55368556881,-71320.55368556881,-142641.10737113762,2.434970738983375,-8.839489451764322,0.054779679329441125,161716.9348629761,3542,3387,1830,3444,3172,2143
683,-58311.10616464571,-58311.10616464571,-116622.21232929142,2.4307202294223407,-7.541554440142839,0.055211966626353734,163201.6382957232,3266,3683,1810,2887,3515,2357
684,-65104.12520560355,-65104.12520560355,-130208.2504112071,1.9806453983477608,-8.357912058716824,0.0551355767235832,162386.61019960552,3112,3858,1789,3347,3164,2248
685,-60491.715950461105,-60491.715950461105,-120983.43190092221,1.9590920336841724,-7.657929379206716,0.055076568699671875,162260.15244257782,3560,3402,1797,3666,2921,2172
686,-59928.58278532619,-59928.58278532619,-119857.16557065237,2.4003463424040983,-8.552091691771427,0.05492077580557146,161610.06349544434,3585,3400,1774,3448,3108,2203
687,-69376.06596588176,-69376.06596588176,-138752.13193176352,1.619187401827424,-10.456919761365643,0.055099335825116766,162456.42044263566,3460,3431,1868,3403,3004,2352
688,-58379.06160533089,-58379.06160533089,-116758.12321066178,1.967648279234828,-9.186882944889689,0.05509646981264502,162283.60979764414,3733,3229,1797,3539,3068,2152
689,-71735.1214550601,-71735.1214550601,-143470.2429101202,1.5823628628122248,-9.65955719620274,0.05506398136411032,162254.6850332128,3249,3686,1824,3436,3167,2156
690,-59005.93546086125,-59005.93546086125,-118011.8709217225,1.8585577087053626,-8.546995637887713,0.054833992482028394,161592.75184495453,3824,3167,1768,3361,3169,2229
691,-59515.30194177487,-59515.30194177487,-119030.60388354975,1.6205245161902118,-7.9043981393943445,0.054959388973514565,161878.62943125863,3268,3766,1725,3634,3020,2105
692,-63036.73098092656,-63036.73098092656,-126073.46196185311,2.473327192508886,-6.392487476797258,0.055142954619898134,162045.1301757916,3342,3677,1740,3296,3506,1957
693,-64897.18823052718,-64897.18823052718,-129794.37646105436,2.5392954368202476,-6.431611501832504,0.05491717832133177,162613.29332078996,3278,3670,1811,3461,3100,2198
694,-72809.42039722053,-72809.42039722053,-145618.84079444106,1.6202251787148334,-9.289235744938738,0.05505529071294748,162388.9844999888,3897,2977,1885,3606,2868,2285
695,-68971.86802212684,-68971.86802212684,-137943.7360442537,1.8029840342918504,-7.967521964819542,0.05538123685165733,163227.60073799852,3633,3390,1736,3237,3245,2277
696,-67771.5036363865,-67771.5036363865,-135543.007272773,2.875109834954125,-8.476002756188468,0.0549891652655789,162402.81617024448,3457,3419,1883,3437,3068,2254
697,-65561.02828867665,-65561.02828867665,-131122.0565773533,1.9986821547089904,-8.85544279550647,0.055036878418837074,162056.47151636108,3701,3330,1728,3379,2913,2467
698,-67700.60555013796,-67700.60555013796,-135401.21110027592,1.4845954409688469,-9.400482509072724,0.05498906123312089,162316.09076195408,3060,3877,1822,3248,3071,2440
699,-54551.66711350655,-54551.66711350655,-109103.3342270131,1.4926538008839243,-7.339844353232276,0.05513933530579993,162458.4691445506,3632,3372,1755,3512,3090,2157
700,-63919.43247813369,-63919.43247813369,-127838.86495626738,1.431800633870308,-8.826172569710002,0.05512076077602403,162340.6493405436,3774,3119,1866,3487,3099,2173
701,-56520.666061091186,-56520.666061091186,-113041.33212218237,2.850469951281464,-7.977060293642643,0.05496551389007786,161770.21801317236,3111,3873,1775,3284,3298,2177
702,-63582.949362536114,-63582.949362536114,-127165.89872507223,1.9583793363212947,-7.733152276705306,0.05484765537967508,161644.83373293365,3536,3514,1709,3539,2939,2281
703,-67705.55718701876,-67705.55718701876,-135411.1143740375,1.506437883530166,-8.675531819996104,0.05496219008448098,162751.36463695843,3710,3255,1794,2984,3300,2475
704,-70029.22495496197,-70029.22495496197,-140058.44990992395,1.3412280101914424,-9.296474521672792,0.0550507505051912,162299.1548622329,2979,3922,1858,3364,3158,2237
705,-62212.41961597498,-62212.41961597498,-124424.83923194995,2.924145207086345,-6.916775224594257,0.05498975852905355,162346.29916619623,3643,3334,1782,3307,3376,2076
706,-62173.436901838606,-62173.436901838606,-124346.87380367721,2.559118864832132,-7.886049566353435,0.054924256974468365,162311.26343273744,3490,3436,1833,3577,2886,2296
707,-56818.17104382418,-56818.17104382418,-113636.34208764836,2.824466556764045,-7.924257181290717,0.055029272376753924,162033.08664315313,3266,3700,1793,3541,3181,2037
708,-60414.0054132582,-60414.0054132582,-120828.0108265164,1.9057778663565867,-7.226739254995863,0.05494973990289885,161962.97826620063,3884,3186,1689,3636,3006,2117
709,-61934.277083382716,-61934.277083382716,-123868.55416676543,0.7372614921954384,-9.86293543812581,0.0550021327791079,162611.3685818763,3937,3047,1775,3333,3060,2366
710,-64901.92047368555,-64901.92047368555,-129803.8409473711,2.54749256948972,-7.976488355457669,0.055288052244665896,162227.11428745414,3405,3573,1781,3419,3199,2141
711,-57104.01721405636,-57104.01721405636,-114208.03442811272,2.663580890508957,-7.075001749759961,0.05518768240087703,162712.34155802827,3413,3575,1771,3514,3152,2093
712,-64276.434016158826,-64276.434016158826,-128552.86803231765,2.1251011513659503,-8.824165226828052,0.05504647687734637,162183.24089158053,4108,2828,1823,2899,3758,2102
713,-61481.7782236094,-61481.7782236094,-122963.5564472188,3.196549775345683,-7.59064360552784,0.05504375419844798,162250.05260889864,3432,3536,1791,3385,3320,2054
714,-61398.75192001277,-61398.75192001277,-122797.50384002554,2.9830668477695355,-7.306121528707811,0.05508058444815839,161869.6365859003,3464,3363,1932,3336,3384,2039
715,-64335.55054407302,-64335.55054407302,-128671.10108814604,0.7900510686243635,-8.15975633148011,0.054939554315461554,162156.48970406063,3555,3437,1767,3326,3206,2227
716,-56682.30045106448,-56682.30045106448,-113364.60090212896,2.2697220274465395,-7.971294139160874,0.055031651691603026,162746.28139783698,3626,3352,1781,3178,3195,2386
717,-62295.81809863866,-62295.81809863866,-124591.63619727732,1.9162302639264268,-8.348519546318412,0.054905190673888105,162448.51992961453,3925,3007,1827,3383,3119,2257
718,-59050.86779504566,-59050.86779504566,-118101.73559009132,1.5920395279569284,-7.938242713050451,0.05505543833535234,162673.84302729374,3564,3272,1923,3119,3440,2200
719,-67839.57284124204,-67839.57284124204,-135679.1456824841,1.6260431411231329,-8.968865224409596,0.05517799125567472,162472.28089595996,3914,3003,1842,3342,3006,2411
720,-67425.3306286184,-67425.3306286184,-134850.6612572368,2.1477574484153488,-8.267064400097883,0.05511041030828138,162024.30167094493,3381,3621,1757,3020,3561,2178
721,-61029.89298926406,-61029.89298926406,-122059.78597852812,1.8734382435454464,-8.089137883157475,0.0549279180626435,162618.17903594885,3412,3704,1643,3278,3209,2272
722,-56396.23998981276,-56396.23998981276,-112792.47997962552,1.3296053043735996,-7.7833362483802935,0.05502018684335534,162661.12023880566,3097,3835,1827,3372,3030,2357
723,-67441.73789619902,-67441.73789619902,-134883.47579239804,1.4115914150967526,-8.767618839994316,0.05506863723249928,162673.61283220327,3471,3470,1818,3080,3253,2426
724,-66087.86465875772,-66087.86465875772,-132175.72931751545,1.2610935677812984,-7.973497733177965,0.05498110256489476,162060.66337447235,3730,3163,1866,3468,2996,2295
725,-53081.99350508891,-53081.99350508891,-106163.98701017782,1.6353145838414733,-7.186542997464523,0.05514161622139891,162124.70951533975,3971,3070,1718,3577,3030,2152
726,-72288.0145461682,-72288.0145461682,-144576.0290923364,1.3251066878308422,-9.752262036343264,0.05496029731421047,162328.08962864877,3831,3102,1826,3301,3100,2358
727,-56788.76634132133,-56788.76634132133,-113577.53268264266,2.8638251745403585,-6.92948219602177,0.05485515833605518,161881.9567446988,3141,3763,1855,3638,2979,2142
728,-59285.82501739537,-59285.82501739537,-118571.65003479074,2.1976691680233933,-7.55503619472833,0.05485256433355734,161052.42413113156,3340,3660,1759,3801,2943,2015
729,-66502.14349152184,-66502.14349152184,-133004.28698304368,0.753880506666341,-10.220597636031219,0.05509090201868575,163548.63863682823,3052,3978,1729,3196,3064,2499
730,-65777.89337538191,-65777.89337538191,-131555.78675076383,1.4004828473458573,-8.645228946830136,0.05507543316918633,162428.1693846614,4122,2893,1744,3154,3327,2278
731,-63806.56040016749,-63806.56040016749,-127613.12080033497,1.341031888710208,-9.33847334689492,0.05496574205951845,162338.83003952896,3921,3033,1805,3235,3330,2194
732,-62840.86149908998,-62840.86149908998,-125681.72299817996,1.315849545782924,-8.781714783635937,0.05483311833344881,161494.48679922704,3673,3242,1844,3475,3102,2182
733,-66025.21070884076,-66025.21070884076,-132050.42141768153,1.5424822049286162,-9.085909593933142,0.054895417085243016,162062.1837950206,3378,3570,1811,3404,3190,2165
734,-53796.93144836659,-53796.93144836659,-107593.86289673318,0.9085318149887751,-7.99905568786088,0.05481164276851729,161261.33009008676,3667,3372,1720,3428,3383,1948
735,-56368.47131923732,-56368.47131923732,-112736.94263847463,1.5328673994302222,-7.916725435213336,0.05505161388594144,162772.1082724012,4009,3027,1723,3229,3231,2299
736,-58242.5797582751,-58242.5797582751,-116485.1595165502,0.9402665224352527,-9.377771499939383,0.05496583435259248,162898.1798598879,3886,3086,1787,3347,3195,2217
737,-64074.33155457039,-64074.33155457039,-128148.66310914078,0.6784084260146385,-10.273497965779663,0.05508257983171057,162420.14214234895,3654,3394,1711,3574,2992,2193
738,-55570.69243272012,-55570.69243272012,-111141.38486544024,0.9744154838025841,-7.841042048535435,0.0549277900220408,162989.74394532322,3189,3925,1645,3031,3210,2518
739,-58731.11592062846,-58731.11592062846,-117462.23184125691,1.8798213471027334,-7.624930402396853,0.054970941669357135,162469.11452799165,3676,3397,1686,3220,3239,2300
740,-56629.87283477271,-56629.87283477271,-113259.74566954542,1.7244114561334398,-6.893201962566408,0.05497042595217062,162264.87996273235,3568,3557,1634,3345,3021,2393
741,-61237.44471413833,-61237.44471413833,-122474.88942827666,1.2616087136155971,-8.490737264098875,0.055055555752879466,162223.76569015018,3495,3532,1732,3520,3063,2176
742,-61760.11644728974,-61760.11644728974,-123520.23289457949,1.0870671845894444,-8.833740388030812,0.05495733941883514,161446.41570887738,3930,3097,1732,3674,2966,2119
743,-64986.57942800541,-64986.57942800541,-129973.15885601082,1.6459349915208779,-9.310417561203982,0.05502392568510244,162316.63011400317,4050,3010,1699,3504,2948,2307
744,-56456.37303800221,-56456.37303800221,-112912.74607600442,1.1275032706860657,-8.516665998744735,0.055125984174881064,162547.43733419653,3597,3352,1810,3393,3055,2311
745,-63823.95648355598,-63823.95648355598,-127647.91296711196,2.22231071758676,-7.3050771326096635,0.05507523695098828,161952.3036608163,3202,3756,1801,3415,3167,2177
746,-61340.43418387838,-61340.43418387838,-122680.86836775676,3.0765176722041607,-7.487642721321104,0.05514983987148647,162134.4243830099,3603,3399,1757,3382,3315,2062
747,-64499.97644367057,-64499.97644367057,-128999.95288734113,2.3613635898585104,-8.01984521754029,0.054957456143093344,162574.95687538898,3461,3425,1873,3288,3138,2333
748,-62280.41697855431,-62280.41697855431,-124560.83395710863,1.6785775344701688,-7.9465191664603845,0.05494001774340703,162902.39474255737,3464,3582,1713,3269,3078,2412
749,-63772.512142412954,-63772.512142412954,-127545.02428482591,1.9670243807170549,-8.867923291566605,0.05487948669660034,161793.11658588352,3709,3352,1698,3612,2674,2473
750,-55059.19006778035,-55059.19006778035,-110118.3801355607,2.312576668654041,-6.3455036735650205,0.05513313890749269,162370.75140708766,3549,3480,1730,3518,3206,2035
751,-61363.83957352293,-61363.83957352293,-122727.67914704586,1.7404797370076202,-8.794762347154048,0.05507706435401515,162744.2174903659,3450,3534,1775,3332,3118,2309
752,-57930.63204849907,-57930.63204849907,-115861.26409699814,2.656458040027235,-7.612929849102281,0.05511078687796016,162273.57030911194,3468,3617,1674,3568,3171,2020
753,-56288.524781426495,-56288.524781426495,-112577.04956285299,2.2853671428788176,-7.306283226059799,0.05506129845971289,162074.81345091658,3687,3290,1782,3709,2974,2076
754,-67099.60768374235,-67099.60768374235,-134199.2153674847,2.214626975313852,-8.856702244170618,0.054955193707776566,162436.8356277518,3249,3795,1715,3276,3270,2213
755,-56418.65617053492,-56418.65617053492,-112837.31234106985,2.3098345475768025,-7.590630237979076,0.055013448463584254,162172.294164178,3770,3180,1809,3660,2986,2113
756,-54661.48866528391,-54661.48866528391,-109322.97733056782,1.9857092760759354,-7.290579854667133,0.054987318018311894,161817.8495417877,3776,3222,1761,3507,3090,2162
757,-61052.80272759363,-61052.80272759363,-122105.60545518727,2.300191742336309,-8.049900937057817,0.05510507634932718,162439.60359760112,3692,3450,1617,3190,3327,2242
758,-66302.71481532097,-66302.71481532097,-132605.42963064194,1.3283276101652028,-9.938790594479462,0.054888070021298196,162113.1361942021,3672,3350,1737,3402,3082,2275
759,-57713.54159843198,-57713.54159843198,-115427.08319686395,2.151301614589114,-7.006849268012436,0.054953864261794466,162933.12625120344,3338,3785,1636,3232,3199,2328
760,-56668.89242888688,-56668.89242888688,-113337.78485777376,1.9419076699472022,-7.131330491753563,0.05495258512205625,162181.46377223302,3660,3502,1597,3470,3164,2125
761,-58092.9606810687,-58092.9606810687,-116185.9213621374,1.8258619723753309,-8.616219852581576,0.0548004563547868,161042.59019163324,3089,3972,1698,3815,2829,2115
762,-58604.563985632005,-58604.563985632005,-117209.12797126401,1.9093365135856983,-7.966205390630542,0.055094024469638375,162022.1536166558,3222,3787,1750,3076,3599,2084
763,-61252.23611668138,-61252.23611668138,-122504.47223336276,1.7863879800842837,-8.62969276241035,0.05485870976681464,161909.50821936518,4127,2905,1727,3472,3064,2223
764,-56626.075877957,-56626.075877957,-113252.151755914,2.6792565529896777,-6.640737598837355,0.054925154105233395,163179.1326369056,3705,3236,1818,3196,3103,2460
765,-59860.015871007054,-59860.015871007054,-119720.03174201411,2.2935788327447737,-7.230546987101442,0.055174337348939936,161659.89853180634,3488,3530,1741,3522,3142,2095
766,-58449.869601884166,-58449.869601884166,-116899.73920376833,2.7062444054052266,-6.147102406873369,0.055003999997490186,161953.6657917107,3315,3754,1690,3743,2981,2035
767,-57000.0718082511,-57000.0718082511,-114000.1436165022,3.096014546391261,-6.519300097800432,0.055050700411613814,161996.79490267878,3572,3448,1739,3351,3309,2099
768,-56226.826170341075,-56226.826170341075,-112453.65234068215,2.4519116540336108,-6.832246040143431,0.05514649005959424,162745.82903509328,3691,3380,1688,3238,3344,2177
769,-62497.42047404932,-62497.42047404932,-124994.84094809864,1.8112957669957201,-8.571832147134959,0.05506634038821259,162793.05922257778,3286,3594,1879,3272,3348,2139
770,-60921.36398576458,-60921.36398576458,-121842.72797152917,2.516970501104445,-7.567301955160254,0.054995866670573657,162752.1797307314,3667,3447,1645,3311,3148,2300
771,-56245.08432052096,-56245.08432052096,-112490.16864104192,2.5972887421371005,-6.925089950326032,0.05495075526262786,162381.14505982553,4089,2966,1704,3579,3056,2124
772,-61817.0660425873,-61817.0660425873,-123634.1320851746,2.5396114191518864,-6.628160582053049,0.055136794701231354,161478.49401175225,3568,3496,1695,3547,3183,2029
773,-63555.269240823836,-63555.269240823836,-127110.53848164767,0.6811146729981148,-9.139725920640709,0.055149501301457855,162791.32997048192,3476,3601,1682,3480,2895,2384
774,-61405.671581222414,-61405.671581222414,-122811.34316244483,1.4799595560989587,-9.146084756225891,0.05502180142241607,162579.50740906605,3429,3644,1686,3604,2770,2385
775,-54379.13891879218,-54379.13891879218,-108758.27783758436,1.6131087825676549,-8.093623940324848,0.05493574038522258,162007.75253990764,3493,3478,1788,3801,2766,2192
776,-51344.44771769146,-51344.44771769146,-102688.89543538292,1.7873508192744638,-7.047381588014511,0.05499519436056276,162078.27546394395,3327,3632,1800,3678,3005,2076
777,-62573.64636359228,-62573.64636359228,-125147.29272718455,1.7215016565002978,-8.587273243288596,0.05492850377687328,162221.52731468287,3470,3636,1653,3242,3215,2302
778,-63137.405729519,-63137.405729519,-126274.811459038,0.9662419348795334,-9.90766627583497,0.05503167491339958,162630.8868830182,3770,3140,1849,3224,3237,2298
779,-51315.196989224234,-51315.196989224234,-102630.39397844847,2.0154743365507986,-7.407228390071014,0.0550936552196211,162695.1652278017,3508,3388,1863,3363,3268,2128
780,-64174.66720364928,-64174.66720364928,-128349.33440729856,1.6088369917905574,-8.149504693520354,0.0550727078000345,161839.52095759934,3654,3352,1753,3726,3026,2007
781,-58211.75055677921,-58211.75055677921,-116423.50111355842,1.3688003260746546,-8.449607761456651,0.055041405047269704,162114.6983769202,3395,3623,1741,3548,2955,2256
782,-57411.731236339874,-57411.731236339874,-114823.46247267975,1.9117095152816845,-7.715609306791782,0.05507835273180686,162227.52272881044,3478,3542,1739,3563,2977,2219
783,-60087.02924981639,-60087.02924981639,-120174.05849963278,2.337184555589564,-7.372522857735832,0.05505530821859316,161902.3741049527,3365,3666,1728,3718,2911,2130
784,-57163.7986116509,-57163.7986116509,-114327.5972233018,2.2852097606719526,-6.604893346876527,0.05494581785222746,162083.13457060608,3791,3291,1677,3603,2940,2216
785,-54699.036125626415,-54699.036125626415,-109398.07225125283,2.8906394379466227,-6.688713673919543,0.0547547767139085,161761.78512435424,3484,3607,1668,3625,3017,2117
786,-54376.114997236335,-54376.114997236335,-108752.22999447267,2.986145407830616,-6.13475635134215,0.0549941378231437,162024.06398297453,3781,3254,1724,3778,2891,2090
787,-60253.62328865679,-60253.62328865679,-120507.24657731358,2.4668169703974074,-7.08440601860678,0.055073389437842304,162764.42345802122,3412,3604,1743,3097,3411,2251
788,-62112.39359679708,-62112.39359679708,-124224.78719359417,1.6905739898529084,-8.187438537587168,0.05503369619592574,162594.08908958844,3563,3499,1697,3509,3092,2158
789,-58479.68002049201,-58479.68002049201,-116959.36004098401,1.1689817434051553,-8.5956116418324,0.055060851512251936,161620.23178290136,3538,3491,1730,3277,3271,2211
790,-55453.333856308454,-55453.333856308454,-110906.66771261691,0.7345713102759834,-9.818387443034013,0.05493371110150558,161698.5660887789,3199,3707,1853,3468,3034,2257
791,-63188.96818502164,-63188.96818502164,-126377.93637004327,1.405292190813476,-8.22991926961266,0.05500130636925053,162583.69614162744,3606,3455,1698,3132,3232,2395
792,-60758.84982790883,-60758.84982790883,-121517.69965581766,1.570344809852979,-7.966436306506157,0.05501375735527114,161915.7168208641,3360,3519,1880,3252,3440,2067
793,-69014.99353685902,-69014.99353685902,-138029.98707371805,0.8264600614463725,-8.632664042472692,0.05497271607551358,163462.48015206965,3582,3418,1759,2814,3160,2785
794,-66361.35110417148,-66361.35110417148,-132722.70220834296,1.502249410192862,-10.054531762577817,0.055066159609655656,161382.44603558426,4014,3034,1711,3594,3012,2153
795,-52940.22916374164,-52940.22916374164,-105880.45832748328,2.3089229985592623,-6.00923621808625,0.05486440977057706,162256.0677024824,3729,3392,1638,3633,2799,2327
796,-62085.98089179082,-62085.98089179082,-124171.96178358165,2.280956681425024,-8.909062914016474,0.0549582630069983,161439.4655890018,3453,3621,1685,3605,3069,2085
797,-57507.87709808246,-57507.87709808246,-115015.75419616493,2.1375349597332827,-6.627671180834229,0.055056508796675424,162691.9799675561,3369,3837,1553,3347,3259,2153
798,-56121.04046189916,-56121.04046189916,-112242.08092379832,2.5083492255982804,-7.106995448114452,0.05509785036469569,161997.1740573485,3171,3925,1663,3772,2975,2012
799,-51050.930368675465,-51050.930368675465,-102101.86073735093,2.0659162585105215,-6.659583856629907,0.05514297636059407,162021.98178330425,3482,3591,1686,3385,3230,2144
800,-53544.847565851625,-53544.847565851625,-107089.69513170325,3.1019148055271453,-5.887718658296109,0.05512557529686045,162419.4554694235,3695,3431,1633,3473,3218,2068
801,-44339.742981964126,-44339.742981964126,-88679.48596392825,3.223889914822841,-5.8206214468306126,0.05493058631137434,161334.25581823653,3198,3969,1592,3612,3130,2017
802,-50474.42072682893,-50474.42072682893,-100948.84145365786,1.0800542783428881,-7.275153690018439,0.055055000597242706,162789.5619574294,3462,3610,1687,3394,3117,2248
803,-60620.8774196935,-60620.8774196935,-121241.754839387,0.5538594157659441,-9.465168143852056,0.055203324780641286,163145.97861460657,3948,3074,1737,3038,3334,2387
804,-53769.618299448586,-53769.618299448586,-107539.23659889717,1.295450193923809,-8.680581428906237,0.05515238821511801,162712.56445632005,3436,3586,1737,3433,3137,2189
805,-52746.0337036448,-52746.0337036448,-105492.0674072896,1.0705765010579882,-7.526274045595366,0.055071015416511264,162935.64776896778,3556,3335,1868,3332,3102,2325
806,-52615.18550893739,-52615.18550893739,-105230.37101787479,1.9757571311735667,-5.995508225862655,0.05509386468716958,162668.22435908442,2793,4300,1666,3461,3111,2187
807,-52600.33226165111,-52600.33226165111,-105200.66452330221,1.4318663093007729,-8.032987580561818,0.05527589671363854,162648.6393489023,3478,3680,1601,3301,3310,2148
808,-56203.132606835476,-56203.132606835476,-112406.26521367095,1.5843443988147528,-7.441560123497911,0.054875958519875194,161510.5436153764,3656,3402,1701,3903,2660,2196
809,-44366.88412000881,-44366.88412000881,-88733.76824001763,2.4221726963891332,-6.140562368337735,0.05492113654471416,162353.98123767777,2895,4096,1768,3894,2736,2129
810,-59882.79102698482,-59882.79102698482,-119765.58205396964,1.267268139230636,-8.201720267736905,0.054861441514824784,162088.46254057396,3919,3014,1826,3173,3271,2315
811,-58513.024875719355,-58513.024875719355,-117026.04975143871,1.6057399407194188,-7.502569292016107,0.05502067306294527,161694.04933292317,3814,3294,1651,3783,2864,2112
812,-45863.694864201105,-45863.694864201105,-91727.38972840221,2.029172481142574,-5.854351655794301,0.05496508861299951,162473.66306291262,3489,3694,1576,3586,3044,2129
813,-51733.54643670041,-51733.54643670041,-103467.09287340082,1.6964488263812432,-6.898578936559333,0.055175937968050856,161978.39745536895,3550,3409,1800,3402,3404,1953
814,-53719.499031319385,-53719.499031319385,-107438.99806263877,2.153633789483821,-6.75300628613104,0.0550532502131866,162112.7657977398,3641,3548,1570,3307,3403,2049
815,-49552.58628501128,-49552.58628501128,-99105.17257002257,1.3077996964142933,-6.772928339548469,0.05524267950070928,163192.6147425912,3866,3297,1596,3268,3227,2264
816,-55287.162456538776,-55287.162456538776,-110574.32491307755,0.7402464233005913,-8.010195484531884,0.05504791999614884,162459.58866979548,3691,3413,1655,3525,2977,2257
817,-60523.22355305846,-60523.22355305846,-121046.44710611692,2.000586033414473,-7.722046023963132,0.05494030099570746,161973.43264522133,3614,3526,1619,3423,3078,2258
818,-52891.65655731063,-52891.65655731063,-105783.31311462125,1.9156858700568018,-6.494488179463137,0.05510257137867305,162286.7194691963,3667,3497,1595,3678,2938,2143
819,-55585.11947137852,-55585.11947137852,-111170.23894275705,2.0541152673408383,-6.948770153483364,0.05494541506861934,162114.4124191723,4243,2847,1669,3437,2980,2342
820,-50697.0844603813,-50697.0844603813,-101394.1689207626,1.8146849625913137,-6.801133237304112,0.05507743327911052,162354.4413365794,3455,3642,1662,3376,3409,1974
821,-48530.90335156336,-48530.90335156336,-97061.80670312671,1.3279703920462416,-7.032415139627168,0.05498777792282118,162169.16665970534,3286,3762,1711,3705,3002,2052
822,-50678.27449611299,-50678.27449611299,-101356.54899222597,1.0701275287996832,-7.983922467864051,0.05503570705101951,162143.62783158958,3524,3593,1642,3651,2816,2292
823,-51448.6978270586,-51448.6978270586,-102897.3956541172,2.0615382192815837,-7.343834547428965,0.05506863918233213,161437.78449139366,3108,4000,1651,3641,3174,1944
824,-55286.75338165295,-55286.75338165295,-110573.5067633059,1.1308873060447666,-8.332845635557149,0.055014290071205174,162939.5128187338,4007,3101,1651,2914,3544,2301
825,-50076.956287108565,-50076.956287108565,-100153.91257421713,1.3678754622172007,-7.192662994590075,0.0549705007755977,162280.64385266733,3924,3202,1633,3397,3162,2200
826,-49604.94197893453,-49604.94197893453,-99209.88395786905,2.095440385240889,-6.807415536909839,0.05508413542023228,162007.63249324015,3856,3287,1616,3448,3464,1847
827,-45767.77159446078,-45767.77159446078,-91535.54318892155,1.9104638883419274,-6.476765830602442,0.05492430181952321,161345.62569282326,3779,3425,1555,3648,2783,2328
828,-50535.02762035865,-50535.02762035865,-101070.0552407173,2.5732496999758836,-4.64092365328429,0.054783197748300955,161895.03055365715,4000,3203,1556,4017,2533,2209
829,-58529.22505232789,-58529.22505232789,-117058.45010465579,1.9973975285167351,-7.834951140005644,0.05491475736468152,161806.37293143402,3664,3424,1671,3741,3007,2011
830,-60134.08979583089,-60134.08979583089,-120268.17959166178,2.0787284893949804,-6.697011322113816,0.05505010447252578,161899.706714289,3862,3165,1732,3295,3356,2108
831,-55136.25007913736,-55136.25007913736,-110272.50015827472,2.148072277278203,-7.32911548749824,0.05492883419777101,161981.10175212438,3722,3472,1565,3753,2748,2258
832,-55585.20045704076,-55585.20045704076,-111170.40091408152,1.8800349590347103,-7.876437388612411,0.054920645989710436,161813.35194618392,3854,3117,1788,3606,3197,1956
833,-56668.16880656766,-56668.16880656766,-113336.33761313531,2.404461209367973,-6.753185190627195,0.055023901820810586,161763.07537041974,3461,3645,1653,3628,3178,1953
834,-58929.89057631234,-58929.89057631234,-117859.78115262468,1.6160385494501317,-7.163701722799844,0.05508666331574361,162773.60236108088,3540,3517,1702,3210,3407,2142
835,-58523.249739057064,-58523.249739057064,-117046.49947811413,1.2818908824955775,-7.246869850109601,0.055054038260387385,162228.67634204403,3603,3516,1640,3545,3159,2055
836,-54544.89909086484,-54544.89909086484,-109089.79818172968,1.469899650428234,-8.009959945185775,0.055129693349853404,162423.57352214796,3289,3694,1776,3167,3539,2053
837,-59652.771790962586,-59652.771790962586,-119305.54358192517,2.209369159121957,-7.787152710458733,0.054971511378791194,162438.05809300297,3680,3248,1831,3490,2998,2271
838,-49908.353187111854,-49908.353187111854,-99816.70637422371,1.5141251929515382,-6.138938326426239,0.054815257131728815,161076.67170011884,3991,3190,1578,3774,2941,2044
839,-51511.823772833166,-51511.823772833166,-103023.64754566633,1.1365868636169647,-7.323789816554018,0.054954459096711615,163022.95257067442,3662,3493,1604,3119,3395,2245
840,-62229.12085197149,-62229.12085197149,-124458.24170394299,1.5076246097670187,-8.838857802450852,0.054945010362771454,162231.09325428412,3372,3766,1621,3522,3038,2199
841,-58120.94022593602,-58120.94022593602,-116241.88045187204,0.8903890283046064,-8.430025577793382,0.05521128674140304,162013.08720638254,3736,3343,1680,3601,3195,1963
842,-54286.7964878132,-54286.7964878132,-108573.5929756264,2.3226694736250852,-7.784702214924945,0.05504793936972142,162676.81269503984,3183,3969,1607,3441,3137,2181
843,-48510.23313995933,-48510.23313995933,-97020.46627991866,1.4527581175725526,-6.756640633650157,0.05491669923907564,162189.5791791704,3759,3309,1691,3634,2994,2131
844,-47435.769669860296,-47435.769669860296,-94871.53933972059,1.7034540155859035,-6.82010680741917,0.05492810267336638,161244.18689008185,3873,3160,1726,3489,3219,2051
845,-44631.507584132756,-44631.507584132756,-89263.01516826551,1.0885252070377436,-7.201095992643584,0.05501725950426317,162415.40638222755,3405,3707,1647,3369,3278,2112
846,-55463.747582111515,-55463.747582111515,-110927.49516422303,1.1062043438924922,-8.708543421090404,0.05511766281089055,161829.45395086985,4020,3092,1647,3146,3707,1906
847,-55157.89653473326,-55157.89653473326,-110315.79306946653,1.7633028232025807,-7.437301816047338,0.055006934344024094,162224.72401296924,3508,3629,1622,3216,3500,2043
848,-49516.72273134677,-49516.72273134677,-99033.44546269353,1.0783717173886702,-7.904755650222112,0.05495442849784543,162472.12427983285,4026,3102,1631,3400,3179,2180
849,-55166.06792197357,-55166.06792197357,-110332.13584394714,1.1565190201800448,-7.993598671247414,0.054841144687744564,162537.33751345874,3997,3040,1722,3635,2661,2463
850,-47547.33716663734,-47547.33716663734,-95094.67433327468,2.1980909922470815,-5.8551962336841,0.05510810669577248,162165.91233537288,3350,3697,1712,3499,3249,2011
851,-47889.71828565671,-47889.71828565671,-95779.43657131342,0.6822311516117002,-7.934128924074436,0.05483084324718318,161602.93462124607,3347,3585,1827,3993,2569,2197
852,-46595.60608671067,-46595.60608671067,-93191.21217342134,2.228830317433692,-7.025852884798058,0.054804232823743554,160918.60919178405,3559,3365,1835,4145,2706,1908
853,-49228.15632687962,-49228.15632687962,-98456.31265375925,1.4057241508116016,-7.092539678380906,0.055003398385911284,162136.15867939757,3938,3091,1730,3181,3285,2293
854,-52238.03217565404,-52238.03217565404,-104476.06435130809,1.8707991358150817,-6.229405193848866,0.054981551774828996,160794.69015189857,3575,3504,1680,3909,2926,1924
855,-57445.53717808816,-57445.53717808816,-114891.07435617632,2.150182278454837,-7.052105129298687,0.054989473021580734,161690.60913470754,3480,3590,1689,3480,3407,1872
856,-46215.56937296064,-46215.56937296064,-92431.13874592129,1.2893914136470275,-6.048018196193288,0.055120312406108464,162782.07329636347,3809,3377,1573,3254,3385,2120
857,-43448.3980330083,-43448.3980330083,-86896.7960660166,1.767048409324042,-6.12637038379174,0.05500321117992188,161652.52315243636,4081,3106,1572,3844,2954,1961
858,-61295.5424441884,-61295.5424441884,-122591.0848883768,1.8497774859961928,-8.109379854461652,0.05497773435151118,161641.16996017238,3635,3471,1653,3545,2999,2215
859,-53735.62511831235,-53735.62511831235,-107471.2502366247,2.4283350159392683,-7.797299916779301,0.05519881110419049,162254.3293016547,3453,3713,1593,3387,3242,2130
860,-56891.26765193586,-56891.26765193586,-113782.53530387171,2.25067131272691,-7.286320534694808,0.05475417249286374,161611.359950299,3158,3778,1823,3700,2756,2303
861,-50660.28414031303,-50660.28414031303,-101320.56828062606,1.455315253061522,-7.36255995608989,0.055120876267082966,162596.77201042784,3361,3694,1704,3378,3139,2242
862,-49517.87485277678,-49517.87485277678,-99035.74970555356,1.614362420360787,-7.176230029153561,0.05504849758316386,162669.9835924619,3700,3412,1647,3190,3210,2359
863,-61783.760789627035,-61783.760789627035,-123567.52157925407,1.9486109100908107,-8.057105943727985,0.0548209470573598,162015.89771189395,4031,2939,1789,3474,3049,2236
864,-52003.25808070596,-52003.25808070596,-104006.51616141191,1.935917847794149,-7.200841480652467,0.05476442862778791,161359.80628322504,3671,3378,1710,3814,3024,1921
865,-51826.45429704264,-51826.45429704264,-103652.90859408528,1.4256132401890405,-6.580248220114816,0.05509152513282797,162127.69340547192,3980,3130,1649,3461,3293,2005
866,-54959.11476003689,-54959.11476003689,-109918.22952007379,1.3569702094542098,-7.587158028988367,0.05537460994916718,161945.36448783855,3298,3864,1597,3575,3185,1999
867,-42992.962450662686,-42992.962450662686,-85985.92490132537,1.416723847844912,-6.965818553330215,0.055028402350613896,161433.91950437275,3365,3738,1656,3928,2862,1969
868,-54869.644631475305,-54869.644631475305,-109739.28926295061,1.7189948807905846,-8.597813415143355,0.05493247993456688,161455.25378896884,3734,3321,1704,3747,2825,2187
869,-49615.45470469971,-49615.45470469971,-99230.90940939942,1.8267343859367629,-6.7700131134973605,0.05501793341944166,161494.3661962959,3909,3191,1659,3424,3194,2141
870,-46230.19830383472,-46230.19830383472,-92460.39660766943,1.9132029025685626,-6.6586124612182385,0.055267214697677126,162681.096471822,3670,3397,1692,2942,3645,2172
871,-54532.719432897524,-54532.719432897524,-109065.43886579505,1.1199761576354728,-7.474590030209494,0.05495144307438854,162392.06958263877,3586,3432,1741,3291,3238,2230
872,-52412.84297888999,-52412.84297888999,-104825.68595777998,2.548223483211017,-6.088190541269764,0.0552003896023886,162225.63960010634,3938,3249,1572,3318,3597,1844
873,-50695.92105769777,-50695.92105769777,-101391.84211539554,1.2823006158444716,-7.375665020136823,0.05508603693212834,162092.25947136458,3378,3848,1533,3487,3103,2169
874,-55403.07966658593,-55403.07966658593,-110806.15933317186,2.265211908352773,-7.488658844173911,0.05520418728072245,162687.64371504154,3825,3291,1643,3521,3145,2093
875,-54248.97953404009,-54248.97953404009,-108497.95906808018,1.704003531323753,-7.303785441116791,0.05499683962498618,161661.7230792276,3453,3474,1832,3244,3485,2030
876,-48090.81747751545,-48090.81747751545,-96181.6349550309,2.3768988298523444,-6.8010952613749565,0.05489243140711822,161462.13539139542,3233,3946,1580,3607,3164,1988
877,-43140.77537439656,-43140.77537439656,-86281.55074879312,2.540019557357548,-6.0738032685599475,0.055221467394231664,162482.30862699173,2783,4215,1761,3309,3534,1916
878,-54199.316625585874,-54199.316625585874,-108398.63325117175,1.753755253782914,-7.4911451560006235,0.05479683857313922,161312.93332371247,4263,2847,1649,3614,3086,2059
879,-52144.42701334864,-52144.42701334864,-104288.85402669729,1.535706076238297,-8.009263293494548,0.05505952048785796,162864.68648238908,3389,3701,1669,3278,3361,2120
880,-56757.12764957715,-56757.12764957715,-113514.2552991543,1.7096093190783386,-8.676731571102847,0.054852182623275035,161991.23535922065,3435,3668,1656,3391,3060,2308
881,-44349.995418960316,-44349.995418960316,-88699.99083792063,0.6886315979484606,-6.803616020108045,0.05509082805672527,162081.87824456,3917,3332,1510,3374,3386,1999
882,-42210.731712117304,-42210.731712117304,-84421.46342423461,1.6030208023032175,-5.687829992625546,0.05516158297724856,163477.25213592444,3177,3895,1687,3551,2907,2301
883,-42770.699149580796,-42770.699149580796,-85541.39829916159,2.5640966616431435,-5.9351383016063695,0.0549256462254841,161762.3278307998,3418,3797,1544,3776,3000,1983
884,-42845.298327163444,-42845.298327163444,-85690.59665432689,2.543056582667153,-4.72964240009306,0.05485278477051075,161651.61165358927,3727,3479,1553,3779,3034,1946
885,-54541.22463547854,-54541.22463547854,-109082.44927095708,1.1252930839590343,-7.849695399467332,0.05519358751806518,163177.2413290621,3839,3189,1731,3124,3184,2451
886,-48208.198185785,-48208.198185785,-96416.39637157,2.6319009759272,-5.696581333019747,0.054959091897318596,162163.33278375524,3454,3635,1670,3515,3188,2056
887,-50395.91877755069,-50395.91877755069,-100791.83755510137,1.6524584722871696,-7.575332231661571,0.0550348773845542,162092.841785892,3284,4005,1470,3406,3272,2081
888,-49360.52312864376,-49360.52312864376,-98721.04625728753,2.2058907727227686,-5.580086168276386,0.05476702575341113,161235.5567894415,3895,3266,1598,3828,2771,2160
889,-59332.072787212965,-59332.072787212965,-118664.14557442593,1.0043333958994953,-7.863817638549447,0.05506921804784037,162628.42661791312,3556,3512,1691,3175,3464,2120
890,-48604.64443894374,-48604.64443894374,-97209.28887788748,2.0451555591610453,-5.889996900467033,0.05510494879721702,162052.5275256074,3944,3137,1678,3268,3498,1993
891,-55272.60601685517,-55272.60601685517,-110545.21203371034,1.5801050413282964,-7.975248759623314,0.05493709240147247,161993.69147840262,3748,3396,1615,3673,2786,2300
892,-51584.6832439788,-51584.6832439788,-103169.3664879576,0.690763545363157,-8.17411343240482,0.05502118353370442,163021.5297283187,4212,2996,1551,3316,3155,2288
893,-46473.96575031129,-46473.96575031129,-92947.93150062258,1.1499194874518164,-7.90666667412651,0.05501924990460622,161838.089443013,2741,4454,1564,3815,3055,1889
894,-47828.65352526005,-47828.65352526005,-95657.3070505201,1.4068050465296618,-6.821879826420947,0.05509899576076905,161801.05461348762,3643,3567,1549,3624,3084,2051
895,-45158.24744685379,-45158.24744685379,-90316.49489370758,2.021161328017873,-5.368932364855611,0.05496965630641098,161288.08137163596,3971,3080,1708,3742,3228,1789
896,-42676.60680733423,-42676.60680733423,-85353.21361466846,2.117850795869994,-5.616594396736208,0.05503008513615426,162367.97043256095,3180,4056,1523,3236,3522,2001
897,-39107.80588816396,-39107.80588816396,-78215.61177632792,2.178539449118878,-5.880869031905337,0.054971499357660575,161662.2527748196,3559,3640,1560,3903,2914,1942
898,-52716.09455740267,-52716.09455740267,-105432.18911480534,0.8588096083830418,-8.435882053885393,0.054992590823303225,161742.5977589545,3515,3561,1683,3700,2995,2064
899,-50666.60405168467,-50666.60405168467,-101333.20810336934,1.892009112468367,-7.089700054751599,0.05507571149485196,162479.22203996134,3188,3721,1850,3493,3247,2019
900,-49039.53991926689,-49039.53991926689,-98079.07983853378,1.3585810754103391,-7.211924075703932,0.055088476321190565,162088.69003196943,3962,3209,1588,3563,3208,1988
901,-48233.114041919915,-48233.114041919915,-96466.22808383983,1.652371841442575,-6.388230664023,0.05492861475366442,162090.51010299718,3496,3653,1610,3836,2849,2074
902,-46566.317090055236,-46566.317090055236,-93132.63418011047,1.3310125009443075,-8.258933673783988,0.05505724797276465,162983.94896730268,4193,2856,1710,3443,3045,2271
903,-49319.65702038276,-49319.65702038276,-98639.31404076552,1.2597623592435505,-7.193300216729296,0.055124504696664085,161670.28973095672,3653,3487,1619,3480,3410,1869
904,-49946.67227000452,-49946.67227000452,-99893.34454000904,1.3401840157056886,-6.118008447797914,0.054993295259833284,163772.3462383309,3577,3494,1688,2593,3842,2324
905,-53142.24808224194,-53142.24808224194,-106284.49616448388,1.716323567309822,-6.900891827708796,0.055049867775423665,162140.60256960275,3619,3614,1526,3621,2988,2150
906,-49937.04323971696,-49937.04323971696,-99874.08647943391,1.8835613599742542,-6.0488313730538845,0.05507241455207642,161985.88772300657,3706,3535,1518,3410,3281,2068
907,-50550.97653795024,-50550.97653795024,-101101.95307590048,1.9888890878485004,-5.540341828987385,0.05499868748160718,161466.54180012664,4117,3048,1594,3959,2884,1916
908,-45179.74195906908,-45179.74195906908,-90359.48391813815,1.4609024435972642,-5.950010224688458,0.054922165764132454,161923.1462026338,3789,3380,1590,3379,3121,2259
909,-48346.52584643784,-48346.52584643784,-96693.05169287568,1.2671718001704715,-6.4053260529486415,0.05474930265965851,160808.35342342226,3466,3552,1741,3695,3114,1950
910,-50896.52120091731,-50896.52120091731,-101793.04240183462,0.9323815340465564,-7.223797345912351,0.054995026767686306,162383.47342204934,4371,2809,1579,3569,3061,2129
911,-45482.30469707586,-45482.30469707586,-90964.60939415172,2.0162845389446624,-6.114656452792672,0.055158093524599834,162048.02805763227,3690,3504,1565,3462,3338,1959
912,-48431.49705833064,-48431.49705833064,-96862.99411666128,1.7684901801946271,-5.307702063160964,0.054915068628913086,161596.517285069,4035,3205,1519,3648,3010,2101
913,-44359.822651682225,-44359.822651682225,-88719.64530336445,0.6697005881235161,-6.298792207460158,0.0551803758219825,162198.6514799744,3679,3399,1681,3270,3491,1998
914,-43490.9338771084,-43490.9338771084,-86981.8677542168,1.654486382136805,-6.763404216294674,0.05489939972428551,161507.436086469,3046,4091,1622,3911,3041,1807
915,-41888.11048448629,-41888.11048448629,-83776.22096897259,2.1407109025923563,-5.989598209086658,0.05505890514621609,162118.2253098732,3567,3703,1489,3800,2958,2001
916,-48701.24184949712,-48701.24184949712,-97402.48369899424,1.943374903932331,-6.049559537601009,0.05515647734251551,163031.06077771902,3736,3383,1640,3394,3261,2104
917,-51222.42332988089,-51222.42332988089,-102444.84665976178,1.7546366775906388,-7.797058040636998,0.05483550667628932,162344.53991684582,3252,3845,1662,3374,3053,2332
918,-41558.359152650344,-41558.359152650344,-83116.71830530069,2.651091204134642,-5.7596346576793005,0.05524384580366932,161696.46547048938,3922,3275,1562,3655,3042,2062
919,-41276.74091212325,-41276.74091212325,-82553.4818242465,1.3217361486136783,-6.156338730889065,0.05506791127578334,162524.05244272843,3916,3288,1555,3449,3370,1940
920,-56665.431750193675,-56665.431750193675,-113330.86350038735,1.5446336067182207,-7.569500669012251,0.05513976058230976,162223.74496828832,3194,4082,1483,3622,3077,2060
921,-41792.42644364983,-41792.42644364983,-83584.85288729965,1.5527465703869365,-5.793377190372983,0.055073978821824895,162292.01162808784,3637,3578,1544,3579,3113,2067
922,-51999.00199076312,-51999.00199076312,-103998.00398152624,1.8369919790217026,-6.469084405532861,0.054995723347240844,162428.33757688117,4179,2927,1653,3423,3172,2164
923,-43504.17433835421,-43504.17433835421,-87008.34867670843,1.8459876842662197,-6.149589112917314,0.05512539878071019,160864.8085241932,3922,3331,1506,3963,2823,1973
924,-47149.42961368329,-47149.42961368329,-94298.85922736659,0.9397978151303794,-6.48949843183574,0.05495168423572253,161626.24769222084,3979,3128,1652,3557,3267,1935
925,-49774.5951522545,-49774.5951522545,-99549.190304509,0.713590100811708,-6.519489387006151,0.055084689731821485,161893.89836472546,3942,3244,1573,3360,3224,2175
926,-50477.12843451543,-50477.12843451543,-100954.25686903085,1.2518737150976562,-6.410838379649353,0.05506739420839796,162051.59623761254,3924,3310,1525,3593,3175,1991
927,-42496.95015352654,-42496.95015352654,-84993.90030705307,0.8504493729754258,-7.022133537215367,0.05494568240903252,162412.7418265183,4225,2873,1661,3353,3266,2140
928,-45735.49943449618,-45735.49943449618,-91470.99886899236,0.7525918473859993,-6.670809352741625,0.0551859113189518,162074.73461105666,4140,3031,1588,3476,3251,2032
929,-48468.67938235501,-48468.67938235501,-96937.35876471002,1.782346738350101,-6.705045284411634,0.05498600476269208,162679.60827249452,3763,3531,1465,3517,2989,2253
930,-48801.470438004195,-48801.470438004195,-97602.94087600839,1.8416428515438228,-6.0086015670622,0.05497236497321683,161351.42654244433,3738,3389,1632,3460,3429,1870
931,-42259.64820731501,-42259.64820731501,-84519.29641463002,2.256069348874447,-5.2755862552633115,0.05502539615630306,161050.3358375881,3677,3619,1463,3695,3178,1886
932,-47225.72253811125,-47225.72253811125,-94451.4450762225,1.3722434293288195,-7.548598252439181,0.054627146130203634,161146.94746281247,4029,3174,1556,4057,2682,2020
933,-48266.39990990591,-48266.39990990591,-96532.79981981181,1.6818049808295044,-7.235298819735068,0.05522796296797519,162005.57303652578,3710,3379,1670,3430,3299,2030
934,-48412.34933493734,-48412.34933493734,-96824.69866987468,0.9742135611112248,-8.429520286459582,0.055175244155814415,162108.68177621294,3416,3937,1406,3238,3412,2109
935,-36861.504491021224,-36861.504491021224,-73723.00898204245,2.1749661904300917,-5.279652319033185,0.054965850142863176,161376.39154314963,3850,3414,1495,3647,3138,1974
936,-52932.76920804432,-52932.76920804432,-105865.53841608865,0.6027141006522522,-8.499179430704917,0.05503477840488728,161853.40509304576,3246,3861,1652,3214,3488,2057
937,-45343.07014680426,-45343.07014680426,-90686.14029360852,1.3683946813232892,-6.5294623232449185,0.054855267099845395,162156.0020916443,3577,3724,1458,3547,3181,2031
938,-44836.86102376237,-44836.86102376237,-89673.72204752474,0.9505621660085257,-7.340203483744778,0.0549574977235766,162138.04491364898,2919,4212,1628,3617,2973,2169
939,-48585.63106206458,-48585.63106206458,-97171.26212412916,1.5531772363124314,-6.3892177323314225,0.054963417351216314,161573.15811491595,3370,3812,1577,3692,3139,1928
940,-47442.17184685461,-47442.17184685461,-94884.34369370922,0.9996073836088897,-7.089792485283533,0.05499839307810242,161615.9901660864,3959,3288,1512,3396,3345,2018
941,-46717.06675128802,-46717.06675128802,-93434.13350257603,2.5443682657950015,-5.711162679537418,0.055181594761817485,161844.07568633519,3137,4121,1501,3459,3400,1900
942,-41002.63958324799,-41002.63958324799,-82005.27916649598,0.9830155538610921,-6.927776269233117,0.05515928939644008,163175.2542506978,3930,3367,1462,3279,3323,2157
943,-48564.14747930127,-48564.14747930127,-97128.29495860254,0.7719751167036846,-8.533354572104372,0.05510723345568034,163339.46073830395,3186,3953,1620,3676,2708,2375
944,-52414.111492996424,-52414.111492996424,-104828.22298599285,0.9404366467371661,-7.121922925202131,0.05492098521540291,161912.22304312483,4030,3219,1510,3473,3193,2093
945,-42525.643323850265,-42525.643323850265,-85051.28664770053,1.9599892419185656,-5.904040357284405,0.055399325909844754,162804.62421562482,3325,3791,1643,3133,3749,1877
946,-47068.11236246714,-47068.11236246714,-94136.22472493428,1.7711219643474567,-6.1010931142520715,0.054938431960048204,162120.70983245407,3400,3842,1517,3762,2751,2246
947,-51561.5878923095,-51561.5878923095,-103123.175784619,1.4087372600651165,-5.6810573687761865,0.05511802591785338,162025.31321074127,4003,3263,1493,3726,3128,1905
948,-43894.79755691851,-43894.79755691851,-87789.59511383701,2.6551612371792688,-4.8912694257067315,0.05503870060340171,161418.3693498609,3712,3548,1499,4104,2746,1909
949,-44348.936516672045,-44348.936516672045,-88697.87303334409,2.3401439233007455,-6.116411522750506,0.055026472531942636,161202.75801366608,4416,2731,1612,3802,3026,1931
950,-47583.74991766461,-47583.74991766461,-95167.49983532922,1.8645882965077472,-7.6223327715774225,0.05503261238114781,161559.36616562385,3692,3547,1520,3645,3057,2057
951,-45647.59926676535,-45647.59926676535,-91295.1985335307,1.749685330384377,-6.737750015833859,0.054969460155310755,161832.25354693262,4408,2805,1546,3173,3365,2221
952,-44276.89739276344,-44276.89739276344,-88553.79478552689,1.57534313765756,-7.808759110857762,0.054628331485739916,161829.8106497884,3862,3340,1557,3832,2944,1983
953,-46774.96644442283,-46774.96644442283,-93549.93288884567,-0.6052162664608401,-8.40307535918653,0.05500840362630811,162289.49591045492,3540,3656,1563,3417,3022,2320
954,-49359.13883306464,-49359.13883306464,-98718.27766612927,1.398452469248096,-7.536989324285677,0.055006148536095444,161731.78320047067,3081,3970,1708,3232,3829,1698
955,-41324.22685493825,-41324.22685493825,-82648.4537098765,1.3794050734540275,-6.319512422715743,0.055014466947116106,162279.80648722893,3736,3578,1445,4114,2689,1956
956,-48146.020529559544,-48146.020529559544,-96292.04105911909,1.4834742190913701,-7.111437598822682,0.05490748035832971,162021.11516603673,3456,3773,1530,3316,3372,2071
957,-46412.10687368935,-46412.10687368935,-92824.2137473787,2.1743230701558662,-7.915377509315527,0.05503194396491618,161581.4421526618,4250,2850,1659,3998,2906,1855
958,-47667.34496315118,-47667.34496315118,-95334.68992630237,1.1307284026619042,-7.709802858136965,0.05495796389360414,162769.97589939903,3431,3813,1515,3517,3158,2084
959,-43889.16275625898,-43889.16275625898,-87778.32551251796,1.3570049720107917,-7.399484207255585,0.05486629748218693,161438.16736954,3286,3514,1959,3565,3159,2035
960,-41737.0451751655,-41737.0451751655,-83474.090350331,2.333714917049002,-4.771304981262206,0.05504256656419974,161807.88898590414,3298,3715,1746,3389,3452,1918
961,-51314.47327052765,-51314.47327052765,-102628.9465410553,1.833884981197908,-6.615144453143779,0.05479300559208843,162150.51639603483,3361,3907,1491,3509,2908,2342
962,-42335.831609226356,-42335.831609226356,-84671.66321845271,2.344817760178296,-5.847225643478953,0.055186258156467966,162175.01370606836,3395,3832,1532,3686,3355,1718
963,-49207.0679565743,-49207.0679565743,-98414.1359131486,1.7951562214346002,-6.578166730969313,0.05512637523224319,162228.1987105162,4279,2884,1596,3314,3443,2002
964,-46564.5216695359,-46564.5216695359,-93129.0433390718,1.215796845591964,-6.949047116025241,0.05486580087776842,160930.92115660993,3839,3428,1492,3858,2969,1932
965,-44796.49528423137,-44796.49528423137,-89592.99056846274,1.9305522894532152,-5.941316726548707,0.054965282376607055,161911.55292991162,3183,3821,1755,3494,3408,1857
966,-48481.74768038227,-48481.74768038227,-96963.49536076454,0.9085046397722462,-7.87887064642994,0.05508367800541882,162399.77292213906,3409,3839,1511,3344,3186,2229
967,-49470.97649652588,-49470.97649652588,-98941.95299305176,0.708441611122174,-7.0459906117190245,0.05515715311446465,161798.30911534745,3553,3621,1585,3628,2996,2135
968,-42507.64781352155,-42507.64781352155,-85015.2956270431,0.7853368377341847,-6.220243544289348,0.0549617243052687,162308.5665734067,3963,3305,1491,3270,3285,2204
969,-44725.215269924185,-44725.215269924185,-89450.43053984837,1.483202829171722,-6.0835664850944555,0.05494851986950803,161916.96002227283,3312,3980,1467,3591,3209,1959
970,-45419.32213973095,-45419.32213973095,-90838.6442794619,1.3771066675761996,-6.3683087719623765,0.05511974473801763,162636.54421836665,3802,3408,1549,3255,3340,2164
971,-35078.44040015855,-35078.44040015855,-70156.8808003171,1.7557662342272315,-5.565542835404764,0.05493547948643901,161259.61866664205,3439,3762,1558,3522,3369,1868
972,-46086.14985762932,-46086.14985762932,-92172.29971525865,2.1632659808551997,-5.383343473152045,0.05482535204922263,161042.0520270678,3585,3557,1617,3965,3074,1720
973,-45467.58330973417,-45467.58330973417,-90935.16661946833,2.806397460044707,-5.039411412459506,0.054969874164226565,161683.3908405179,3527,3812,1420,3701,3104,1954
974,-36919.79945900715,-36919.79945900715,-73839.5989180143,2.0946698682688147,-5.76914026244585,0.055044835813448906,162435.94832410433,3602,3479,1678,3242,3517,2000
975,-46145.58851096421,-46145.58851096421,-92291.17702192842,2.79068256833099,-5.037879230272902,0.05503395768402221,161493.06020682506,3602,3586,1571,3696,3237,1826
976,-42051.51044230938,-42051.51044230938,-84103.02088461876,1.3278028217880882,-5.9953855360827415,0.05500507387910814,162311.40943805562,4218,2913,1628,3486,3227,2046
977,-39771.93354885321,-39771.93354885321,-79543.86709770642,1.2693889308662278,-5.740518184770823,0.05513272088389543,163640.46057004697,3362,3971,1426,3472,2752,2535
978,-36614.536608875474,-36614.536608875474,-73229.07321775095,1.5043023494796548,-4.730714546656576,0.05525402165028732,162715.9523548435,3646,3659,1454,3502,3245,2012
979,-45173.169907956144,-45173.169907956144,-90346.33981591229,1.5906431125770837,-6.05015223768493,0.05506397511452788,161609.2355340051,3792,3322,1645,3652,3108,1999
980,-44401.42221764422,-44401.42221764422,-88802.84443528844,1.3869024098889178,-6.8628831585220516,0.054995439074669354,162604.28729418523,3191,3927,1641,3298,3231,2230
981,-42745.676909772985,-42745.676909772985,-85491.35381954597,2.021038628043555,-5.139041273271322,0.05507894548074197,162389.74334682236,3566,3698,1495,3304,3472,1983
982,-49365.68808920307,-49365.68808920307,-98731.37617840614,1.9936747326185975,-6.4469289817681155,0.055076250333170734,161564.62046688717,4225,2902,1632,3967,2870,1922
983,-44563.39400353979,-44563.39400353979,-89126.78800707958,1.77333905755631,-5.950242153817208,0.0550116011476214,162819.4024651792,3597,3454,1708,3569,3235,1955
984,-40828.2954989032,-40828.2954989032,-81656.5909978064,1.4869541152527936,-5.157977623609334,0.05499583288269945,162150.96880896928,3389,3804,1566,3514,3378,1867
985,-43658.81359320044,-43658.81359320044,-87317.62718640087,1.7166514128233525,-6.102209289700016,0.054892461587677154,161488.566447042,3436,3934,1389,3693,3123,1943
986,-54356.67948331437,-54356.67948331437,-108713.35896662874,1.2652279588015962,-8.20000363954415,0.05486773997574501,161174.40469673113,4117,2986,1656,4084,2635,2040
987,-41228.3386063089,-41228.3386063089,-82456.6772126178,0.3531486880566069,-6.96246094984117,0.055258000131368466,161620.72802327393,4315,3043,1401,3573,3096,2090
988,-45759.3862716583,-45759.3862716583,-91518.7725433166,0.8804274615171335,-8.012278375483037,0.05505827492796891,162434.71262361837,3569,3597,1593,3509,2939,2311
989,-36659.89639396868,-36659.89639396868,-73319.79278793736,1.720868930164159,-5.183100439091264,0.05488851707981906,161670.71295533,3226,3860,1673,3580,3169,2010
990,-46228.91087553269,-46228.91087553269,-92457.82175106538,0.6910299614390946,-7.022074243209441,0.055165525704472494,162354.0580085116,3404,3748,1607,3549,3177,2033
991,-35319.74614751266,-35319.74614751266,-70639.49229502532,1.0897655072111017,-5.0566747068773825,0.055116395449427,162169.84660043157,3955,3289,1515,3427,3479,1853
992,-40180.76811347678,-40180.76811347678,-80361.53622695355,1.450975410626187,-6.033282681322897,0.0549779856438167,162028.04160867922,3526,3519,1714,3654,3119,1986
993,-42270.398414367715,-42270.398414367715,-84540.79682873543,1.9211767568873586,-6.163451304945152,0.05490868697426222,160983.9172717326,3499,3710,1550,4299,2577,1883
994,-41292.34541489444,-41292.34541489444,-82584.69082978887,1.2544773631738455,-5.9543676461685395,0.05492680178895697,162979.4753894769,3048,4056,1655,3538,2902,2319
995,-49576.787803701496,-49576.787803701496,-99153.57560740299,0.6579901139131087,-7.511113349763078,0.055099700547789954,162388.17823467773,3069,4138,1552,3423,3339,1997
996,-49359.08178264235,-49359.08178264235,-98718.1635652847,1.6483041956791593,-7.866539625077336,0.05498494667914686,162591.1182469206,3430,3717,1612,3240,3623,1896
997,-41509.35132938861,-41509.35132938861,-83018.70265877723,1.6241433236127978,-6.322224910053827,0.054736075165835264,160843.1200675493,3488,3788,1483,4199,2814,1746
998,-42546.692669209064,-42546.692669209064,-85093.38533841813,1.2406273854139003,-6.419169357778684,0.05504517603879174,161704.773128738,3233,4026,1500,3670,3233,1856
999,-45156.234372858526,-45156.234372858526,-90312.46874571705,0.6992482224192081,-6.955501986743263,0.0549904646613293,163193.04415649816,3855,3403,1501,3095,3568,2096
1000,-53173.93542255619,-53173.93542255619,-106347.87084511238,0.2776885105169995,-8.540514032528186,0.055248119904148955,162830.49866024923,3625,3573,1561,3249,3337,2173
1001,-39990.232185346315,-39990.232185346315,-79980.46437069263,0.9023291905833064,-6.315152001312775,0.055020202015462975,162610.19035841557,3886,3191,1682,3294,3253,2212
1002,-41025.8095655566,-41025.8095655566,-82051.6191311132,1.5314149177784262,-5.664955132277737,0.05508772074549997,161619.91184222235,3437,3746,1576,3538,3522,1699
1003,-46087.718054669494,-46087.718054669494,-92175.43610933899,1.3900886169069278,-6.536589931355605,0.05508194255687151,163280.9897265041,3061,4077,1621,3278,3458,2023
1004,-37408.01111887234,-37408.01111887234,-74816.02223774468,-0.05061755371092472,-7.734470991696746,0.05498688247204403,161308.9628352779,3819,3369,1571,3896,2859,2004
1005,-46746.173591749946,-46746.173591749946,-93492.34718349989,2.2018989540455505,-6.066562624502901,0.0549241824058684,161435.2857916299,3398,3825,1536,3705,2896,2158
1006,-41620.94242517571,-41620.94242517571,-83241.88485035142,1.4063290877815733,-5.386363791016732,0.05471918329279154,161974.46906333117,3795,3457,1507,3834,2853,2072
1007,-48715.744350249784,-48715.744350249784,-97431.48870049957,1.1201907444136314,-7.230851473246326,0.05474578282316418,162085.58434045545,4078,3310,1371,3583,2914,2262
1008,-41717.73456158916,-41717.73456158916,-83435.46912317832,1.3688431841316664,-5.583833511293536,0.0551435087878586,162317.74125603357,3291,3869,1599,3820,2980,1959
1009,-43388.656733266806,-43388.656733266806,-86777.31346653361,1.9822262486611972,-5.804870256444811,0.05484594350586254,161706.57328175017,3453,3622,1684,3657,3244,1858
1010,-38732.00964851282,-38732.00964851282,-77464.01929702565,2.4144968521632375,-5.43402780039526,0.05492267802626895,161027.60293001798,3648,3638,1473,3835,3148,1776
1011,-46579.66622264329,-46579.66622264329,-93159.33244528658,0.6077982010056395,-6.743690234881367,0.05500414094665266,162475.41339811287,4295,2918,1546,3304,3276,2179
1012,-36607.73218665617,-36607.73218665617,-73215.46437331234,1.447894254860083,-5.1207397196858055,0.05511396689642727,162095.03679582797,4459,2909,1391,3444,3222,2093
1013,-38117.78239834246,-38117.78239834246,-76235.56479668492,1.0405323141244511,-5.889526144479123,0.0549581464253581,162100.09514161473,3732,3405,1622,3535,3044,2180
1014,-48353.05942452793,-48353.05942452793,-96706.11884905586,0.01710258271620546,-7.541768192674187,0.05522868059554394,163408.10799491356,3871,3296,1592,3206,3142,2411
1015,-36916.95917132479,-36916.95917132479,-73833.91834264957,1.0852135007770565,-6.503335681921847,0.0549936373951249,161422.15262332474,3421,3725,1613,3686,3295,1778
1016,-41175.17627208567,-41175.17627208567,-82350.35254417134,0.8771892709400757,-5.9453310572555385,0.05495885474657616,162335.4921146903,3996,3211,1552,3477,3159,2123
1017,-43239.21569557585,-43239.21569557585,-86478.4313911517,1.08934245445717,-6.252330788674368,0.05506171524691949,161843.68276683948,3919,3216,1624,3443,3312,2004
1018,-39381.944007854865,-39381.944007854865,-78763.88801570973,1.2544339613259752,-5.802783198607126,0.05464980434120701,161561.5608873064,3820,3391,1548,3387,3242,2130
1019,-42177.254556064065,-42177.254556064065,-84354.50911212813,2.2907559778843987,-5.2963309667251375,0.054964735148195644,162477.69748397492,3751,3544,1464,3636,3147,1976
1020,-43719.28791621918,-43719.28791621918,-87438.57583243836,1.1562658415695641,-7.067996170763785,0.05494632332791181,161957.41118498342,4142,3232,1385,3600,3077,2082
1021,-49396.52457149906,-49396.52457149906,-98793.04914299812,-0.10468521479648694,-9.046717682211774,0.05478539486630915,163100.35708131394,3290,3937,1532,3624,2810,2325
1022,-39663.389063663555,-39663.389063663555,-79326.77812732711,0.7233717293099892,-6.701991117555337,0.054966135684711294,162477.8423366595,3290,3949,1520,3416,3362,1981
1023,-38324.197298815845,-38324.197298815845,-76648.39459763169,1.5234215502159818,-5.942488447792901,0.05489544565673548,161735.07021525328,3285,4084,1390,4072,2583,2104
1024,-45642.115899970144,-45642.115899970144,-91284.23179994029,1.7073981904389617,-6.674616367480996,0.054977744753711984,161643.2063037372,3447,3832,1480,3730,3123,1906
1025,-45463.8051467738,-45463.8051467738,-90927.6102935476,-0.06954839306553351,-8.05902710408665,0.05496619378344778,162750.88958281855,3438,3755,1566,3448,3074,2237
1026,-35342.14731397778,-35342.14731397778,-70684.29462795556,1.0970219658219427,-5.768464106717957,0.05492829254488156,161558.8060504268,4042,3178,1539,3852,2878,2029
1027,-39915.192457701894,-39915.192457701894,-79830.38491540379,1.542465566570822,-6.122178636306076,0.055046403404003075,162123.01404525596,4297,3061,1401,3155,3441,2163
1028,-34762.896333997414,-34762.896333997414,-69525.79266799483,1.6959904995523685,-4.726700914236486,0.055136940750744226,161780.11497622036,3078,4280,1401,3937,3073,1749
1029,-39474.90039298754,-39474.90039298754,-78949.80078597508,1.2259351507774108,-4.704239697966878,0.05506390800344076,162502.62554612738,4188,2890,1681,3113,3492,2154
1030,-42211.776995518725,-42211.776995518725,-84423.55399103745,1.003308423420824,-6.75158453062158,0.055041480839520054,162201.5457522525,3794,3448,1517,3600,3222,1937
1031,-38290.75223069727,-38290.75223069727,-76581.50446139454,1.1483359240913729,-4.814803193120088,0.05490071471678264,161200.65474580365,3606,3731,1422,3774,2979,2006
1032,-39108.64914918849,-39108.64914918849,-78217.29829837698,1.094327224675355,-5.226811085291119,0.05502460158065816,161969.40437276068,4083,3153,1523,3609,3131,2019
1033,-46401.640900911065,-46401.640900911065,-92803.28180182213,1.3578880068197907,-6.937730374362211,0.05486707422632163,162145.05196987523,3841,3397,1521,3613,3058,2088
1034,-43509.146011046425,-43509.146011046425,-87018.29202209285,1.454750482347532,-6.1307084915788685,0.05485491232357589,161258.57414051212,3810,3285,1664,3761,2879,2119
1035,-42133.91409654367,-42133.91409654367,-84267.82819308733,1.2906015802345132,-5.994119561762192,0.05493110281404564,161153.12601776604,3778,3490,1491,4127,2815,1817
1036,-37932.9151901685,-37932.9151901685,-75865.830380337,0.647645115791782,-6.104737319825266,0.054939256803710014,162050.52663643198,3323,3879,1557,3724,2866,2169
1037,-41037.79418796394,-41037.79418796394,-82075.58837592788,1.6501759906801905,-5.652487093990409,0.05508515118739286,161543.01055372457,3648,3551,1560,3794,3102,1863
1038,-42181.32441423022,-42181.32441423022,-84362.64882846044,2.6443666541360975,-5.311547184285571,0.05492986471987635,161166.39230797288,4564,2687,1508,3841,3103,1815
1039,-40664.60070759054,-40664.60070759054,-81329.20141518109,0.7948122765108826,-6.697197628511269,0.054921153691604586,162223.45632963043,3459,3780,1520,3549,3126,2084
1040,-36276.88494790099,-36276.88494790099,-72553.76989580198,1.7564280976490103,-5.203911624244866,0.05513838067482263,161985.23386371759,4267,3103,1389,3480,3481,1798
1041,-42692.89302084219,-42692.89302084219,-85385.78604168438,1.4512249117979412,-5.8700171697238215,0.05536138679246381,162866.00834880513,2764,4295,1700,3441,3478,1840
1042,-41656.21420109069,-41656.21420109069,-83312.42840218138,1.9598457451552078,-6.480298641613016,0.05496065094428237,161576.9287655489,4006,3266,1487,3644,3151,1964
1043,-37846.901957384165,-37846.901957384165,-75693.80391476833,1.414512033368308,-5.04223907843871,0.054841136622219684,162118.07276091288,3855,3386,1518,3520,3158,2081
1044,-41557.74526121249,-41557.74526121249,-83115.49052242498,0.31348423296794736,-6.947642253360706,0.05508232342797252,162829.26591220932,3346,3962,1451,3192,3293,2274
1045,-38721.9210559935,-38721.9210559935,-77443.842111987,0.7630743512191327,-6.323400343635588,0.055039217979413003,162503.4714922492,2905,4412,1442,3386,2950,2423
1046,-40124.93095719751,-40124.93095719751,-80249.86191439502,1.1244210579585594,-7.803429009671076,0.05486298461538817,162328.39687472832,3835,3361,1563,3972,2738,2049
1047,-44517.78497806496,-44517.78497806496,-89035.56995612993,0.18089744092880597,-7.254741359339631,0.055210204367186905,163333.80993668703,3793,3389,1577,3496,3237,2026
1048,-38666.76971983314,-38666.76971983314,-77333.53943966627,0.3528664760685717,-6.28813824744959,0.05498071026930959,162213.76236629006,4708,2583,1468,3810,2748,2201
1049,-46836.249809846675,-46836.249809846675,-93672.49961969335,-0.11772779695072269,-7.8661292763123605,0.05489572263544057,162005.41968576427,3882,3428,1449,3599,2852,2308
1050,-36572.9273008797,-36572.9273008797,-73145.8546017594,0.10565183040646724,-6.191338756842309,0.05475969414646222,161127.54205943955,4303,3047,1409,3705,3025,2029
1051,-43249.392570219075,-43249.392570219075,-86498.78514043815,0.9428950752948297,-6.3920641736359585,0.05502898927829687,162282.00837362558,4148,3268,1343,3519,3133,2107
1052,-43462.2897370468,-43462.2897370468,-86924.5794740936,1.072008342894824,-6.709351518995787,0.05511114682239264,163506.50091560627,3524,3921,1314,3443,3177,2139
1053,-41592.866041768095,-41592.866041768095,-83185.73208353619,0.8897499120973916,-5.968598386485134,0.05501403125786485,161730.90352626366,3798,3311,1650,3340,3605,1814
1054,-38200.1236290379,-38200.1236290379,-76400.2472580758,1.1465801289091773,-5.359258980020775,0.05487251655484294,161847.8308768669,4010,3293,1456,3737,3065,1957
1055,-36987.42551340235,-36987.42551340235,-73974.8510268047,1.3444726576060253,-4.847675160207699,0.05511266845124822,162594.72280451603,3707,3520,1532,3286,3480,1993
1056,-37395.32016485108,-37395.32016485108,-74790.64032970216,1.358386008007084,-5.76762549966255,0.05485768824200562,161399.85169834897,3873,3519,1367,3476,3261,2022
1057,-39435.159674284005,-39435.159674284005,-78870.31934856801,1.4282951774597656,-5.293955461464544,0.05506952923342076,161812.82780800413,4100,3114,1545,3484,3156,2119
1058,-40228.45275982581,-40228.45275982581,-80456.90551965161,0.9568852464899152,-6.0968732073687955,0.05492495780216528,162912.859040907,3400,3740,1619,3407,2919,2433
1059,-32928.98794691917,-32928.98794691917,-65857.97589383835,1.109234936450466,-5.034877380793488,0.05503785911787561,161171.25957554684,3788,3400,1571,3404,3565,1790
1060,-37075.44543655757,-37075.44543655757,-74150.89087311515,2.4137805986936876,-5.093919836089066,0.05491210967490987,161695.8824437136,3556,3783,1420,3877,2990,1892
1061,-43514.236202818596,-43514.236202818596,-87028.47240563719,1.8678626711263213,-5.3578363224773655,0.055067216872282415,162035.5116337886,3149,4075,1535,3772,2885,2102
1062,-37283.484655779095,-37283.484655779095,-74566.96931155819,1.2968721409967494,-5.791836257064442,0.05493184898982459,160932.20552803917,3895,3222,1642,3780,2968,2011
1063,-33871.045374319896,-33871.045374319896,-67742.09074863979,1.9457536205270474,-4.296228577828199,0.05538250419419127,161928.39678648475,3820,3555,1384,3343,3777,1639
1064,-37999.73206263632,-37999.73206263632,-75999.46412527264,1.3424175044620543,-5.434301261366642,0.05507122252875526,162242.30432060477,3766,3495,1498,3613,3348,1798
1065,-42412.679333097054,-42412.679333097054,-84825.35866619411,0.0474850562975335,-6.949426912040028,0.055073476251093545,162719.69519593558,3645,3751,1363,3596,3031,2132
1066,-37779.33139404688,-37779.33139404688,-75558.66278809376,0.7598494623714179,-6.108249289816986,0.05493712405421454,162519.6461905127,3172,4215,1372,3508,3302,1949
1067,-47472.63351127092,-47472.63351127092,-94945.26702254184,0.24006310623588487,-7.501101859407739,0.055131312715422695,162926.21714048868,3998,3279,1482,2970,3488,2301
1068,-40740.88695762059,-40740.88695762059,-81481.77391524118,0.16471768219319138,-6.901082142001654,0.055096436796436075,162276.68550537238,3066,4222,1471,3633,3063,2063
1069,-44819.27708671174,-44819.27708671174,-89638.55417342349,0.5189132110292028,-7.104713633553214,0.054927000248013565,162934.44091501337,3743,3603,1413,3409,3121,2229
1070,-41723.36004379393,-41723.36004379393,-83446.72008758786,0.6923418825921432,-6.455085030785932,0.05502254956471088,162843.51222635893,3248,4006,1505,3461,3123,2175
1071,-29196.11850670468,-29196.11850670468,-58392.23701340936,1.2466089550797936,-4.58918792901812,0.055115344580058484,161678.26782394302,3375,3980,1404,3796,3149,1814
1072,-41889.07632213833,-41889.07632213833,-83778.15264427666,0.25537536634631397,-6.028295559182376,0.05482093572401502,163042.60780744423,3691,3339,1729,3556,2923,2280
1073,-32366.97776930751,-32366.97776930751,-64733.95553861502,1.349635706922213,-5.363115774668461,0.05506125742814387,161233.30239274728,3929,3336,1494,3611,3448,1700
1074,-35916.4302763557,-35916.4302763557,-71832.8605527114,0.7957271373616281,-5.735918134033578,0.05501269573269078,162744.50610174515,3287,3914,1558,3535,3115,2109
1075,-44991.0565469918,-44991.0565469918,-89982.1130939836,0.0398260766343586,-7.589617211234034,0.05500707646430133,162776.87541703603,3138,4163,1458,3264,3319,2176
1076,-34266.118131423085,-34266.118131423085,-68532.23626284617,1.6906488391172076,-4.313470827390826,0.05494370055009732,162792.66229639048,3515,3797,1447,3889,2697,2173
1077,-38120.48763381088,-38120.48763381088,-76240.97526762176,2.2228720661550443,-5.6233396119042425,0.05514889121950528,162239.4407101008,3925,3447,1387,3424,3440,1895
1078,-39488.97191842607,-39488.97191842607,-78977.94383685214,1.598030102751398,-6.425394286689231,0.05488196484047335,162166.2093790402,4080,3345,1334,3624,2860,2275
1079,-33723.474707238565,-33723.474707238565,-67446.94941447713,1.642824239728982,-4.595012967893154,0.05494998215472208,162258.60258848016,3799,3614,1346,3501,3230,2028
1080,-33941.29767522675,-33941.29767522675,-67882.5953504535,2.1186281478082076,-4.246113477263311,0.05483769613687659,161704.8103964349,3699,3593,1467,3585,3315,1859
1081,-42602.80600714362,-42602.80600714362,-85205.61201428724,1.518621677475246,-5.691036414031007,0.05503061032094582,161859.85869479476,4019,3352,1388,3626,3404,1729
1082,-38274.94101351294,-38274.94101351294,-76549.88202702587,1.7892022161274002,-5.3898261425299,0.05502419055169825,161773.08725988003,4192,3102,1465,3537,3312,1910
1083,-35392.57843009016,-35392.57843009016,-70785.15686018032,1.4639892265584569,-5.306078424670381,0.0548344634661894,161095.19004290018,4207,3128,1424,3689,3450,1620
1084,-40441.47665516717,-40441.47665516717,-80882.95331033434,0.08150339419833033,-7.215002056556114,0.0550154177688512,161325.74382035428,3371,3931,1457,3912,2864,1983
1085,-39531.04558123589,-39531.04558123589,-79062.09116247178,-0.20993287365834853,-7.6392208882046315,0.05511404787309363,162680.57479157558,3920,3289,1550,3060,3565,2134
1086,-34248.80850633076,-34248.80850633076,-68497.61701266152,0.8152911295882068,-5.694365887380044,0.054924432613024717,162311.53726747006,4042,3318,1399,3650,3036,2073
1087,-32169.426986358212,-32169.426986358212,-64338.853972716424,0.9726982146291682,-5.6194738994813145,0.05482000948169724,161887.5988599505,3707,3576,1476,4079,2764,1916
1088,-41991.05980197252,-41991.05980197252,-83982.11960394504,0.7862678257976403,-5.563431012023752,0.05509631528784504,162815.19319653057,3390,3742,1627,3700,2881,2178
1089,-41129.971468371776,-41129.971468371776,-82259.94293674355,0.7779779454305766,-6.919697526901054,0.055179578413450385,161309.0898679924,4331,2837,1591,3827,3200,1732
1090,-40052.39759831059,-40052.39759831059,-80104.79519662118,0.7236022142648332,-5.933484539951806,0.055132025865432636,161135.594705996,3218,4137,1404,3536,3477,1746
1091,-35376.76347470933,-35376.76347470933,-70753.52694941867,1.1006103993074656,-5.446742882812597,0.05503371814290001,162217.7095149578,3275,3985,1499,3470,3457,1832
1092,-39733.828448651264,-39733.828448651264,-79467.65689730253,1.366955922164293,-6.012688570655106,0.05504523316118374,162308.3074904277,3237,4148,1374,3384,3489,1886
1093,-25590.748322640076,-25590.748322640076,-51181.49664528015,1.5313944151529826,-4.340868403205425,0.05514696806113036,162612.55431082545,4080,3121,1558,3418,3468,1873
1094,-32267.820797308086,-32267.820797308086,-64535.64159461617,1.242398556622167,-5.263189288846609,0.0550394018146337,161464.4093255195,3583,3819,1357,3811,3096,1852
1095,-33478.04051557746,-33478.04051557746,-66956.08103115491,1.3818808710745678,-4.270696612308997,0.05507105234096869,162080.02117996634,3064,4377,1318,3035,3687,2037
1096,-36298.86286073348,-36298.86286073348,-72597.72572146697,1.9327467662740854,-5.420839763960759,0.05511960750811418,161620.27973981528,3719,3447,1593,3858,3066,1835
1097,-34728.72152321218,-34728.72152321218,-69457.44304642436,1.897108636177964,-5.358632794228939,0.055001695112966716,162250.98525325893,3904,3384,1471,3891,3108,1760
1098,-37312.714622991916,-37312.714622991916,-74625.42924598383,1.0297924005490064,-5.215141184684756,0.055125648761680184,162556.30347503087,4194,3088,1477,3208,3636,1915
1099,-37903.583229561744,-37903.583229561744,-75807.16645912349,1.0441497530448136,-5.515306313773521,0.054977225128965905,162211.9536815254,3351,4021,1387,3501,3124,2134
1100,-35943.78890578543,-35943.78890578543,-71887.57781157087,1.2388695377994488,-5.260568296162575,0.05501287476579697,161874.4569023344,4240,3226,1293,3268,3579,1912
1101,-33872.38165471074,-33872.38165471074,-67744.76330942148,1.5188693549857935,-5.6720064873709815,0.055054846160877025,161848.016991825,3028,4268,1463,3892,3108,1759
1102,-36006.46147838339,-36006.46147838339,-72012.92295676678,2.0976140645393655,-4.101585717779768,0.055052110295833144,162302.313592926,3946,3354,1459,3344,3494,1921
1103,-35800.02794015123,-35800.02794015123,-71600.05588030246,1.7566284773155274,-4.971674671835206,0.054879586154145676,161689.01903966084,3206,3991,1562,3484,3416,1859
1104,-33437.14290365236,-33437.14290365236,-66874.28580730472,1.482337911565856,-5.261899409252875,0.05493393247206477,162389.43007502015,3875,3542,1342,3520,3351,1888
1105,-35557.7151356032,-35557.7151356032,-71115.4302712064,1.3970532795135238,-6.05220738113508,0.054843767014955955,161712.92872316105,3443,3714,1602,3621,2929,2209
1106,-34622.184272809565,-34622.184272809565,-69244.36854561913,0.9999601244176737,-6.127069104519209,0.05477667869356843,161597.2060112114,4060,3216,1483,3829,2863,2067
1107,-37287.408831587054,-37287.408831587054,-74574.81766317411,0.270382606230305,-6.642373518422482,0.0550530493377582,162372.83650906562,3502,3736,1521,3282,3599,1878
1108,-34904.77414160758,-34904.77414160758,-69809.54828321516,0.8333079090774892,-5.887968947931414,0.05504106785566131,162062.25538584625,3629,3682,1448,3442,3371,1946
1109,-40882.17604492514,-40882.17604492514,-81764.35208985028,0.6490650834457673,-6.736433654853052,0.055105969945738464,161338.0058955531,3513,3845,1401,4123,2911,1725
1110,-35769.75290164321,-35769.75290164321,-71539.50580328642,1.4639126218491134,-4.638444182696699,0.05488148234108781,161825.19947187323,4362,3028,1369,4009,2798,1952
1111,-32603.869132543692,-32603.869132543692,-65207.738265087384,1.7272017567260483,-5.850201133831793,0.05499934033012134,162192.5319419558,3208,3926,1625,3433,3479,1847
1112,-35556.81800680842,-35556.81800680842,-71113.63601361684,1.054101709630765,-5.871329928117205,0.05493703153594994,162565.7673911706,3215,4166,1378,3939,2723,2097
1113,-38091.265228188415,-38091.265228188415,-76182.53045637683,0.1455108639271048,-6.157133177748364,0.055004349867343524,161861.63531334393,3418,3950,1391,3919,2920,1920
1114,-42087.07421678862,-42087.07421678862,-84174.14843357724,0.9769345549368126,-5.304500984398064,0.05518906565140854,162931.35797200075,3487,3705,1567,3422,3483,1854
1115,-30864.43016007717,-30864.43016007717,-61728.86032015434,2.0213256016995667,-5.141080669914887,0.05477531633483351,161352.85832472355,3331,3950,1478,4190,2812,1757
1116,-36230.63699712031,-36230.63699712031,-72461.27399424062,1.3554441821558207,-5.619483523782392,0.054953901936862136,162468.071932623,4678,2792,1289,3485,3280,1994
1117,-36875.619401254095,-36875.619401254095,-73751.23880250819,0.7648298704825155,-5.8114027134223525,0.05491950088703401,162043.44065315145,4137,3210,1412,4006,2717,2036
1118,-34763.297410905,-34763.297410905,-69526.59482181,0.811618608487354,-5.387563240913785,0.05515839107662785,163421.44231412353,3917,3432,1410,3195,3492,2072
1119,-38331.67791610487,-38331.67791610487,-76663.35583220974,1.180157898702898,-6.27797469066371,0.054914199211078124,161507.28070974915,4168,3222,1369,3744,2953,2062
1120,-37183.47589314091,-37183.47589314091,-74366.95178628182,0.9289930061812819,-6.206954172299044,0.054976458668718475,162065.750157495,3485,3828,1446,3389,3081,2289
1121,-35197.40776947499,-35197.40776947499,-70394.81553894997,1.3940929533941453,-4.684404858859709,0.05504160718231506,162033.30101627955,3833,3607,1319,3382,3467,1910
1122,-29557.51270191004,-29557.51270191004,-59115.02540382008,2.405026579638824,-4.863476564247288,0.05492363043227681,162194.5454182572,3825,3618,1316,3828,3084,1847
1123,-34063.018828590495,-34063.018828590495,-68126.03765718099,1.9536901437013876,-4.914224138294268,0.054946078943280574,161881.55869656315,3247,4075,1437,3793,3050,1916
1124,-37116.87141280549,-37116.87141280549,-74233.74282561099,2.5189557854518188,-4.705165372330877,0.05496915909641075,162089.44543406233,3774,3493,1492,3810,3126,1823
1125,-42325.70866581164,-42325.70866581164,-84651.41733162328,0.5318950703234492,-6.846676985671494,0.055063760643868455,162225.31377748147,3562,3670,1527,3209,3545,2005
1126,-36750.986998033404,-36750.986998033404,-73501.97399606681,1.0542798080999407,-5.321761116916413,0.055220343273843606,162959.57731616555,3252,3937,1570,3123,3681,1955
1127,-28392.899330990025,-28392.899330990025,-56785.79866198005,1.489124788395806,-4.935252879035655,0.05497861034269502,162468.40870059974,3401,3977,1381,3238,3572,1949
1128,-34963.25711695527,-34963.25711695527,-69926.51423391054,1.1571691427026842,-6.201949691017637,0.05503058201057856,161769.06518353327,4225,3115,1419,3817,3070,1872
1129,-38368.25579263317,-38368.25579263317,-76736.51158526634,1.40571591317121,-6.152150300135287,0.05498814957547205,161271.9331475915,3729,3640,1390,3729,3043,1987
1130,-31074.471105662597,-31074.471105662597,-62148.94221132519,0.7040478953308766,-5.133824002938329,0.05507923305676461,162316.43937662695,3936,3320,1503,3818,2997,1944
1131,-33097.98470568635,-33097.98470568635,-66195.9694113727,0.7499251218773768,-5.582143925988352,0.05516443067124923,161572.96340450118,3931,3337,1491,3258,3863,1638
1132,-41772.92409187992,-41772.92409187992,-83545.84818375984,0.25334997217541466,-7.742715013797663,0.055051297090151594,163131.62919368275,3083,4047,1629,3462,2939,2358
1133,-30641.777512409146,-30641.777512409146,-61283.55502481829,1.3725066805506132,-5.193370884743633,0.0548459571610227,160693.96210758784,4067,3353,1339,4131,3042,1586
1134,-29992.448850032953,-29992.448850032953,-59984.89770006591,0.9382791854245691,-5.4594536017536655,0.0549877441084395,161589.620398195,3868,3545,1346,3734,3100,1925
1135,-38359.5213445789,-38359.5213445789,-76719.0426891578,1.7197834378250767,-5.507155733642684,0.054820506365640176,162208.75240275788,3058,4420,1281,3412,3175,2172
1136,-32708.3118114679,-32708.3118114679,-65416.6236229358,1.6397427410463743,-5.007158720676054,0.055037187377051607,161447.7230766761,3613,3830,1316,3765,3147,1847
1137,-31967.45093704009,-31967.45093704009,-63934.90187408018,1.1523148313644198,-5.044192417854507,0.05513629140335506,161986.4800937559,3115,4252,1392,3555,3372,1832
1138,-29215.605471579267,-29215.605471579267,-58431.210943158534,1.6080069750770891,-3.8761721357010135,0.05530843950099192,162271.47533911446,3610,3795,1354,3792,3368,1599
1139,-35418.39524084673,-35418.39524084673,-70836.79048169346,1.5545122832131364,-4.661148899990891,0.05503332453396828,162609.72856482462,3517,3767,1475,3569,3037,2153
1140,-38963.00233316492,-38963.00233316492,-77926.00466632984,1.9578568917045112,-4.567930767657617,0.0548659641512967,161399.0337257564,3985,3328,1446,3799,3052,1908
1141,-34245.70531407803,-34245.70531407803,-68491.41062815607,0.9129572973116066,-5.239632985488102,0.05491703973256897,162279.39673063008,4072,3395,1292,3450,3195,2114
1142,-38017.26688557754,-38017.26688557754,-76034.53377115508,0.7693223842026875,-5.5726108098036224,0.05512619452544621,163649.80893211812,3530,3842,1387,3259,3235,2265
1143,-30419.951064294968,-30419.951064294968,-60839.902128589936,1.2694704854994057,-4.559552333455336,0.054940917981627854,162050.20904223807,3056,4245,1458,3776,3074,1909
1144,-38771.42868560815,-38771.42868560815,-77542.8573712163,1.0993551453963768,-5.747747537462845,0.054954046765668806,162471.03021583272,3765,3575,1419,3503,3258,1998
1145,-26583.523468515632,-26583.523468515632,-53167.046937031264,1.5016935310895096,-3.732556898818263,0.054896986049168664,160630.19478311317,4099,3392,1268,4371,2656,1732
1146,-29783.98455774512,-29783.98455774512,-59567.96911549024,2.127763996701949,-3.9736115905683067,0.054961387213343586,161383.02308487226,3604,3750,1405,3837,3311,1611
1147,-42532.95937037048,-42532.95937037048,-85065.91874074096,0.7712432214753957,-6.491082575006189,0.0549387399704157,162418.90174715937,4478,2946,1335,3398,3085,2276
1148,-34577.393575367176,-34577.393575367176,-69154.78715073435,2.7698917484972005,-4.650902266329962,0.05493132203433005,161678.87436626913,4069,3491,1199,3664,3009,2086
1149,-33084.97186095335,-33084.97186095335,-66169.9437219067,1.5165679768883071,-5.199644420669292,0.05504858569333941,162296.99947891195,3696,3709,1354,3374,3135,2250
1150,-31679.548046193082,-31679.548046193082,-63359.096092386164,1.5265730758252392,-4.228045039638819,0.05516565899245381,162679.79860119865,4238,3143,1378,3344,3430,1985
1151,-42937.9737422766,-42937.9737422766,-85875.9474845532,1.533986959886501,-5.940166122759386,0.054862864831742124,162991.71143838673,4032,3366,1361,3359,2932,2468
1152,-40239.92159319332,-40239.92159319332,-80479.84318638664,1.7115381840227533,-4.854858443167625,0.05492091107827741,161654.8221992868,3242,4074,1443,3927,3043,1789
1153,-39664.78444488086,-39664.78444488086,-79329.56888976172,0.7802999660901293,-5.511206943441094,0.0550614707248499,162706.4530788512,3579,3599,1581,3548,3055,2156
1154,-31686.762708965492,-31686.762708965492,-63373.525417930985,1.4519492112249717,-4.943716114797484,0.054890853714464,162991.58617875067,3579,3664,1516,3489,3077,2193
1155,-34479.707623064205,-34479.707623064205,-68959.41524612841,1.8800210886886717,-4.3731157846009046,0.05499507877721267,161771.10873453366,3385,3896,1478,3920,2959,1880
1156,-31134.571397047737,-31134.571397047737,-62269.142794095475,1.9695524045023163,-4.008214393593028,0.05492611146789447,161579.33812818464,3356,4154,1249,3205,3427,2127
1157,-40270.57689853454,-40270.57689853454,-80541.15379706908,1.66169675628603,-6.020066153502684,0.05491366551905648,162151.94208430048,4445,2912,1402,3549,3072,2138
1158,-31137.082147025572,-31137.082147025572,-62274.164294051145,0.4300797920953239,-5.724813446569168,0.055181860971903994,162749.31912921558,4510,2782,1467,3297,3501,1961
1159,-33178.50385132131,-33178.50385132131,-66357.00770264262,1.4170831822618137,-4.902274774201305,0.05498668276358916,161620.68805015585,3353,3797,1609,4095,2704,1960
1160,-33645.612543499876,-33645.612543499876,-67291.22508699975,0.1557232435176436,-6.637029772173041,0.05486889242747324,162248.9528922518,4361,3071,1327,3630,2725,2404
1161,-34723.40990412206,-34723.40990412206,-69446.81980824412,0.8308069616874297,-5.846691087957925,0.05489586194088731,162280.59893991463,3393,3927,1439,3783,2592,2384
1162,-31962.507664745997,-31962.507664745997,-63925.015329491995,0.5786943851041256,-5.556257781393933,0.05499052832904767,162407.1641091842,4409,2979,1371,3696,2756,2307
1163,-36787.35379021107,-36787.35379021107,-73574.70758042214,-0.1474917729656659,-6.639999447542596,0.05537451067212188,163736.7845754614,3906,3341,1512,3263,3008,2488
1164,-30691.77264556002,-30691.77264556002,-61383.54529112004,1.1095018459779704,-4.377772616023765,0.05495821459609117,161762.39761923472,3780,3602,1377,3495,3164,2100
1165,-28619.458483036968,-28619.458483036968,-57238.916966073935,1.7428658574058347,-3.6404412708414435,0.05498116180610598,161572.97491496784,3776,3632,1351,3672,3372,1715
1166,-29194.095856163323,-29194.095856163323,-58388.19171232665,0.9387474191122707,-4.094574294174073,0.055013957797892414,160922.65092215498,4445,3129,1185,4199,2893,1667
1167,-36073.36383137336,-36073.36383137336,-72146.72766274672,-0.0954815210331898,-6.383884245359294,0.05491242287796287,161550.7741906715,4504,2768,1487,4113,2644,2002
1168,-32840.843783535536,-32840.843783535536,-65681.68756707107,0.7651974852304392,-4.5407224226868435,0.05520426592928597,162323.96440950243,4447,2814,1498,3255,3511,1993
1169,-38382.12200293257,-38382.12200293257,-76764.24400586514,0.5492992813674585,-5.723931737078048,0.05504306119175308,162652.14932927216,3358,4083,1318,3503,2958,2298
1170,-34438.77243028391,-34438.77243028391,-68877.54486056782,0.4017015299022242,-5.707622177413025,0.05496455206199357,161631.43677367404,3448,3839,1472,3800,2994,1965
1171,-31452.192870579845,-31452.192870579845,-62904.38574115969,0.25096546228905603,-5.101373152553424,0.05516221156217624,162603.86816660035,3623,3696,1440,3447,3424,1888
1172,-37843.09212698863,-37843.09212698863,-75686.18425397726,0.8370315811757293,-5.2868592176573115,0.05495076720099332,161809.36251150485,3643,3776,1340,3600,3223,1936
1173,-25953.39760163758,-25953.39760163758,-51906.79520327516,1.327905996870727,-4.369104597028596,0.05492192312163998,162178.1732691986,3414,3856,1489,3989,3038,1732
1174,-34547.65990016493,-34547.65990016493,-69095.31980032986,1.048815482441141,-5.081853469252093,0.055078963842941225,162071.02274304492,3437,4094,1228,4110,2519,2130
1175,-33123.05963610354,-33123.05963610354,-66246.11927220708,0.07433144943594369,-5.829519125009195,0.055165209194618946,162596.86243879463,3321,4084,1354,3751,2973,2035
1176,-26817.822773928576,-26817.822773928576,-53635.64554785715,1.3866387367460444,-3.439154648365937,0.05524603351972411,162536.88465976325,3358,4187,1214,3589,3345,1825
1177,-35836.78525965549,-35836.78525965549,-71673.57051931098,-0.31377114784418414,-6.673671970698368,0.054958252951920514,161398.8744537666,3720,3704,1335,3520,3356,1883
1178,-38987.492389590865,-38987.492389590865,-77974.98477918173,1.5332131148387234,-5.517533386332552,0.05499276915112804,161886.79433921355,3713,3587,1459,3590,3182,1987
1179,-30529.399722411268,-30529.399722411268,-61058.799444822536,0.6473119050639811,-4.887426798561555,0.05509344090850797,162275.42024046433,3841,3560,1358,3403,3410,1946
1180,-35649.589307121525,-35649.589307121525,-71299.17861424305,0.8087383958650853,-4.735252450630508,0.055047473874385834,163134.32820642448,3780,3500,1479,3151,3353,2255
1181,-38734.04377180988,-38734.04377180988,-77468.08754361975,0.49537783732563506,-6.679442888183853,0.05500154741611004,162503.1458885055,3620,3535,1604,3560,3171,2028
1182,-26078.823058747283,-26078.823058747283,-52157.646117494565,0.5206784704801581,-4.73395476103462,0.05474622170997587,160701.7254847221,3319,4125,1315,3895,3121,1743
1183,-30017.220295436342,-30017.220295436342,-60034.440590872684,0.3308185015794096,-4.805684492163026,0.05512128332543098,163149.12041490042,3580,3796,1383,3380,3339,2040
1184,-32054.67022120217,-32054.67022120217,-64109.34044240434,0.9650229789051631,-6.1791059875569285,0.05502268822166297,162667.14547929628,3042,4252,1465,3289,3408,2062
1185,-36411.17961269276,-36411.17961269276,-72822.35922538552,1.4151835282597371,-5.744503732496728,0.05504399179258571,162145.79968216634,3956,3276,1527,3481,3353,1925
1186,-36275.45405894233,-36275.45405894233,-72550.90811788465,0.8157884221296601,-4.8567862304123945,0.055138341272761654,162126.14264518046,4147,3250,1362,3229,3438,2092
1187,-35460.49144936317,-35460.49144936317,-70920.98289872635,0.8526128671296674,-5.9362279756130265,0.054954716297553934,161452.10970548986,5063,2355,1341,3267,3560,1932
1188,-29604.321007384347,-29604.321007384347,-59208.642014768695,0.7856413087643446,-5.080158359832736,0.054974760591908776,161976.80022659432,3771,3673,1315,3432,3376,1951
1189,-41323.65292252176,-41323.65292252176,-82647.30584504352,-0.043506891162727886,-8.064612520520601,0.055072519317395305,162944.24992487195,3513,3853,1393,3151,3447,2161
1190,-29897.696767313268,-29897.696767313268,-59795.393534626535,1.6388641202540857,-3.994560961228022,0.05488031921475761,161791.74289854823,3571,3765,1423,3949,2945,1865
1191,-33982.849362779954,-33982.849362779954,-67965.69872555991,0.47551843922924864,-6.127298021569009,0.05477855893601203,160959.4608997109,4186,3239,1334,4241,2632,1886
1192,-24783.2205064922,-24783.2205064922,-49566.4410129844,1.0406976500592635,-3.3214166484015193,0.0548902702932956,161450.1532422346,3997,3273,1489,4388,2518,1853
1193,-30197.374268263306,-30197.374268263306,-60394.74853652661,1.0248295597488768,-4.415425657870896,0.054911865222135176,161944.1329405983,3517,3915,1327,3850,2929,1980
1194,-35287.377437902665,-35287.377437902665,-70574.75487580533,0.8735063435858406,-6.2662873657398,0.055016521391006434,160798.5932868927,4424,3044,1291,3728,3287,1744
1195,-34958.81266074814,-34958.81266074814,-69917.62532149628,1.233117065183139,-4.670489317598415,0.05530188950864049,161417.4450812408,4613,2822,1324,3711,3425,1623
1196,-29694.228839055075,-29694.228839055075,-59388.45767811015,0.3954788726525959,-4.865511529105135,0.054987233819853015,160584.19722699825,3826,3569,1364,3801,3163,1795
1197,-40299.28678391851,-40299.28678391851,-80598.57356783703,0.8403840998397923,-6.643610845456167,0.0551516401444591,162115.09455433508,3844,3283,1632,3603,2932,2224
1198,-25049.600757802527,-25049.600757802527,-50099.201515605055,1.000053164798505,-3.702256400005841,0.05500223845869097,162940.98278940146,3831,3748,1180,3614,3106,2039
1199,-36884.04915540254,-36884.04915540254,-73768.09831080509,-0.6577038556607828,-6.879446368904859,0.055050295933111705,162311.15370453952,3788,3607,1364,3205,3228,2326
1200,-36402.308178157,-36402.308178157,-72804.616356314,-0.08734363012782617,-7.158139149500043,0.0548553707025602,161513.86104213382,3583,3864,1312,3496,3547,1716
1201,-29393.449216427263,-29393.449216427263,-58786.89843285453,0.819161937136703,-4.352870710481011,0.05498336048814453,161804.54065118695,3795,3660,1304,3550,3255,1954
1202,-32509.474295646552,-32509.474295646552,-65018.948591293105,1.0403570089341316,-5.612487006487651,0.05516497181224049,162765.46788369297,3723,3664,1372,3316,3327,2116
1203,-24798.282662896952,-24798.282662896952,-49596.565325793905,0.157195250098573,-4.45329306546028,0.055068340740363694,162848.42730394693,3105,4031,1623,3596,3038,2125
1204,-32550.8493249388,-32550.8493249388,-65101.6986498776,1.7342652615563205,-4.076152757576592,0.05479048857729754,161362.2408467396,3439,3805,1515,3959,2915,1885
1205,-33605.382727447766,-33605.382727447766,-67210.76545489553,0.10199711028559398,-5.835810122175569,0.05502117486553283,162345.18784481616,3762,3718,1279,3744,3046,1969
1206,-26477.77698662531,-26477.77698662531,-52955.55397325062,1.5239219915781854,-4.123697945732563,0.055066373632066436,160414.35822628537,3469,3747,1543,4013,3178,1568
1207,-32180.47948675214,-32180.47948675214,-64360.95897350428,0.4102868738195916,-5.533200345870961,0.05508986557753953,163396.81579775558,3290,3933,1536,3323,3334,2102
1208,-30559.211521119258,-30559.211521119258,-61118.423042238515,-0.43934267905029906,-5.807686104950771,0.05518053382819288,162486.2958442714,3696,3732,1331,3428,3459,1872
1209,-31483.804160099986,-31483.804160099986,-62967.60832019997,1.2725658278251433,-4.954666857487102,0.05517555984459566,163218.73605016648,3408,3940,1411,3551,3287,1921
1210,-38289.52183039519,-38289.52183039519,-76579.04366079038,0.3519085539880646,-6.5927104791238325,0.054860595678001424,162638.3561277964,3535,3866,1358,3728,2659,2372
1211,-36397.572347287256,-36397.572347287256,-72795.14469457451,1.2679673108330036,-6.442913031720059,0.05482295142484151,160883.93939835558,3260,4035,1464,4238,2629,1892
1212,-35349.55503707031,-35349.55503707031,-70699.11007414063,1.6891918320256778,-5.044758999764583,0.054886831771268026,162088.93799741758,3380,4035,1344,3711,3132,1916
1213,-33987.45109806304,-33987.45109806304,-67974.90219612607,0.23644872666440375,-5.788034083355044,0.0549194779972327,162438.34846861273,4126,3276,1357,3568,3057,2134
1214,-29189.332641123314,-29189.332641123314,-58378.66528224663,1.3586460966020695,-4.369739154722301,0.05497535622916062,160864.98835875653,4283,3132,1344,4028,2924,1807
1215,-32727.530086549556,-32727.530086549556,-65455.06017309911,0.8625809398862261,-4.948791378831726,0.05507080866509571,162390.50680807038,3502,4017,1240,3533,3348,1878
1216,-30053.903005135373,-30053.903005135373,-60107.806010270746,0.6635492945630062,-5.222837190838263,0.05493679034347905,162354.46473515732,4265,3142,1352,3416,3142,2201
1217,-30142.999244031435,-30142.999244031435,-60285.99848806287,1.7126269120013953,-4.892723778352701,0.055069835793511525,160961.65665706855,3428,3808,1523,3791,3315,1653
1218,-29964.926624377447,-29964.926624377447,-59929.853248754895,0.6872714487372863,-5.966324727678393,0.055331415001801255,161648.0259437313,4206,3264,1289,3560,3331,1868
1219,-34360.44464316879,-34360.44464316879,-68720.88928633758,1.1241204256410955,-5.031539078588294,0.05496111188435153,161498.87722496496,3656,3727,1376,3804,3230,1725
1220,-35003.38670659691,-35003.38670659691,-70006.77341319382,1.4193112558279926,-5.991476845896334,0.05509525128375206,163163.79929497023,2910,4444,1405,3470,3161,2128
1221,-33352.10750183907,-33352.10750183907,-66704.21500367814,0.2778201059949037,-5.7350058847027094,0.055136045583373226,162102.33554365128,4213,3318,1228,3539,3430,1790
1222,-28823.046256177015,-28823.046256177015,-57646.09251235403,1.4608482735813002,-4.114120643816404,0.055040358817197814,161548.0061272162,3184,4212,1363,3627,3429,1703
1223,-31665.819805668823,-31665.819805668823,-63331.63961133765,1.2561518736363861,-5.592828566360803,0.05521212767413254,161938.7318139869,3564,3796,1399,3419,3696,1644
1224,-31466.730319235838,-31466.730319235838,-62933.460638471675,1.5922125905142976,-4.677377329530869,0.055236066201650454,162321.4687673215,3329,4021,1409,3985,2856,1918
1225,-32525.910684811097,-32525.910684811097,-65051.821369622194,0.5157004802853341,-5.955918723524554,0.05497591751014837,161454.1783019499,2910,4468,1381,3891,2986,1882
1226,-32935.03216963921,-32935.03216963921,-65870.06433927843,1.1076200380315069,-5.130669598213369,0.055283188831150853,160964.86570886098,3768,3515,1476,3687,3617,1455
1227,-32809.123144426536,-32809.123144426536,-65618.24628885307,1.2974171526637397,-4.771009708132728,0.05494131856239805,162302.41996316751,3150,4333,1276,3935,2985,1839
1228,-30736.422701362724,-30736.422701362724,-61472.84540272545,0.9407019262336079,-5.482665129484792,0.05510671584918139,161517.2153499919,3412,4049,1298,3780,3195,1784
1229,-24920.827855646425,-24920.827855646425,-49841.65571129285,0.6408062193488493,-4.40379392507071,0.0549557696445024,161727.52036822506,4872,2520,1367,3219,3656,1884
1230,-27357.246540877582,-27357.246540877582,-54714.493081755165,0.9343669503356236,-5.067261453884643,0.054988884460913316,162597.30868322187,3728,3675,1356,3710,2801,2248
1231,-32752.692865452867,-32752.692865452867,-65505.385730905735,1.1017788017605876,-5.548091983138295,0.05480492928449672,160990.31837335258,3765,3556,1438,3959,3109,1691
1232,-26690.885786036382,-26690.885786036382,-53381.771572072765,1.87420144896506,-3.445175322238017,0.055146102831103896,161353.792805,4284,3174,1301,3565,3501,1693
1233,-30241.899097719986,-30241.899097719986,-60483.79819543997,0.1062444204712332,-5.307129698810428,0.05506834959497702,161832.56175264248,3827,3694,1238,3834,3090,1835
1234,-30638.149424266867,-30638.149424266867,-61276.298848533734,0.5173866982878121,-5.7858529605908515,0.055098814011564905,161367.56215812746,5176,2230,1353,3570,3120,2069
1235,-24909.435303363214,-24909.435303363214,-49818.87060672643,0.2633136569518162,-4.652383073222474,0.05491685717529576,161348.87880757917,3553,3821,1385,4186,2760,1813
1236,-30910.985822406004,-30910.985822406004,-61821.97164481201,0.20123799276793,-5.445727576413139,0.055137275434576354,161933.88419695018,3107,4107,1545,4016,2984,1759
1237,-34036.03038629191,-34036.03038629191,-68072.06077258382,1.5057622968764564,-5.700042966983324,0.05512352151730458,162072.2951042562,3941,3323,1495,3726,3139,1894
1238,-28659.97805189583,-28659.97805189583,-57319.95610379166,1.0482518102567528,-4.439339680757799,0.05506741957994311,161361.54324688236,4084,3104,1571,3294,3893,1572
1239,-27840.80103190546,-27840.80103190546,-55681.60206381092,1.2800642620343707,-4.647946687248872,0.0549297284762298,162452.07457589317,3591,3640,1528,3448,3308,2003
1240,-32868.13957512654,-32868.13957512654,-65736.27915025307,0.9928657396404844,-5.883089997998761,0.055200108835368515,161812.82343303226,4035,3238,1486,3801,3213,1745
1241,-26207.60253319986,-26207.60253319986,-52415.20506639972,1.2963359753698884,-4.660775233711146,0.05524586921363182,161932.9887531695,3552,3993,1214,3702,3333,1724
1242,-31875.290960429917,-31875.290960429917,-63750.58192085983,1.230750346843373,-5.181829701700077,0.054968242440634224,161880.5872579164,3264,4130,1365,3061,3618,2080
1243,-28545.45153135376,-28545.45153135376,-57090.90306270752,0.9454929666084679,-5.525782443822047,0.05478407312981815,161404.12860216666,4150,3289,1320,4586,2256,1917
1244,-30009.174491773043,-30009.174491773043,-60018.348983546086,1.7471382130998838,-4.772141755849799,0.05511593448854634,162334.91005587953,2929,4386,1444,3767,3337,1655
1245,-30309.800878528702,-30309.800878528702,-60619.601757057404,1.9173819105907268,-4.52078396899618,0.05514357511455935,163160.28686308733,3092,4365,1302,3560,2943,2256
1246,-26034.54955995064,-26034.54955995064,-52069.09911990128,2.075848695645891,-3.7543006056250317,0.05499056281392063,162097.39339913655,3599,3887,1273,3582,3230,1947
1247,-32353.595634651654,-32353.595634651654,-64707.19126930331,0.34493776818687377,-5.881633051085186,0.055050924573617044,162118.7220238878,3399,3897,1463,3911,3093,1755
1248,-27110.812014975847,-27110.812014975847,-54221.624029951694,1.2826750036219718,-4.472813370003759,0.05487877955596621,160443.40639977806,5025,2499,1235,4035,3118,1606
1249,-33596.55972292773,-33596.55972292773,-67193.11944585545,1.785459176755488,-5.283573351888943,0.054964846730977755,162553.8934135265,3671,3658,1430,3759,3086,1914
1250,-31414.16939663145,-31414.16939663145,-62828.3387932629,1.211314665896313,-5.000416808482754,0.05503995978274553,162845.72414172292,3980,3436,1343,3103,3638,2018
1251,-25881.288897040075,-25881.288897040075,-51762.57779408015,1.1642908786756463,-4.416137413847612,0.05533882098901309,162301.20034040482,4377,2953,1429,3439,3552,1768
1252,-29492.36346924942,-29492.36346924942,-58984.72693849884,1.6558909397918897,-4.373502306463242,0.05492173733666833,161592.9491442478,3174,3930,1655,4192,2984,1583
1253,-31045.694030798757,-31045.694030798757,-62091.388061597514,1.0921432741752615,-4.739583272167437,0.05478830651815828,161475.83162507773,3655,3921,1183,4001,2744,2014
1254,-32014.02778318611,-32014.02778318611,-64028.05556637222,1.502399171490561,-4.901366869124236,0.05509911228792245,162200.09369796375,4287,3102,1370,3387,3331,2041
1255,-24783.203875999476,-24783.203875999476,-49566.40775199895,1.9180028100133515,-3.2149215586053144,0.05519045641540741,162596.74262621845,3007,4409,1343,3565,3318,1876
1256,-34803.08364368965,-34803.08364368965,-69606.1672873793,1.9480242198283535,-4.879652184148978,0.054916036012556416,160882.17126456328,4421,2953,1385,3673,3416,1670
1257,-31897.767472869225,-31897.767472869225,-63795.53494573845,1.0628562347624024,-4.773939952754566,0.05502220295311154,163123.6757558699,4099,3336,1324,3317,3362,2080
1258,-30238.251157022696,-30238.251157022696,-60476.50231404539,0.681556226061342,-4.870295220447645,0.05508294159771841,162209.62169670017,4644,2811,1304,3427,3470,1862
1259,-29330.55219216457,-29330.55219216457,-58661.10438432914,1.1228842458478439,-5.2977956150409735,0.05481525674958698,161588.0784059496,3801,3656,1302,3817,2919,2023
1260,-28368.974247199138,-28368.974247199138,-56737.948494398275,0.637957756358939,-5.457348985183568,0.05516411047140948,162356.78230021702,3274,3972,1513,3356,3668,1735
1261,-32713.638713466204,-32713.638713466204,-65427.27742693241,1.414152375513797,-6.012559967093201,0.05493778901811542,161437.09343716505,3676,3723,1360,3541,3531,1687
1262,-32199.950558268916,-32199.950558268916,-64399.90111653783,0.4592789281058871,-5.880455388154665,0.054999475168300616,162105.6209049546,3661,3636,1462,3640,3172,1947
1263,-21562.357905254103,-21562.357905254103,-43124.715810508205,-0.01589789231207605,-5.2271320521244355,0.055168295420316295,161116.83652470302,4638,2881,1240,3571,3639,1549
1264,-31013.800504781877,-31013.800504781877,-62027.601009563754,-0.673248803507497,-6.293872803527789,0.055128655491338864,163079.4142320169,3955,3312,1492,3381,3396,1982
1265,-31084.37422119007,-31084.37422119007,-62168.74844238014,0.6025460539074063,-6.1470785426415775,0.055079582864087595,162530.00851872342,2708,4663,1388,3652,3450,1657
1266,-28704.50511727949,-28704.50511727949,-57409.01023455898,-0.19023716562864162,-5.500109869554839,0.05520621440668833,161925.2976650305,3939,3155,1665,3474,3588,1697
1267,-26796.180362533272,-26796.180362533272,-53592.360725066545,0.48976746174086794,-4.545369058634665,0.05504367604721101,163146.7414936941,3089,4391,1279,3675,3089,1995
1268,-27183.784897925954,-27183.784897925954,-54367.56979585191,0.7614480031924362,-3.8312893919931166,0.055061096220807085,162141.5518377302,4174,3251,1334,3519,3510,1730
1269,-30748.27087501118,-30748.27087501118,-61496.54175002236,-0.1021634117713222,-5.675598339746051,0.054896642848452415,161841.55842498987,2641,4751,1367,3594,3240,1925
1270,-25645.13449268845,-25645.13449268845,-51290.2689853769,1.1799454065815211,-3.8929077055678,0.05526087835296471,162245.00795662054,4213,3089,1457,3321,3798,1640
1271,-29154.22032114975,-29154.22032114975,-58308.4406422995,-0.046601006413098695,-4.556948130430689,0.0550918654128708,162279.75353490008,3964,3447,1348,3576,3416,1767
1272,-27676.86987587018,-27676.86987587018,-55353.73975174036,0.7240150642347627,-4.289526678028562,0.05498375776997742,162382.43041268637,3776,3690,1293,3884,2667,2208
1273,-28723.9171632919,-28723.9171632919,-57447.8343265838,2.539741537079598,-3.5844080971335748,0.05518799299391167,161395.22872887953,3663,3657,1439,3437,3806,1516
1274,-24649.263307745638,-24649.263307745638,-49298.526615491275,1.504413192597862,-4.314500882011022,0.055083821065320664,161468.55016486166,3211,4027,1521,3944,2964,1851
1275,-32205.211514552546,-32205.211514552546,-64410.42302910509,1.1350293649602148,-4.699169508465311,0.05499945039393257,161508.19031213716,4262,3282,1215,3523,3321,1915
1276,-22924.04721813037,-22924.04721813037,-45848.09443626074,1.733776206516724,-3.97538159220485,0.055036003469745874,162746.8504412787,4157,3422,1180,3584,3319,1856
1277,-23557.610301730692,-23557.610301730692,-47115.220603461385,1.2336141354909709,-3.579389059727928,0.05510760574682811,162184.07359782633,3933,3607,1219,3707,3275,1777
1278,-28979.473099438754,-28979.473099438754,-57958.94619887751,1.4797639299419059,-4.864007606380592,0.05501821325615607,162491.02294795713,3510,4053,1196,3302,3634,1823
1279,-23032.155560350908,-23032.155560350908,-46064.311120701816,1.6931135842368168,-3.139194183665842,0.05509358341109332,161593.59086871368,3949,3450,1360,3937,2923,1899
1280,-25581.673259831347,-25581.673259831347,-51163.34651966269,1.4498061081812128,-3.761077251070317,0.05519580214673958,161137.04789728113,3445,4046,1268,4085,3186,1488
1281,-25666.16905461197,-25666.16905461197,-51332.33810922394,0.6035653133042601,-3.8615322405414827,0.0550906884265315,162066.65364668585,3762,3695,1302,3685,3116,1958
1282,-25668.35507014555,-25668.35507014555,-51336.7101402911,0.9551224131497641,-4.630648389781964,0.05495637675892673,161575.37356788086,3560,3845,1354,3492,3463,1804
1283,-26936.88302333801,-26936.88302333801,-53873.76604667602,1.595933939792938,-3.193970034117006,0.05501914720455968,161760.19036432746,3507,3734,1518,3746,3370,1643
1284,-31911.961543640402,-31911.961543640402,-63823.923087280804,0.6842016614414954,-5.100910707432601,0.05517123184278031,162646.4430840102,3990,3335,1434,3634,3093,2032
1285,-30422.71516419266,-30422.71516419266,-60845.43032838532,0.3677993027523446,-5.080499827535563,0.055039364959231125,162863.17928603367,4324,3237,1198,3635,3077,2047
1286,-16837.847223241894,-16837.847223241894,-33675.69444648379,0.2524718467909349,-4.212964023678297,0.05481739742512358,161542.31084178292,3870,3628,1261,3940,2913,1906
1287,-27969.411277071013,-27969.411277071013,-55938.822554142025,1.5986307844293937,-4.657138970693286,0.055165296663795896,160400.82065502444,4047,3442,1270,4306,2932,1521
1288,-19924.58864598938,-19924.58864598938,-39849.17729197876,1.34540017184963,-4.076958294673251,0.05509884565173873,161318.39834299835,4180,3391,1188,3864,3074,1821
1289,-29794.081814215333,-29794.081814215333,-59588.163628430666,0.7464668038030593,-5.0671488986396875,0.0549376231385138,161215.749744426,4465,3000,1294,4083,2997,1679
1290,-27623.646917140035,-27623.646917140035,-55247.29383428007,0.09052264695312538,-5.253713866496675,0.054887831593781335,161822.6276523936,4299,3224,1236,3454,3235,2070
1291,-28238.031943328468,-28238.031943328468,-56476.063886656935,-0.6554956471570667,-6.764827940514792,0.05486910028042061,162472.74883895574,3413,4117,1229,3510,2938,2311
1292,-28389.863755502138,-28389.863755502138,-56779.727511004276,0.6578119606522301,-5.539499335508647,0.05481479991251839,161729.66113509395,3646,3692,1421,3963,2851,1945
1293,-27925.12651066266,-27925.12651066266,-55850.25302132532,-1.0966942541781668,-5.97703767036253,0.0549733109326174,163111.7491825647,4180,3398,1181,3081,3560,2118
1294,-28892.886793929618,-28892.886793929618,-57785.773587859236,-0.07331120241996848,-5.028774218090643,0.05500853264632842,161543.93520254036,4339,3145,1275,3921,2898,1940
1295,-26615.85048651158,-26615.85048651158,-53231.70097302316,0.8283741825448708,-3.3050252316328925,0.054964088647429625,161745.4142532559,3656,3807,1296,3841,2943,1975
1296,-26278.196331862946,-26278.196331862946,-52556.39266372589,0.8010404605776701,-3.888497594694163,0.05514218870028934,161890.30833273887,4476,2909,1374,3238,3844,1677
1297,-26566.167807439644,-26566.167807439644,-53132.33561487929,1.1686331590246037,-3.5073463571129118,0.0547766571082427,161261.4410445536,3655,3574,1530,4268,2546,1945
1298,-26300.332468794422,-26300.332468794422,-52600.664937588845,0.5877402333920485,-4.89985116173894,0.05493989006262179,160990.67642075868,3934,3543,1282,3718,2953,2088
1299,-25131.891063306743,-25131.891063306743,-50263.782126613485,1.5168202257415118,-3.8495790339376907,0.05511186718528513,162475.86526522835,3086,4419,1254,4014,3100,1645
1300,-23524.732358187037,-23524.732358187037,-47049.464716374074,1.3470120877298868,-2.216893139004848,0.05494533256478659,162808.78583221656,4151,3163,1445,3568,3173,2018
1301,-26079.23550631206,-26079.23550631206,-52158.47101262412,1.2617773070705969,-4.544604831043756,0.05486630274616091,161501.47505033802,4589,2936,1234,4423,2647,1689
1302,-24779.19796963089,-24779.19796963089,-49558.39593926178,1.1484134720104173,-4.429392816327207,0.05490085048238976,161511.12053454338,3776,3591,1392,4095,2761,1903
1303,-27645.040144635896,-27645.040144635896,-55290.08028927179,1.3626723388618862,-3.702189866006215,0.05509908769351282,163088.4110458369,3938,3593,1228,3487,3129,2143
1304,-19974.38118774049,-19974.38118774049,-39948.76237548098,1.5598989920935953,-2.623569544065719,0.05495534639091948,162238.18026002648,3342,3946,1471,3482,3581,1696
1305,-23863.75773007039,-23863.75773007039,-47727.51546014078,0.9290378926456637,-4.083805938620844,0.05548102412708768,163930.6489647045,2932,4554,1273,2861,3899,1999
1306,-23487.106700131164,-23487.106700131164,-46974.21340026233,0.2135025646123585,-4.543232981493028,0.05498372967379299,162065.32661270062,3587,3680,1492,3286,3687,1786
1307,-30337.226493141472,-30337.226493141472,-60674.452986282944,-0.29379959202564443,-5.905276474068482,0.05509594835979625,161327.82718940754,3354,4118,1287,4205,2762,1792
1308,-30898.48365979454,-30898.48365979454,-61796.96731958908,0.49740788684400034,-4.742086202833312,0.055123357369522875,162455.93906632674,3088,4386,1285,3402,3362,1995
1309,-19607.72022362149,-19607.72022362149,-39215.44044724298,1.1160963643757753,-3.278328451951947,0.05496085452045675,161554.87880998585,3475,3849,1435,4038,2920,1801
1310,-23900.710715481007,-23900.710715481007,-47801.421430962015,1.3621180156071044,-2.9104933671867785,0.05496692415945042,160267.41391081782,3937,3435,1387,4457,2813,1489
1311,-23716.861848962388,-23716.861848962388,-47433.723697924775,0.773900722069026,-4.2293842490272775,0.054903881581868805,162089.61768063993,4731,2819,1209,3745,3009,2005
1312,-21608.876666575925,-21608.876666575925,-43217.75333315185,0.4253194318637058,-4.3083623474729915,0.05525738172396647,162812.29521386538,4277,3320,1162,3441,3425,1893
1313,-25355.062784540947,-25355.062784540947,-50710.125569081894,0.8798840171905933,-3.570102013056088,0.05503229729475681,162713.6859396688,4342,3093,1324,3659,3350,1750
1314,-30503.562785564896,-30503.562785564896,-61007.12557112979,0.5735318709344984,-4.686023194271991,0.05500546380697135,162892.44033704262,2984,4160,1615,3704,3111,1944
1315,-29295.36646904025,-29295.36646904025,-58590.7329380805,1.375385605795998,-4.212149524577041,0.055011578528902504,162919.554050232,3082,4249,1428,3502,3319,1938
1316,-23984.408458050762,-23984.408458050762,-47968.816916101525,1.0911090754234578,-3.524578003197065,0.0549569998759365,161544.45376832958,4061,3195,1503,3684,3190,1885
1317,-27526.885207959906,-27526.885207959906,-55053.77041591981,0.1865836993134423,-5.1087490711537935,0.0550086514868994,162478.6134652817,4652,2956,1151,3399,3136,2224
1318,-26114.066453527954,-26114.066453527954,-52228.13290705591,0.500197731497455,-4.732154674298487,0.054962153979963436,162050.04733924766,3474,4166,1119,3941,2986,1832
1319,-26720.060011297803,-26720.060011297803,-53440.120022595605,0.8618088047249697,-5.267595099846098,0.05495317628425495,161670.7828931533,4039,3515,1205,3486,3368,1905
1320,-25891.480960451907,-25891.480960451907,-51782.961920903814,0.29661578918879145,-4.672927417870241,0.05477921364479369,161201.63883850037,4337,2933,1489,4033,2891,1835
1321,-25409.715711375065,-25409.715711375065,-50819.43142275013,1.2986212690289713,-4.849780189018579,0.054906881749082016,161132.31021083554,4464,2970,1325,4126,2794,1839
1322,-21531.344797159993,-21531.344797159993,-43062.689594319985,0.49369694592357416,-5.072148978694327,0.055106463545014896,162773.21492148406,3504,3846,1409,3402,3282,2075
1323,-24533.187065801045,-24533.187065801045,-49066.37413160209,1.3369518563998086,-4.088302515547579,0.055089125295548255,162019.53003324612,4067,3195,1497,3757,3259,1743
1324,-21811.81377614293,-21811.81377614293,-43623.62755228586,1.420249245422358,-2.5682226594056328,0.05497048847392565,161579.4976086482,3057,4547,1155,3593,3227,1939
1325,-23181.761495566087,-23181.761495566087,-46363.52299113217,0.9754530895300338,-3.939195412646555,0.05490878970103262,161276.3502544064,3693,3617,1449,4059,2829,1871
1326,-26541.703038299813,-26541.703038299813,-53083.406076599626,1.4182238540649867,-4.367055633581821,0.05487253115873561,162018.7903569859,3151,4280,1328,3767,3358,1634
1327,-30589.44121189491,-30589.44121189491,-61178.88242378982,0.5336911573025702,-5.175904975412267,0.05492104033139916,162430.56722265866,3934,3439,1386,3784,2739,2236
1328,-27021.048809782464,-27021.048809782464,-54042.09761956493,0.6331686635112467,-4.526916610461016,0.05499798754342938,162200.86732790835,3958,3529,1272,3384,3519,1856
1329,-22623.112041370136,-22623.112041370136,-45246.22408274027,1.001904687701395,-4.365787121785376,0.055137226033151354,161846.51084356874,3503,3848,1408,3877,3085,1797
1330,-19959.187381835956,-19959.187381835956,-39918.37476367191,1.266320144342714,-3.51772284317402,0.055290299425228284,162542.77113358013,4295,3274,1190,3849,3220,1690
1331,-31001.181988791923,-31001.181988791923,-62002.363977583846,0.7057971756124765,-5.520527396369606,0.055344041898426975,162822.5258700043,4459,3062,1238,3417,3283,2059
1332,-24759.94444383414,-24759.94444383414,-49519.88888766828,0.9891988540716212,-4.420121650875144,0.05497404698865381,161857.61089205754,4056,3535,1168,3916,2977,1866
1333,-25740.61300357005,-25740.61300357005,-51481.2260071401,1.3222423066363043,-3.683600570041883,0.05515894262102597,162905.1595844429,3874,3515,1370,3480,3268,2011
1334,-33407.74051740622,-33407.74051740622,-66815.48103481244,-0.19171045744232124,-5.52752682057095,0.0549068706184236,161061.1710299732,3354,4198,1207,4252,2700,1807
1335,-25191.29379507564,-25191.29379507564,-50382.58759015128,0.2839435520381292,-5.413445446565553,0.0552112942879233,162840.5284779094,4182,3304,1273,3086,3558,2115
1336,-29152.167042263754,-29152.167042263754,-58304.33408452751,0.21216884848250958,-5.5884993823619284,0.05490558484754311,163126.30256216277,3212,4228,1319,3460,3332,1967
1337,-25922.987713986586,-25922.987713986586,-51845.97542797317,1.0613797453806155,-4.3454465919901315,0.05508054157492862,160981.44269942,4001,3683,1075,3748,3251,1760
1338,-26738.67933936141,-26738.67933936141,-53477.35867872282,0.9528883431455933,-5.109278846840161,0.054840532132691466,161664.15018960994,3633,3857,1269,3701,2926,2132
1339,-27339.01125111098,-27339.01125111098,-54678.02250222196,1.9771143905646837,-4.586515045464692,0.05484156907724111,161501.03993039325,3691,3801,1267,3493,3440,1826
1340,-29284.836277586128,-29284.836277586128,-58569.672555172256,0.33357002717620576,-5.588950629983739,0.05488969887088327,161734.16629425916,4355,3327,1077,3576,3168,2015
1341,-21328.194617247867,-21328.194617247867,-42656.389234495735,0.4981338902293125,-4.187982301313086,0.05484557135514385,161387.50592980403,4121,3462,1176,3941,3131,1687
1342,-24198.02206789086,-24198.02206789086,-48396.04413578172,1.2520370388148987,-3.6069504747639907,0.05479837702520858,162750.6674075087,3342,4078,1339,3690,2889,2180
1343,-21903.988767112303,-21903.988767112303,-43807.97753422461,2.071395297722134,-3.1926765636546897,0.05486405833682262,161724.17471635778,4243,3089,1427,3459,3688,1612
1344,-21618.5667779004,-21618.5667779004,-43237.1335558008,2.072628818866997,-3.327627160911035,0.05490131575683382,160939.53748611905,3676,3812,1271,4079,3230,1450
1345,-29343.70423736856,-29343.70423736856,-58687.40847473712,1.9225968795474744,-4.27110580669922,0.05491476639203597,162005.86617283276,3639,3688,1432,3242,3542,1975
1346,-25581.5262678648,-25581.5262678648,-51163.0525357296,1.6482796869540872,-3.662806643473761,0.055116422956413724,161090.19523805616,3319,4272,1168,4477,2690,1592
1347,-18502.888502644793,-18502.888502644793,-37005.77700528959,1.6510539381335114,-2.7271361570415875,0.05490035933877398,161168.60185190884,3741,3846,1172,3922,3103,1734
1348,-21678.814051442478,-21678.814051442478,-43357.628102884955,0.0530038982314482,-3.7415282275261452,0.05526877802973341,163771.01520840524,3911,3573,1275,3446,2966,2347
1349,-27375.516314319913,-27375.516314319913,-54751.03262863983,1.403548648815486,-3.900125243904157,0.0549011193689038,161771.9343057197,4268,3147,1344,3896,3142,1721
1350,-31804.365140991096,-31804.365140991096,-63608.73028198219,0.28419576856386586,-5.4261795560752875,0.054941107810966706,162468.7795356563,3105,4404,1250,3791,2975,1993
1351,-24373.423849250503,-24373.423849250503,-48746.847698501006,1.0030918053859936,-4.319300394129878,0.054888289748579684,162025.87802200177,3932,3469,1358,3322,3610,1827
1352,-24500.718394596108,-24500.718394596108,-49001.436789192216,0.6198969862109893,-4.191309756848138,0.05488742901404924,161020.60730875077,3700,3847,1212,3618,3190,1951
1353,-18647.0080486899,-18647.0080486899,-37294.0160973798,1.0326178903571746,-3.2287215424924427,0.05502827186512911,161504.56898395484,4029,3364,1366,3925,2966,1868
1354,-23034.033801547266,-23034.033801547266,-46068.06760309453,0.168075763106488,-4.702539281627114,0.05530202179953431,162878.8186986877,3110,4405,1244,3576,3340,1843
1355,-23980.624387393083,-23980.624387393083,-47961.24877478617,0.7126707064580784,-3.858828137077221,0.055268550619539114,161628.42999436994,4573,2870,1316,3716,3374,1669
1356,-30356.769392578008,-30356.769392578008,-60713.538785156015,0.3603186541101665,-6.083510630299207,0.05512529609468144,162421.2648434758,4606,2765,1388,3474,3185,2100
1357,-29547.414410256606,-29547.414410256606,-59094.82882051321,0.6229532169802322,-4.404342603344873,0.05475817839483839,161688.1712177513,3792,3650,1317,3753,3065,1941
1358,-22279.369156345514,-22279.369156345514,-44558.73831269103,0.8353059168193508,-4.073529959056982,0.05497543747661421,161885.9780384567,3494,4025,1240,3587,3422,1750
1359,-34437.07073503283,-34437.07073503283,-68874.14147006566,0.7259747288722717,-5.76143523767515,0.05484392705889889,162615.70421077168,4128,3436,1195,3607,2878,2274
1360,-21731.00644820819,-21731.00644820819,-43462.01289641638,1.1699778918976078,-4.069334107834488,0.05509608187018732,163530.75658129848,3165,4256,1338,3068,3680,2011
1361,-23592.88824634958,-23592.88824634958,-47185.77649269916,0.4651151304323464,-4.4410870621075595,0.055160074950578314,163000.01378010196,3248,4391,1120,3572,3274,1913
1362,-28191.775273595573,-28191.775273595573,-56383.550547191146,0.37169122486360157,-5.857768138199269,0.05498087193784413,161036.92410797547,4204,3120,1435,3685,3194,1880
1363,-25985.990705761764,-25985.990705761764,-51971.98141152353,0.9505535112424441,-3.9939581666211694,0.05505165950190729,161409.8144227712,4765,2647,1347,3918,3087,1754
1364,-24141.61705459915,-24141.61705459915,-48283.2341091983,1.2028691714380062,-3.6011058116860486,0.05488445199969534,162259.9924307418,3409,4011,1339,3682,3032,2045
1365,-24821.720001574224,-24821.720001574224,-49643.44000314845,1.4330836503591984,-4.104398642900257,0.05495988380382188,161132.00256114668,4019,3549,1191,3627,3403,1729
1366,-20724.222301488167,-20724.222301488167,-41448.444602976335,0.9407706401640972,-4.770495452485012,0.05481013582849286,161267.47648450529,4018,3545,1196,3562,3496,1701
1367,-25361.91291079804,-25361.91291079804,-50723.82582159608,-0.030140537301445346,-4.469505302665484,0.054946846627752025,162403.81760612017,4213,3351,1195,3555,3189,2015
1368,-17982.554535262017,-17982.554535262017,-35965.109070524035,1.2093977995145049,-2.8820800617692686,0.05490992491095686,161368.66733274946,4045,3547,1167,3962,3061,1736
1369,-29053.432246113123,-29053.432246113123,-58106.86449222625,0.6924773214034423,-4.8009193501850165,0.055235979123672334,163099.46667756603,3848,3528,1383,3364,3497,1898
1370,-18048.728059001478,-18048.728059001478,-36097.456118002956,0.30951708924773774,-4.166027294750957,0.055158355796562676,161668.63706102714,3552,4007,1200,3936,3190,1633
1371,-25413.43332915228,-25413.43332915228,-50826.86665830456,-0.024328807286667562,-4.3104536937249565,0.05519898772286316,163628.89928375513,4095,3362,1302,3322,3342,2095
1372,-29713.036542483773,-29713.036542483773,-59426.073084967546,0.3210191260748703,-5.502602259016906,0.055012912108842064,161598.85602250087,3358,4057,1344,3717,3261,1781
1373,-24044.15642636113,-24044.15642636113,-48088.31285272226,0.2664350012987986,-5.01175131088555,0.05507129188731629,161813.9642802208,3176,4340,1243,3534,3289,1936
1374,-23657.85722493148,-23657.85722493148,-47315.71444986296,0.2026010181401736,-4.895986108286089,0.05506085413507816,162627.9495742201,4617,2922,1220,3258,3384,2117
1375,-24938.802615964458,-24938.802615964458,-49877.605231928916,0.30023641171278087,-5.0110165641924125,0.05497125499196632,161915.33403268948,3409,3929,1421,4074,3043,1642
1376,-24284.676983547084,-24284.676983547084,-48569.35396709417,0.16186716166843504,-5.164202780551853,0.055105908183805966,162520.94038811405,3383,4024,1352,3945,2751,2063
1377,-29210.351132910808,-29210.351132910808,-58420.702265821616,0.32465565115135725,-5.477643081241934,0.054953042305691195,162056.35453660868,3467,3921,1371,3530,3146,2083
1378,-27516.54209671143,-27516.54209671143,-55033.08419342286,0.5311905699014794,-5.517346656245465,0.054872147117323154,161691.91507210306,3379,4089,1291,4115,2872,1772
1379,-19638.501356733566,-19638.501356733566,-39277.00271346713,1.64493944414105,-3.479462277079114,0.05505313658832241,161363.0552758627,4079,3598,1082,4026,2871,1862
1380,-19117.169398868216,-19117.169398868216,-38234.33879773643,1.434044272787984,-2.7766923475175327,0.05484110384456546,161271.4127535025,3836,3722,1201,4136,2834,1789
1381,-19367.4153548613,-19367.4153548613,-38734.8307097226,1.809438995092647,-3.287575575233681,0.0548864509674295,161044.90432974361,4233,3242,1284,3823,3305,1631
1382,-29274.091759751365,-29274.091759751365,-58548.18351950273,1.5582784996773684,-4.057261682094132,0.054956692244105695,160942.20948649707,3593,3660,1506,3989,3068,1702
1383,-23698.456845618795,-23698.456845618795,-47396.91369123759,0.85621767217429,-3.1266120361025833,0.05513623951457977,162359.7035445599,4304,3265,1190,3616,3383,1760
1384,-25704.15648845445,-25704.15648845445,-51408.3129769089,0.7375555077962713,-4.461899987152444,0.055234680391554596,161937.9435458722,3758,3589,1412,3204,4044,1511
1385,-18658.53694471076,-18658.53694471076,-37317.07388942152,1.899978003333084,-3.316338029611104,0.05514463432225615,161865.60778853457,3011,4502,1246,3996,2957,1806
1386,-26579.71774504336,-26579.71774504336,-53159.43549008672,0.04674130454937151,-4.443508215007821,0.05514322357715767,163288.36888175798,3758,3702,1299,3649,2973,2137
1387,-23536.62327965204,-23536.62327965204,-47073.24655930408,0.8552619857383582,-3.510746819141021,0.055025145868668184,161806.33694660632,3676,3954,1129,3666,3262,1831
1388,-22021.47909309404,-22021.47909309404,-44042.95818618808,0.5881322235104264,-3.8757995128219327,0.05486998650608053,161561.39349823137,3378,3848,1533,3647,3199,1913
1389,-23865.13874946523,-23865.13874946523,-47730.27749893046,0.28711937384599834,-4.564767361512363,0.05524896666967095,162111.2195852654,3928,3514,1317,3594,3339,1826
1390,-27822.157982081586,-27822.157982081586,-55644.31596416317,0.11306534500482739,-5.116181977091826,0.0549266311277204,161334.0359088423,3762,3573,1424,3864,3035,1860
1391,-25683.197355536897,-25683.197355536897,-51366.39471107379,0.11136276986392969,-5.247813204690979,0.05502312896660624,161695.64574077228,3456,4055,1248,3674,3454,1631
1392,-25701.98332258876,-25701.98332258876,-51403.96664517752,0.33471085720275323,-4.673022448707093,0.054892356733055196,161585.85128015222,4176,3315,1268,4223,2863,1673
1393,-25560.606177820395,-25560.606177820395,-51121.21235564079,-0.4838151653357177,-5.819189328931519,0.055230405537735144,162038.37190234245,4807,2670,1282,3319,3426,2014
1394,-24274.28562962373,-24274.28562962373,-48548.57125924746,0.26142853949889994,-5.286506581673264,0.054932187761684355,162250.88636351432,4184,3231,1344,3527,3298,1934
1395,-22206.82175432666,-22206.82175432666,-44413.64350865332,-0.6227699858509915,-5.377861712163694,0.055173346545006594,163267.8158912829,4023,3341,1395,3319,3454,1986
1396,-23953.844598315944,-23953.844598315944,-47907.68919663189,-0.9675105375450848,-5.157539748483346,0.0551680604607181,162508.44409187968,4647,3013,1099,3582,3353,1824
1397,-25608.360930841358,-25608.360930841358,-51216.721861682716,-0.32855518858130545,-5.053952234506821,0.054753963908857124,161428.89498957174,3780,3670,1309,4364,2532,1863
1398,-24547.974277033576,-24547.974277033576,-49095.94855406715,-0.19543891790145385,-5.085010758846195,0.05492832994893307,162328.0938714142,4129,3268,1362,3328,3380,2051
1399,-19206.939226478975,-19206.939226478975,-38413.87845295795,1.1517582496682597,-3.273667735525425,0.054918000159121946,161392.03700514964,3147,4452,1160,3835,3265,1659
1400,-20669.766098554926,-20669.766098554926,-41339.53219710985,-0.07908091908717403,-4.18166886354553,0.05503656888102836,162298.7955674885,3782,3662,1315,3923,2708,2128
1401,-29424.408725718116,-29424.408725718116,-58848.81745143623,0.01138475336664912,-5.178624462214458,0.055077870268889384,163335.88152972487,3565,3742,1452,3547,3128,2084
1402,-26778.858048777198,-26778.858048777198,-53557.716097554396,0.5715512062064859,-4.939480897405489,0.05499810884578351,162284.15520157682,3953,3648,1158,3436,3563,1760
1403,-21939.577055860125,-21939.577055860125,-43879.15411172025,0.6573653281223271,-4.298554165662702,0.05502980409151494,162560.97117979097,3566,3946,1247,3783,2991,1985
1404,-22489.219560331105,-22489.219560331105,-44978.43912066221,0.5968629106835576,-3.116702774571924,0.05519080581157431,162287.51127320953,4190,3363,1206,3162,3548,2049
1405,-14903.474396058213,-14903.474396058213,-29806.948792116425,0.6948636648332268,-3.1446811536759163,0.05520899543490275,162151.78189570614,3088,4412,1259,3641,3373,1745
1406,-20654.211534220583,-20654.211534220583,-41308.42306844117,-0.07314493712585346,-3.912287553946623,0.05495504122966795,161972.10392747383,3762,3774,1223,3680,3172,1907
1407,-23057.148829327954,-23057.148829327954,-46114.29765865591,0.6251846804088286,-3.725594971399837,0.05499662377788666,162185.03757673543,3998,3701,1060,4290,2565,1904
1408,-24031.252375825796,-24031.252375825796,-48062.50475165159,1.0008545935822915,-3.4055907778858425,0.0549530567317669,161735.1255870783,3064,4588,1107,3952,2947,1860
1409,-24783.153901101006,-24783.153901101006,-49566.30780220201,0.6957388396903679,-3.970975680864533,0.05494729952143128,161233.3201372463,3675,3727,1357,4603,2446,1710
1410,-24575.525751121808,-24575.525751121808,-49151.051502243616,0.838362045956489,-4.225462977155109,0.055000972945735305,162169.97801471665,3638,3848,1273,3805,3090,1864
1411,-15937.04060879524,-15937.04060879524,-31874.08121759048,1.0275248998519484,-2.39666288005846,0.055117454621934854,162579.12905649934,4578,2994,1187,2904,3978,1877
1412,-16327.425610771536,-16327.425610771536,-32654.85122154307,0.9192149095359293,-3.003311858087905,0.054826458822584564,162563.54481433684,4394,3208,1157,3899,2937,1923
1413,-23998.85999932248,-23998.85999932248,-47997.71999864496,1.621685976094807,-3.514943835472253,0.05489611282620469,161304.0881451324,4000,3593,1166,4240,2882,1637
1414,-21255.976681681306,-21255.976681681306,-42511.95336336261,0.9778915607438793,-4.482544921647145,0.05512452417615327,162299.54999442177,3900,3514,1345,3494,3506,1759
1415,-18486.570311788142,-18486.570311788142,-36973.140623576284,1.2180771689660368,-3.675158545412624,0.05485479417363912,160641.25972525313,3151,4315,1293,4078,3279,1402
1416,-30494.104608107107,-30494.104608107107,-60988.209216214214,-0.19311096680626386,-4.632396854767566,0.05501055754115245,162365.11802092002,4887,2746,1126,3639,3097,2023
1417,-26416.217488346756,-26416.217488346756,-52832.43497669351,0.4231667806223191,-5.128951960298344,0.05500531910487791,162586.97560553375,3457,4024,1278,3354,3373,2032
1418,-25393.11428215099,-25393.11428215099,-50786.22856430198,0.6065682784443882,-4.410755621844247,0.054904734012900205,161790.4912182379,4061,3365,1333,3321,3761,1677
1419,-25555.804413723024,-25555.804413723024,-51111.60882744605,0.49894191016826117,-4.509713290357519,0.05504149704384613,162380.23030249667,3391,4037,1331,3352,3552,1855
1420,-19120.45771443387,-19120.45771443387,-38240.91542886774,0.8704970733538681,-3.736614478780014,0.055213157488484446,162874.47797767064,2360,5156,1243,3407,3424,1928
1421,-20771.65863724628,-20771.65863724628,-41543.31727449256,0.9650072317473157,-4.552175018804636,0.055063133484762224,162343.44110638477,3953,3500,1306,3309,3460,1990
1422,-17682.827189586664,-17682.827189586664,-35365.65437917333,1.223122591834664,-3.143480728478742,0.05486467663559417,160825.32424483908,4522,3214,1023,3878,3298,1583
1423,-19538.55003245202,-19538.55003245202,-39077.10006490404,0.5465196348988269,-3.8380347337350837,0.054821836811209786,161197.02520017073,5016,2659,1084,4210,2742,1807
1424,-24180.944241785004,-24180.944241785004,-48361.88848357001,0.33055442883954794,-4.764423860302971,0.05510256114173732,162199.51255491612,4572,2824,1363,3806,2922,2031
1425,-12755.032816745765,-12755.032816745765,-25510.06563349153,0.8164779463682309,-2.080317602910378,0.05490834545147267,161033.6100033761,4323,3359,1077,3952,3043,1764
1426,-23518.82886547315,-23518.82886547315,-47037.6577309463,1.6479802457606687,-4.242957891847147,0.054720151839829874,161957.5893339778,3678,3916,1165,3986,2979,1794
1427,-21038.933423934057,-21038.933423934057,-42077.866847868114,0.29559467631733005,-4.350068974855334,0.05479812763293757,161219.7462344786,4293,3043,1423,4278,2444,2037
1428,-26150.277333891325,-26150.277333891325,-52300.55466778265,1.069943996351861,-3.777176417846659,0.05487083128772908,161574.90102340214,3505,3852,1402,3377,3520,1862
1429,-18012.582481297468,-18012.582481297468,-36025.164962594936,1.2591171682313913,-3.8327624257729025,0.0548819359112289,160571.65527298208,3472,4046,1241,3803,3422,1534
1430,-19507.999092203052,-19507.999092203052,-39015.998184406104,1.2319656929582266,-2.889309785004999,0.05492415155792327,161844.2033606521,2887,4776,1096,4109,2947,1703
1431,-19088.991137637197,-19088.991137637197,-38177.98227527439,1.1686726789024513,-3.1391753565649285,0.05499716221392038,162091.15029539994,2927,4729,1103,3555,3547,1657
1432,-24333.742689825758,-24333.742689825758,-48667.485379651516,0.5823074863448606,-5.0042552742699415,0.05490576167929792,162981.39013754317,3396,4218,1145,3690,3057,2012
1433,-22710.777068779542,-22710.777068779542,-45421.554137559084,1.5580589994621505,-3.9629759538942553,0.055122342614057164,161389.84728983254,3861,3732,1166,3799,3370,1590
1434,-22426.0425669297,-22426.0425669297,-44852.0851338594,0.2999346857037369,-6.58065251109052,0.055053337128492995,161081.60149109561,4343,3279,1137,3571,3553,1635
1435,-17190.749870540414,-17190.749870540414,-34381.49974108083,-0.35442902092766115,-3.7965259616960063,0.05497062234272692,162003.7829158901,4133,3464,1162,4274,2535,1950
1436,-23485.13099711211,-23485.13099711211,-46970.26199422422,0.08746014950709378,-5.137667941077347,0.05512842581467646,161943.28280144875,4035,3532,1192,3603,3368,1788
1437,-13726.050244212754,-13726.050244212754,-27452.10048842551,0.8580169158317944,-2.308979250962781,0.055005790011688496,161969.72418579593,3672,3842,1245,3964,2908,1887
1438,-23712.6221433166,-23712.6221433166,-47425.2442866332,0.6128870292092714,-3.7818313592403747,0.054837885049829595,161210.1669648358,4122,3431,1206,3934,2816,2009
1439,-21293.04934235276,-21293.04934235276,-42586.09868470552,0.5115747179739841,-4.056339717585045,0.05493392699061878,161464.97570309162,3586,3978,1195,3843,3220,1696
1440,-18193.999608717753,-18193.999608717753,-36387.99921743551,0.8230163204316464,-3.7140850666268346,0.054946902210897666,161555.52269892592,3908,3479,1372,4313,2684,1762
1441,-16231.886292891451,-16231.886292891451,-32463.772585782903,0.448248691341192,-2.5056557929392635,0.05519483139769348,162191.34057882422,4785,2890,1084,3361,3596,1802
1442,-20025.999678716045,-20025.999678716045,-40051.99935743209,1.0787818089940668,-2.7480997558998577,0.05466684148093074,161542.79872425226,3943,3676,1140,4085,2860,1814
1443,-22585.95914864023,-22585.95914864023,-45171.91829728046,1.0560959303365987,-3.580168931139712,0.05485857689573954,162800.785289849,3495,4078,1186,4240,2651,1868
1444,-22481.754427337983,-22481.754427337983,-44963.508854675965,0.10554405601530246,-4.960845356777596,0.05508014326557846,162415.43008874447,3686,3763,1310,3415,3630,1714
1445,-21790.97287074496,-21790.97287074496,-43581.94574148992,-0.2412385684009158,-4.287547806549046,0.055055998098236504,162531.88291386128,3846,3656,1257,3573,3398,1788
1446,-24570.597509645664,-24570.597509645664,-49141.19501929133,-0.17098583599058628,-4.901612525643204,0.0551053932428023,161813.35047940438,4363,3238,1158,3903,3256,1600
1447,-23888.391638092467,-23888.391638092467,-47776.783276184935,-0.08641796982660298,-4.306570106836365,0.05477626702730606,162425.04791592644,3518,4216,1025,3655,2899,2205
1448,-22437.993684691537,-22437.993684691537,-44875.987369383074,0.20752353598219514,-4.182643077705206,0.05507454152031928,162136.4150293277,3616,3967,1176,3860,2937,1962
1449,-29967.46024286103,-29967.46024286103,-59934.92048572206,-0.5258797045102132,-5.332560574518774,0.05494500483992114,163654.13913701876,3281,4267,1211,3377,3020,2362
1450,-16305.595511839518,-16305.595511839518,-32611.191023679035,0.9152324423916798,-3.4998466549308023,0.05488268020269504,159968.5337545038,4672,2987,1100,4047,3310,1402
1451,-22068.627934925797,-22068.627934925797,-44137.25586985159,0.6749312058442138,-4.423341551980542,0.05492590798059891,161269.74611716534,3689,3830,1240,4112,2960,1687
1452,-22863.704181485675,-22863.704181485675,-45727.40836297135,0.2437231244046304,-5.15620014116278,0.05495305208699588,161566.647496078,3408,4249,1102,4200,2780,1779
1453,-24923.219777200582,-24923.219777200582,-49846.439554401164,0.12400145823298268,-5.1165460747791185,0.05498442738646001,160741.53785016827,3740,3749,1270,3674,3596,1489
1454,-21108.481841255783,-21108.481841255783,-42216.96368251157,0.649242434079866,-4.053342267015464,0.0550985407392566,162523.46478295402,3874,3430,1455,3904,2924,1931
1455,-22467.3010547535,-22467.3010547535,-44934.602109507,0.7991192355764118,-3.801945397632903,0.0548609896788011,161083.73249283733,4138,3259,1362,3945,2999,1815
1456,-17924.746336553057,-17924.746336553057,-35849.49267310611,1.6162821990875997,-2.9125009134048634,0.05496605866697075,161176.0532008992,4193,3248,1318,3521,3629,1609
1457,-17974.635137059056,-17974.635137059056,-35949.27027411811,1.1604760384086616,-3.2565697339609616,0.05488563376493372,160504.06854219752,3819,3675,1265,3733,3606,1420
1458,-24291.850010733728,-24291.850010733728,-48583.700021467455,0.945211190542685,-3.500494475276896,0.05487902500856835,161690.7456123677,3522,4060,1177,3617,3293,1849
1459,-20323.52033626796,-20323.52033626796,-40647.04067253592,0.2775301921866346,-4.401586497078633,0.05519131832176944,162050.25935629016,4003,3756,1000,3954,3004,1801
1460,-15276.769098817244,-15276.769098817244,-30553.538197634487,1.239283501497452,-3.4009365796561672,0.055165469634331846,161461.0620445001,3752,3721,1286,3906,3294,1559
1461,-20478.638867629765,-20478.638867629765,-40957.27773525953,-0.5704071128039664,-5.200182506922357,0.05490771281150229,161062.66106625393,4058,3401,1300,3880,3040,1839
1462,-20222.478354708303,-20222.478354708303,-40444.956709416605,1.0315878693566858,-3.4563561885033316,0.0551498510348893,161722.73969854665,4321,2932,1506,3646,3229,1884
1463,-17754.081085555365,-17754.081085555365,-35508.16217111073,0.6816402069617251,-4.155033383264827,0.05513034364144077,161727.70657692966,4007,3473,1279,4064,3057,1638
1464,-20682.821733490782,-20682.821733490782,-41365.643466981564,0.4229160503091058,-4.506676554711848,0.0551177361609388,163198.5153450984,3286,4058,1415,3773,2918,2068
1465,-17643.978088296622,-17643.978088296622,-35287.956176593245,0.2346380808904433,-3.7316064235450495,0.05484647209836015,160896.9935854846,4418,3332,1009,3615,3459,1685
1466,-20671.77798601477,-20671.77798601477,-41343.55597202954,1.1862443453524472,-3.45710089265018,0.05506756242509757,161618.97108455974,4526,2807,1426,3863,3304,1592
1467,-25305.018149089767,-25305.018149089767,-50610.03629817953,-0.8555630219673506,-5.742366297668759,0.05483625744636317,162076.9130285391,4464,3034,1261,3610,2751,2398
1468,-24414.214263232767,-24414.214263232767,-48828.428526465534,-0.40540420318567616,-5.034529041549726,0.05531366987652942,162879.94517753535,4296,3177,1286,3703,3208,1848
1469,-18913.162295167578,-18913.162295167578,-37826.324590335156,0.29377105057950975,-4.085625269373116,0.05511462516091187,161029.55237143606,4003,3589,1167,3886,3318,1555
1470,-20885.12565175688,-20885.12565175688,-41770.25130351376,0.8673067490999846,-3.634312611817152,0.054872720911608414,161887.19430218395,3710,4021,1028,3360,3409,1990
1471,-21252.270474786423,-21252.270474786423,-42504.540949572845,-0.8500086618881522,-4.155877507956152,0.05490688759876612,163006.2394685677,3036,4467,1256,3607,2831,2321
1472,-22109.06386114123,-22109.06386114123,-44218.12772228246,-0.7757360390602942,-4.949748258193182,0.055319700835470546,163499.25727350177,3701,3964,1094,3736,2831,2192
1473,-19599.681081751594,-19599.681081751594,-39199.36216350319,0.39440659297583475,-3.8720944997792976,0.05510031495662323,163308.74188919336,2731,4778,1250,3695,2792,2272
1474,-18419.711315154607,-18419.711315154607,-36839.422630309215,0.25011796738415976,-3.2205140780792405,0.0551353688009603,163242.95302489464,3975,3442,1342,3412,3331,2016
1475,-27918.529612989205,-27918.529612989205,-55837.05922597841,0.9587946590481969,-4.862959038110268,0.05492828583032643,161675.00890451673,3837,3673,1249,3859,3180,1720
1476,-25770.438116587782,-25770.438116587782,-51540.876233175564,-0.3337314591560763,-5.7114392747661284,0.05487417845589433,161561.48154613897,4330,3239,1190,3640,3398,1721
1477,-24111.58429365751,-24111.58429365751,-48223.16858731502,-0.017799600411110273,-5.022058917941804,0.05497881000399352,161181.3767053954,4585,2918,1256,3991,2902,1866
1478,-16087.478418036966,-16087.478418036966,-32174.956836073932,0.2715224784676283,-3.303855096148924,0.055107120614893805,161742.57823966528,3843,3519,1397,3802,3448,1509
1479,-14198.709564097606,-14198.709564097606,-28397.41912819521,0.14649970432979448,-3.5669935520566125,0.0550956577122273,162515.9234202789,4588,2883,1288,3595,3485,1679
1480,-15938.732991292438,-15938.732991292438,-31877.465982584876,1.3524151154582431,-2.8462657387042674,0.05494923304688093,160895.5766058382,4877,2512,1370,3904,3241,1614
1481,-23964.00006414699,-23964.00006414699,-47928.00012829398,0.989220512754708,-4.722890293872198,0.054920911410255804,161777.66311723972,3288,4354,1117,4168,2839,1752
1482,-24425.151908352495,-24425.151908352495,-48850.30381670499,0.7179212962069722,-4.70320492128124,0.05507105200835256,161736.19140375752,3991,3356,1412,3233,3903,1623
1483,-23881.7174252593,-23881.7174252593,-47763.4348505186,-0.3052464236552567,-5.741881172447912,0.05510630967149219,161912.26861407998,2936,4584,1239,3683,3277,1799
1484,-27941.482886956368,-27941.482886956368,-55882.965773912736,0.9009291398562778,-4.755112615386077,0.0547609740827658,162620.82732815025,4104,3343,1312,3464,3364,1931
1485,-16321.502418413083,-16321.502418413083,-32643.004836826167,1.6494278402376028,-2.6491919427283346,0.05497656325583499,161788.00473291668,3938,3534,1287,4012,3065,1682
1486,-20806.24059875159,-20806.24059875159,-41612.48119750318,0.9835528673028218,-3.6563335050147323,0.05494771047058124,164281.2554486002,3089,4465,1205,3337,2957,2465
1487,-21329.890514138195,-21329.890514138195,-42659.78102827639,0.10976661514815439,-4.430098183212154,0.054846312503509596,161222.16346350225,3952,3744,1063,3888,2808,2063
1488,-19434.909061073202,-19434.909061073202,-38869.818122146404,0.2139440358681334,-4.283142740332122,0.05484357226276309,161903.7032711569,3786,3862,1111,3839,3098,1822
1489,-23134.485654554057,-23134.485654554057,-46268.971309108114,-0.15236656259103812,-5.0637894474997704,0.05478269603907269,161785.06391935164,3419,4352,988,3818,3051,1890
1490,-16267.667165140789,-16267.667165140789,-32535.334330281577,0.7289860272793557,-3.1828158049292496,0.054725571183649055,161252.9477765601,4374,3106,1279,4122,2910,1727
1491,-17142.32101928414,-17142.32101928414,-34284.64203856828,0.7760138371771963,-3.2771764478190173,0.05494969001784871,160882.34394505754,3739,4013,1007,3936,3146,1677
1492,-16123.475309592077,-16123.475309592077,-32246.950619184154,0.2607423796978679,-3.0705466711715776,0.054973785260993495,161164.79745370036,4436,3057,1266,4075,3141,1543
1493,-16714.304672619113,-16714.304672619113,-33428.60934523823,0.6494759077631553,-3.221073625160803,0.05505669607676508,162124.45339763528,3440,4152,1167,3244,3696,1819
1494,-22947.95942570031,-22947.95942570031,-45895.91885140062,0.07581134960551032,-4.295684672551641,0.05503160699373089,161382.5043168294,3917,3350,1492,3616,3339,1804
1495,-17268.681861025245,-17268.681861025245,-34537.36372205049,0.3111406662325533,-3.280114818997028,0.05516231762788649,162306.65873793053,3364,4368,1027,3230,3828,1701
1496,-23064.359618675986,-23064.359618675986,-46128.71923735197,0.185803865995235,-3.717941953739067,0.0549282733510563,160960.76410676743,4480,3275,1004,4126,2985,1648
1497,-17883.236435023202,-17883.236435023202,-35766.472870046404,0.3535591312982575,-3.2889718295756234,0.054982816172536135,161273.06274518344,3587,4123,1049,3999,3065,1695
1498,-21813.872624954187,-21813.872624954187,-43627.745249908374,0.6364531716265488,-2.8214539728224954,0.0549948118691111,161858.01050550875,4171,3313,1275,3824,3150,1785
1499,-21501.457253829754,-21501.457253829754,-43002.91450765951,0.14068169021520094,-3.7693835472603183,0.05461948320791156,161311.00100762353,4065,3577,1117,4495,2364,1900
1500,-21667.55844871948,-21667.55844871948,-43335.11689743896,0.786458577906456,-3.662484530050542,0.05507344397950111,162613.27035488834,3632,3897,1230,3714,3119,1926
1501,-14187.705000500513,-14187.705000500513,-28375.410001001026,0.11194377963858342,-3.5897804754633538,0.05516858990079862,162530.2126923504,3242,4084,1433,3318,3581,1860
1502,-21433.243573832206,-21433.243573832206,-42866.48714766441,0.04544703538539229,-4.48319091061201,0.055051523652336516,162197.43159813964,4502,3152,1105,3639,3181,1939
1503,-16374.160306466587,-16374.160306466587,-32748.320612933174,1.3384126316577665,-3.381623527073254,0.05501184465618295,161314.69187809364,3775,3772,1212,3960,3218,1581
1504,-12543.820014822353,-12543.820014822353,-25087.640029644706,0.7701178125084536,-2.406047569301606,0.055156940997690515,161395.12188223755,4368,3259,1132,3554,3620,1585
1505,-21347.196718241037,-21347.196718241037,-42694.393436482074,-0.06292210259007683,-4.9886566728313255,0.05518518494910599,162770.40050898233,3183,4350,1226,3611,3505,1643
1506,-21161.03648511564,-21161.03648511564,-42322.07297023128,0.07913653999218984,-4.695670453599753,0.05480071508357318,161370.27562213724,4114,3406,1239,3876,3067,1816
1507,-19508.45637619927,-19508.45637619927,-39016.91275239854,1.730163560936505,-3.3766920004291348,0.05472911969145102,160865.6546857927,4296,3246,1217,3963,2958,1838
1508,-24077.180486667192,-24077.180486667192,-48154.360973334384,0.2418296987535108,-4.454427693265231,0.05510181550419614,162414.43035679226,3863,3733,1163,3441,3331,1987
1509,-16582.536864239744,-16582.536864239744,-33165.07372847949,0.38112258522367054,-3.6722575661802304,0.055086770829615245,163033.65364703976,4119,3533,1107,3533,3271,1955
1510,-18990.91655043313,-18990.91655043313,-37981.83310086626,-0.05782125636896339,-4.7092659042431,0.05476603883420122,162441.4621071909,3171,4206,1382,3961,2608,2190
1511,-16705.831702471252,-16705.831702471252,-33411.663404942505,0.8610234147697832,-3.035596351710763,0.054737427343619284,161924.84086047104,3382,4114,1263,3980,2926,1853
1512,-16506.40404928079,-16506.40404928079,-33012.80809856158,1.6295532965387245,-2.578826503293989,0.054854506345707675,161064.08559511282,4045,3555,1159,4037,3207,1515
1513,-15770.676150820704,-15770.676150820704,-31541.352301641407,0.4558438789380727,-3.126883774384652,0.055080390152235134,162491.83696531825,4309,3366,1084,3239,3963,1557
1514,-18794.809851193273,-18794.809851193273,-37589.619702386546,0.21140517156347122,-4.144961368856054,0.05474817919956381,162039.00447239054,3547,4062,1150,3797,2702,2260
1515,-16252.289798092927,-16252.289798092927,-32504.579596185853,0.9381726118685073,-3.484946125849509,0.05479361737129722,161626.79387731428,3798,3828,1133,4191,2546,2022
1516,-20024.622179875816,-20024.622179875816,-40049.24435975163,-0.19040394011375347,-4.6069322552353045,0.05516681846520309,162090.67899225903,4645,3004,1110,3330,3775,1654
1517,-20699.694399227454,-20699.694399227454,-41399.38879845491,0.22668166181165264,-3.5602896204832915,0.055071034836944886,163364.3349370907,4026,3632,1101,3595,3037,2127
1518,-26266.21563933066,-26266.21563933066,-52532.43127866132,-0.0353124181093581,-5.629177806371858,0.05502912030918115,162767.58102997355,3353,4203,1203,3508,3454,1797
1519,-17442.217163821257,-17442.217163821257,-34884.43432764251,0.6022122581807611,-3.52587662804619,0.0549272556314674,162283.0493644909,4109,3299,1351,3960,2728,2071
1520,-20233.065551156968,-20233.065551156968,-40466.131102313935,-0.00829802245859466,-4.515575671689458,0.05484790584168585,162098.03501348407,4498,3193,1068,3957,2576,2226
1521,-19683.455610942412,-19683.455610942412,-39366.911221884824,-0.49071578626979195,-4.336830378582694,0.05513247326520259,162354.28067899446,5074,2648,1037,3152,3668,1939
1522,-23659.020723087757,-23659.020723087757,-47318.04144617551,0.2110768999182887,-4.516656792424791,0.054978846962014584,163720.30273046938,4400,3322,1037,3470,2953,2336
1523,-21284.963983164238,-21284.963983164238,-42569.927966328476,-0.5769011583496232,-4.81687865859815,0.05521982924411062,162438.4286165888,3855,3611,1293,3547,3288,1924
1524,-12694.535602702868,-12694.535602702868,-25389.071205405737,0.5105660381008474,-2.6537487280904393,0.05540874884731829,162207.37076362563,4737,2692,1330,3353,3955,1451
1525,-23825.569453756783,-23825.569453756783,-47651.13890751357,0.0891231383265243,-4.475881700232206,0.0548217878970173,161982.55843764517,3399,4202,1158,4015,2659,2085
1526,-17843.31266720099,-17843.31266720099,-35686.62533440198,0.5851978910519909,-3.3749367242546526,0.055013086386738276,162637.3357143855,3487,4207,1065,3747,3344,1668
1527,-14852.191680956177,-14852.191680956177,-29704.383361912354,-1.3891192581007827,-4.6328547564624305,0.054798077256085306,162094.81057245328,3305,4331,1123,3903,3160,1696
1528,-17579.399008627166,-17579.399008627166,-35158.79801725433,-0.7497751739631727,-4.513180162802387,0.0550287662499669,162633.50350443224,4869,2539,1351,3634,3135,1990
1529,-12552.673702966966,-12552.673702966966,-25105.34740593393,-0.25819552839195004,-3.2036090828499026,0.05525351201263471,162247.45572228404,2856,4588,1315,3762,3537,1460
1530,-18982.11249549494,-18982.11249549494,-37964.22499098988,-0.9952366865271874,-4.7194654769916236,0.05489002723205162,161047.16721791902,3125,4487,1147,4115,2777,1867
1531,-20523.03263456765,-20523.03263456765,-41046.0652691353,-0.395028693957635,-4.837422617204753,0.054870665686466334,161587.93741088518,3603,3963,1193,3692,3418,1649
1532,-17262.581979404862,-17262.581979404862,-34525.163958809724,-1.3935340019443978,-5.176289829810897,0.0549493349565662,161581.13306441504,4560,3164,1035,3566,3096,2097
1533,-15477.589170112185,-15477.589170112185,-30955.17834022437,-0.45079730674495855,-4.2342726714942565,0.054696576732594336,160744.74580199,3481,4234,1044,4232,2685,1842
1534,-26079.82391067467,-26079.82391067467,-52159.64782134934,-0.7631408619833442,-5.494417717069268,0.054935347885638953,160871.22035971246,4709,2883,1167,3513,3352,1894
1535,-16053.532707002156,-16053.532707002156,-32107.06541400431,-0.27617379450180346,-3.4589739813095344,0.054845320204571335,162746.75776753103,3599,4062,1098,3899,2936,1924
1536,-15193.051957526755,-15193.051957526755,-30386.10391505351,0.1071697464185258,-3.559651434008791,0.055180786967314356,163185.67586345936,3992,3712,1055,3704,3078,1977
1537,-16732.120975481477,-16732.120975481477,-33464.241950962954,0.10158203989913797,-4.060937445339433,0.055069046159045204,162448.62853499354,4556,3150,1053,3587,3422,1750
1538,-15990.85232628246,-15990.85232628246,-31981.70465256492,0.9194942378720347,-3.4648276472675175,0.05502821998600718,160715.63137603135,3641,3782,1336,4180,3012,1567
1539,-18234.2449285721,-18234.2449285721,-36468.4898571442,-0.3021301272905976,-4.027346504400713,0.05483378387828124,162215.53591566315,3903,3695,1161,3804,3008,1947
1540,-15617.117832919494,-15617.117832919494,-31234.235665838987,0.3325156482894365,-3.5069968660297133,0.05516012826440974,162612.86389212345,3270,4306,1183,3572,3440,1747
1541,-18092.184110648825,-18092.184110648825,-36184.36822129765,-0.17642060187989236,-4.355053106048635,0.05504185394317123,163632.64446095497,3150,4572,1037,3505,3170,2084
1542,-13111.898676871333,-13111.898676871333,-26223.797353742666,0.34730834899011226,-2.7400860588491653,0.05522418459149417,161821.0491247535,4466,3270,1023,3541,3588,1630
1543,-18167.61775635547,-18167.61775635547,-36335.23551271094,0.1959815726208825,-3.0990565826456193,0.054992455637307085,161775.82206294467,4460,3146,1153,3792,3168,1799
1544,-17076.152952570075,-17076.152952570075,-34152.30590514015,0.02669489344586948,-3.535684070753621,0.05516842024415743,162614.29271889201,3934,3776,1049,3852,2685,2222
1545,-17936.942902674455,-17936.942902674455,-35873.88580534891,-0.7411932408734693,-4.310713030034957,0.054892571668669884,159905.16759777095,3876,3471,1412,4600,2494,1665
1546,-15750.962380667494,-15750.962380667494,-31501.924761334987,-0.25513282072548643,-3.6685724346289064,0.055053164213689595,161132.71924216524,4406,3012,1341,3427,3791,1541
1547,-17254.496617747514,-17254.496617747514,-34508.99323549503,0.43734909931034505,-3.3345297031394394,0.0551297117616528,162133.24794648064,2647,4967,1145,3974,2988,1797
1548,-13086.201097103256,-13086.201097103256,-26172.402194206512,-0.0028958111317846954,-2.753531957473531,0.05509939352776579,162932.7447969555,3764,3850,1145,3799,2684,2276
1549,-17029.90245115156,-17029.90245115156,-34059.80490230312,-0.14925542085971313,-3.9003573455228784,0.05515642313248955,161776.05254859244,4229,3183,1347,3429,3573,1757
1550,-15501.688324954008,-15501.688324954008,-31003.376649908016,-0.09705707196148816,-3.6933355261757,0.05488312776611441,160677.97121679437,3313,4046,1400,4014,3006,1739
1551,-18081.426139569558,-18081.426139569558,-36162.852279139115,0.19981697813106453,-3.289049195663698,0.05484880572102225,162356.83190627382,4202,3569,988,3423,3123,2213
1552,-12924.613494687115,-12924.613494687115,-25849.22698937423,0.7374920814735456,-1.8962273959250302,0.054791710756164624,161031.81921537724,3619,4132,1008,4268,2812,1679
1553,-23831.56011312102,-23831.56011312102,-47663.12022624204,-1.0311653810040484,-4.813535750567332,0.055005981770900915,162131.26063440982,4040,3452,1267,3507,2994,2258
1554,-18558.086684270253,-18558.086684270253,-37116.173368540505,-0.6653602756499734,-4.392767187788809,0.05494907178135809,162297.12572744137,4156,3309,1294,3819,3007,1933
1555,-11953.677858979248,-11953.677858979248,-23907.355717958497,0.22214750954218143,-2.8742565995907294,0.05515885138971831,161886.94163820092,4592,3256,911,3860,3231,1668
1556,-15346.460826234645,-15346.460826234645,-30692.92165246929,-1.1008666657206903,-4.329123797712486,0.055356190330186295,162492.22018334852,4430,3041,1288,2995,3814,1950
1557,-15173.026502466691,-15173.026502466691,-30346.053004933383,0.3142175597146814,-2.4292643440157526,0.05479868809507387,163314.30370378765,2944,4585,1230,3896,2694,2169
1558,-14990.904066851548,-14990.904066851548,-29981.808133703096,0.7855628932076557,-2.4259965965389005,0.055030034842579734,160731.7480273915,4196,3557,1006,4214,3002,1543
1559,-19633.058591720594,-19633.058591720594,-39266.11718344119,-0.5485071703439559,-4.233476663477153,0.054942900432368616,163472.39648785026,3521,4029,1209,3541,2873,2345
1560,-16046.197948088045,-16046.197948088045,-32092.39589617609,0.7590581554715669,-2.829742188565847,0.055189898806811515,161657.20536670755,2935,4763,1061,3460,3732,1567
1561,-21900.107878264753,-21900.107878264753,-43800.215756529506,-0.20363137279222887,-4.104572948551783,0.054861963734483904,160543.92496182543,4705,2933,1121,3482,3250,2027
1562,-18780.259829396822,-18780.259829396822,-37560.519658793644,0.944663617170477,-2.545145904376175,0.054829465669980884,161581.3700321141,4435,3179,1145,4124,2719,1916
1563,-14895.855701598963,-14895.855701598963,-29791.711403197925,0.8114335727639589,-2.5686911199111475,0.05502351930175903,161571.60278605478,3058,4460,1241,4434,2873,1452
1564,-16525.335949184533,-16525.335949184533,-33050.671898369066,1.4022397411778584,-2.332495867788165,0.055032662993217046,162431.76089597095,3767,3949,1043,3353,3583,1823
1565,-16525.376964067163,-16525.376964067163,-33050.75392813433,1.8860745315849743,-2.4490017745789503,0.054827605802553754,160217.51500892444,3898,3858,1003,3980,3295,1484
1566,-18837.61382468128,-18837.61382468128,-37675.22764936256,0.6805856082342009,-3.4163412977042182,0.05501521229362107,161854.73392027954,3516,4172,1071,3564,3686,1509
1567,-19774.873544992475,-19774.873544992475,-39549.74708998495,-0.9641816204772663,-4.075785110360391,0.0551567286799535,164197.74351057014,4724,2696,1339,3273,3105,2381
1568,-14646.9855465975,-14646.9855465975,-29293.971093195,-0.3434472847357403,-4.317236596649906,0.055123260408979594,161231.66425270223,4283,3319,1157,3726,3452,1581
1569,-14987.987410984706,-14987.987410984706,-29975.974821969412,0.31495003681655415,-3.2404076241488697,0.05506911052922822,162081.33944100735,3131,4635,993,3832,2971,1956
1570,-14875.854993749066,-14875.854993749066,-29751.709987498132,0.16386753883341965,-2.9274872025246963,0.05510720950554624,161681.36080270816,4323,3389,1047,4029,3012,1718
1571,-15480.163368245705,-15480.163368245705,-30960.32673649141,-0.06314341551020196,-3.3611304806130287,0.0550316117709878,162269.3850552099,4365,3352,1042,3893,3081,1785
1572,-12367.541824106345,-12367.541824106345,-24735.08364821269,0.18115797429834543,-2.8024083044238237,0.055224556862591596,162238.80982600377,3945,3645,1169,3166,3912,1681
1573,-15451.205003568995,-15451.205003568995,-30902.41000713799,-0.5513004663670794,-3.7722341535921275,0.05499725582325577,161312.93352115277,4704,3074,981,4151,2815,1793
1574,-20314.591560109533,-20314.591560109533,-40629.183120219066,0.3090005955678279,-3.6498062361591983,0.05484838306947186,160828.52489680794,4995,2821,943,4043,2813,1903
1575,-17559.135737506815,-17559.135737506815,-35118.27147501363,0.19838935418675172,-3.8426486288690462,0.05485937236342528,160928.30343459506,4648,3026,1085,3771,3297,1691
1576,-14518.293314658764,-14518.293314658764,-29036.586629317528,0.13410766593964155,-3.597156352168374,0.05503660042107648,161518.9787845631,4366,3139,1254,4160,2815,1784
1577,-15051.355820830473,-15051.355820830473,-30102.711641660946,-0.1978186578704438,-2.3669082522613736,0.05478546768544276,161614.42246193113,3625,3976,1158,3971,2964,1824
1578,-13491.565334600155,-13491.565334600155,-26983.13066920031,-0.3861506502939183,-3.6719926875053486,0.05514487321807205,162312.15736252078,4247,3419,1093,3815,3248,1696
1579,-13084.123388099588,-13084.123388099588,-26168.246776199176,0.8082681905763069,-2.3050353248299964,0.05512749660158155,162018.38523982483,3300,4474,985,3606,3455,1698
1580,-9591.192347428045,-9591.192347428045,-19182.38469485609,-0.08829888254559796,-3.006884390255508,0.05483497066597338,160389.080129859,3216,4086,1457,4420,2784,1555
1581,-18610.88776098571,-18610.88776098571,-37221.77552197142,0.38826615898275996,-4.149599878161041,0.054814605572520915,162432.38343225693,2819,4733,1207,4004,2754,2001
1582,-16938.602269075996,-16938.602269075996,-33877.20453815199,0.054845387346332604,-4.071557447107635,0.055182007008964605,162772.79203630798,3164,4379,1216,3483,3791,1485
1583,-16094.753150171531,-16094.753150171531,-32189.506300343062,0.3351931415412427,-3.836365274718136,0.05501970938343409,162114.2492170721,4387,3234,1138,3597,3409,1753
1584,-23722.37237669098,-23722.37237669098,-47444.74475338196,-0.5801378566171512,-5.983488769132457,0.055330838868778674,163151.83179940862,3954,3662,1143,2921,3774,2064
1585,-18428.494970212276,-18428.494970212276,-36856.98994042455,-0.5239315687262468,-5.263524916913096,0.055144763795909324,163821.14111478513,4463,3035,1261,2906,3248,2605
1586,-16908.199122525584,-16908.199122525584,-33816.39824505117,-0.09356551485587332,-4.217604876393035,0.05500602223838054,162357.14576974817,3837,3899,1023,3922,2740,2097
1587,-12168.15796989948,-12168.15796989948,-24336.31593979896,-0.20505881894186614,-3.9861274981648958,0.05492208436091482,161882.62487698955,2899,4455,1405,3569,3543,1647
1588,-18252.93646815334,-18252.93646815334,-36505.87293630668,-0.1340050985792307,-4.378748656429834,0.05482317280339163,159716.40385314726,5098,2324,1337,4092,2872,1795
1589,-12093.592054599454,-12093.592054599454,-24187.184109198908,0.46701012411618686,-3.6632389255556914,0.05475841024560933,160292.46053002687,3495,4024,1240,4396,2805,1558
1590,-19538.028070843397,-19538.028070843397,-39076.05614168679,0.29534258281530307,-4.780921271586495,0.0546833463028018,161014.78538759882,4399,3144,1216,4079,2581,2099
1591,-16617.024947341357,-16617.024947341357,-33234.049894682714,0.44082032007252064,-3.5370796638660464,0.054920356957930606,161319.5862685753,3634,3766,1359,4457,2579,1723
1592,-16481.12603606332,-16481.12603606332,-32962.25207212664,-0.9357500905256063,-4.398606604061649,0.055053966794864344,162265.3590346825,4101,3476,1182,4170,2639,1950
1593,-9531.464558196112,-9531.464558196112,-19062.929116392224,0.40966996315295034,-2.1007821155700235,0.05504668076989911,161734.6595622834,3827,3896,1036,3193,4264,1302
1594,-11196.598061758334,-11196.598061758334,-22393.196123516667,1.3387336031801955,-2.401047190274604,0.05500544732489321,160095.29265454217,4273,3269,1217,4562,2685,1512
1595,-13168.899092517577,-13168.899092517577,-26337.798185035153,-0.27556355088626694,-3.292352584778639,0.05512295850972651,161441.25738074645,4860,2854,1045,4326,2844,1589
1596,-15725.462047741401,-15725.462047741401,-31450.924095482802,0.5955124656667645,-2.8694641528663603,0.054865197738763395,161629.1698166063,3475,4028,1256,4130,2586,2043
1597,-16832.23431280901,-16832.23431280901,-33664.46862561802,-0.8608777580768271,-4.307862225864695,0.05516935847502659,163006.01233342694,3789,3955,1015,3006,3421,2332
1598,-21793.93517065515,-21793.93517065515,-43587.8703413103,-0.6549841959204591,-4.744282189556534,0.0553413085239215,163928.05862132268,2941,4602,1216,3001,3546,2212
1599,-13537.729836597537,-13537.729836597537,-27075.459673195073,0.636559103671197,-2.492562862684228,0.055012246941701204,161574.96344112983,3233,4344,1182,3727,3358,1674
1600,-17702.22189057721,-17702.22189057721,-35404.44378115442,0.4726900613139547,-3.8013792314271626,0.05491035768129541,162210.3284062996,4472,3178,1109,3807,2848,2104
1601,-14037.845142605656,-14037.845142605656,-28075.690285211313,0.7158616956430566,-2.7680703681795324,0.05501512383291651,160972.41795887923,4083,3584,1092,3492,3857,1410
1602,-13352.667972135881,-13352.667972135881,-26705.335944271763,0.2725569660995037,-2.7245822631366288,0.05481973005115731,162481.51349566315,3166,4358,1235,3881,2944,1934
1603,-19155.455678046423,-19155.455678046423,-38310.911356092845,0.1985467260184959,-3.283112244073856,0.05501833479061979,162451.2999726622,5207,2274,1278,3977,2754,2028
1604,-13563.287338145596,-13563.287338145596,-27126.57467629119,0.9993058936922514,-2.6458455238715493,0.05524420483357729,161794.43756092511,3633,3948,1178,4138,3012,1609
1605,-16424.77310367237,-16424.77310367237,-32849.54620734474,0.891198760027337,-3.238582139214579,0.05480263382298736,161381.51403055943,3678,3917,1164,3803,3065,1891
1606,-15892.915213502236,-15892.915213502236,-31785.830427004472,0.24677999441604312,-3.49663568899441,0.05502292982350958,163240.21050647766,3752,3719,1288,3752,3079,1928
1607,-17542.615886186508,-17542.615886186508,-35085.231772373016,0.2142136468802901,-3.170384015892546,0.05499775421626092,161512.24279284023,3486,4172,1101,4178,2902,1679
1608,-13816.996772815468,-13816.996772815468,-27633.993545630936,1.3418437754145958,-2.499589842425482,0.05498477991122316,161041.41869978202,3574,4051,1134,4126,3022,1611
1609,-15187.692359460076,-15187.692359460076,-30375.38471892015,-0.28295298077024983,-2.9349169314248837,0.05515765457372748,163458.6143528974,4111,3519,1129,3038,3833,1888
1610,-13127.919787961222,-13127.919787961222,-26255.839575922444,0.1275034851132162,-2.540963263284034,0.055053035754607425,161998.2104659391,3589,4140,1030,3928,3183,1648
1611,-18738.179683023107,-18738.179683023107,-37476.359366046214,1.0163253926154305,-3.0132133798747804,0.055092936639647865,163389.8761170623,4111,3428,1220,3546,3205,2008
1612,-13580.303068111987,-13580.303068111987,-27160.606136223974,0.6192978185893127,-3.077476102088542,0.05507644535357493,161515.55207282116,3473,3846,1440,3819,3342,1598
1613,-13744.904101172224,-13744.904101172224,-27489.808202344448,0.7574620439037053,-2.6460808325575735,0.05497922389103157,161105.21000170166,3882,3433,1444,4021,3121,1617
1614,-11511.561084292242,-11511.561084292242,-23023.122168584483,1.6323201147148543,-1.3807328772237553,0.055210179539994346,161769.85365435435,4079,3518,1162,3386,3736,1637
1615,-9659.35452803802,-9659.35452803802,-19318.70905607604,0.33654950406704975,-1.732615426875038,0.05481884697570462,161075.63865544286,5073,2751,935,4606,2250,1903
1616,-14610.544963172846,-14610.544963172846,-29221.089926345692,0.38264176851718434,-2.3600733332451984,0.05484275580038959,161608.33794978308,4257,3308,1194,3438,3451,1870
1617,-17350.812360489796,-17350.812360489796,-34701.62472097959,0.5931558598500887,-3.5063766326622328,0.05512594541359632,161127.0672297722,4322,3382,1055,4338,2879,1542
1618,-21982.226618193978,-21982.226618193978,-43964.453236387955,0.5943363000968845,-3.887961672240067,0.05496074746342792,162711.4673866216,4115,3514,1130,3615,2960,2184
1619,-18518.530709999253,-18518.530709999253,-37037.06141999851,0.6696012060671326,-3.647178493406577,0.054716285846926546,161030.64754573302,4471,3223,1065,4352,2786,1621
1620,-14957.522823820114,-14957.522823820114,-29915.04564764023,-0.04024973444422167,-4.052509819930253,0.055037739309113126,162060.55451769533,2973,4751,1035,3880,2966,1913
1621,-13110.95993982264,-13110.95993982264,-26221.91987964528,0.31457961593220884,-3.454088942264406,0.05497977530149695,161410.21532853934,3398,4304,1057,4261,2749,1749
1622,-18539.595110111375,-18539.595110111375,-37079.19022022275,0.25934399962669447,-4.230506552066468,0.055132614909500575,162376.74646045035,3198,4587,974,3672,3127,1960
1623,-16627.704136640627,-16627.704136640627,-33255.40827328125,-0.06588127288367981,-3.9796448531688764,0.05516487585793835,161764.48771583964,4464,3097,1198,3740,3176,1843
1624,-10513.295403826314,-10513.295403826314,-21026.59080765263,0.3280791044366474,-2.355300699667345,0.05524476771279137,161857.44293656212,4111,3498,1150,3526,3660,1573
1625,-13905.593297306248,-13905.593297306248,-27811.186594612496,-0.7147539567670534,-3.9880849857467515,0.054941078799479466,161711.66634879852,3879,3669,1211,3655,3284,1820
1626,-17629.673571855485,-17629.673571855485,-35259.34714371097,0.7590788062690282,-3.1875814372164495,0.055151717681398024,161330.80005968513,4760,2625,1374,3562,3436,1761
1627,-16859.303596689522,-16859.303596689522,-33718.607193379044,0.2290884759328854,-2.939683864846673,0.054992198136897166,163558.15939698665,3282,4584,893,3244,3587,1928
1628,-15647.584028197669,-15647.584028197669,-31295.168056395338,0.6646258795859755,-3.5789718201241376,0.054908838538565194,161649.26308102842,4527,3229,1003,4126,2909,1724
1629,-9277.189148094076,-9277.189148094076,-18554.37829618815,-0.2599766562013407,-2.642354012552638,0.054995165073874086,160857.51887969612,4388,3388,983,4069,2959,1731
1630,-10593.72950504459,-10593.72950504459,-21187.45901008918,0.010945326449742518,-3.290834232436714,0.05508081361736295,160115.17381729145,4564,3209,986,4122,3402,1235
1631,-12435.142168929875,-12435.142168929875,-24870.28433785975,-0.2573725004255772,-3.0889342341704835,0.05508994948872902,161953.20328842907,3049,4239,1471,4290,2737,1732
1632,-11785.594127778093,-11785.594127778093,-23571.188255556186,-0.4736352894045441,-3.427262754657092,0.05491131040634151,160627.63478985004,3585,3798,1376,3677,3198,1884
1633,-13043.603538040747,-13043.603538040747,-26087.207076081493,-0.89290395989484,-3.785816825836678,0.05476183564172786,159467.88856438413,4170,3633,956,4644,2445,1670
1634,-10682.478565695621,-10682.478565695621,-21364.957131391242,-0.11548119125790683,-2.7536576728096245,0.055134472020013994,162008.21120488754,4285,3428,1046,3975,2805,1979
1635,-13517.632904587903,-13517.632904587903,-27035.265809175806,-0.2102553305865653,-3.3565024850496794,0.0549051734470214,162017.05890025749,3966,3857,936,3716,3193,1850
1636,-13724.963301909745,-13724.963301909745,-27449.92660381949,-0.2392498842875239,-3.7562027638692403,0.054950349403675006,162120.3024523115,3174,4298,1287,4061,2921,1777
1637,-17092.116443600567,-17092.116443600567,-34184.232887201135,0.5646688923299675,-2.9880024264689804,0.0551043075893429,161059.35389595985,4615,2672,1472,4084,2815,1860
1638,-6871.337745429207,-6871.337745429207,-13742.675490858413,0.8019737506735398,-1.907984240468364,0.0552112001936406,161219.30925631052,3461,4145,1153,4086,3407,1266
1639,-15588.003476075186,-15588.003476075186,-31176.006952150372,-1.4268418166131152,-3.8046299093683595,0.054802832512623516,162627.0381578506,3540,4140,1079,3844,2604,2311
1640,-14081.409419308406,-14081.409419308406,-28162.81883861681,0.6356562708120471,-2.672153972675546,0.054814096490280066,160719.4335991692,3728,3446,1585,4606,2551,1602
1641,-11574.678663165061,-11574.678663165061,-23149.357326330122,0.9470897058880903,-1.715168639438832,0.05510386580122127,162045.20273963374,3356,4440,963,3545,3441,1773
1642,-10328.78690974803,-10328.78690974803,-20657.57381949606,2.070208299237808,-0.9651103512014637,0.0548848616363238,161089.64684700675,5199,2466,1094,3888,3421,1450
1643,-11385.284204587178,-11385.284204587178,-22770.568409174357,1.5959145280413376,-2.1455732983827085,0.055229381275790954,162269.09696306268,3974,3644,1141,3481,3502,1776
1644,-12245.511510496963,-12245.511510496963,-24491.023020993925,0.5629338053260763,-2.3518658617075183,0.05501713269711477,161015.40080804742,3597,4097,1065,3926,3128,1705
1645,-23841.609145392857,-23841.609145392857,-47683.21829078571,-0.5811517374162586,-4.765176692880508,0.055214346183451196,163005.20575976535,3761,4040,958,3279,3135,2345
1646,-11519.5887887813,-11519.5887887813,-23039.1775775626,0.48518569834019104,-2.491765060785793,0.054974567749876004,162492.46449202867,3338,4312,1109,3631,3281,1847
1647,-13940.786158040439,-13940.786158040439,-27881.572316080877,0.10323942987539732,-2.594973804086379,0.05514024132028323,162466.53483834097,3480,4313,966,4073,2518,2168
1648,-17628.345880269037,-17628.345880269037,-35256.69176053807,0.5115665021497952,-3.058111114274679,0.054987436691742046,161230.56409878383,5014,2678,1067,4074,2942,1743
1649,-13949.83420187461,-13949.83420187461,-27899.66840374922,0.03328181914619756,-3.265032244394554,0.055259144769434304,162761.7305391472,4315,3353,1091,3730,3436,1593
1650,-13372.61533240374,-13372.61533240374,-26745.23066480748,-0.6035502474322629,-3.66307039323424,0.05496189633871121,160332.29196423388,4604,2769,1386,4197,3098,1464
1651,-16138.373344037327,-16138.373344037327,-32276.746688074654,-0.3752781484335785,-4.354211441515594,0.055095065627281704,162631.39374144713,3703,3847,1209,3628,2999,2132
1652,-14568.333238379915,-14568.333238379915,-29136.66647675983,0.1414987065592598,-3.369315596911476,0.055144883465945746,163086.83579142904,4528,3239,992,3649,3497,1613
1653,-12723.458778307504,-12723.458778307504,-25446.917556615008,-0.238132336404108,-3.223604863654375,0.05496127389785559,161667.68966977898,4155,3076,1528,3942,2718,2099
1654,-11920.039085898505,-11920.039085898505,-23840.07817179701,0.7317517099689428,-2.472121286294241,0.05502133217028019,162161.11869045312,3710,4178,871,3344,3674,1741
1655,-15063.53924055581,-15063.53924055581,-30127.07848111162,0.10981830585415683,-3.5843985851958866,0.05492982274252772,161270.09106227275,4320,3360,1079,4349,2639,1771
1656,-14879.950864133643,-14879.950864133643,-29759.901728267287,0.2674246953014934,-3.825882878400053,0.055057289254863626,161482.4347452642,3544,4081,1134,4120,2801,1838
1657,-12622.016703035246,-12622.016703035246,-25244.03340607049,-0.6525350855898868,-3.039621483856479,0.05504154017974655,161265.2951267215,4612,3286,861,3605,3279,1875
1658,-16861.03355598331,-16861.03355598331,-33722.06711196662,0.19950605124263543,-2.8935626482017254,0.05502299788862656,162641.72039502836,3982,3542,1235,3429,3483,1847
1659,-11235.15470279453,-11235.15470279453,-22470.30940558906,0.656207225444724,-2.3683819424299752,0.0550393598693132,161517.89144858829,3615,4124,1020,4159,3134,1466
1660,-8220.29134698825,-8220.29134698825,-16440.5826939765,2.1797275084026193,-1.0901521868908706,0.05500617312068795,160340.49158213154,4069,3469,1221,3895,3678,1186
1661,-17403.361481387652,-17403.361481387652,-34806.722962775304,0.5443416871592476,-3.767614319915678,0.05500069664318649,162546.22544737815,4171,3605,983,3638,2894,2227
1662,-11493.720094470878,-11493.720094470878,-22987.440188941757,-0.023667053612781014,-3.1842200461911325,0.054980984281237294,160379.64508695164,4273,3413,1073,4153,3204,1402
1663,-14557.604727312795,-14557.604727312795,-29115.20945462559,0.601572044859996,-3.5638962939517107,0.05503587578587281,160485.34786596202,4637,2744,1378,3952,3495,1312
1664,-8545.7517806518,-8545.7517806518,-17091.5035613036,0.5286063130745715,-2.050016674865979,0.055205458433894294,161267.6123817888,4474,3292,993,3768,3618,1373
1665,-10557.945149042545,-10557.945149042545,-21115.89029808509,1.1123011355699557,-1.5749044616287198,0.05493801642548954,161317.55086765726,4878,2565,1316,4102,2901,1756
1666,-11731.99399831338,-11731.99399831338,-23463.98799662676,0.20436176238600434,-2.596840136084029,0.054781270287443354,160520.65750970293,4645,3037,1077,4482,2535,1742
1667,-14417.772878074242,-14417.772878074242,-28835.545756148484,0.3483457481678133,-2.9850592994353846,0.05489462831232484,162008.62412308675,3532,3890,1337,4076,2791,1892
1668,-13894.052822550648,-13894.052822550648,-27788.105645101296,0.5731789116393421,-3.3960675141744274,0.055131198792208694,161446.95781276206,4147,3406,1206,3904,3235,1620
1669,-11201.242294565325,-11201.242294565325,-22402.48458913065,1.4686011019383778,-1.9139868123184236,0.05497003778944023,160489.5258821687,3305,4212,1242,4302,3095,1362
1670,-12846.022265789783,-12846.022265789783,-25692.044531579566,1.0579898247814297,-2.538753229813276,0.05522910574560172,161840.91441100065,3926,3582,1251,3470,3799,1490
1671,-11499.851115967456,-11499.851115967456,-22999.702231934913,0.23585002832575327,-2.096228314802428,0.05518784653414939,162790.0261726624,4830,3102,827,3116,3785,1858
1672,-16422.619179037956,-16422.619179037956,-32845.23835807591,0.10124215750977127,-3.8615730864820472,0.0549775809179973,160786.35328964557,3870,3497,1392,4028,2987,1744
1673,-13222.388834025962,-13222.388834025962,-26444.777668051924,-0.23996032644794302,-3.5531044538178445,0.05533391430752649,161437.67092353423,4430,3403,926,3869,3516,1374
1674,-18391.7831726012,-18391.7831726012,-36783.5663452024,0.6449841043444833,-3.307043143970166,0.054774359608665404,161350.08209424606,3322,4149,1288,4393,2449,1917
1675,-6366.161400837142,-6366.161400837142,-12732.322801674283,0.9107680377889527,-2.534301410563082,0.054897685782945016,161161.12723561592,3312,4201,1246,3778,3565,1416
1676,-13602.649479051941,-13602.649479051941,-27205.298958103882,-0.023361212111282066,-3.5279219528416106,0.05487239538403253,160666.45596649864,4930,2463,1366,3514,3325,1920
1677,-12371.57214046847,-12371.57214046847,-24743.14428093694,0.22863031348078355,-3.179562765786046,0.05489664053768693,161169.3620419337,4231,3271,1257,4195,3064,1500
1678,-12010.417194650548,-12010.417194650548,-24020.834389301097,-0.018450924990533208,-3.005537038614232,0.05490831166643138,161515.81112579355,3237,4447,1075,4669,2260,1830
1679,-8622.91815182834,-8622.91815182834,-17245.83630365668,0.7796431013722334,-2.076889566485426,0.05509959912507045,160529.1065994883,3417,4294,1048,4151,3179,1429
1680,-11143.579577465962,-11143.579577465962,-22287.159154931924,-0.7513435115161905,-3.5564665642296993,0.055066614153791875,161449.91617839687,3524,4010,1225,4006,3156,1597
1681,-8768.014324140704,-8768.014324140704,-17536.028648281408,-0.3048423973406564,-2.9167502283393687,0.05517324990896264,161497.5534205592,3653,3980,1126,3611,3662,1486
1682,-14503.685873240122,-14503.685873240122,-29007.371746480243,-0.21385615934096125,-3.6341675516916627,0.0551071135993855,161519.63128517848,4098,3420,1241,4015,3107,1637
1683,-11150.792366142728,-11150.792366142728,-22301.584732285457,0.42654473223867545,-3.227175188714828,0.05501737218929089,160915.62860766944,3906,3789,1064,4233,2861,1665
1684,-9999.778782113537,-9999.778782113537,-19999.557564227074,-1.1804134018420438,-3.5270519664658364,0.05495953099327283,161186.41541769748,4363,3160,1236,4213,2811,1735
1685,-13749.675496641828,-13749.675496641828,-27499.350993283657,0.5611622922918319,-3.175599892805338,0.05507070875059882,161717.17678652215,2844,4642,1273,3755,3386,1618
1686,-15226.258071416107,-15226.258071416107,-30452.516142832214,-0.9907417477624524,-4.374823460611649,0.05511046451087138,161569.29171307714,3538,4077,1144,4135,2910,1714
1687,-11804.140975800417,-11804.140975800417,-23608.281951600835,-0.7573204744136555,-3.354534462927581,0.05520715635113509,162289.1074112193,4149,3298,1312,3127,3805,1827
1688,-9866.529940080536,-9866.529940080536,-19733.059880161072,0.917294776549202,-1.8415057506757049,0.054920602909445705,159751.0033131232,4548,2998,1213,4243,3150,1366
1689,-7343.979769485447,-7343.979769485447,-14687.959538970894,0.30470344164111973,-2.7963024620409227,0.054875359028989525,159553.0582500205,3750,3792,1217,4727,2625,1407
1690,-15249.191150202714,-15249.191150202714,-30498.38230040543,0.4073786633668303,-3.729777801072214,0.05499739069910188,162436.9214744794,4173,3569,1017,3775,3127,1857
1691,-13912.611848296592,-13912.611848296592,-27825.223696593184,-0.8553439926455944,-3.7739984596888085,0.055090265573732096,162795.83141130873,4158,3525,1076,3151,3711,1897
1692,-8217.897409676358,-8217.897409676358,-16435.794819352715,-0.08246248114970561,-2.462519265441466,0.05504047516485783,161298.4511837666,3767,3703,1289,4015,3121,1623
1693,-5403.773903597003,-5403.773903597003,-10807.547807194005,-0.242700529286879,-1.8272305999830005,0.055139481761995277,161096.71504260806,3681,3992,1086,3972,3222,1565
1694,-12855.296275182325,-12855.296275182325,-25710.59255036465,-0.15269372787149954,-2.733227873511638,0.05526216774316802,162646.61533688963,2720,5093,946,3294,3707,1758
1695,-10389.588826379268,-10389.588826379268,-20779.177652758535,0.05850373420219197,-2.311896923616888,0.054751169774384344,159853.21660305493,4112,3456,1191,4543,2961,1255
1696,-14198.908530569679,-14198.908530569679,-28397.817061139358,0.2562511707366979,-2.555471090433097,0.05480996545522739,161200.1966348687,4060,3681,1018,4241,2524,1994
1697,-6509.331212324117,-6509.331212324117,-13018.662424648233,0.5863777197544043,-1.9402117365529057,0.05506736612782274,160471.22129722024,4177,3383,1199,4060,3457,1242
1698,-11444.408394373879,-11444.408394373879,-22888.816788747758,0.5040603050386964,-1.9643890313174013,0.05506194573334087,162936.390012069,4039,3745,975,3713,3312,1734
1699,-5523.429151166457,-5523.429151166457,-11046.858302332914,-0.44390212680218594,-1.8037570885998206,0.05490689551172621,159908.61225954286,4469,3343,947,4149,3290,1320
1700,-11304.812814812944,-11304.812814812944,-22609.625629625887,-0.19217344983359627,-2.871735235739038,0.05496802298580552,161041.073756908,4615,2813,1331,3903,3268,1588
1701,-17109.416790368865,-17109.416790368865,-34218.83358073773,-0.30773634803723054,-3.6526793911527125,0.05472910948167841,162009.77318143912,4565,3171,1023,4082,2562,2115
1702,-13412.339574283393,-13412.339574283393,-26824.679148566785,-0.6800231239714539,-3.2566425093447915,0.055116206361345114,161969.1689180792,3548,4148,1063,4098,2637,2024
1703,-8453.221510088484,-8453.221510088484,-16906.44302017697,0.1191598783555713,-2.9590559818274635,0.05487857718846245,160452.00348006692,3491,4179,1089,4329,2513,1917
1704,-21819.956255406923,-21819.956255406923,-43639.91251081385,-0.9701908890262104,-5.838331278133951,0.054750252951559504,162092.09375873485,3887,3811,1061,3807,2715,2237
1705,-11815.946809202827,-11815.946809202827,-23631.893618405655,-0.07097597686559858,-3.546018918653979,0.05498169636872599,162372.56210328656,3090,4407,1262,3679,3363,1717
1706,-12539.06729474033,-12539.06729474033,-25078.13458948066,-0.4337547100158878,-3.599870834284311,0.05474542788350466,160457.97830715234,4022,3826,911,4851,2312,1596
1707,-9847.832998563941,-9847.832998563941,-19695.665997127882,0.282774380773611,-2.54330928673674,0.05494151968446998,162882.24698879285,3837,3959,963,3851,3113,1795
1708,-14005.050458395459,-14005.050458395459,-28010.100916790918,-0.013353931889702257,-3.1692508642169854,0.05500334270989394,161738.78326029857,3057,4690,1012,3424,3681,1654
1709,-13200.813806560254,-13200.813806560254,-26401.62761312051,0.1837332862631573,-2.8817788353175,0.054883465954506105,161341.42721509532,3980,3701,1078,4138,2873,1748
1710,-16469.693504713774,-16469.693504713774,-32939.38700942755,-1.0800472787509128,-5.494522390483821,0.05496463552564541,161222.00479097682,4271,3520,968,3757,3171,1831
1711,-8759.164026478114,-8759.164026478114,-17518.32805295623,-0.28066143484167055,-3.0259126697187892,0.05500855057531536,160661.8201373982,4187,3727,845,3973,3405,1381
1712,-11463.944088907605,-11463.944088907605,-22927.88817781521,0.06227702389635142,-2.9004897487371513,0.05515255952151056,163312.81579767264,3658,4203,898,3013,3816,1930
1713,-14413.212531704936,-14413.212531704936,-28826.42506340987,0.6095546219464478,-3.0483030062483483,0.05500519874357904,161207.78653594275,3138,4503,1118,4043,3261,1455
1714,-15998.993831691483,-15998.993831691483,-31997.987663382966,-0.054341738651391185,-3.442664270169805,0.05522752025174209,162724.9187955564,3823,3896,1040,3826,3243,1690
1715,-17037.522869767654,-17037.522869767654,-34075.04573953531,-0.914894200233538,-4.006736921453461,0.05493810750813935,161372.6905675995,3606,3724,1429,4210,2949,1600
1716,-14450.861045974641,-14450.861045974641,-28901.722091949283,-0.9683090444476433,-3.8631248981472797,0.05495789993667844,162199.37605631212,4440,3252,1067,3884,2762,2113
1717,-8843.442833859706,-8843.442833859706,-17686.885667719413,-0.29686592080747276,-2.7117615354818985,0.05510357374648128,162489.15738533717,4452,3306,1001,3582,3434,1743
1718,-11226.169469548819,-11226.169469548819,-22452.338939097637,-0.5388609917092225,-2.5174656466378273,0.054836908608513445,162362.1900318983,4184,3367,1208,4026,2671,2062
1719,-16552.525321057656,-16552.525321057656,-33105.05064211531,-0.4723128914529589,-3.999182614202628,0.05492580138719942,162825.89601566963,4043,3515,1201,3674,3198,1887
1720,-7617.3659384846205,-7617.3659384846205,-15234.731876969241,-0.1376566643992749,-1.9050766642272228,0.05518788819536355,161665.39733121844,3542,4106,1111,3876,3454,1429
1721,-16642.671040213587,-16642.671040213587,-33285.342080427174,-0.12291418709687568,-4.112225991840658,0.054775187195646675,160357.07493185162,4015,3471,1273,4113,3054,1592
1722,-11110.97275086722,-11110.97275086722,-22221.94550173444,1.0660030224034887,-2.556257491185281,0.054969210531002795,161750.52256468232,3359,4291,1109,4263,2637,1859
1723,-15517.192136167796,-15517.192136167796,-31034.384272335592,-0.5028896341371506,-4.225157351356363,0.05500880237714509,162073.65811128955,4036,3500,1223,4106,2653,2000
1724,-9480.302594523879,-9480.302594523879,-18960.605189047757,0.5140434557779884,-2.2001797288313014,0.05471678831553709,158762.06381357528,5124,2770,865,4497,2748,1514
1725,-11489.501321526137,-11489.501321526137,-22979.002643052274,0.38264229010189493,-2.9712181110215865,0.055052120652897885,162708.75997400648,2722,5000,1037,3321,3815,1623
1726,-12935.456845657765,-12935.456845657765,-25870.91369131553,-0.7149524367104608,-2.880004652176242,0.055080045343008026,162223.3978436429,4817,2812,1130,3884,2766,2109
1727,-9338.188854194568,-9338.188854194568,-18676.377708389136,-0.6845074333367744,-2.8701604527806053,0.05537106219837736,162398.17416143822,2522,5186,1051,3115,3812,1832
1728,-13022.423815898896,-13022.423815898896,-26044.84763179779,-0.17320245242545326,-3.051522151539312,0.05488724643363603,161537.42607274468,3793,3980,986,3971,2958,1830
1729,-13614.744858134625,-13614.744858134625,-27229.48971626925,-0.329997692094588,-2.9780477351092323,0.05508651462408824,161868.73930699404,4428,3363,968,3974,2944,1841
1730,-8618.367348977867,-8618.367348977867,-17236.734697955733,-0.4155429979371316,-2.296646022453298,0.05511304104154227,161631.85530494925,4013,3702,1044,3409,3536,1814
1731,-9728.047509690008,-9728.047509690008,-19456.095019380016,0.5214913751816803,-2.631652322409114,0.05498453180151845,159473.73218122427,4601,3119,1039,3882,3409,1468
1732,-13106.612452906851,-13106.612452906851,-26213.224905813702,0.3491814927068463,-2.7263208667403287,0.054932199276164086,160702.15130381737,3301,4452,1006,4440,2708,1611
1733,-2791.960765779785,-2791.960765779785,-5583.92153155957,0.34599659155024626,-1.316734553192138,0.05477674316330658,160886.43260830897,4758,2935,1066,3662,3455,1642
1734,-13219.02190917303,-13219.02190917303,-26438.04381834606,-0.6584654973211731,-3.191639266131677,0.055210211420813136,164417.24002037672,2689,5103,967,3085,3323,2351
1735,-7426.4033642398335,-7426.4033642398335,-14852.806728479667,0.6899581212818895,-1.9321959663859996,0.05512804978438686,161628.8732846921,3583,4078,1098,3969,3396,1394
1736,-14276.609715397672,-14276.609715397672,-28553.219430795343,0.45276978721564365,-2.916536237229218,0.0552049853892119,161260.74647216918,4953,2489,1317,3388,4081,1290
1737,-4899.219892508157,-4899.219892508157,-9798.439785016313,0.9689765223204065,-1.5516079716915356,0.05524864533404418,161474.66619648246,4663,3063,1033,3712,3752,1295
1738,-8622.484600603671,-8622.484600603671,-17244.969201207343,0.5449021780028074,-1.2579135190682658,0.054792226480613056,159676.63343403736,5158,2318,1283,4772,2452,1535
1739,-12716.833064272896,-12716.833064272896,-25433.666128545792,0.6676857697386073,-3.0594401424867943,0.05500188591145584,160750.46761225935,3172,4691,896,4305,2808,1646
1740,-10380.87174214822,-10380.87174214822,-20761.74348429644,0.7775611221152416,-2.1445928281937645,0.05497986318545069,160024.6881906679,5070,2473,1216,4371,2962,1426
1741,-12006.041781455024,-12006.041781455024,-24012.083562910047,-0.15587167687258435,-3.734738187255427,0.05497573777485324,162844.23977168853,3842,3911,1006,3669,2789,2301
1742,-9484.635128403808,-9484.635128403808,-18969.270256807617,0.506981653553483,-2.6491442151245455,0.05500796872409093,161266.60310672555,4228,3520,1011,4131,3047,1581
1743,-6070.089488600006,-6070.089488600006,-12140.178977200012,0.7531867072256458,-1.4491348951394467,0.055107340138535216,162096.03277715432,3091,4416,1252,4113,2935,1711
1744,-9285.253135564953,-9285.253135564953,-18570.506271129907,1.5474824805499658,-1.9368601220945696,0.05458001819907242,158910.27370147972,4619,3018,1122,4250,3085,1424
1745,-10541.215397719214,-10541.215397719214,-21082.430795438428,0.2631415021313553,-2.522476057743756,0.055053619356492334,162633.37682800237,3337,4501,921,3867,2947,1945
1746,-10172.661940668353,-10172.661940668353,-20345.323881336706,0.3104608749841431,-2.6177015546764677,0.05523042587624639,162359.89159363325,4506,3061,1192,3520,3275,1964
1747,-9613.990319355882,-9613.990319355882,-19227.980638711764,-0.192610084675498,-2.8011542913861316,0.05494393577784807,162326.60991981448,3758,4120,881,4364,2217,2178
1748,-8082.596534385847,-8082.596534385847,-16165.193068771694,1.160118739539669,-1.9486159783929309,0.05484899603216016,161024.26279718248,3877,3464,1418,3800,3419,1540
1749,-13765.694075738558,-13765.694075738558,-27531.388151477116,-0.3604182456106161,-3.299174929792923,0.054917572648282946,162447.26767864294,4085,3156,1518,3700,2973,2086
1750,-11782.203810487717,-11782.203810487717,-23564.407620975435,0.38950695607578145,-3.6976418669415296,0.05466667097320549,160587.63215326497,4020,3721,1018,5021,2158,1580
1751,-3777.505622818465,-3777.505622818465,-7555.01124563693,0.43538971534263343,-1.8479598399361115,0.05528722822423715,163173.86865099674,4445,3455,859,3277,3955,1527
1752,-10196.297284468194,-10196.297284468194,-20392.594568936387,-1.9630934013271424,-4.425883631992622,0.055122240427704236,161209.89675059382,4662,2863,1234,3363,3579,1817
1753,-7417.579081204747,-7417.579081204747,-14835.158162409494,0.20368971518015794,-2.307168220617651,0.055062322703683504,161171.01218815337,2926,4815,1018,4146,3057,1556
1754,-10881.671002816794,-10881.671002816794,-21763.34200563359,-0.5804038819669098,-3.4742736400968735,0.05486914934800034,161064.80598461482,3572,3926,1261,4232,3012,1515
1755,-11011.364682395384,-11011.364682395384,-22022.729364790768,-1.348959732996994,-3.553353173443842,0.05514146750751455,162375.4090245801,2683,5017,1059,3856,3112,1791
1756,-8048.159183374682,-8048.159183374682,-16096.318366749363,-0.49579352234256785,-2.939108638044476,0.054922882239121285,162816.75194428576,2727,4823,1209,4449,2451,1859
1757,-13848.686348862604,-13848.686348862604,-27697.372697725208,-0.5261905960505686,-3.781155112455029,0.05503614474605204,161061.8406909732,3617,3609,1533,3296,4003,1460
1758,-12947.9979601621,-12947.9979601621,-25895.9959203242,-2.0509124437586514,-3.886008384315836,0.05500066864137662,162315.66822356055,4080,3696,983,3580,3071,2108
1759,-9931.088286559492,-9931.088286559492,-19862.176573118984,-0.5761767325207731,-2.956803746653706,0.05510329305094378,160845.5217076648,4693,2606,1460,4031,3565,1163
1760,-7007.719988853672,-7007.719988853672,-14015.439977707343,-0.528041779596284,-1.9165226518606144,0.055093557845475885,162987.9338407585,4501,3206,1052,4204,2630,1925
1761,-10518.375248825816,-10518.375248825816,-21036.750497651632,0.42305067125797,-1.9362797985991929,0.0550553994004331,161490.30013582433,3217,4255,1287,3900,3481,1378
1762,-11649.567066290874,-11649.567066290874,-23299.13413258175,-0.40987395492277495,-2.7265159561356147,0.05504915913691932,162036.3131263627,5251,2508,1000,3383,3660,1716
1763,-13759.969566844844,-13759.969566844844,-27519.939133689688,-0.6732532321478172,-3.163590922000259,0.055000119517633415,162861.40900802906,3460,4265,1034,3961,2924,1874
1764,-9351.504548617722,-9351.504548617722,-18703.009097235445,-0.12939650237719888,-2.856749993812406,0.05506953532049468,161668.03330019186,3414,4181,1164,3283,3686,1790
1765,-8702.693059398145,-8702.693059398145,-17405.38611879629,0.6701192694940539,-2.4308472037440616,0.05489223249957532,161104.054585589,4652,2823,1284,3788,3525,1446
1766,-6279.343481696742,-6279.343481696742,-12558.686963393484,0.3643107603561391,-2.1345561904184076,0.05506502505378166,161619.30785833477,3685,3936,1138,4054,3057,1648
1767,-8802.228662964877,-8802.228662964877,-17604.457325929754,-0.7408836625345748,-3.264891964720147,0.05499604461334769,160752.066259444,3912,3505,1342,3538,3645,1576
1768,-9578.279186180722,-9578.279186180722,-19156.558372361444,-0.5970328435823106,-2.735602187787669,0.05522461983614869,162758.0867966759,4581,2963,1215,3541,3294,1924
1769,-6995.804200253993,-6995.804200253993,-13991.608400507987,-1.2466912084485022,-2.4308877551650716,0.05489866536400962,161806.7515494418,3382,4391,986,3901,2690,2168
1770,-9922.19931378735,-9922.19931378735,-19844.3986275747,-0.0022218050624140677,-2.0018998382712905,0.054751380788517524,160718.10395933455,3143,4551,1065,4394,2755,1610
1771,-13442.02224398562,-13442.02224398562,-26884.04448797124,-0.4814887208735339,-3.574508827844163,0.05488610278061615,160447.51543706423,4124,3428,1207,3729,3597,1433
1772,-9082.72122737067,-9082.72122737067,-18165.44245474134,-0.01271454192123909,-2.1874549349296233,0.05497933579154234,162406.6468286147,3351,4316,1092,3552,3462,1745
1773,-8973.974489192799,-8973.974489192799,-17947.948978385597,-0.7119817591696913,-2.8315839143966413,0.05510406610040636,160939.4783471557,4839,2919,1001,3983,3144,1632
1774,-12014.28606272609,-12014.28606272609,-24028.57212545218,-1.081417402795257,-4.042211063203109,0.054912312281832215,160675.29285509756,3561,4107,1091,4049,3117,1593
1775,-11675.754782110193,-11675.754782110193,-23351.509564220385,-1.1281400578492258,-3.4653333494142378,0.054747689508022,161814.50837380844,3812,3927,1020,4006,2613,2140
1776,-20085.354536173756,-20085.354536173756,-40170.70907234751,-0.9284313130389165,-4.115612946174205,0.05463365689677354,161684.60407897056,4377,3414,968,3719,2880,2160
1777,-6884.8889961484265,-6884.8889961484265,-13769.777992296853,-0.6226693595540815,-2.9921267943334238,0.05479707657556522,160387.39918761217,3396,4282,1081,3980,3047,1732
1778,-8550.823175357062,-8550.823175357062,-17101.646350714123,-0.4888882867512754,-2.8561132895743055,0.054679286241570646,161116.33042560832,3602,4127,1030,4160,2903,1696
1779,-14684.450885680346,-14684.450885680346,-29368.90177136069,-1.5784394609624501,-4.018537310437892,0.05518098974533315,161519.78437232302,3791,3643,1325,4175,2650,1934
1780,-14311.59488494621,-14311.59488494621,-28623.18976989242,-1.0518849708051046,-3.6540554116914428,0.055072840668930215,162323.67303329599,3338,4239,1182,3999,2787,1973
1781,-5739.3501036628095,-5739.3501036628095,-11478.700207325619,-0.6241715826728937,-2.0849358723775073,0.05497076080680064,161162.44212675138,4213,3308,1238,4037,2962,1760
1782,-5549.501141528659,-5549.501141528659,-11099.002283057318,0.73086959408991,-1.3261168287318843,0.05515774252571615,161615.70366207106,3462,4129,1168,3674,3597,1488
1783,-12765.188736034168,-12765.188736034168,-25530.377472068336,-0.790561567253916,-3.4796994068115663,0.05512839518037265,161663.02348528645,4001,3756,1002,3804,3323,1632
1784,-12728.158852838393,-12728.158852838393,-25456.317705676785,-0.4018379750311921,-2.659900936941103,0.05501479209245448,162124.05445050402,4360,3336,1063,3733,3182,1844
1785,-10985.780535091622,-10985.780535091622,-21971.561070183245,-0.2622336944532923,-3.003548679137584,0.05507213574696994,162665.6124655256,3308,4414,1037,3997,3026,1736
1786,-11234.739234087605,-11234.739234087605,-22469.47846817521,-1.1685731220672468,-3.0063008672335014,0.05497131466921445,162553.08463088554,3242,4306,1211,3438,3088,2233
1787,-9803.612782866598,-9803.612782866598,-19607.225565733195,-1.0446787730404128,-3.685678928273064,0.055187268323750496,162655.67770005873,4716,2968,1075,3277,3478,2004
1788,-3835.766852166805,-3835.766852166805,-7671.53370433361,-1.3917078678056698,-2.126618259863464,0.05517218549670033,161385.0349949591,4112,3646,1001,3766,3437,1556
1789,-10497.305266670459,-10497.305266670459,-20994.610533340918,-0.9800900818489346,-3.6127383507815134,0.05512898198951301,162339.52690853173,3358,4416,985,3842,3214,1703
1790,-13266.239371374257,-13266.239371374257,-26532.478742748513,-0.21990198866065877,-3.2011336214607202,0.054967683276159376,160599.5474469545,4461,3055,1243,4054,3013,1692
1791,-8754.405834804282,-8754.405834804282,-17508.811669608564,-0.47845648510743827,-2.3230163476930823,0.055005556751358035,160977.3976042574,4359,3342,1058,3610,3739,1410
1792,-7648.018315499834,-7648.018315499834,-15296.036630999668,-0.9548211812851984,-2.7201834822780913,0.05497688820993802,162048.45239822048,3662,3961,1136,3855,3058,1846
1793,-10333.869501733388,-10333.869501733388,-20667.739003466777,0.28526493323453583,-2.542455473580024,0.05504750826164807,160552.3490006372,3736,4091,932,3918,3713,1128
1794,-3751.5833134316736,-3751.5833134316736,-7503.166626863347,0.7921355642774607,-1.4771358895491087,0.05491716605649999,159840.22644259696,4167,3500,1092,4437,2988,1334
1795,-3765.8194504160747,-3765.8194504160747,-7531.638900832149,0.9857990261251619,-0.5218899566520904,0.05501540412830701,160986.55134123977,3396,4109,1254,4140,3001,1618
1796,-11203.370433916156,-11203.370433916156,-22406.74086783231,-0.2816383982775504,-2.3667280715141317,0.05483777019908399,161174.80491181219,3648,4115,996,4240,2932,1587
1797,-9142.893641543053,-9142.893641543053,-18285.787283086105,0.43607734710363,-1.8276617711685632,0.05476456762835265,161206.41801205013,3066,4480,1213,4279,3076,1404
1798,-9998.608313474148,-9998.608313474148,-19997.216626948295,-0.3554959930043208,-2.8771854608886107,0.05526791671241994,162080.16907692447,4901,2781,1077,3274,4002,1483
1799,-11953.597335834795,-11953.597335834795,-23907.19467166959,0.15158356591531255,-3.0358514968461603,0.055050511968859614,161137.54629604734,3669,3865,1225,4210,2978,1571
1800,-11728.31234806217,-11728.31234806217,-23456.62469612434,-0.521424802864821,-3.0956414278868274,0.05497395241687441,160737.2138490839,5206,2465,1088,4433,2885,1441
1801,-12764.934091062003,-12764.934091062003,-25529.868182124006,-0.6731936720142816,-3.032685085862544,0.05498828053975285,161878.09502257503,2765,4675,1319,4072,2976,1711
1802,-10093.192717569545,-10093.192717569545,-20186.38543513909,0.9904759937888232,-1.0151972779461345,0.05507395087189948,162574.67000210876,5659,2309,791,3658,3180,1921
1803,-6533.894981559015,-6533.894981559015,-13067.78996311803,-0.06791081899651863,-0.8844612500795117,0.054949661477129964,162155.15095473494,4360,3345,1054,3523,3157,2079
1804,-10957.41410217922,-10957.41410217922,-21914.82820435844,0.2962203586468976,-2.5506869498940326,0.05510170543250085,160777.1095397505,4384,3279,1096,4273,2890,1596
1805,-6283.633525458973,-6283.633525458973,-12567.267050917946,-0.38267407912192786,-1.5432040504380375,0.05495214638557824,161826.70758613758,3209,4561,989,3845,3028,1886
1806,-16960.056042911896,-16960.056042911896,-33920.11208582379,-1.3603363641705097,-4.4886792631623225,0.05494055349544105,161222.13386966535,4958,2805,996,3436,3484,1839
1807,-10427.771440623274,-10427.771440623274,-20855.542881246547,0.25007931184272186,-2.294807325715428,0.055083854005935226,161390.00245339793,4378,3435,946,4068,2908,1783
1808,-13344.356856528859,-13344.356856528859,-26688.713713057718,-0.6212143862199366,-3.358858635786623,0.055234569592971204,162707.58186307453,3022,4450,1287,3247,3937,1575
1809,-8906.114434600053,-8906.114434600053,-17812.228869200106,-0.16604262609548742,-2.0242278669563167,0.054693485287872164,161454.63409706717,3752,3919,1088,3976,2813,1970
1810,-16467.766336394696,-16467.766336394696,-32935.53267278939,-0.43914719286394854,-4.094548521690798,0.055021407874531955,161098.96785846315,4224,3478,1057,3630,3403,1726
1811,-10418.724371467324,-10418.724371467324,-20837.448742934648,0.381770074989836,-2.7367783626470223,0.05459702488910198,160822.94944921794,4525,3117,1117,4496,2484,1779
1812,-5630.920840135118,-5630.920840135118,-11261.841680270236,0.42697345498696954,-1.1441907345122957,0.05510113033353619,161430.51729621965,3864,3925,970,3701,3709,1349
1813,-5704.787289301269,-5704.787289301269,-11409.574578602538,0.026897756245645787,-1.2888689352088911,0.055015989354750196,162112.0255509059,4074,3551,1134,3252,3916,1591
1814,-7047.140671959096,-7047.140671959096,-14094.281343918192,0.40935045010550847,-0.7404089643152355,0.05507270567094825,160737.50948868648,2518,5212,1029,4039,3455,1265
1815,-13404.697567051224,-13404.697567051224,-26809.395134102448,-1.4402926857905958,-3.80863610453424,0.0547959184022499,161360.70926077932,4558,2902,1299,4165,2520,2074
1816,-11786.091466121705,-11786.091466121705,-23572.18293224341,-0.0680717200644486,-2.8097167033871844,0.05501487299725345,162283.67777210317,3181,4706,872,3677,3641,1441
1817,-17418.30097598685,-17418.30097598685,-34836.6019519737,-1.5783792010581175,-4.928537144677717,0.054936923764770315,162487.99105228923,4994,2754,1011,3666,2706,2387
1818,-6937.670973883387,-6937.670973883387,-13875.341947766774,0.3647303734782913,-2.1050475925360512,0.05508173986157155,162717.8288466091,3257,4571,931,3770,2936,2053
1819,-5691.452822355013,-5691.452822355013,-11382.905644710027,0.3777178725719719,-2.338052371774795,0.05520897002305931,162430.37645273833,3454,4206,1099,3836,3317,1606
1820,-13575.170200538407,-13575.170200538407,-27150.340401076814,-0.7545830640387552,-3.8129500371160403,0.05527957685470223,162559.31172166092,4289,3024,1446,3769,3122,1868
1821,-6346.138049561073,-6346.138049561073,-12692.276099122146,0.913342779242681,-1.0242471184680981,0.05471770740763293,161433.7686657981,3719,4052,988,4141,2969,1649
1822,-12129.778324342848,-12129.778324342848,-24259.556648685695,1.3010953465817476,-1.7166642605629963,0.055096153448645,161225.84558329819,3692,3845,1222,3480,3678,1601
1823,-10933.323056401634,-10933.323056401634,-21866.646112803268,-0.26919648331595536,-2.5921423887788277,0.05492882773468786,161397.67299312918,5097,2662,1000,3568,3582,1609
1824,-8941.268021136677,-8941.268021136677,-17882.536042273354,-0.5522267788934909,-2.9446919368932383,0.054866263754402,160826.7452324777,3133,4696,930,4220,3020,1519
1825,-6530.9826539294845,-6530.9826539294845,-13061.965307858969,-0.04140529781062345,-1.6486470127328203,0.055173347821850766,161804.25921223656,3598,3992,1169,4315,3068,1376
1826,-10159.306501544705,-10159.306501544705,-20318.61300308941,0.21861547367713163,-2.6765814157069965,0.05495258015914524,161572.58376183556,4845,3044,870,3325,3409,2025
1827,-9183.580391074987,-9183.580391074987,-18367.160782149975,0.3002620111909038,-2.2496604969130964,0.055153131408531994,162100.45101015473,3133,4651,975,3613,3541,1605
1828,-10709.252312277213,-10709.252312277213,-21418.504624554425,0.08778682145986423,-2.2151173307686443,0.054890730389053836,161934.62735287595,3098,4489,1172,4282,2729,1748
1829,-4796.04566396421,-4796.04566396421,-9592.09132792842,0.9562137003463584,-1.6124905944994163,0.05497924372919287,161200.51910183343,3452,4373,934,4248,3127,1384
1830,-17935.071788329184,-17935.071788329184,-35870.14357665837,0.11501234648864898,-3.781076467196996,0.05480658418685548,162701.38897056927,4604,3228,927,3941,2662,2156
1831,-518.9419703866392,-518.9419703866392,-1037.8839407732785,1.113884843830335,-0.1818758315420718,0.05519500208509788,161405.41200021034,3152,4647,960,4138,3315,1306
1832,-5782.2655942558695,-5782.2655942558695,-11564.531188511739,0.5586801227642078,-1.4462162272878187,0.05519456087898657,162041.75214978468,4320,3619,820,3797,3450,1512
1833,-15795.757551186016,-15795.757551186016,-31591.515102372032,-0.47465191560841286,-3.9998551796163384,0.05496599012993414,163100.05171891637,3951,3595,1213,3527,3076,2156
1834,-13814.925612474372,-13814.925612474372,-27629.851224948743,0.7170835234593551,-3.194796706613448,0.05509127054024564,161298.56882049819,4603,3185,971,3730,3314,1715
1835,-7835.652202603905,-7835.652202603905,-15671.30440520781,0.17395698346875332,-2.090421276764722,0.055051985793760645,162608.5073360034,2577,5046,1136,3118,3625,2016
1836,-5253.43386135892,-5253.43386135892,-10506.86772271784,-0.5740367364115009,-2.394790787077646,0.05521398541399389,161730.83692133112,4680,3200,879,3065,3961,1733
1837,-8327.530989109602,-8327.530989109602,-16655.061978219204,0.8313171760116674,-1.9471127138675761,0.05486836957974102,160444.57385451245,4776,3006,977,4462,2947,1350
1838,-11135.990654850388,-11135.990654850388,-22271.981309700775,0.5203485062269446,-2.3528438136704106,0.05497859404144037,161751.0440875069,4390,3392,977,3526,3807,1426
1839,-6606.7661833855655,-6606.7661833855655,-13213.532366771131,0.49244884870264444,-1.6582418371896024,0.05521594676454352,163068.91366492872,2671,5107,981,3406,3531,1822
1840,-6219.1505274142155,-6219.1505274142155,-12438.301054828431,0.4012801609600841,-1.6875793621616701,0.05518906364671439,160920.2351225858,5512,2463,784,4418,2766,1575
1841,-4900.085105129713,-4900.085105129713,-9800.170210259426,0.5858609683520806,-2.2243265150107265,0.05509574320062516,161225.62001894554,4415,3179,1165,4305,2923,1531
1842,-11338.56829721674,-11338.56829721674,-22677.13659443348,0.053115520846188986,-2.217598738401736,0.055135229664635826,161498.8565418964,5235,2563,961,4442,2427,1890
1843,-13337.639745015045,-13337.639745015045,-26675.27949003009,0.20632174927400188,-3.097336001417993,0.05502376935283642,161791.37556718942,3931,3891,937,3394,3515,1850
1844,-7179.782536023964,-7179.782536023964,-14359.565072047928,-0.2223764029565344,-3.0075067224910974,0.0547194920016241,159742.35642819398,4485,3477,797,4841,2260,1658
1845,-8697.586721004629,-8697.586721004629,-17395.173442009258,0.4027031816354855,-1.9005986794360012,0.05496562119871779,161147.10468208668,4056,3554,1149,3900,3384,1475
1846,-8698.770691798152,-8698.770691798152,-17397.541383596305,0.4867778555654863,-2.052656226521356,0.055081045234167056,161204.80470661764,4958,2668,1133,3589,3577,1593
1847,-4964.122525349396,-4964.122525349396,-9928.245050698792,1.0718292521939006,-1.1637956862105623,0.05487988966359859,160597.79885361803,3829,3771,1159,3668,3849,1242
1848,-10373.808427842005,-10373.808427842005,-20747.61685568401,0.9495486202487284,-1.8605867010089425,0.05495236054908814,159676.65512100552,4305,3341,1113,4347,2893,1519
1849,-12388.116109018252,-12388.116109018252,-24776.232218036504,-0.6954155649615683,-3.768000503833189,0.05491670483782453,162500.76790275233,3668,3881,1210,3392,3402,1965
1850,-8613.807180758138,-8613.807180758138,-17227.614361516276,-0.7927771275185725,-3.106656386128589,0.054825212235762893,160703.81369272523,4243,3510,1006,4202,3164,1393
1851,-4757.4777449564235,-4757.4777449564235,-9514.955489912847,0.615019696130671,-1.9321299620282044,0.054942367380281895,159626.66636549158,3931,3811,1017,4547,3056,1156
1852,-3300.704250187428,-3300.704250187428,-6601.408500374856,0.1616880795901974,-2.0525527809984756,0.054871698111261094,160698.21957074403,3958,3824,977,4118,2763,1878
1853,-3579.108500231702,-3579.108500231702,-7158.217000463404,0.7731355210349402,-1.7734623314761078,0.055215992102223284,161779.09797879812,3002,4847,910,3319,4013,1427
1854,-12889.419421776913,-12889.419421776913,-25778.838843553825,-0.3180127186271968,-3.6727206823368914,0.05501402188096277,162025.42768272586,4270,3137,1352,3302,3690,1767
1855,-2808.3023464852386,-2808.3023464852386,-5616.604692970477,0.7315291945439566,-1.6119788030557591,0.054988332135025735,160095.7648151499,3950,3596,1213,4182,3510,1067
1856,-12673.193767882878,-12673.193767882878,-25346.387535765756,-1.1445583085597766,-3.8067997785749252,0.05483214704054237,160697.73686226236,3923,3732,1104,3663,3030,2066
1857,-10039.101720218241,-10039.101720218241,-20078.203440436482,-0.08626619916867737,-2.827901984688759,0.05468518145618781,161624.942830244,3236,4569,954,3885,3106,1768
1858,-8401.71257367987,-8401.71257367987,-16803.42514735974,-1.0437555692185094,-2.670933268173732,0.054882716612154804,161887.31836950695,4326,3688,745,4248,2431,2080
1859,-12376.922759361356,-12376.922759361356,-24753.845518722712,0.1114834769846162,-3.026670314321229,0.05481638775175337,161172.77952795665,4907,2740,1112,4534,2428,1797
1860,-9494.12966125563,-9494.12966125563,-18988.25932251126,-0.2258330008523397,-2.3660115384858447,0.05498497788458657,161990.90347069912,3753,4134,872,3713,3070,1976
1861,-6206.77624148006,-6206.77624148006,-12413.55248296012,-0.5235581653403033,-2.4028831615978685,0.055113451953075564,161333.84757226775,3776,3639,1344,3703,3524,1532
1862,-1369.633999306618,-1369.633999306618,-2739.267998613236,-0.09453367973191665,-1.2664543993932569,0.05483611731114078,159940.99896239734,3656,4002,1101,3849,3317,1593
1863,-6016.436459078443,-6016.436459078443,-12032.872918156885,-0.1543142334778238,-1.8390541440322987,0.05512508192356597,162617.6240450567,4864,2964,931,3626,3306,1827
1864,-9358.537587274264,-9358.537587274264,-18717.07517454853,-0.35143151860163185,-2.482342967923773,0.05503955186641662,161956.9024563258,2985,4824,950,3563,3491,1705
1865,-8946.259348633354,-8946.259348633354,-17892.518697266707,0.08632886905901316,-2.2147850257216057,0.05497323321109902,160681.52473303338,4575,3115,1069,4178,2706,1875
1866,-16875.52874130414,-16875.52874130414,-33751.05748260828,-0.5072095603882739,-3.869502529751482,0.054853284301641686,160964.6119823159,3974,3672,1113,3686,2990,2083
1867,-4359.796805841511,-4359.796805841511,-8719.593611683022,0.47999323340819444,-2.1757580110228916,0.05479479083210283,160415.304683845,2971,4682,1106,4967,2436,1356
1868,-6039.667165031528,-6039.667165031528,-12079.334330063057,1.0280739277094146,-0.8908369564327261,0.055130930124384005,162319.44228632766,4294,3376,1089,3598,3302,1859
1869,-10389.618389211844,-10389.618389211844,-20779.23677842369,-0.9372804309252709,-2.8177467069588413,0.05528856394214471,161537.81799204423,3864,3646,1249,3054,3757,1948
1870,-4257.244517641391,-4257.244517641391,-8514.489035282782,0.5826780851488598,-1.1236740922897783,0.05484123924720499,161370.2250201352,3607,4301,851,4085,3113,1561
1871,-10110.873766754774,-10110.873766754774,-20221.747533509548,0.5570409305104193,-1.9009630633626908,0.05503355579514925,161530.28898994913,4459,3477,823,4105,3056,1598
1872,-5855.308935666595,-5855.308935666595,-11710.61787133319,-0.04020741034653075,-1.9856759758482794,0.05516448935856978,161740.19062470293,3613,4006,1140,3932,3337,1490
1873,-6463.33261977903,-6463.33261977903,-12926.66523955806,0.08305695878714912,-1.7098652877648082,0.05462725538371124,158947.75552204446,3874,3890,995,4482,2852,1425
1874,-9273.57399679111,-9273.57399679111,-18547.14799358222,-0.005786459628205419,-2.2657494810563037,0.055127464988383654,163472.265273068,3403,4410,946,3382,3598,1779
1875,-9402.062989647087,-9402.062989647087,-18804.125979294175,-0.515440618274828,-3.0412736012565458,0.05505924979298022,162510.05414470696,3946,3857,956,4425,2383,1951
1876,-4527.691413602678,-4527.691413602678,-9055.382827205356,-0.035784210677164634,-1.968335470635023,0.05516177936930979,163108.60599360487,3589,3834,1336,3342,3435,1982
1877,-8165.910498727823,-8165.910498727823,-16331.820997455647,-0.3633052188326189,-3.0806279069007303,0.05499889103201564,163110.87895847892,2895,4726,1138,3627,3234,1898
1878,-5116.712374627495,-5116.712374627495,-10233.42474925499,0.4676142129147108,-1.4621986651821426,0.05485957543890645,162149.5410643948,4164,3604,991,3812,3275,1672
1879,-11669.112229696426,-11669.112229696426,-23338.22445939285,-0.4103897797915709,-3.0966357697374907,0.05502126574304901,162703.4356543784,4418,3306,1035,3120,3794,1845
1880,-7233.591841355504,-7233.591841355504,-14467.183682711007,0.8759055537278418,-1.6046847312463275,0.054881811507870276,159027.10373138875,4209,3711,839,4141,3483,1135
1881,-6935.207663784363,-6935.207663784363,-13870.415327568726,0.6455937218841363,-1.8476509838573192,0.054712230222071535,158929.41205436955,4012,3595,1152,4839,2610,1310
1882,-4894.598405269938,-4894.598405269938,-9789.196810539876,0.6638272265338576,-1.7931112002292957,0.05485064306204914,160509.58901184323,5364,2315,1080,4140,2977,1642
1883,-7813.3155745289605,-7813.3155745289605,-15626.631149057921,0.22851671890452382,-1.5747656280322995,0.05485502243499092,159584.6499976886,4262,3411,1086,3812,3635,1312
1884,-2047.6522933193953,-2047.6522933193953,-4095.3045866387906,0.03988002326396279,-1.6832957406944742,0.054946324011500375,161259.73561570712,2728,5044,987,4095,3229,1435
1885,-7520.157179154056,-7520.157179154056,-15040.314358308113,0.20685473464701257,-2.1762411036441742,0.054861043742057726,161718.09434290053,2964,4713,1082,3989,2998,1772
1886,-12457.859065347111,-12457.859065347111,-24915.718130694222,-0.7377271859399464,-3.098584001061545,0.05492903841706123,162068.8202384396,4568,2840,1351,4006,2560,2193
1887,-5456.457430700983,-5456.457430700983,-10912.914861401967,0.5244920516788831,-1.4047784950752766,0.05498256390376849,160717.76927515972,3978,3890,891,3977,3467,1315
1888,-10070.841302216559,-10070.841302216559,-20141.682604433117,-0.41391308006897914,-2.6313721003282375,0.05527572520434263,162575.59566323168,3691,3833,1235,3787,3059,1913
1889,-12248.80255342105,-12248.80255342105,-24497.6051068421,-0.11425187205316224,-3.0924662484799614,0.05486036079830249,160735.02343630602,3392,3885,1482,3569,3522,1668
1890,-6055.882576559092,-6055.882576559092,-12111.765153118184,0.13323202902335246,-2.69392717055466,0.054940422843393524,161643.11950164512,3564,4203,992,3780,3198,1781
1891,-8789.678200707815,-8789.678200707815,-17579.35640141563,-1.6865359676025975,-2.3277358302300213,0.05497720072694585,161860.19986655941,3934,3787,1038,2906,4049,1804
1892,-10654.42986140859,-10654.42986140859,-21308.85972281718,-0.6166553150336513,-2.9648329659203725,0.054963068237682926,160763.04113697214,6048,1965,746,3964,2746,2049
1893,-2811.4193922605155,-2811.4193922605155,-5622.838784521031,0.32537153877426306,-1.789960214523513,0.054999492465584825,160000.00653189962,3984,3904,871,4246,3278,1235
1894,-5245.284543698679,-5245.284543698679,-10490.569087397358,-0.927178344032446,-2.8976744926660127,0.05491381201007847,161580.28311495428,3247,4558,954,4250,2870,1639
1895,-9521.63267115592,-9521.63267115592,-19043.26534231184,-0.6132528005572419,-3.9634087970987024,0.055001232921581614,160895.71708592804,4773,2861,1125,3851,3376,1532
1896,-7526.343172887947,-7526.343172887947,-15052.686345775894,-0.5503530656509742,-2.9186566189035243,0.0550845003746072,161929.69919983242,4115,3732,912,3565,3456,1738
1897,-1489.7801297380272,-1489.7801297380272,-2979.5602594760544,0.3435087599138431,-1.0935745207774104,0.05468677857912012,158362.4324367667,5264,2689,806,4922,2651,1186
1898,-5761.569500310367,-5761.569500310367,-11523.139000620735,-0.11592610039325998,-1.939404572477404,0.05507700926979835,162369.49598809835,2146,5656,957,3087,3912,1760
1899,-895.4933040858529,-895.4933040858529,-1790.9866081717057,1.2092884678270641,0.08178419308165863,0.055046192667921386,161121.22440726365,3955,3877,927,3807,3673,1279
1900,-1417.3395001311737,-1417.3395001311737,-2834.6790002623475,0.8662054649624495,-0.1861708907192489,0.05504263835036654,160488.01515738622,3780,4082,897,3767,3269,1723
1901,-7366.584308920019,-7366.584308920019,-14733.168617840038,0.4088884585223813,-1.5380887282698765,0.05476622056727817,159586.14520726888,4895,2765,1099,4328,3157,1274
1902,-5044.323934250512,-5044.323934250512,-10088.647868501024,0.07263459277946187,-0.6324893854608777,0.054847381650580965,162153.429146679,3693,3855,1211,3529,3371,1859
1903,-7752.939183584418,-7752.939183584418,-15505.878367168836,-0.2608202722676039,-2.471097863849838,0.05501312811839957,160576.49206140806,3458,4355,946,3750,3510,1499
1904,-7827.008546171902,-7827.008546171902,-15654.017092343804,-0.09732254307066039,-2.299317297758332,0.05491182426879808,160366.82717690282,5531,2439,789,3871,3305,1583
1905,-5436.12546654374,-5436.12546654374,-10872.25093308748,-0.9182283769133066,-2.78598042527553,0.055195360454889,161821.42669371696,3519,4397,843,3987,3138,1634
1906,-8116.1977530479835,-8116.1977530479835,-16232.395506095967,0.1711084492134397,-2.875850226058668,0.05494344449037276,160604.8192111226,3076,4437,1246,3622,3483,1654
1907,-8346.888277650503,-8346.888277650503,-16693.776555301007,0.7178698687089007,-1.764128457785963,0.05483239589072127,161824.56604231906,4057,3515,1187,3649,3103,2007
1908,-3583.3904318636833,-3583.3904318636833,-7166.7808637273665,-0.13137051690084117,-1.6493216843676763,0.054600275259618906,158417.1495512001,4969,2626,1164,5043,2032,1684
1909,-6807.507347843522,-6807.507347843522,-13615.014695687045,-0.29043541480706414,-2.5101864223398747,0.05477799820719539,160181.2448452463,3568,3853,1338,3809,3239,1711
1910,-11678.956967518108,-11678.956967518108,-23357.913935036217,-1.2579412591557269,-3.265679172976852,0.05499952790151062,161455.04900061092,2960,4972,827,4280,2789,1690
1911,-2980.5432039157586,-2980.5432039157586,-5961.086407831517,0.7038010299049968,-0.8452858180143622,0.054712571922800504,159309.51522970703,3431,4369,959,4625,2938,1196
1912,-9421.065529288071,-9421.065529288071,-18842.131058576142,-0.564220548446589,-2.267255566073721,0.05480298619026294,163562.46823736015,3509,4451,799,3950,2565,2244
1913,-5247.244357532498,-5247.244357532498,-10494.488715064996,-0.3202725301407323,-2.7852085588884448,0.05520069303329423,163153.7486054646,2914,4837,1008,3352,3761,1646
1914,-7130.718941417564,-7130.718941417564,-14261.437882835127,-0.35427347056803016,-2.3106735317535825,0.05509385523070013,162897.889767923,3557,4499,703,3563,2782,2414
1915,-5761.932320266581,-5761.932320266581,-11523.864640533162,-0.48157051384753086,-2.0672948493703456,0.05489417956793227,160142.67595540095,4819,3165,775,3903,3545,1311
1916,-5956.267454661697,-5956.267454661697,-11912.534909323394,-0.3895791656242067,-2.1057539585185068,0.05495303029627658,162127.60322127125,4104,3528,1127,3699,2956,2104
1917,-5480.678047857814,-5480.678047857814,-10961.356095715628,0.2243104719913874,-1.4018794406695367,0.05499674819710142,161386.88258966192,4459,3367,933,4078,2916,1765
1918,-6871.097544843922,-6871.097544843922,-13742.195089687844,0.03334927457017984,-1.5302845726334255,0.05475058489556352,160426.15249171993,3690,4145,924,3902,3295,1562
1919,-2874.7021073931696,-2874.7021073931696,-5749.404214786339,-0.16228384028635065,-1.1550373784150456,0.0549824462239592,163716.4576908036,3717,4147,895,3843,2914,2002
1920,-4064.839021911363,-4064.839021911363,-8129.678043822726,-1.094757026164788,-1.7518639958762716,0.055072327843822794,162379.71808651552,3803,4245,711,3808,3064,1887
1921,-1348.300615299933,-1348.300615299933,-2696.601230599866,-0.7237756237545625,-1.5023056879235046,0.055014868075179774,161178.19804888818,3898,3775,1086,4145,3261,1353
1922,-8779.840786385139,-8779.840786385139,-17559.681572770278,-0.683876324916106,-2.749157763451757,0.054946263277038075,161005.27633949753,3564,3840,1355,3781,3340,1638
1923,-3621.950330058185,-3621.950330058185,-7243.90066011637,-0.2203634881282559,-1.9884497202246754,0.05500653884460796,161400.27824279506,3571,3816,1372,4115,3260,1384
1924,-1227.7508227152084,-1227.7508227152084,-2455.501645430417,-0.3085631765854262,-1.3730283141677657,0.055007126873316485,161514.40362265264,5240,2562,957,3679,3318,1762
1925,-301.88137676713956,-301.88137676713956,-603.7627535342791,-0.4490721246436916,-0.9708746512239748,0.05513578789114373,160600.5334183336,4253,3659,847,3949,3606,1204
1926,-4556.938969136726,-4556.938969136726,-9113.877938273452,0.08404115991389442,-1.9363487712409093,0.05520124670872968,164438.15632822065,4139,3430,1190,3640,2959,2160
1927,-3527.726073337263,-3527.726073337263,-7055.452146674526,1.0779625287013006,-0.8268445282905226,0.055185399907828725,160972.9268626237,4856,2993,910,3448,4114,1197
1928,-9316.116774000779,-9316.116774000779,-18632.233548001557,-0.4687991825017325,-2.2137745541352913,0.05468199977228124,161376.7074581768,4025,3893,841,4403,2291,2065
1929,-2301.54046065403,-2301.54046065403,-4603.08092130806,-0.20422876699670342,-1.264879962795422,0.054826189633032194,159730.02787446268,4773,3075,911,4818,2599,1342
1930,-7003.434891511753,-7003.434891511753,-14006.869783023507,-1.0466552355382392,-2.6971938956979002,0.05513245309861605,164447.63948639276,5339,2652,768,2783,3705,2271
1931,-7315.799305474974,-7315.799305474974,-14631.598610949948,-0.7453279083660502,-2.793237989968016,0.05527791952429771,163413.32240148378,3515,4281,963,3655,3354,1750
1932,-4609.23582953897,-4609.23582953897,-9218.47165907794,0.3724227167993245,-2.034290268164698,0.05503215310423757,161182.93138087654,3946,3789,1024,3731,3586,1442
1933,-565.858725475157,-565.858725475157,-1131.717450950314,0.03629013633240971,-1.3259912902796724,0.05491487631729566,160880.38014861406,4077,3660,1022,4291,3092,1376
1934,-4369.186741974975,-4369.186741974975,-8738.37348394995,0.3845907756920174,-1.1818510117491905,0.0549951096475512,161135.34384083605,4774,2973,1012,3416,3587,1756
1935,-5687.250970096871,-5687.250970096871,-11374.501940193742,0.09204499972738936,-1.9149436271595006,0.05491268471538069,160071.8677985563,5560,2364,835,3935,3288,1536
1936,-3549.834940203296,-3549.834940203296,-7099.669880406592,0.018417030421684757,-2.1170036726265558,0.05496210638478236,162425.379908424,3723,3747,1289,4031,2827,1901
1937,-5213.132630204955,-5213.132630204955,-10426.26526040991,0.3114863643059517,-2.1253290030023106,0.055078221500708964,161553.7533223657,4839,3025,895,3190,3962,1607
1938,-9319.072155115538,-9319.072155115538,-18638.144310231077,-1.3718140245196007,-3.1106181049077906,0.054928192375700756,160713.90834909875,3777,3647,1335,4177,2608,1974
1939,-3936.0422447154806,-3936.0422447154806,-7872.084489430961,0.3585336585310826,-1.4166853644621498,0.05501198005520203,160516.38563961492,3845,3876,1038,4299,3207,1253
1940,-8132.184184070257,-8132.184184070257,-16264.368368140515,0.1686365619503538,-1.4438487741405268,0.05527844235000129,162997.1377929376,3120,4874,765,3839,3418,1502
1941,-7028.103669202233,-7028.103669202233,-14056.207338404465,-0.5540278543882676,-2.784154299834545,0.05494179650062217,161149.1996072017,3819,3885,1055,4187,2671,1901
1942,-8369.272835552441,-8369.272835552441,-16738.545671104883,-1.0795459856743024,-2.625576908608442,0.05496785396165841,161107.4422983575,4204,3067,1488,3823,3137,1799
1943,-9843.793769484559,-9843.793769484559,-19687.587538969117,-0.8139488280185785,-2.7681959949707795,0.05493334038793699,163014.68285717705,2798,4762,1199,3403,3388,1968
1944,-2531.367837063611,-2531.367837063611,-5062.735674127222,0.4719687045215695,-1.192671821110282,0.05475294980926863,159048.95136273646,3647,3949,1163,4762,2978,1019
1945,-10232.4666026493,-10232.4666026493,-20464.9332052986,-1.055823621563138,-3.5321096926499793,0.054800349024674615,161762.0716311457,4269,3367,1123,4395,2191,2173
1946,-6753.188968234943,-6753.188968234943,-13506.377936469886,-1.3643440982029575,-2.6308794107071605,0.05498086981286105,160010.90158858834,3910,3871,978,3987,3338,1434
1947,-5179.331684910872,-5179.331684910872,-10358.663369821745,-0.4757850409332821,-1.6151166469301776,0.05493702795896012,160068.34305357805,4271,3660,828,4750,2539,1470
1948,-11372.334454064157,-11372.334454064157,-22744.668908128315,-0.5732132095375525,-2.917039496859349,0.05500794536573623,162933.12547001732,2977,4870,912,3642,3269,1848
1949,-5993.979840796346,-5993.979840796346,-11987.959681592693,-0.13156959127342763,-2.388758528487153,0.055062868784779666,161887.06633448906,4258,3468,1033,4673,2458,1628
1950,-9770.93465775584,-9770.93465775584,-19541.86931551168,-1.8809712888027657,-3.4233746992304623,0.05492903333441858,162115.75540650252,4035,3285,1439,2990,3565,2204
1951,-6919.561723583042,-6919.561723583042,-13839.123447166085,-1.9637709409081026,-3.446102962171064,0.05493437994745109,160727.09360901732,4381,3321,1057,3544,3540,1675
1952,-1794.616336347089,-1794.616336347089,-3589.232672694178,-0.1660074404873405,-1.3626667985337984,0.05466911759511276,159111.69179642329,4901,2838,1020,4511,2864,1384
1953,-4495.635026630629,-4495.635026630629,-8991.270053261258,-0.774784587321404,-2.33218463102725,0.05496650339335628,160534.8656485119,4062,3606,1091,4012,3146,1601
1954,-5545.776264751234,-5545.776264751234,-11091.552529502467,-0.0720359078082369,-1.4727571344710741,0.05505162133737378,160968.64042783255,4542,2918,1299,3950,3328,1481
1955,-1411.1755890995194,-1411.1755890995194,-2822.3511781990387,0.5545287956771446,-0.9096714342699549,0.05502092175423188,160911.6299232061,3991,3834,934,4094,3382,1283
1956,-11048.410543306261,-11048.410543306261,-22096.821086612523,-1.1995150015678158,-3.031248067171308,0.05509249434054794,161712.5679214314,4479,3460,820,3335,3522,1902
1957,1058.6731090200808,1058.6731090200808,2117.3462180401616,-0.3304413997634164,-1.0353400432960027,0.05488259343464801,160543.46672253867,3831,3974,954,3850,3636,1273
1958,-3543.0849547445123,-3543.0849547445123,-7086.169909489025,0.4648600387774109,-1.0815437328911401,0.05490619290758256,161360.51775127387,2828,5095,836,3730,3562,1467
1959,-3096.32125641332,-3096.32125641332,-6192.64251282664,-0.63931699300529,-1.6436895131504792,0.054762297676053,161147.9693129786,3877,3753,1129,3602,3398,1759
1960,-1411.519353124402,-1411.519353124402,-2823.038706248804,0.4230448952689062,-0.3736162641882759,0.05502209367614343,160992.21755200045,3438,4306,1015,4214,3055,1490
1961,-8463.58270063611,-8463.58270063611,-16927.16540127222,-0.896594847765581,-2.9704659394870525,0.05501380904255847,161522.03177482984,4341,3241,1177,3756,3045,1958
1962,-7122.47902227022,-7122.47902227022,-14244.95804454044,-0.376747587523582,-2.402580872910793,0.054939963377666226,160586.35389117504,3831,3583,1345,4429,3005,1325
1963,-1941.7478792732768,-1941.7478792732768,-3883.4957585465536,-0.06106883664811636,-1.7409213856923176,0.055072088723716245,161391.32151618123,2598,5055,1106,3847,3149,1763
1964,-900.1546289721916,-900.1546289721916,-1800.3092579443833,-0.3986908604427543,-1.745485578298369,0.05507474781245466,160011.73193271668,5127,2695,937,4115,3349,1295
1965,-2461.2819528018927,-2461.2819528018927,-4922.563905603785,-0.25500118763212576,-1.5774509411783535,0.05480405123607114,160479.5152934866,4030,3809,920,4641,2490,1628
1966,-3578.3862736125725,-3578.3862736125725,-7156.772547225145,-0.5905540029956631,-2.2436804366274674,0.05506495419168193,161472.26836505093,4052,3614,1093,4011,3139,1609
1967,-702.149308198281,-702.149308198281,-1404.298616396562,-0.1661976426473735,-1.7041167797749288,0.054905714695257186,160265.03072216222,4450,3466,843,4047,3429,1283
1968,-1171.1599148524585,-1171.1599148524585,-2342.319829704917,0.15353318697703433,-1.3917055336562383,0.054926891505501306,161245.68539462372,3280,4530,949,4866,2399,1494
1969,-10207.861065495872,-10207.861065495872,-20415.722130991744,-0.4255811020418321,-2.539404042015589,0.0551098213356277,163153.62325198794,5223,2564,972,4152,2824,1783
1970,-2129.2254748228625,-2129.2254748228625,-4258.450949645725,0.022653409429068284,-1.8287297686848738,0.055044081715813084,161015.00231597899,3157,4644,958,3648,4004,1107
1971,-5050.8270234986185,-5050.8270234986185,-10101.654046997237,-1.4750648764344036,-2.7712676968139167,0.05481953218844089,162354.46515368088,3737,3825,1197,3756,2784,2219
1972,-1884.8937613657206,-1884.8937613657206,-3769.787522731441,0.7240828315357073,-0.4832188405224565,0.055021169996563736,159832.19183603604,3757,4119,883,4291,3415,1053
1973,1235.4549938035161,1235.4549938035161,2470.9099876070322,-0.29807488959313966,-1.0691284178423128,0.05480610274506647,160519.98475981868,3096,4619,1044,4311,3237,1211
1974,-4102.143151429333,-4102.143151429333,-8204.286302858665,0.6612597840978707,-1.2297021646185178,0.05511506787995866,161371.08153512236,4795,2889,1075,3952,3183,1624
1975,-5291.1033505601035,-5291.1033505601035,-10582.206701120207,1.0171959770581012,-0.7227738994434595,0.054841410776939284,161269.87995813793,2445,5408,906,4236,3208,1315
1976,-7079.6748115242835,-7079.6748115242835,-14159.349623048567,-0.12658352343193205,-2.1793280401495756,0.05518544141449018,161007.44140269796,4868,2920,971,3543,3809,1407
1977,-3208.0490653895636,-3208.0490653895636,-6416.098130779127,0.0682929428320014,-1.7006058298007687,0.054968627875375695,160035.1416974423,4815,2984,960,4257,3128,1374
1978,-4332.67339343731,-4332.67339343731,-8665.34678687462,0.05959297131344498,-1.683380091948653,0.054990170890369165,159475.7663260481,5569,2187,1003,4251,3345,1163
1979,-7060.191380017141,-7060.191380017141,-14120.382760034281,-0.28682505840477845,-1.6769069368922536,0.05510730924378326,162392.05509530817,3017,4520,1222,3809,3196,1754
1980,-3229.6834243404896,-3229.6834243404896,-6459.366848680979,0.6451267341934829,-1.3087373036252747,0.05478639000964391,158839.12153108927,4160,3630,969,5191,2344,1224
1981,-6176.08970036635,-6176.08970036635,-12352.1794007327,0.5955407750049306,-1.502016790244141,0.0549568054562737,160893.97530167762,3119,4655,985,3770,3698,1291
1982,-5085.486596702094,-5085.486596702094,-10170.973193404188,-0.8496911150226784,-2.4165987982589763,0.0552351426471495,161093.6063440599,3647,3945,1167,3899,3207,1653
1983,-5317.056307852963,-5317.056307852963,-10634.112615705926,-0.2151694244448957,-2.2417589397825077,0.05539030070764021,162052.21649755433,3358,4355,1046,4166,3196,1397
1984,-4693.24167662119,-4693.24167662119,-9386.48335324238,-0.38220214676921127,-1.6620709500592756,0.05517370744388634,163618.8147053234,5225,2694,840,3145,3760,1854
1985,-10042.252840592098,-10042.252840592098,-20084.505681184197,-0.8051009830094041,-3.6021341979375663,0.054941679076761264,160679.8680330664,3867,4122,770,3757,3538,1464
1986,-6172.230790951164,-6172.230790951164,-12344.461581902327,-1.2241957787240891,-2.2970139528283577,0.054835972577700294,160900.00095208496,5227,2656,876,3981,3011,1767
1987,-908.1706945612939,-908.1706945612939,-1816.3413891225878,0.06371442431827737,-0.710598791007379,0.054795929067347315,161383.14374535574,3498,4320,941,4166,3022,1571
1988,-5569.917817067984,-5569.917817067984,-11139.835634135969,-1.0532427273712357,-2.5576212880981624,0.055029036936144186,160420.66601827342,5645,2247,867,4100,2980,1679
1989,-4622.650958837541,-4622.650958837541,-9245.301917675082,-0.11201739266331943,-1.8646712902283185,0.054804503462649666,161198.22792305163,4399,3155,1205,3963,2816,1980
1990,877.6171891767676,877.6171891767676,1755.2343783535352,-0.052860526065403965,-1.4514453646250989,0.054853451085908216,159615.0934336897,4464,3433,862,3808,3659,1292
1991,-1887.8349898961535,-1887.8349898961535,-3775.669979792307,0.5943690732643561,-1.0649340660451516,0.05463159264087383,158919.77789751603,4009,3895,855,4939,2633,1187
1992,-7251.628946363803,-7251.628946363803,-14503.257892727606,-0.7786805853775602,-3.2812256716647994,0.05524478315257463,162399.8078101091,2403,5280,1076,2533,4635,1591
1993,-975.591250302615,-975.591250302615,-1951.18250060523,0.5302866925291074,-1.1139584138359562,0.05521973777557963,162212.35036040138,3776,4025,958,3436,3364,1959
1994,-3167.279265333355,-3167.279265333355,-6334.55853066671,-0.24319338847221592,-2.2966801359223834,0.055139723328945546,161819.86247152244,3689,3568,1502,3089,4269,1401
1995,-9825.649739638166,-9825.649739638166,-19651.29947927633,-2.6431514775475606,-3.9037457761375065,0.05486556444117221,161643.41553251023,3541,4172,1046,3716,3156,1887
1996,-4449.185387623123,-4449.185387623123,-8898.370775246245,-1.1969379341781803,-1.598999462772963,0.055377305472595645,163594.3293128069,3050,4594,1115,2690,3786,2283
1997,-10385.787984873092,-10385.787984873092,-20771.575969746184,-1.087380785011623,-2.252996471142712,0.05530974626549784,162753.7886701747,3300,4261,1198,3431,3361,1967
1998,-2658.7373661431243,-2658.7373661431243,-5317.474732286249,-0.7228210531279319,-2.2145950242551775,0.055017531478881575,160943.2887207331,3832,3862,1065,3175,4276,1308
1999,585.0181841822719,585.0181841822719,1170.0363683645437,0.3106992379750176,-1.3610251350411786,0.05493315826075837,160170.15278514047,3572,4034,1153,4435,2931,1393
2000,-2793.005342837479,-2793.005342837479,-5586.010685674958,-0.6242503802130959,-2.3218695499919697,0.05524036391697029,161299.56011786513,4788,3019,952,3834,3039,1886
2001,-3783.217786007699,-3783.217786007699,-7566.435572015398,-1.1985878481237153,-2.477629616100306,0.05500532582162297,161043.85587843222,4184,3623,952,3997,3419,1343
2002,-268.7216457259126,-268.7216457259126,-537.4432914518252,0.3373455814592299,-0.7367760464654116,0.05509224866729034,162009.63965686955,4882,3137,740,3886,3518,1355
2003,-770.1654254162888,-770.1654254162888,-1540.3308508325777,-0.7793161563840426,-1.1423557110086477,0.05497376368007164,162034.21531919227,3306,4232,1221,3647,3159,1953
2004,-2261.410305570301,-2261.410305570301,-4522.820611140602,0.13396610542627801,-1.6765280374875995,0.055112945139905334,162261.47711518453,3498,4173,1088,4123,3063,1573
2005,-4400.371588384041,-4400.371588384041,-8800.743176768083,0.18267940942686417,-1.3405920231580761,0.05474247229832923,159459.0337082686,5122,2953,684,5111,2304,1344
2006,-4704.065660537586,-4704.065660537586,-9408.131321075172,-0.18561793914101193,-1.6017008105744406,0.05493648317097475,161597.48512508706,5152,2813,794,3855,3241,1663
2007,1485.9442172888675,1485.9442172888675,2971.888434577735,0.008715831701157514,-0.8626068296001845,0.05505266986513044,160392.85822401673,2798,5060,901,3630,3994,1135
2008,-2876.9832443454125,-2876.9832443454125,-5753.966488690825,-0.8628732793950958,-2.069729402564389,0.05502562585671968,161196.73163285077,5109,2775,875,3769,3102,1888
2009,-4584.726015408697,-4584.726015408697,-9169.452030817394,-2.540547855984304,-3.7103918685339288,0.05527681859314528,163838.7491962539,4620,2904,1235,3009,3392,2358
2010,241.68382954159944,241.68382954159944,483.3676590831989,-1.2305980787755058,-1.7796385677479325,0.055135831205801296,161717.25324475885,4474,3170,1115,3399,3482,1878
2011,-4944.974454732439,-4944.974454732439,-9889.948909464878,-1.5639708174343612,-2.0858508758849164,0.05491250218841757,161680.59793276398,3333,4324,1102,3849,2787,2123
2012,-2177.8999424104086,-2177.8999424104086,-4355.799884820817,-1.0409420332532875,-2.039312145240319,0.05501014728575805,160956.7119571731,5229,2293,1237,3448,3928,1383
2013,-157.6467765038982,-157.6467765038982,-315.2935530077964,-0.545298711789338,-1.3358613322184523,0.05514020503379226,161422.81277746893,3365,4482,912,3823,3645,1291
2014,-3483.7122493913184,-3483.7122493913184,-6967.424498782637,-0.7294748654599159,-2.0081677379936553,0.05498097656706239,160581.14332053016,2622,5031,1106,5017,2257,1485
2015,1499.0360042016043,1499.0360042016043,2998.0720084032087,0.292258725933443,-0.9768088105779538,0.055277334732823216,162365.74689304462,3577,4259,923,4434,3058,1267
2016,-6206.195088632783,-6206.195088632783,-12412.390177265566,-0.7519284039385672,-2.3273124777818337,0.05497633137323997,161186.6418786296,4514,3179,1066,3671,3624,1464
2017,-11464.09265517777,-11464.09265517777,-22928.18531035554,-0.596429477530884,-2.866207102337127,0.054987378339388875,161757.31446715188,4751,3180,828,4225,2370,2164
2018,-3606.6263854237595,-3606.6263854237595,-7213.252770847519,0.1359576621397034,-1.158694944733201,0.055248375891629335,160978.69309461635,5426,2209,1124,4190,3167,1402
2019,-3514.014970480142,-3514.014970480142,-7028.029940960284,-0.6428583615024218,-1.901377669184374,0.05468797182807649,161072.82450914185,3045,4935,779,4538,2708,1513
2020,-4065.9882668294467,-4065.9882668294467,-8131.9765336588935,-0.27431372549267524,-2.501454714384461,0.054970888481655426,160959.50703683688,4055,3502,1202,3358,3480,1921
2021,-8316.112255532791,-8316.112255532791,-16632.224511065582,-1.2186636914999607,-3.2902390306669207,0.05494464281515857,164499.9524921274,2655,5093,1011,2819,3686,2254
2022,-4987.94800000303,-4987.94800000303,-9975.89600000606,-0.9278275469306877,-3.396771794672731,0.05486612254290312,160091.53069353683,3038,4295,1426,3699,3642,1418
2023,-7207.194698965535,-7207.194698965535,-14414.38939793107,-1.5806775156307162,-2.9816682452712473,0.05490234366709357,160840.85207352528,4155,3814,790,4234,2516,2009
2024,-7542.689322794662,-7542.689322794662,-15085.378645589324,-1.4927457434945517,-4.22444215960868,0.055207894607795766,162858.37877179007,4036,3855,868,3536,3457,1766
2025,-1766.0773036857217,-1766.0773036857217,-3532.1546073714435,-0.9200563193600936,-3.0398566503476743,0.054830688000790495,160580.68955567956,4381,3179,1199,3729,3537,1493
2026,-2658.9256709249207,-2658.9256709249207,-5317.851341849841,-1.4653873060958984,-2.2202386800863585,0.054766951729515866,162040.70044924392,4378,3486,895,3942,3246,1571
2027,-4792.376544800208,-4792.376544800208,-9584.753089600415,-2.152950735908769,-4.252124358590844,0.055261563467906435,162805.01203006634,5002,3022,735,3477,3518,1764
2028,-6625.378217171586,-6625.378217171586,-13250.756434343171,-2.2868842152504993,-3.2517088175215267,0.05504549952134447,162686.06781430996,4110,3715,934,3508,2971,2280
2029,-88.82602114500443,-88.82602114500443,-177.65204229000886,-0.45460577992636836,-2.1395677168379037,0.05498622358986424,161212.46796393947,2322,5301,1136,3999,3292,1468
2030,-4688.095035915434,-4688.095035915434,-9376.190071830868,-0.8906452896478139,-2.271809453294978,0.05477194294200851,161029.4810815989,3300,4263,1196,4187,2857,1715
2031,-7096.321043781464,-7096.321043781464,-14192.642087562928,-2.4770760802940313,-3.548501075812754,0.05519207783043264,163060.78401553075,4823,2762,1174,2914,4003,1842
2032,-7891.455813372139,-7891.455813372139,-15782.911626744279,-1.096646953249379,-3.1766455429922864,0.05475003186181301,162282.24443631567,3419,4600,740,3926,2715,2118
2033,-6394.895139008285,-6394.895139008285,-12789.79027801657,-2.226014098617967,-4.2437488555544665,0.05521993179918399,163157.77523441252,4800,2970,989,3512,3571,1676
2034,-8848.110233474901,-8848.110233474901,-17696.220466949802,-1.5427663881429345,-3.0096253313524373,0.05484364378209768,161553.5130069114,5117,2609,1033,4627,1672,2460
2035,-6213.28509178342,-6213.28509178342,-12426.57018356684,-1.375914745620928,-2.2308589223272084,0.05503255012651837,163819.87511367004,4140,3791,828,3187,3404,2168
2036,-2544.2677686632933,-2544.2677686632933,-5088.535537326587,-1.3374723580113101,-3.0727391027918984,0.05503031794641636,160022.1507856103,5006,2630,1123,3590,3411,1758
2037,561.4335701711083,561.4335701711083,1122.8671403422165,-1.0418679513958542,-1.5332009840794758,0.05514915644008907,160765.38538279862,3960,3897,902,3974,3547,1238
2038,-3567.9587898718796,-3567.9587898718796,-7135.917579743759,-1.3795592938564791,-2.2545758026349163,0.05483463799548928,160965.67603496366,2555,5334,870,4009,2888,1862
2039,-6368.93082775298,-6368.93082775298,-12737.86165550596,-1.7204699298942367,-2.181285812649711,0.054735688797248584,162710.91100370756,3721,3937,1101,3568,3288,1903
2040,-395.0078017438401,-395.0078017438401,-790.0156034876802,-0.7810032457889956,-2.2488102767429545,0.05478297394107614,159913.77761679573,2135,5566,1058,4500,3137,1122
2041,-503.8495890066273,-503.8495890066273,-1007.6991780132546,-0.891189749208444,-1.7337692351095733,0.05472587873860415,159915.78837987018,4708,3081,970,4046,2759,1954
2042,-4120.540835328308,-4120.540835328308,-8241.081670656617,-2.4752484316440264,-2.876071760666703,0.05493984037705698,162330.42209241888,4718,3313,728,3952,2583,2224
2043,275.49311694101976,275.49311694101976,550.9862338820395,-1.330115656847458,-1.3354475229923881,0.0548917590143195,162386.91404840877,4339,3491,929,4100,3017,1642
2044,-6008.309379156091,-6008.309379156091,-12016.618758312183,-1.123254981275149,-2.1291823158709984,0.05491127720736113,162889.21412616898,4701,3255,803,3658,2997,2104
2045,376.1585815665656,376.1585815665656,752.3171631331312,-0.27512890633681203,-1.567349484540487,0.05533825552699392,160368.02569796462,4399,3435,925,3628,3840,1291
2046,1693.0694165571142,1693.0694165571142,3386.1388331142284,-1.0494638765937718,-1.231012763201804,0.05497116146527475,161859.9609542255,3396,4620,743,4280,2891,1588
2047,-8091.180880683606,-8091.180880683606,-16182.361761367212,-1.7020954416803167,-3.8049538158536547,0.055162943443655285,163309.62766451758,4425,3298,1036,3147,3724,1888
2048,-232.60034383006055,-232.60034383006055,-465.2006876601211,-1.079028395705781,-1.34697967089946,0.05500462585002751,160785.95040643425,4780,3336,643,3776,3454,1529
2049,-34.25309516518578,-34.25309516518578,-68.50619033037157,-0.6125499159759673,-1.1989278178565443,0.05496994892445097,161529.9975989066,3550,4295,914,3403,3275,2081
2050,1948.5545164536222,1948.5545164536222,3897.1090329072445,-0.24961027541939992,-0.6191012354598671,0.05500677436533444,160838.7076157828,4029,3587,1143,4052,3304,1403
2051,-2913.3708156208745,-2913.3708156208745,-5826.741631241749,-0.8850760839261592,-1.5652238698358847,0.05523587433555352,163977.35865583926,4195,3797,767,3657,3267,1835
2052,-1857.4381976652776,-1857.4381976652776,-3714.876395330555,-1.2809670709165253,-1.7232911962073372,0.05491086522818068,160077.91724984892,3987,3998,774,4617,2643,1499
2053,2396.5111639456795,2396.5111639456795,4793.022327891359,-0.4444817805320322,-0.37750272893598913,0.05497652843762909,159902.31061020095,3865,3719,1175,4613,2759,1387
2054,-1855.0449519600966,-1855.0449519600966,-3710.089903920193,0.18498947895330803,-1.2861625238322212,0.05494174550830475,161336.83072685316,3047,4461,1251,3657,3328,1774
2055,561.7347507169219,561.7347507169219,1123.4695014338438,0.33025238098440857,-0.9845314267775461,0.05502895306265605,160592.17835634208,4866,3021,872,4244,2914,1601
2056,1437.8330515017485,1437.8330515017485,2875.666103003497,-0.26825549679404576,-0.6419252627547355,0.05504242000826106,161751.4792174703,5509,2485,765,3324,3476,1959
2057,911.4079353563856,911.4079353563856,1822.8158707127711,0.06224446973244008,-0.8428525413834117,0.05465256132177347,159670.8331781982,3678,4222,859,5056,2093,1610
2058,-7876.502439345854,-7876.502439345854,-15753.004878691709,-0.5363249549528647,-2.208556757848362,0.054934687229268406,162158.28194567477,3382,4144,1233,4022,3373,1364
2059,-6139.63045519045,-6139.63045519045,-12279.2609103809,-2.1663524762996302,-3.3013223115757033,0.054771133523036655,163812.7604655627,2507,5476,776,3735,2393,2631
2060,1854.335391311109,1854.335391311109,3708.670782622218,0.2081037434850296,-0.8916143771166541,0.055408921343641906,161515.0431391018,4112,3896,751,4033,3365,1361
2061,2402.2576085948344,2402.2576085948344,4804.515217189669,0.44336781159972094,-0.8401512125962172,0.05491604000621605,159895.13199079223,2946,4785,1028,4501,3321,937
2062,-3676.031811181949,-3676.031811181949,-7352.063622363898,0.15765677634912237,-1.488781388590745,0.054834453249210095,161822.65806223196,3106,4590,1063,4624,2376,1759
2063,-464.18050960691426,-464.18050960691426,-928.3610192138285,0.5447591993402604,-0.9018111125736118,0.05496294948799479,160480.2019953563,4611,3131,1017,3914,3632,1213
2064,914.1983886476439,914.1983886476439,1828.3967772952878,1.0947903588084127,-0.8396021164054948,0.05510369669679261,160460.9623702091,3963,4087,709,4174,3580,1005
2065,-2668.0827330035468,-2668.0827330035468,-5336.1654660070935,0.33196777243420855,-0.9408733231970907,0.054860077346298726,161528.8605318656,4435,3487,837,3546,3483,1730
2066,-3781.4812538361803,-3781.4812538361803,-7562.9625076723605,-0.18234373594975514,-1.4580776835758769,0.055182739625190165,162060.1899990954,3413,4153,1193,3407,3951,1401
2067,-2524.1313688441824,-2524.1313688441824,-5048.262737688365,-0.3578479951163813,-1.193163595392641,0.054944838337217694,162509.12484764648,3795,4086,878,4292,2485,1982
2068,-4094.4684217974977,-4094.4684217974977,-8188.9368435949955,-0.9921663514028756,-1.5832638059576116,0.0549089392672955,161289.655251465,4142,3859,758,4222,2511,2026
2069,1591.088059421296,1591.088059421296,3182.176118842592,0.9821665521544642,-0.5741199841243432,0.05520344632292091,161916.98541343195,3107,4707,945,3897,3519,1343
2070,-8122.899770044591,-8122.899770044591,-16245.799540089181,-0.49422095015613565,-2.697520877672311,0.05492924423286746,160616.34650685592,3225,4296,1238,3881,3190,1688
2071,-2201.2965663411824,-2201.2965663411824,-4402.593132682365,-1.2645140853388244,-1.8997354484291158,0.05492600437715657,161354.16809682132,4379,3545,835,4513,2350,1896
2072,-6358.883524955507,-6358.883524955507,-12717.767049911014,-0.5051558337431752,-1.792379567353819,0.05500607793536417,162934.01860442647,4215,3451,1093,3655,2925,2179
2073,21.637950026097776,21.637950026097776,43.27590005219555,-0.295687891249198,-0.7657377353193512,0.05474522651838457,162138.88185441145,3485,4311,963,4179,2761,1819
2074,-5902.262632696868,-5902.262632696868,-11804.525265393737,-1.6939639708372893,-1.9892965648327126,0.05501584769066134,163574.79639398732,4867,3015,877,2744,3618,2397
2075,4426.343273670479,4426.343273670479,8852.686547340958,-0.3453888252776841,-0.44890520457135097,0.05503164015139286,160638.26293859506,3481,4429,849,4927,2644,1188
2076,1225.6647278068986,1225.6647278068986,2451.329455613797,0.32804838158391175,-1.2386897850708176,0.054674682755384806,159353.2256993794,3747,3816,1196,5278,2401,1080
2077,-371.2679750274283,-371.2679750274283,-742.5359500548566,0.10246872654641448,-1.3733560160010883,0.05465842750361659,158562.35282893642,4599,3397,763,4764,2778,1217
2078,-5631.478916790368,-5631.478916790368,-11262.957833580736,-1.0148622532381395,-3.5142497937501713,0.055023870025730934,162321.04260868192,4336,3656,767,3933,2821,2005
2079,-3202.762105645275,-3202.762105645275,-6405.52421129055,-1.268935484265123,-3.1083266157263045,0.05514424222601657,163400.16485980945,3460,4485,814,3230,3586,1943
2080,-1445.8500629810785,-1445.8500629810785,-2891.700125962157,-1.1324554363131702,-1.6011599509645953,0.05547008240420587,163969.44070849457,3796,3886,1077,2527,4578,1654
2081,-720.2388066543958,-720.2388066543958,-1440.4776133087917,-1.5623974438296013,-2.3482119138972513,0.05511125535001118,161747.29896477316,4114,3577,1068,4004,3420,1335
2082,-3309.2738888040726,-3309.2738888040726,-6618.547777608145,-1.4536178193129408,-1.8012758608160464,0.055075013945952364,163643.40880021575,4609,3199,951,3361,3180,2218
2083,2186.9882105721417,2186.9882105721417,4373.976421144283,-1.3558282679627722,-1.640102677217382,0.054915830002029875,161120.9857527292,4559,3407,793,4350,2878,1531
2084,-4066.4066115920355,-4066.4066115920355,-8132.813223184071,-1.2412489527895865,-2.3619139036773342,0.05503475771162482,163364.1504794319,2699,5000,1060,3656,2841,2262
2085,-1737.6511330808496,-1737.6511330808496,-3475.302266161699,-1.3405887180718796,-2.079705576275111,0.05508753846486783,163189.2633858842,3792,4252,715,4481,2483,1795
2086,-1623.6359971999896,-1623.6359971999896,-3247.271994399979,-0.7592914849066292,-1.6894003564734466,0.05499665043489532,160841.1275426192,4215,3451,1093,3581,3203,1975
2087,-1065.6993359248597,-1065.6993359248597,-2131.3986718497194,-0.7019359917972863,-1.8429434629866004,0.05462068296809467,160814.50831221236,3846,3859,1054,3611,3628,1520
2088,-587.8746155261165,-587.8746155261165,-1175.749231052233,-0.45450441307609896,-1.6587718192107117,0.05500125726707797,161593.39955173328,3165,4584,1010,2619,4629,1511
2089,817.7011740687585,817.7011740687585,1635.402348137517,0.07751523685933437,-1.1580884860427154,0.05507188606390905,160242.13675308385,4074,3891,794,4140,3558,1061
2090,-1585.7806878653291,-1585.7806878653291,-3171.5613757306583,-0.5995310344805032,-1.5062067622850368,0.05513499461363046,162245.8762850023,3934,3818,1007,2985,4067,1707
2091,2250.0278601332834,2250.0278601332834,4500.055720266567,-0.1596223666948005,-0.6839945519401665,0.055053187215813155,160092.40904198715,5221,2646,892,3514,3899,1346
2092,-1738.1807215716394,-1738.1807215716394,-3476.361443143279,-0.5954641188476603,-1.7305983069193709,0.054988763880726065,161602.02582144362,3866,3964,929,4151,3220,1388
2093,-1193.4674187177066,-1193.4674187177066,-2386.934837435413,-0.3393095023713329,-1.9621774804945615,0.05474569286010857,160636.3114002438,3830,3618,1311,3921,3338,1500
2094,-2325.0318559412112,-2325.0318559412112,-4650.0637118824225,0.10998182026721598,-1.1717230520904616,0.05480176359631402,160525.29597380786,3231,4428,1100,3985,2899,1875
2095,-828.4557472460792,-828.4557472460792,-1656.9114944921585,0.6495741246933177,-0.10127240957397443,0.05468831812977364,158961.2790268686,4135,3518,1106,5017,2644,1098
2096,2283.804548386427,2283.804548386427,4567.609096772854,0.45419921565758037,-0.8855008316769645,0.054738720382173714,158661.634124334,4481,3544,734,5419,2295,1045
2097,-2012.0899068099702,-2012.0899068099702,-4024.1798136199404,-1.3809342774040245,-2.144703484893084,0.05478200676717316,160802.11299688596,3990,3509,1260,4573,2490,1696
2098,-947.4249695339241,-947.4249695339241,-1894.8499390678483,-0.8680358390391244,-2.2779172299030455,0.054923039276444735,161824.662986692,3268,4615,876,3587,3357,1815
2099,-3461.9318936651935,-3461.9318936651935,-6923.863787330387,-0.7363643993074845,-1.9422254272659643,0.055079658393006194,162569.87542033568,2694,5012,1053,4005,3117,1637
2100,3235.6965562918103,3235.6965562918103,6471.393112583621,-0.4621157155373345,-0.4059329900481735,0.054705675287037604,160489.07880851318,4423,3477,859,4715,2553,1491
2101,762.711296672947,762.711296672947,1525.422593345894,-0.408193439032193,-0.6880419251787894,0.05496996864760245,160196.47293701867,3870,3826,1063,4394,3153,1212
2102,-3704.5222652927237,-3704.5222652927237,-7409.044530585447,-0.3597492588900739,-1.9846769012306933,0.05491161071972287,161585.69629063824,3291,4595,873,3765,3157,1837
2103,-6405.0527557602245,-6405.0527557602245,-12810.105511520449,-0.8413768343410944,-1.7194474071403134,0.05523596166029611,161701.77429133927,5551,2383,825,3935,3294,1530
2104,-3594.023989296495,-3594.023989296495,-7188.04797859299,-1.534597352790459,-2.408067566528041,0.05496308814561931,161635.44144257458,3913,3982,864,3789,2690,2280
2105,-4228.571170350681,-4228.571170350681,-8457.142340701363,-2.0378020161700725,-2.660854910368505,0.05496234752263869,162183.5417152953,5001,2919,839,3815,2904,2040
2106,-2022.8945448448662,-2022.8945448448662,-4045.7890896897325,-0.23003441698309054,-1.7847995077266336,0.05499028385150139,160551.83057700458,4514,3142,1103,3995,3070,1694
2107,-2613.57519102629,-2613.57519102629,-5227.15038205258,-1.329190153506003,-1.7608097437716208,0.05522525834320339,164679.20948746038,3719,3820,1220,3107,3856,1796
2108,-1927.4899082943236,-1927.4899082943236,-3854.9798165886473,-1.3489708987108497,-1.4815170753096725,0.0546792359730341,161435.8341515814,4585,2841,1333,4588,2501,1670
2109,-5043.682417242919,-5043.682417242919,-10087.364834485837,-0.6313890942729584,-2.3460380745961595,0.05520472621839936,162531.65134495197,2939,4708,1112,3764,3431,1564
2110,-4103.796543172858,-4103.796543172858,-8207.593086345716,-1.8566080219905985,-2.232495607787784,0.05509812705482936,163113.56558410235,3822,3824,1113,3685,2627,2447
2111,240.07012137876032,240.07012137876032,480.14024275752064,-0.4775511984738014,-0.8663119006272914,0.054837803556311494,161254.55202758123,3977,3811,971,4099,2723,1937
2112,3521.5327929828222,3521.5327929828222,7043.0655859656445,-0.1350140559932424,-0.05043983080575181,0.054992322146471616,161108.2223435187,3137,4631,991,3810,3671,1278
2113,-6980.406500154588,-6980.406500154588,-13960.813000309176,-1.2326967914775984,-2.2968679419112292,0.055001558773685455,163671.2484251319,3340,4187,1232,3585,3119,2055
2114,-2836.5356601407248,-2836.5356601407248,-5673.0713202814495,-0.709951715843233,-1.1195870901499734,0.055069269918984844,162048.91724146274,4409,2835,1515,3869,3142,1748
2115,-3782.3260961573374,-3782.3260961573374,-7564.652192314675,-1.6172577091540523,-3.2342919000232535,0.054748485070902485,163534.15926636886,3198,4684,877,4194,2244,2321
2116,-90.9471046667951,-90.9471046667951,-181.8942093335902,-0.13461244071841094,-1.4092084434460364,0.055065063393813854,161065.98215627612,4501,3005,1253,4368,2954,1437
2117,-131.23887756721953,-131.23887756721953,-262.47775513443906,-0.1089322380322244,-0.9552921704781674,0.054765446010419626,159341.0358208116,3079,4822,858,4541,2754,1464
2118,1547.8679138161574,1547.8679138161574,3095.735827632315,-0.45613438859994065,-1.373693094445288,0.05505590297540223,161197.1973422974,2826,5200,733,4081,3144,1534
2119,310.91402433230115,310.91402433230115,621.8280486646023,-0.18535255798790906,-2.15658443085399,0.054733613678468206,158695.04318844574,3823,3857,1079,5159,2538,1062
2120,-1353.49674074181,-1353.49674074181,-2706.99348148362,-1.1870051407722384,-2.657264778096587,0.054983799817321204,160625.65112078973,4496,3278,985,4285,2903,1571
2121,510.8682964232017,510.8682964232017,1021.7365928464034,-0.40736969226203396,-2.007823031379501,0.05485797758731813,161308.34288658653,5331,2506,922,3893,3298,1568
2122,3403.884920187021,3403.884920187021,6807.769840374042,0.010375954397977186,-0.39800809949319915,0.0548998781697105,160505.775622503,4233,3671,855,4000,3253,1506
2123,-6423.314974056582,-6423.314974056582,-12846.629948113165,-1.6013668817821434,-3.6967693517704467,0.05490669510718054,162179.98316279467,2884,4690,1185,3979,2975,1805
2124,-451.05665567018673,-451.05665567018673,-902.1133113403735,-0.5377869003793105,-2.2485647501111212,0.05500361839669152,162583.63689234052,4290,3323,1146,3322,3770,1667
2125,-4078.5739800033325,-4078.5739800033325,-8157.147960006665,-0.8282692807998844,-2.480413635121125,0.05501223386639824,162815.11490935925,3972,3840,947,3796,2876,2087
2126,-839.167804911146,-839.167804911146,-1678.335609822292,-0.2351217074473716,-2.3188156159037554,0.05497953576588462,161391.98580901808,4302,3391,1066,4213,3148,1398
2127,-4424.455961783404,-4424.455961783404,-8848.911923566808,-0.6245354811989934,-2.478573545886626,0.05478942530889022,160035.3082528094,5470,2238,1051,4407,2903,1449
2128,120.08454092153897,120.08454092153897,240.16908184307795,-0.3193657601502702,-1.1700611641808,0.05466356448580041,160800.4676405736,3353,4549,857,4544,2427,1788
2129,1221.8765195370268,1221.8765195370268,2443.7530390740535,-0.6734625719261699,-1.517282335751906,0.05467756071092969,159459.98706974622,3190,4349,1220,4601,2661,1497
2130,-5961.047095426653,-5961.047095426653,-11922.094190853306,-1.0834554497107873,-2.6196426890534337,0.055104171617738805,162666.4985258435,2900,4995,864,2990,3992,1777
2131,-838.9622231243885,-838.9622231243885,-1677.924446248777,-0.7631548361235981,-1.4709092043930592,0.05524721939439813,160927.78890250664,4998,3066,695,4071,2994,1694
2132,-2496.596193479141,-2496.596193479141,-4993.192386958282,-2.1386823196216445,-2.407254765846406,0.054822075622316495,161071.21514626415,5598,2066,1095,3843,3452,1464
2133,2717.911082881001,2717.911082881001,5435.822165762002,-0.869710157347584,-1.154207227130732,0.05495838386794742,159476.1904466289,4992,2507,1260,4470,3261,1028
2134,527.3211749929076,527.3211749929076,1054.6423499858151,-1.1817026243034512,-1.730095061955817,0.0550737457904021,161980.46525444186,3461,4354,944,3009,4218,1532
2135,-33.52247071320893,-33.52247071320893,-67.04494142641786,-0.32019409004765886,-1.4407041942818568,0.054969697537894144,161656.3146419255,2760,5097,902,3986,2850,1923
2136,-3840.944848273525,-3840.944848273525,-7681.88969654705,-1.0762766676517563,-1.848038511427533,0.05492729697860299,161706.8766547158,4151,3605,1003,3796,3192,1771
2137,5959.075928634541,5959.075928634541,11918.151857269082,0.03285845594394374,-0.08616456634868419,0.054801089681641685,161116.6810620331,2254,5489,1016,4362,2885,1512
2138,64.19010444880988,64.19010444880988,128.38020889761975,-0.14615502229702876,-0.9608158019293874,0.05509479143021836,160527.0546546915,3469,4523,767,4152,3262,1345
2139,-5110.863659366566,-5110.863659366566,-10221.727318733132,-1.225374822544009,-2.268130006613063,0.05502088745827519,162023.6745836149,4159,3631,969,3894,2918,1947
2140,-4733.341267619145,-4733.341267619145,-9466.68253523829,-2.0243466598203206,-3.5869223712770713,0.05530554847230601,161102.41624338692,5988,1969,802,2721,4704,1334
2141,3777.1568957516497,3777.1568957516497,7554.313791503299,-1.3575848363306082,-1.623206682856019,0.05500832802980871,159430.82597504274,2963,4807,989,5602,2195,962
2142,751.7491317704462,751.7491317704462,1503.4982635408924,-1.5315477200277903,-2.232948029435085,0.05494127859002935,161056.75008323765,3721,4324,714,4329,2997,1433
2143,-3772.921455280702,-3772.921455280702,-7545.842910561404,-1.6319510846229193,-2.2177319535710924,0.05502616604613823,163778.77115321535,4689,3341,729,3186,3449,2124
2144,2581.0485057654096,2581.0485057654096,5162.097011530819,-0.8171636182540634,-0.9867316504344219,0.05489304365489197,159429.39106085998,4761,2752,1246,4747,2915,1097
2145,-8521.990278685245,-8521.990278685245,-17043.98055737049,-1.9915754957720433,-3.373925582500626,0.05483780432347271,162501.70627507285,4810,2947,1002,3876,2870,2013
2146,-2725.3431530397893,-2725.3431530397893,-5450.686306079579,-0.9424870470557297,-2.096734656491818,0.054788501842432016,160828.5935817241,4297,3591,871,4014,2916,1829
2147,-576.505608385507,-576.505608385507,-1153.011216771014,-0.5419663341311042,-1.612026524487214,0.054843089150295385,159982.78453650617,5073,2724,962,3848,3470,1441
2148,-1261.8589396346217,-1261.8589396346217,-2523.7178792692434,-1.278022923965004,-2.155720629583629,0.05494233560974093,159891.70255896525,4308,3560,891,4140,2802,1817
2149,-7726.5013121832335,-7726.5013121832335,-15453.002624366467,-1.3917338432529656,-3.0287425410169977,0.055103752449746295,163141.20127228746,4304,3623,832,4236,2381,2142
2150,2990.666273831596,2990.666273831596,5981.332547663192,-0.3214811260628568,-0.5300929267972094,0.0549211783337278,159238.98497100742,3246,4319,1194,4558,2977,1224
2151,-3672.277721011955,-3672.277721011955,-7344.55544202391,-1.247991059487017,-2.7728197007743796,0.05505227712810716,162420.61521666337,3516,3999,1244,3336,3141,2282
2152,-4234.156576468094,-4234.156576468094,-8468.313152936187,-0.16067501354476876,-1.6859260826723963,0.05496456457880416,161535.7728510637,3236,4785,738,4137,3083,1539
2153,2267.689491175036,2267.689491175036,4535.378982350072,-0.8088508199558453,-1.0208399184848995,0.0552390898506049,162315.92672435046,3212,4745,802,3928,3243,1588
2154,3755.5677317265036,3755.5677317265036,7511.135463453007,0.9106655409172038,0.3488474775004255,0.05481915044230802,160268.973719153,4978,2809,972,4344,3107,1308
2155,440.414230669482,440.414230669482,880.828461338964,0.10615569794714957,-0.6355906310681463,0.05497692857196559,161763.69564927046,4321,3346,1092,3321,4040,1398
2156,2018.0555047080782,2018.0555047080782,4036.1110094161563,0.2453129590850081,-0.7773048247629984,0.055143875705393544,160223.92222105642,5052,3052,655,3621,3942,1196
2157,426.8027353604031,426.8027353604031,853.6054707208062,-1.2955530209118227,-1.4096625755711525,0.05488033594862701,160456.04504903333,4010,3879,870,3761,3044,1954
2158,-4306.284098835777,-4306.284098835777,-8612.568197671553,-1.837882815293317,-3.0457996478272795,0.055256269140549506,162024.8468330407,4085,3425,1249,3891,3106,1762
2159,6048.732541050288,6048.732541050288,12097.465082100576,-0.3012105325899257,-0.22378923909762266,0.055004491308111955,159489.9903112993,3307,4359,1093,4568,3193,998
2160,-1748.8228909832503,-1748.8228909832503,-3497.6457819665006,-0.2587753939141327,-1.9147828413226804,0.05505862264845828,159964.53946091727,4706,3149,904,4320,3327,1112
2161,4144.623490996362,4144.623490996362,8289.246981992725,-0.2186558123307038,-0.29147063516780536,0.05487473681356598,159465.91270872767,5530,2209,1020,4276,3234,1249
2162,-4089.588737955615,-4089.588737955615,-8179.17747591123,-1.534373499089315,-2.3013663918569667,0.05491175618535695,161125.33447825818,5191,2287,1281,3889,3202,1668
2163,1583.5773722284955,1583.5773722284955,3167.154744456991,-1.0677956411714782,-1.6878925511113994,0.05521382089357492,161495.10739532334,4064,3722,973,3891,3300,1568
2164,2712.6798127241755,2712.6798127241755,5425.359625448351,-0.3428667410151976,-0.4932795585988205,0.05475026922823643,161052.81867680518,3162,4907,690,4534,2623,1602
2165,166.59194950193358,166.59194950193358,333.18389900386717,-0.745892366541464,-1.5274157047833983,0.0546507799859327,161266.42382810355,5687,2334,738,3995,2915,1849
2166,4539.860157151854,4539.860157151854,9079.720314303708,-0.06790999852542634,-0.60069880483526,0.05508642190238345,160953.19691426022,4439,3317,1003,3351,3786,1622
2167,1671.86098686592,1671.86098686592,3343.72197373184,-0.7058506166767103,-1.5546574515080052,0.05492770618333397,160428.65495839532,2934,4747,1078,4209,3153,1397
2168,-1637.2524380599937,-1637.2524380599937,-3274.5048761199873,-1.210294235482296,-1.4690674596821638,0.05474532610356356,159290.58166767278,4645,3390,724,4924,2058,1777
2169,1666.9948046047507,1666.9948046047507,3333.9896092095014,-0.9468405042837185,-1.187650972117485,0.055163000289392985,160624.78557631007,3519,4023,1217,4659,2990,1110
2170,-5021.176851674555,-5021.176851674555,-10042.35370334911,-0.8706537827767441,-2.962712169202568,0.05496002410852305,159224.55196328476,4468,3573,718,4891,2679,1189
2171,-3261.5668840225144,-3261.5668840225144,-6523.133768045029,-1.1824571456868451,-2.641201763892345,0.05527361022754492,161207.41299781384,2948,4849,962,2986,4174,1599
2172,-1588.276166936155,-1588.276166936155,-3176.55233387231,0.23567682727649436,-1.447184326213963,0.05491760780137565,161412.97139867445,5211,2736,812,3726,3320,1713
2173,749.481687153581,749.481687153581,1498.963374307162,-0.6761761007689505,-1.6530803448463114,0.05487930520269359,162190.06315504274,3384,4287,1088,3216,3754,1789
2174,-2454.238197590399,-2454.238197590399,-4908.476395180798,-0.438127180706576,-1.8318663274220808,0.05491636817667185,161877.7420523078,4065,4028,666,4007,3081,1671
2175,-2426.5971616308098,-2426.5971616308098,-4853.1943232616195,-1.266106462790766,-1.9998270077303186,0.05511802418358082,161489.86420411192,4344,3603,812,3524,3101,2134
2176,-4257.165006987358,-4257.165006987358,-8514.330013974715,-0.7531764125406988,-1.760180808303879,0.05516158779787407,162874.88228939535,4333,3368,1058,3451,3826,1482
2177,-3169.739775011816,-3169.739775011816,-6339.479550023632,-0.2640932001122338,-1.3504456282055226,0.05483400717626512,159550.36853414273,6215,1759,785,4723,2698,1338
2178,-1037.5775148318717,-1037.5775148318717,-2075.1550296637433,-1.3521780222549453,-1.6931480042598614,0.05471827524672447,162494.44639959905,3303,4130,1326,3860,2870,2029
2179,1684.582250966457,1684.582250966457,3369.164501932914,-1.0697040091411,-1.548862274656335,0.05460605903832535,160614.3714019236,4127,3777,855,3633,3633,1493
2180,1496.2356723442824,1496.2356723442824,2992.471344688565,-0.3636928458932741,-0.919934859715588,0.054926772107571104,160975.42646546397,3742,3877,1140,4200,3100,1459
2181,2117.7121490173786,2117.7121490173786,4235.424298034757,-1.1250263080449079,-1.2264214941161666,0.055013167358935584,160398.98150649277,5417,2266,1076,4220,2974,1565
2182,-4279.434855182883,-4279.434855182883,-8558.869710365767,-1.8047790291908505,-2.8050912700957182,0.05478988645385361,162094.76714242512,2272,5848,639,3787,3019,1953
2183,-1095.8037931051483,-1095.8037931051483,-2191.6075862102966,-0.8665844330123649,-2.2904941853773693,0.0549623209389869,160860.12508617007,4618,3201,940,4749,2735,1275
2184,3162.011178032482,3162.011178032482,6324.022356064964,-0.03577390008562745,-0.46128935764816487,0.0548612617775563,159648.58565172274,4101,3542,1116,4542,3129,1088
2185,-8262.846995131626,-8262.846995131626,-16525.69399026325,-2.0200645877604173,-3.7052095180981146,0.05473779397014349,162194.2263106304,5401,2213,1145,4048,2248,2463
2186,-3928.466994880041,-3928.466994880041,-7856.933989760082,-1.1817052828194123,-2.956280008369401,0.055221199169256434,162998.58414255735,4892,2944,923,3342,3742,1675
2187,-125.61547251395079,-125.61547251395079,-251.23094502790158,-1.1946427104629105,-2.644619493852774,0.05472464187993909,161480.33220617665,5415,2369,975,3029,4208,1522
2188,-322.27384820924044,-322.27384820924044,-644.5476964184809,-0.3466688310947228,-1.285353481913274,0.055092846830817985,160939.01058073595,3868,3782,1109,3688,3642,1429
2189,1200.3302420894645,1200.3302420894645,2400.660484178929,-0.4427629065058726,-1.5860050193018282,0.05505128639995139,160502.51140320394,4623,3286,850,3273,3888,1598
2190,-1796.4821679282743,-1796.4821679282743,-3592.9643358565486,-1.2452614175772063,-2.4126029064515917,0.05479061155157097,159785.9401907564,4526,3104,1129,3967,3028,1764
2191,1046.8818735996097,1046.8818735996097,2093.7637471992193,-0.42406341275714177,-0.9918766964330972,0.055301547630719275,161808.43917682668,4699,3281,779,3619,3764,1376
2192,8314.77931215655,8314.77931215655,16629.5586243131,0.3491234938591967,0.11027024661207305,0.05508825461575452,159419.41175868557,4424,3645,690,4064,3702,993
2193,-3401.0328348453572,-3401.0328348453572,-6802.0656696907145,-1.9154381353396674,-2.348881234804154,0.05488625893144041,162761.12476471352,4530,3133,1096,4002,3060,1697
2194,-3073.1749420917777,-3073.1749420917777,-6146.349884183555,-2.156800572729551,-3.0240508635886636,0.054627682666725144,161394.26281856233,3552,4495,712,2986,3504,2269
2195,792.8439824081589,792.8439824081589,1585.6879648163178,-0.5692664650726282,-1.0520150535810318,0.05500189468076867,161107.12382984732,3265,4486,1008,3441,3726,1592
2196,486.42459619630944,486.42459619630944,972.8491923926189,-0.7394926685378334,-1.5140145656364747,0.055055310912691925,160969.3655648071,4021,3839,899,3245,4110,1404
2197,-2541.8851769043868,-2541.8851769043868,-5083.7703538087735,-1.231468250931601,-2.165925313678239,0.05512207120807277,162214.4977289626,2475,4853,1431,3717,3297,1745
2198,2989.3444982607016,2989.3444982607016,5978.688996521403,-0.5098678376310957,-0.5709532222931605,0.05517550057926049,161393.7468444002,5029,2631,1099,3895,3542,1322
2199,-1811.164561882384,-1811.164561882384,-3622.329123764768,-0.5693622466517259,-1.1950671892099456,0.05482184583974039,162361.5702159488,3708,4126,925,3799,3039,1921
2200,-2436.748905729822,-2436.748905729822,-4873.497811459644,-1.5048231825928382,-2.3472809322844537,0.055227243467217295,164070.18686774702,2926,4786,1047,3747,2958,2054
2201,0.3267323022990407,0.3267323022990407,0.6534646045980814,-1.00244082210535,-1.420116891089035,0.055028461009864534,160513.76008196498,5601,2350,808,4268,2907,1584
2202,2861.967449224094,2861.967449224094,5723.934898448188,-0.9159451419275246,-1.1277458584896933,0.055088577999935204,161562.7296867602,3491,4508,760,4316,2613,1830
2203,-1059.8000919257963,-1059.8000919257963,-2119.6001838515926,-1.4778104722645253,-1.6165321400035275,0.05471073961409678,159950.6480358042,5022,2843,894,3745,3667,1347
2204,1958.0318099497447,1958.0318099497447,3916.0636198994894,-0.40891713417770825,-0.7766335011713141,0.05508107617265117,160448.31267137526,2851,5057,851,4784,2664,1311
2205,-6140.43737201165,-6140.43737201165,-12280.8747440233,-1.9141701835854679,-2.9795658248540415,0.05510021907612061,163177.6414111229,4177,3896,686,2690,3718,2351
2206,-4074.9972528647354,-4074.9972528647354,-8149.994505729471,-2.111385114693984,-2.1353709329499595,0.05541596831897388,162072.08930997152,4873,3264,622,3418,3591,1750
2207,-1703.3423360341233,-1703.3423360341233,-3406.6846720682465,-2.469264664734168,-3.0827755629100313,0.05529454255642547,162408.28779781525,3732,4241,786,3020,4096,1643
2208,1068.050125949712,1068.050125949712,2136.100251899424,-2.1670275815448976,-2.70013953823219,0.05526530977377398,161373.49738975614,4167,3724,868,3126,4050,1583
2209,-5096.058587311392,-5096.058587311392,-10192.117174622785,-2.959886540871116,-3.2919167392783337,0.05490294489100705,161828.4510267527,4884,3070,805,2884,4153,1722
2210,5038.212484429896,5038.212484429896,10076.424968859792,-2.111925193721086,-1.7519312508119929,0.05498435093188107,160971.6965884626,4211,3847,701,3608,3589,1562
2211,2525.004602827797,2525.004602827797,5050.009205655594,-1.7606453497152819,-1.8470667958025282,0.05502839981320095,162029.79110754895,3727,4319,713,4022,2918,1819
2212,3545.5288870492295,3545.5288870492295,7091.057774098459,-1.5882941950794722,-1.749165733428093,0.05513369766361549,160892.5066397934,3299,4797,663,3956,3621,1182
2213,642.4078519953481,642.4078519953481,1284.8157039906962,-0.8880347779639346,-1.2593868119338756,0.05513868624660706,163602.91565971155,3314,4172,1273,3601,3043,2115
2214,-689.1410177730362,-689.1410177730362,-1378.2820355460724,-1.2839267090861346,-1.7984641468079592,0.05494501428175458,163849.88023011838,4181,3664,914,3179,3306,2274
2215,-616.4457174359424,-616.4457174359424,-1232.8914348718847,-1.715438039505402,-2.6965696263382477,0.05506642442088847,160415.6036852276,5557,2294,908,3885,3178,1696
2216,-5927.362067803129,-5927.362067803129,-11854.724135606259,-2.29513003842293,-3.5877846858567057,0.05489987729233964,162768.49302933202,3143,4707,909,3219,3558,1982
2217,4140.6471241868185,4140.6471241868185,8281.294248373637,-0.48185634222034757,-0.9105752912093256,0.055089362579830506,159550.6508884538,6231,1963,565,4566,2983,1210
2218,-1169.219234447043,-1169.219234447043,-2338.438468894086,-1.1552662299476393,-1.5678395233527278,0.055346845382899995,163340.4863297567,4611,3008,1140,3547,3329,1883
2219,-1105.9502443195167,-1105.9502443195167,-2211.9004886390335,-1.9179253217786745,-2.5200168139393875,0.05476039189499481,161674.52583154215,3072,4986,701,3880,3033,1846
2220,1715.8590692296968,1715.8590692296968,3431.7181384593937,-0.5681649227003919,-0.5874914421304144,0.05486458228523505,160456.59773856774,4712,3259,788,4916,2574,1269
2221,175.27946273858842,175.27946273858842,350.55892547717684,-0.9689035478675074,-2.1021829887925416,0.0549742253647019,160955.2193139596,2861,4899,999,4845,2502,1412
2222,2961.82653053351,2961.82653053351,5923.65306106702,-1.0469166538555232,-0.8989329970347503,0.05503744709891921,160938.18621034102,3428,4114,1217,4004,3495,1260
2223,-4848.090705806584,-4848.090705806584,-9696.181411613168,-1.39147857655515,-2.2340963841872323,0.05503772532620118,162960.6281563757,2888,4906,965,4579,1947,2233
2224,932.1432038017123,932.1432038017123,1864.2864076034245,-0.352719507331663,-2.005819580114535,0.0552157825054474,162610.39431718725,3145,4978,636,3494,3399,1866
2225,-3336.118098498413,-3336.118098498413,-6672.236196996826,-2.0734198962162034,-3.131483394095253,0.05529210637260924,162303.15258258904,4511,3445,803,4203,3092,1464
2226,196.5724802510477,196.5724802510477,393.1449605020954,-0.6837975192030906,-1.721685735069055,0.05492029742989713,158786.29223315514,3912,3959,888,4377,3578,804
2227,5452.950507248102,5452.950507248102,10905.901014496205,-1.3753628749057867,-1.187993224163691,0.0548191903382727,159590.37352260904,3412,4437,910,4663,2901,1195
2228,-395.7517318037858,-395.7517318037858,-791.5034636075716,-0.6719770432722546,-1.5345233847195807,0.054706797557006186,162465.86714796117,4073,4012,674,3909,3383,1467
2229,-1026.6771489011821,-1026.6771489011821,-2053.3542978023643,-0.8855381173897092,-2.13158811706886,0.05502600232914671,162286.83547496973,3282,4757,720,3573,3324,1862
2230,115.57274753457327,115.57274753457327,231.14549506914653,-0.5227595677099047,-0.9703889962689831,0.05529971286620933,160468.84642384385,4569,2831,1359,4540,2855,1364
2231,2935.6921217764548,2935.6921217764548,5871.3842435529095,0.4569717410293603,-0.614122545665802,0.05505076752015596,161587.33349218444,2320,5472,967,3885,3493,1381
2232,-2339.4045737175,-2339.4045737175,-4678.809147435,-1.0954698008990769,-2.057196646448753,0.05508258789793482,160975.6592920268,5574,2351,834,3555,3517,1687
2233,2133.5516684686318,2133.5516684686318,4267.1033369372635,-0.23590704790258107,-1.3519770386223702,0.05509248730088443,160010.85727080127,5082,2917,760,3441,3787,1531
2234,462.96268469649175,462.96268469649175,925.9253693929835,-1.5923081416078895,-2.581546835985382,0.05482090395468284,159218.6888314856,3768,4161,830,4962,2266,1531
2235,4821.246684979879,4821.246684979879,9642.493369959759,-1.3939516780089993,-0.9634081309316449,0.055194776035565586,161221.00147525902,4124,3871,764,4270,3177,1312
2236,4607.969709897548,4607.969709897548,9215.939419795095,-0.587565814900806,-0.6953784869763509,0.05483580968198862,159056.37345532872,4426,3346,987,4482,3194,1083
2237,4105.835863853884,4105.835863853884,8211.671727707768,-0.8325852028639601,-0.9978665661599441,0.055253907109997,162019.1184683198,4056,3784,919,4186,3330,1243
2238,-568.2911308866214,-568.2911308866214,-1136.5822617732429,-0.9321508725831471,-1.1966381434395814,0.05487638575571365,159941.20630074732,4392,3283,1084,3908,2971,1880
2239,-4333.544528829345,-4333.544528829345,-8667.08905765869,-1.6178236357159888,-2.1311267386860466,0.05496882313808917,162235.9997669029,3637,4237,885,3298,3467,1994
2240,-1031.12758293313,-1031.12758293313,-2062.25516586626,-1.2629277891920456,-1.5019847928467998,0.055192912745812894,163679.4009434687,4027,3966,766,3176,3833,1750
2241,3476.457269552784,3476.457269552784,6952.914539105568,-1.2211260383539395,-1.487801852588141,0.05500880430702949,161376.99449075977,4355,3617,787,3717,3534,1508
2242,-779.8115318717407,-779.8115318717407,-1559.6230637434815,-2.1961956234115396,-2.857724946897049,0.05514960157837217,162740.74221791702,3293,4369,1097,2990,4070,1699
2243,-1165.9933353322392,-1165.9933353322392,-2331.9866706644784,-0.9720976871051356,-2.139314412992828,0.054761426130825186,161750.55842776838,3357,4456,946,3665,3382,1712
2244,2836.5224243489483,2836.5224243489483,5673.044848697897,-0.29928506465003757,-0.2769641699795084,0.054951085118992805,161065.1286033738,2862,4633,1264,4417,2698,1644
2245,-191.16726986825978,-191.16726986825978,-382.33453973651956,-0.2232816862042204,-1.6213382598513149,0.05492624756892087,160241.83641937166,3296,4197,1266,4240,3030,1489
2246,155.10224248376963,155.10224248376963,310.20448496753926,-0.022740137443305934,-0.9485167597495234,0.05513043032125069,161097.1368638047,5370,1995,1394,3676,3932,1151
2247,6861.407929513094,6861.407929513094,13722.815859026188,-0.21854178151012674,0.25185155971733447,0.0552526409890405,162562.879414473,2228,5782,749,2937,4567,1255
2248,3277.52993040856,3277.52993040856,6555.05986081712,-0.11304439369739135,-0.19062788820360782,0.054918985750461405,158637.0060301485,4568,3376,815,3995,3555,1209
2249,3117.9722571358857,3117.9722571358857,6235.944514271771,-0.4791035096827843,-0.43495306001753387,0.055343114774108276,162030.01598080917,1882,6107,770,3081,4620,1058
2250,226.44753199475218,226.44753199475218,452.89506398950437,-1.5582171397489923,-1.751816149136625,0.05514975827413077,164850.82754846304,3512,4093,1154,2650,3818,2291
2251,-227.61096864703438,-227.61096864703438,-455.22193729406877,0.09719666938482752,-1.3582024423768289,0.05489045019854012,159731.8586729345,4317,3544,898,4308,3417,1034
2252,-3546.693171067923,-3546.693171067923,-7093.386342135846,-1.6236934000844794,-2.942069804406639,0.055379504187372974,163670.64504665884,2899,4873,987,2490,4526,1743
2253,1595.0753446663693,1595.0753446663693,3190.1506893327387,-0.39247211182950503,-1.8762307683747117,0.05488086062526793,159731.93019569688,5032,2773,954,4884,2614,1261
2254,1130.6446816779826,1130.6446816779826,2261.289363355965,-0.9693005265117081,-1.879538757789486,0.05504460592695431,161065.20643455617,4347,3378,1034,3756,3532,1471
2255,3257.8723093877516,3257.8723093877516,6515.744618775503,-1.9922664142464603,-2.207775266997808,0.055250728262697876,160783.24574827135,5738,2183,838,3457,4008,1294
2256,4560.853448143901,4560.853448143901,9121.706896287802,-0.7284828761385103,-1.6179345917318733,0.05470447711246359,161327.0154378091,2988,4912,859,4102,3160,1497
2257,-154.52730493410564,-154.52730493410564,-309.0546098682113,-1.547313554956654,-1.7639058670181156,0.05486217100129689,161482.3835659915,2183,5586,990,4788,2238,1733
2258,-1231.2534671786022,-1231.2534671786022,-2462.5069343572045,-1.0200722086507759,-2.497819504512181,0.055087949125952496,160902.76698865605,3984,3803,972,3965,3248,1546
2259,-5287.943830681008,-5287.943830681008,-10575.887661362016,-1.2440663133461216,-2.4615951765586592,0.054811013154169454,162900.26442589803,3868,4055,836,4284,2317,2158
2260,2151.087353650829,2151.087353650829,4302.174707301658,-0.4459107296412237,-1.3185340507625019,0.05509052901566716,159106.7246455734,5242,2601,916,4681,2891,1187
2261,-727.6301979034971,-727.6301979034971,-1455.2603958069942,-1.6048688872494679,-1.6032398841544053,0.05483227094577947,161918.04554579325,4502,3495,762,4500,2258,2001
2262,-1086.639057155945,-1086.639057155945,-2173.27811431189,-1.794240363479596,-1.9672928256971014,0.054846053577291234,162891.6189721372,4482,3307,970,3068,3381,2310
2263,-843.6269524599943,-843.6269524599943,-1687.2539049199886,-0.9131765310452015,-1.4237215248718884,0.055059785673975604,161672.67637036252,4172,3738,849,3227,3656,1876
2264,-548.4286341080333,-548.4286341080333,-1096.8572682160666,-1.3448380913548004,-1.6296953806024372,0.05475989971802092,160893.4504146483,5059,2979,721,4286,2764,1709
2265,3423.8322718331483,3423.8322718331483,6847.664543666297,-1.3378305477340622,-0.9432823937903196,0.05528842923156219,159476.87059060106,4022,3520,1217,4320,3368,1071
2266,-5791.097938783352,-5791.097938783352,-11582.195877566704,-2.403216965131239,-1.9915515698984427,0.055122096645802476,163145.2961325803,5081,2724,954,3837,2717,2205
2267,4701.866318664603,4701.866318664603,9403.732637329205,-1.3555449830517123,-0.8547271515932476,0.054701831811994825,158416.67741269543,4317,3537,905,5000,2433,1326
2268,1721.0398658746008,1721.0398658746008,3442.0797317492015,-1.542862360183891,-1.9783881074993617,0.05530493514181573,160203.22472646582,4147,3400,1212,3633,3904,1222
2269,2847.0539924480586,2847.0539924480586,5694.107984896117,-2.0508295229278697,-1.5616022087207777,0.05475017170820148,162327.4160447661,3330,4707,722,4673,2356,1730
2270,-2336.963147174182,-2336.963147174182,-4673.926294348364,-1.8880180089076108,-2.4935186175983306,0.055067532619953764,160849.09125513118,4961,3069,729,3257,4157,1345
2271,-131.44102039065433,-131.44102039065433,-262.88204078130866,-2.063469174303194,-2.089451067132219,0.05537076258879091,162093.7468072611,5387,2104,1268,3561,3658,1540
2272,-2943.462006204486,-2943.462006204486,-5886.924012408972,-1.3599565293594067,-1.8929196563504258,0.05478882364407191,160965.8091662926,3335,4115,1309,4092,2980,1687
2273,2803.20553234593,2803.20553234593,5606.41106469186,-2.1830653429592686,-1.333451849824853,0.05526565292606656,161695.96758091863,3894,3941,924,3854,3550,1355
2274,-896.3508831264494,-896.3508831264494,-1792.7017662528988,-1.525321286543629,-1.231378547840515,0.055037982482374556,160045.31423460052,4765,3151,843,4204,3118,1437
2275,2909.227354023977,2909.227354023977,5818.454708047954,-1.1646093811433196,-0.24874410491062154,0.0554402778029947,163923.02085746758,3254,4628,877,3137,4098,1524
2276,-3618.508379999334,-3618.508379999334,-7237.016759998668,-2.4856349616585667,-2.2314699871439516,0.0549042182320186,162940.04982438736,5341,2702,716,3288,3188,2283
2277,-1463.808161258813,-1463.808161258813,-2927.616322517626,-1.8594348168947954,-2.092121937269483,0.05477051082153755,161916.42405834852,4881,2659,1219,3555,3412,1792
2278,4781.165163607138,4781.165163607138,9562.330327214277,-0.8483072392994989,-0.7309342554054165,0.054960029447376726,159329.69089693154,4844,3098,817,5017,2789,953
2279,-5926.829626987614,-5926.829626987614,-11853.659253975227,-3.275526616188541,-3.24531777174964,0.054992636944675904,163612.08531824392,3652,4351,756,3204,3321,2234
2280,1730.3189216370772,1730.3189216370772,3460.6378432741544,-1.8373054197823577,-1.902395436768532,0.05493022580264622,161633.41891175372,5984,1869,906,4156,2706,1897
2281,-123.01604404993562,-123.01604404993562,-246.03208809987123,-1.7375809345851345,-1.5731988370071184,0.05529899020903071,160744.5795197091,5292,2457,1010,3174,3980,1605
2282,1213.4010969972335,1213.4010969972335,2426.802193994467,-2.0181165339658054,-1.9756751401563533,0.054935181301897236,162167.5654152825,5502,2473,784,4287,2609,1863
2283,539.7800907092998,539.7800907092998,1079.5601814185995,-2.1570508962065817,-2.2887080116730116,0.05522518316211807,162768.4640684503,3227,4591,941,2800,4065,1894
2284,-2182.5385816187036,-2182.5385816187036,-4365.077163237407,-1.2606944444192465,-1.5016890410750987,0.05503982762254551,163705.38791521918,3300,4643,816,3682,3336,1741
2285,4278.948370764546,4278.948370764546,8557.896741529092,-0.3972678807727693,-0.6666181818757841,0.054954806256890046,160705.6333314787,3694,3972,1093,4777,2992,990
2286,1326.3179907186354,1326.3179907186354,2652.635981437271,-1.084827683034609,-1.602425412126782,0.05473760183670418,162715.53236333313,4508,3308,943,3534,3493,1732
2287,1819.061385647855,1819.061385647855,3638.12277129571,-1.0721419107194137,-1.058998001594737,0.055012603453129076,159955.63494172329,3407,4127,1225,4560,3114,1085
2288,2821.2979570605626,2821.2979570605626,5642.595914121125,-0.7095251116959586,-0.8551989042563573,0.055139780754342504,161391.8001270774,3726,3993,1040,3529,3838,1392
2289,3171.1472164146426,3171.1472164146426,6342.294432829285,-0.732505203430767,-0.8725906977198532,0.0548790196012894,159307.8561536237,5325,2206,1228,4302,3107,1350
2290,-5424.38621986641,-5424.38621986641,-10848.77243973282,-1.7462661091071854,-2.9606000730198114,0.05478034529382807,163359.94302804893,3621,4267,871,3837,2632,2290
2291,4332.205716036827,4332.205716036827,8664.411432073653,-0.8963515427655434,-1.5272088174470884,0.05490412474521428,160283.5070645949,3155,4853,751,5163,2432,1164
2292,1258.286693085553,1258.286693085553,2516.573386171106,-2.7398711634761934,-2.864430404905958,0.055085125783036586,162223.02833987836,4017,4016,726,3617,3377,1765
2293,-1122.1749030219833,-1122.1749030219833,-2244.3498060439665,-2.883909715049812,-3.2329267009600104,0.054904290674997636,162491.38593042994,3408,4441,910,3501,2877,2381
2294,4856.117245091958,4856.117245091958,9712.234490183915,-1.6958173830605394,-2.1615893987109414,0.054893678679044045,161790.33383626537,3874,3983,902,3889,3355,1515
2295,4751.287735599901,4751.287735599901,9502.575471199802,-2.4502068703709106,-1.565677759601483,0.055077251766167276,160194.5936451759,3408,3954,1397,4237,3324,1198
2296,2281.706241993975,2281.706241993975,4563.41248398795,-1.1654290608485534,-1.2923888751502486,0.05504590175983921,160042.18098061878,4492,3576,691,3996,3550,1213
2297,1879.89041791259,1879.89041791259,3759.78083582518,-0.8329046691461864,-1.0111750478253472,0.054692778816719134,159376.8806000204,3337,4364,1058,4535,3246,978
2298,1928.3685338889786,1928.3685338889786,3856.7370677779572,-2.4079023436818803,-2.1340653954840003,0.05506574246553077,162735.51992696399,2648,5177,934,3200,4065,1494
2299,-1154.975599861125,-1154.975599861125,-2309.95119972225,-1.9275157260438476,-2.087108427830081,0.054762308371621826,161891.65152464173,3277,4658,824,4580,2640,1539
2300,-3339.010002391331,-3339.010002391331,-6678.020004782662,-2.5387337648476924,-2.409921130062172,0.05521867712238478,162495.40672724217,4666,2961,1132,3558,3724,1477
2301,4506.998616063305,4506.998616063305,9013.99723212661,-1.7254980253882062,-1.661049900380093,0.054950217212544124,159567.34905947364,5309,2786,664,3778,3624,1357
2302,-3054.3585217072773,-3054.3585217072773,-6108.717043414555,-2.0359731293448733,-2.1312668847229417,0.05488332062242168,161221.9254680827,2925,4789,1045,4288,3400,1071
2303,2984.7029401933764,2984.7029401933764,5969.405880386753,-1.2668841804093505,-1.4211925815139328,0.05472341954897787,158368.2355114828,4767,3037,955,5793,1648,1318
2304,-4799.348556668305,-4799.348556668305,-9598.69711333661,-2.4454804650215825,-2.190371857376862,0.054556181157312124,163051.3587053413,4753,3313,693,3757,2533,2469
2305,4405.814235116025,4405.814235116025,8811.62847023205,-0.7231581284832846,-0.5385900506527522,0.05494627275345154,160894.33704988868,3442,4478,839,4024,3822,913
2306,3077.720681208337,3077.720681208337,6155.441362416674,-1.035570630731949,-0.43180459674943766,0.05473147642356716,158970.10768249934,5147,2996,616,4676,2992,1091
2307,3147.384522034302,3147.384522034302,6294.769044068604,-0.612111396681055,-0.974302356009772,0.055264622667424865,161081.284129386,2234,5705,820,4210,3387,1162
2308,-2496.6265915402855,-2496.6265915402855,-4993.253183080571,-0.7714828308150188,-1.9990396254457201,0.055345113114083036,163888.00555006447,4956,2977,826,3295,3623,1841
2309,6036.954580898796,6036.954580898796,12073.909161797592,-1.710799243509113,-1.5125783181768773,0.05516430052640652,161787.20271993332,5740,2314,705,4014,3435,1310
2310,1335.5130738301725,1335.5130738301725,2671.026147660345,-1.4757218077023235,-1.2474055476253252,0.05473762708172835,158785.45640658005,5168,2416,1175,4496,2598,1665
2311,7317.532704665045,7317.532704665045,14635.06540933009,-1.0360462692865933,-0.9143982231748493,0.05509645744592453,161260.63741691833,4737,3384,638,4311,3284,1164
2312,788.3432446249213,788.3432446249213,1576.6864892498427,-1.3839390309335031,-1.706417200973453,0.054770055638072676,160451.96042079796,4944,2773,1042,4613,2315,1831
2313,5780.616403917029,5780.616403917029,11561.232807834058,-1.1248755131310382,-0.6726014899542357,0.055127445040840745,160940.64203352685,3940,4166,653,3008,4684,1067
2314,4394.162000447048,4394.162000447048,8788.324000894096,-0.9409368093035186,-0.5460775713179263,0.054762350338630444,162539.7902833523,3539,4183,1037,4353,2791,1615
2315,3175.556874061493,3175.556874061493,6351.113748122986,-0.8987982966489174,-1.1058963850849037,0.05459916800211351,159311.39868833567,2884,4946,929,5178,2734,847
2316,5124.968576207208,5124.968576207208,10249.937152414415,-1.3765435915569604,-0.939021848954194,0.05496621044524709,161158.22139046245,3442,4193,1124,3434,3815,1510
2317,3896.602118422364,3896.602118422364,7793.204236844728,-1.3541933856826618,-0.9678501486277025,0.05500766181725602,160432.97762762618,3791,4048,920,3924,3507,1328
2318,889.5687086118382,889.5687086118382,1779.1374172236765,-1.249778025209105,-2.5172250606001674,0.054712372641661816,158565.76507434386,5569,2432,758,5030,2551,1178
2319,7275.0631397679135,7275.0631397679135,14550.126279535827,-0.7749194440885835,-1.061288220218036,0.05490013529136579,161025.7046208276,3126,4650,983,4208,3560,991
2320,804.372697316924,804.372697316924,1608.745394633848,-1.4317654320348405,-2.325960540325566,0.05500200127226197,161431.0556141187,2981,4880,898,3686,3364,1709
2321,988.1607551353219,988.1607551353219,1976.3215102706438,-2.4122113789736135,-2.225468149101385,0.05485006744936323,160814.62236672657,5295,2467,997,4554,2695,1510
2322,-653.0926625823041,-653.0926625823041,-1306.1853251646082,-1.8382805174044714,-2.401883610328711,0.055269885482185574,161827.54547444815,2545,5617,597,3969,3415,1375
2323,4498.381983040699,4498.381983040699,8996.763966081398,-1.4444978087446647,-0.8097055754412816,0.05490579456510781,159304.59376804126,5153,2749,857,4567,3108,1084
2324,5713.687754967421,5713.687754967421,11427.375509934842,-1.1236376106686372,-0.35494595829749487,0.05460516091914429,158374.29229220745,5522,2472,765,4412,2778,1569
2325,5516.037065880099,5516.037065880099,11032.074131760199,-1.2742030135929518,-0.9619380648236515,0.05499538817454625,159888.59509720898,3687,4300,772,4420,3344,995
2326,3867.296951819382,3867.296951819382,7734.593903638764,-2.3090690641604033,-1.7801235806481428,0.0551080941091469,160214.37764179302,4488,3570,701,3848,3051,1860
2327,4461.388708255844,4461.388708255844,8922.777416511688,-2.019413685431303,-1.089780524417958,0.05517171558348415,161940.3061536848,3768,3980,1011,3741,3273,1745
2328,837.0147146419847,837.0147146419847,1674.0294292839694,-2.9373862328198497,-2.87679858317999,0.054982593123217856,161905.783066153,4215,3476,1068,3627,2885,2247
2329,6887.0177775793245,6887.0177775793245,13774.035555158649,-1.594609013088573,-0.973596627864429,0.055063645486616394,158912.26564698713,4756,3128,875,4825,2662,1272
2330,5898.829241633514,5898.829241633514,11797.658483267029,-1.0643250394956403,-1.3142179837432373,0.0549049003247945,160638.79614112907,4630,3432,697,4508,2350,1901
2331,1726.1535018280347,1726.1535018280347,3452.3070036560694,-1.2441148007798541,-1.8565642420447594,0.05500974971349396,162981.98225871028,2884,5106,769,3537,3406,1816
2332,2579.5976328301367,2579.5976328301367,5159.195265660273,-1.1787262466490793,-0.60249866288325,0.05483084294002938,158929.0285664941,3832,4188,739,4954,2382,1423
2333,3446.904926860025,3446.904926860025,6893.80985372005,-0.831083910422088,-0.9642364866731806,0.05500232021810259,159378.7730767113,4011,4068,680,5030,2900,829
2334,6191.356872051419,6191.356872051419,12382.713744102837,-0.7596876482058108,-0.43829330953454076,0.05473243674473239,158244.4305100494,4539,3380,840,5230,2716,813
2335,782.9670062262453,782.9670062262453,1565.9340124524906,-2.299472916053794,-1.8775908339932081,0.0549025272040068,161574.88935438707,3248,4690,821,3577,3596,1586
2336,2390.105638005223,2390.105638005223,4780.211276010446,-1.1040722123322555,-1.2723011016518362,0.05488193390158981,162696.63112305634,4369,3555,835,3866,2900,1993
2337,5591.162928120643,5591.162928120643,11182.325856241287,-1.645492215078971,-1.6232975478989395,0.055313691013713806,162197.86402802897,3651,4226,882,3865,3436,1458
2338,-2326.7107291318985,-2326.7107291318985,-4653.421458263797,-3.4518993463382435,-2.6203667329433067,0.05502500022544139,164865.77598275067,3796,4001,962,3008,3096,2655
2339,1070.2566905483623,1070.2566905483623,2140.5133810967245,-2.4067811541239092,-1.9879076146009957,0.05497608967553473,160221.37090421017,4108,3963,688,4575,2739,1445
2340,5369.7577080913425,5369.7577080913425,10739.515416182685,-1.3733960888911478,-0.35797395702158163,0.054678396069179014,161211.56468498454,3945,3827,987,3804,3430,1525
2341,-353.21245969007055,-353.21245969007055,-706.4249193801411,-1.659404580943752,-1.769291915380171,0.054778988595931326,159545.69050729068,4114,3716,929,4635,2377,1747
2342,434.18701343742197,434.18701343742197,868.3740268748439,-2.3953484294832617,-1.5488483327844642,0.054905017582493665,161114.87282296733,3353,4751,655,4116,3345,1298
2343,-563.5512434438442,-563.5512434438442,-1127.1024868876884,-2.4989345842727078,-2.8878509226329383,0.05486628055758847,159505.3653936082,3618,4538,603,4508,3013,1238
2344,6173.115775854573,6173.115775854573,12346.231551709147,-0.7609585712365172,-0.4380877852011459,0.0551856176582407,161172.2194960668,4917,3101,741,3871,3532,1356
2345,3549.379020007304,3549.379020007304,7098.758040014608,-0.9181280347839497,-0.8691016875410726,0.054644312778295845,158788.6703177535,4122,3844,793,6122,1496,1141
2346,4911.198203731114,4911.198203731114,9822.396407462227,-0.7410185263045553,-1.3212599130845484,0.05454379986526789,159430.9211718285,4065,3503,1191,5321,2015,1423
2347,-1709.542427171191,-1709.542427171191,-3419.084854342382,-1.2759799245042975,-1.8609050244322975,0.055151455932187815,162364.175412707,4865,3214,680,3140,3794,1825
2348,1229.83868388185,1229.83868388185,2459.6773677637,-0.6202162779366392,-1.4527729310533923,0.05487237019811708,159496.37583348821,4408,3652,699,4987,2153,1619
2349,5018.719631821588,5018.719631821588,10037.439263643177,-0.6935752262618765,-0.9728790894394799,0.055346166151562175,162788.96302443786,3301,4846,612,3861,3442,1456
2350,4964.868308322956,4964.868308322956,9929.736616645912,-0.8072722185941373,-0.9910182584434151,0.054889174797808915,158355.5953095166,3792,4186,781,4944,2635,1180
2351,6015.500936686472,6015.500936686472,12031.001873372945,-0.17597628229616707,0.1956168529761784,0.055232329261921384,160920.20539051376,3209,4840,710,3564,4072,1123
2352,5214.592861152,5214.592861152,10429.185722304,-2.054844325863214,-1.6580241664925697,0.055054860367181165,160571.035439851,4810,2702,1247,4200,3269,1290
2353,2417.309893259513,2417.309893259513,4834.619786519026,-1.0647995061766309,-1.003613249216083,0.055144430734854234,160062.39903287755,4109,3923,727,5416,2200,1143
2354,3584.5494898197235,3584.5494898197235,7169.098979639447,-0.5797864053347169,-0.7112820316056773,0.05483522088287278,160803.1002859568,3647,4337,775,4997,2490,1272
2355,4415.140216214629,4415.140216214629,8830.280432429257,-0.37066804156294486,-1.1220248957227448,0.05471579316305146,160217.63866146945,3135,5101,523,4818,2783,1158
2356,7207.746568855468,7207.746568855468,14415.493137710935,0.3119314791898786,-0.20980139974190734,0.05496801894119835,159986.44108272932,3127,4402,1230,4367,3358,1034
2357,-10.280754098955471,-10.280754098955471,-20.561508197910943,-0.5129156864481642,-0.7813659147271413,0.055205789973491175,160879.73931108738,2879,4551,1329,4156,2984,1619
2358,-126.05940005616043,-126.05940005616043,-252.11880011232086,-1.833017962341401,-2.132564123439294,0.05491090139343676,162139.82002604587,5511,2172,1076,4410,2385,1964
2359,-913.8161366899885,-913.8161366899885,-1827.632273379977,-2.626073173093909,-2.222442830764863,0.05484156431330749,162366.59765330126,4578,3234,947,3244,3328,2187
2360,-6405.617533035939,-6405.617533035939,-12811.235066071878,-3.9439089343687574,-4.299736277860556,0.05510203765575966,164172.74534049822,4584,2836,1339,2967,3295,2497
2361,802.1564430437276,802.1564430437276,1604.3128860874551,-2.2039929907403057,-2.4844076403963893,0.05496405325214798,160467.71624831198,5855,2155,749,4734,2431,1594
2362,1518.4458582170848,1518.4458582170848,3036.8917164341697,-1.8505403994472867,-2.6718250363887104,0.055138891587222266,160586.377326727,3416,4600,743,4155,3233,1371
2363,1052.1672449184784,1052.1672449184784,2104.334489836957,-1.584563894343427,-1.2368234893122372,0.05533001014784827,161464.30327150764,3570,4373,816,2930,4513,1316
2364,-413.49741553840346,-413.49741553840346,-826.9948310768069,-2.3875436225963944,-1.9149573462307532,0.0550678787303643,160281.35279125976,5754,1793,1212,3129,3979,1651
2365,-830.8697932225958,-830.8697932225958,-1661.7395864451917,-2.366076635971986,-2.2159530036830164,0.05505433705580322,162367.62141085975,4248,3783,728,3457,3481,1821
2366,2245.7102689282433,2245.7102689282433,4491.420537856487,-1.12462290612532,-1.2064404315692032,0.054823118932744636,159883.43451601194,4656,3202,901,4712,2988,1059
2367,1674.5423952721342,1674.5423952721342,3349.0847905442683,-2.473534455348196,-2.491868486531266,0.05467897917580036,158967.2445529191,4997,2882,880,3809,3814,1136
2368,7271.738765176549,7271.738765176549,14543.477530353099,-0.8020522382471816,-0.2250898358629608,0.055065317201392086,158999.08861455185,5712,2070,977,4845,2941,973
2369,-89.96490854243498,-89.96490854243498,-179.92981708486997,-3.554235715103785,-2.8744218745705,0.055060057676164106,163103.05460467873,3655,4440,664,3237,3907,1615
2370,1116.1091956487053,1116.1091956487053,2232.2183912974106,-2.45963437122341,-2.5152390309145782,0.05480111755362348,160879.82394111424,3299,4434,1026,3896,3558,1305
2371,4640.961508290129,4640.961508290129,9281.923016580258,-0.9650184258979628,-0.18499275848940974,0.05506480953664424,159778.17492577524,4895,3218,646,3641,4005,1113
2372,2306.696674095919,2306.696674095919,4613.393348191838,-2.2670938240447014,-1.803984560151348,0.054971752973892035,163397.61919073938,3563,4015,1181,3803,2985,1971
2373,1419.1836079281939,1419.1836079281939,2838.3672158563877,-1.6101929347470265,-1.6698810894804161,0.054827588055716955,162007.35372378104,3949,4048,762,4804,2450,1505
2374,4499.882114754425,4499.882114754425,8999.76422950885,-1.7839174321007518,-0.8986023931979931,0.0546312033513008,159284.71904936462,4546,3480,733,4717,2342,1700
2375,3557.004774976376,3557.004774976376,7114.009549952752,-1.295786910810739,-0.921003529326224,0.05486633922477298,161181.82352007538,3726,4057,976,4036,3128,1595
2376,2988.854876418314,2988.854876418314,5977.709752836628,-1.1066382522795684,-1.3625783418162192,0.054803801310834475,163532.17798925028,3170,4418,1171,3823,2796,2140
2377,7473.513037624647,7473.513037624647,14947.026075249294,-1.2176809311597092,-1.2969957601213522,0.05483065609880683,159587.11113504026,4195,3762,802,4431,2900,1428
2378,5713.75878705036,5713.75878705036,11427.51757410072,-1.5797441302120956,-0.653137369626774,0.05477912791621664,159131.0518675323,4611,3000,1148,4680,2815,1264
2379,3762.630716601076,3762.630716601076,7525.261433202152,-2.4231997584074985,-2.249920301207025,0.054911744515501945,159317.3106722668,3583,4174,1002,3870,3874,1015
2380,-701.1733992626301,-701.1733992626301,-1402.3467985252603,-3.087247966591315,-3.3828149753949397,0.054648831504728095,160800.3315466402,5798,2227,734,4288,2725,1746
2381,4015.582385927481,4015.582385927481,8031.164771854962,-0.778188302901003,-1.4962542035040867,0.05501007163886101,161483.4328875192,3993,4005,761,4330,3014,1415
2382,7993.3649585541225,7993.3649585541225,15986.729917108245,-1.0709942401287917,-0.43697006852550935,0.05495373733097514,159783.55438150789,2979,4695,1085,3699,4011,1049
2383,3585.6314414735825,3585.6314414735825,7171.262882947165,-1.3524799226262352,-0.7455551668482125,0.054463597923314545,159514.36441199557,4432,3662,665,4404,2553,1802
2384,2406.851758910546,2406.851758910546,4813.703517821092,-1.4921600204446714,-0.830150653655623,0.055075837653996644,159431.3784230148,5680,2197,882,4900,2562,1297
2385,5593.499106062611,5593.499106062611,11186.998212125221,0.41470973172834225,-0.15553064536595632,0.054757480609312,159547.2428168282,3459,4337,963,4904,2900,955
2386,6541.100297586436,6541.100297586436,13082.200595172872,0.8920078331554682,-0.11120621750968301,0.054676009490187874,157937.81426515905,4576,3371,812,5268,2342,1149
2387,1022.7223653951534,1022.7223653951534,2045.4447307903067,-1.8285471881804665,-0.9265317798146545,0.05502670138159627,162848.14589117403,4391,3637,731,3173,3446,2140
2388,-5109.579106886558,-5109.579106886558,-10219.158213773117,-1.603416494904491,-2.5192231454595087,0.05511700467220211,162025.3037660808,3367,4612,780,4202,2828,1729
2389,9592.53388420053,9592.53388420053,19185.06776840106,-1.078862146078607,-0.8891861245482967,0.0551575259381872,159779.27781967315,5529,2168,1062,3341,4451,967
2390,-2407.3437451504924,-2407.3437451504924,-4814.687490300985,-3.0403712172476967,-2.5875246561918197,0.05549070805178429,163420.25308409234,3599,4261,899,3373,3706,1680
2391,-2766.2463808472853,-2766.2463808472853,-5532.492761694571,-2.2780752197437786,-2.581581156460985,0.05494111807409303,162578.03155252445,3974,3815,970,3436,3628,1695
2392,3473.0211884410683,3473.0211884410683,6946.0423768821365,-1.3112214050189357,-1.4106873308184782,0.05525582364692111,161493.06258196165,3246,4524,989,3899,3790,1070
2393,-1595.3813399877445,-1595.3813399877445,-3190.762679975489,-1.3326509853407766,-2.2484351341368125,0.054808429794435246,162051.13851966808,4830,2647,1282,3595,3275,1889
2394,5193.118363251431,5193.118363251431,10386.236726502862,-0.912450039690116,-1.207999875206302,0.054991450515324405,158683.01914448442,4338,3270,1151,4457,2928,1374
2395,2867.5637011864646,2867.5637011864646,5735.127402372929,-0.6140987245147358,-1.4170555071770343,0.054873123676995754,160048.95866160546,3734,3978,1047,3740,3458,1561
2396,3363.1838073738395,3363.1838073738395,6726.367614747679,-1.1429698664890469,-1.5630790181146568,0.054649922474320344,159738.20617937195,3541,4164,1054,3163,3823,1773
2397,4756.135084790113,4756.135084790113,9512.270169580226,-1.4019904797474083,-1.4041124175047215,0.05483721943649064,158661.45600147074,5516,2303,940,4865,2651,1243
2398,-1685.0521386314138,-1685.0521386314138,-3370.1042772628275,-2.8429633384879893,-1.6492290703826653,0.05529051136668867,162335.03556707062,3798,4217,744,3500,3437,1822
2399,1389.361810566271,1389.361810566271,2778.723621132542,-2.460660704623109,-2.3792658869479344,0.055074236757904634,163680.04782876465,4898,3068,793,2892,3295,2572
2400,1876.1293263127875,1876.1293263127875,3752.258652625575,-1.8136755515731307,-2.7398637918443276,0.054984116473033445,159984.3908210555,4074,3590,1095,3342,4083,1334
2401,1772.0044456124988,1772.0044456124988,3544.0088912249976,-0.7432600177110933,-0.9585592276183643,0.05503862181395987,163281.25583454777,4513,3398,848,3300,3188,2271
2402,1931.3755790599841,1931.3755790599841,3862.7511581199683,-1.434575886252652,-0.9436318688639218,0.0547398736874045,162513.28045267262,3025,5186,548,3892,2456,2411
2403,2929.504608760032,2929.504608760032,5859.009217520064,-0.9542953934918875,-1.2221743008039596,0.0551459799252944,161577.75083950962,3222,4670,867,3872,3582,1305
2404,2486.450244393822,2486.450244393822,4972.900488787644,-0.8008964863505269,-0.5761135162176941,0.05502381977471706,161195.11149561932,4650,3387,722,4111,2824,1824
2405,-1919.5041787507212,-1919.5041787507212,-3839.0083575014423,-2.0345519848859213,-2.0941186030866223,0.05525293429381093,164027.1593270956,3500,4436,823,3650,3396,1713
2406,3172.733114794491,3172.733114794491,6345.466229588982,-1.9024984127389597,-1.9516331194011103,0.05519005621957558,163536.7523626947,3570,4318,871,3297,3492,1970
2407,-4746.271645637134,-4746.271645637134,-9492.543291274267,-1.9099568208442812,-2.935005401963738,0.05480796472017686,162072.15448497978,2600,5203,956,4002,3164,1593
2408,5097.955344651606,5097.955344651606,10195.910689303211,-0.7696125050287124,-0.7571846968406508,0.054815128135836826,160552.31062969612,3737,4271,751,4744,2780,1235
2409,1919.3140865135272,1919.3140865135272,3838.6281730270543,-1.2852157285188277,-1.2211025628163943,0.054672258590450204,162495.59844367855,4362,3289,1108,4746,2007,2006
2410,5504.2200991626405,5504.2200991626405,11008.440198325281,-0.06700186835729886,-0.5309229172628182,0.05494437380073085,161687.56551759166,5693,2518,548,4344,2678,1737
2411,6819.899708362179,6819.899708362179,13639.799416724358,-0.8962073674634957,0.04335571414561052,0.05493140837091815,162263.5757091519,3896,3856,1007,3117,3639,2003
2412,5616.955573094197,5616.955573094197,11233.911146188393,-0.8589828863843221,-0.9653692959040396,0.05502438293095739,162573.63234289802,3881,3700,1178,3562,3617,1580
2413,4567.810493330564,4567.810493330564,9135.620986661128,-0.005084614093303791,-0.6840111334919962,0.05528939824288636,162293.93147779786,4159,3730,870,2625,4565,1569
2414,-1117.5058791243791,-1117.5058791243791,-2235.0117582487583,-0.5852845391042135,-0.8647674265931765,0.054865407512095184,161551.2119081834,5273,2747,739,2953,3621,2185
2415,-472.6095054944484,-472.6095054944484,-945.2190109888968,-1.0501991856901114,-1.6285626680734828,0.05470281803734527,162264.6248849764,4462,3453,844,3925,2578,2256
2416,7950.4637421847365,7950.4637421847365,15900.927484369473,-1.2141722097082257,-0.3482758878273278,0.05469287279603673,159067.8118037344,5108,3071,580,5300,2090,1369
2417,8872.439182624346,8872.439182624346,17744.878365248693,-0.6701997793423943,0.20047629900584435,0.05474229753145322,159531.90631228552,5026,2608,1125,4599,3088,1072
2418,3856.6769635656055,3856.6769635656055,7713.353927131211,-1.31828629539164,-0.7081817389568897,0.05504566018321253,160637.25359083965,4140,3926,693,4662,2601,1496
2419,7031.158801660221,7031.158801660221,14062.317603320442,-0.5950903454569697,0.1594715957760519,0.05493394730954978,162322.48187765366,3726,4039,994,4207,2758,1794
2420,5348.541813091708,5348.541813091708,10697.083626183416,-1.704707408686086,-0.8777032019565163,0.055246132155815524,163925.99351284697,3635,4245,879,3614,3187,1958
2421,871.4345897187837,871.4345897187837,1742.8691794375675,-1.8509020434422438,-2.139407609427442,0.05515738918746851,161688.3410852131,5426,2275,1058,3097,3729,1933
2422,6040.005835931581,6040.005835931581,12080.011671863162,-1.6098488317873954,-0.3095028191422367,0.055052998732194366,161071.45537141428,3710,4495,554,4021,3194,1544
2423,6609.513579072452,6609.513579072452,13219.027158144903,0.13799273127257805,0.022245631837720298,0.05464016307343724,160173.9837710216,3970,4035,754,5245,2175,1339
2424,1812.5133629235,1812.5133629235,3625.026725847,-1.5444612094492576,-0.8695139325774945,0.054900384769536126,160262.85294380935,4968,2868,923,4296,2666,1797
2425,6891.837854388511,6891.837854388511,13783.675708777022,0.05962683783033201,-0.4874954689610137,0.0549427471469031,160387.39076601563,4350,3325,1084,3990,3642,1127
2426,3144.821811650803,3144.821811650803,6289.643623301606,-0.8900650860360635,-0.9182584326052623,0.05509744377781804,161944.61863551775,4169,3289,1301,3479,3933,1347
2427,2210.4959859240366,2210.4959859240366,4420.991971848073,-1.241844203937453,-1.0289423292133968,0.05485913214264085,161036.659711384,3599,4082,1078,3314,3761,1684
2428,2042.605197963446,2042.605197963446,4085.210395926892,-0.8245491083580645,-1.1337223960125722,0.055065889516205155,162383.1469756311,2827,4682,1250,3731,3423,1605
2429,6094.5712903084905,6094.5712903084905,12189.142580616981,-1.1309759504143784,-0.9930546032422993,0.0548240726785101,159423.57734632285,5766,2131,862,3606,3796,1357
2430,7723.4213538526155,7723.4213538526155,15446.842707705231,-1.3686115115932116,-0.8447417542785096,0.05515447122085474,161817.61609291565,3734,3876,1149,3433,4230,1096
2431,2518.7488382894867,2518.7488382894867,5037.497676578973,-0.9521652398817668,-1.2150802420672426,0.05533853890014623,162293.27446876524,3865,3562,1332,3278,3975,1506
2432,5844.959607897048,5844.959607897048,11689.919215794096,-0.8748787688887676,-1.927175170764657,0.05511737513615363,160708.86158903132,3137,4941,681,3622,4208,929
2433,3214.170560718166,3214.170560718166,6428.341121436332,-0.9808624163871966,-1.661766046023764,0.05520776513124232,162800.69582147175,2830,5248,681,4321,2908,1530
2434,297.21415781618475,297.21415781618475,594.4283156323695,-1.9313234505971484,-2.25637801465716,0.05535695654285147,161801.40807174178,5192,2682,885,3124,3624,2011
2435,2409.9695243214246,2409.9695243214246,4819.939048642849,-2.4915905472953814,-1.47030816582484,0.05499661856556644,160735.41699496718,3376,4599,784,3443,4191,1125
2436,2282.581321678499,2282.581321678499,4565.162643356998,-1.9059368881478504,-2.046810759022419,0.05507726321325105,160026.46311886123,3771,3963,1025,4271,3511,977
2437,11494.848161254522,11494.848161254522,22989.696322509044,-0.5479940020264387,0.03191957461101268,0.05508567927036297,159532.0835744554,4270,3516,973,4781,2955,1023
2438,3754.7952446715985,3754.7952446715985,7509.590489343197,-0.49266336910787917,-0.48828450343075475,0.05490493015991172,162368.87507664703,2319,5394,1046,4336,2794,1629
2439,764.050855154326,764.050855154326,1528.101710308652,-1.986900358456253,-1.9651078803850577,0.055000818628364735,162820.02815652848,3602,4119,1038,3209,3491,2059
2440,7840.163105251901,7840.163105251901,15680.326210503801,-0.04767106320983948,-0.26622290011614536,0.055008694040323325,160575.55957424865,2458,5515,786,3620,4192,947
2441,-2484.2759461187075,-2484.2759461187075,-4968.551892237415,-2.103215368979197,-3.119024067364657,0.05514664141085385,162464.74247491042,5137,2765,857,3758,2908,2093
2442,4995.905039058633,4995.905039058633,9991.810078117265,-1.930121039558584,-1.4255942684219363,0.05459901686772082,159029.06189199802,3615,4410,734,4699,2881,1179
2443,6045.177281297486,6045.177281297486,12090.354562594972,-1.3842294488090103,-1.5505764664802244,0.05490039718435289,159932.99200380652,3791,3771,1197,4629,3047,1083
2444,486.2887971144597,486.2887971144597,972.5775942289195,-1.813990045005893,-2.299640931820201,0.05523926396601267,163593.01061477643,4156,3812,791,3087,3663,2009
2445,2041.3342349266372,2041.3342349266372,4082.6684698532745,-1.362371049576009,-1.9268329153918855,0.055073937613028846,160443.2153678193,5165,2960,634,4400,3225,1134
2446,5721.919300827047,5721.919300827047,11443.838601654094,-1.5932403029847673,-1.1832695807040297,0.05508727869167404,160378.8940685424,2834,5151,774,3764,4119,876
2447,4731.289478801237,4731.289478801237,9462.578957602474,-1.9963735779805354,-2.379277004321614,0.05515167918655575,162736.08561458945,4080,3469,1210,3130,4206,1423
2448,3341.869589601552,3341.869589601552,6683.739179203104,-2.2441555640787985,-1.8488927712712417,0.05481085244911903,161889.85205300138,4403,3142,1214,3967,2905,1887
2449,5612.728700560826,5612.728700560826,11225.457401121652,-2.0846390741941594,-1.2654025867947494,0.05479753836334295,162956.93400861003,3709,4161,889,3615,3359,1785
2450,7183.976298364375,7183.976298364375,14367.95259672875,-1.9379924972966498,-1.3510130433171175,0.05505956903231416,160378.49678884883,4449,3420,890,4896,2797,1066
2451,5007.830329969507,5007.830329969507,10015.660659939014,-2.0755589727301587,-1.4040885588733951,0.05507829483360621,160607.82202775477,2983,5110,666,4583,2946,1230
2452,6737.523544706061,6737.523544706061,13475.047089412123,-2.0953280796766696,-1.4668761658370189,0.05491304548092246,159048.19351612058,3879,3835,1045,4239,3212,1308
2453,3378.113940239068,3378.113940239068,6756.227880478136,-1.3866134027738521,-1.3585433027549618,0.05505372263398568,160908.6747490735,3079,4806,874,4827,2684,1248
2454,5742.189269409668,5742.189269409668,11484.378538819336,-2.074365670459409,-1.1318552682151248,0.05507122121719626,161764.20819329956,3582,4499,678,3722,3690,1347
2455,4758.451141936859,4758.451141936859,9516.902283873718,-1.456103730245469,-1.312740831646329,0.05495407326033266,162184.71257643172,4742,2961,1056,4214,2841,1704
2456,4781.694570770045,4781.694570770045,9563.38914154009,-0.8585630257080329,-0.39179139765892396,0.05497450151642598,160256.34497393214,4889,2783,1087,4036,3172,1551
2457,4795.2012840698735,4795.2012840698735,9590.402568139747,-0.7088220032663998,-0.723580406160333,0.054906507926043714,161360.07609758145,2208,5891,660,4636,2800,1323
2458,4236.80320178236,4236.80320178236,8473.60640356472,-1.0264113547795843,-0.633755701031931,0.05469332392100071,159016.15002926046,4003,3818,938,4378,3185,1196
2459,5118.444070527078,5118.444070527078,10236.888141054156,-1.4309403446321791,-1.0576703410661346,0.055303772439408067,161824.69234210832,3722,4273,764,3012,4169,1578
2460,7259.412931558147,7259.412931558147,14518.825863116293,-1.2755518057875908,-0.5554589443860187,0.05454718902484596,160050.51307647943,4379,3332,1048,4581,2891,1287
2461,3976.7836794343652,3976.7836794343652,7953.5673588687305,-1.6837396010892212,-0.8447890196732228,0.05518063126422348,161349.33711468976,4040,3813,906,3945,3145,1669
2462,5618.965646638238,5618.965646638238,11237.931293276475,-1.9045523969500076,-1.023927795914169,0.05485510243694382,160131.1357590385,3479,4025,1255,4769,2644,1346
2463,4919.3889423344635,4919.3889423344635,9838.777884668927,-1.1955523734332785,-0.8127141854888474,0.05500003375366844,162385.20385049965,1507,6375,877,3092,4268,1399
2464,5272.2865472606345,5272.2865472606345,10544.573094521269,-1.5473918559516597,-1.2269676004655272,0.05491607214994465,159270.51522273864,5714,2296,749,4491,3192,1076
2465,6787.279296569855,6787.279296569855,13574.55859313971,-2.058178978652655,-1.6230311678849227,0.054937001966117664,159364.64346300001,4376,3129,1254,3367,4126,1266
2466,2578.1858964748862,2578.1858964748862,5156.3717929497725,-2.088548253329453,-1.4888690250108993,0.054773730746447084,158842.5700069379,4281,3221,1257,4749,2792,1218
2467,6631.733448398472,6631.733448398472,13263.466896796945,-1.3114716818770622,-0.8889661625544097,0.05475733155723874,158596.73627897157,4414,3798,547,4432,3491,836
2468,8297.456462468768,8297.456462468768,16594.912924937536,-1.2056276270029183,-0.4900983979893069,0.05496557204734483,159791.79514064585,3399,4688,672,4614,3011,1134
2469,5179.581528098223,5179.581528098223,10359.163056196447,-2.081912718348761,-1.4778096664942562,0.05483746060431315,162391.65721940136,3629,3936,1194,3386,3830,1543
2470,4400.914489958513,4400.914489958513,8801.828979917025,-1.6801067310762035,-1.703017982317978,0.054976777478991566,158995.7398453122,5893,2288,578,4367,3159,1233
2471,5675.636241859029,5675.636241859029,11351.272483718058,-1.5836681896489353,-1.1216254959900032,0.055085501382137185,161215.48329142746,3691,4338,730,3899,3310,1550
2472,6955.951721454781,6955.951721454781,13911.903442909563,-1.2503164331473353,-0.9206739862355562,0.054997512923671256,160291.39351206887,5210,2839,710,4341,3248,1170
2473,3369.174569702272,3369.174569702272,6738.349139404544,-2.421217722179369,-1.5048891933721127,0.05480345393601991,159985.53590536723,4815,3266,678,4567,2241,1951
2474,8998.713447461669,8998.713447461669,17997.426894923337,-0.4802159722391396,0.05051319114360457,0.05511133770144356,160341.72073468423,3922,3626,1211,3647,3785,1327
2475,4493.3875425208125,4493.3875425208125,8986.775085041625,-1.0189945592461536,-0.9112442426457155,0.05531342997774841,163313.50276553468,2521,5179,1059,3801,3598,1360
2476,1904.9202777780258,1904.9202777780258,3809.8405555560516,-1.7506383150632574,-2.007797648938973,0.05492599393667964,162255.112191954,4938,2936,885,4482,2454,1823
2477,6292.621021886555,6292.621021886555,12585.24204377311,-0.17065534072963467,-0.4391400113207018,0.05481021664311045,158465.87714784575,3640,4151,968,5018,3030,711
2478,629.901024099945,629.901024099945,1259.80204819989,-2.019694893452684,-1.585398953378898,0.05499117463187014,161513.00338504068,4180,3467,1112,2875,4113,1771
2479,3662.518295554598,3662.518295554598,7325.036591109196,-1.301622877576605,-1.7134816388196616,0.05464702992675147,161119.21629031826,3736,4047,976,4564,2175,2020
2480,6448.706903518633,6448.706903518633,12897.413807037266,-1.0668275806290746,-0.8031445042083349,0.05481482290003096,158985.7675365133,4278,3594,887,5311,2507,941
2481,2725.794033671942,2725.794033671942,5451.588067343884,-1.9375422981873263,-1.7043575166538536,0.05502007191941585,160086.7951491798,5409,2368,982,3826,3208,1725
2482,-33.94003249600138,-33.94003249600138,-67.88006499200276,-1.6586653364150605,-1.347208398516784,0.05483045146805458,162808.79039218932,5447,2172,1140,3755,2606,2398
2483,11849.42167608864,11849.42167608864,23698.84335217728,-0.8785754161709768,-0.3259969963954107,0.05491041655057502,160258.36880658887,5176,2667,916,3891,3724,1144
2484,8117.641316985856,8117.641316985856,16235.282633971712,-0.8047316014494189,-0.5030802850110613,0.054960300250851926,161142.93121627002,5634,2158,967,4061,3212,1486
2485,1427.6021456412907,1427.6021456412907,2855.2042912825814,-1.643734609337462,-1.1580225865327616,0.05499716408425867,164333.33386709617,5676,1901,1182,3384,2827,2548
2486,5942.712598107019,5942.712598107019,11885.425196214039,-2.040080798942989,-1.3422575377024202,0.054678868423993644,162317.23024900994,2270,5632,857,4590,2328,1841
2487,2967.4674736372535,2967.4674736372535,5934.934947274507,-2.187236814176792,-1.1126512714389756,0.054948332722580644,159143.84369109818,4492,3335,932,3975,3510,1274
2488,5767.735100670973,5767.735100670973,11535.470201341946,-2.2580858215098853,-1.336111224303516,0.05512004835450628,160120.64546919183,4242,3696,821,3471,4277,1011
2489,7521.254187272012,7521.254187272012,15042.508374544024,-1.2904245260668528,-0.8137139000134908,0.05504131282325526,161229.04910846328,2041,5694,1024,3607,3970,1182
2490,5783.475171507149,5783.475171507149,11566.950343014298,-1.8794225426134916,-0.8898449286005116,0.05497661066096917,160913.86879265198,4956,2748,1055,3699,3264,1796
2491,7407.658862979802,7407.658862979802,14815.317725959603,-2.124336861495691,-1.3306814437845977,0.055232885676613656,163952.7039037945,5048,3101,610,2461,4504,1794
2492,6415.985042200002,6415.985042200002,12831.970084400004,-1.3128465228362012,-1.4453681232473459,0.05464770554906271,158758.51370424434,4102,3328,1329,4445,3312,1002
2493,-387.3748325000639,-387.3748325000639,-774.7496650001278,-2.3161182163159313,-2.847617001167383,0.05477466734436169,162257.0708255714,3586,4268,905,4967,2087,1705
2494,8634.60981611333,8634.60981611333,17269.21963222666,-0.7902669754127281,-0.26657547261736575,0.054850519504191834,159127.16736667306,4246,3572,941,3465,4185,1109
2495,3810.4432784448827,3810.4432784448827,7620.886556889765,-0.623112265261305,-0.574833969447435,0.05516752341785798,162811.91627913734,2202,5916,641,3921,3317,1521
2496,6324.853619523215,6324.853619523215,12649.70723904643,-2.0800113875196224,-1.051462720261456,0.05496826185618157,161432.5102073416,3811,4216,732,3320,4091,1348
2497,5769.713366541779,5769.713366541779,11539.426733083557,-1.0541447182917048,-0.5768415798573407,0.054577675904121895,159653.53854805726,3806,3938,1015,4883,2360,1516
2498,5317.173077315795,5317.173077315795,10634.34615463159,-2.052468977550589,-1.4923637631938578,0.055002527849879954,160247.966960498,2863,5165,731,4596,3088,1075
2499,7386.1143300722215,7386.1143300722215,14772.228660144443,-1.0287371820339613,-0.7097688745746311,0.055058048157220096,161202.76076845982,5082,2920,757,4065,3470,1224
2500,-1206.6736496989097,-1206.6736496989097,-2413.3472993978194,-2.1051561678639104,-2.4098757216018614,0.05513191653298168,165024.06626797712,2936,4718,1105,4156,2479,2124
2501,3263.1078346191935,3263.1078346191935,6526.215669238387,-1.6840386428809664,-1.5546955732977348,0.05512517816611755,163992.84673797648,2170,5401,1188,3521,3260,1978
2502,3073.786435253504,3073.786435253504,6147.572870507008,-1.8355102857046708,-2.0834786322186836,0.055019324773983046,161929.32576728365,4961,3087,711,3765,3596,1398
2503,3035.828354149176,3035.828354149176,6071.656708298352,-1.9074792740147648,-1.217402077346996,0.05475765380208529,162482.79945206767,3650,4006,1103,3809,3227,1723
2504,9335.028740513886,9335.028740513886,18670.057481027772,-1.1794925810119152,-0.17324813200228106,0.054575042856125536,158184.77443073347,4528,3331,900,4494,3391,874
2505,-80.39230200469754,-80.39230200469754,-160.78460400939508,-2.5900734755054726,-1.5202648056777883,0.05483434752816268,163409.7726346402,2009,5625,1125,3697,2601,2461
2506,3624.7722520953107,3624.7722520953107,7249.544504190621,-1.282867267965156,-1.5982400659282634,0.05504685623310586,161340.95167134414,4144,3750,865,4107,3175,1477
2507,8042.273389850369,8042.273389850369,16084.546779700739,-1.2115630321109891,-0.3688369308357073,0.05482310970710579,158103.55387348865,4238,3382,1139,5058,2950,751
2508,7241.30709677271,7241.30709677271,14482.61419354542,-0.7438171271027917,-0.9775907674451657,0.05519596848619382,161910.826535799,3861,3843,1055,2989,4206,1564
2509,-3582.951127093055,-3582.951127093055,-7165.90225418611,-4.46258756332502,-3.405207476868363,0.05500632447426665,164398.88406638906,4656,3271,832,2957,2702,3100
2510,10021.63008278619,10021.63008278619,20043.26016557238,-0.4267277056639524,0.27066554843519897,0.05486682878759743,158450.31639713052,3318,4708,733,5069,2866,824
2511,4321.118435731124,4321.118435731124,8642.236871462248,-1.483915579107561,-0.6937164957572014,0.054828066691280035,159209.385665954,4518,3363,878,4329,3068,1362
2512,-338.2657065416591,-338.2657065416591,-676.5314130833182,-2.423235862028631,-2.1831046556257525,0.0547454554811668,161017.48303956332,3453,4177,1129,4238,3154,1367
2513,4732.453657638129,4732.453657638129,9464.907315276258,-1.980114584436527,-1.4955560646757111,0.054946638375387664,161393.5296854145,3720,3839,1200,4337,2608,1814
2514,4290.64037150307,4290.64037150307,8581.28074300614,-2.3939877483771426,-1.584058241227867,0.055270205601631935,162880.02279995926,2852,5230,677,3339,3914,1506
2515,5834.5744695374415,5834.5744695374415,11669.148939074883,-1.2403952048222755,-0.15897050971981758,0.05521261785322013,161527.71689159155,3938,3782,1039,3786,3238,1735
2516,6632.116082863354,6632.116082863354,13264.232165726708,-2.097379283620112,-0.8274805539173473,0.0548686222550426,159440.6847761114,5263,2455,1041,4876,2637,1246
2517,5941.467417361374,5941.467417361374,11882.934834722748,-1.8643730009415176,-1.0628924366198875,0.055204483126473775,161682.28996376,5140,2715,904,3988,2792,1979
2518,4652.087791031977,4652.087791031977,9304.175582063954,-1.8108977923716745,-1.1962473305607855,0.0550075717295226,161710.0251818058,1437,6018,1304,4238,3257,1264
2519,8670.825756479553,8670.825756479553,17341.651512959106,-1.7887702216216508,-0.34416922897980506,0.055032769487467006,160239.9620086873,4728,3421,610,4100,3551,1108
2520,7248.336033609884,7248.336033609884,14496.672067219768,-1.9725400348877096,-0.8884695600753092,0.055055445388668994,159206.63517032246,3764,4190,805,4573,3120,1066
2521,2341.721450293654,2341.721450293654,4683.442900587308,-2.3416080467130023,-1.041668922968641,0.054936907098661454,160424.07620695638,4873,2861,1025,3878,3461,1420
2522,6479.778338877991,6479.778338877991,12959.556677755982,-0.9390998786128173,-0.2019697809450774,0.054977544463096925,160882.39580598052,4008,3902,849,3605,3919,1235
2523,7033.007366853884,7033.007366853884,14066.014733707769,-1.0903381621248234,-0.8399943617107223,0.05491717577711866,159432.53640544185,5513,2618,628,3714,3519,1526
2524,6304.200639509501,6304.200639509501,12608.401279019003,-2.507322397081384,-2.304559099668337,0.055106927791800805,161895.8768295585,3542,4252,965,3707,3570,1482
2525,7934.0671269930035,7934.0671269930035,15868.134253986007,-1.4948779124962799,-1.2403540869662992,0.05516105408099591,159906.53929595323,4061,3863,835,3694,3704,1361
2526,9084.282737795826,9084.282737795826,18168.56547559165,-2.3330501284041407,-1.3226979019850105,0.05499793361830139,159365.20146940651,3719,3919,1121,4102,3842,815
2527,5704.771843280773,5704.771843280773,11409.543686561547,-1.632859008446068,-0.8395368348065988,0.05531031499745927,160810.65356602633,3223,4415,1121,4018,3772,969
2528,7817.12322598996,7817.12322598996,15634.24645197992,-2.707405921293272,-1.3203718289374304,0.05521814319423734,161057.57820580062,3903,3709,1147,3099,4316,1344
2529,1875.5581443068484,1875.5581443068484,3751.1162886136967,-1.812548211293855,-1.9854158790558722,0.054868969712541744,163556.63508887115,3355,4776,628,2975,3663,2121
2530,1432.451427498105,1432.451427498105,2864.90285499621,-2.229926638713151,-2.2332923623064183,0.05478903845692958,160074.86639646516,5075,2809,875,3469,3534,1756
2531,3429.123038066742,3429.123038066742,6858.246076133484,-2.1396722304789084,-2.3443146700824355,0.05479597098759666,160488.02150697654,4091,3887,781,4126,2902,1731
2532,3273.54754282381,3273.54754282381,6547.09508564762,-1.9005660635860753,-2.2518690380406334,0.05518092215643041,164009.5470746807,3627,4498,634,3164,3595,2000
2533,4242.512992117472,4242.512992117472,8485.025984234944,-1.7320983956971785,-1.7937736954316714,0.055033806802681086,163224.00882336067,3688,4255,816,2943,4378,1438
2534,3829.791125780593,3829.791125780593,7659.582251561186,-2.931530176888091,-2.251612376042162,0.05507577720227805,160179.55342380606,6032,2169,558,3493,4077,1189
2535,7486.395773769486,7486.395773769486,14972.791547538973,-1.636972110026959,-0.9789894856482038,0.055014184225988645,161375.24801161,2094,6105,560,3848,3864,1047
2536,2266.7273278911644,2266.7273278911644,4533.454655782329,-2.522255791798988,-1.8929905234580942,0.054786201957067425,163489.01584919903,4156,3695,908,4316,1767,2676
2537,3925.84465649668,3925.84465649668,7851.68931299336,-0.5406159121716966,-0.7428545046013234,0.05492032414589535,159412.4441330847,4368,3824,567,4163,3138,1458
2538,9367.454568389487,9367.454568389487,18734.909136778973,-0.8976453469958637,-0.5947267463410251,0.05488791343291206,159115.60049071664,3967,4125,667,5385,2415,959
2539,8040.739534541268,8040.739534541268,16081.479069082536,-0.5285265034038262,-0.11738556732997744,0.05507407868762283,160109.8514533489,5130,2875,754,3800,3919,1040
2540,3393.5021649238734,3393.5021649238734,6787.004329847747,-1.538930534490946,-1.7308981391115714,0.054985250064662816,159908.20552950716,3576,4333,850,4129,3645,985
2541,59.447939764934304,59.447939764934304,118.89587952986861,-2.893932493047442,-2.6687531347289175,0.054757139694007514,161249.85738551995,5401,2029,1329,3434,3034,2291
2542,3197.152793137867,3197.152793137867,6394.305586275734,-0.9798248480617433,-0.2864542170500962,0.05461226539379132,160850.3536614095,4993,2809,957,3930,2790,2039
2543,7895.606980479982,7895.606980479982,15791.213960959964,-1.5980284594529344,-0.7266199548372004,0.05473352309438048,159445.32228034298,3434,4293,1032,5157,2413,1189
2544,7539.724671340026,7539.724671340026,15079.449342680053,-1.4016907787495896,-1.3198003793552924,0.055219651429894163,160902.5720070401,4778,3312,669,4523,3235,1001
2545,5700.470795860622,5700.470795860622,11400.941591721245,-2.9025603654473597,-2.209459728779198,0.055529553682836255,163208.39191827783,3503,3913,1343,2234,5024,1501
2546,1401.2608251529755,1401.2608251529755,2802.521650305951,-2.902466071164975,-1.9324276227676465,0.054911200797875995,163839.5333737021,4134,3905,720,2443,4060,2256
2547,8986.255373314894,8986.255373314894,17972.51074662979,-1.550207067797718,-0.7587493399816324,0.05467373162451314,158446.66560056424,5152,3029,578,4800,2942,1017
2548,5986.01735034142,5986.01735034142,11972.03470068284,-2.4176127997671526,-1.5757556876292405,0.05510752510199304,160217.8315089358,5692,2177,890,3338,4146,1275
2549,8611.522360659905,8611.522360659905,17223.04472131981,-1.6471661850893835,-1.0367113313216598,0.05470148440645849,159169.03908943647,2840,5345,574,4487,3103,1169
2550,5859.709929874287,5859.709929874287,11719.419859748574,-1.6839463709050038,-1.4516990761181976,0.055290493377130316,160508.69551852738,6039,1935,785,3805,3883,1071
2551,7149.976787548771,7149.976787548771,14299.953575097543,-1.141384919031637,-1.1516529998049174,0.05464343826691819,161459.20412862947,3313,4619,827,4562,2433,1764
2552,8420.827133186367,8420.827133186367,16841.654266372734,-0.9263816863656028,0.18553046645523702,0.05465825225579785,157368.7788404869,5351,2338,1070,5470,2115,1174
2553,6492.743710598224,6492.743710598224,12985.487421196449,-2.721474156150643,-1.0793100299920477,0.0547099986982523,159569.62235632047,4304,3757,698,3686,3451,1622
2554,5187.961443611904,5187.961443611904,10375.922887223807,-2.426475801934481,-2.0247101125154927,0.05481386801233742,161747.53321730153,3223,4545,991,3577,3630,1552
2555,7542.889701046596,7542.889701046596,15085.779402093192,-2.560301903781916,-1.0707417768938556,0.05472886265154812,159600.88208950858,5733,2045,981,4430,2641,1688
2556,2690.386738259994,2690.386738259994,5380.773476519988,-2.387834922209826,-1.4398553864915524,0.05522195314489974,162881.1399421329,3597,4419,743,3777,2763,2219
2557,10459.089676044217,10459.089676044217,20918.179352088435,-0.8259758091393069,0.14431482206877852,0.05497232105241673,158380.52108739514,5733,2311,715,4212,3700,847
2558,4371.643744759106,4371.643744759106,8743.287489518212,-2.7089648978473218,-1.2916309059432116,0.05468490251288235,160608.03630638885,5113,2782,864,5024,1974,1761
2559,8084.200525016513,8084.200525016513,16168.401050033026,-1.5446979570147377,-0.7542067695022652,0.055293754809029115,162340.41004121027,5894,2160,705,2133,5411,1215
2560,6622.310988478405,6622.310988478405,13244.62197695681,-2.8277791554581277,-1.7787549713578972,0.055061892266442466,158173.1825750645,5314,2901,544,4202,3306,1251
2561,2417.591530998232,2417.591530998232,4835.183061996464,-1.974915313501245,-1.4810296245075407,0.05512139538170906,161841.7510122212,3269,4850,640,4270,2547,1942
2562,5660.27385726847,5660.27385726847,11320.54771453694,-2.2024274338455547,-1.6847718454866107,0.054815607913096684,159784.05836855576,2415,5113,1231,5187,2350,1222
2563,6900.763437609804,6900.763437609804,13801.526875219608,-1.930594341333132,-1.1079260489833718,0.055102934472338896,161962.9218477931,2980,4991,788,2541,4835,1383
2564,6851.5744487164675,6851.5744487164675,13703.148897432935,-2.5835170607282776,-1.3122356077438881,0.05493095816539939,161798.51573845412,4666,3479,614,4837,2330,1592
2565,9067.350499827804,9067.350499827804,18134.700999655608,-1.9385227286701945,-1.2166439338956296,0.05477822491759491,158865.47903321584,4361,3684,714,3920,3504,1335
2566,5458.973020405988,5458.973020405988,10917.946040811976,-2.0509496691548077,-1.5859311456004344,0.05507882195695133,162906.73817232877,2294,5598,867,3997,2524,2238
2567,5338.002486671362,5338.002486671362,10676.004973342724,-3.0672523274077754,-1.576003170734993,0.055219827434373286,163957.79696132938,4052,3695,1012,4260,1860,2639
2568,3933.7989034637326,3933.7989034637326,7867.597806927465,-2.0703390203881993,-1.167285292519127,0.05492745773740709,160255.28432380522,6398,1815,546,4353,3189,1217
2569,4343.38964318951,4343.38964318951,8686.77928637902,-2.0309094924346973,-1.8050164209071415,0.05481392096914082,158982.29981810224,5523,2183,1053,5365,2121,1273
2570,1820.7956727255296,1820.7956727255296,3641.591345451059,-2.875662767786053,-1.87850272715796,0.05478780227376385,161715.17360875054,5584,2453,722,4255,2192,2312
2571,5558.9288370128,5558.9288370128,11117.8576740256,-2.376876764283066,-1.2826818033283942,0.054772696107153664,159179.3524320446,4342,3538,879,5057,2245,1457
2572,6223.144074081495,6223.144074081495,12446.28814816299,-2.092832820704906,-1.2696349498320807,0.05538738310156752,164047.24512110854,2677,5334,748,2961,4215,1583
2573,6373.478287890841,6373.478287890841,12746.956575781682,-1.5846098102221229,-1.1455203450726572,0.05451205625990916,161259.46845949252,5925,2126,708,5459,1556,1744
2574,6069.7747566101125,6069.7747566101125,12139.549513220225,-1.871921331652178,-1.106614905768741,0.05481692429132088,161286.24774582218,5292,2818,649,4646,2437,1676
2575,850.0390979560885,850.0390979560885,1700.078195912177,-3.3271582728908893,-2.1889891487611606,0.05532750593926649,164265.11155740783,5047,3071,641,3076,3535,2148
2576,7175.199498740516,7175.199498740516,14350.398997481032,-1.492802093537546,-0.8000303747409225,0.05498349848220515,160304.6131965487,4060,3287,1412,4383,3176,1200
2577,-978.683166832315,-978.683166832315,-1957.36633366463,-1.8097147978553918,-1.7668630040698488,0.0547645657388429,163515.9720529354,4202,3708,849,4512,1884,2363
2578,10423.379427382506,10423.379427382506,20846.758854765012,-1.0906722712857857,0.36867097233946433,0.05482269268980469,159700.49164876767,5004,2993,762,5078,2432,1249
2579,5545.466024422989,5545.466024422989,11090.932048845978,-1.5635572297462914,-0.9421896623894168,0.05494368010395943,159395.98938044262,3993,3356,1410,4362,3529,868
2580,9811.109308087322,9811.109308087322,19622.218616174643,-0.014478917457322927,-0.08603958852511348,0.054757566843502525,159562.3197251257,5368,2330,1061,4951,2794,1014
2581,5189.141071769648,5189.141071769648,10378.282143539296,-1.5737680616346794,-0.6821893324077078,0.05493935574394619,163827.02305147194,4089,3586,1084,3409,3092,2258
2582,6432.944980919763,6432.944980919763,12865.889961839526,-1.0227818048089035,-0.18264864757548804,0.05494409849952951,161692.89268586042,3962,4106,691,4377,2352,2030
2583,1880.8740794910914,1880.8740794910914,3761.7481589821828,-1.888955316861502,-1.7017949230307823,0.05489779674363819,160518.4555816688,4149,3856,754,4131,2554,2074
2584,9925.665833080595,9925.665833080595,19851.33166616119,-1.0386818822701471,-0.6621041859266331,0.05485021588064311,158865.60613130147,4360,3291,1108,4499,3547,713
2585,7889.65980501211,7889.65980501211,15779.31961002422,-2.6298486208213188,-1.5176801655984662,0.05514944688223716,161532.09388045353,4768,3235,756,3624,3663,1472
2586,7951.9339241705775,7951.9339241705775,15903.867848341155,-2.862186739958258,-0.8235351801924575,0.05451358281154986,160312.6965916188,5425,2336,998,4902,1845,2012
2587,4641.664657936545,4641.664657936545,9283.32931587309,-1.770227708602638,-0.9547388763692815,0.05534434762422495,163523.9929832941,3124,4602,1033,2683,4426,1650
2588,9302.084030608206,9302.084030608206,18604.168061216413,-1.321265153476054,-0.37042520516344146,0.055226476125910764,159588.9152739364,3738,4443,578,4162,3772,825
2589,7306.619397927754,7306.619397927754,14613.238795855508,-3.0695349478669995,-1.0263030613247877,0.05495105145883581,160953.8211749759,4193,3802,764,3691,3642,1426
2590,7065.937615253768,7065.937615253768,14131.875230507536,-0.9129520117890766,-0.7182384857883644,0.05495326059922263,160366.44380603114,5082,2971,706,4101,3391,1267
2591,7918.71381870869,7918.71381870869,15837.42763741738,-1.4769473665976642,-0.9400525961249848,0.055297477155543985,161883.90854920656,4516,3704,539,2833,4745,1181
2592,3852.663958676311,3852.663958676311,7705.327917352622,-2.0348334451567154,-2.2046858109645693,0.054678970674876835,160434.76173242653,3849,3806,1104,4603,2743,1413
2593,7287.044721345527,7287.044721345527,14574.089442691055,-1.6719609819521566,-1.5127479027009054,0.05481451732706287,159645.69714082783,4661,3252,846,4936,2348,1475
2594,12744.288799846818,12744.288799846818,25488.577599693635,-1.1178440062249082,-0.08614423734723597,0.05469119768147825,159010.34894005794,1877,6323,559,5832,1965,962
2595,4382.330516882363,4382.330516882363,8764.661033764725,-2.533751525616916,-1.961374010322184,0.055143505792202625,160820.7666401271,5620,2322,817,3121,3827,1811
2596,6833.142085752217,6833.142085752217,13666.284171504434,-2.4779984087948437,-1.3427301411881796,0.05456054392161108,161172.26166125745,4828,3120,811,3195,3884,1680
2597,8152.895069324129,8152.895069324129,16305.790138648257,-1.2120225889914817,-1.2886984464217273,0.054771405643173544,161123.26808202468,3529,4619,611,4742,2722,1295
2598,12159.674013685897,12159.674013685897,24319.348027371794,-1.2674013990154203,-0.4128811783767757,0.05478793121831951,157881.7361579082,5922,2186,651,4314,3587,858
2599,3711.375374456732,3711.375374456732,7422.750748913464,-2.3866356299084712,-1.6124260763351215,0.05508258063081928,163143.20604093542,5560,2498,701,3197,3554,2008
2600,6702.13760115855,6702.13760115855,13404.2752023171,-2.309093702459705,-1.5349546504582894,0.05474514969831597,160465.07420228882,4342,3849,568,4197,3105,1457
2601,10481.27171759073,10481.27171759073,20962.54343518146,-2.1605683376751794,-1.3768369116768724,0.055236151770692424,163686.3462570471,1969,5862,928,4661,2523,1575
2602,6673.267800336121,6673.267800336121,13346.535600672241,-1.9849427960593555,-1.092169917062198,0.05489379059714231,161517.4240826457,4798,3229,732,2972,3729,2058
2603,8712.48336956704,8712.48336956704,17424.96673913408,-1.2210148772283673,-1.3298094551913724,0.05505934904374035,163415.33963808743,3295,4887,577,4445,2865,1449
2604,9683.94701060033,9683.94701060033,19367.89402120066,-1.5898075395790066,-0.07857407176165107,0.05536138517005992,164423.01490851416,4812,3026,921,3091,3920,1748
2605,9708.616425020175,9708.616425020175,19417.23285004035,-1.5985095107255027,-1.2839709739193745,0.05515989377553333,160631.37267551816,2395,5235,1129,3119,4482,1158
2606,4455.412108427972,4455.412108427972,8910.824216855945,-2.725973657816271,-2.3410040759590083,0.055188080508141966,163234.2421045177,4618,3479,662,3489,3380,1890
2607,5595.588479327307,5595.588479327307,11191.176958654614,-1.7106847449565261,-1.4050770832367347,0.05509017451158225,160107.96356528695,5507,2729,523,4863,2384,1512
2608,3441.7248453453412,3441.7248453453412,6883.4496906906825,-2.825882002732257,-2.080327581262195,0.05463635823173615,157011.32032163403,4530,3346,883,4886,2582,1291
2609,6579.584104588556,6579.584104588556,13159.168209177113,-1.5932010347090853,-0.5722112821914417,0.05473167275485065,159051.2895581301,3191,4841,727,3822,3789,1148
2610,8683.986721906273,8683.986721906273,17367.973443812545,-2.3954494838768654,-1.0209647926408463,0.05464621256167928,160466.42109916755,2837,4613,1309,4175,3192,1392
2611,6969.407920802383,6969.407920802383,13938.815841604766,-1.6891163081835108,-0.9168720345063944,0.054762130231560284,160070.79276265152,4065,3575,1119,5115,2195,1449
2612,7469.62047909271,7469.62047909271,14939.24095818542,-2.1844721511243126,-0.53715983577827,0.05526317288948756,164863.42544832447,4284,3461,1014,2292,4788,1679
2613,5295.67612123326,5295.67612123326,10591.35224246652,-2.0990157369600526,-1.4860380361722667,0.054781060255508544,159103.0055957374,2707,5090,962,5355,2542,862
2614,5680.259523229207,5680.259523229207,11360.519046458414,-1.5825260401538497,-0.7457677865255616,0.05476646337319529,159809.48515891132,5083,2969,707,4445,2810,1504
2615,6202.197084968436,6202.197084968436,12404.394169936872,-2.571135634505211,-2.1625942885399394,0.05509954282691054,161468.68143283942,5092,2616,1051,3663,3320,1776
2616,13198.01536193224,13198.01536193224,26396.03072386448,-2.022772036597732,0.36820785699655556,0.05462459201035627,157048.31910078716,3182,4743,834,5410,2597,752
2617,6630.182681015637,6630.182681015637,13260.365362031274,-2.8215768123597016,-1.298416427621694,0.05510767465954011,161247.1453623438,3396,4623,740,3796,3884,1079
2618,9876.98590787787,9876.98590787787,19753.97181575574,-1.5485049409076956,-0.5210895864388642,0.05511457835823727,160838.2753782651,4012,4061,686,3851,3750,1158
2619,2784.191246965649,2784.191246965649,5568.382493931298,-3.1203132752136438,-1.1223456034727912,0.055176301304812464,164627.77853313685,3621,4593,545,3275,3753,1731
2620,3256.843053996383,3256.843053996383,6513.686107992766,-3.5224832676663014,-2.473127293960656,0.05537385390691338,166491.27827021037,3201,4858,700,2389,3847,2523
2621,7512.584338151718,7512.584338151718,15025.168676303436,-2.468100630759417,-1.5866302013167208,0.054821710265716694,159215.96252413277,2804,5057,898,4537,3124,1098
2622,8098.579459655606,8098.579459655606,16197.158919311212,-2.3037308972697526,-1.8499209029280754,0.054943140542522445,159697.94001687443,3702,3835,1222,3917,3883,959
2623,6064.126708412835,6064.126708412835,12128.25341682567,-3.3661334603382738,-2.714308329412912,0.054980178727124636,162038.3540348566,3464,4739,556,4117,2973,1669
2624,6040.926968202881,6040.926968202881,12081.853936405761,-2.1936841368037974,-1.436246936709276,0.05533266181298934,163947.72514976177,4229,3510,1020,3716,3517,1526
2625,7059.980084005584,7059.980084005584,14119.960168011168,-1.7720507820406413,-1.2112122292269192,0.054882091212761386,163089.65760098028,4640,3294,825,4485,2239,2035
2626,8063.92284327481,8063.92284327481,16127.84568654962,-1.8437339256889709,-0.834069804173267,0.054777213137516365,160830.44691844392,3314,4684,761,4339,3414,1006
2627,7138.80226106399,7138.80226106399,14277.60452212798,-2.5152226179313275,-0.8769573608059366,0.05475827426104586,161334.00340802487,5578,2435,746,4023,2593,2143
2628,3655.803155440479,3655.803155440479,7311.606310880958,-2.7642504154409386,-1.6331035043850206,0.054695845599594145,161121.5846802703,4020,4152,587,4292,2627,1840
2629,8574.154471733926,8574.154471733926,17148.30894346785,-2.7932982640836586,-1.5389041707612325,0.05522117836172527,162597.64428786506,3155,4981,623,3435,4020,1304
2630,7514.888188331162,7514.888188331162,15029.776376662325,-3.5119264555519365,-2.7674590466087716,0.055165622126901924,161451.19635637116,5959,2175,625,2781,4660,1318
2631,7702.8179874972175,7702.8179874972175,15405.635974994435,-2.0903624268010996,-0.8817257714831622,0.05498669767160627,159035.72564936912,3992,3592,1175,3964,3909,886
2632,5126.967433118533,5126.967433118533,10253.934866237067,-3.149800952474995,-1.1794251363562762,0.05480682701898446,161147.71680316402,5947,1949,863,3320,3615,1824
2633,11425.293948865674,11425.293948865674,22850.587897731348,-3.1030467482105046,-0.8027067656633915,0.054816767153282625,157647.47330218897,3162,4780,817,5353,2614,792
2634,5489.825936192344,5489.825936192344,10979.651872384688,-2.9499024663721656,-1.6703340929737986,0.055305478782868,162323.9768091208,4506,3772,481,3071,3740,1948
2635,10748.53895435085,10748.53895435085,21497.0779087017,-2.3282944314167073,-0.670534056657517,0.055323026823173,164553.27599191162,3414,4760,585,2527,4607,1625
2636,8187.1673234017235,8187.1673234017235,16374.334646803447,-1.5718709154652226,-0.774183682550336,0.054640712775522265,161653.56566578837,4194,3908,657,4039,3237,1483
2637,5317.416356544182,5317.416356544182,10634.832713088364,-3.1942654608660703,-1.2967743818804347,0.05517610224191886,164528.5554263063,2176,5798,785,2453,4252,2054
2638,7986.779647806256,7986.779647806256,15973.559295612513,-4.0328739837826655,-1.61434665833782,0.054768344576249794,160510.0339993324,3838,4280,641,3937,3370,1452
2639,3754.8841366591505,3754.8841366591505,7509.768273318301,-3.3917096747893516,-2.0478662915740773,0.055313059981751525,161526.5486315344,6156,1902,701,3504,3523,1732
2640,2599.8660496432676,2599.8660496432676,5199.732099286535,-3.594670080938301,-1.8257493395911852,0.05502120828552494,162228.80673130124,3302,4767,690,4706,2111,1942
2641,8176.304044769624,8176.304044769624,16352.608089539248,-2.3774298699353174,-0.8487812308738109,0.05529216343998871,164911.41360270107,3652,4051,1056,3476,3234,2049
2642,9121.893153026473,9121.893153026473,18243.786306052945,-2.803194283096327,-0.3718597703530092,0.054646241613307646,157770.84149727706,5156,2829,774,5482,1768,1509
2643,10255.640100927434,10255.640100927434,20511.28020185487,-1.9065051982939165,-0.5565748471308074,0.0548324832235386,159576.03952645962,4648,3662,449,5120,2378,1261
2644,7486.9871414258005,7486.9871414258005,14973.974282851601,-2.059464318160531,-1.4052571692557214,0.05458846503493758,158042.03749147037,6290,1683,786,5313,2263,1183
2645,5276.7135317084785,5276.7135317084785,10553.427063416957,-1.5406518116493813,-0.9740091234162666,0.054744341871751444,160489.7912425291,4429,3273,1057,4428,2892,1439
2646,5295.445007369061,5295.445007369061,10590.890014738123,-2.0895739636018074,-1.1281978005637934,0.054951379162673966,159885.11376684904,3683,4347,729,3923,2843,1993
2647,3521.928822172933,3521.928822172933,7043.857644345866,-4.028954274753231,-1.738191611855085,0.05514418014153869,164393.82898880893,5086,2899,774,3477,3113,2169
2648,7052.7916716835525,7052.7916716835525,14105.583343367105,-2.310479628696488,-1.0825075804107673,0.05509080281432514,161050.35555540991,3418,4211,1130,3078,4347,1334
2649,6483.2742275073415,6483.2742275073415,12966.548455014683,-2.608497230680896,-1.8134909544896463,0.054976919662308346,159799.49127418583,5751,1996,1012,4675,2766,1318
2650,7313.38000293684,7313.38000293684,14626.76000587368,-1.8326510488067138,-1.9005806262189793,0.05494739799329629,158962.5551438332,4274,3627,858,4208,3061,1490
2651,10624.086417271506,10624.086417271506,21248.172834543013,-1.256489522123211,0.056512318610515776,0.054949822452183814,160259.9186147751,3578,4382,799,3344,4557,858
2652,7937.275329777055,7937.275329777055,15874.55065955411,-0.5800800066652765,-0.43323963177281866,0.05525140634483843,160554.64797547477,2582,5487,690,4295,3605,859
2653,11136.374179156272,11136.374179156272,22272.748358312543,-1.0617077937686583,0.0417597116561161,0.05492101789871901,161462.43038485767,3000,5002,757,3722,3744,1293
2654,10011.43033803821,10011.43033803821,20022.86067607642,-0.7761403076187267,0.6010443152300053,0.05541810602699381,160902.81136053608,4172,3867,720,3936,4184,639
2655,10744.339621395075,10744.339621395075,21488.67924279015,-1.2812110809127013,-0.588438237874464,0.054908107325741466,159858.25939112625,2308,5765,686,5112,2447,1200
2656,3703.689549450363,3703.689549450363,7407.379098900726,-1.847761497243246,-0.9434350604986073,0.054815590767789385,162214.42839726733,2658,5481,620,3921,3087,1751
2657,6071.394597740509,6071.394597740509,12142.789195481018,-2.230077889504253,-0.7118643805317205,0.054768729895063074,160830.24961296495,5230,2559,970,3960,3128,1671
2658,12536.67094327155,12536.67094327155,25073.3418865431,-2.1731114207577784,-1.2813605094032268,0.05487982106403525,158509.44556489712,4249,3876,634,4844,3069,846
2659,8763.584481338152,8763.584481338152,17527.168962676304,-2.6842809954874496,-0.8568246209564948,0.055290470348568516,162436.10921771498,2920,5174,665,2543,4828,1388
2660,3183.6502581135705,3183.6502581135705,6367.300516227141,-2.6030848991929862,-2.018049689610905,0.055071485743396854,160247.66894812966,4256,3046,1457,4025,3425,1309
2661,10134.703876819347,10134.703876819347,20269.407753638694,-0.7504039673477881,0.2700763285270998,0.05477607524300892,158815.61540742128,4400,3665,694,4459,2911,1389
2662,10034.67529632032,10034.67529632032,20069.35059264064,-1.5380840715370694,0.14415766412568745,0.05503634933982672,162374.70689412995,2397,5280,1082,3906,3159,1694
2663,-3411.380340513047,-3411.380340513047,-6822.760681026094,-3.885889627476147,-2.8884741837755534,0.054894197169632536,163501.46853054978,2773,5446,540,2737,3310,2712
2664,3732.6448992603887,3732.6448992603887,7465.289798520777,-3.422583198677583,-2.3538349318707774,0.05505215572752859,166090.89014487038,2167,5486,1106,3466,2868,2425
2665,3864.2163781087306,3864.2163781087306,7728.432756217461,-2.16348683313252,-0.6821103605997325,0.05478308657276747,163749.9713130099,4451,3188,1120,3479,3163,2117
2666,4346.253711422592,4346.253711422592,8692.507422845183,-0.9610837899726634,-0.5905216294820294,0.055038672778013206,162098.39134383583,2357,5213,1189,4505,2815,1439
2667,11584.244179587778,11584.244179587778,23168.488359175557,-0.4868529808065899,0.04770486437169692,0.055069607714605284,159726.7077530803,2688,5466,605,4077,3885,797
2668,5186.866195586739,5186.866195586739,10373.732391173478,-1.9325784110578597,-1.584467602906862,0.05477810866625146,159253.45044521123,4491,3558,710,4614,2799,1346
2669,11286.67417428567,11286.67417428567,22573.34834857134,-1.0613863761063216,-0.6072744212773236,0.05475277036103518,157680.94674296875,3587,4226,946,5466,2606,687
2670,7593.6847045206005,7593.6847045206005,15187.369409041201,-1.7813206830160344,-1.1675625066763435,0.05481083546289536,158063.01243287386,6293,1789,677,5360,2259,1140
2671,4533.055598480013,4533.055598480013,9066.111196960026,-2.4689657556902267,-2.1907512423240907,0.05497612079837209,166136.90863031126,2584,5328,847,2809,3583,2367
2672,513.9527154428235,513.9527154428235,1027.905430885647,-3.5269099390963077,-2.8947497095998185,0.05466254566962379,163475.8895028837,2411,5666,682,4023,2620,2116
2673,8689.187153187057,8689.187153187057,17378.374306374113,-2.383695442934195,-0.39325888134117937,0.054535612390468904,161080.87340024282,3844,4012,903,5098,1977,1684
2674,11086.447574272082,11086.447574272082,22172.895148544165,-2.3030061292185517,-0.8214942614461844,0.05545284134278097,160868.86137985226,3490,4624,645,2988,4835,936
2675,7601.928711973547,7601.928711973547,15203.857423947095,-2.1496400412846604,-1.003472237278362,0.05522564677091175,160611.1192804646,4328,3457,974,3954,3780,1025
2676,6722.976349270606,6722.976349270606,13445.952698541212,-2.6075808143733172,-0.34057866558009237,0.0548081495483167,163289.21594377782,4303,3726,730,4429,2553,1777
2677,9478.111585171288,9478.111585171288,18956.223170342575,-3.768222937950115,-1.014605486128814,0.05472185665228576,162043.71609875764,4691,3355,713,3204,3725,1830
2678,1386.4940008554668,1386.4940008554668,2772.9880017109335,-2.5395371647366933,-1.830666025617081,0.05548440199484442,165048.60547012454,4200,4054,505,3683,3188,1888
2679,5030.690458281449,5030.690458281449,10061.380916562897,-2.746943281163355,-1.6518663123274142,0.05502093407386722,159139.72996336015,4471,3274,1014,4207,3592,960
2680,7588.894016276183,7588.894016276183,15177.788032552366,-2.6419656782884635,-1.2608947523636156,0.05453799644705465,158803.20307910664,2933,4782,1044,5704,1546,1509
2681,8447.128922770435,8447.128922770435,16894.25784554087,-1.7987869379760004,-0.9838824253851755,0.05532560322712689,162898.05138151863,3523,4055,1181,3241,3966,1552
2682,9490.199600577196,9490.199600577196,18980.399201154392,-1.7898166287150385,-0.6219898917361906,0.05467259485394368,158779.6104568077,5056,2831,872,4962,2493,1304
2683,10454.460924035233,10454.460924035233,20908.921848070466,-1.2231323941267458,-0.3952247595355009,0.05492151277296569,159104.8981073869,5167,2593,999,4842,2595,1322
2684,12481.830113541315,12481.830113541315,24963.66022708263,-1.459734913760314,-0.4309890145887563,0.055002486841192896,159394.84145412955,5181,3100,478,3825,4124,810
2685,10923.365632345372,10923.365632345372,21846.731264690745,-0.9719241914424867,-0.2845497310577168,0.05511098301467023,159949.5081356679,2511,4943,1305,4439,3613,707
2686,3922.510617498702,3922.510617498702,7845.021234997404,-2.481084371134181,-1.3263214598194293,0.055025740422863345,162458.84202375502,4000,3979,780,4108,2948,1703
2687,2621.0112798110777,2621.0112798110777,5242.022559622155,-2.288569234803411,-1.6373686387116402,0.05521882281071376,163124.8186472182,4469,3668,622,3543,3037,2179
2688,7417.870546181198,7417.870546181198,14835.741092362396,-1.237753261072638,-1.0851773026963933,0.05490506325917215,160344.19387599383,3776,4290,693,3697,3585,1477
2689,9531.673728881498,9531.673728881498,19063.347457762997,-1.752903418770591,-0.37395240988834977,0.055012520682733206,161003.641682563,1417,6627,715,3369,4185,1205
2690,10319.850437502859,10319.850437502859,20639.700875005718,-2.4988410784670054,-0.5304178883685621,0.05500142906707234,160572.49732165734,3789,4568,402,3019,4473,1267
2691,6822.942609218483,6822.942609218483,13645.885218436966,-1.3993866201229812,-1.5019503677058244,0.05520255409267529,160457.70283671853,4366,3178,1215,3001,4443,1315
2692,10505.477645813038,10505.477645813038,21010.955291626076,-0.555519867728167,-0.3834273302159736,0.054558326342586595,161322.65418561443,4316,3680,763,4828,2330,1601
2693,12971.411523741537,12971.411523741537,25942.823047483074,-1.2182042643047186,-0.09901123629555199,0.05492250275833074,159780.33428209097,3681,4442,636,4401,3203,1155
2694,6442.134463716813,6442.134463716813,12884.268927433626,-2.0765536127714483,-1.4348284146157364,0.05534782717381079,161117.2275083626,4267,3663,829,3168,4387,1204
2695,3891.589184523619,3891.589184523619,7783.178369047238,-2.3879207154093622,-2.2994636336378202,0.055021592359060456,160222.40565681184,5649,2507,603,3489,3784,1486
2696,9213.636484566026,9213.636484566026,18427.272969132053,-2.8411193174879914,-1.5814221138302862,0.054781471337852265,157758.1699588595,4410,3246,1103,6133,1697,929
2697,3255.194416152326,3255.194416152326,6510.388832304652,-4.050629387219879,-3.855164400173795,0.055002252614365345,161199.04519905,5401,2612,746,3531,3579,1649
2698,2129.9314323546823,2129.9314323546823,4259.862864709365,-4.275703444969507,-3.04949470413878,0.05481397970188413,160652.37419395716,4762,3159,838,4310,2997,1452
2699,1003.0668150255381,1003.0668150255381,2006.1336300510761,-3.2999513574306123,-3.801765835698549,0.054993873980864603,161566.74526012636,3426,4471,862,3972,3310,1477
2700,6680.904852376295,6680.904852376295,13361.80970475259,-2.234189874526654,-2.2261531611239547,0.05510467126803801,161596.6364294689,4196,4119,444,4502,2802,1455
2701,7672.02952102276,7672.02952102276,15344.05904204552,-3.357995186498895,-2.1307923981008123,0.05471037816816639,160029.23892292642,4588,3559,612,3801,3746,1212
2702,9407.47197280973,9407.47197280973,18814.94394561946,-1.8113386304106276,-0.9619736399854811,0.055085066072047856,159484.89990016108,2332,5576,851,5661,2423,675
2703,13183.971614978465,13183.971614978465,26367.94322995693,-1.510982063652202,-0.4177982088283078,0.05516713171216914,159902.73346991377,2178,6002,579,4769,3272,718
2704,10297.49424553585,10297.49424553585,20594.9884910717,-1.5922777007199551,-1.0701900112893978,0.0550689271216773,159034.4605340383,4576,3498,685,5504,2502,753
2705,2604.7434713800735,2604.7434713800735,5209.486942760147,-3.604275252966031,-2.5928775842088396,0.05522577564787076,164541.3575509328,2663,5448,648,3441,3400,1918
2706,7145.311622817397,7145.311622817397,14290.623245634793,-2.0829654326812337,-2.0382457040399076,0.05508544047615038,161698.09632735138,2929,5299,531,3028,4303,1428
2707,10002.55364505289,10002.55364505289,20005.10729010578,-2.5448462554867195,-1.1737496377239094,0.05495042754136964,160421.52685662516,3550,4585,624,4088,3176,1495
2708,10620.801624421414,10620.801624421414,21241.603248842828,-1.66357795413806,-0.604817034119164,0.055214357891790015,159992.71225741255,4870,3332,557,4200,3584,975
2709,9386.135151546205,9386.135151546205,18772.27030309241,-2.3815612058417868,-1.3554802760475833,0.055341447338979846,160423.56567871507,4842,3116,801,3335,4010,1414
2710,11484.470820825692,11484.470820825692,22968.941641651385,-2.5208646008767617,-0.6166418785154614,0.055013887024189245,159740.6661216787,4016,3427,1316,4188,3392,1179
2711,9838.830123017147,9838.830123017147,19677.660246034295,-1.9517561822893867,-1.454289709157847,0.05525073249589669,159355.00412857422,4806,3278,675,4744,3164,851
2712,9403.102101352979,9403.102101352979,18806.204202705958,-1.7956423832756767,-0.4451721405870258,0.055304482195605506,159126.95680918967,5035,2917,807,3992,4020,747
2713,8035.597912758709,8035.597912758709,16071.195825517418,-2.274646410159508,-1.009995813741974,0.054854250404672504,159824.12631452957,5025,2620,1114,5103,1923,1733
2714,7149.537142881445,7149.537142881445,14299.07428576289,-2.6949203082111493,-1.3773356697465533,0.055023840333209686,160354.9322907444,5543,2313,903,4861,2532,1366
2715,6640.474420094163,6640.474420094163,13280.948840188326,-1.9129315971224043,-0.8871871663277757,0.05507180364966053,163570.57168752953,4392,3209,1158,3153,3656,1950
2716,9761.720495340007,9761.720495340007,19523.440990680014,-2.135161171176575,-0.15639630121945036,0.05465117668358584,160380.77085090303,5677,2167,915,4540,2798,1421
2717,3049.633322773736,3049.633322773736,6099.266645547472,-2.7372661075645355,-1.4108001707227085,0.05494173255813206,161343.2827314348,6134,2071,554,3140,4147,1472
2718,6134.312736092112,6134.312736092112,12268.625472184223,-2.7427852258068914,-1.3662269959210538,0.05505773237680717,162916.95760273223,3890,4136,733,3103,4330,1326
2719,13326.666689775579,13326.666689775579,26653.333379551157,-1.1566446196105862,0.08517124803125958,0.05525013664337351,159592.97101145276,3926,3774,1059,4441,3556,762
2720,8057.438110707678,8057.438110707678,16114.876221415356,-2.99755522924758,-2.086352217477424,0.055160373661833975,165077.2508264209,4143,4059,557,2682,4208,1869
2721,5157.716205390908,5157.716205390908,10315.432410781816,-3.347772944885014,-1.1420626810036492,0.055262580732633106,162873.67576008628,5259,2906,594,3880,3041,1838
2722,13958.930350102404,13958.930350102404,27917.86070020481,-2.0937263965889548,-0.47009834745616397,0.055451751423040985,160848.6562173633,2698,4953,1108,3687,4146,926
2723,11509.675544928094,11509.675544928094,23019.351089856187,-1.036544789739759,-0.24669048099696073,0.055001486121717534,158993.52650065033,1743,6315,701,4541,3558,660
2724,6994.866450251725,6994.866450251725,13989.73290050345,-1.930987630072525,-0.9983374602920334,0.05499977094856063,163692.1617247445,3032,5105,622,2882,4051,1826
2725,9103.894437746852,9103.894437746852,18207.788875493705,-1.2116192888018378,0.008783081507894403,0.054627393573289905,158708.0418425772,5911,2158,690,4964,2495,1300
2726,7215.615072745315,7215.615072745315,14431.23014549063,-2.037053893645276,-1.5285120561878571,0.05521139957563648,161532.38691217397,4555,3292,912,4509,2955,1295
2727,10533.197015048287,10533.197015048287,21066.394030096573,-0.5352729914466847,0.12398257445083849,0.0546762170181546,160067.2415806534,3116,4650,993,4492,3243,1024
2728,6190.694410455168,6190.694410455168,12381.388820910335,-1.1625337239512032,-0.7024807634105567,0.05533169433090392,163821.9033060948,3992,4064,703,2897,4360,1502
2729,8542.744930385528,8542.744930385528,17085.489860771057,-2.3916799579553656,-1.0494371018195,0.05498502345641665,160706.66962771473,3676,4167,916,3318,4340,1101
2730,8627.289160166634,8627.289160166634,17254.57832033327,-0.9637492544676833,-0.11871793733962213,0.055046150060438705,158746.62890302544,5795,1928,1036,3751,4091,917
2731,9451.33035367297,9451.33035367297,18902.66070734594,-1.7385905915925244,-0.5531285593789773,0.054678738222031176,158421.79367630227,2207,5968,584,4986,3040,733
2732,9103.039637231906,9103.039637231906,18206.079274463813,-2.0252378075828323,-0.5737218755776483,0.05476700721022029,159696.38529788883,4138,4153,468,5195,2446,1118
2733,6646.737464015131,6646.737464015131,13293.474928030262,-3.0885592028501576,-1.4350471382161014,0.05521300281228563,160566.598358726,6135,1391,1233,2124,5432,1203
2734,9491.673597486357,9491.673597486357,18983.347194972714,-2.5924621324750325,-0.7279315109824047,0.054696645105726006,158491.62818571145,5914,1567,1278,4298,3176,1285
2735,11459.778087474988,11459.778087474988,22919.556174949976,-1.4610860119822378,-0.6604255893611978,0.05525848762069346,160573.55718277948,3835,3984,940,3117,4545,1097
2736,8721.934957766274,8721.934957766274,17443.86991553255,-1.6387444082201426,-0.6797076230500709,0.05477248696970013,159644.46156408908,4155,3256,1348,4060,3250,1449
2737,9724.778054559385,9724.778054559385,19449.55610911877,-2.2540608842802814,-0.3850996423441307,0.055063712893031524,159693.90559441893,5213,3162,384,4135,3190,1434
2738,6818.806801071657,6818.806801071657,13637.613602143314,-2.0314346727847057,-0.9203440226422475,0.05494474665887642,160612.57365808848,4093,4073,593,4273,2680,1806
2739,10648.000025998781,10648.000025998781,21296.000051997562,-1.8020609763722408,-0.45185423522030055,0.05537470093047501,160591.6497894061,2258,5797,704,4716,3064,979
2740,3042.96455749557,3042.96455749557,6085.92911499114,-2.7243264789871446,-1.6629674792814655,0.05472143289857115,162996.53142386663,4849,3220,690,4089,2697,1973
2741,7487.735311426411,7487.735311426411,14975.470622852821,-3.185745402506182,-1.7048062833553792,0.05532238493104415,161432.02264123296,2633,5453,673,3546,3594,1619
2742,9679.931875283179,9679.931875283179,19359.863750566357,-1.6388610752411803,-1.2193845656182793,0.05518473707248075,161210.4109003066,5406,2779,574,2875,4675,1209
2743,4054.4368168228157,4054.4368168228157,8108.873633645631,-2.791056155721969,-2.287868658903241,0.05495137220106155,161796.75396706795,3846,3844,1069,3314,3683,1762
2744,7417.449176280839,7417.449176280839,14834.898352561679,-1.7271082860383147,-1.1275077054437153,0.05522474368660058,161882.77266078856,4801,3178,780,3032,4635,1092
2745,13734.747579172137,13734.747579172137,27469.495158344274,-0.9479360769422106,0.5642716871797144,0.055219570003817886,159719.31912887053,4021,3508,1230,4115,4020,624
2746,8801.396759863446,8801.396759863446,17602.793519726893,-2.2562456197233574,-1.4717783230795798,0.05533921006679891,161573.2257720506,2933,4712,1114,3622,3852,1285
2747,11914.676977173376,11914.676977173376,23829.353954346752,-0.958179649713979,0.2878432792805447,0.05481846515065354,158393.72600559,2245,5282,1232,4568,3596,595
2748,4975.617642412094,4975.617642412094,9951.235284824188,-2.4817828131768014,-1.644395341742948,0.05508864859859686,163147.55308490575,2150,5990,619,3345,3721,1693
2749,6984.847977436974,6984.847977436974,13969.695954873949,-1.6537090201910005,-0.6690255463001129,0.05477878880616677,159982.9571267757,4344,3625,790,4815,2498,1446
2750,10847.636251193282,10847.636251193282,21695.272502386564,-1.0358603588987378,-0.06467251205470209,0.05531273992771547,162328.50663417284,2798,5035,926,3831,3503,1425
2751,9494.993476573061,9494.993476573061,18989.986953146123,-2.1922103223350264,-1.2119053991612834,0.05484306164345128,159782.68774956043,5586,2482,691,4868,2822,1069
2752,10819.73353176921,10819.73353176921,21639.46706353842,-2.1353198050774638,-1.0460149019298708,0.05463823910388109,158013.2824696878,3805,4151,803,5089,2702,968
2753,6760.115571074382,6760.115571074382,13520.231142148765,-3.6748879902886697,-2.288782324516157,0.05491430527875346,161150.61468329298,3066,4841,852,5051,2069,1639
2754,9133.886531942353,9133.886531942353,18267.773063884706,-2.6900346890621933,-1.0087891400416429,0.05510789101686083,163015.51886466003,2048,6101,610,3745,3223,1791
2755,3833.3124260782747,3833.3124260782747,7666.624852156549,-5.212216648042585,-2.5516429447469107,0.05506161503574603,163598.1911425344,3560,3713,1486,3552,2843,2364
2756,5228.817940110434,5228.817940110434,10457.635880220869,-3.937687974873896,-2.169261459949149,0.05471255139376334,162246.24028346842,4849,3121,789,3943,3005,1811
2757,9946.239554298389,9946.239554298389,19892.479108596777,-2.3072917931312964,-1.4298511858211775,0.05482304551147124,160671.8058989403,2103,5702,954,3858,3931,970
2758,10410.52850712288,10410.52850712288,20821.05701424576,-2.392419621353139,-1.2042651234309865,0.0548016361104189,158256.78005157874,4234,3982,543,4294,3170,1295
2759,9457.565989843168,9457.565989843168,18915.131979686335,-2.539539438603455,-1.2550065116887736,0.055278485659042295,162018.11473359325,3742,4414,603,4054,3571,1134
2760,7983.360173888248,7983.360173888248,15966.720347776496,-1.5673853227580843,-0.7108392316979008,0.05517991332329488,161079.3796179992,4693,3192,874,4597,3197,965
2761,6357.460099914687,6357.460099914687,12714.920199829374,-3.8729158072045213,-2.286541842270162,0.05485434453669626,164949.72829923613,3901,4230,628,3339,3241,2179
2762,9550.28049766039,9550.28049766039,19100.56099532078,-1.7233762502374774,-0.5902734383288135,0.054755130974137284,161185.86062741597,3106,5209,444,4812,2474,1473
2763,9843.440829021274,9843.440829021274,19686.88165804255,-1.4960875622758345,-0.6125966583849336,0.05516031223967826,161093.71407371276,3050,4701,1008,3729,3571,1459
2764,13227.303774176948,13227.303774176948,26454.607548353895,-1.3959306838374714,-0.24228439602106594,0.055241080235463084,160541.80954824234,3551,4566,642,3222,4763,774
2765,7697.82707324096,7697.82707324096,15395.65414648192,-3.433196972678711,-0.6345807126999956,0.054786755921442984,161821.78426571933,3708,4508,543,3969,2616,2174
2766,13576.32877086868,13576.32877086868,27152.65754173736,-1.4330909757333958,-0.39319190518899705,0.05497163338147401,157927.09987151416,4875,3401,483,5723,2361,675
2767,7092.709029720937,7092.709029720937,14185.418059441874,-3.0097261349648834,-1.5432142835100788,0.05510658541242986,159830.06081856886,3526,4783,450,4454,3137,1168
2768,12746.094481204454,12746.094481204454,25492.18896240891,-2.2728249909572757,-0.6849324393725664,0.05502600028888003,159756.6522460548,4424,3447,888,4912,2941,906
2769,13096.117297790333,13096.117297790333,26192.234595580667,-2.4077435374114358,-0.8868446235125277,0.055025680523805895,162459.84844031624,4021,3824,914,3229,4321,1209
2770,12245.74454594406,12245.74454594406,24491.48909188812,-1.5063595368256362,-0.7742976483651786,0.055230018585552945,159493.2308926255,3972,3653,1134,4095,3905,759
2771,13173.56507299281,13173.56507299281,26347.13014598562,-2.3666412435300943,-0.2034340803117951,0.054841650934656296,159592.33616856617,3279,4929,551,5098,2736,925
2772,5401.302005247782,5401.302005247782,10802.604010495565,-3.3154893659120757,-1.500574680921409,0.05488336251689751,160436.5672154477,4102,3724,933,4254,3323,1182
2773,8134.678927555222,8134.678927555222,16269.357855110444,-3.098448372742672,-2.1025308052399607,0.055501180279584617,160246.67265507602,5586,2489,684,2939,4529,1291
2774,8325.037896495589,8325.037896495589,16650.075792991178,-2.475833460081471,-1.5585466358865587,0.05504562894897462,159582.9871814743,5020,2801,938,5682,2008,1069
2775,10641.4143925394,10641.4143925394,21282.8287850788,-1.9450520201534758,-0.1824554103456854,0.05513922239486693,160409.9726406851,2845,5050,864,4034,3949,776
2776,4394.107232126495,4394.107232126495,8788.21446425299,-3.5618838525716923,-1.9474806987091304,0.05503607125555634,162015.865605289,5800,2272,687,3501,3309,1949
2777,11182.167845995495,11182.167845995495,22364.33569199099,-3.905857318694364,-0.8426370067088105,0.05488064676942463,158965.67702392655,5897,2222,640,4605,3215,939
2778,7242.067437560073,7242.067437560073,14484.134875120146,-2.778506156240727,-1.382235928929869,0.0550603148711716,163813.72367617983,2207,5434,1118,4767,1899,2093
2779,10644.45174467519,10644.45174467519,21288.90348935038,-1.4480985399339332,-0.8987406737016459,0.054947703825898746,160408.13177987628,2821,4770,1168,4119,3928,712
2780,11336.156311104229,11336.156311104229,22672.312622208457,-2.156962694482753,-0.49459169628871114,0.05513055265478671,160023.0523969411,5360,2942,457,3488,3994,1277
2781,12209.741898318933,12209.741898318933,24419.483796637865,-2.016856731759499,-0.3906829114653874,0.05543163675830661,160845.6371596737,3123,4756,880,4791,3152,816
2782,11440.325354818015,11440.325354818015,22880.65070963603,-2.127730579237609,-0.9855335921584352,0.05453507239721961,158859.48260924272,4611,3581,567,4725,2815,1219
2783,12033.024538910426,12033.024538910426,24066.04907782085,-1.6458094100185479,-0.7244060378023349,0.05496667888452014,159736.87819406018,2138,5175,1446,3536,4582,641
2784,8916.136564312395,8916.136564312395,17832.27312862479,-3.0452019076514123,-1.424853441695987,0.05476646147701169,160706.52860645228,2269,5285,1205,4640,2746,1373
2785,9530.182480279886,9530.182480279886,19060.36496055977,-1.9335184692220855,-0.6122613951814396,0.054872782204499274,160266.7890167403,4901,3116,742,2831,4564,1364
2786,10737.21840575444,10737.21840575444,21474.43681150888,-2.5501465109190704,-1.2651559661884877,0.05510754880495374,160627.6392515624,3598,4419,742,3737,4123,899
2787,5163.224523479724,5163.224523479724,10326.449046959448,-2.999966549904826,-2.367973999537819,0.054666749839158445,162370.04348334455,1415,6755,589,4510,2487,1762
2788,3886.679880917054,3886.679880917054,7773.359761834108,-4.4793953544588145,-2.6577241021593796,0.05488983052776232,161512.69230227906,5070,3002,687,3278,3307,2174
2789,9418.315738921126,9418.315738921126,18836.631477842253,-2.964717505453663,-1.7250502382513782,0.05520524840949519,159639.68567625535,4904,3140,715,3453,4232,1074
2790,-455.77912205388634,-455.77912205388634,-911.5582441077727,-5.263201010580705,-3.6776730208317647,0.05459496810176249,164212.9504693297,3875,4270,614,2872,2578,3309
2791,8358.084377973824,8358.084377973824,16716.16875594765,-3.795411053625167,-2.5184366843042376,0.05490486435755997,160664.23340518135,4765,3372,622,4700,2410,1649
2792,6996.2486342360735,6996.2486342360735,13992.497268472147,-2.9529811443728295,-2.2911680697025827,0.055336307606929085,160368.06853092214,3110,5104,545,4323,2758,1678
2793,8143.518175675231,8143.518175675231,16287.036351350462,-2.61106564309545,-1.7430766738239876,0.05479651257911102,164656.67385581956,2096,6292,371,4261,2426,2072
2794,10408.959314154465,10408.959314154465,20817.91862830893,-3.3792935069660603,-2.290101255037351,0.054905793058732964,159603.35695299334,2532,5367,860,4737,2945,1077
2795,14553.70885220795,14553.70885220795,29107.4177044159,-2.015200023755852,-0.11877920267679973,0.05472680787907139,158374.10742840247,3451,4912,396,5339,2481,939
2796,9918.839178395443,9918.839178395443,19837.678356790886,-3.317770915630473,-2.352348462580463,0.054855473274796014,159958.2635591201,4611,3538,610,5363,1702,1694
2797,13840.171756720121,13840.171756720121,27680.343513440243,-1.8806973351722045,-0.4768149428784365,0.05522751655648806,160681.90644410314,3700,4469,590,3928,4131,700
2798,7912.540771605971,7912.540771605971,15825.081543211942,-2.8543692625247368,-1.609541905016669,0.05479503518238079,159823.28611491557,3265,4879,615,3946,3170,1643
2799,9476.50919994804,9476.50919994804,18953.01839989608,-4.1580901151872895,-2.8593583061893866,0.055358486196579744,162347.64525644525,2981,4532,1246,3692,3723,1344
2800,6661.588283421716,6661.588283421716,13323.176566843433,-2.0294860341532437,-1.4101588297385794,0.05501192218693898,161935.6138426892,2444,5341,974,3965,2799,1995
2801,9008.010302558368,9008.010302558368,18016.020605116737,-3.218820533526707,-1.8716954903554675,0.055351042923670324,161920.06700601173,3728,4180,851,4249,3328,1182
2802,10543.909883059661,10543.909883059661,21087.819766119323,-2.2194463417112877,-1.1604218396191517,0.055344391305419564,160817.85387210132,5771,1914,1074,3486,4093,1180
2803,9402.722333173668,9402.722333173668,18805.444666347335,-2.1681607040064086,-0.869133670950537,0.05548603746250609,162615.74670840628,3352,4862,545,2993,4385,1381
2804,10270.097162433512,10270.097162433512,20540.194324867025,-2.9151920600857086,-1.5152386412229457,0.05496384397541728,158426.4672290998,4415,3833,511,5249,2402,1108
2805,15567.035494614263,15567.035494614263,31134.070989228527,-1.890437562731866,0.0023286122880138275,0.05531423507455388,163772.50252894688,3401,4275,1083,2820,4642,1297
2806,8962.544460931182,8962.544460931182,17925.088921862363,-2.0005537689431367,-1.528449972406638,0.0549823872894547,159068.57654104877,2222,5989,548,5629,1849,1281
2807,12039.05868938851,12039.05868938851,24078.11737877702,-1.1351127352650177,-1.1459377968476887,0.05451709848408354,158163.87699419045,5722,2159,878,3993,3644,1122
2808,10455.247526001947,10455.247526001947,20910.495052003895,-2.3254526820985153,-1.1511001767535514,0.054795440281556494,157707.9481324851,4088,3326,1345,5411,2503,845
2809,9961.552405473934,9961.552405473934,19923.10481094787,-2.443278768087287,-1.0153458478489479,0.054837479927579806,158674.93251237244,4070,3685,1004,4931,2734,1094
2810,7836.598875442621,7836.598875442621,15673.197750885241,-2.138114062872135,-1.2152777838379378,0.05500423416831307,159809.23381299505,4577,3229,953,4090,3292,1377
2811,11673.837911683077,11673.837911683077,23347.675823366153,-2.1053425175431215,-1.0519212447512674,0.05469298607853231,158887.62852729685,2844,4523,1392,4634,3119,1006
2812,12098.970227418147,12098.970227418147,24197.940454836295,-1.5161059426675312,-0.6002474931365912,0.05465707215710041,162258.20928424445,2009,5681,1069,4956,2141,1662
2813,6705.171237609863,6705.171237609863,13410.342475219726,-2.9817001208139144,-1.6206877643994746,0.05491363259937213,161707.4339464095,4653,3464,642,3507,3819,1433
2814,13754.178482659532,13754.178482659532,27508.356965319064,-1.4823287242690724,-0.4076785549520409,0.05519096844606228,159072.59582797476,4345,3755,659,4913,2793,1053
2815,8489.521563425558,8489.521563425558,16979.043126851117,-2.3534410782024646,-1.8659227768015278,0.05529637187582188,163120.50396410542,5487,2538,734,3008,3990,1761
2816,9210.65893653646,9210.65893653646,18421.31787307292,-1.807067956314253,-1.249654213203558,0.05529924210051833,162742.6469768456,3101,4763,895,4638,2995,1126
2817,8224.76423563966,8224.76423563966,16449.52847127932,-1.9242230749805072,-0.8262546393312112,0.054842578513598444,160000.6577070165,4995,2974,790,4214,3123,1422
2818,10588.750175840638,10588.750175840638,21177.500351681276,-1.129779448446771,-1.0053549317924153,0.054864817199181834,159268.08556303906,2868,5113,778,4053,3916,790
2819,5307.104217956386,5307.104217956386,10614.208435912771,-2.584454561559142,-1.8104711042234964,0.05466812247717386,160177.85525090416,5475,2359,925,4493,2741,1525
2820,8114.118050193315,8114.118050193315,16228.23610038663,-2.743223859953304,-1.526142736897397,0.05513930257012851,160595.84484002416,1923,5733,1103,3679,3707,1373
2821,7293.531580461918,7293.531580461918,14587.063160923835,-3.685492243535129,-2.2116263692493248,0.054734693958527945,162138.4194072403,3956,4222,581,3704,3562,1493
2822,13108.130180360893,13108.130180360893,26216.260360721786,-1.4127549452933181,-0.8251247806267644,0.054781745834805114,157371.40676101396,3361,4371,1027,6100,1914,745
2823,12095.181513547766,12095.181513547766,24190.363027095533,-0.9086343400501965,-0.39954079222435074,0.05492566727141693,159258.4191933763,3825,4456,478,4333,2994,1432
2824,9651.04782575962,9651.04782575962,19302.09565151924,-0.8643151888945947,-0.8727830521339436,0.05545836894971962,162780.5324733645,3191,5118,450,3609,3631,1519
2825,10777.482328482127,10777.482328482127,21554.964656964254,-2.4950838785927347,-1.07324813903525,0.05551039480632372,160316.92285482588,5530,2494,735,3004,5118,637
2826,5683.041104283603,5683.041104283603,11366.082208567206,-2.785788334459997,-2.296418775954708,0.05499499693852993,162703.62334426393,5156,2146,1457,3502,3636,1621
2827,11371.258979758642,11371.258979758642,22742.517959517285,-2.346574748880583,-1.5368024477344373,0.05487655573047885,160684.0799129313,3663,4502,594,4823,2646,1290
2828,9491.706152681441,9491.706152681441,18983.412305362883,-2.9946150227987762,-1.3567787812945364,0.05530524732828867,160071.7837763511,4065,3841,853,3970,3714,1075
2829,7778.953756898078,7778.953756898078,15557.907513796155,-2.9012893511341677,-1.556725846279397,0.054885381043579005,164416.3532707554,3793,4509,457,3224,3201,2334
2830,5418.536358666965,5418.536358666965,10837.07271733393,-3.0975983472707296,-1.4648395261050873,0.05505580601538763,163926.3451915988,2784,5168,807,3807,2700,2252
2831,8237.627142051153,8237.627142051153,16475.254284102306,-2.205105561995734,-1.8112282241583062,0.055018284360163525,160267.32361085305,2962,5189,608,4778,2690,1291
2832,9953.042202985494,9953.042202985494,19906.08440597099,-2.0352925959409855,-1.0022783673961848,0.05501545010212857,165061.75558647182,5647,1803,1309,2588,4055,2116
2833,12899.466189614122,12899.466189614122,25798.932379228245,-1.9289053067673951,-0.3433953631615958,0.05468704063512352,159394.3178611409,3553,4529,677,5083,2692,984
2834,8813.185962239091,8813.185962239091,17626.371924478182,-3.2109548030769526,-2.025486406392708,0.05539665333965316,165694.9523882945,3685,4379,695,3602,3341,1816
2835,9976.819871432492,9976.819871432492,19953.639742864983,-1.90825016195563,-1.5541112660604184,0.05484148679322717,157660.66817003064,4464,3545,750,5787,1567,1405
2836,6902.438281148838,6902.438281148838,13804.876562297675,-2.7450985577926885,-1.8140591522054719,0.05516506488363951,161285.11400405027,3790,4333,636,3954,3297,1508
2837,10887.485258215604,10887.485258215604,21774.970516431207,-2.3353165533538482,-0.8151823678002593,0.054771406906539734,158177.23224300097,5304,3079,376,5796,1802,1161
2838,10839.052416688057,10839.052416688057,21678.104833376114,-2.807222699969183,-1.2575103999928812,0.05465887709532693,159049.67210292493,3294,4684,781,4541,2991,1227
2839,7789.88384547871,7789.88384547871,15579.76769095742,-2.7851114862016098,-0.5708865995346315,0.054693878225160406,160579.13017283613,3215,4495,1049,5302,2052,1405
2840,16088.262694324923,16088.262694324923,32176.525388649847,-1.4121859456988224,0.8697987786282777,0.054861401132737575,158145.1794419258,4753,3422,584,4958,3074,727
2841,10610.198408079514,10610.198408079514,21220.396816159027,-1.8883620603858535,-0.3488838595275073,0.05492279241899853,159709.24234390425,3592,4192,975,4315,3083,1361
2842,10878.705971734315,10878.705971734315,21757.41194346863,-2.1847271718950485,-1.052224435034249,0.054818363230135905,158672.92615457784,3471,4726,562,4920,3032,807
2843,11277.906424681458,11277.906424681458,22555.812849362916,-2.23163759592861,-0.6131363087807221,0.05507968652341708,166625.12360874985,1982,6197,580,2728,3845,2186
2844,6493.032316193166,6493.032316193166,12986.064632386331,-2.940071759283423,-1.9246796871454668,0.05505697771416608,161766.04742750985,3752,4470,537,3044,4240,1475
2845,11778.009063554138,11778.009063554138,23556.018127108277,-0.8853720975311633,-0.4636977965991133,0.055128942976532,158948.25623049232,5925,2240,594,3831,4213,715
2846,11881.046504326834,11881.046504326834,23762.09300865367,-2.108101906705293,-1.1789809302514243,0.05478932606398887,158007.88153609965,5747,2067,945,4803,2705,1251
2847,9910.075958149868,9910.075958149868,19820.151916299736,-2.987632100553214,-1.6085218720949295,0.05520335233411423,160378.47195320358,3484,4174,1101,3819,3704,1236
2848,8243.408888221924,8243.408888221924,16486.817776443848,-1.532917870189241,-0.7461250490691707,0.0546851080166574,159691.61379766915,4517,3660,582,4070,2912,1777
2849,12858.092144127535,12858.092144127535,25716.18428825507,-1.6090352395917362,-0.10833866263288566,0.054750774134038456,159431.4205897399,2532,5265,962,4902,3019,838
2850,8642.941461516233,8642.941461516233,17285.882923032466,-2.7044683593041383,-0.6250808100896089,0.05470287744044783,160007.25667846555,4558,3560,641,4256,3158,1345
2851,10426.876427498672,10426.876427498672,20853.752854997343,-2.8793057141643987,-0.283222393451828,0.05509280477499043,160098.62306490887,4514,3432,813,2920,5034,805
2852,9617.785885847994,9617.785885847994,19235.571771695988,-2.700982787135494,-1.068679978502172,0.05480902827411058,161503.67743679052,2882,5373,504,4594,2597,1568
2853,10000.673068769107,10000.673068769107,20001.346137538214,-2.7203248710036663,-0.8886114704357497,0.054603608756471064,158344.23192712275,4553,3642,564,4680,2988,1091
2854,7474.759564831772,7474.759564831772,14949.519129663544,-3.208218926897656,-1.3628457278679007,0.05491954937479426,162267.32011358315,2866,5310,583,2886,4040,1833
2855,13239.089504773516,13239.089504773516,26478.17900954703,-3.057560168420858,-1.2784780594723315,0.05482844648044398,158649.32154246455,3431,4312,1016,4713,2984,1062
2856,5123.706728847256,5123.706728847256,10247.413457694513,-2.2037850078268177,-1.4515166343191037,0.054573356538295585,159853.04048047867,5227,2821,711,4025,3294,1440
2857,7690.167842266339,7690.167842266339,15380.335684532678,-2.8735670039277075,-0.947776893230404,0.0549852803541715,162223.9164999381,5219,2876,664,4047,2875,1837
2858,5331.7323499447475,5331.7323499447475,10663.464699889495,-4.124598953613449,-2.27288913452006,0.05539218564579864,162368.89990070226,2786,4551,1422,3472,3919,1368
2859,9765.285001395187,9765.285001395187,19530.570002790373,-1.7964826655888513,-1.2715889090071133,0.05527051928323337,159988.71693869916,5514,2616,629,3167,4713,879
2860,7261.121924432987,7261.121924432987,14522.243848865974,-2.7742256033783432,-1.200759905983429,0.05519594151351615,159784.60832361106,5826,2174,759,4558,2754,1447
2861,4402.940674701232,4402.940674701232,8805.881349402463,-2.529438119595171,-1.7679653378645748,0.054527089959394745,161499.5853372722,4195,4135,429,4867,1768,2124
2862,13877.66391638518,13877.66391638518,27755.32783277036,-2.650735855724355,-0.2690712840583411,0.05472037428437194,158568.9330423523,2189,5486,1084,4769,3338,652
2863,12542.215490947718,12542.215490947718,25084.430981895435,-2.0187345987159797,-0.3262662558151219,0.054653179736640314,161264.72703454434,6155,1959,645,3512,3743,1504
2864,15732.614479582135,15732.614479582135,31465.22895916427,-1.7517360618013647,0.2675968310017975,0.05503984329087966,160426.52667406137,3608,4165,986,2601,5325,833
2865,8504.657952244708,8504.657952244708,17009.315904489416,-2.7090797457775655,-0.906381719732344,0.0550371746501568,161234.35765403905,3452,4749,558,3127,4332,1300
2866,9707.835772187344,9707.835772187344,19415.671544374687,-1.6076280229471003,-1.2193924954121025,0.05466900938535968,157055.10075430808,3875,3900,984,5353,2056,1350
2867,11032.234679391293,11032.234679391293,22064.469358782586,-1.049946863834429,-0.4302929451748454,0.05476084790106751,161873.68742182545,2783,4827,1149,4387,3010,1362
2868,11609.245900933935,11609.245900933935,23218.49180186787,-2.6108369236894795,-1.53286137206965,0.05492521312726533,159923.0045681024,3298,4840,621,4264,3402,1093
2869,10349.121364501554,10349.121364501554,20698.24272900311,-2.490625684835282,-1.3610545618813261,0.05482914918724357,157111.2298325784,5539,2276,944,4795,3026,938
2870,7280.026240586638,7280.026240586638,14560.052481173276,-3.064031888560035,-1.5030160727224573,0.0548820495149012,161309.341670458,1623,6334,802,3927,3006,1826
2871,9591.849690693156,9591.849690693156,19183.699381386312,-2.8557565495044224,-1.3259821846529973,0.05541042657313599,161523.99436462673,4721,2951,1087,2096,5621,1042
2872,13294.821638514839,13294.821638514839,26589.643277029678,-1.3177695328845147,-0.5955385276925096,0.05466522778700464,158081.7268082099,3222,4435,1102,5396,2495,868
2873,9535.338355907023,9535.338355907023,19070.676711814045,-2.174278310024897,-1.0461930391621121,0.05463741563699399,158454.78307866186,6508,1699,552,5680,1866,1213
2874,10189.963197219642,10189.963197219642,20379.926394439284,-1.7816846366813466,-0.18040947580069444,0.05524583717236023,159436.56437928372,5129,2983,647,4230,3021,1508
2875,4618.612011541974,4618.612011541974,9237.224023083949,-2.393489531641327,-1.2747838949113652,0.05481497447525318,161772.07978802445,6572,1630,557,3748,2311,2700
2876,13899.170933939322,13899.170933939322,27798.341867878644,-0.6406468906702978,0.1548276753213792,0.055218988843737396,159907.44591227634,3768,3950,1041,2966,5155,638
2877,9769.76340064255,9769.76340064255,19539.5268012851,-1.9748496880191944,-1.0462811579291829,0.05514970347607351,159434.9112086284,4270,3493,996,4180,3554,1025
2878,11175.910233514052,11175.910233514052,22351.820467028105,-2.468427769504696,-0.7652582277111102,0.054598400695449884,157389.84302709697,4686,3079,994,4863,2882,1014
2879,8563.321296798118,8563.321296798118,17126.642593596236,-3.0252585980722375,-1.1458351226912329,0.055137110634327816,163189.3953578587,3017,5033,709,4389,2784,1586
2880,5931.770783446819,5931.770783446819,11863.541566893638,-4.194455513931807,-1.6599352364469724,0.05472646015156261,158961.4704912263,4682,3136,941,3350,3983,1426
2881,9440.117118602991,9440.117118602991,18880.234237205983,-2.541742422162044,-0.7715145942317893,0.055048145525418896,162158.79358351577,2708,4763,1288,2954,4411,1394
2882,11990.263320416394,11990.263320416394,23980.526640832788,-2.626211205101424,-0.993522375767986,0.05490026795578992,157477.95222436253,5855,2092,812,5221,2786,752
2883,8480.400750344828,8480.400750344828,16960.801500689657,-2.3446073029142314,-0.8575883126290634,0.054811276732571954,163745.02274185655,4408,3718,633,3465,2519,2775
2884,14554.145743324818,14554.145743324818,29108.291486649636,-1.4196356032732158,0.33021965545792414,0.05536444574494479,160358.2295392946,4849,3035,875,2994,5148,617
2885,13507.248070564621,13507.248070564621,27014.496141129242,-2.2637888357745832,-0.6078338237997023,0.05487794319912511,158572.05169813955,3184,4742,833,5547,2458,754
2886,11118.162150310629,11118.162150310629,22236.324300621258,-1.9386394718887152,-0.39882505164022275,0.054655309921035455,159520.97282419307,3624,4667,468,4140,2779,1840
2887,6297.724045791531,6297.724045791531,12595.448091583063,-2.6884211679400485,-1.9560565482341006,0.05527246525061093,165463.71600487156,4921,3203,635,1857,4702,2200
2888,12891.812712538002,12891.812712538002,25783.625425076003,-2.063187823166733,-1.0575259600650022,0.05528675907505176,162826.9532646306,3400,4346,1013,3794,3660,1305
2889,14377.72148781313,14377.72148781313,28755.44297562626,-2.149958209362532,-0.6686081660681582,0.054912023470105556,158857.78713769978,2421,5583,755,5245,2853,661
2890,11511.576120294474,11511.576120294474,23023.15224058895,-2.4775579566918298,-0.5947122836274573,0.054612290865298625,160088.2312244718,2434,5587,738,4413,3351,995
2891,12460.70552922598,12460.70552922598,24921.41105845196,-2.152851641684602,-1.1775164492557713,0.05504506663162055,162525.24356734843,4219,3736,804,4049,2974,1736
2892,9770.770803134677,9770.770803134677,19541.541606269355,-2.2043660706561163,-1.5584886930209851,0.05482164098075901,158775.7689915697,4954,3270,535,5200,2200,1359
2893,15033.593198510138,15033.593198510138,30067.186397020276,-1.2259518257319646,-0.17651364566512748,0.05496002707198936,158136.3055794954,4606,3552,601,4516,3727,516
2894,7602.880731886848,7602.880731886848,15205.761463773695,-4.499573631850462,-2.322219220198138,0.055083808385819916,162871.87993845713,2119,5716,924,3581,3358,1820
2895,5672.572653724668,5672.572653724668,11345.145307449337,-4.04790655018003,-2.684231099373675,0.05481149281858688,162233.66450697242,1813,6029,917,4077,2741,1941
2896,9326.607741180058,9326.607741180058,18653.215482360116,-2.9531350879774374,-1.5757339477683923,0.054992017294362594,165289.1593205898,3157,4530,1072,3433,3516,1810
2897,11477.233981779282,11477.233981779282,22954.467963558563,-2.4622848354710114,-0.9477251381270548,0.055184112960951145,159073.083011698,5088,2982,689,3198,4898,663
2898,5410.862260141069,5410.862260141069,10821.724520282138,-4.6264230318576,-2.6611119421153924,0.054912270247403305,163603.2182456634,5003,3309,447,3767,2169,2823
2899,9880.49702470392,9880.49702470392,19760.99404940784,-3.3179008029269594,-2.1276576143510595,0.05549583610358165,165302.81399499442,5944,2214,601,2317,4551,1891
2900,12432.583510052027,12432.583510052027,24865.167020104054,-2.55618052705703,-0.8140831478203364,0.055190737285469485,161826.92100632185,1943,5735,1081,3354,4441,964
2901,7998.032862289489,7998.032862289489,15996.065724578977,-3.320240321502487,-1.9915760867143348,0.054709186795567355,158666.04164755013,4942,3095,722,4781,2727,1251
2902,13784.558314206715,13784.558314206715,27569.11662841343,-2.9091925118740334,-0.9941902860614436,0.05480167071845544,158847.5414895922,2889,4831,1039,4826,3120,813
2903,9198.372986880393,9198.372986880393,18396.745973760786,-2.8038562246682996,-0.8383678190394084,0.05497282625081484,162493.84686295112,2184,6103,472,4119,2925,1715
2904,9938.570774468435,9938.570774468435,19877.14154893687,-2.647393714102787,-1.3878575152916426,0.05491479407809494,160757.03264914724,2245,5962,552,4468,2983,1308
2905,10743.279743558905,10743.279743558905,21486.55948711781,-4.878649604678702,-2.967459461034636,0.055327967925462615,161815.7645001985,3664,4126,969,2593,4877,1289
2906,13314.746292263315,13314.746292263315,26629.49258452663,-2.9423675865552346,-0.4138753915507656,0.05527036663895834,160197.31448306024,6045,2238,476,2466,5055,1238
2907,10900.279167361152,10900.279167361152,21800.558334722304,-2.3661767133069525,-1.2216233276633501,0.05530564900705493,160698.05717889173,3908,3825,1026,2829,5214,716
2908,13589.272924836307,13589.272924836307,27178.545849672613,-2.8550514931409734,-0.90741983792413,0.05539734636912732,160614.47894564888,3826,3913,1020,3677,4388,694
2909,10720.311121062365,10720.311121062365,21440.62224212473,-2.4137684833878916,-0.7683882747578418,0.05461711791323381,158708.69300273998,2669,5033,1057,5533,1932,1294
2910,10829.318721395466,10829.318721395466,21658.637442790932,-2.7556489025119517,-0.9426949795611075,0.055124367115341515,161117.32902903887,3686,3930,1143,4471,3226,1062
2911,8591.207558289465,8591.207558289465,17182.41511657893,-4.037868168145456,-2.018312454456569,0.05539589003201793,162492.6482293039,5849,2363,547,2684,4361,1714
2912,12824.394316377855,12824.394316377855,25648.78863275571,-2.120136921190171,0.009928667844156282,0.05473729970692622,158484.2228988279,2878,5332,549,5725,1959,1075
2913,13126.365160903433,13126.365160903433,26252.730321806866,-1.8244105183450585,-0.24444520312109339,0.05529356764999588,161327.34257632872,3249,4990,520,4146,3789,824
2914,8330.565960085965,8330.565960085965,16661.13192017193,-2.4030194282543986,-1.4676047552641773,0.05525495675624914,160773.85147956933,5738,2054,967,4102,3518,1139
2915,10768.21992684311,10768.21992684311,21536.43985368622,-2.7892724033863647,-1.0235824408017227,0.0547196779125063,162929.5381629811,4777,3391,591,4816,1800,2143
2916,5168.414945145627,5168.414945145627,10336.829890291254,-3.268856555899408,-1.6633797599370377,0.05479586922867771,160418.58588551573,4665,3114,980,5054,1895,1810
2917,14294.723885043406,14294.723885043406,28589.447770086812,-2.2919436410329608,-0.29168708210442074,0.05472434619856203,157972.9792797356,2014,6265,480,5212,2961,586
2918,10285.954048236663,10285.954048236663,20571.908096473326,-2.791764107903703,-1.2575848927915212,0.054745507295586165,158407.93369963125,5142,2938,679,3710,3676,1373
2919,12927.982438172858,12927.982438172858,25855.964876345715,-2.5006261650456962,-0.6130124850043333,0.055013208002417054,161301.06635193372,3905,4323,531,3760,4027,972
2920,10958.170734005633,10958.170734005633,21916.341468011266,-2.4000440320844763,-0.9161651580451404,0.054971158459486136,159433.3031673572,2732,5398,629,4891,3079,789
2921,11948.177181372042,11948.177181372042,23896.354362744085,-1.9620842992307148,-0.9021854199123189,0.05505500285457738,160923.21548417828,2904,5258,597,4196,3250,1313
2922,10660.897711364862,10660.897711364862,21321.795422729723,-2.859748689479708,-1.1376538938542098,0.05520808541567055,159596.4830415362,3842,3868,1049,4344,3045,1370
2923,8813.67610651606,8813.67610651606,17627.35221303212,-2.8329525976042267,-1.200575754244296,0.05513232467347503,164748.51867356454,4732,3203,824,3506,2859,2394
2924,14053.171740798196,14053.171740798196,28106.343481596392,-2.337706489655704,-0.46302225379024564,0.05527107941927565,159963.12355756384,5871,1962,926,3358,4453,948
2925,10722.97714789153,10722.97714789153,21445.95429578306,-1.8112497534482839,-0.8187765603928547,0.0551400246930014,161793.70059079785,6415,1598,746,4509,2265,1985
2926,9939.784692438696,9939.784692438696,19879.56938487739,-1.886864864775336,-0.7964075979206447,0.055045100517187244,160717.81656053252,3741,3714,1304,2608,4611,1540
2927,11212.467698476285,11212.467698476285,22424.93539695257,-0.5056238097722835,-0.4454472785835742,0.055297480280182644,160299.71997005778,4455,3202,1102,4279,3564,916
2928,11922.054917064204,11922.054917064204,23844.10983412841,-1.9446873175361734,-0.5166063977578593,0.05507210175716473,158608.15252413013,4182,3579,998,5080,2747,932
2929,6650.057793432366,6650.057793432366,13300.115586864733,-2.7181626898952405,-1.6469751908905608,0.05469701238155958,163984.86671909687,3602,4525,632,4629,1473,2657
2930,13184.812546319139,13184.812546319139,26369.625092638278,-1.1634678479907454,-0.5323953361808843,0.05508524174637307,160436.96862871415,4282,3564,913,4172,3618,969
2931,8966.589177627415,8966.589177627415,17933.17835525483,-2.732899836658672,-1.0021246830577384,0.05482801680971745,160024.81364850083,2802,5239,718,5212,1996,1551
2932,8380.578635182783,8380.578635182783,16761.157270365566,-1.988472522765957,-0.9533029114707753,0.05487962507815407,160770.26669980655,4007,4132,620,3763,3647,1349
2933,11095.542831633984,11095.542831633984,22191.085663267968,-2.52953994156073,-1.3780764020302192,0.05459269099704183,157693.71542493085,5059,3202,498,6048,1731,980
2934,11312.555979474748,11312.555979474748,22625.111958949496,-3.273050036726705,-0.7752530722622265,0.05470638798402626,162318.0240367728,4803,2694,1262,4742,1984,2033
2935,14704.883800969596,14704.883800969596,29409.76760193919,-2.6655984019545267,-1.2328477533506748,0.05529100612572654,161122.3753937,3768,4284,707,4121,3501,1137
2936,15220.453593467268,15220.453593467268,30440.907186934535,-1.413993774539921,0.35742158228832116,0.054656113012107675,158273.41563653128,1661,6124,974,5892,2038,829
2937,15871.583114605952,15871.583114605952,31743.166229211904,-0.6297297922076089,0.24424186844026682,0.0546894517196801,158255.94406501515,2315,5410,1034,5908,2209,642
2938,11985.626599948886,11985.626599948886,23971.253199897772,-2.8156709400554596,-1.2060462094978257,0.055111753715690916,160361.65938993148,6268,1787,704,3177,4394,1188
2939,9699.955494076677,9699.955494076677,19399.910988153355,-3.0178658365512736,-1.2717990292555559,0.05474691522020527,157720.13344523998,5322,2709,728,4324,3601,834
2940,13202.62871794046,13202.62871794046,26405.25743588092,-2.3812834266602256,-0.7063897942707458,0.05461549999518085,157036.96814559668,4616,3603,540,5925,1574,1260
2941,10923.927379860312,10923.927379860312,21847.854759720623,-2.2556761163847194,-1.5508122218985736,0.055239159598746944,160185.12820845784,4388,3552,819,3693,4169,897
2942,12089.15730599124,12089.15730599124,24178.31461198248,-2.360506088312839,-1.3384911525861412,0.05537229834851505,160074.29791389478,4186,3614,959,3754,4022,983
2943,9648.986723924361,9648.986723924361,19297.973447848723,-3.029736137473635,-1.8812290006800076,0.05480288694335083,159547.8156475799,4875,3101,783,4327,2856,1576
2944,6946.041731739539,6946.041731739539,13892.083463479077,-3.3131178906839183,-1.8588662899478996,0.05479013245823076,161975.03244858066,4649,3355,755,4113,3156,1490
2945,16936.28773129692,16936.28773129692,33872.57546259384,-1.7745684939026527,0.043354598938087026,0.05482288171722052,158754.73066112943,3668,4372,719,4028,4155,576
2946,13621.168534138526,13621.168534138526,27242.33706827705,-1.8108831605794007,-0.42832719494490196,0.0548627984278545,158354.61075934937,5926,1727,1106,4555,3565,639
2947,6667.4384601907905,6667.4384601907905,13334.876920381581,-2.5790727994372302,-1.9023961334556327,0.05462708716722932,158050.16078662928,5118,3150,491,5388,2129,1242
2948,11263.589579435094,11263.589579435094,22527.17915887019,-2.6944498404884287,-0.8593189247452316,0.05497444513424398,158476.8789796998,5771,2169,819,4054,3759,946
2949,10999.169130678416,10999.169130678416,21998.338261356832,-3.002056533452913,-1.2929009485663285,0.05503319796249171,162169.49377399185,3664,4578,517,4453,2961,1345
2950,10310.062694428883,10310.062694428883,20620.125388857767,-2.2395592067839467,-0.5606701529076606,0.05457357805409906,159312.4927457819,2546,5554,659,4883,2846,1030
2951,12347.219585965306,12347.219585965306,24694.43917193061,-2.5380064814025727,-0.9698223176855428,0.05467009215556943,162043.67818461757,5004,3253,502,4273,2646,1840
2952,8651.111529022815,8651.111529022815,17302.22305804563,-2.706189688260639,-0.628861815491751,0.055307226974187475,161013.48640309885,5839,1686,1234,3241,4370,1148
2953,13087.300505752983,13087.300505752983,26174.601011505965,-2.2328463789473476,-0.351246920310745,0.05470666405281906,158495.5665313026,4348,3590,821,4180,3318,1261
2954,14361.168047196987,14361.168047196987,28722.336094393973,-1.7544506241284583,-0.3228527347491258,0.05521911835651464,159065.45583838824,4282,3589,888,5405,2666,688
2955,12714.08083775649,12714.08083775649,25428.16167551298,-2.783103534315105,-0.8089770302936751,0.05526637677794722,160937.64228391452,2436,5540,783,3816,4000,943
2956,12883.41368120996,12883.41368120996,25766.82736241992,-1.9572781925249005,-0.21137815116938247,0.05517710245647045,161013.71583105106,3047,5261,451,3590,4548,621
2957,7199.137828671136,7199.137828671136,14398.275657342272,-2.7034970404428216,-1.5056078272446645,0.05471041081371381,160953.32513219028,5872,2402,485,3119,3464,2176
2958,6565.515952412226,6565.515952412226,13131.031904824453,-2.691033286061413,-1.7628739704721512,0.054713910046900516,161068.42437529407,5444,2603,712,4844,2143,1772
2959,10447.551791673113,10447.551791673113,20895.103583346227,-1.7501424710651323,-1.0519395408557328,0.054699507313216045,158362.97392866833,2245,5695,819,5692,2247,820
2960,8424.434183598265,8424.434183598265,16848.86836719653,-2.7375487492673494,-1.5050511177472237,0.054793316640150816,159942.56513144096,4112,3800,847,4236,2566,1957
2961,12612.13592013779,12612.13592013779,25224.27184027558,-3.1699968584682447,-1.5320653237613606,0.05520242282331163,159481.50821513188,5758,2241,760,4556,3042,1161
2962,8995.495640954141,8995.495640954141,17990.991281908282,-3.9896624063888395,-1.3300727618947354,0.05472502668759961,161341.4667131706,4412,3510,837,3915,3270,1574
2963,10185.199995582234,10185.199995582234,20370.399991164468,-2.8470557777319576,-1.6951586641662717,0.055190170890492,160613.24008093379,5131,3031,597,3838,3813,1108
2964,8776.064369334643,8776.064369334643,17552.128738669286,-3.1613560904409295,-2.17187426949965,0.05524621604766476,161397.62830690015,2927,5118,714,4471,3005,1283
2965,6543.424542058633,6543.424542058633,13086.849084117266,-3.350304361636267,-0.7981937853922245,0.05497493649010584,160951.24372171093,5451,2929,379,3361,3996,1402
2966,15232.591632646485,15232.591632646485,30465.18326529297,-1.7861007539078209,-0.39492680730671087,0.05544392180243312,162024.72904322212,2576,5207,976,2423,5727,609
2967,12073.254276451416,12073.254276451416,24146.508552902833,-2.054051454471981,-0.8587247608111035,0.05469972384252563,160221.9614649599,3670,4598,491,4241,2665,1853
2968,10572.411001844817,10572.411001844817,21144.822003689635,-3.3221280524257892,-2.129942673175929,0.05484638100037168,159172.70577500394,3309,4800,650,4574,2996,1189
2969,11195.51261956897,11195.51261956897,22391.02523913794,-2.5930718514388165,-1.6336466580534037,0.055253616756057194,159305.65466756737,6340,1907,512,2844,4954,961
2970,6506.050424653014,6506.050424653014,13012.100849306027,-3.024534457979903,-1.709368548756102,0.054744640335845085,159980.32893421667,3439,4438,882,4787,2314,1658
2971,10854.016281273804,10854.016281273804,21708.032562547607,-3.499991150083801,-2.4596794685254535,0.05515540147726927,160137.91898309626,5266,2424,1069,2631,5088,1040
2972,8059.267763389278,8059.267763389278,16118.535526778556,-3.3931969798192747,-2.0363528684920995,0.055120004094179297,163652.9564698473,1700,6549,510,4904,2316,1539
2973,9506.118767345442,9506.118767345442,19012.237534690885,-2.7425028205598334,-1.229424675719215,0.05515919116700398,161902.48449065533,5563,2519,677,3170,4333,1256
2974,12405.60680362061,12405.60680362061,24811.21360724122,-1.7135039783727335,-1.5103842985861158,0.054987885294347075,159625.68386352845,4701,3477,581,2886,4771,1102
2975,5509.795353767693,5509.795353767693,11019.590707535386,-2.9884058065523798,-2.0821628319401744,0.05483849467258791,161890.8748711832,3420,3907,1432,3699,3098,1962
2976,10345.597095475809,10345.597095475809,20691.194190951617,-2.6502700228948814,-1.899152615568004,0.05514759697384299,158599.69997376413,6119,1582,1058,4533,2950,1276
2977,11268.581484011738,11268.581484011738,22537.162968023476,-2.4544245940781537,-1.2849116946942225,0.054766371615913384,161234.54028999517,3857,4032,870,3882,3663,1214
2978,6119.3634991866065,6119.3634991866065,12238.726998373213,-2.8950108589703722,-1.9590081182549755,0.05502278766050222,160932.79316680814,4570,3512,677,4026,3045,1688
2979,13776.237385825094,13776.237385825094,27552.474771650188,-2.1875832628678467,-1.1906178110242698,0.055130923793291854,160340.53252315888,2200,6042,517,3433,4582,744
2980,11496.447674566252,11496.447674566252,22992.895349132505,-1.9935855285490607,-0.9500441486080917,0.05530905232216078,160489.13403280664,4728,3012,1019,3000,4363,1396
2981,10451.102897990422,10451.102897990422,20902.205795980844,-2.379698535997966,-1.2973061567496516,0.05540698877781243,161154.024397689,2895,4926,938,3341,4070,1348
2982,6872.736335302104,6872.736335302104,13745.472670604207,-3.646281585090389,-1.6579796341565924,0.05464495517696668,161410.50850399307,2923,4856,980,4766,2077,1916
2983,8683.621630009644,8683.621630009644,17367.243260019288,-3.6661678213611126,-1.9714133098979487,0.05518105317694344,164074.3128750307,4917,2752,1090,3250,3273,2236
2984,8935.10861674271,8935.10861674271,17870.21723348542,-3.8175001153393175,-1.9621936626617866,0.05496362916443884,159602.24832169604,3234,4952,573,4468,3208,1083
2985,10496.961123815661,10496.961123815661,20993.922247631323,-2.357695678761698,-1.4861305237770333,0.05483178320023829,158131.80856241332,5282,2815,662,5006,2630,1123
2986,9417.367261693362,9417.367261693362,18834.734523386724,-3.161699215875456,-1.5617985696009977,0.05469820229896953,160630.29449721266,3360,4271,1128,4957,2595,1207
2987,12201.019541087233,12201.019541087233,24402.039082174466,-2.1516798364335217,-0.9551758297065337,0.055334633494641634,158928.79273176077,4154,3712,893,5074,2912,773
2988,13711.688033294859,13711.688033294859,27423.376066589717,-2.412854063479668,-0.9537831389348461,0.0548602886421713,157723.6490051928,4997,2610,1152,4578,3470,711
2989,7311.670175044277,7311.670175044277,14623.340350088554,-3.3713687120303217,-2.450362041085405,0.05527761311899789,161999.45109029033,2684,4980,1095,3626,3551,1582
2990,11051.961535134296,11051.961535134296,22103.923070268593,-3.5430729037351636,-0.9116712404375011,0.054931480738111944,158804.09281769034,4736,3433,590,3844,3720,1195
2991,13341.045536362628,13341.045536362628,26682.091072725256,-2.835330205826355,-1.1871177855440527,0.05469752610637927,155998.78192485767,5281,2952,526,6253,1932,574
2992,11993.606919397162,11993.606919397162,23987.213838794323,-2.728485996519579,-0.6388278177372232,0.054769751395181684,158408.53300790285,6570,1521,668,4819,2858,1082
2993,15011.560670043515,15011.560670043515,30023.12134008703,-2.0242998131051833,0.09512180242323345,0.054645047571727945,160993.749420757,6270,1789,700,5003,2007,1749
2994,11956.461557698121,11956.461557698121,23912.923115396243,-3.0622472721078737,-1.3332524608896226,0.05515497106851793,160138.11452813077,3980,4350,429,4023,3905,831
2995,14201.653320083753,14201.653320083753,28403.306640167506,-2.392752795519354,-1.3845084696990089,0.0548512884240753,158640.51705772168,3511,4440,808,5074,2756,929
2996,12569.12642171791,12569.12642171791,25138.25284343582,-2.5165367855347145,-0.8249800344502994,0.055095330704432344,159097.36631837033,3543,4614,602,4394,3761,604
2997,11540.56781679256,11540.56781679256,23081.13563358512,-3.485118471353152,-1.7979828433467737,0.05502660113651524,160076.9022019758,2884,5255,620,3540,3693,1526
2998,5141.607832065028,5141.607832065028,10283.215664130055,-3.3339148591159775,-1.6001755252395713,0.05536125827830684,164234.13909765074,4433,3309,1017,3148,3549,2062
2999,7530.031861792588,7530.031861792588,15060.063723585175,-2.4379686330050436,-1.0443929847750157,0.054978392754588816,160573.422641226,5466,2288,1005,2184,4845,1730
3000,15265.810079314997,15265.810079314997,30531.620158629994,-1.8122723304036454,0.14956896115929888,0.05470855808383199,161602.44623946218,5726,2358,675,4187,3090,1482
3001,11776.885227931702,11776.885227931702,23553.770455863403,-2.4631779642631098,-0.20937276873541874,0.054652055869620096,157832.98813429038,5295,2225,1239,5460,1987,1312
3002,12147.834326093514,12147.834326093514,24295.66865218703,-3.4571534144415077,-1.4168059728461961,0.05525881659729793,159449.2461019749,6145,1635,979,3144,4451,1164
3003,9924.172845001369,9924.172845001369,19848.345690002738,-2.4566873371325433,-1.8139451684308314,0.054945974581000506,159352.90802793214,4505,3369,885,3434,4160,1165
3004,14952.294387262651,14952.294387262651,29904.588774525302,-2.5031035648219144,0.003846314070227172,0.05480210259531953,159596.25196687836,2835,5321,603,4466,3533,760
3005,7026.364751147242,7026.364751147242,14052.729502294484,-2.364181460925242,-0.8557319493676925,0.05503330032323009,161415.20469970838,5201,2465,1093,3537,3336,1886
3006,6387.79053354176,6387.79053354176,12775.58106708352,-3.955570707587999,-1.971984165832247,0.054850483139667165,161776.59975415355,4651,3012,1096,3685,2768,2306
3007,11446.827965015782,11446.827965015782,22893.655930031564,-1.733463096922946,-0.41256397437952047,0.05491065945553729,161837.4096590268,2836,5015,908,4020,3366,1373
3008,10425.20388441155,10425.20388441155,20850.4077688231,-3.360428068162796,-0.9871302661655497,0.05480372979175923,163305.1306253332,2833,5225,701,4413,2654,1692
3009,15657.28870542709,15657.28870542709,31314.57741085418,-1.9751981344033838,-0.4277824377830502,0.05512933647159195,160971.46189520977,2467,5369,923,5381,2226,1152
3010,15595.448322346665,15595.448322346665,31190.89664469333,-1.8969543972647227,-0.026212909586685613,0.054788040319941306,157031.36843742247,6296,1953,510,5057,2897,805
3011,13886.569946527467,13886.569946527467,27773.139893054933,-3.3827713372826205,-0.24016135206939107,0.055307962164688765,160299.01525718844,2997,4983,779,3575,4471,713
3012,11294.495920434816,11294.495920434816,22588.991840869632,-3.1357528013899523,-1.3882939895752027,0.05482279096830456,159335.46978375153,2961,5270,528,4977,2419,1363
3013,11196.131973571,11196.131973571,22392.263947142,-3.6234750978173724,-0.9800580593134456,0.05506546207893936,159776.62981228592,4653,3368,738,4762,2556,1441
3014,9037.1666410311,9037.1666410311,18074.3332820622,-2.827774051196951,-0.9058153081653423,0.055192670893650785,161625.63434154398,1895,6093,771,3798,3744,1217
3015,13847.135430426606,13847.135430426606,27694.270860853212,-1.7247225451472508,-0.4714448346825735,0.05529679797476609,161285.406855699,3202,4423,1134,2545,5317,897
3016,14143.815982831607,14143.815982831607,28287.631965663215,-1.9057751005769674,-0.19497357787954822,0.05477062077768409,157900.5297502781,4243,4007,509,5992,1957,810
3017,9162.846032455938,9162.846032455938,18325.692064911877,-3.0442970855245903,-0.5654928084483081,0.055116606264228485,161323.24781328923,4283,3586,890,4054,3194,1511
3018,11550.10961912445,11550.10961912445,23100.2192382489,-1.4125437782465513,-0.505215965735573,0.05489397909269177,162121.30339223138,2592,5174,993,4452,3079,1228
3019,9921.996179577945,9921.996179577945,19843.99235915589,-2.895303321304725,-1.436814873115951,0.055412354049516235,161273.01468031236,4808,3320,631,3775,3655,1329
3020,15448.857503226605,15448.857503226605,30897.71500645321,-0.9105032854264259,0.05346448276017071,0.054935087643771106,157052.95581097098,5264,2833,662,5551,2642,566
3021,8699.423613920808,8699.423613920808,17398.847227841616,-2.6279793095455806,-1.617980678694955,0.055236074386046205,164083.56819328148,5209,3183,367,2663,4195,1901
3022,12150.147131607742,12150.147131607742,24300.294263215485,-1.817106914582439,-1.1292623939181894,0.05543567740031238,164437.23477133038,2541,5673,545,2787,4269,1703
3023,13097.193816664963,13097.193816664963,26194.387633329927,-1.9015706252621918,-1.0776366722602948,0.054737666907738354,158158.80221918877,3353,4709,697,5348,2115,1296
3024,14991.09610903609,14991.09610903609,29982.19221807218,-1.7133819539894044,-0.11679360064231399,0.05527151226195171,160608.39159551452,4412,3296,1051,2825,5352,582
3025,13159.519181677188,13159.519181677188,26319.038363354375,-1.616588149943434,-0.49309952952370784,0.054685924930016866,160649.9845215597,4244,3973,542,4565,3019,1175
3026,12373.098439730056,12373.098439730056,24746.196879460113,-2.4212107807107466,-0.3433365819437106,0.05480849854512105,162183.86955118348,3942,4332,485,4481,2788,1490
3027,12561.947093653524,12561.947093653524,25123.894187307047,-2.6566770093112066,-1.0183782872133966,0.05543555251087102,161319.9088375495,3066,5290,403,3152,4831,776
3028,12173.372367756305,12173.372367756305,24346.74473551261,-2.152784058938353,-0.4095430299149315,0.05483625688099425,159351.70344055624,3898,4415,446,4584,2520,1655
3029,6112.615969154528,6112.615969154528,12225.231938309056,-2.616127335881356,-1.775858895347921,0.05511505635507222,165849.30739003795,5541,2281,937,3239,2761,2759
3030,5927.072438691204,5927.072438691204,11854.144877382409,-2.0410905029653437,-1.4764354507159867,0.05495482232546552,162569.69088235535,2877,4864,1018,3982,2734,2043
3031,5867.761553492294,5867.761553492294,11735.523106984589,-4.146992067560327,-2.549642824944063,0.05477368482851588,165047.94433953194,4382,3883,494,3404,2963,2392
3032,12709.658701120767,12709.658701120767,25419.317402241533,-2.7590359092554526,-1.0115025848486565,0.05492643065454534,158926.99330617202,3527,3947,1285,3784,4073,902
3033,12420.74555749832,12420.74555749832,24841.49111499664,-3.142123834979952,-1.1858381016617947,0.054860647596661816,158945.4492071569,2896,5132,731,4208,3168,1383
3034,9165.219446345214,9165.219446345214,18330.43889269043,-2.0073674172822535,-0.8937341885183456,0.05467057281591833,159655.00074689795,3511,4760,488,4845,2760,1154
3035,9344.526132758141,9344.526132758141,18689.052265516282,-3.843780507563858,-1.6622497750847731,0.05486788658922164,160288.398499724,4570,3245,944,4036,3283,1440
3036,14339.790515065237,14339.790515065237,28679.581030130474,-2.048331561764699,-0.026642722782328734,0.05476106902550921,161942.69070990823,4212,3824,723,5552,1309,1898
3037,13848.446615434472,13848.446615434472,27696.893230868944,-2.2827659408755507,-0.18219622792750767,0.055115310042233696,159332.7953515611,4718,3544,497,4503,3309,947
3038,10009.192645363917,10009.192645363917,20018.385290727834,-1.3837882652028775,-0.7243116494875015,0.05524980420671874,164096.67813797903,1730,5951,1078,3539,3901,1319
3039,13728.327754276555,13728.327754276555,27456.65550855311,-1.813004833624555,-0.8524562310605108,0.05533077330419456,159499.86712690187,5196,2731,832,3820,3930,1009
3040,15298.365256748655,15298.365256748655,30596.73051349731,-2.84188193977558,-0.8188143518820461,0.05526696448963312,160098.95444034674,3503,4255,1001,4103,3872,784
3041,6786.550486299119,6786.550486299119,13573.100972598239,-3.3379770504983415,-2.4315357520196876,0.055125798642285805,161105.12518543843,5650,1885,1224,3603,2845,2311
3042,13249.996709134663,13249.996709134663,26499.993418269325,-3.5891777654865544,-2.4131339213661045,0.0548220735597942,157827.91413208115,6080,2257,422,4300,3116,1343
3043,12949.63498515617,12949.63498515617,25899.26997031234,-2.61904784843093,-1.063808390258196,0.05518882796432804,160357.29240428415,3741,4175,843,4134,3554,1071
3044,6260.689012176876,6260.689012176876,12521.378024353751,-2.9069762781317485,-1.6993215485654833,0.05549918010718896,166778.48033430046,2564,4992,1203,4146,2812,1801
3045,14525.874488892448,14525.874488892448,29051.748977784897,-0.7542914020661933,-0.43574931558210916,0.05501173163234108,159241.7586269424,4141,3980,638,4277,3631,851
3046,12677.834418322678,12677.834418322678,25355.668836645356,-1.2861675381044204,-0.5177437398543081,0.05525121172704247,161757.41952628043,4507,3635,617,4250,3080,1429
3047,12248.420897647517,12248.420897647517,24496.841795295033,-1.6808175854466096,-0.29229934955132014,0.054457344416846805,157039.9599138721,3830,4285,644,6241,1374,1144
3048,12573.730706754584,12573.730706754584,25147.46141350917,-1.9187781785594313,0.24498152802245549,0.05505637076967912,162773.21049518615,2817,5374,568,3999,3534,1226
3049,15608.491958555343,15608.491958555343,31216.983917110687,-1.7506945393175763,-0.7540791279976123,0.055209701149545966,160514.28096163628,4040,4190,529,3293,4766,700
3050,14816.257646167589,14816.257646167589,29632.515292335178,-2.8494540311758323,-0.47474747692656494,0.054942889905144565,159279.3874613706,4476,3450,833,4031,3939,789
3051,6714.51590042372,6714.51590042372,13429.03180084744,-3.750666364905264,-1.978848841442318,0.05531735047144832,164887.70809511578,4770,3042,947,2724,3567,2468
3052,14417.257704003916,14417.257704003916,28834.515408007832,-3.1560834124154975,-0.1894019026490434,0.054674965510447156,158587.2864146108,4120,4275,364,4219,3192,1348
3053,14405.910647572828,14405.910647572828,28811.821295145655,-1.9495058256601534,0.06083579757331409,0.05465635786620932,158354.8611793757,2595,5212,952,5315,2460,984
3054,8438.50371745058,8438.50371745058,16877.00743490116,-3.410962429344583,-1.8670811645146541,0.054751479583419166,157407.0160624762,6179,1710,870,4363,3031,1365
3055,8411.389737440395,8411.389737440395,16822.77947488079,-3.973923518818246,-2.4921898004626684,0.05441872620351281,157845.7193454373,5701,2395,663,5148,1844,1767
3056,10374.673211122123,10374.673211122123,20749.346422244245,-3.638268575436044,-1.2559463736946894,0.055222190065513016,160717.14742152122,3302,4926,531,4494,3272,993
3057,15976.623293834986,15976.623293834986,31953.24658766997,-2.2389056464956862,-0.4629438021448218,0.05515477382444977,160801.57738773094,2278,5979,502,3873,4264,622
3058,7672.803476282159,7672.803476282159,15345.606952564318,-2.6399757841744607,-1.586857133879585,0.05502881468181423,163496.2399928255,3687,4241,831,2795,4324,1640
3059,13674.012532844628,13674.012532844628,27348.025065689257,-1.6781105872784425,-0.6774523077443154,0.05475243488590613,158857.06498623532,2180,5713,866,5833,1897,1029
3060,10567.119879594944,10567.119879594944,21134.239759189888,-2.132862568962221,-1.6258856394624563,0.05478240791997629,157402.72966716622,4004,4048,707,5580,1632,1547
3061,16724.54595634975,16724.54595634975,33449.0919126995,-1.6433586180705528,0.05942279753405918,0.05478581710840157,156154.83543891183,4726,3641,392,6785,1383,591
3062,14515.991835025165,14515.991835025165,29031.98367005033,-2.118408412038601,-0.3718747492560138,0.05471342524055686,158401.94948907322,2480,5281,998,5160,2622,977
3063,11786.699412106489,11786.699412106489,23573.398824212978,-1.8194890571857543,0.04247981256907295,0.055126625258531965,160927.2389652437,3194,4660,905,3716,4031,1012
3064,14218.064374903406,14218.064374903406,28436.128749806812,-3.2312469763563523,-0.8681134381089565,0.055255066174566124,159609.929354449,4411,3855,493,3465,4708,586
3065,15436.409073713807,15436.409073713807,30872.818147427613,-2.508640208173368,-0.275748923110571,0.05461980869509003,157250.5714532729,2856,5069,834,5987,2010,762
3066,9001.564241232247,9001.564241232247,18003.128482464494,-4.266427974182576,-2.2375270017307263,0.05524930156303356,162368.0338424203,5111,2099,1549,3186,3792,1781
3067,11640.483234253823,11640.483234253823,23280.966468507646,-3.0480749048763585,-1.2600343627333122,0.05518689661219808,160954.4397321023,2020,5690,1049,3849,3877,1033
3068,16551.865723307958,16551.865723307958,33103.731446615915,-2.070622784776546,-0.25926571551122557,0.05479444920266555,158889.76836256846,3747,4126,886,3659,4403,697
3069,13218.861222866972,13218.861222866972,26437.722445733943,-2.185424593359228,-0.687041968893551,0.05490227931963875,159454.57859487532,3231,4568,960,4085,3933,741
3070,14863.345577729484,14863.345577729484,29726.691155458968,-1.7785267970199563,0.20357133169298472,0.05460165490390632,157169.32773911703,3459,4542,758,5497,2557,705
3071,13758.418122036563,13758.418122036563,27516.836244073125,-2.7724734219423572,-1.0690667959374103,0.05499639109065769,158430.9858880721,4434,3643,682,5295,2452,1012
3072,9600.560333190475,9600.560333190475,19201.12066638095,-3.347758455378435,-0.9218822063509365,0.05517660082109631,160341.76958895882,5732,2138,889,3209,3856,1694
3073,11009.118570834233,11009.118570834233,22018.237141668465,-3.2821557484342936,-0.5309180261900062,0.0550223801609946,159231.16697372572,4888,2987,884,5647,1999,1113
3074,11104.068174112632,11104.068174112632,22208.136348225264,-2.7825498962631054,-1.2529051997513654,0.0549642952928904,161616.48622016885,2382,5565,812,3998,3004,1757
3075,13133.393316002212,13133.393316002212,26266.786632004423,-3.4444313689195636,-2.439347737737822,0.05473938931692433,157526.9995803151,2289,6052,418,6205,1894,660
3076,12969.001814795713,12969.001814795713,25938.003629591425,-3.4068049582479105,-1.3442367158047634,0.05470185742519217,157859.2154236426,2755,5532,472,5251,2689,819
3077,14740.525794119494,14740.525794119494,29481.05158823899,-2.535603681723293,-0.5382832669877253,0.05473336178065581,158360.8609126193,4755,3444,560,5231,2777,751
3078,13521.290035305194,13521.290035305194,27042.580070610387,-3.729810688529466,-1.3593952368015954,0.05521324285199327,160132.38407488802,4268,3856,635,2867,5284,608
3079,14276.702772607488,14276.702772607488,28553.405545214977,-3.5483935802004973,-1.0674853886487563,0.05486207151053714,158655.61419326792,3813,4187,759,4421,3592,746
3080,7953.22862737533,7953.22862737533,15906.45725475066,-4.3069106896989835,-2.706403379634498,0.05502716076436905,160032.62107060655,3049,5137,573,4526,2847,1386
3081,16250.55462759956,16250.55462759956,32501.10925519912,-2.0463986605143263,-0.08582041785351005,0.054636063625767624,156052.60768949028,4471,3409,879,6891,1337,531
3082,10955.416906005914,10955.416906005914,21910.833812011828,-2.934977670592127,-1.135002063149053,0.05521823068763256,160079.74134934528,4732,3510,517,4116,3159,1484
3083,16721.890419114938,16721.890419114938,33443.780838229875,-3.175440395720599,-1.2042790481437677,0.05473474268997647,157698.7817581915,4791,2920,1048,4785,3098,876
3084,11408.972966709964,11408.972966709964,22817.945933419927,-4.051513783644669,-3.0988980024613917,0.05511453316233833,160896.8614785533,3534,4488,737,4156,3638,965
3085,14150.285628958964,14150.285628958964,28300.571257917927,-1.7058154370781735,-0.826557639119468,0.05520900204033889,160912.52638203328,4366,3892,501,2849,5256,654
3086,12707.924306877085,12707.924306877085,25415.84861375417,-3.275930498799378,-1.7557930272025255,0.05530537484404954,159754.53156431866,6072,1867,820,3272,4866,621
3087,9144.719526617675,9144.719526617675,18289.43905323535,-3.344203916925366,-1.6029940948794963,0.05492164996191703,159613.78078443636,4880,3413,466,3318,4167,1274
3088,14362.29569971892,14362.29569971892,28724.59139943784,-3.0847283906085408,-0.6695475324497847,0.05465526517970272,157862.98464916088,6492,1899,368,4860,3055,844
3089,14616.015141262415,14616.015141262415,29232.03028252483,-3.8195076593859776,-1.5233390615618647,0.05504844813931338,158750.37077354832,5455,2786,518,4525,3124,1110
3090,13665.757822555388,13665.757822555388,27331.515645110776,-2.5030282206765286,-1.2377959254243018,0.054468046954643,157567.09584764324,3113,4853,793,6205,1622,932
3091,13671.796493039255,13671.796493039255,27343.59298607851,-2.1461982721169233,-0.6602787271880325,0.055108716995901,159431.68704842878,4133,3948,678,3610,4680,469
3092,10965.259270908095,10965.259270908095,21930.51854181619,-3.606421897761436,-1.99360006520598,0.05462815893239082,157623.2712153013,3966,3532,1261,4993,2920,846
3093,10810.513690933545,10810.513690933545,21621.02738186709,-3.939189141622386,-1.4806725020545375,0.054696976778703534,159030.80150485266,5062,2692,1005,3813,3633,1313
3094,10223.919298431603,10223.919298431603,20447.838596863206,-2.9544867719527526,-1.786624478113021,0.05524169310404867,164366.1860083853,4813,3287,659,3327,3364,2068
3095,13642.131330026958,13642.131330026958,27284.262660053915,-2.5803907381834454,-0.8081274425478197,0.05512291575138538,159586.5132809664,3418,4915,426,4376,3654,729
3096,15222.365073877412,15222.365073877412,30444.730147754824,-1.9461476529592971,-1.049103407510241,0.05454878526241114,156411.98395327938,3254,4923,582,6992,1134,633
3097,12700.305976692984,12700.305976692984,25400.611953385967,-2.9350776019892493,-1.3193388693163932,0.05508222016253882,158483.36540934432,5870,2365,524,3833,3521,1405
3098,12349.452316591132,12349.452316591132,24698.904633182265,-2.89124027016285,-1.066042168333752,0.05488739000924319,159931.2772177476,2644,5045,1070,4081,4013,665
3099,12445.205956942595,12445.205956942595,24890.41191388519,-3.087994205605373,-1.0841315444000483,0.054738824340271844,162317.06605077386,3879,4446,434,4403,2745,1611
3100,3235.1512124474793,3235.1512124474793,6470.302424894959,-4.221381996812061,-3.0369515340571214,0.05446938897080419,160630.24440291827,4288,3800,671,5002,1522,2235
3101,17625.800156443212,17625.800156443212,35251.600312886425,-3.191315574716766,-0.9863036418564776,0.05492151373139722,158486.0178417828,2561,5367,831,4146,3999,614
3102,16517.33100629959,16517.33100629959,33034.66201259918,-1.4358274321446622,-0.39778777055240905,0.054633134854901864,158225.98043467238,4019,3532,1208,4675,3327,757
3103,14552.38567843274,14552.38567843274,29104.77135686548,-2.750481484224496,-0.9043572488876035,0.05477733073577661,158391.4012294636,5830,2245,684,5620,1989,1150
3104,14439.721049033195,14439.721049033195,28879.44209806639,-3.160128212250931,-0.7762290144177095,0.05471322150752812,162348.32161688173,3500,4277,982,5282,1886,1591
3105,13713.366992076388,13713.366992076388,27426.733984152776,-3.344682296239784,-1.4145952736856207,0.055265350363175966,159852.36745318345,6167,1927,665,3405,4214,1140
3106,15168.07616399707,15168.07616399707,30336.15232799414,-2.8182492179547363,-0.6329387230312522,0.054791043868921196,159096.5408114088,3891,4245,623,3985,3767,1007
3107,8597.543606815723,8597.543606815723,17195.087213631447,-3.652723104146462,-1.423007888229151,0.05490658276684734,160001.49703689147,3965,4345,449,4122,2609,2028
3108,12474.984430518833,12474.984430518833,24949.968861037665,-2.3969250485896048,-0.5232969815502644,0.055317868311157606,161282.86748856693,3953,3859,947,2229,5201,1329
3109,10542.554392600676,10542.554392600676,21085.10878520135,-3.515786261029609,-1.1477116427161316,0.0548539728045669,160177.02124388784,2524,5154,1081,3676,3431,1652
3110,10529.199082713787,10529.199082713787,21058.398165427574,-3.201085619201169,-1.1578844757952804,0.05519368632270964,163244.55743148865,4951,3352,456,2787,4610,1362
3111,4225.481142085319,4225.481142085319,8450.962284170639,-4.173241708918259,-2.521672744007218,0.05490715860327316,166127.15383420067,4837,3282,640,2927,3222,2610
3112,12063.00599446749,12063.00599446749,24126.01198893498,-4.49456418816028,-1.608884887720533,0.0553870421717428,161291.17232246755,3626,4380,753,3783,3872,1104
3113,13976.955335215718,13976.955335215718,27953.910670431436,-3.5585299685944336,-0.8372446995311537,0.05554209377760589,161893.26956969925,4684,3517,558,2986,4103,1670
3114,14947.271440247123,14947.271440247123,29894.542880494246,-3.108327415678014,-1.3084250947867888,0.05518898603563858,160160.88349695175,5642,2680,437,3446,4229,1084
3115,14364.675201383294,14364.675201383294,28729.350402766588,-2.0885314562185253,-0.8559345406626478,0.05536167396352242,160728.38300820306,4886,3367,506,3625,4252,882
3116,6322.349052439364,6322.349052439364,12644.698104878727,-4.9323021947125785,-1.6065063142200051,0.05526886949351884,164021.44284101724,4848,3372,539,2909,3853,1997
3117,9270.867913605556,9270.867913605556,18541.735827211112,-3.962134036198302,-1.8629138880708596,0.05510475145642189,161254.5171200535,6175,2173,411,3333,3958,1468
3118,14888.127405127621,14888.127405127621,29776.254810255243,-2.9541413282580082,-0.8322881331646714,0.05530547908365838,159009.44921994957,4706,2927,1126,3220,5050,489
3119,11517.364744140052,11517.364744140052,23034.729488280103,-3.5314955902159233,-0.4918066651958812,0.05514508426155031,160861.1286230667,4208,3858,693,3739,4018,1002
3120,14397.650495392882,14397.650495392882,28795.300990785763,-1.6822575749681854,-0.26650353394821585,0.05524808984844148,159640.18284730217,3691,4229,839,4947,2779,1033
3121,13081.764106844761,13081.764106844761,26163.528213689522,-2.065898276434154,-0.7853611175572278,0.05462892891928449,159562.87483397123,2159,5584,1016,4530,3093,1136
3122,9718.36028301067,9718.36028301067,19436.72056602134,-3.8961713142235648,-0.8454824772967201,0.054870922156891745,161334.07613675884,1748,6473,538,3251,3986,1522
3123,16356.929950413942,16356.929950413942,32713.859900827883,-3.3557414923161075,-0.7068085443636034,0.05481441273812618,158269.79484510885,4240,4002,517,4504,3215,1040
3124,15854.804004737482,15854.804004737482,31709.608009474963,-2.979411699227904,0.4113456828961727,0.054838737085040626,159012.89705996183,2757,4808,1194,4399,3449,911
3125,9824.581515167856,9824.581515167856,19649.163030335712,-2.608801228695995,-0.8875110345043564,0.055049419220894694,160628.33224299742,5192,2821,746,3803,3851,1105
3126,10832.520792995967,10832.520792995967,21665.041585991934,-4.836104643069785,-1.4232958025792517,0.05513108901836355,161254.2022798831,5080,2298,1381,3927,3510,1322
3127,13543.475458180505,13543.475458180505,27086.95091636101,-4.174543914594068,-0.3953379690412643,0.05476487127944281,163401.52193493934,4741,3557,461,3829,2745,2185
3128,11370.710196446595,11370.710196446595,22741.42039289319,-3.1366731532973757,-0.9732126069384146,0.05462688510049483,157250.5123905725,4284,3319,1156,4759,2736,1264
3129,16453.036727619692,16453.036727619692,32906.073455239384,-2.7212893233260007,-0.9749534267073888,0.0545181938573138,157530.23314853894,2631,5586,542,4989,3179,591
3130,14138.82057943068,14138.82057943068,28277.64115886136,-2.915079572767481,-0.24559617146977863,0.05518293658372373,161017.36522009753,2226,6046,487,3673,4184,902
3131,11257.979952379483,11257.979952379483,22515.959904758965,-3.8070451501811347,-1.8761162024355065,0.05480078063887468,160037.48682812884,6122,1965,672,5028,2205,1526
3132,8642.19731674764,8642.19731674764,17284.39463349528,-5.244945071564699,-2.507183145364713,0.05459702402547847,157696.15302779758,6099,1992,668,5269,1696,1794
3133,10993.513610645052,10993.513610645052,21987.027221290104,-3.703950412880537,-2.3382532480919314,0.055384240938948795,166597.09984621673,2388,5884,487,1642,5215,1902
3134,12166.937308548819,12166.937308548819,24333.874617097637,-3.5338233595889674,-1.6941777127336353,0.054931807753718316,158508.2292382474,4656,3445,658,3324,4226,1209
3135,13605.226672889276,13605.226672889276,27210.45334577855,-4.3721798724517695,-1.25924506484932,0.05508027661678296,159465.07900573636,3537,4692,530,3691,4347,721
3136,9549.952636405795,9549.952636405795,19099.90527281159,-4.077740443080332,-2.30173215864571,0.05492172141882508,160350.49724084325,3931,4117,711,4443,2332,1984
3137,16860.356376061158,16860.356376061158,33720.712752122316,-2.816234774540452,-1.0413087610450409,0.05480937599764123,157672.67800967442,4420,3811,528,4408,3756,595
3138,10733.608813531164,10733.608813531164,21467.217627062328,-4.179066345507481,-1.9824331422664883,0.05466444674232274,162560.602919004,5170,2600,989,4659,1992,2108
3139,8811.106643671023,8811.106643671023,17622.213287342045,-3.7516243042603388,-2.228206778526839,0.05492480677998913,160830.46358178192,5334,2867,558,3771,3280,1708
3140,13263.403620813788,13263.403620813788,26526.807241627575,-4.531848082080617,-1.4220186908963726,0.05536387212894755,160461.38271015257,4130,3730,899,3776,3843,1140
3141,12163.077281901644,12163.077281901644,24326.154563803288,-4.246549149520545,-2.284123195430565,0.054763994023669806,158153.94029041548,2180,5380,1199,5924,1755,1080
3142,10005.381865325528,10005.381865325528,20010.763730651055,-3.738058515795015,-1.9024355560417059,0.05506173220756965,158395.16734840174,3539,4644,576,5065,2179,1515
3143,11728.213882281501,11728.213882281501,23456.427764563003,-2.8239135040555983,-2.176050378530606,0.054748450709295,157454.80408256507,5729,1936,1094,4357,3062,1340
3144,9542.80331222572,9542.80331222572,19085.60662445144,-5.205005174611216,-3.1050297124339696,0.05530050987061443,161938.1801037386,3255,4867,637,4073,3072,1614
3145,12268.879730964203,12268.879730964203,24537.759461928406,-4.177256972141601,-2.213776718818257,0.055234761542228124,164798.36599646142,4415,3549,795,3048,3815,1896
3146,12721.19715655611,12721.19715655611,25442.39431311222,-3.6552644526860654,-1.2799663977913927,0.05481934199144336,158624.6129388545,3431,4898,430,5089,2995,675
3147,10511.798326161717,10511.798326161717,21023.596652323435,-4.147515469686475,-1.8952120601204647,0.0548965660730883,159162.4590590027,4276,3744,739,4517,2660,1582
3148,12465.365892021142,12465.365892021142,24930.731784042284,-3.4570807179982985,-1.4175148368424204,0.05502946744396465,163757.3978643154,5332,2748,679,3013,4020,1726
3149,12294.644142128018,12294.644142128018,24589.288284256036,-3.2650740886515344,-1.3469147688659129,0.05488234324239153,159442.5996620898,3452,4254,1053,5259,2529,971
3150,13780.51407128759,13780.51407128759,27561.02814257518,-3.800599354491962,-1.4812873288724158,0.05514591465248263,162052.53236912668,2697,5396,666,2871,4994,894
3151,11571.987843690735,11571.987843690735,23143.97568738147,-4.371702995062359,-1.6919786273308224,0.05528047830456593,159605.60159628637,3987,4284,488,4140,3640,979
3152,11430.847471084453,11430.847471084453,22861.694942168906,-3.8435371396011218,-1.714088025827433,0.05502407605605841,159107.7011062621,5695,1728,1336,3818,3989,952
3153,15821.145652903555,15821.145652903555,31642.29130580711,-3.0260154702697117,-0.9819751023348943,0.05532419111073048,161175.34741782965,4094,4209,456,2866,4903,990
3154,10795.62467620251,10795.62467620251,21591.24935240502,-2.677542214766415,-1.1910848885297505,0.05489936409502562,164261.6537769274,1439,6136,1184,4736,2090,1933
3155,12864.779887538903,12864.779887538903,25729.559775077807,-3.5493347887278475,-1.605865953505457,0.055294816708312225,166388.33707625224,3578,4192,989,1942,4836,1981
3156,12031.058323833142,12031.058323833142,24062.116647666284,-3.7456013125068846,-1.8373330035608468,0.055155952510364425,160232.32934987193,2757,5397,605,4587,3157,1015
3157,18359.540081520256,18359.540081520256,36719.08016304051,-1.6709026827207332,0.7726507090445408,0.05486558089239988,156966.52363772722,4100,4022,637,6264,1957,538
3158,8561.937265990475,8561.937265990475,17123.87453198095,-3.6936785091077757,-1.6110931599005704,0.0554615759137637,163434.36430825846,4663,3079,1017,3098,4057,1604
3159,13635.813809383273,13635.813809383273,27271.627618766546,-3.0296902299403348,-1.0841086182452773,0.055085258793369944,160197.43808876706,4243,3652,864,2588,5235,936
3160,10770.507965014198,10770.507965014198,21541.015930028396,-4.249715931471972,-2.5485660759929485,0.05478339557664645,163718.59889183607,3500,4488,771,3406,3602,1751
3161,9006.172351356874,9006.172351356874,18012.344702713748,-4.157602141676706,-1.9353354548614767,0.054759804168896746,163095.4474213561,5845,2449,465,4181,2536,2042
3162,4450.7981292643235,4450.7981292643235,8901.596258528647,-4.90324963597418,-3.639858597917044,0.05496725483600271,162894.1952433605,4472,3675,612,2954,3407,2398
3163,15946.336096162158,15946.336096162158,31892.672192324317,-3.4266513791345443,-1.8152514436970317,0.05544953591435048,161123.65869350606,4633,3203,923,1406,6757,596
3164,13319.431839742114,13319.431839742114,26638.863679484228,-4.449355623671256,-2.1971291674390017,0.05526510593464846,159909.19177836433,5137,3190,432,4494,2757,1508
3165,7273.259988298064,7273.259988298064,14546.519976596128,-4.103725864968796,-2.523027174945956,0.05471502522255062,161673.16310416066,2139,5835,785,3608,3475,1676
3166,13616.404273632115,13616.404273632115,27232.80854726423,-3.907089884162175,-1.845321333414206,0.054767622905920584,158676.04707431694,2812,4861,1086,5042,2532,1185
3167,14297.266315372419,14297.266315372419,28594.532630744838,-3.1415189640192462,-1.2024382519435506,0.054732981751970146,156435.516853344,5959,2280,520,6663,1279,817
3168,14108.058352553307,14108.058352553307,28216.116705106615,-3.68930930484425,-0.8995078392810587,0.0547112230288729,156416.4006077763,5047,3056,656,6030,2077,652
3169,10813.504512662323,10813.504512662323,21627.009025324645,-4.969144656649959,-2.432410675235878,0.05490853876333594,158537.82714385385,5793,1639,1327,3864,3549,1346
3170,15198.840781610093,15198.840781610093,30397.681563220187,-3.368258303215609,-0.869350965728334,0.05532390462831898,160276.901217915,1046,6981,732,5365,2783,611
3171,11430.66208660393,11430.66208660393,22861.32417320786,-4.081028705983552,-2.1066577699320335,0.054775883374389926,158595.29242042056,1472,6132,1155,5875,1877,1007
3172,12952.91972072498,12952.91972072498,25905.83944144996,-3.9864139450497253,-1.2754943352880292,0.054938802488003084,163797.56465642125,1483,6786,490,3445,3648,1666
3173,1328.704639495778,1328.704639495778,2657.409278991556,-5.662645579756286,-3.662621125461606,0.05482028876241273,165003.3882111656,3678,4294,787,3477,2796,2486
3174,12249.657101002611,12249.657101002611,24499.314202005222,-3.829156952615616,-1.748818194746931,0.055143480787666115,161105.8576127609,4525,3575,659,3162,4196,1401
3175,10909.802361902019,10909.802361902019,21819.604723804037,-3.1176570440039937,-2.3915897402359443,0.054930167900829774,161700.53856064516,2667,5389,703,3738,3387,1634
3176,13713.361638495873,13713.361638495873,27426.723276991746,-2.8053940282002485,-1.847129501517686,0.054974154031888676,163098.6793840538,2043,5814,902,4634,2585,1540
3177,12332.901195972174,12332.901195972174,24665.802391944348,-3.9530433561180778,-2.243341718947397,0.05512564026695393,160705.9785689282,3301,4939,519,3710,3519,1530
3178,16171.139101047911,16171.139101047911,32342.278202095822,-2.9578779533898842,-1.3630544916156293,0.054907234430284564,157459.07724173245,4393,3761,605,6008,1965,786
3179,14464.971293361576,14464.971293361576,28929.94258672315,-3.1950633927835153,-1.2101397562407943,0.05523277964546554,163603.86344601048,4610,3263,886,2809,4560,1390
3180,10772.01119947256,10772.01119947256,21544.02239894512,-3.7434675410167357,-1.7008800715169832,0.05520668533452783,162741.51193555407,3909,4060,790,3058,4494,1207
3181,10109.084167466483,10109.084167466483,20218.168334932965,-4.660260129727751,-2.136691731156122,0.05494893533217498,159843.74209888733,4734,3116,909,4574,2887,1298
3182,14097.722488548457,14097.722488548457,28195.444977096915,-2.6834829665034157,-0.8903124200071766,0.05443843097587582,157049.07157765553,3281,4780,698,6012,1590,1157
3183,10493.906447086303,10493.906447086303,20987.812894172606,-4.102259381207976,-1.981587730998446,0.055122194511672995,159345.0307608208,3785,4328,646,4238,3202,1319
3184,15006.320558608662,15006.320558608662,30012.641117217325,-4.3342949400670365,-1.6758043990447704,0.05492903744838186,158344.870720703,6708,1392,659,4398,3281,1080
3185,7969.6925640058025,7969.6925640058025,15939.385128011605,-5.096296991231165,-3.1967965482874536,0.05472632742849814,163668.31838274698,3451,4634,674,4688,2288,1783
3186,9978.186758346723,9978.186758346723,19956.373516693446,-4.515805671226775,-2.6153216703052538,0.05499091800264866,162678.05489500705,3959,4413,387,3302,3902,1555
3187,12926.255754639076,12926.255754639076,25852.511509278153,-3.3734181679197714,-1.8776707256253953,0.05527354942082718,164714.5952366277,2799,5401,559,3956,3306,1497
3188,12131.242993548212,12131.242993548212,24262.485987096425,-3.4698987728767188,-2.1146372030708367,0.05497658139400636,160157.86010444182,4262,3873,624,4228,3639,892
3189,15461.878757509201,15461.878757509201,30923.757515018402,-3.500202999192137,-1.6531783771253972,0.05535613920107503,160102.7893273724,4404,3506,849,3031,4944,784
3190,19164.02857023544,19164.02857023544,38328.05714047088,-2.3775473675011787,-0.19122725201604063,0.054838365390748905,158460.55734206896,3367,4968,424,3861,4288,610
3191,14872.660409224145,14872.660409224145,29745.32081844829,-1.6684446849216676,-0.6741638569119568,0.05507985914784726,159319.1592996968,3586,4491,682,4426,3792,541
3192,15527.814508488067,15527.814508488067,31055.629016976134,-2.6134720794641626,-0.6562104054891383,0.05468788782902322,161499.950508823,3507,4404,848,4202,3061,1496
3193,18114.719742861707,18114.719742861707,36229.439485723415,-1.8868510140850705,0.013620682136357127,0.05474831885992466,157545.45473072946,3475,4279,1005,4641,3607,511
3194,5460.75302240985,5460.75302240985,10921.5060448197,-4.559664028738611,-1.8179335736975661,0.05470082142612991,161292.01337801677,5153,2916,690,4366,1819,2574
3195,7548.595306233993,7548.595306233993,15097.190612467986,-3.6746401022877677,-1.2520032972054342,0.054655287091351,163214.2353409392,3589,4415,755,3288,3579,1892
3196,13491.875314425592,13491.875314425592,26983.750628851183,-3.621794826509911,-1.0319878309548056,0.054931773680375585,161987.28517132872,4762,3052,945,4114,2930,1715
3197,12249.66117643627,12249.66117643627,24499.32235287254,-4.445243486477733,-1.457375117596483,0.055436727770016965,163878.45540215643,4009,3862,888,4471,2639,1649
3198,18072.24461319577,18072.24461319577,36144.48922639154,-2.6764046796459295,-0.31764109248931066,0.05544820015868825,161264.69725682936,3066,5336,357,3477,4785,497
3199,15114.953982061199,15114.953982061199,30229.907964122398,-2.6594235047080486,-0.6670276499870225,0.05493519524346917,158786.15899291486,5428,2883,448,3867,4403,489
3200,12188.209172132809,12188.209172132809,24376.418344265618,-4.9490001972613324,-1.914868130543123,0.055363976455149615,162191.11646951054,3406,4730,623,2051,5355,1353
3201,17651.77979637607,17651.77979637607,35303.55959275214,-2.4690501082728002,-0.1953622323742962,0.05527236773769982,160269.75690509242,4110,4322,327,3993,4249,517
3202,10239.24354163777,10239.24354163777,20478.48708327554,-3.2185296270075767,-1.2748420530026154,0.05466730342399829,160677.83793476096,5070,2954,735,3416,3745,1598
3203,12133.151759757451,12133.151759757451,24266.303519514902,-4.013643719984328,-1.864672710699734,0.05459550866418655,158106.64445904002,5973,2213,573,6412,1043,1304
3204,11521.958034662563,11521.958034662563,23043.916069325125,-3.8484751207856958,-1.997544361023859,0.05457516153801642,159641.3465379685,3933,4091,735,5047,2358,1354
3205,17040.88712478236,17040.88712478236,34081.77424956472,-3.1873517914382425,-0.9207601000737996,0.0547000776484025,157725.37686595044,2012,5579,1168,5542,2616,601
3206,10821.93206861302,10821.93206861302,21643.86413722604,-3.9589035118943334,-1.6836598254436321,0.05490751940942497,159767.48237044833,4010,3444,1305,3799,3636,1324
3207,15919.70823973749,15919.70823973749,31839.41647947498,-3.4137159888461825,-1.0171816047876514,0.05480960589511869,158462.84551288723,3558,4827,374,6089,1641,1029
3208,13578.193221468619,13578.193221468619,27156.386442937237,-3.0668545026697527,-0.5681029539294803,0.05494572792355669,162673.83995359545,3997,4045,717,4925,2208,1626
3209,12476.000324993809,12476.000324993809,24952.000649987618,-4.042775108124486,-1.5992439725973928,0.05475094995226336,158185.97173270208,4627,3701,431,5234,2643,882
3210,15333.964006851164,15333.964006851164,30667.928013702327,-4.562369419195076,-0.747709652368312,0.054786064676284676,159900.3303201553,3073,5270,416,5043,2624,1092
3211,13164.970745242705,13164.970745242705,26329.94149048541,-4.071452954148448,-1.7139468377834244,0.05523862110079507,161153.1098726273,3074,4969,716,4616,3042,1101
3212,7325.442915107624,7325.442915107624,14650.885830215248,-5.339158115160389,-1.5183762955575442,0.05500599403797225,160822.59397918632,4173,4212,374,4932,2038,1789
3213,17595.525576014767,17595.525576014767,35191.05115202953,-2.700977655162316,-0.6871700157536993,0.0550617999636506,160930.95108496072,3063,5233,463,3969,4141,649
3214,13626.212357689095,13626.212357689095,27252.42471537819,-4.161107266821645,-1.5528653830990755,0.05485729492957006,163797.14926951425,2244,6042,473,4378,2513,1868
3215,14236.923531904495,14236.923531904495,28473.84706380899,-2.9797574501285635,-1.8624233363556477,0.05497467374999589,158965.74092050747,4252,3822,685,5310,2702,747
3216,14587.892275100881,14587.892275100881,29175.784550201763,-4.241510494353969,-0.866909228413492,0.05521435525299732,160885.48795537083,2160,5845,754,4304,3785,670
3217,14169.191722236275,14169.191722236275,28338.38344447255,-4.442350506816328,-1.8380030247503492,0.05488338334107202,158507.58690877885,3391,4609,759,5799,2289,671
3218,9922.61146263547,9922.61146263547,19845.22292527094,-4.983706910465377,-2.470024560277074,0.05523594273226294,165837.7156222012,2625,5370,764,2077,4089,2593
3219,14957.879627256996,14957.879627256996,29915.759254513992,-4.200862601834511,-1.3704254917923389,0.05546545941674439,161276.8740702306,2821,5373,565,3356,4634,769
3220,16767.372593627748,16767.372593627748,33534.745187255496,-3.276103157504214,-0.391240638710305,0.054709233390323846,157516.16255167537,3607,4547,605,5231,2882,646
3221,9725.271427019285,9725.271427019285,19450.54285403857,-3.763106840822057,-1.9560208885327406,0.054747743244420735,157403.74179822594,4891,2895,973,4257,3281,1221
3222,7510.421004901905,7510.421004901905,15020.84200980381,-4.335912963977063,-2.016323663064876,0.055129997840992935,161688.56624893754,2766,5547,446,4630,2753,1376
3223,16112.858229842472,16112.858229842472,32225.716459684943,-4.4969052994031795,-1.0147083903140919,0.05465912738472762,159249.1332822012,2372,6055,332,4186,3838,735
3224,14304.400659857689,14304.400659857689,28608.801319715378,-3.00795316400384,-1.6162596911641955,0.05520868388886982,161166.21273764112,3410,4974,375,3041,4811,907
3225,17764.643223285362,17764.643223285362,35529.286446570724,-3.3528439075920904,-0.004571115889994727,0.05555227653604995,160262.21313491146,5036,2947,776,3674,4533,552
3226,16110.30925825088,16110.30925825088,32220.61851650176,-2.4754439455845207,0.2792829153830998,0.05493059802416373,158024.96487678585,3652,4185,922,5981,2369,409
3227,14817.420287070625,14817.420287070625,29634.84057414125,-2.5139471692262276,-0.14130900187129722,0.05516829976193121,160646.12111377492,2433,5806,520,4855,3191,713
3228,16334.519974242465,16334.519974242465,32669.03994848493,-1.537714540193417,-0.05552443397575247,0.054594260695694626,157533.27533839602,3550,4588,621,4298,3535,926
3229,11698.316036528357,11698.316036528357,23396.632073056713,-3.1190291034133115,-0.6162121039413603,0.05475715043432995,157559.09604292203,4744,3204,811,4733,3195,831
3230,18361.119483347815,18361.119483347815,36722.23896669563,-1.5019272334944547,-0.012370099247470357,0.054562945745561926,157859.6991804725,2943,5293,523,5245,2880,634
3231,12447.087832927866,12447.087832927866,24894.17566585573,-4.261507583654648,-1.1836117659347511,0.054708767392343614,161606.22509423862,5618,2764,377,4431,2482,1846
3232,15471.228073661128,15471.228073661128,30942.456147322257,-3.3110406848815557,-0.3259251472781487,0.05525162937982396,160275.09875994685,3312,4810,637,4554,3403,802
3233,13367.484778570999,13367.484778570999,26734.969557141998,-4.594323314668213,-0.8043457646922474,0.054685165867906234,156575.79410710765,5972,1493,1294,6340,1412,1007
3234,11835.889738957278,11835.889738957278,23671.779477914555,-3.836253284917829,-1.84000670860206,0.055279408459291114,160190.5962305187,5479,2313,967,2844,4444,1471
3235,13967.900475044678,13967.900475044678,27935.800950089357,-2.8344171655682855,-0.7726866940437529,0.0548683721583365,159855.82236671468,3374,3947,1438,3241,4278,1240
3236,12070.802771511791,12070.802771511791,24141.605543023583,-3.3768606229543554,-2.2677513681349764,0.05465019704618785,159108.61640396764,3059,4854,846,5129,2651,979
3237,975.1482116878364,975.1482116878364,1950.2964233756727,-5.055640452734284,-3.546755129346704,0.05465800606334672,165801.48491122646,3798,4298,663,3440,1426,3893
3238,14962.067382468142,14962.067382468142,29924.134764936283,-3.733851898783463,-1.474029604044037,0.05531469167772746,159187.19502147136,5513,2599,647,4357,3833,569
3239,15913.552001906057,15913.552001906057,31827.104003812114,-2.6636097065655764,-1.8668015236070068,0.05467583449779962,156105.45086964624,4647,3603,509,6392,1447,920
3240,13178.612172368632,13178.612172368632,26357.224344737264,-3.043922880563584,-2.216802034063148,0.05480802389769643,157551.82526787985,5673,2230,856,5023,3036,700
3241,12522.175417242926,12522.175417242926,25044.350834485853,-3.227529426590132,-1.6287509874991883,0.05457657864327678,161400.58861424404,3701,4331,727,4847,2240,1672
3242,15974.793631908678,15974.793631908678,31949.587263817357,-3.4142054131721067,-0.4570855689252232,0.05476511993656289,158215.69961421008,6053,2333,373,4009,3955,795
3243,16172.356154026504,16172.356154026504,32344.712308053007,-3.0053244365347282,-1.5769029882606231,0.05506875572473921,159407.16016619586,3793,3850,1116,3900,4311,548
3244,7695.967349990643,7695.967349990643,15391.934699981286,-3.257223657779741,-1.5298282916877166,0.0545874195404391,160307.78541104516,4675,3506,578,5039,1829,1891
3245,16306.340001966546,16306.340001966546,32612.680003933092,-2.6114861034959453,-0.7572099804854663,0.05496460364695098,158354.72626871316,4801,3590,368,4194,3783,782
3246,17711.730719041996,17711.730719041996,35423.46143808399,-2.431904326376856,-0.46049261233983746,0.05507292697824,158792.46511443218,4713,3263,783,3362,4758,639
3247,17905.64291834568,17905.64291834568,35811.28583669136,-2.410380426879904,-0.7271308835851806,0.05468861090158451,158979.75444600353,2107,5597,1055,4306,3494,959
3248,18190.018891640124,18190.018891640124,36380.03778328025,-1.1599105150865072,0.5527453069002466,0.05511755872388251,159939.5324665717,2066,5625,1068,5099,3022,638
3249,14482.910695050232,14482.910695050232,28965.821390100464,-2.6428454999662243,-0.5821020350389166,0.05510860275435426,163395.3169404904,4414,4008,337,4326,2833,1600
3250,17121.921750673868,17121.921750673868,34243.843501347736,-2.368531324175139,-0.26182053741785954,0.055059804766191954,158689.5227246646,2677,5091,991,6333,1983,443
3251,14642.254664130864,14642.254664130864,29284.509328261727,-4.029310414005042,-2.4973965199322916,0.055441938503988555,160345.10854828867,5990,1853,916,1849,6083,827
3252,15428.936163602308,15428.936163602308,30857.872327204615,-3.334724861005158,-0.8708361029726588,0.0553057090566747,159513.74544230572,5284,2481,994,3012,4697,1050
3253,12931.07475480157,12931.07475480157,25862.14950960314,-3.941892979636952,-1.6078611063565167,0.05487188258825487,158356.946790709,3578,4285,896,4624,3550,585
3254,16285.88512527294,16285.88512527294,32571.77025054588,-3.711807363459436,-1.189053054429165,0.054803068629190425,157644.36578746018,6193,1895,671,4513,3345,901
3255,7682.64896094764,7682.64896094764,15365.29792189528,-4.3738670067198955,-2.348217376259374,0.05486481501930444,161520.07267227414,4804,3467,488,4319,2660,1780
3256,10932.482836685378,10932.482836685378,21864.965673370756,-3.5947692885939855,-2.21205851953124,0.054691833117490284,159173.5176565049,4723,3227,809,4097,3699,963
3257,12555.042837150439,12555.042837150439,25110.085674300877,-4.548671922971985,-2.5158476540889008,0.05512213771552726,162058.97793657365,3316,4893,550,2678,4250,1831
3258,16144.606167014208,16144.606167014208,32289.212334028416,-3.6091674560499953,-1.347182246640279,0.0552838732908324,159566.94761750917,4092,3197,1470,2783,5253,723
3259,15059.421226860903,15059.421226860903,30118.842453721805,-2.822215925909979,-0.7718640166327552,0.05509368203723787,158784.05601866075,6189,1855,715,3834,4226,699
3260,13084.973981353804,13084.973981353804,26169.947962707607,-3.2671098969183303,-0.8527336641099525,0.05493920731650864,164208.63262622058,4426,3189,1144,3108,3824,1827
3261,14376.741358213181,14376.741358213181,28753.482716426362,-2.8756532699974326,-1.0849674612799451,0.05536687091175206,164884.83045223288,3428,4626,705,2887,4527,1345
3262,8095.460611025351,8095.460611025351,16190.921222050702,-4.562486173383494,-1.9308143734413932,0.054595503809898305,161992.77164872707,3311,4990,458,3023,4105,1631
3263,12864.11878694945,12864.11878694945,25728.2375738989,-5.056500238566229,-2.429127727932579,0.055396911798955305,161408.05183302908,4117,3763,879,3573,4347,839
3264,10620.710115703887,10620.710115703887,21241.420231407774,-4.541057748321074,-2.197668713832489,0.05555597044439572,163439.69544682774,3570,4292,897,1983,5412,1364
3265,17294.17583065993,17294.17583065993,34588.35166131986,-3.2555427624617246,-0.5624478900446547,0.054678414330553815,157454.463032189,3814,4477,468,6600,1605,554
3266,15037.324004206654,15037.324004206654,30074.648008413307,-3.4300647365536987,-0.35320225481196377,0.05481796987815198,160111.7525012144,1903,6277,579,3803,3813,1143
3267,14406.082103479226,14406.082103479226,28812.164206958452,-3.4257664823648026,-1.249626246529484,0.05488582245723731,158602.24167172352,4045,3789,925,3981,3535,1243
3268,16319.253330774829,16319.253330774829,32638.506661549658,-2.7055650300239225,-1.2797894838088695,0.05465899843675708,158094.89975688708,4497,3763,499,5274,2823,662
3269,12080.98047810639,12080.98047810639,24161.96095621278,-3.592602532391711,-0.6642321753458243,0.05466788095864771,158925.61085683727,3848,3867,1044,5433,1846,1480
3270,14592.43071777726,14592.43071777726,29184.86143555452,-3.7598373690462052,-0.8997977227733271,0.05514124951966136,160178.78459021664,4906,2745,1108,3492,4294,973
3271,8085.586640683151,8085.586640683151,16171.173281366302,-3.6394948540683085,-0.9263854804159254,0.05493332862442034,163259.2205943989,4813,3031,915,2416,4046,2297
3272,16562.61699349223,16562.61699349223,33125.23398698446,-3.674821289876048,-0.35424231374486786,0.05518209549960641,158641.86957875904,3542,4597,620,3810,4499,450
3273,8528.561083712882,8528.561083712882,17057.122167425765,-4.169684563408305,-1.435562666950581,0.054813710154944614,166018.20207386464,3180,4952,627,4539,1699,2521
3274,14483.97120891878,14483.97120891878,28967.94241783756,-3.5322007254038343,-0.6794263045058023,0.05508713996782464,158678.56429731948,4362,3637,760,4377,3529,853
3275,15157.49248133416,15157.49248133416,30314.98496266832,-2.6674324616013867,-1.1715768966890043,0.055071084872772104,160015.81639918569,3242,4822,695,3732,4459,568
3276,11726.245996370202,11726.245996370202,23452.491992740404,-4.266117659155981,-1.8954530684657498,0.0547908419964422,159677.72537593285,6333,1725,701,3708,3837,1214
3277,15292.21021508708,15292.21021508708,30584.42043017416,-3.3323538815311986,-1.4056619949139237,0.055130305378870335,159049.76969567913,5060,2633,1066,3697,4427,635
3278,14889.474121812915,14889.474121812915,29778.94824362583,-3.1121153457767368,-0.28879022808752747,0.05535260404092671,161198.68086502684,3269,4901,589,2431,5252,1076
3279,13913.181135139412,13913.181135139412,27826.362270278823,-3.730402770764728,-1.5185412313926967,0.05534761342344634,163170.38612066748,2676,5174,909,3915,3712,1132
3280,16514.051337971592,16514.051337971592,33028.102675943184,-3.166614488960789,-0.8704937746044196,0.05543084414094663,159798.08880489715,3909,4353,497,4300,3883,576
3281,8117.535404651986,8117.535404651986,16235.070809303972,-5.307648233895191,-2.721510059119094,0.05476857443587049,159099.80462758563,4513,3358,888,4639,2835,1285
3282,17615.63215251113,17615.63215251113,35231.26430502226,-3.9281229099753743,-0.7583898482259467,0.05547750210699361,161598.42262491627,4070,4246,443,2891,4982,886
3283,7385.923398584095,7385.923398584095,14771.84679716819,-5.166937082790591,-2.5742965271324922,0.05489683255087398,164874.9550438924,5733,2129,897,3122,3090,2547
3284,14578.629026676357,14578.629026676357,29157.258053352714,-3.9244176769988917,-2.161697652368492,0.05494011999495909,158591.38240672048,4510,3727,522,4859,3150,750
3285,12509.647325860982,12509.647325860982,25019.294651721964,-2.8455058234959223,-0.43884430824261483,0.055349375610110524,161554.481737165,2305,5623,831,3016,4666,1077
3286,16352.542073895214,16352.542073895214,32705.08414779043,-2.671168465306081,-1.3973041301117297,0.05463739107133007,158576.3417847935,2236,5976,547,4163,4002,594
3287,17970.877723539095,17970.877723539095,35941.75544707819,-2.5735140352895343,-0.33577510327288695,0.05460343549173227,155911.37559075587,5795,2565,399,6550,1571,638
3288,16332.137980515583,16332.137980515583,32664.275961031166,-2.633860793782827,-1.2948782287593938,0.05459178202456699,156185.27706305296,5264,2867,628,5125,3069,565
3289,14521.926277821647,14521.926277821647,29043.852555643294,-2.8604358463863644,-0.6710831671083972,0.054607173856012284,156495.5397360935,5548,2812,399,6298,1551,910
3290,14666.385797471889,14666.385797471889,29332.771594943777,-2.300499152172909,-1.2235293593701877,0.05543542310300579,162134.4667164159,4350,3717,692,3127,4282,1350
3291,12246.820026357722,12246.820026357722,24493.640052715444,-3.5572264819508472,-2.54299778812306,0.054637098371439353,161502.13259963086,2341,5963,455,4482,1999,2278
3292,7764.117090288533,7764.117090288533,15528.234180577067,-4.4776087254191745,-2.7306261252342177,0.055445524397886845,162734.52072394936,3981,4188,590,2369,4936,1454
3293,15579.578846744935,15579.578846744935,31159.15769348987,-4.2928782921084485,-1.3512888454831387,0.05449487803560846,156744.09196095268,4319,3667,773,6142,1543,1074
3294,18182.179108396722,18182.179108396722,36364.358216793444,-3.130600685682653,-0.38556651204685555,0.05467867489133438,158527.91708045165,1676,6520,563,5832,2008,919
3295,14709.504863910783,14709.504863910783,29419.009727821565,-5.043215117009414,-2.2883924315507036,0.055242884527161355,161222.35717471744,3180,5158,421,3175,4695,889
3296,14100.835687791297,14100.835687791297,28201.671375582595,-3.8482167473187783,-1.204945785309769,0.05489340440087597,161490.63313454494,3588,3946,1225,4047,3536,1176
3297,10218.6920621654,10218.6920621654,20437.3841243308,-4.67826671068687,-1.2786046513143519,0.05509597795651655,161136.77529453076,3969,3956,834,4333,3023,1403
3298,12817.825569099638,12817.825569099638,25635.651138199275,-3.0288091754551605,-0.7654396779082419,0.05511380563038038,158934.22771667904,5104,2526,1129,4005,3634,1120
3299,13525.592328484716,13525.592328484716,27051.18465696943,-4.134525284337155,-1.8735415554499104,0.05542621045410322,159742.9702585208,5488,2031,1240,3136,5035,588
3300,7945.2015421550905,7945.2015421550905,15890.403084310181,-5.122767153531355,-2.9959060004443305,0.05492190056853156,163387.37038299933,5004,2723,1032,4044,2066,2649
3301,10506.397953288002,10506.397953288002,21012.795906576004,-3.5808807423944957,-1.9422840957567562,0.05483161260038207,162398.45722028794,2225,5650,884,4637,2618,1504
3302,13865.650912787667,13865.650912787667,27731.301825575334,-3.8901747259221064,-1.9987597444644216,0.05458311415574503,162520.88865755402,3530,4633,596,4340,2819,1600
3303,12599.97873382814,12599.97873382814,25199.95746765628,-4.646058667110196,-2.4480022693067762,0.05482041159775163,162377.8586222208,2342,5932,485,4963,2216,1580
3304,13996.515332154773,13996.515332154773,27993.030664309546,-2.73486661237733,-1.0860673855467178,0.05486154706765505,158294.10054958292,3976,4433,350,4047,3911,801
3305,16061.19079454859,16061.19079454859,32122.38158909718,-2.783484235884616,-0.13148023961676464,0.0553109649691875,161024.88903092197,4475,3356,928,4183,3653,923
3306,13323.169941498092,13323.169941498092,26646.339882996184,-3.5378178362450554,-0.9011337534375092,0.05507560673693857,160245.0688141206,3098,4335,1326,3787,3835,1137
3307,18470.097554051077,18470.097554051077,36940.195108102154,-3.096686217669882,-1.3291249640107619,0.054690317411520056,158090.96829457668,2257,5571,931,6092,2333,334
3308,14800.363997582386,14800.363997582386,29600.727995164772,-3.7959003052985736,-0.4762851348262756,0.05517704362280991,158750.48959112237,4727,3621,411,4581,3467,711
3309,12554.365340135282,12554.365340135282,25108.730680270564,-6.643648877203259,-2.201544047968673,0.05529342214955927,162480.41983188674,1782,5755,1222,2280,5360,1119
3310,16705.50582660504,16705.50582660504,33411.01165321008,-4.2258283953002715,-1.2601876280651763,0.05527168981862065,160077.5058722659,3535,4329,895,3999,4200,560
3311,5495.321218493453,5495.321218493453,10990.642436986906,-6.347245412917315,-3.406209098906768,0.05492222393233204,164230.1972526004,5405,2892,462,3123,2966,2670
3312,16006.490711910928,16006.490711910928,32012.981423821857,-5.242090078990866,-1.7547328089081207,0.05479953241778161,157606.26622706582,5127,2933,699,5112,2472,1175
3313,11318.060278340405,11318.060278340405,22636.12055668081,-6.001334469866143,-2.1687723569488395,0.054760262791794544,160140.00377617302,3090,4377,1292,4703,2873,1183
3314,10356.095413134268,10356.095413134268,20712.190826268536,-5.494577226956081,-1.9158921513606182,0.05534499678360494,161073.6678528111,3581,4173,1005,3689,3586,1484
3315,8571.842617668286,8571.842617668286,17143.685235336572,-5.780091165028855,-2.0714644732137324,0.05489206633637099,158374.76954757542,3744,4438,577,5159,2262,1338
3316,12518.805598354773,12518.805598354773,25037.611196709546,-4.414497458079821,-1.8248370708359942,0.055177895672181475,160699.96204496484,3463,4613,683,3869,3417,1473
3317,17540.136958085946,17540.136958085946,35080.27391617189,-3.2142549917915555,-0.2597350862458672,0.055250662773996054,158904.35372840698,4336,3823,600,3992,4233,534
3318,15402.96764565673,15402.96764565673,30805.93529131346,-3.593675809075132,-1.1298056380095158,0.055204241858330685,159446.98784061967,4194,4041,524,3371,4165,1223
3319,14363.729824070866,14363.729824070866,28727.459648141732,-4.265503915186348,-1.933670036218771,0.055063713117211324,161274.8067110567,2114,5740,905,2933,4667,1159
3320,16929.42163598632,16929.42163598632,33858.84327197264,-3.900731039036753,-1.5171168138368392,0.054949141264643286,157833.58278140906,4101,4028,630,5502,2653,604
3321,13518.84246573463,13518.84246573463,27037.68493146926,-4.365532480666616,-1.652834023811303,0.054720023837133605,158895.01095180056,4401,3128,1230,4181,3486,1092
3322,17056.309802349846,17056.309802349846,34112.61960469969,-3.534586874928335,-0.7887248183279243,0.05474554169501892,158462.05365243662,1795,5996,968,6096,1942,721
3323,16650.60990322325,16650.60990322325,33301.2198064465,-2.9772479926005655,-0.8354541223569157,0.05476099643032444,157671.3348038585,4258,4111,390,5879,2312,568
3324,14426.59782800148,14426.59782800148,28853.19565600296,-4.135847887071856,-1.7238329038153302,0.05479616148788883,159998.95659554141,2950,5347,462,3432,4476,851
3325,12470.8490208382,12470.8490208382,24941.6980416764,-3.29112479510085,-1.6106440358215062,0.05459659051795783,159215.63383887717,5243,2420,1096,4854,2463,1442
3326,14126.711708075873,14126.711708075873,28253.423416151745,-4.2456513177308315,-1.6786229789058433,0.0552320071283593,160524.01797586185,3772,4430,557,2877,4551,1331
3327,10305.25787875695,10305.25787875695,20610.5157575139,-3.4916606305383726,-2.24699418339971,0.055270485358807714,166901.5939693345,2653,5000,1106,2476,4213,2070
3328,15360.229975726097,15360.229975726097,30720.459951452194,-3.3248882137879017,-2.059653515208017,0.05541540592073752,161165.85182491396,3300,4907,552,3115,5093,551
3329,15091.782367708513,15091.782367708513,30183.564735417025,-2.866295529318976,-0.6929035900495117,0.05491895212517868,159537.0734230748,3134,4339,1286,3305,4882,572
3330,14632.923510208084,14632.923510208084,29265.847020416168,-4.512771052246697,-2.160429062038644,0.055366951948396956,161214.82465020305,3375,4855,529,3207,4561,991
3331,15644.359280857314,15644.359280857314,31288.718561714628,-2.268327201757642,-0.6215064246098418,0.054767291813708985,159912.6631852522,2198,5892,669,3915,4112,732
3332,15580.946967162407,15580.946967162407,31161.893934324813,-3.491754238888565,-0.8702216918046857,0.05488270038032749,158381.111175123,2571,5678,510,5773,2307,679
3333,17216.120208595792,17216.120208595792,34432.240417191584,-3.089224555088041,-1.2004907481002576,0.05545832805976655,159215.80567759357,6995,1060,704,3207,4916,636
3334,15166.023412978295,15166.023412978295,30332.04682595659,-3.6149093428495886,-1.3521107206530194,0.05517624477899419,159020.08577408828,6806,963,990,3254,4458,1047
3335,17914.013920526504,17914.013920526504,35828.02784105301,-2.3468019438322347,-0.5223205559003342,0.055190221777301034,160844.55703850405,2701,5658,400,3230,4916,613
3336,15539.889339179086,15539.889339179086,31079.778678358172,-3.2051889929076043,-1.0684637961876264,0.05546723868011973,161676.9256892168,6031,2346,382,4267,3480,1012
3337,14461.129331237516,14461.129331237516,28922.258662475033,-3.2648060538729,-1.0996909571823634,0.054907109787155205,158910.72091241417,4381,3719,659,3796,3577,1386
3338,14161.446074707275,14161.446074707275,28322.89214941455,-3.950415494615159,-0.26717977970002965,0.054481710032033066,157491.7789198203,3957,4111,691,6156,1564,1039
3339,16763.80920284901,16763.80920284901,33527.61840569802,-3.5163257278242948,-1.18079698353135,0.05494617403769007,156920.4550561298,6421,1958,380,5223,2756,780
3340,15890.229800771398,15890.229800771398,31780.459601542796,-3.333426083161885,-0.7351910623976985,0.05453409924043348,155701.30355122327,4306,3494,959,7140,964,655
3341,14335.57569733973,14335.57569733973,28671.15139467946,-3.5914799403711557,-1.01184712151182,0.055461399373220546,164616.27889562113,4514,3970,275,2293,4328,2138
3342,15865.232092794275,15865.232092794275,31730.46418558855,-3.4655122965511587,-1.7485268968678653,0.05498253600688444,159529.5690161738,5214,3119,426,4264,3179,1316
3343,12523.2708862959,12523.2708862959,25046.5417725918,-3.749824981760822,-1.5783459324673519,0.055292554331272635,164673.16678795862,4050,4337,372,4119,3036,1604
3344,13033.851931190446,13033.851931190446,26067.70386238089,-4.016885116806719,-1.3445644198778526,0.055159889866232215,162832.1009234152,7063,1325,371,2771,4447,1541
3345,16227.475392277087,16227.475392277087,32454.950784554174,-4.192283764000119,-1.5172243461060202,0.054957724643187954,160324.17097120688,3594,4557,608,3696,3877,1186
3346,14209.27568537177,14209.27568537177,28418.55137074354,-2.994588919293992,-1.3023906291465626,0.05520528511494541,161329.96776322517,3706,4117,936,3907,3989,863
3347,17742.241632573387,17742.241632573387,35484.48326514677,-3.027336737881389,-0.9090310442685176,0.05464108949559771,156654.32596341384,5501,2565,693,5789,2531,439
3348,9248.211772547873,9248.211772547873,18496.423545095746,-4.537840313932158,-2.1750355888693833,0.055070815998146935,165351.4511082307,5465,2897,397,2884,3149,2726
3349,14042.388110087211,14042.388110087211,28084.776220174423,-3.4606413670468736,-1.6272108047866998,0.055061868897681124,159569.10750005717,5342,2510,907,3608,3910,1241
3350,15270.513305209299,15270.513305209299,30541.026610418598,-3.26270200462811,-1.6814837820898216,0.05513845809482295,160125.30082521995,3223,4958,578,3942,4193,624
3351,5910.303570287698,5910.303570287698,11820.607140575396,-5.230968518954127,-3.64134663744718,0.05466538468751751,164454.92050388287,5018,2397,1344,2586,3749,2424
3352,12898.689657349252,12898.689657349252,25797.379314698504,-4.387166739744911,-2.705992212617495,0.05513542593156591,161238.22865894952,1577,6364,818,2867,4522,1370
3353,13869.200639272229,13869.200639272229,27738.401278544457,-4.786207563039445,-2.608978642368991,0.05531984285086356,164654.222810318,4707,3639,413,3475,3507,1777
3354,14822.933582720774,14822.933582720774,29645.86716544155,-4.871310316844416,-2.8717222974341916,0.055054716579924105,161094.42412928486,3175,4696,888,3724,3874,1161
3355,15506.198201466193,15506.198201466193,31012.396402932387,-4.7825743053713365,-2.55130825501456,0.05492389960193829,163272.7041835253,2114,5652,993,5080,2050,1629
3356,18670.907515892246,18670.907515892246,37341.81503178449,-4.3692724956615505,-1.2923744888223008,0.05490829951243206,156939.19392925026,4724,3083,952,5420,2783,556
3357,14979.856903723894,14979.856903723894,29959.713807447788,-4.455418713349464,-2.1798711122829566,0.05461138785642923,162050.93605309053,4480,3508,771,4765,2225,1769
3358,19212.233588792285,19212.233588792285,38424.46717758457,-4.267971978413192,-2.01690486401415,0.05496905528441553,159262.14533798728,1619,6807,333,4405,3705,649
3359,12859.050983625679,12859.050983625679,25718.101967251358,-5.435453993218918,-3.512118383536635,0.054988692394890855,158839.1792779687,5305,3005,449,3397,4146,1216
3360,12782.694974134132,12782.694974134132,25565.389948268265,-5.658109391503429,-3.339455630933854,0.05544077195417851,161007.4757360119,5297,2637,825,2817,4581,1361
3361,16532.352953446927,16532.352953446927,33064.705906893854,-3.8944915243926075,-2.024771496409042,0.05522429295291335,159837.94456197295,3339,4765,655,4070,4136,553
3362,16351.710340465495,16351.710340465495,32703.42068093099,-4.149294829969469,-1.802510082160198,0.054720481976158565,159117.35732217124,873,6756,1130,4305,3695,759
3363,10886.733662546772,10886.733662546772,21773.467325093545,-5.083138929760756,-2.4515990826242726,0.05533851929724741,161673.45955349415,5324,2312,1123,1753,5903,1103
3364,13204.24122516751,13204.24122516751,26408.48245033502,-5.416393422889957,-3.6504527005300393,0.05533391282327546,161018.252589563,3794,4432,533,2865,4782,1112
3365,20466.33687626252,20466.33687626252,40932.67375252504,-3.7914160991769963,-0.8714134459226218,0.05526244011377637,160659.09376103044,3656,4711,392,3861,4502,396
3366,15172.49879136435,15172.49879136435,30344.9975827287,-5.29319254399055,-1.7383784777789122,0.05476572016651992,157229.8333137682,5285,2947,527,6007,2142,610
3367,17539.1475979951,17539.1475979951,35078.2951959902,-4.101355745630996,-1.8171728170488435,0.055225085572842676,159534.31218404873,4840,3001,918,2795,5423,541
3368,14994.429782861545,14994.429782861545,29988.85956572309,-4.90762383566926,-2.6795121349897384,0.055071332952802594,159750.23826338988,6331,1951,477,4127,3248,1384
3369,15559.453783592002,15559.453783592002,31118.907567184004,-3.465707650405078,-1.9411979953110192,0.05550423102001167,165145.4703240939,5998,2157,604,2367,4648,1744
3370,17199.29705820447,17199.29705820447,34398.59411640894,-3.7010191303313564,-2.0986994975595716,0.05515366546459217,159703.72651505526,3460,4142,1157,4589,3521,649
3371,16257.267275458307,16257.267275458307,32514.534550916615,-3.7805027967027867,-1.2812979829623026,0.054547586030571325,158028.88210252015,1353,6745,661,5675,2460,624
3372,17121.619174811345,17121.619174811345,34243.23834962269,-3.5156824409101386,-0.8426588612068779,0.05497222911535467,159637.98152142772,1738,5879,1142,3994,4221,544
3373,16737.2769785532,16737.2769785532,33474.5539571064,-3.4901781257306013,-1.3678239382795594,0.05465868517872748,162279.5853509338,4187,4042,530,4856,2267,1636
3374,16150.04498653168,16150.04498653168,32300.08997306336,-4.399133641767878,-1.0743980433881315,0.05505520388296684,160276.03216346478,3632,4050,1077,3991,3666,1102
3375,12565.154118999555,12565.154118999555,25130.30823799911,-4.755737195238565,-1.3133932299287432,0.05486387435901376,158626.54409057504,6435,1507,817,4501,2875,1383
3376,16667.39837238889,16667.39837238889,33334.79674477778,-4.833449115724983,-0.401257577018857,0.05550961623789106,161963.27359254487,2753,4843,1163,3897,4123,739
3377,12327.606535682648,12327.606535682648,24655.213071365295,-5.870660661105268,-1.7825782825717285,0.05513060379406815,160350.77912210225,3566,4824,369,3253,4310,1196
3378,16101.029754647478,16101.029754647478,32202.059509294955,-4.7886582057989004,-1.4137462953126947,0.054758959867166876,157034.8877510523,5298,2175,1286,4769,3299,691
3379,16594.185540843973,16594.185540843973,33188.37108168795,-3.1178333703992585,-0.6453077239520578,0.05500271369089127,161003.73185150267,6291,2010,458,4732,2782,1245
3380,16790.609834579805,16790.609834579805,33581.21966915961,-3.714244774920432,-0.17132011966291827,0.05525099368058217,158730.60940478984,2293,5893,573,6424,1815,520
3381,17191.949061223862,17191.949061223862,34383.898122447725,-4.0355041514470065,-0.48014704379708023,0.055125582263494316,159362.0639129079,5722,1945,1092,2830,5357,572
3382,17566.535329512662,17566.535329512662,35133.070659025325,-4.057779361833325,-1.3456254975630886,0.055382786978594785,160226.34124583568,4476,3886,397,2409,5772,578
3383,4097.7829975182985,4097.7829975182985,8195.565995036597,-4.941404366585927,-2.5204444090615317,0.05457908165363009,163289.20910722273,3293,5032,434,3935,2290,2534
3384,15809.580908014255,15809.580908014255,31619.16181602851,-4.0543911811931075,-1.6157292927478242,0.0554772788499878,159410.90521074124,3657,4270,832,3720,4043,996
3385,13040.13735074411,13040.13735074411,26080.27470148822,-4.936416858351547,-1.9205065721155619,0.055245167249384886,160923.2757068817,3611,3746,1402,3085,4675,999
3386,10136.880868730732,10136.880868730732,20273.761737461464,-4.425178300609965,-2.7503658485958797,0.05537365305202958,162563.8909774274,3153,4645,961,2229,4766,1764
3387,17396.990408374844,17396.990408374844,34793.98081674969,-3.8966127016978467,-1.971741952252087,0.05516046876273456,159284.1335900949,6556,1124,1079,3225,4905,629
3388,16031.655373246258,16031.655373246258,32063.310746492516,-3.5370909542476947,-1.642266853245108,0.05518549672274487,161115.46160333062,3101,5093,565,2672,5468,619
3389,12242.788014542162,12242.788014542162,24485.576029084325,-3.995773209252361,-1.8432795070848236,0.05499942370093109,158653.51097268783,5087,3171,501,5057,2809,893
3390,6643.593473463907,6643.593473463907,13287.186946927814,-4.306088880072286,-2.641261051472316,0.0546670448541821,161656.134148244,4589,3466,704,4962,1051,2746
3391,16711.31816289242,16711.31816289242,33422.63632578484,-3.997379228536738,-1.5251527736272268,0.05461908953045071,158284.87902921083,2702,4867,1190,4278,3363,1118
3392,7720.015725419074,7720.015725419074,15440.031450838149,-5.412339914890547,-2.5589285564624,0.05460271510121733,161579.15411281504,3197,4865,697,5164,1603,1992
3393,15468.31949268944,15468.31949268944,30936.63898537888,-3.718953110553363,-1.850281513377911,0.05480064675157061,157301.24471000448,5349,3073,337,4639,3626,494
3394,13832.809698996241,13832.809698996241,27665.619397992483,-3.943735108620629,-1.9159162964272514,0.05488542626027957,159870.38315722076,1940,5986,833,4650,2846,1263
3395,17645.80571713832,17645.80571713832,35291.61143427664,-3.9757530302667763,-1.4078429853138819,0.05489652711778453,157352.9060915155,6110,2211,438,4746,3424,589
3396,13232.814483142272,13232.814483142272,26465.628966284545,-4.955167990386532,-2.901745931900422,0.055450245394869216,166901.7723866355,3187,5150,422,1346,5216,2197
3397,19136.490260232786,19136.490260232786,38272.98052046557,-4.0381391821671135,-1.781174172000534,0.05478571482471128,157887.3572691153,3421,4943,395,6360,1516,883
3398,6159.844889500235,6159.844889500235,12319.68977900047,-6.107796018508445,-3.438688001005905,0.05474796840872528,161586.38773451728,5215,2945,599,3395,3271,2093
3399,15833.151423071444,15833.151423071444,31666.302846142888,-4.557496368102652,-2.2729522317397692,0.055135251381700175,159458.59083832556,4617,3724,418,3904,4058,797
3400,19093.826680246082,19093.826680246082,38187.653360492164,-3.231963136896677,-1.3288586732068797,0.055451846955928516,160540.27551089082,2421,5946,392,4760,3645,354
3401,14869.86419294425,14869.86419294425,29739.7283858885,-5.422202111827057,-1.320667515751933,0.055428813165745494,160643.8784237709,5321,2423,1015,2422,5026,1311
3402,14619.263452646075,14619.263452646075,29238.52690529215,-5.164606034557291,-1.5918242763373762,0.054702244627693436,157039.2264193333,4830,3050,879,4620,2961,1178
3403,13876.767508618048,13876.767508618048,27753.535017236096,-5.874837308433439,-3.161043753017515,0.054878346689057514,158452.55413226012,4896,3272,591,4831,2645,1283
3404,14056.71849933898,14056.71849933898,28113.43699867796,-5.78978175917936,-1.8398789814245655,0.05478860962506796,158942.71407119898,4581,3319,859,3530,3965,1264
3405,14124.438363490099,14124.438363490099,28248.876726980197,-5.825249089465165,-2.6781565250977897,0.05444855603215022,156437.06811121642,3903,4245,611,6749,932,1078
3406,15902.603290927742,15902.603290927742,31805.206581855484,-5.447812741125614,-2.5060234095548126,0.05525387477564857,160549.56428487602,4121,3396,1242,3553,4654,552
3407,10906.022769487545,10906.022769487545,21812.04553897509,-5.792070885612312,-3.07337962014533,0.05484458615711591,160141.74982489884,3941,3861,957,4052,2851,1856
3408,11258.823025649812,11258.823025649812,22517.646051299624,-5.615864735534518,-3.173630769901412,0.055354811902334676,160778.47588224686,6396,1794,569,2676,4749,1334
3409,14151.351734774664,14151.351734774664,28302.703469549328,-5.352356696624111,-2.14813320947087,0.05514269860204049,159462.60618505176,3772,4402,585,4086,3650,1023
3410,12539.56802711264,12539.56802711264,25079.13605422528,-5.963838736168775,-2.6732079198199963,0.05488146103418389,163929.31151487172,2131,5933,695,5027,1438,2294
3411,14464.822592146955,14464.822592146955,28929.64518429391,-5.702190585807484,-3.0022514008493646,0.054873676183490434,160229.61399357286,4178,4049,532,3767,3498,1494
3412,17805.747284026955,17805.747284026955,35611.49456805391,-4.226447190257477,-1.7178449106294902,0.055215764900306774,160528.0169995051,2333,5933,493,4120,4079,560
3413,12026.566840403018,12026.566840403018,24053.133680806037,-5.485142874158353,-2.9240785259194584,0.054833032586569866,158078.57378231167,6716,1379,664,3317,3936,1506
3414,12774.227725384502,12774.227725384502,25548.455450769005,-5.806156465102046,-3.0594381053077226,0.055279189483322354,159881.5814019762,4521,3774,464,4248,3285,1226
3415,12922.852880576,12922.852880576,25845.705761152,-5.3451374152751745,-2.8924683312247317,0.05518134408537849,161106.86025851258,3049,4960,750,3196,4809,754
3416,17981.1175092761,17981.1175092761,35962.2350185522,-4.608209436475682,-1.014299722452777,0.054885931922938634,157597.33771056074,3916,3757,1086,5012,3231,516
3417,10001.88580508607,10001.88580508607,20003.77161017214,-6.039085363495923,-2.0773603244463796,0.054655297947430716,161417.90352521397,5027,2644,1088,4764,1721,2274
3418,17224.315866501056,17224.315866501056,34448.63173300211,-4.240752708643173,-0.744430036810518,0.05485394936901767,158384.459326749,3502,4468,789,5104,3047,608
3419,12300.470913049192,12300.470913049192,24600.941826098384,-5.598960612770846,-1.644847579215846,0.05500401712613614,161730.34020521012,5223,2984,552,3546,3653,1560
3420,15972.034087062151,15972.034087062151,31944.068174124302,-4.074329030346945,-0.9630247202891788,0.05526276630991739,162587.42023256156,4814,3342,603,4020,3594,1145
3421,14546.848810157097,14546.848810157097,29093.697620314193,-5.16139813777216,-1.731580693711168,0.05526748399882004,161087.91413317478,2658,5499,602,3473,4052,1234
3422,18413.2351113204,18413.2351113204,36826.4702226408,-3.600511361729512,-0.47883752578126104,0.055058360261339215,158101.1046029411,4145,3884,730,5797,2421,541
3423,11928.244223247037,11928.244223247037,23856.488446494073,-5.131514747276958,-2.2264884314640825,0.055235336464799334,160100.36582234854,3633,3838,1288,2931,4728,1100
3424,16955.469527686495,16955.469527686495,33910.93905537299,-4.62108274929817,-1.1351292315384958,0.05462274134766767,155796.20717981385,4921,3424,414,5994,2217,548
3425,15245.710527473846,15245.710527473846,30491.421054947692,-4.068986353850721,-1.3683187287568104,0.0553113473366779,160368.43173127685,4564,3514,681,4150,4053,556
3426,15770.020668424553,15770.020668424553,31540.041336849106,-3.1582967387819254,-0.262879660874988,0.05536742932515936,160845.99396734784,2458,5941,360,3865,3930,964
3427,13375.90966731071,13375.90966731071,26751.81933462142,-3.4790908405129852,-1.6188938218140427,0.05481588814897955,157149.64117593426,5605,2480,674,5150,2347,1262
3428,16436.40423362536,16436.40423362536,32872.80846725072,-3.3779414459443307,-0.8756247730105471,0.054650093554384785,156096.8352146559,4729,2825,1205,6121,2149,489
3429,14194.487090706918,14194.487090706918,28388.974181413836,-6.127024102928261,-2.6029517816617194,0.054511428681647545,156480.4718818374,4619,3701,439,5490,2198,1071
3430,6558.689607364844,6558.689607364844,13117.379214729688,-5.947335779687803,-3.0307290879537874,0.055112635861568234,161800.35162487027,3542,4780,437,3842,2903,2014
3431,17851.854228473756,17851.854228473756,35703.70845694751,-4.232682395656978,-0.7991589924027717,0.05462785583228782,156084.27137081622,6130,1815,814,5586,2695,478
3432,20335.512278138307,20335.512278138307,40671.024556276614,-2.5912106984568557,-0.2966549803081134,0.05476735617825355,157479.67049012604,4661,3761,337,4499,3628,632
3433,16426.016671695008,16426.016671695008,32852.033343390016,-2.985627844917233,-1.6856100367859101,0.055504450638904704,161694.21383796918,3340,4442,977,4211,3855,693
3434,8429.587073780021,8429.587073780021,16859.174147560043,-5.227326262030473,-2.6763316582451906,0.054750750969838724,163891.048410931,3640,3926,1193,2239,4152,2368
3435,15940.751516203316,15940.751516203316,31881.503032406632,-4.274826763560215,-0.8101866831281351,0.05525968666868782,161074.07801683652,2665,5333,761,3195,4720,844
3436,16150.102597755429,16150.102597755429,32300.205195510858,-4.881143874337133,-1.874536532233659,0.05526647380381914,161822.4589567953,2473,4867,1419,2534,5380,845
3437,14793.566284536812,14793.566284536812,29587.132569073623,-5.271313036145351,-0.9808112523035236,0.05487009814840571,159662.76692535618,2394,5133,1232,4436,3164,1159
3438,12482.64917943837,12482.64917943837,24965.29835887674,-5.138919019580375,-1.493548866098428,0.055500292750715656,165793.25887089502,5327,2442,990,1830,4677,2252
3439,13243.183408696592,13243.183408696592,26486.366817393184,-6.011486143490943,-1.5133778822713368,0.05523998078982606,162974.5725359464,3185,5325,249,3071,3927,1761
3440,15176.568747434088,15176.568747434088,30353.137494868177,-4.593617820610272,-1.309165864041212,0.05538061267795592,160252.0538564982,5318,2900,541,2533,5021,1205
3441,19225.676400875684,19225.676400875684,38451.35280175137,-2.2709947814992892,-0.5264929540313777,0.054993856730509195,156873.87992875345,3542,4834,383,5489,2900,370
3442,8036.605871629109,8036.605871629109,16073.211743258218,-4.813793225958322,-2.8701997780024984,0.055011129764290824,162626.22343363942,3078,4844,837,3161,4102,1496
3443,3761.1475877746775,3761.1475877746775,7522.295175549355,-5.6277182136807316,-3.5089033627529336,0.05472527361888379,165199.6167761374,4470,3558,731,3679,2062,3018
3444,17477.984882043384,17477.984882043384,34955.96976408677,-3.9924801319553236,-1.5919743210932387,0.055447943013863014,160701.0501400037,4632,3422,705,4271,3414,1074
3445,16776.857537529173,16776.857537529173,33553.715075058346,-5.5615717846772235,-1.6584868441420888,0.05483868540745308,158485.45423553998,4853,2957,949,4974,2722,1063
3446,15662.56403806304,15662.56403806304,31325.12807612608,-4.257048343951264,-1.2192393443340868,0.054854333699132445,156536.15506392185,5814,2030,915,5707,2205,847
3447,15030.959402360519,15030.959402360519,30061.918804721037,-4.192112410149537,-2.0893103078801425,0.05546281293133524,166715.2218557757,3673,4435,651,2293,4408,2058
3448,18003.164331310567,18003.164331310567,36006.328662621134,-3.7779919572817793,-0.023923339622377346,0.054747863586969814,157280.85978269175,5185,3259,315,5958,2136,665
3449,17960.933880582546,17960.933880582546,35921.86776116509,-2.8799129531308627,-0.6926453489282817,0.05519508471275142,159581.187127638,3437,4127,1195,4117,4297,345
3450,20168.461652059916,20168.461652059916,40336.92330411983,-3.0043482426854626,-0.3881931021589756,0.05489403214685544,158215.6791006442,3041,5004,714,4591,3818,350
3451,15489.92614615635,15489.92614615635,30979.8522923127,-3.196805504070827,-1.844059514155284,0.054646230912781146,157319.33650782905,4342,3185,1232,4815,3167,777
3452,18772.80501598738,18772.80501598738,37545.61003197476,-2.8953962032490277,-0.5790132175139702,0.05466192866401439,158030.1784569362,2591,5736,432,5281,2997,481
3453,19253.868907112043,19253.868907112043,38507.737814224085,-3.6777371369659906,-0.3623757203785321,0.054834278270437624,158634.22988795675,3509,4319,931,4938,3331,490
3454,16397.144109946883,16397.144109946883,32794.288219893766,-3.739298733757994,-0.7827944574725004,0.05468912070166157,162250.41511544093,3722,3928,1109,5691,1303,1765
3455,18171.497276998107,18171.497276998107,36342.994553996214,-3.48985730857279,-0.5174486182631959,0.05470523277622513,157955.9159916631,2729,5408,622,5079,3073,607
3456,16616.572408586635,16616.572408586635,33233.14481717327,-4.445524964352771,-0.9204296582219186,0.054608923878639005,157957.34285194307,3454,4709,596,4418,3454,887
3457,9824.646095421313,9824.646095421313,19649.292190842625,-5.378150348041996,-2.724038329386603,0.05490318680836567,161402.25611587273,5023,3269,467,3743,3298,1718
3458,12065.662380983353,12065.662380983353,24131.324761966705,-4.664352454655021,-1.3634241246633525,0.055113994961803546,160334.72755965724,5356,2559,844,3872,3609,1278
3459,12829.084433737884,12829.084433737884,25658.168867475768,-5.344038190415274,-2.5552209519952624,0.055158445277771515,160239.91214506872,6022,1690,1047,2581,5230,948
3460,18950.708796222196,18950.708796222196,37901.41759244439,-2.9475037537750985,-0.0743561975277929,0.05456981911336023,155596.18423032528,4786,3197,776,6460,1778,521
3461,15761.42806264464,15761.42806264464,31522.85612528928,-4.1698842607618305,-0.7902893369245169,0.05533849692121005,159629.22765058302,5968,1704,1087,2888,4958,913
3462,12276.515588860757,12276.515588860757,24553.031177721514,-5.631705264180565,-2.0653516160881367,0.05475923194619446,159851.64609738367,2536,5200,1023,4478,2989,1292
3463,19299.495133955057,19299.495133955057,38598.990267910114,-3.9085164630049563,-1.3353724544045729,0.05486059283589863,157534.7846618837,5370,2934,455,5137,3024,598
3464,14697.827711990945,14697.827711990945,29395.65542398189,-3.3808570066279864,-0.9559071851498556,0.05532365167561147,160346.3006044465,4011,4009,739,4026,4268,465
3465,18213.715272099387,18213.715272099387,36427.430544198774,-2.2295917192096786,-0.5537158279582151,0.055138311232178834,158183.22498771586,6000,2314,445,4256,4055,448
3466,12834.06899937275,12834.06899937275,25668.1379987455,-4.540713031137371,-1.3157749282572833,0.05492153119336574,159049.78255596693,4578,3166,1015,3215,4612,932
3467,8895.010144551832,8895.010144551832,17790.020289103664,-5.48551867394025,-3.7850420317350655,0.055130282074048874,163262.4274318821,4825,3587,347,2949,3957,1853
3468,12538.093699435154,12538.093699435154,25076.18739887031,-4.655649447227707,-2.2846099026357165,0.055136910013740034,166552.67057925664,1999,6281,479,2938,3594,2227
3469,15395.793317515027,15395.793317515027,30791.586635030053,-4.8382360603551,-1.6234585218361814,0.05511209732488974,160201.7537257033,4490,3670,599,3294,4596,869
3470,12449.027709263826,12449.027709263826,24898.055418527652,-4.6115376389840605,-2.2459033233773424,0.0548901946968427,163203.18727741513,4475,3232,1052,3346,3706,1707
3471,11213.156698431438,11213.156698431438,22426.313396862875,-4.7205865102578315,-2.308448387761873,0.05529826192522234,160270.21794542912,6239,2069,451,3494,3168,2097
3472,16611.656781976217,16611.656781976217,33223.31356395243,-5.600683467610363,-0.9140623137089887,0.05474578042935994,158549.4957702791,2525,5532,702,4895,3132,732
3473,15519.637007850335,15519.637007850335,31039.27401570067,-5.366810153385266,-1.996470311677223,0.05526354227008425,160527.84994294884,2352,5402,1005,3928,4307,524
3474,8011.365630519846,8011.365630519846,16022.731261039691,-4.6218161439899825,-2.5005144868365927,0.05472081626877822,160523.00557357795,4315,3376,1068,3605,3505,1649
3475,19228.342410386827,19228.342410386827,38456.684820773655,-4.022844222839296,-1.2037043138583379,0.05459829412313262,157596.9448731017,3488,4414,857,5203,2974,582
3476,18084.58295836795,18084.58295836795,36169.1659167359,-4.0609111612513376,-1.65319488123736,0.05446058258038747,157516.0490782716,2409,5886,464,6190,1570,999
3477,16090.19461331878,16090.19461331878,32180.38922663756,-3.8744144280303057,-1.6104914282981955,0.05474834280670612,161661.3141166414,3806,4489,464,5857,1227,1675
3478,14933.630957845939,14933.630957845939,29867.261915691877,-6.065536542211039,-3.1806337826651143,0.055410597906120844,162471.89054627932,1900,5505,1354,1484,6377,898
3479,15283.751882937087,15283.751882937087,30567.503765874175,-5.789646825293293,-2.813568060552786,0.05477147297756716,158190.7811132662,4096,4006,657,3972,3004,1783
3480,17259.49565041055,17259.49565041055,34518.9913008211,-5.151396997012405,-1.5956316669532542,0.055404998759131734,160842.7936300108,4330,3883,546,2474,5366,919
3481,17996.765332351522,17996.765332351522,35993.530664703045,-3.9392805724810276,-1.7763600972065465,0.055546622236121036,160543.12377771537,6958,1498,303,1900,6360,499
3482,16218.671403732094,16218.671403732094,32437.34280746419,-4.174024497496125,-1.276759955006929,0.05499637873028857,157671.22759503534,4936,3578,245,5806,2472,481
3483,17701.782252658337,17701.782252658337,35403.56450531667,-3.676587907293014,-0.6988688587927474,0.055476922428250516,159082.88832761004,5737,2441,581,4332,3917,510
3484,19180.640720088613,19180.640720088613,38361.28144017723,-3.888719533760258,-0.9703732431395996,0.054805929394233496,157961.77513665988,2728,4772,1259,4394,3804,561
3485,18042.58448416385,18042.58448416385,36085.1689683277,-4.513003460888453,-1.1602121032620207,0.055352306100558905,159956.94096104265,4475,3891,393,4386,3802,571
3486,19796.21135522771,19796.21135522771,39592.42271045542,-3.693955740212229,0.1576155462631925,0.054619786083274446,156036.04399718292,4382,4103,274,7063,1269,427
3487,17378.615694055206,17378.615694055206,34757.23138811041,-3.4202145212897332,-0.9444631612125849,0.054650963389417793,157410.5275749228,3907,4306,546,5206,2618,935
3488,13246.139307037878,13246.139307037878,26492.278614075756,-4.620355074799332,-2.628772831343907,0.055402457173126037,160976.58580888796,5092,2494,1173,2442,5043,1274
3489,14908.777947377583,14908.777947377583,29817.555894755165,-4.927093736613688,-1.3243797306676233,0.0551870160937109,159654.98723061944,4502,3436,821,2898,4699,1162
3490,13107.701541829663,13107.701541829663,26215.403083659327,-4.852305420584182,-2.095675047681459,0.0550560551764106,158893.30588247412,6025,1971,763,3360,3987,1412
3491,16582.21700062617,16582.21700062617,33164.43400125234,-4.6069091961749296,-1.3009672468250097,0.055077318650832506,158304.18964055984,6748,1535,476,4005,4220,534
3492,13814.777719238433,13814.777719238433,27629.555438476866,-4.996298412846833,-1.9575050981746618,0.05480860154095981,159781.58351936482,3034,4710,1015,2686,4591,1482
3493,13772.209007122181,13772.209007122181,27544.418014244362,-4.62358392377893,-1.6471444583069368,0.05472500700151489,162879.2757376402,2547,5170,1042,5742,1117,1900
3494,17797.565124597677,17797.565124597677,35595.130249195354,-3.4076019827675057,-1.641270626025284,0.05509637579167122,159962.94848625464,3378,4879,502,4324,3843,592
3495,13489.719337313396,13489.719337313396,26979.438674626792,-5.017020579955405,-1.7969147368484968,0.054771960668020384,156930.65568126863,6047,1697,1015,5675,1916,1168
3496,17935.855222964106,17935.855222964106,35871.71044592821,-3.5306501497303997,-0.8630272749211572,0.05462303363845311,157771.2687086969,4433,3760,566,5044,2645,1070
3497,13016.678272448478,13016.678272448478,26033.356544896957,-4.722737970757743,-2.500360132953642,0.05544392220555525,161917.6388849269,4595,3713,451,3789,3928,1042
3498,16175.232166117512,16175.232166117512,32350.464332235024,-4.752753308409823,-1.7426187931582335,0.055489746580074065,162161.30654882907,4514,3772,473,1416,6552,791
3499,13824.321117683636,13824.321117683636,27648.64223536727,-4.841308933974001,-2.195075682528748,0.05517318046543367,160452.92924181832,4155,3953,651,4146,3378,1235
3500,13545.684639697238,13545.684639697238,27091.369279394476,-4.425049514774248,-1.9876598555850153,0.05464625380321393,157378.25227984923,5473,2555,731,4584,2618,1557
3501,18252.520610955653,18252.520610955653,36505.041221911306,-3.551131370134508,-1.9159778380298031,0.05512178046977807,159241.49540080279,5530,2863,366,3125,5033,601
3502,20008.157246067134,20008.157246067134,40016.31449213427,-2.165268810397659,-1.0285884327661845,0.05472530662317887,156339.7299630913,6600,1564,595,5730,2452,577
3503,13547.611931304968,13547.611931304968,27095.223862609935,-3.6364587932175017,-1.4577337803180428,0.05474186088806994,158749.60204438967,3919,4126,714,3435,4033,1291
3504,16845.77862327228,16845.77862327228,33691.55724654456,-3.9024719489625483,-1.5058222911789483,0.054698496695412914,158071.0606449293,1244,6628,887,5846,2266,647
3505,11889.597883072225,11889.597883072225,23779.19576614445,-5.168625137449035,-3.3064412521956505,0.05530055726024771,166136.27745113513,2933,4987,839,3095,3768,1896
3506,16436.854170504645,16436.854170504645,32873.70834100929,-4.9833640342027055,-1.8967794590746854,0.055458099869539854,160918.29962850182,3669,4241,849,3352,4708,699
3507,19424.270011616845,19424.270011616845,38848.54002323369,-4.275407316266819,-0.92057185238968,0.05536949263854795,161119.2560811944,2998,5391,370,2832,5561,366
3508,10518.736311481023,10518.736311481023,21037.472622962046,-5.450028996702563,-3.0872354942484863,0.05542886190180948,163301.42053473648,3209,4378,1172,2371,5032,1356
3509,19176.96827805257,19176.96827805257,38353.93655610514,-3.195248477293401,-1.3186045368168196,0.05470525995835595,155875.5440779414,5013,3202,544,6813,1376,570
3510,18300.16987027483,18300.16987027483,36600.33974054966,-3.2588401169574905,-1.12102972281129,0.05515204162734845,159668.02100668766,5444,2833,482,3154,5194,411
3511,18522.79613316777,18522.79613316777,37045.59226633554,-3.7039561111314274,-0.6643054081303793,0.0553981888114388,161343.7746381757,1586,6201,972,3287,4852,620
3512,15689.17065703641,15689.17065703641,31378.34131407282,-4.213109608016632,-2.004724798018019,0.05519531720901824,159026.88039614505,4036,4219,504,4770,2986,1003
3513,7174.848849300025,7174.848849300025,14349.69769860005,-5.415742595870301,-2.915014407454214,0.055057633015667,162011.5633642117,2766,5430,563,4044,2975,1740
3514,17262.791033118057,17262.791033118057,34525.582066236115,-3.9700689022992233,-0.898675093897889,0.05518509457981157,158582.8023608142,6356,1767,636,3509,4698,552
3515,17977.976892169456,17977.976892169456,35955.95378433891,-4.4652610077326,-1.4407580528068178,0.05508822126534585,159157.51182950576,5395,2768,596,3186,5144,429
3516,17761.75809761923,17761.75809761923,35523.51619523846,-4.320810476439448,-2.1795209461439047,0.055061716693805676,160917.97808151803,2806,5298,655,2847,5161,751
3517,17896.259736028805,17896.259736028805,35792.51947205761,-4.682129541554588,-1.1997743055547703,0.054818599541845515,158693.7665555294,4280,3575,904,3901,4361,497
3518,13957.30549279446,13957.30549279446,27914.61098558892,-4.3282102916190475,-2.114383446531688,0.055053809735692384,164757.69788074074,3684,4654,421,3704,3284,1771
3519,19423.09065242435,19423.09065242435,38846.1813048487,-4.082445750251579,-1.4351392575352022,0.05475202369142429,157974.8106806442,3265,4782,712,5808,2468,483
3520,20644.228586439916,20644.228586439916,41288.45717287983,-3.7631229569822215,-0.8956270263066904,0.054859085652103665,157334.44282023923,4680,3301,778,5137,3211,411
3521,17893.57291500898,17893.57291500898,35787.14583001796,-5.143347364736968,-0.9404695072705379,0.05476362498418648,157140.7625508757,2895,4985,879,6887,1429,443
3522,16245.910193520822,16245.910193520822,32491.820387041644,-4.609905432773416,-1.3991256985573781,0.05486831587373782,157494.1620517913,4780,3244,735,4596,2874,1289
3523,16649.48555145828,16649.48555145828,33298.97110291656,-3.359565411021657,-1.3196620904091414,0.054634801189570384,157922.44476079024,1928,6496,335,6380,1510,869
3524,15904.878528798321,15904.878528798321,31809.757057596642,-4.847657345169482,-2.3929084462975743,0.054655366935759765,158132.40940313716,2310,5557,892,4813,3315,631
3525,18174.18077280019,18174.18077280019,36348.36154560038,-3.333282517914136,-2.026576347803684,0.054742107973961396,156923.4245660787,4231,4093,435,5350,2872,537
3526,16488.422936395844,16488.422936395844,32976.84587279169,-4.4530817812962855,-2.0954020065983077,0.05507038389770728,159555.8341198312,4202,4129,428,3582,4319,858
3527,15236.32358969808,15236.32358969808,30472.64717939616,-4.930672357420741,-2.4732262564119583,0.05529936080564566,160967.7197567435,4666,3695,398,1829,5801,1129
3528,5767.939176097299,5767.939176097299,11535.878352194599,-7.144868479411916,-4.463136381588579,0.05496058800303515,161662.89130983368,6814,1390,555,1953,4501,2305
3529,13397.831354162936,13397.831354162936,26795.66270832587,-6.114953615606766,-3.8344164747734917,0.05517236768758013,165919.5712856394,2412,5226,1121,2883,4025,1851
3530,15869.555812442213,15869.555812442213,31739.111624884426,-4.70563188445365,-1.8672634416780105,0.05515252945028916,160138.2704273343,4950,2880,929,2367,5421,971
3531,13942.457273369911,13942.457273369911,27884.914546739823,-5.77381580413351,-2.707024155318183,0.05545375176149547,162571.17368456617,3602,4593,564,1876,5332,1551
3532,16799.98848405839,16799.98848405839,33599.97696811678,-4.1212539566530415,-1.848613545010287,0.05515668682063581,159276.62892957375,4492,3545,722,3932,4309,518
3533,14111.240440130647,14111.240440130647,28222.480880261293,-4.75858538979222,-1.8209421245505248,0.055336722906169915,161810.47630436014,2731,5405,623,1715,5641,1403
3534,12287.782486975202,12287.782486975202,24575.564973950404,-5.3675627204944165,-2.98110064844168,0.05460820961992912,157814.39117182198,5511,2725,523,5020,2282,1457
3535,17825.696693428636,17825.696693428636,35651.39338685727,-4.817478504632668,-2.1042162776415383,0.05529267905949054,159499.94264442998,5683,1774,1302,2025,6279,455
3536,15488.034103021546,15488.034103021546,30976.06820604309,-4.444208424716889,-2.131056175960143,0.055293061388025894,159800.33634027152,5543,2493,723,3131,4839,789
3537,14032.824380807979,14032.824380807979,28065.648761615957,-4.394677710813498,-2.3541063508375855,0.05471763902309905,158797.19317127668,2624,5216,919,3323,4105,1331
3538,18354.77013446738,18354.77013446738,36709.54026893476,-3.1918692132174864,-1.3033352964078253,0.054807235825503446,158513.95181552894,4096,4315,348,4750,3329,680
3539,19856.60225741396,19856.60225741396,39713.20451482792,-3.857072798780909,-0.9220244363961877,0.05481891014730252,158871.06835770217,2214,6107,438,3888,4397,474
3540,16864.51460786169,16864.51460786169,33729.02921572338,-4.009645425750782,-0.7489025482024138,0.05462472308589594,157171.35455431129,5820,2290,649,4633,3291,835
3541,13840.047588724912,13840.047588724912,27680.095177449824,-5.552231673099113,-1.7476079152547284,0.05501616096797404,159511.12094837232,5740,1925,1094,3316,3860,1583
3542,13078.7457601284,13078.7457601284,26157.4915202568,-3.8648799810916086,-1.4556131307239675,0.05537232257086973,167897.48197686474,3762,3843,1154,2290,4180,2289
3543,12587.101431841465,12587.101431841465,25174.20286368293,-4.7321385240773814,-2.5859676253582093,0.055365156416541966,160127.4270352695,4490,3747,522,3271,4689,799
3544,12891.089646698461,12891.089646698461,25782.179293396923,-5.5967213432693175,-2.662206309968541,0.05475284338762292,162672.9410474628,4996,3256,507,4278,2895,1586
3545,17761.228416358834,17761.228416358834,35522.45683271767,-4.742847102059598,-1.6051032378042782,0.054694170097189104,158098.59550894026,2748,5516,495,5158,3052,549
3546,11179.925134091369,11179.925134091369,22359.850268182738,-4.560556780444728,-2.1703797750945344,0.05468697881788407,160355.53032065314,4011,4155,593,4222,3056,1481
3547,18377.386576736164,18377.386576736164,36754.77315347233,-3.9667445050564285,-1.0099063855384969,0.055186222454294456,158911.15607399694,5335,2560,864,2660,5673,426
3548,15116.533967078607,15116.533967078607,30233.067934157214,-4.136147461787495,-2.3693731959932043,0.05542738082699857,160831.18234649563,4496,3548,715,2739,5029,991
3549,16365.878953734802,16365.878953734802,32731.757907469604,-5.009180953899079,-0.9823473512725561,0.05470106572775927,162495.24953594647,4700,3329,730,5511,1526,1722
3550,8387.939997723139,8387.939997723139,16775.879995446277,-6.614837315267466,-3.1604481100666106,0.054907126018639514,165761.90760866768,5735,2321,703,2752,3341,2666
3551,19658.59570264566,19658.59570264566,39317.19140529132,-4.3250954562678166,-0.7975764970014365,0.05555615711012801,162014.0163817531,2898,5521,340,2036,6318,405
3552,17603.066240153683,17603.066240153683,35206.132480307366,-4.672175293304622,-0.764861709573956,0.05501856601018675,157191.20443898562,6311,1816,632,4962,3195,602
3553,6481.235444263877,6481.235444263877,12962.470888527754,-5.293098778362059,-3.0683512565682314,0.05486938493934547,165624.5393397787,6743,1445,571,3308,2234,3217
3554,12601.766651538972,12601.766651538972,25203.533303077944,-4.4897566115769525,-1.7764047891160806,0.05480644055942117,160575.9572851272,4309,3673,777,4573,2709,1477
3555,19012.727156198285,19012.727156198285,38025.45431239657,-4.472540918953647,-1.3095314910229172,0.05472294065189183,157315.5759968973,6133,1933,693,5132,3031,596
3556,11977.59234130623,11977.59234130623,23955.18468261246,-5.338998367462945,-2.082864211260954,0.05510124309996535,163138.2108251139,5945,2375,439,3255,3864,1640
3557,9797.746214464922,9797.746214464922,19595.492428929843,-5.234745698602912,-2.746962994196524,0.05534834117676234,164916.5874858752,5927,2205,627,2769,3644,2346
3558,12283.497191555682,12283.497191555682,24566.994383111363,-5.744781233510325,-2.986563033658535,0.05458312474029157,159177.219111666,1841,5976,942,6173,1407,1179
3559,13367.512474905634,13367.512474905634,26735.024949811268,-4.045101525712978,-1.9980800211024317,0.054657917684195534,158813.24684510694,6138,2220,401,4977,2383,1399
3560,12141.854396346464,12141.854396346464,24283.708792692927,-5.621152120392592,-3.4759482343625736,0.05508863390535972,164533.86690780325,4993,3212,554,2979,3550,2230
3561,17771.96985323506,17771.96985323506,35543.93970647012,-5.127859646749924,-2.4192071884523827,0.055205689960686866,159250.93297772354,4255,3900,604,3790,4251,718
3562,16797.39510910378,16797.39510910378,33594.79021820756,-4.3946147514232035,-1.41005762921393,0.055185401440610106,159656.63107518083,1365,6268,1126,5268,2737,754
3563,18325.5465512926,18325.5465512926,36651.0931025852,-3.8857846818945387,-0.9354319602377816,0.05525015126617693,160489.49087379768,5331,2297,1131,2293,5796,670
3564,18354.474533002063,18354.474533002063,36708.94906600413,-3.5301476573204718,-1.5554562857156786,0.05481332503438146,157888.09217523076,2520,5668,571,4773,3421,565
3565,12336.187480661656,12336.187480661656,24672.374961323312,-4.563531061418574,-2.4131195648654806,0.05505223932071009,160442.21457440953,4164,3239,1356,4180,3454,1125
3566,17776.88406299535,17776.88406299535,35553.7681259907,-3.575820211839709,-0.9005094188912913,0.055139976792697526,158765.1322934686,3544,4433,782,3978,4312,469
3567,14734.933440551646,14734.933440551646,29469.86688110329,-4.412876801958093,-1.76868795869985,0.0546825216458944,158499.6588418578,3457,4008,1294,3952,4081,726
3568,19254.229336225246,19254.229336225246,38508.45867245049,-2.5236374173237124,-0.44192031047268643,0.05460259470415963,157032.5465674384,4990,3378,391,5600,2764,395
3569,16344.65989380851,16344.65989380851,32689.31978761702,-4.9983131072737494,-2.7619387394165518,0.05527556872509013,161804.0479361387,1366,6366,1027,2604,5420,735
3570,17933.84594059932,17933.84594059932,35867.69188119864,-3.1915041111613176,-2.034161937526629,0.05526760458573588,159985.30972519182,3129,4707,923,3808,4549,402
3571,17631.55693927642,17631.55693927642,35263.11387855284,-3.3543003175493764,-1.1220188296530575,0.054714491097937884,156273.71019062184,4143,3952,664,6136,2126,497
3572,14783.023516739933,14783.023516739933,29566.047033479867,-4.176842867024147,-1.9002746547658993,0.055255398062096756,162865.53649971093,5211,3092,456,4549,2815,1395
3573,13080.283127046492,13080.283127046492,26160.566254092984,-4.631563083350938,-2.8981269534063894,0.054591118552080424,161525.57217591803,6248,2120,391,5455,1430,1874
3574,17760.13695556954,17760.13695556954,35520.27391113908,-3.866443896915472,-1.9977182134419307,0.054531620531914696,156955.72526498878,5013,3096,650,5220,2990,549
3575,17264.37325155482,17264.37325155482,34528.74650310964,-3.3220408347621846,-2.336388425021769,0.05487426369066127,159270.0380371907,2646,5682,431,3049,5109,601
3576,18229.52814371312,18229.52814371312,36459.05628742624,-2.8300831394096,-1.264061479297763,0.05539163466910044,161862.63527110024,2973,4712,1074,2306,5821,632
3577,18324.948421208563,18324.948421208563,36649.896842417125,-2.522621645034789,-1.3526650531719564,0.055401339879057876,159857.043121607,3322,4515,922,3860,4439,460
3578,14281.836151510146,14281.836151510146,28563.672303020292,-3.7101177716772398,-1.2601606766277071,0.05480399179728634,157690.78704505778,5633,2625,501,3670,4023,1066
3579,16329.196155039932,16329.196155039932,32658.392310079864,-3.1980286903282815,-1.6863400747611812,0.05478421240983753,162379.0417313756,4931,3015,813,4919,2077,1763
3580,8289.512510324086,8289.512510324086,16579.025020648172,-5.761487809014257,-3.469612069240216,0.05486714395098567,159841.82202585955,5708,2731,320,3560,3150,2049
3581,18309.62959294527,18309.62959294527,36619.25918589054,-4.073581216704816,-1.8259216495330812,0.054755134146823176,158348.7317550707,2908,4765,1086,3986,4153,620
3582,7106.825563155528,7106.825563155528,14213.651126311055,-5.239688898163711,-3.3473800062747627,0.05488760541540789,163343.645185307,4066,4336,357,3693,2700,2366
3583,20618.062719640206,20618.062719640206,41236.12543928041,-3.259975187213685,-1.7946458657333342,0.05542287155991737,160856.4956919655,2750,5701,308,4005,4347,407
3584,16357.144977281901,16357.144977281901,32714.289954563803,-4.185150293251674,-2.570338217988815,0.05523837862380348,160532.76346931627,2334,6100,325,4391,3466,902
3585,17209.862125144286,17209.862125144286,34419.72425028857,-4.482221504445817,-2.1103783635808187,0.05482062508316003,158735.20898008975,3116,5108,535,4370,3600,789
3586,18528.46282956463,18528.46282956463,37056.92565912926,-3.444103778775663,-1.1042700777099312,0.054734468913654306,157996.52001954737,2401,6073,285,4903,3287,569
3587,19012.34173020029,19012.34173020029,38024.68346040058,-3.5478274686776308,-1.445084892590881,0.05458757776433559,157974.6225883693,2306,5465,988,5311,2974,474
3588,17628.263886350924,17628.263886350924,35256.52777270185,-3.4351455488046008,-1.5951644898097035,0.055387660002597636,159077.91035522064,5399,2747,613,4648,3511,600
3589,15244.283637745466,15244.283637745466,30488.567275490932,-3.9230122854296186,-2.714773767863882,0.055419183154504094,159700.96520607773,5718,1738,1303,4258,3417,1084
3590,16491.79204722147,16491.79204722147,32983.58409444294,-3.654582433215133,-2.245090252327541,0.05468975205693492,159427.96045637224,1473,6968,318,4624,2771,1364
3591,18153.212019194925,18153.212019194925,36306.42403838985,-4.311831128956504,-2.6723879690419508,0.05473170627405147,158783.7640859282,3029,5281,449,4191,3753,815
3592,10312.223371702377,10312.223371702377,20624.446743404755,-5.904356756479181,-4.141810975273618,0.05461292125117439,157886.4787655982,4150,4033,576,5816,1531,1412
3593,8140.219450695663,8140.219450695663,16280.438901391326,-5.310440193012563,-2.989520731517994,0.05460417952104848,161472.2549195939,4866,3514,379,4849,1601,2309
3594,16011.423986523143,16011.423986523143,32022.847973046286,-4.9912763262693485,-2.615467220911095,0.05449230452066134,162180.47815447956,2130,5937,692,4830,2232,1697
3595,16963.25196966108,16963.25196966108,33926.50393932216,-3.974777988400162,-2.089594232361078,0.05474429432380451,156107.96266998092,5040,3170,549,6225,1949,585
3596,19736.41397790033,19736.41397790033,39472.82795580066,-3.0086379801359695,-1.204704475789466,0.05468937981845964,158463.78221252633,3345,5130,284,5258,2920,581
3597,20394.183886256713,20394.183886256713,40788.367772513426,-3.81133928494386,-0.7934966618336495,0.05454874334922618,155470.50759091062,4722,3770,267,5826,2393,540
3598,18623.68168234548,18623.68168234548,37247.36336469096,-3.4000289493117473,-0.5635597246740867,0.05504227217967665,159811.9126168965,1904,6376,479,4876,3375,508
3599,16837.05912388204,16837.05912388204,33674.11824776408,-3.7441593590547986,-1.8453641744617229,0.05528556585865647,158859.0877704945,3535,4907,317,4297,3780,682
3600,16656.73156015602,16656.73156015602,33313.46312031204,-4.839851685108531,-1.9549877562365798,0.05466841675974596,157026.10033517744,3341,4245,1173,5160,2881,718
3601,18137.054091691043,18137.054091691043,36274.108183382086,-4.11404866175803,-0.9139300035993801,0.055526790746127146,161818.80482172495,2580,5720,459,4171,3572,1016
3602,18388.432176036313,18388.432176036313,36776.864352072625,-3.637086925150839,-2.1432014070527967,0.05470171375871008,157989.50519335072,1356,6949,454,6210,1981,568
3603,13012.089400578328,13012.089400578328,26024.178801156657,-5.3763407022913485,-2.891460537667717,0.05465467895912244,156318.13111732586,6420,1733,606,5514,1908,1337
3604,18999.648904668837,18999.648904668837,37999.29780933767,-2.5839533873813867,-1.3703428471409314,0.05485186282777014,158327.3958806491,2449,5860,450,5703,2539,517
3605,15481.332369264923,15481.332369264923,30962.664738529846,-4.797841508356557,-3.3423883670591903,0.0551839023758413,160014.94974689276,4476,3651,632,2460,5383,916
3606,16231.51902897419,16231.51902897419,32463.03805794838,-5.302085665251019,-3.1908717925901735,0.05483875050613309,157653.3015970372,3977,4206,576,6597,1296,866
3607,20378.619784477945,20378.619784477945,40757.23956895589,-4.571692057567109,-0.8880326942533945,0.0549144814742438,158882.1970298935,1911,6055,793,4654,3623,482
3608,14435.556254597976,14435.556254597976,28871.11250919595,-5.674488008352607,-3.337555627606659,0.05542235649244479,161660.69567859836,1776,5831,1152,2525,5125,1109
3609,19329.172302848303,19329.172302848303,38658.344605696606,-5.050733559609401,-2.0340435132751713,0.055482717155302605,162187.355865787,3292,4662,805,2204,5886,669
3610,17234.075510250153,17234.075510250153,34468.15102050031,-4.294499929424548,-1.4245594907304213,0.05514081769219859,159918.24037594395,4505,4014,240,3646,4568,545
3611,8223.068163231343,8223.068163231343,16446.136326462685,-6.186030411650253,-4.087323636837056,0.054856672328518735,161209.148930149,4675,3170,914,3985,3000,1774
3612,18702.985850926714,18702.985850926714,37405.97170185343,-3.2178523521992664,-1.9962218189763423,0.05477644570972679,158444.56257490066,3600,4347,812,5152,3236,371
3613,18851.96799904631,18851.96799904631,37703.93599809262,-2.4645662078740087,-1.6752345455954563,0.055265263151976364,161229.65580138197,2359,5733,667,3817,4477,465
3614,13895.003659140233,13895.003659140233,27790.007318280466,-4.580371433158126,-3.6513883187539333,0.055336707039441255,166636.6269307476,1717,5875,1167,3630,3050,2079
3615,20251.481095125408,20251.481095125408,40502.962190250815,-3.136596493558359,-1.4592448773214728,0.05478677293092953,158320.35863386083,3947,4462,350,5133,3167,459
3616,17771.09004411842,17771.09004411842,35542.18008823684,-3.5806911762017575,-1.5395284870186547,0.05459502949832078,158488.73362712536,3371,4802,586,4094,4054,611
3617,19281.597557749195,19281.597557749195,38563.19511549839,-4.441914602624881,-1.2980968632100565,0.05531060021160169,159594.65559541105,3826,4220,713,3613,4612,534
3618,16597.03545467681,16597.03545467681,33194.07090935362,-3.705944164939281,-2.021696514764462,0.05487870367589517,159960.99417044147,1951,5819,989,3900,3533,1326
3619,13019.518043160462,13019.518043160462,26039.036086320924,-4.526917030230359,-3.1384205152583666,0.05526818774514948,164884.5757512452,5466,2197,1096,3198,3813,1748
3620,11078.971717935292,11078.971717935292,22157.943435870584,-6.6248520932334864,-3.532938371663622,0.05472484670000926,160947.52542676264,3212,5059,488,4453,2640,1666
3621,20492.922396978873,20492.922396978873,40985.844793957745,-4.391569465289333,-1.0931939699262103,0.05495797534840227,158858.50056509548,2795,5301,663,4497,3848,414
3622,19713.902938199233,19713.902938199233,39427.805876398466,-3.9011418098336765,-1.4222764956718483,0.05450589531726242,158119.00787663058,2044,5636,1079,5139,2817,803
3623,14567.258965003526,14567.258965003526,29134.517930007052,-5.0057674505228045,-3.1972029777094284,0.054896604300984544,158376.69932176228,4951,3249,559,5506,1888,1365
3624,13979.625934645339,13979.625934645339,27959.251869290678,-5.41743817658717,-2.597067425365333,0.05461877859661304,156867.0465016222,6082,1843,834,5274,1814,1671
3625,16331.679922328636,16331.679922328636,32663.359844657272,-5.476368472400966,-1.6626025182617,0.054946540441531654,158971.86023809394,4510,3651,598,4240,3313,1206
3626,13142.87638628369,13142.87638628369,26285.75277256738,-7.0351562330027875,-2.5709998819990423,0.055432794695858836,164903.99586020413,6115,2127,517,2457,4605,1697
3627,16869.068191884995,16869.068191884995,33738.13638376999,-4.8613174961789225,-1.8677303230200328,0.054591608564990325,157322.9051700159,4183,4174,402,6132,1395,1232
3628,17224.305432027853,17224.305432027853,34448.61086405571,-4.004368109688287,-1.8831808864010058,0.055243371282977904,158912.68211896787,4889,3419,451,4863,2861,1035
3629,17114.357712531288,17114.357712531288,34228.715425062575,-4.25985088481367,-1.2404519239004326,0.05487736055052806,157858.06633343885,3267,4276,1216,6539,1366,854
3630,16628.295700744235,16628.295700744235,33256.59140148847,-5.359843149300443,-2.1648244365264553,0.05469218284065716,157272.4235817161,4161,4281,317,5354,2707,698
3631,16629.1579347826,16629.1579347826,33258.3158695652,-4.5919428747344835,-1.8833612431012468,0.055345544250616226,160169.05781212242,5344,2617,798,2909,4618,1232
3632,19537.192764454274,19537.192764454274,39074.38552890855,-3.9318378336392743,-1.5425347396328604,0.05502468021675492,158160.8254033084,5004,2872,883,4167,4190,402
3633,15223.060234045372,15223.060234045372,30446.120468090743,-3.5319173859782382,-1.1758803781805591,0.05526780441112489,165146.8945305457,3446,4396,917,3856,3392,1511
3634,17469.20076108985,17469.20076108985,34938.4015221797,-4.698698753525565,-1.66871969980993,0.05479479366326759,156562.8317330055,6379,1897,483,5069,3119,571
3635,18684.614786977818,18684.614786977818,37369.229573955636,-4.553636998200699,-1.756886994350121,0.05540944877990146,161282.67880004778,2894,5239,626,3360,4576,823
3636,14713.037653823581,14713.037653823581,29426.075307647163,-3.54291299684706,-2.4052190552712647,0.054619968169755326,161037.05207798685,5959,2422,378,5977,993,1789
3637,19337.914691030943,19337.914691030943,38675.829382061886,-4.335120669178,-2.270275538850667,0.05527836773180747,161134.01512264227,1803,5705,1251,3652,4536,571
3638,15888.650818887827,15888.650818887827,31777.301637775654,-5.008647562493658,-2.0677190541562016,0.0553589443823286,159652.60508746104,5272,2289,1198,3883,4334,542
3639,18154.21714400022,18154.21714400022,36308.43428800044,-5.342249506133048,-2.476012686381614,0.054478393029572234,156737.46832960783,3594,4655,510,7241,936,582
3640,13192.408201042605,13192.408201042605,26384.81640208521,-3.813454756413272,-1.7102496310135429,0.0548064830466901,162575.66973196645,3143,4761,855,4363,2747,1649
3641,21063.685564917527,21063.685564917527,42127.37112983505,-3.5356381556320717,-0.8133876816165574,0.05487237105094587,157371.57262371932,2339,6106,314,6696,1549,514
3642,12924.240981913088,12924.240981913088,25848.481963826176,-4.302355456068792,-2.011675735434025,0.0549670387232962,163865.62206117593,5045,2634,1080,4032,2964,1763
3643,15157.969133269027,15157.969133269027,30315.938266538054,-4.316620475221554,-1.3633083094836398,0.055445751009704884,167426.46576369536,2865,5350,544,2046,4934,1779
3644,14108.447862517605,14108.447862517605,28216.89572503521,-5.160728423483067,-2.767336535727269,0.05546512269302045,163821.82848717037,3333,4507,919,1375,6376,1008
3645,17940.938868776677,17940.938868776677,35881.877737553354,-3.1529872397725827,-1.788179458819838,0.055372687190895394,160991.52876603138,2259,6140,360,2967,5158,634
3646,19292.89012398946,19292.89012398946,38585.78024797892,-4.408315721116947,-1.1616131509898184,0.05523747612128236,160174.58799745387,2481,5741,537,3557,4806,396
3647,9913.301639792364,9913.301639792364,19826.603279584728,-6.360572882154518,-2.424917909172056,0.055299324895205976,162540.3238085166,3313,5172,274,2573,4248,1938
3648,15302.493581158606,15302.493581158606,30604.98716231721,-4.869305495156339,-1.8950933712793796,0.05543811248437883,160740.7989415431,4898,2941,920,2700,4783,1276
3649,14685.556513475844,14685.556513475844,29371.113026951687,-5.76537834933353,-2.698560795037785,0.054846261646897744,158823.81828670704,3107,4220,1432,4955,2938,866
3650,5726.030505433803,5726.030505433803,11452.061010867606,-6.306531800412497,-3.645395752321782,0.05489542427494881,165296.58561229912,1892,5791,1076,3174,3016,2569
3651,13005.551143685941,13005.551143685941,26011.102287371883,-4.537542635165749,-2.439656026387606,0.054759256744603024,162466.9702571057,5180,3126,453,4607,1893,2259
3652,18726.804484284996,18726.804484284996,37453.60896856999,-3.7170743499502903,-2.436016667086047,0.05528707413222919,160609.36467109105,4101,4141,517,4051,3836,872
3653,15686.360330870895,15686.360330870895,31372.72066174179,-3.6685309108455386,-1.7876080515431763,0.05472827681556549,163137.65740659865,4502,3905,352,3746,3147,1866
3654,15652.963872863362,15652.963872863362,31305.927745726724,-4.8049833243496005,-2.080760121895039,0.0551035760370473,165265.72766977354,3701,4584,474,3403,3670,1686
3655,15842.52489476929,15842.52489476929,31685.04978953858,-5.091978115806897,-1.6568418770988136,0.05554485491188892,160073.44348163716,4961,3354,444,4118,3900,741
3656,17525.98547733256,17525.98547733256,35051.97095466512,-4.21077631709899,-1.5532322248667636,0.05480273979904483,158564.64370610495,4435,3578,746,5126,2841,792
3657,16612.984686902913,16612.984686902913,33225.96937380583,-5.5669592245794846,-1.7634978259753442,0.05542055550739609,160400.69013376543,3729,4183,847,3320,4778,661
3658,15851.370777720844,15851.370777720844,31702.741555441688,-4.788553672378195,-1.5436967184931742,0.05524584856016563,159578.5371227976,6284,1933,542,3699,4456,604
3659,18542.884571067385,18542.884571067385,37085.76914213477,-4.767194045072307,-1.3234319665718766,0.054734225586507666,157343.57771294643,4087,3601,1071,5700,2115,944
3660,16573.701733130456,16573.701733130456,33147.40346626091,-4.752263626459218,-1.7623815879492217,0.05514973914242189,159080.41744681646,5304,3037,418,3364,4254,1141
3661,13643.770489780907,13643.770489780907,27287.540979561814,-4.799855343538409,-2.2481194118773677,0.05471378841496205,156699.8017038434,4291,3274,1194,5245,2750,764
3662,16093.241651075623,16093.241651075623,32186.483302151246,-4.4548677118770135,-1.8589006913552393,0.05521515693928806,161569.1349894136,3959,4211,589,3369,4508,882
3663,12228.123510157122,12228.123510157122,24456.247020314244,-4.691542604546806,-3.2413991175317425,0.0554331858756142,162429.46334571185,3463,4545,751,3318,4322,1119
3664,15114.859313134863,15114.859313134863,30229.718626269725,-5.651189436717059,-3.174798808618327,0.054531528667321874,161913.88741756714,4257,4268,234,5741,814,2204
3665,19493.397975340467,19493.397975340467,38986.795950680935,-4.412921610105072,-1.858118285636893,0.05542787388847838,161004.51823352286,1815,6520,424,4176,4146,437
3666,20347.031364203416,20347.031364203416,40694.06272840683,-3.3813044852604044,-0.47823252119328596,0.05456108803154801,156962.76817426033,1879,6297,583,6603,1736,420
3667,20256.750900029816,20256.750900029816,40513.50180005963,-3.6283392807030745,-0.551313102821622,0.054763259607970946,159152.45844565955,2317,5697,745,4339,3571,849
3668,16034.287885630734,16034.287885630734,32068.57577126147,-4.951096492329565,-3.024681268395394,0.055373154007575996,162547.60923144288,3283,4866,610,1204,6186,1369
3669,17576.12930167218,17576.12930167218,35152.25860334436,-5.003200356711956,-1.5440475408377599,0.054974084945968484,158164.75901457173,5508,2529,722,3207,5131,421
3670,12019.955465555058,12019.955465555058,24039.910931110117,-6.2642876251587865,-2.3494597319587616,0.055048744461763194,159541.49368014504,6184,1797,778,2117,5155,1487
3671,19369.660058760168,19369.660058760168,38739.320117520336,-4.558325003442251,-0.49467513465441876,0.055230105108928236,159111.38165901756,4772,3467,520,3730,4618,411
3672,18966.683328582836,18966.683328582836,37933.36665716567,-4.013748446142049,-1.1135974122645447,0.054839036935437645,157771.99760410225,3682,4681,396,4938,2888,933
3673,16653.898115080283,16653.898115080283,33307.796230160566,-4.053976134258443,-0.943712730792398,0.05510353039421753,164244.36093517134,4584,3872,303,2327,4936,1496
3674,15778.675724296485,15778.675724296485,31557.35144859297,-4.563528932804519,-2.222834329364484,0.05511580664931493,165596.50462151595,1739,5792,1228,2914,4160,1685
3675,17424.51557249321,17424.51557249321,34849.03114498642,-4.233640057254705,-2.192398725919124,0.05518749093227413,159712.78639660816,5084,3120,555,3070,5044,645
3676,18980.340764139906,18980.340764139906,37960.68152827981,-4.188508630389852,-2.020172062465967,0.054970134059168646,157934.47047864983,4571,3665,523,4896,3364,499
3677,15663.171150210608,15663.171150210608,31326.342300421216,-5.777762566359044,-3.257264246434439,0.0551825619845007,158418.55110754626,5589,2412,758,4612,3500,647
3678,14872.481336386867,14872.481336386867,29744.962672773734,-5.946628615844716,-3.445517068884491,0.0546251088003166,157888.50370516925,3121,5098,540,5980,1596,1183
3679,15022.843776353648,15022.843776353648,30045.687552707295,-6.737593654723077,-2.862231663720933,0.054661496445242576,156085.63336124073,5107,3410,242,5743,1751,1265
3680,18193.671552525353,18193.671552525353,36387.343105050706,-4.854591569043944,-1.7659617192448829,0.05481178962030796,157780.3867277578,5621,2955,183,4609,3607,543
3681,18598.030842535132,18598.030842535132,37196.061685070265,-3.943765932452262,-0.8121249834674915,0.05472047755729671,161962.55975513096,4143,3952,664,5594,1514,1651
3682,17072.467715155104,17072.467715155104,34144.93543031021,-5.497110128524708,-1.9685739410593117,0.05520401340843918,159316.74396033896,6312,1532,915,2571,5457,731
3683,17105.437064386388,17105.437064386388,34210.874128772775,-4.2866387071657215,-1.8177012255200118,0.054854187691271004,158981.18615810698,1587,5897,1275,5291,2811,657
3684,19676.287635025805,19676.287635025805,39352.57527005161,-3.921150728119246,-1.048405713192793,0.055170324657054966,160125.44340574538,3277,5190,292,3862,4258,639
3685,19641.00232371252,19641.00232371252,39282.00464742504,-4.509402587088807,-1.819736961717359,0.05471957022052301,157952.44267559965,2701,5111,947,5306,3073,380
3686,19856.385383014447,19856.385383014447,39712.770766028894,-4.897345439493802,-1.6340066166371803,0.055415924207343314,161839.0662810737,4331,4053,375,3084,4688,987
3687,17113.681614022116,17113.681614022116,34227.36322804423,-4.21169785277165,-2.056394637697416,0.055229371681122075,166509.58062673232,2449,5284,1026,3104,3917,1738
3688,17342.697466979345,17342.697466979345,34685.39493395869,-4.854003486684076,-1.7808422101734813,0.05502116277118331,160219.13422617782,2155,5824,780,4272,3340,1147
3689,19420.54477323196,19420.54477323196,38841.08954646392,-5.09467732649912,-1.0773437063837414,0.05460776274027066,156857.74606964338,4055,4293,411,6711,1509,539
3690,17217.54707326111,17217.54707326111,34435.09414652222,-5.453016193061086,-1.9385212906109113,0.05523930292467254,160453.192705213,5034,2922,803,2714,5576,469
3691,13895.92663443523,13895.92663443523,27791.85326887046,-5.3146983380996575,-1.8217166815458525,0.05546971738789601,160441.05356155272,5272,3151,336,2452,5082,1225
3692,16238.191417846047,16238.191417846047,32476.382835692093,-4.200245809110029,-1.6218440048095766,0.05543048075858243,161499.03208966547,1442,6398,919,3363,4076,1320
3693,19970.62837470512,19970.62837470512,39941.25674941024,-3.9063507363494763,-1.311244971453821,0.055219460844691044,160363.73268500366,3851,3938,970,4032,4246,481
3694,16063.259991941837,16063.259991941837,32126.519983883674,-4.91168140119342,-1.515174658619391,0.05448983689191825,156246.05564805018,4929,3056,774,5200,2395,1164
3695,16783.242877239612,16783.242877239612,33566.485754479225,-6.235343448190974,-2.178108550903325,0.05535748326234255,160378.57988296633,3720,4372,667,2363,5741,655
3696,20698.499275374474,20698.499275374474,41396.99855074895,-3.1377109633277747,-1.0947332179814988,0.05453639362063303,156302.19397756405,3299,5203,257,7361,980,418
3697,16994.83537422925,16994.83537422925,33989.6707484585,-4.523030450805787,-2.3562992911486123,0.05518136319121798,159957.0360455356,4716,3631,412,3947,3694,1118
3698,13952.35888638417,13952.35888638417,27904.71777276834,-5.247408044025461,-3.295812273399579,0.05510013087004027,165956.6752830315,3162,5189,408,2524,4286,1949
3699,20251.561650788542,20251.561650788542,40503.123301577085,-4.167792275192869,-1.8801058844301617,0.05466149797478482,156662.40296100403,5315,2927,517,4213,3973,573
3700,16827.208257216895,16827.208257216895,33654.41651443379,-4.256105267127349,-2.441111926495942,0.055171433125732645,158012.18325954129,5795,2403,561,4022,4101,636
3701,15897.167979364267,15897.167979364267,31794.335958728534,-5.059793676554105,-3.2901727360887447,0.054736353114652296,163347.21649046228,3056,5072,631,5524,1501,1734
3702,7847.952562951617,7847.952562951617,15695.905125903235,-6.6788033743463595,-3.799091601877903,0.055402282403412134,160952.9701900441,5591,2079,1089,3460,3917,1382
3703,17370.662185336336,17370.662185336336,34741.32437067267,-5.875493494515278,-2.471335560057987,0.055048289374314156,157492.1364299163,3590,4320,849,5016,3171,572
3704,14020.656351682192,14020.656351682192,28041.312703364383,-6.755307600113038,-3.388285018341474,0.05520188484288753,165698.47426480203,3819,4281,659,3333,3651,1775
3705,17724.884569996826,17724.884569996826,35449.76913999365,-4.360781581190671,-1.9672897571441719,0.05496050965150036,156828.2446659933,7113,1019,627,5324,2961,474
3706,19137.08762825397,19137.08762825397,38274.17525650794,-2.95694155627266,-1.5769351055790506,0.05536162086771782,160575.63283192928,3824,3977,958,3981,4394,384
3707,16998.177367828386,16998.177367828386,33996.35473565677,-4.765657083441389,-2.0701615680690084,0.05470735167322056,158520.62090270358,3097,5159,503,4382,3085,1292
3708,15631.412864951644,15631.412864951644,31262.82572990329,-3.7451767483841065,-2.485397336720871,0.05513129567020556,162171.8561443376,5034,3419,306,2175,5345,1239
3709,15304.594857255632,15304.594857255632,30609.189714511263,-4.428799943713595,-2.5457157624949,0.05562777888597663,167683.73861539477,2736,5240,783,2546,4176,2037
3710,20723.698425016468,20723.698425016468,41447.396850032936,-3.5413836937240006,-1.9962993713642785,0.0553916962868708,160507.00294584816,3448,4703,608,4301,3994,464
3711,20166.14132534402,20166.14132534402,40332.28265068804,-4.8654909534743185,-1.0917431759508474,0.054496610347905844,155366.6365516029,4405,3769,585,6316,2041,402
3712,19566.22973485642,19566.22973485642,39132.45946971284,-4.154582211977359,-1.7695306366147838,0.05458178847290547,156128.40481588402,3214,4660,885,7406,800,553
3713,15131.063384843988,15131.063384843988,30262.126769687977,-4.60172438459388,-2.2504720296052216,0.05535843696213446,160208.95009627292,5301,2886,572,3173,5035,551
3714,12122.97667278244,12122.97667278244,24245.95334556488,-6.044427413682885,-3.045743683450323,0.05534657511085333,160961.9030857683,2082,6014,663,3552,3921,1286
3715,12912.292837338897,12912.292837338897,25824.585674677794,-6.114734851603114,-3.421322240401395,0.05522885824085723,161747.98263765342,5295,3047,417,2636,4953,1170
3716,15787.110505673283,15787.110505673283,31574.221011346566,-6.611081260464485,-2.995774398328628,0.05513752312020696,161278.31920335468,3141,5033,585,2815,5109,835
3717,19256.520223666408,19256.520223666408,38513.040447332816,-4.619827683649048,-2.069961722752484,0.054710570227993735,156171.53319790662,5900,2369,490,6368,1986,405
3718,22278.46889799071,22278.46889799071,44556.93779598142,-3.097936354342559,-0.8858399457726673,0.05495915589888752,157277.06680024238,5256,3034,469,4706,3853,200
3719,17958.723319112094,17958.723319112094,35917.44663822419,-5.813347617639385,-3.0594811699864612,0.055338769941421444,160461.84445447195,4636,3501,622,1398,6577,784
3720,17949.266917292018,17949.266917292018,35898.533834584036,-4.710229671935634,-2.4764310159618503,0.05521480863549047,160024.8580020655,5156,3144,459,3228,4546,985
3721,17192.66325452017,17192.66325452017,34385.32650904034,-4.434677908444147,-1.3619512535509122,0.05537368642657827,159899.7928269117,3883,4066,810,3835,4518,406
3722,18387.84181107938,18387.84181107938,36775.68362215876,-4.3652493011004045,-1.7783255101388027,0.05501555716085874,157671.01469705065,5060,3110,589,5025,3266,468
3723,18091.40315334334,18091.40315334334,36182.80630668668,-4.412537176209107,-2.2003292208940053,0.05521224400252275,161430.4739288241,2008,6264,487,3622,4583,554
3724,16927.74422633862,16927.74422633862,33855.48845267724,-5.228074017031673,-2.179830935400714,0.05504778385544445,159395.8280779939,4249,4131,379,3888,4333,538
3725,10682.810585128527,10682.810585128527,21365.621170257054,-7.468005230678492,-4.538940101764479,0.055301107158722954,161877.31892991558,2986,4850,923,3866,3547,1346
3726,18556.001432181514,18556.001432181514,37112.00286436303,-5.347129612107627,-2.5155315889255867,0.05517038968074246,160332.36463252318,2342,5318,1099,4672,3194,893
3727,19863.132717471934,19863.132717471934,39726.26543494387,-4.373439948574454,-1.253066006266398,0.05463551675799626,156543.24024894228,4407,3654,698,5284,3002,473
3728,20172.34914266134,20172.34914266134,40344.69828532268,-4.06774108620509,-1.6521411395637824,0.05469091105964956,157308.79367201394,3379,4755,625,6230,1968,561
3729,18773.989524427892,18773.989524427892,37547.979048855785,-4.292796226077176,-1.2904049115928553,0.05527756973654269,159388.67402468633,5813,2498,448,2618,5498,643
3730,21081.837985167494,21081.837985167494,42163.67597033499,-4.556126076881799,-1.1125301373320482,0.054626404625528084,157669.3358861024,2354,6180,225,5053,3272,434
3731,16452.160003514527,16452.160003514527,32904.320007029055,-5.55434649621861,-2.3708824172763974,0.05475006566780892,162726.1256425597,4068,4344,347,4949,2117,1693
3732,21849.858895560883,21849.858895560883,43699.717791121766,-3.6435420431801844,-0.6163828234813257,0.054918048621682286,158695.75007558442,3094,5123,542,4872,3555,332
3733,18040.315279219423,18040.315279219423,36080.63055843885,-4.536646128786904,-1.2889820500201767,0.0545863586396153,162049.70521266627,4998,3312,449,5137,1992,1630
3734,19420.264641014906,19420.264641014906,38840.52928202981,-4.495149647463973,-1.4619989877766941,0.05490010631572146,157704.03101321438,4602,3474,683,6128,2241,390
3735,17740.843796044363,17740.843796044363,35481.687592088725,-5.026006019395209,-1.8190579609928135,0.05534616626674564,160941.53706410402,3951,3930,878,3668,4146,945
3736,20721.773425175496,20721.773425175496,41443.54685035099,-4.757322415676184,-1.2260106837336353,0.05529645510770108,160672.111261311,2287,5974,498,4046,4274,439
3737,16149.503280047855,16149.503280047855,32299.00656009571,-3.73578085944597,-2.409231781418386,0.05482356590563517,156909.8238416765,5528,2928,303,5664,2046,1049
3738,17724.551931631588,17724.551931631588,35449.103863263175,-3.646047225260846,-2.1525655610280165,0.05518889166920663,159869.17623786323,3829,4471,459,4601,3591,567
3739,15459.898815402194,15459.898815402194,30919.797630804387,-4.170732103534899,-2.656029130907294,0.0546276400017162,161622.40909327447,6725,1151,883,5332,1610,1817
3740,17256.94499797893,17256.94499797893,34513.88999595786,-5.113813500682993,-1.544579737098915,0.05462578168969185,157803.13905328492,3659,3990,1110,4917,3194,648
3741,18740.25305501831,18740.25305501831,37480.50611003662,-5.360844096086049,-1.2415636055873758,0.05519935755736849,159281.16209963043,5236,2875,648,3335,4930,494
3742,18303.435489195435,18303.435489195435,36606.87097839087,-5.1115861464792385,-1.296061054493546,0.05507931006466081,159802.42816230748,4598,3277,884,4869,3138,752
3743,14551.302183683481,14551.302183683481,29102.604367366963,-5.283882399595345,-2.2372430595557877,0.05496333974732515,163345.42576238717,5549,2557,653,4154,2896,1709
3744,12899.385175688712,12899.385175688712,25798.770351377425,-6.269833437102218,-3.055591279288297,0.05466635849715803,159422.7051268841,4274,4233,252,4786,2586,1387
3745,13728.27889680232,13728.27889680232,27456.55779360464,-6.587290132789874,-3.1394614259739573,0.054687109455712084,163656.4519365761,3538,4624,597,4333,2552,1874
3746,19909.218127241114,19909.218127241114,39818.43625448223,-4.57574923161545,-0.9406629249073987,0.05465330782481486,156273.8144453878,5293,2513,953,4300,4182,277
3747,14580.055347283955,14580.055347283955,29160.11069456791,-5.487564926983243,-1.9685779005548463,0.055421489514471706,165921.18061550247,3453,4442,864,3730,3112,1917
3748,13055.055561481066,13055.055561481066,26110.11112296213,-4.818529721300547,-2.9930743606440986,0.054783121635153934,163062.29647675998,3071,5331,357,5352,1645,1762
3749,12743.331249255361,12743.331249255361,25486.662498510723,-5.739614318987029,-3.0419992101978286,0.055126790070211554,160698.0631419797,7122,1253,384,1908,5691,1160
3750,8425.593271693173,8425.593271693173,16851.186543386346,-8.203946613617328,-3.508950579466501,0.05555295474800141,163030.14520010492,4269,3528,962,3078,4076,1605
3751,14870.664631843883,14870.664631843883,29741.329263687767,-6.448520849086297,-2.7784354838783147,0.0552727905978272,161301.63464325786,3749,4400,610,2503,5043,1213
3752,19406.568977886967,19406.568977886967,38813.137955773935,-4.932664714373658,-1.2681216710455558,0.055333915153261186,159144.29150650985,3510,4503,746,4573,3812,374
3753,17737.930874219866,17737.930874219866,35475.86174843973,-5.32432203797236,-3.0172836681068547,0.05506882909437522,159715.35368441313,4505,2978,1276,2629,5509,621
3754,18016.373689201362,18016.373689201362,36032.747378402724,-4.804204232442288,-3.278524426156562,0.05500217260033321,157889.2733425807,6029,2335,395,5576,2701,482
3755,18769.117746406693,18769.117746406693,37538.23549281339,-4.986386829053448,-1.9084134284007177,0.0554295207514199,158944.0803291741,5545,2699,515,4323,4088,348
3756,20436.851740614653,20436.851740614653,40873.703481229306,-4.550242043643391,-2.0838752137001184,0.05536786911474641,160561.95417398436,4987,3306,466,3177,5128,454
3757,6590.330932159056,6590.330932159056,13180.661864318112,-5.776382388507117,-3.612995526567534,0.05472489608389467,163385.32055429503,3237,4986,536,1925,4625,2209
3758,18948.28192792201,18948.28192792201,37896.56385584402,-4.452288293338648,-2.973237033792777,0.05532300377462287,159117.94053463827,6072,2282,405,5079,3240,440
3759,14626.29347657836,14626.29347657836,29252.58695315672,-6.137698056523064,-3.2028787114522324,0.05479216038837144,158549.3058174789,2741,5404,614,5018,2271,1470
3760,18950.153848479258,18950.153848479258,37900.307696958516,-5.825974636673353,-2.1203591806347863,0.055232128782078525,160307.72209153828,1528,6644,587,4935,3382,442
3761,18023.030583698106,18023.030583698106,36046.06116739621,-5.082217353211011,-2.6383810797624756,0.05530194366617178,161677.8648430571,3722,4599,438,2696,5184,879
3762,20014.514656661842,20014.514656661842,40029.029313323685,-3.8007737342379655,-2.163997969276873,0.05456662407394292,155774.7075533239,5595,2811,353,4452,3936,371
3763,6940.853221892281,6940.853221892281,13881.706443784562,-7.416001293482862,-4.603348967236328,0.05475103935084583,160643.46264121664,6382,1900,477,5050,1947,1762
3764,16739.81067075448,16739.81067075448,33479.62134150896,-5.370541588644569,-2.7143707339570864,0.054531941302590196,155455.85010656624,5480,2928,351,6659,1423,677
3765,19457.67389357468,19457.67389357468,38915.34778714936,-4.1951835001355375,-3.047778483432758,0.05513550623996299,159791.3652675296,2477,5777,505,4724,3598,437
3766,17239.850650771743,17239.850650771743,34479.701301543486,-6.419816878423703,-2.3841144237035397,0.05548841458751125,160783.21110798896,4770,3553,436,2425,5921,413
3767,17701.75761909589,17701.75761909589,35403.51523819178,-4.845037967200981,-2.051685940242606,0.05496594571091966,158462.20850501995,3310,5008,441,5618,2677,464
3768,20346.528371423163,20346.528371423163,40693.056742846326,-5.0896376802980425,-1.584010715170452,0.054612261289115664,157140.22799014355,3814,4644,301,6495,1918,346
3769,22222.199459297626,22222.199459297626,44444.39891859525,-4.255718998536343,-1.7358349368949941,0.054849357702541235,158556.95805680755,1512,6234,1013,4432,4089,238
3770,20725.339085837113,20725.339085837113,41450.678171674226,-4.101978202229003,-2.2149958833113703,0.05538146783183576,160824.79117588527,2237,5968,554,3760,4591,408
3771,13940.743698245242,13940.743698245242,27881.487396490484,-7.083557297732495,-4.671446456943672,0.05539889534321408,162505.57836583548,2291,5967,501,1955,5298,1506
3772,13858.466375996537,13858.466375996537,27716.932751993074,-6.588164262516203,-3.340956403810378,0.054665741593286105,158048.5250077294,2998,5247,514,5936,1052,1771
3773,20739.610716297862,20739.610716297862,41479.221432595725,-4.367517918542043,-1.9976915216945317,0.05535826795746115,161336.65866758063,2813,4756,1190,2173,6177,409
3774,12889.46052752752,12889.46052752752,25778.92105505504,-5.311167156117171,-3.090457461005844,0.05516160263102686,166292.73097177967,4597,3522,640,2335,3806,2618
3775,18976.09850512966,18976.09850512966,37952.19701025932,-4.923742692999572,-2.7118341587331614,0.055549768445620755,161692.02427063131,3400,5030,329,2910,5336,513
3776,16174.770483283628,16174.770483283628,32349.540966567256,-4.854664743325731,-3.0866567375019933,0.05528683386011853,161397.08358951597,3240,5014,505,2665,5388,706
3777,19184.02420081477,19184.02420081477,38368.04840162954,-4.985748709384518,-2.7039533023131788,0.05480334898789405,157058.99614429104,3870,3595,1294,5794,2324,641
3778,20355.584096708528,20355.584096708528,40711.168193417056,-4.731405492615723,-1.4858836590657958,0.054884025415511954,157028.39354268106,3937,4312,510,5686,2538,535
3779,18948.985263277224,18948.985263277224,37897.97052655445,-4.830523850635795,-1.2504150779140735,0.05512909488091534,158429.51498322783,4404,3961,394,4545,3718,496
3780,19598.02271939727,19598.02271939727,39196.04543879454,-4.436902930850029,-1.2044432487597003,0.05460684742680283,157220.33885798356,3957,4166,636,4935,3275,549
3781,20010.125396383835,20010.125396383835,40020.25079276767,-4.235709666307489,-1.2827282679096024,0.05470904117565624,158291.9943736896,2930,4841,988,4953,3390,416
3782,18268.898116820692,18268.898116820692,36537.796233641384,-3.821102392554445,-1.356109455964224,0.05464891019647044,157512.89374949725,3026,4654,1079,6069,2289,401
3783,19673.5090961415,19673.5090961415,39347.018192283,-4.212566255084768,-1.6832118556544908,0.05532538433806623,160302.98753684715,4021,4269,469,3765,4485,509
3784,18600.84264508772,18600.84264508772,37201.68529017544,-3.9115481639312666,-1.1669991406435372,0.05484255043668913,156690.78145494818,4669,3778,312,5718,2531,510
3785,21204.00158994649,21204.00158994649,42408.00317989298,-3.702648475026475,-1.1248608775186535,0.05475116693396144,157242.12841044943,2884,5147,728,5426,2961,372
3786,18411.177885181412,18411.177885181412,36822.355770362825,-4.423315680072237,-1.584616021107476,0.05470066983659573,162241.00461514952,5684,1931,1144,4139,3004,1616
3787,17993.801180730065,17993.801180730065,35987.60236146013,-4.253556937912854,-2.0040581528013126,0.05539463316560813,162128.97311244026,2631,5129,999,2521,5257,981
3788,19735.020276515406,19735.020276515406,39470.04055303081,-4.663778465984102,-2.5698512755774665,0.055178869507160645,160251.629712808,1238,6418,1103,4176,4058,525
3789,19799.25700059906,19799.25700059906,39598.51400119812,-4.072809487760372,-1.6037800839385938,0.05476197070868301,156872.32681026697,3432,4863,464,6099,2228,432
3790,9654.704127717905,9654.704127717905,19309.40825543581,-7.212543726717695,-3.9791078107401163,0.0547018998147986,163274.6198533418,6726,1364,669,3394,2403,2962
3791,17970.676377472675,17970.676377472675,35941.35275494535,-6.663944628064745,-3.2466655975017735,0.0552756393905524,160536.01685087674,4530,3717,512,984,7063,712
3792,17431.14217906614,17431.14217906614,34862.28435813228,-3.71374129296138,-2.3339570663761564,0.05507163108034944,164652.41314480806,3923,4352,484,4311,2983,1465
3793,20086.52204154093,20086.52204154093,40173.04408308186,-3.349012044059928,-0.5955452965499957,0.05519837809548507,160010.96434697125,2964,4926,869,3574,4888,297
3794,17023.643464032386,17023.643464032386,34047.28692806477,-4.947367805023828,-1.220397558105023,0.05507993243276882,165603.6357670387,2527,5367,865,3436,3672,1651
3795,16992.84775225348,16992.84775225348,33985.69550450696,-4.929192945262914,-2.6795053080962274,0.05471124646284313,157374.32254617318,2925,5079,755,5775,1738,1246
3796,11560.686184441465,11560.686184441465,23121.37236888293,-5.5046076996619115,-3.3574508501176825,0.05551764112172275,162702.81388757718,3199,4959,601,1921,5423,1415
3797,19717.550375031205,19717.550375031205,39435.10075006241,-5.399125981502798,-2.4282954460854294,0.0549393258455792,159518.94727654735,1421,6711,627,3943,4220,596
3798,20953.24729814286,20953.24729814286,41906.49459628572,-5.185149950779325,-2.08590000011922,0.054806107317043155,155951.1072394158,5861,2331,567,6134,2207,418
3799,19919.903158976962,19919.903158976962,39839.806317953924,-4.318658043034593,-2.094245359195535,0.05523787662350711,158809.34980131272,6136,1888,735,3340,5074,345
3800,15303.289089169908,15303.289089169908,30606.578178339816,-5.883905387409639,-2.534247457469666,0.05493615553382963,158377.15284498958,5767,2700,292,3768,3682,1309
3801,18844.414540434813,18844.414540434813,37688.829080869626,-4.782023813764689,-2.172920233524753,0.054532362497960826,156481.52751743005,3425,4809,525,6421,1744,594
3802,10937.856115348803,10937.856115348803,21875.712230697605,-6.390527414409229,-4.02090575287266,0.05534229577636885,161871.35098066292,4897,3150,712,1793,5887,1079
3803,19213.934344097037,19213.934344097037,38427.868688194074,-6.100933849328934,-2.857021960530171,0.0551058462960892,159939.34539374252,2226,5451,1082,4291,4061,407
3804,22508.204802516248,22508.204802516248,45016.409605032495,-4.683497594825249,-2.088735384681237,0.05465226334590522,156411.27690533217,3530,4352,877,6889,1496,374
3805,19514.08090927081,19514.08090927081,39028.16181854162,-3.8704646392316873,-1.9860975091922626,0.055506343742427834,159939.61567761103,5912,2161,686,3074,5260,425
3806,11668.66735370205,11668.66735370205,23337.3347074041,-6.464892890027933,-2.967582779936905,0.05458490289846625,161775.20148391236,3499,4290,970,4984,1278,2497
3807,19177.520187719747,19177.520187719747,38355.040375439494,-5.889459350908243,-2.5674989441865117,0.055213466195673924,158941.33532618382,6630,1579,550,2357,5953,449
3808,15697.687974945544,15697.687974945544,31395.375949891088,-7.002904766891429,-4.043065434449391,0.0549197223979522,159106.4491435715,4573,3611,575,4628,3361,770
3809,18016.72995101077,18016.72995101077,36033.45990202154,-5.957861312048015,-3.1583384802692662,0.054675774526069525,159546.9583840439,3540,4907,312,3806,3879,1074
3810,20017.6856796725,20017.6856796725,40035.371359345,-4.1973911734716705,-2.302169235923487,0.05460774769098849,156152.597032136,4118,4109,532,6142,2247,370
3811,15277.920605484216,15277.920605484216,30555.841210968432,-5.729490395024512,-3.4927662312462053,0.05519056790649634,165381.56958376683,4541,3789,429,3508,3470,1781
3812,17096.3894321384,17096.3894321384,34192.7788642768,-5.15066436024736,-3.479959675872285,0.05476823752631165,157890.4180851422,1942,6033,784,6312,1040,1407
3813,15023.40645492712,15023.40645492712,30046.81290985424,-6.529882586375716,-2.9552117342701933,0.054436318743720215,156789.50845315497,5011,3002,746,5821,1732,1206
3814,17224.14019649853,17224.14019649853,34448.28039299706,-6.357410724672994,-4.204207253045757,0.055153221348306844,159820.58955156448,4904,3034,821,3592,4075,1092
3815,10306.274338999589,10306.274338999589,20612.548677999177,-7.218932363157103,-4.65717920039971,0.05446607851307972,158266.81717355314,3092,4515,1152,6041,1392,1326
3816,16736.795446720433,16736.795446720433,33473.590893440865,-5.647942427050339,-3.2634049660540625,0.055329045512311575,166943.61310995198,3690,4551,518,1390,5667,1702
3817,7140.4684152508635,7140.4684152508635,14280.936830501727,-6.558509086750673,-4.40829426126688,0.054904602995701705,163907.8610453662,4554,3335,870,4017,2337,2405
3818,15302.205005242315,15302.205005242315,30604.41001048463,-6.0482687679049505,-3.8391483806772144,0.0551279122887931,160646.29118131593,2184,6297,278,3956,3392,1411
3819,19416.451419510515,19416.451419510515,38832.90283902103,-5.220103736631586,-3.092189247603156,0.05520807788139927,160391.73018554703,4676,3269,814,4115,3981,663
3820,17885.91622329415,17885.91622329415,35771.8324465883,-5.380689957396546,-3.649728543225788,0.055262985969194676,160730.81638592528,2464,5305,990,4899,3302,558
3821,12886.34258840247,12886.34258840247,25772.68517680494,-6.762022026328418,-3.432992568736224,0.05516946632533736,160673.5211060157,3414,4863,482,3214,4146,1399
3822,19945.649305705527,19945.649305705527,39891.29861141105,-4.607591568034371,-1.9525005971133584,0.054715893781196685,155718.7278558185,5352,3137,270,6042,2183,534
3823,19849.53425097229,19849.53425097229,39699.06850194458,-4.180820940540523,-2.504379380102579,0.05472443066633042,156181.67210636695,5156,3365,238,5683,2613,463
3824,18762.261960570646,18762.261960570646,37524.52392114129,-6.113369446036627,-2.383284339804395,0.055209226387315985,161809.1522535099,2503,5778,478,2958,4821,980
3825,18871.459937222517,18871.459937222517,37742.91987444503,-5.2713593123981894,-2.1372482890783253,0.05516224593512591,159597.12017828115,4696,3610,453,3215,4954,590
3826,16974.716251195914,16974.716251195914,33949.43250239183,-5.914249627016192,-2.559929713210969,0.055433970260327356,160913.86855390013,4932,3447,380,2346,5400,1013
3827,8039.807913498796,8039.807913498796,16079.615826997591,-9.050228802172779,-5.737547862953495,0.05479828866337907,163766.67338987745,6587,1171,1001,4702,1435,2622
3828,5702.593137431389,5702.593137431389,11405.186274862777,-7.612994676567563,-3.5904612453595304,0.05457000613121814,164264.52591900964,2166,6218,375,4570,1450,2739
3829,17137.44038660351,17137.44038660351,34274.88077320702,-6.4211347677537205,-3.037866524022268,0.0553818209279107,161336.84940455348,3172,4644,943,3544,4224,991
3830,5560.425701817877,5560.425701817877,11120.851403635754,-7.412330731852177,-3.9084485467295287,0.054656800222373084,163205.91599980163,4447,3144,1168,4044,1520,3195
3831,20505.339974151426,20505.339974151426,41010.67994830285,-6.272177147826468,-2.1428746321857015,0.05511526454444467,158809.43874046014,3560,4785,414,4176,4177,406
3832,13942.743879183125,13942.743879183125,27885.48775836625,-6.72815932277125,-2.7283065018760717,0.05489583310905339,159978.12123269448,3502,4105,1152,3734,3922,1103
3833,19977.365583530776,19977.365583530776,39954.73116706155,-5.444330916663208,-1.790610190752595,0.05468961112289412,155861.25471033374,6777,1275,707,5127,3256,376
3834,20609.968716111896,20609.968716111896,41219.93743222379,-3.8389497094618004,-1.541930434092671,0.05484445510984637,157944.10546270703,3718,4743,298,5385,3020,354
3835,17626.740005146577,17626.740005146577,35253.480010293155,-5.61351016068911,-2.0937178453943117,0.055277107623083924,158863.61693283202,6771,1715,273,4351,3476,932
3836,20628.021362276155,20628.021362276155,41256.04272455231,-5.159754868680123,-2.4629581403701155,0.05464375460048198,157743.81935246687,2087,6355,317,5318,2976,465
3837,17641.139857217564,17641.139857217564,35282.27971443513,-7.027842351308678,-2.7583568522464357,0.054869971403285644,159801.77934551192,2458,5223,1078,3965,4168,626
3838,17292.55628436615,17292.55628436615,34585.1125687323,-6.0525942945448055,-2.9897231136272815,0.055282918052091574,161231.09916040237,3768,4024,967,1829,5712,1218
3839,19394.285910075298,19394.285910075298,38788.571820150595,-5.579655984478599,-1.9336899305631103,0.05494346796551744,157833.99694935163,2144,6188,427,6589,1676,494
3840,13770.486011724608,13770.486011724608,27540.972023449216,-5.53610207859036,-3.8116668329951113,0.05510828207032347,159804.8277188729,6153,1219,1387,2328,5208,1223
3841,22277.240010394315,22277.240010394315,44554.48002078863,-3.1265367394041754,-1.185409171152967,0.05470707808712356,156842.59401695352,2499,5613,647,7205,1195,359
3842,21721.50419073645,21721.50419073645,43443.0083814729,-3.4822385346878475,-1.1321122883203667,0.05482407234662744,157533.80160159137,2578,5203,978,5950,2496,313
3843,13273.55446832389,13273.55446832389,26547.10893664778,-5.791510597358372,-3.4904897328009286,0.05516988143945668,161902.83057486423,3544,4684,531,3330,4210,1219
3844,17394.51557339313,17394.51557339313,34789.03114678626,-5.899466866385183,-2.9812456618927237,0.05521659066664368,160046.19528313045,5677,2417,665,2627,5317,815
3845,17021.771754986446,17021.771754986446,34043.54350997289,-5.616107614326904,-2.654123545565598,0.054707629691698734,158215.2893534776,3006,4982,771,5433,2269,1057
3846,14394.675159621087,14394.675159621087,28789.350319242174,-6.115707678582559,-3.160184933680273,0.054807709943639045,157098.1625896451,6599,1584,576,4574,2948,1237
3847,16953.55957594194,16953.55957594194,33907.11915188388,-5.5767254251288705,-2.926922980917964,0.05528626714798114,165528.27581714682,2734,5054,971,3374,3818,1567
3848,19487.74591823365,19487.74591823365,38975.4918364673,-4.870764485155337,-2.3045252576492334,0.054849250340292144,158719.64953489028,1724,5918,1117,5154,3101,504
3849,17617.032849536314,17617.032849536314,35234.06569907263,-6.368201728523535,-2.088358623521002,0.054890162760372854,158758.03122608928,2633,5271,855,4202,3977,580
3850,20621.22159972622,20621.22159972622,41242.44319945244,-5.044940987117552,-2.0538999164851957,0.05533855953948272,160959.32105214449,3284,5058,417,3786,4622,351
3851,17093.73139666381,17093.73139666381,34187.46279332762,-5.335988294792222,-2.8714363203642033,0.05527823506336797,160846.40485202524,3869,3866,1024,2179,5714,866
3852,22522.829267185927,22522.829267185927,45045.658534371854,-3.9199810432103614,-2.000950709293865,0.05462218711858973,155637.67783233183,4358,3798,603,5850,2643,266
3853,20793.328972119518,20793.328972119518,41586.657944239036,-4.13309997279985,-1.943601214639023,0.055357497097899735,161453.2333445015,3265,4458,1036,1854,6432,473
3854,16782.111335482343,16782.111335482343,33564.222670964686,-3.935929464762527,-2.3772382336432707,0.054839313674247304,158244.77031199948,3958,3529,1272,4010,4282,467
3855,16660.557926616228,16660.557926616228,33321.115853232455,-5.852748792483415,-2.417121874126612,0.05460817761468635,159696.5006552896,2186,5823,750,3924,3102,1733
3856,18353.623469475337,18353.623469475337,36707.24693895067,-5.486804414210238,-2.5833958985748033,0.05465170197144118,156493.76130600827,4292,3730,737,5515,2673,571
3857,15512.704679194887,15512.704679194887,31025.409358389774,-6.38114495946773,-3.420795735315545,0.05485416148401788,164202.69869389027,3883,4489,387,2939,4007,1813
3858,15063.736996515785,15063.736996515785,30127.47399303157,-6.573504186789296,-3.9633160344817897,0.05478616794228362,157120.5571244361,5126,2918,715,4226,3219,1314
3859,15760.879943079584,15760.879943079584,31521.75988615917,-5.2117726374264315,-2.9398308679073213,0.05510977412208882,165570.4369960268,3192,4413,1154,3655,3359,1745
3860,14680.589931703033,14680.589931703033,29361.179863406065,-6.1627148251931665,-2.825575185697764,0.05529024505853889,160039.4136946889,4999,3153,607,1661,5717,1381
3861,14730.063676794874,14730.063676794874,29460.12735358975,-6.274006772176844,-2.594716740998102,0.05535861137069823,164326.10883294384,6188,2316,255,3321,3629,1809
3862,17683.001995936185,17683.001995936185,35366.00399187237,-5.3724969179470445,-1.960870081337456,0.055400153721211876,161610.72037233846,2464,5787,508,2033,6146,580
3863,12928.034388176447,12928.034388176447,25856.068776352895,-5.842554737064838,-3.1773187221659867,0.054567078939646366,164960.13491373204,2789,5539,431,5512,801,2446
3864,14205.423245279198,14205.423245279198,28410.846490558397,-6.736264120103273,-2.6453554527963297,0.05524324207559358,162237.93245979203,4868,3616,275,2067,5710,982
3865,13507.100277017773,13507.100277017773,27014.200554035546,-6.595525225484533,-2.8308388655022725,0.05465824200879964,161712.1063863884,6232,1780,747,4963,1142,2654
3866,17895.667086663096,17895.667086663096,35791.33417332619,-5.220062084689587,-2.1665093770569035,0.05538061429728873,160463.74683563935,4679,3292,788,2395,5880,484
3867,18385.06761319174,18385.06761319174,36770.13522638348,-5.245877305119207,-1.4699981445070305,0.05468418609168714,161292.87482479314,7508,998,253,4722,2538,1499
3868,16029.887816575703,16029.887816575703,32059.775633151407,-6.256480057231725,-2.599240738411056,0.055472572194231407,166852.80620976374,2819,4919,1021,2820,4219,1720
3869,21135.80852969447,21135.80852969447,42271.61705938894,-6.136121340401577,-2.3836706067746527,0.05475720656807873,155837.86464611648,5324,2985,450,5044,3330,385
3870,19390.722624907594,19390.722624907594,38781.44524981519,-5.678899962346649,-2.3250745337811076,0.054794176673770865,156520.6482525079,4110,3729,920,5846,2397,516
3871,12438.793946340445,12438.793946340445,24877.58789268089,-6.5822893786343,-4.03559253233376,0.055144382966120876,166367.99084765554,1982,5631,1146,2407,3926,2426
3872,17796.06448752463,17796.06448752463,35592.12897504926,-5.292155564805674,-2.7742973565918234,0.054644110451255445,157130.21366174496,3540,4771,448,6447,1410,902
3873,8940.105998165329,8940.105998165329,17880.211996330658,-7.30785865558509,-4.899158875812948,0.055036974497749025,162767.02290956548,2019,5534,1206,3303,3288,2168
3874,18493.919889685294,18493.919889685294,36987.83977937059,-6.621723551615765,-3.1495723891713165,0.05485670550444414,157180.30264690294,6624,1179,956,4276,3487,996
3875,18414.497981070035,18414.497981070035,36828.99596214007,-5.464491626476741,-2.8780674573740646,0.05483108831119065,158179.2181559846,2576,5069,1114,5340,2414,1005
3876,16879.964179110706,16879.964179110706,33759.92835822141,-6.046913784667227,-3.340367440860764,0.05541892470810719,161687.0366929435,4234,3455,1070,2331,5807,621
3877,18285.28979260345,18285.28979260345,36570.5795852069,-5.799587657634321,-2.422266359476393,0.055403467523916276,161925.47321322878,1582,6588,589,2736,5611,412
3878,17235.218662475723,17235.218662475723,34470.43732495145,-6.300137670839415,-3.255410786549016,0.05521310663334957,161545.58141098233,3241,4941,577,1566,6411,782
3879,19443.69738222342,19443.69738222342,38887.39476444684,-6.069512486795179,-3.296343527618574,0.05527361316586385,161285.86986406794,4362,4009,388,2723,5395,641
3880,19218.568044898908,19218.568044898908,38437.136089797816,-6.094461704345373,-2.0050299424749833,0.05471398177343529,156271.16808986964,5903,1863,993,4685,3646,428
3881,19188.724006603476,19188.724006603476,38377.44801320695,-5.245027738329906,-2.3171509604053417,0.05543124064120112,162487.87252495863,1880,6374,505,2252,5689,818
3882,20490.59322114513,20490.59322114513,40981.18644229026,-5.066427907312328,-3.0080899175516764,0.055457370155696274,160700.6413692459,4128,4067,564,2468,5913,378
3883,11572.204776933322,11572.204776933322,23144.409553866644,-6.724552206985683,-3.8743535228013255,0.05446864054638435,162424.22543880457,5636,2436,687,4266,1554,2939
3884,5526.083899158687,5526.083899158687,11052.167798317374,-7.552212943517799,-5.243904205779056,0.055043775892155714,166096.11218786924,3310,4710,739,2789,2935,3035
3885,18304.94564079281,18304.94564079281,36609.89128158562,-5.544198657260386,-3.557551649876733,0.054733863414851036,158629.18430149762,1916,6535,308,5395,2890,474
3886,15496.849461304422,15496.849461304422,30993.698922608844,-6.3985522604790575,-3.4186368843508617,0.054557593256121806,156920.96820330457,3439,4503,817,6457,1153,1149
3887,16628.762930048186,16628.762930048186,33257.52586009637,-6.623706233981782,-3.8664182053676983,0.05473461469953845,158728.54732714064,2782,5333,644,3608,4363,788
3888,18413.679050918297,18413.679050918297,36827.358101836595,-6.430344067525379,-2.2156947564933613,0.05537140027971382,160707.22003873013,4284,4001,474,3409,4850,500
3889,20828.73737523061,20828.73737523061,41657.47475046122,-5.741241401225974,-1.6822478798615097,0.05537935508152969,160949.9473834196,1704,5966,1089,4264,4070,425
3890,19710.453676179874,19710.453676179874,39420.90735235975,-5.368340963741362,-1.9489930458769351,0.05548986822808553,161008.59226983646,2580,5553,626,4305,4034,420
3891,20858.51650475056,20858.51650475056,41717.03300950112,-5.113555848112529,-2.7616621187852894,0.055257986815379585,160850.73981621,3737,4051,971,3218,5033,508
3892,14748.025003768273,14748.025003768273,29496.050007536545,-6.608243505601057,-2.7449958602189493,0.055010148791681555,166251.53708611088,2318,5452,989,3234,2825,2700
3893,15915.9059516198,15915.9059516198,31831.8119032396,-5.1888355312593015,-2.095351907968344,0.05511618178505234,159497.5924502293,3989,4179,591,3476,4187,1096
3894,20717.75943722611,20717.75943722611,41435.51887445222,-3.7202447858365875,-2.340837733019792,0.05515768154086539,158501.42673689948,6332,1222,1205,4335,4129,295
3895,17345.052263478046,17345.052263478046,34690.10452695609,-6.31299533719007,-2.834863224617834,0.05481201751448929,159364.18267830083,1645,6405,709,4886,2771,1102
3896,18060.437889213794,18060.437889213794,36120.87577842759,-5.485872002575789,-3.0809481633497984,0.05517806534113889,161147.8274585389,3345,4000,1414,2734,5423,602
3897,17279.239755127204,17279.239755127204,34558.47951025441,-5.8752673697528595,-2.8939492269794784,0.05514351829694422,159236.6551640753,4736,3017,1006,3064,5062,633
3898,21224.915396325894,21224.915396325894,42449.83079265179,-5.640371211007603,-2.4393588827723622,0.05508361558833567,159603.82598744353,2667,5046,1046,4885,3409,465
3899,17990.539183679888,17990.539183679888,35981.078367359776,-5.6686519585356985,-2.7647766619437237,0.0548984643989464,157377.82493280072,4495,3336,928,5963,1347,1449
3900,20112.487219722254,20112.487219722254,40224.97443944451,-6.1074860707543825,-2.9834169859044612,0.05521931775063571,158877.6635815281,6002,2297,460,3802,4560,397
3901,18759.829112836618,18759.829112836618,37519.658225673236,-5.386604414582249,-3.3877184004891716,0.05514007561298519,158790.65211238185,4140,4296,323,4781,3245,733
3902,18878.40686437008,18878.40686437008,37756.81372874016,-5.275679914645739,-2.670997349054299,0.05526250226811314,159177.40292994023,3956,4241,562,5033,2832,894
3903,18570.410241167905,18570.410241167905,37140.82048233581,-6.080895042180424,-1.3569583232248983,0.05483479415310549,156642.44685734928,4322,3224,1213,5749,2410,600
3904,17421.262867456182,17421.262867456182,34842.525734912364,-4.629040373560361,-2.2965599697748966,0.055096898367812445,165790.6953279002,3612,4797,350,3915,3152,1692
3905,13182.951781528636,13182.951781528636,26365.903563057273,-6.813466211303613,-3.831504761359751,0.05459896207029117,157813.87859006456,4999,2904,856,6297,1173,1289
3906,15470.755796821983,15470.755796821983,30941.511593643965,-6.4366848098886535,-3.632479453935445,0.05529424856729198,160121.61581268397,4997,2909,853,3179,4351,1229
3907,21003.207354049297,21003.207354049297,42006.41470809859,-5.429586518710488,-2.999624920097524,0.055222872234757955,158576.21950559967,6750,1468,541,3443,4952,364
3908,18063.815616672546,18063.815616672546,36127.63123334509,-4.971538280396211,-2.703203171195277,0.05526755436079039,159918.9695905583,4896,2975,888,3590,4388,781
3909,14432.852875604498,14432.852875604498,28865.705751208996,-6.056392350088687,-3.4503460443912455,0.05464776327798021,161905.0300366668,5921,1620,1218,5482,1544,1733
3910,18065.214793782332,18065.214793782332,36130.429587564664,-6.290987990616597,-2.46748705985203,0.05482443273858019,157914.71252747581,1065,7256,438,5965,1579,1215
3911,19429.533376954903,19429.533376954903,38859.06675390981,-7.231885650458817,-3.700806093574796,0.05544056658133031,161904.5320013656,1638,6280,841,3200,4900,659
3912,14921.554935359733,14921.554935359733,29843.109870719465,-7.944306726296312,-3.6340140917965074,0.054837717881771976,162194.21950248416,4494,2898,1367,4082,2945,1732
3913,18020.46929943842,18020.46929943842,36040.93859887684,-7.205432134576368,-3.11380017122113,0.054761656053066814,156805.6421211716,5297,2757,705,4434,3755,570
3914,16578.380887829786,16578.380887829786,33156.76177565957,-8.217453479951212,-4.167461169367444,0.0550295526698138,158163.53896669517,6507,1549,703,3289,4687,783
3915,18757.34126981415,18757.34126981415,37514.6825396283,-6.391290261186649,-2.8777255520753062,0.054638018936973363,156805.2788058484,5597,2197,965,4790,3351,618
3916,15569.031925088231,15569.031925088231,31138.063850176462,-6.162677912348732,-3.3698129591379358,0.05518604520927736,160406.60585052293,4091,4003,665,3748,3692,1319
3917,19778.21531468818,19778.21531468818,39556.43062937636,-5.661224438286741,-3.0423428113569835,0.05521955516653979,158272.349332245,4777,2885,1097,4680,3563,516
3918,9913.073420021612,9913.073420021612,19826.146840043224,-6.338537659470438,-4.151458051584459,0.054736367986445544,164837.02901228395,4155,3799,805,3962,2018,2779
3919,20750.76275999426,20750.76275999426,41501.52551998852,-4.8285567551874875,-1.7034008199084643,0.054696721329266035,155350.24705187476,6219,2198,342,5992,2350,417
3920,16773.246268726154,16773.246268726154,33546.49253745231,-5.561915105791652,-2.7523939808330495,0.05535081768300684,165140.82883696098,5319,3146,294,3351,3219,2189
3921,16913.40916578439,16913.40916578439,33826.81833156878,-5.775392988296311,-2.9466434993859063,0.05519457251198308,158697.5404153823,7177,1299,283,3073,4942,744
3922,20656.79243397175,20656.79243397175,41313.5848679435,-4.918965351321939,-2.1377600499990215,0.05545384633335751,160172.56503667898,5575,2310,874,3246,5062,451
3923,12623.700968251997,12623.700968251997,25247.401936503993,-5.49197137339479,-3.2890024501554005,0.05487494892105185,160396.05012977892,3508,4137,1114,3983,3552,1224
3924,21191.27346427226,21191.27346427226,42382.54692854452,-5.280964320966332,-3.192848275440257,0.05531488737004394,158780.60139624772,4218,3560,981,4497,3877,385
3925,21171.363937522397,21171.363937522397,42342.727875044795,-5.728605825098085,-1.6018127332421526,0.0546222939017294,156706.29898756748,3163,5127,469,5564,2636,559
3926,16640.099342645113,16640.099342645113,33280.19868529023,-5.173520913275106,-1.8012709875260153,0.0547618272338052,163403.99816816274,3865,4590,304,5196,1938,1625
3927,20571.724975783192,20571.724975783192,41143.449951566385,-4.580447525641645,-2.0086265295316914,0.055214889204701044,161111.1822813774,1909,6524,326,2734,5568,457
3928,20657.3818529887,20657.3818529887,41314.7637059774,-4.1999858368735765,-1.6219111464669835,0.055248264989091404,159015.46181280582,4792,3092,875,3867,4505,387
3929,12741.974807996332,12741.974807996332,25483.949615992664,-6.851609757182859,-3.2121153579704056,0.05461024140787767,158595.67523329565,5242,2785,732,5240,2300,1219
3930,20970.732125442126,20970.732125442126,41941.46425088425,-6.611516480833155,-2.720137994739441,0.054721466777840636,156729.46887498026,5692,2475,592,4821,3505,433
3931,19045.487525681838,19045.487525681838,38090.975051363675,-5.275860701567136,-2.5527493147048133,0.05506323365404657,159624.66770990973,4393,3759,607,2667,5018,1074
3932,19057.182658472175,19057.182658472175,38114.36531694435,-5.697780526427025,-2.9114681383835506,0.055282336448173645,161864.2204202966,1715,5893,1151,3275,4637,847
3933,17123.599943025096,17123.599943025096,34247.19988605019,-6.329453420234499,-2.62927441235488,0.054974605636316495,158192.46570576314,3966,3659,1134,4944,3019,796
3934,22774.2858959464,22774.2858959464,45548.5717918928,-4.436240193120392,-1.2752110780774462,0.05478752667797926,156475.74300253994,5481,2493,785,5550,2891,318
3935,5587.425375785014,5587.425375785014,11174.850751570028,-7.68408669671702,-3.8083465679774755,0.05474568118656519,164518.71809623975,4856,3465,438,3386,2826,2547
3936,22531.598325314146,22531.598325314146,45063.19665062829,-4.024869713296226,-1.3870105758080362,0.055347242222239613,159862.13746215322,4912,3589,258,3982,4452,325
3937,2899.8225672347453,2899.8225672347453,5799.645134469491,-6.826543800382736,-4.090571380132597,0.0545689648212421,169948.0339585159,1849,5795,1115,3182,1687,3890
3938,19417.860657062993,19417.860657062993,38835.721314125985,-5.561591414832835,-2.8908053755457193,0.05465844265895499,157731.0721126194,3581,4660,518,5514,2589,656
3939,17328.07450224687,17328.07450224687,34656.14900449374,-5.743861368165695,-3.149650187815813,0.054607722441312734,157616.95605707756,1995,6293,471,6187,1839,733
3940,13797.14729099231,13797.14729099231,27594.29458198462,-5.371223593600331,-3.169910130460668,0.05487435871990081,159072.698649835,5082,2568,1109,3915,3768,1076
3941,16771.809153164322,16771.809153164322,33543.618306328644,-6.779959552188628,-3.7193442471785865,0.054719101063871775,156673.35866998558,3500,4557,702,6570,1655,534
3942,13196.044941251612,13196.044941251612,26392.089882503224,-6.389809494779574,-4.256268040012991,0.05456018782749011,156305.10439125952,5846,2635,278,6320,1146,1293
3943,22185.980322801424,22185.980322801424,44371.96064560285,-4.525780346521237,-2.299065245128517,0.05476453996251014,156144.55348342645,6798,1092,869,4967,3449,343
3944,21153.513843010198,21153.513843010198,42307.027686020396,-5.235336016616531,-1.7247715078602592,0.05528332322053169,160157.57300691475,2032,5915,812,5023,3358,378
3945,19349.01723504259,19349.01723504259,38698.03447008518,-4.134331671424758,-1.8808394238570711,0.05470916913005798,157317.9284806279,1450,6565,744,6675,1053,1031
3946,17261.79943302891,17261.79943302891,34523.59886605782,-6.351465199650753,-2.8597653640265595,0.05506614921451163,158548.5816369253,6434,1321,1004,3211,4569,979
3947,20359.42329223686,20359.42329223686,40718.84658447372,-4.222522591783212,-1.280303408606686,0.05536903520495426,160725.3535833665,3449,4430,880,3944,4470,345
3948,20749.78020153975,20749.78020153975,41499.5604030795,-4.650800273422311,-2.269611938052832,0.05528795121223522,161281.7476867634,2474,5725,560,3198,5026,535
3949,12214.732305069245,12214.732305069245,24429.46461013849,-6.301559326429803,-4.149250602123667,0.05456234796246428,163781.98083367854,4750,3499,510,4493,1315,2951
3950,6037.992534651786,6037.992534651786,12075.985069303571,-8.270454718677742,-4.456995005886976,0.05480070101806602,165202.6548963148,2019,5981,759,2327,3617,2815
3951,20372.02569537514,20372.02569537514,40744.05139075028,-5.25748740232524,-2.3713782793627747,0.05472940508567574,156553.71469563156,5369,3125,265,4755,3503,501
3952,22173.611895681355,22173.611895681355,44347.22379136271,-4.54419144708643,-1.2902000742229756,0.054671616539857214,157255.11638454997,1536,6326,897,5654,2753,352
3953,19423.94079167907,19423.94079167907,38847.88158335814,-5.507364882384059,-2.3328968761816293,0.05519706515909984,158497.58123031328,4544,3470,745,4692,3589,478
3954,14683.100395553325,14683.100395553325,29366.20079110665,-6.002369829511745,-2.520499660202566,0.05480196376711426,163201.53977538453,3797,4456,506,5268,1604,1887
3955,12838.353007988086,12838.353007988086,25676.70601597617,-6.555522036029678,-3.4771865974070884,0.05520417222708933,161389.50418044266,4393,3567,799,2718,4809,1232
3956,15795.709501397469,15795.709501397469,31591.419002794937,-7.820276998538206,-4.516962298574618,0.054912140110807924,158752.22278060115,1650,6190,919,5975,1486,1298
3957,5251.251343982503,5251.251343982503,10502.502687965007,-7.402944070807168,-4.741616670220975,0.05483115624277912,164685.86379826072,2256,5809,694,4348,1775,2636
3958,12151.352802302825,12151.352802302825,24302.70560460565,-5.969992905055319,-3.7498894978796473,0.05497966237385142,162864.19163804507,2818,5764,177,3728,3366,1665
3959,19833.615610901696,19833.615610901696,39667.23122180339,-5.163220469726281,-2.952117784632071,0.05461044426435684,156491.26726155577,5579,2176,1004,4322,4018,419
3960,20267.782210423706,20267.782210423706,40535.56442084741,-5.534764293902897,-2.3630097120185263,0.05542539004691212,159945.50156760472,6330,1295,1134,2304,5969,486
3961,11809.179941475828,11809.179941475828,23618.359882951656,-7.3643451479663256,-4.657686400667384,0.05494031526459141,165454.63573681584,3558,4516,685,3746,2650,2363
3962,18360.85448705256,18360.85448705256,36721.70897410512,-6.056787993563791,-4.439605898593262,0.055266772931708785,161473.67947489116,2251,6091,417,2007,5562,1190
3963,18801.901563275027,18801.901563275027,37603.803126550054,-5.19218107372431,-2.9963897212315724,0.05477315051257266,157690.72174726374,4918,3476,365,4698,3145,916
3964,21813.285301553995,21813.285301553995,43626.57060310799,-4.618679478174703,-2.262076884189374,0.05525785133216186,160705.2798713649,2387,5763,609,2376,6025,358
3965,14319.987398816926,14319.987398816926,28639.97479763385,-6.261806700302492,-3.622509167970252,0.05459835401874094,156923.39667338328,4386,3899,474,5863,1262,1634
3966,9917.52949953302,9917.52949953302,19835.05899906604,-7.654792887482691,-3.578288937223544,0.054834344395872855,165223.49592135948,2245,5972,542,2856,3366,2537
3967,14119.020155100437,14119.020155100437,28238.040310200875,-6.756828872529586,-3.2522061583128608,0.05526410204922946,159754.69631215173,5414,2973,372,2674,4893,1192
3968,19476.126890360443,19476.126890360443,38952.25378072089,-4.582439031085134,-2.3894743810350683,0.05560366014424514,160849.31159626556,4732,2954,1073,2349,6091,319
3969,19589.78119861006,19589.78119861006,39179.56239722012,-5.565981965669349,-1.7152964238279462,0.05468023265919563,157089.55470023167,5397,2582,780,4861,3397,501
3970,17311.149498333987,17311.149498333987,34622.298996667974,-5.729963545564976,-3.1362467268293983,0.05454443424880463,156797.68206648284,3513,4299,947,6271,1919,569
3971,17393.2556371711,17393.2556371711,34786.5112743422,-4.758012023192894,-1.933646914089141,0.055578209069632664,165255.78929362266,5807,2335,617,1513,5875,1371
3972,19716.467447870324,19716.467447870324,39432.93489574065,-4.488402634106745,-2.274039650055794,0.05522393597611409,158409.57900687578,6616,1682,461,3863,4339,557
3973,15299.276624780685,15299.276624780685,30598.55324956137,-6.513593917366983,-3.535582930595641,0.05463036383698136,158084.8135779599,1826,6345,588,5652,1677,1430
3974,19096.60779065054,19096.60779065054,38193.21558130108,-5.209399186912727,-2.709640294483512,0.05474117545892043,155970.78879528478,4789,3405,565,6178,1936,645
3975,18541.804991283512,18541.804991283512,37083.609982567024,-5.157005171089416,-2.9208122714891886,0.05472357899095097,158008.15336338675,3993,4453,313,4606,3596,557
3976,21666.532545420283,21666.532545420283,43333.065090840566,-4.4226448289284805,-2.7744215413384183,0.054644806573534245,157602.40315130726,2252,5426,1081,5450,2753,556
3977,16525.63583401035,16525.63583401035,33051.2716680207,-6.415652468499504,-3.822785940485575,0.05525299333923052,161748.23435830575,2913,5236,610,1622,6340,797
3978,15562.282327259145,15562.282327259145,31124.56465451829,-6.746495678122625,-3.6487837770906126,0.055169177968040786,164830.01810696564,5368,2785,606,3017,4121,1621
3979,13832.588850648057,13832.588850648057,27665.177701296114,-6.335299535785259,-3.3899495690217876,0.054505008117167145,158770.92995017258,3649,4754,356,5648,1928,1183
3980,17521.5381619143,17521.5381619143,35043.0763238286,-5.695642006030293,-2.704505128100356,0.05444700798784668,157343.2293250661,3885,4792,82,5869,1537,1353
3981,19085.74751616919,19085.74751616919,38171.49503233838,-5.751482196091434,-3.1468702837341684,0.05541985839713075,161134.16352548744,2358,5775,626,4167,4215,377
3982,15724.146088423333,15724.146088423333,31448.292176846666,-6.003646832143562,-3.222620675036827,0.05513211431257846,166059.47641429285,3879,3921,959,3343,3603,1813
3983,19899.413915267007,19899.413915267007,39798.82783053401,-5.870592393261392,-2.58360065001699,0.055339748635314524,160626.54957814215,5272,2445,1042,1562,6477,720
3984,19084.11720769945,19084.11720769945,38168.2344153989,-6.36962121043749,-3.244355423145886,0.055482399332441854,160381.53067240957,4569,3817,373,3213,5121,425
3985,17146.26956409655,17146.26956409655,34292.5391281931,-7.164145302689736,-4.522488676125071,0.05485798219263905,163591.32282100123,3664,4833,262,5128,1948,1683
3986,18530.799940000852,18530.799940000852,37061.599880001704,-5.428297323841062,-3.004226218748758,0.055355366686989246,158856.94658504255,4803,3444,512,3780,4423,556
3987,20493.28490622868,20493.28490622868,40986.56981245736,-5.540230560681852,-2.3095841930564576,0.05525809901121911,159742.2150051475,3252,4905,602,4283,4195,281
3988,17379.517663718503,17379.517663718503,34759.035327437006,-5.762439582887893,-2.937900071633608,0.05441515636083311,155703.43483235763,4332,3415,1012,6755,1003,1001
3989,21501.449986090465,21501.449986090465,43002.89997218093,-5.368020539167898,-1.453230062116432,0.05485271657397242,157936.34757872796,3507,4909,343,3746,4594,419
3990,20439.709024855132,20439.709024855132,40879.418049710264,-5.786608982445257,-2.42551907261307,0.05487747024382588,158908.6032078323,4290,4117,352,4778,3174,807
3991,17931.442505552386,17931.442505552386,35862.88501110477,-6.444735579657245,-3.0642901149616897,0.05525799627679817,161926.0365094372,2032,6041,686,2063,5507,1189
3992,19974.413050360276,19974.413050360276,39948.82610072055,-6.457277161650696,-3.2015043525285116,0.055445961238010065,161379.22185718964,3404,4760,595,2691,5671,397
3993,17972.244261250675,17972.244261250675,35944.48852250135,-6.46239200111456,-2.125085764643872,0.055254979367638686,159848.85852660076,4214,4205,340,3744,4054,961
3994,6966.01972697586,6966.01972697586,13932.03945395172,-6.550237237718558,-4.038002083326588,0.055034289211803346,164619.30954586074,5546,1954,1259,2475,3478,2806
3995,18474.80101071187,18474.80101071187,36949.60202142374,-4.626669485091465,-2.2083213106146466,0.0552476243091992,165567.42002116662,1809,6418,532,4284,3004,1471
3996,16378.85121683637,16378.85121683637,32757.70243367274,-7.026195903526576,-2.653266871273371,0.055406798693927964,166957.19956090278,2975,4899,885,1979,5127,1653
3997,15752.615526211923,15752.615526211923,31505.231052423846,-6.412425443309799,-2.689459411414371,0.05472579651919791,163609.4066451098,3921,3785,1053,4819,1996,1944
3998,15618.991414274757,15618.991414274757,31237.982828549513,-6.1282601868375535,-4.029049205230988,0.05473317311529883,163116.93984120342,4722,3496,541,3977,2958,1824
3999,16854.623565537244,16854.623565537244,33709.24713107449,-6.385707761835424,-3.395516020695287,0.05481050916491015,162378.18496742792,4524,3881,354,4720,2307,1732
4000,19175.640850041418,19175.640850041418,38351.281700082836,-6.525485243530151,-3.006165489373633,0.05547485584822753,160047.46044101592,5112,2850,797,2230,6157,372
4001,10453.159634556725,10453.159634556725,20906.31926911345,-9.317542592651405,-5.078448252798636,0.054832899185886026,160008.53133189492,3332,5096,331,4495,3013,1251
4002,15855.5845709166,15855.5845709166,31711.1691418332,-6.745905680721922,-2.8871494244045044,0.055121763086530676,160938.06961627636,2541,5142,1076,2566,5634,559
4003,18641.49715956105,18641.49715956105,37282.9943191221,-6.473973269182981,-2.140407952585258,0.055370515262805245,159001.43334524677,5645,2078,1036,4095,4272,392
4004,18531.440064886243,18531.440064886243,37062.880129772486,-6.604667785840526,-2.5133912966849516,0.05531414482659718,159332.85179651054,5718,2327,714,4379,3829,551
4005,18449.484243010553,18449.484243010553,36898.968486021105,-7.067013808237888,-2.4995312301981,0.055243639588579814,161838.04395300592,1645,6367,747,2881,4774,1104
4006,15093.794897082982,15093.794897082982,30187.589794165964,-7.305152273448388,-2.9255992314183232,0.055528673912884866,161518.71138656177,5221,3268,270,2155,4988,1616
4007,19951.33770446936,19951.33770446936,39902.67540893872,-4.68883925088851,-2.009624764697156,0.05548997463436137,160082.47221067848,4379,4193,187,3549,4835,375
4008,23451.840233953535,23451.840233953535,46903.68046790707,-4.509064551515233,-1.8027543985414223,0.05468436094716435,157087.86927927288,1488,7007,264,7114,1389,256
4009,18691.214039567138,18691.214039567138,37382.428079134275,-4.955909729820778,-2.8586125153244586,0.05526772222247947,160503.523054805,4338,3158,1263,2318,5975,466
4010,21336.709412826098,21336.709412826098,42673.418825652196,-4.621321252594193,-2.8085034183649022,0.05526274311663712,159031.45812910664,4941,2783,1035,3641,4671,447
4011,12324.200655973464,12324.200655973464,24648.401311946927,-6.988726732801729,-4.0123555818677845,0.05489591676277797,164926.94063105705,2268,5367,1124,4216,1668,2875
4012,17295.270193018456,17295.270193018456,34590.54038603691,-5.442171141350659,-2.825707607259657,0.05543685534410929,160225.37145297875,5620,2885,254,4360,3685,714
4013,20168.779124079498,20168.779124079498,40337.558248158995,-5.420117919765309,-2.046779836483101,0.05531724089941919,158656.20315450622,5618,2700,441,3873,4563,323
4014,20644.978350015135,20644.978350015135,41289.95670003027,-6.37910918926222,-2.317453632425882,0.05455399821703459,156912.4085405265,3208,5157,394,5826,2633,300
4015,20580.75665654096,20580.75665654096,41161.51331308192,-5.338353019466262,-2.2076866556593036,0.055336505450286046,161951.2041840617,2432,5789,538,1951,6309,499
4016,14920.433529011963,14920.433529011963,29840.867058023927,-6.118222604278496,-3.0069340672507763,0.054733756305471275,157934.55768411633,6493,2031,235,4569,3222,968
4017,16594.3316084154,16594.3316084154,33188.6632168308,-6.5310448659595846,-3.810854090678131,0.0556066696058971,162635.40451493667,2787,5744,228,1995,5486,1278
4018,19641.119785881947,19641.119785881947,39282.239571763894,-6.06725531452732,-2.2847661157051062,0.05464853253419014,155691.4988101495,5869,2743,147,5598,2582,579
4019,14838.701743490681,14838.701743490681,29677.403486981362,-7.9224552991352475,-3.4469069739378106,0.054705118086086746,162541.95838689347,6353,2160,246,4128,2830,1801
4020,14334.445212900586,14334.445212900586,28668.89042580117,-7.183472165516305,-4.6354594720932685,0.05516314587552499,161991.522693487,2616,5208,935,1436,5694,1629
4021,15906.906890567941,15906.906890567941,31813.813781135883,-6.422497204222377,-2.937892710205544,0.05528580923021291,164733.39735795488,5207,2917,635,3011,4202,1546
4022,18495.666191249646,18495.666191249646,36991.33238249929,-5.954678204009139,-2.3909422724550438,0.05522896496801244,158924.08261329608,3908,4168,683,4637,3697,425
4023,1403.429939662799,1403.429939662799,2806.859879325598,-7.299332001457246,-4.615208020909839,0.0546472326300548,168595.68622638017,3760,4681,318,2942,1384,4433
4024,20739.742991685882,20739.742991685882,41479.485983371764,-5.2116873811759215,-2.873161833063506,0.055163456708950315,157474.74799508875,6765,1319,675,4383,4161,215
4025,19876.73553174718,19876.73553174718,39753.47106349436,-4.599283315987784,-2.174791581739285,0.054839358511068026,157209.0691904615,4953,2765,1041,5043,3199,517
4026,1250.8881514670127,1250.8881514670127,2501.7763029340254,-6.766501323294006,-4.526371930583865,0.05513469517631309,171129.04789711817,2662,5526,571,2650,1940,4169
4027,15983.547835313902,15983.547835313902,31967.095670627805,-5.441609154448077,-3.523013317669514,0.054681941529802464,159348.55511646866,2790,5641,328,4235,3459,1065
4028,19188.101443112944,19188.101443112944,38376.20288622589,-5.106375996988039,-2.869264177215218,0.05525141969785543,160890.51248325972,2207,6050,502,4481,3128,1150
4029,15555.760313749313,15555.760313749313,31111.520627498627,-6.057400709669903,-3.4505381472457466,0.05532899978891868,162753.03400426693,1098,6518,1143,1222,6348,1189
4030,19493.870533510115,19493.870533510115,38987.74106702023,-5.656624895420531,-3.374035884209936,0.055113408857342956,158392.95070370127,5715,2578,466,4026,4353,380
4031,18330.045872839175,18330.045872839175,36660.09174567835,-5.300128708981379,-3.548698689435209,0.05533693308769486,160536.72654867612,3397,4865,497,3639,3814,1306
4032,17428.703538450012,17428.703538450012,34857.407076900025,-5.5451657281100655,-3.888470876048355,0.055507273087598404,162526.91595304006,2927,5160,672,2465,4663,1631
4033,16250.142600519453,16250.142600519453,32500.285201038907,-5.721423067202167,-2.87671272638649,0.05495229771494804,159101.83205287546,3055,4787,917,4936,2616,1207
4034,20500.71895665167,20500.71895665167,41001.43791330334,-4.631938323543955,-3.2700446073192837,0.05492058066953359,158332.09504662937,2358,5435,966,5770,2668,321
4035,18054.510721385876,18054.510721385876,36109.02144277175,-6.638088858204215,-3.5423790335362164,0.054824491279945306,156249.919376671,5988,1836,935,5086,2564,1109
4036,17846.44295419638,17846.44295419638,35692.88590839276,-6.233826819587837,-3.9887702064641735,0.054709375670865874,157789.72216374008,5369,2581,809,3906,3862,991
4037,19195.483915339326,19195.483915339326,38390.96783067865,-4.5346441326602385,-1.7642228667376358,0.055251820631586124,159263.04538703422,5082,2484,1193,4374,3712,673
4038,15522.009866337556,15522.009866337556,31044.01973267511,-6.56640623489918,-3.4536022697087203,0.05489123593357722,158527.70403528443,3538,4775,446,4656,2509,1594
4039,19056.062813397635,19056.062813397635,38112.12562679527,-6.227480194986593,-3.244795321107758,0.05488837587509538,159323.49798798974,2972,5308,479,4172,4053,534
4040,15636.170896206017,15636.170896206017,31272.341792412033,-5.344681347882484,-3.4495934445058363,0.0548775992972087,158141.729812996,5134,2856,769,5271,2540,948
4041,20291.721036274244,20291.721036274244,40583.44207254849,-6.3332886737976555,-2.994272004613416,0.054756481320352594,157487.55079495607,3033,4621,1105,4899,3443,417
4042,8146.778661958428,8146.778661958428,16293.557323916855,-6.933108939398424,-4.452266794362491,0.054719333182852034,164001.14366628675,3779,4445,535,4950,1229,2580
4043,19993.357662922543,19993.357662922543,39986.715325845085,-5.822489938654062,-2.847199720269845,0.0550809077944241,158952.10862984307,5062,2612,1085,3065,5268,426
4044,17487.73928458232,17487.73928458232,34975.47856916464,-5.06724060528454,-2.804684715658802,0.05470229790362118,157034.88101415854,7337,1050,372,3707,3991,1061
4045,21494.31801094361,21494.31801094361,42988.63602188722,-4.966579263787361,-2.2173339510147856,0.055285568704411314,158597.44266308003,4702,3457,600,3588,4805,366
4046,17070.706432425202,17070.706432425202,34141.412864850405,-5.5458752629217685,-2.7575663501633496,0.05531139308682397,165648.80555997064,6631,1172,956,2171,4858,1730
4047,20047.97737539272,20047.97737539272,40095.95475078544,-4.807287895121656,-2.758947718174619,0.055399277003793386,160760.35025536505,4415,4001,343,4258,3960,541
4048,13511.8808008502,13511.8808008502,27023.7616017004,-6.1658075793963665,-3.070626046303231,0.05495737772028088,163521.11883712924,3357,4437,965,5181,1280,2298
4049,21232.766631732233,21232.766631732233,42465.533263464466,-4.782748630736075,-2.5829072345567026,0.05534858901004513,159077.99812363507,6825,1775,159,2343,6136,280
4050,19480.775278452897,19480.775278452897,38961.55055690579,-4.973750066965676,-3.0598798406862873,0.0548726012785127,157486.658003509,4050,4212,497,5780,2453,526
4051,19631.32349939615,19631.32349939615,39262.6469987923,-5.662386965498685,-2.8235737917099324,0.05545727157811014,161972.45242771093,3143,4884,732,2270,5966,523
4052,18437.18580230772,18437.18580230772,36874.37160461544,-6.156322147157561,-2.692617986525858,0.0546328209393055,157250.41040202818,3944,4129,686,6029,2127,603
4053,19694.398944008983,19694.398944008983,39388.797888017965,-5.7147392237527965,-2.5306704705085927,0.05521893041908411,159805.8494775912,5887,2515,357,2879,5426,454
4054,20073.764821577864,20073.764821577864,40147.52964315573,-4.098977261503129,-1.9137988000092025,0.054700105851529505,156982.51958071764,1594,6687,478,7406,1012,341
4055,8752.902818108223,8752.902818108223,17505.805636216446,-5.873353279314345,-3.6280630910831393,0.05485514553195276,164193.83493982602,6012,2208,539,3014,3165,2580
4056,22328.82669899436,22328.82669899436,44657.65339798872,-4.77261873553066,-2.488962083360382,0.05493495175516895,158801.0651897485,3349,5012,398,4054,4285,420
4057,21388.10863894939,21388.10863894939,42776.21727789878,-4.098083530258623,-2.495177284809799,0.05549833373551245,160606.37474568747,1822,6281,656,3191,5280,288
4058,19144.950460020693,19144.950460020693,38289.900920041386,-4.76537211710451,-2.570137865672251,0.055575077567151195,161933.31152619165,4434,3989,336,757,7067,935
4059,7565.453962214969,7565.453962214969,15130.907924429937,-6.275341993813897,-4.2372323370533325,0.05471735620307775,164395.3058084822,773,7561,425,4153,1893,2713
4060,18090.36045292397,18090.36045292397,36180.72090584794,-6.739344866260648,-3.179393131026081,0.05497947170821888,157426.52669053586,6604,1425,730,3777,4349,633
4061,19839.112299556324,19839.112299556324,39678.22459911265,-6.405955102102915,-2.5976810476456045,0.05466512069688814,156228.9331655097,5007,3347,405,5483,2766,510
4062,21584.73873240266,21584.73873240266,43169.47746480532,-5.367488400429024,-2.457846480577963,0.05462909718540946,157659.77869741467,2907,5562,290,6035,2300,424
4063,19711.9023793932,19711.9023793932,39423.8047587864,-6.266540418092889,-3.0502792070878386,0.05537918288037762,160507.15621774973,5685,1896,1178,2461,5618,680
4064,20024.204450959955,20024.204450959955,40048.40890191991,-5.507011593435669,-3.022897336187139,0.055106202447581756,158659.74296212863,5931,2437,391,4510,3731,518
4065,7847.755371385763,7847.755371385763,15695.510742771527,-9.486326427520556,-5.737404623951709,0.0546766719768625,159643.60318489047,5707,2234,818,4656,2157,1946
4066,19039.1936886928,19039.1936886928,38078.3873773856,-6.219156737552468,-3.702716051639158,0.055279656366063586,158539.38360205424,5060,2497,1202,3758,4531,470
4067,21411.437535901383,21411.437535901383,42822.875071802766,-6.034780337197644,-2.901445638885259,0.055570232676444745,162154.54049658452,1822,6759,178,2518,5780,461
4068,21311.40902778421,21311.40902778421,42622.81805556842,-4.954834472908879,-1.6667795449414098,0.054708174852522135,157549.33731698748,2315,5787,657,5700,2713,346
4069,22414.91381404187,22414.91381404187,44829.82762808374,-4.699546530252586,-1.422592311320162,0.05498421429226154,158792.33050615044,1762,6699,298,4852,3625,282
4070,21903.05873759742,21903.05873759742,43806.11747519484,-3.9259333011180972,-1.5452262032505637,0.05477978421839704,157188.6624386203,2071,5821,867,6612,1794,353
4071,17553.246280445954,17553.246280445954,35106.49256089191,-5.278910503756889,-3.40305040679157,0.054845928980239066,157698.27442023184,5360,2928,471,3742,3745,1272
4072,12517.543379171291,12517.543379171291,25035.086758342582,-6.148297375399589,-4.134282372027528,0.05477185979396669,161884.84443694132,4569,3847,343,5157,1153,2449
4073,22211.256668958034,22211.256668958034,44422.51333791607,-4.691143915781939,-3.2124436051585397,0.054492249011568274,157106.34609665992,2097,6412,250,6911,1427,421
4074,18754.68990121578,18754.68990121578,37509.37980243156,-4.803105584066926,-2.8172151396842606,0.055076614923186634,165737.13043718706,1907,6282,570,3910,3295,1554
4075,18050.988320088712,18050.988320088712,36101.976640177425,-5.49354436578528,-3.2505168166430187,0.0553202134443561,159557.44590765695,7518,669,572,3203,4565,991
4076,19289.169813640005,19289.169813640005,38578.33962728001,-4.670300062060901,-2.2841733231710086,0.05514511599811332,159807.2442672474,3720,4463,576,4446,3963,350
4077,20907.683015388717,20907.683015388717,41815.36603077743,-4.662474902282097,-1.6371514390335176,0.05488449729417597,158582.76135096324,3324,4777,658,4062,4221,476
4078,20841.112779304636,20841.112779304636,41682.22555860927,-4.798015519269106,-2.9507737987124414,0.05463350199515637,154979.0276094762,5879,1900,980,6661,1463,635
4079,19011.75873532201,19011.75873532201,38023.51747064402,-4.8327298356269175,-1.3159275169765159,0.05493542113916526,156851.9191893927,5791,2154,814,4686,3275,798
4080,22653.331977684295,22653.331977684295,45306.66395536859,-4.007190301650408,-1.433502387577049,0.054627034722051326,157731.52349164672,3190,5100,469,4353,3993,413
4081,13457.726253089671,13457.726253089671,26915.452506179343,-6.249327937846175,-4.317155516003493,0.055460778327358,167466.5416796348,2836,5416,507,1693,4615,2451
4082,17002.163121311838,17002.163121311838,34004.326242623676,-6.212820864784587,-4.08709674833947,0.054922120847743575,158617.0287177754,4385,3664,710,3542,4045,1172
4083,21250.814037307577,21250.814037307577,42501.62807461515,-5.666715163534365,-3.558007173378123,0.05523543410389793,160390.6274590764,3438,4939,382,3372,4914,473
4084,17781.749123274643,17781.749123274643,35563.49824654929,-6.304623134084497,-2.6694836578984646,0.05489496282594996,156974.89120685298,6178,1897,684,4593,2683,1483
4085,21810.16817675102,21810.16817675102,43620.33635350204,-4.8552167744542185,-2.9129953101181907,0.05498189101095133,157792.89916177784,3478,4898,383,5016,3444,299
4086,19988.560833617794,19988.560833617794,39977.12166723559,-5.768173613863884,-2.6751874448414723,0.055651311159991806,161028.98171830404,4549,3712,498,2821,5271,667
4087,12036.989347637416,12036.989347637416,24073.978695274833,-5.944139243774031,-3.354121846840502,0.0544930531371481,161793.6677348151,3253,5043,463,5099,1214,2446
4088,21146.487223939133,21146.487223939133,42292.97444787827,-4.843927132385967,-2.1499225885628026,0.05475653223425751,157313.20045940633,3359,4345,1055,4881,3458,420
4089,20721.39586537328,20721.39586537328,41442.79173074656,-4.6564593736696125,-2.4132264247793938,0.05524550069173497,160300.14500863728,3442,4914,403,3682,4747,330
4090,19727.483553161954,19727.483553161954,39454.96710632391,-4.948429112907936,-2.6203560789527303,0.055542460903572795,162043.75418874974,2877,5326,556,2979,5292,488
4091,19159.017223068808,19159.017223068808,38318.034446137615,-6.439531954598025,-2.935993132827492,0.05452427259226524,156670.05990002476,3826,4178,755,6188,2125,446
4092,17589.591045937046,17589.591045937046,35179.18209187409,-6.485937141430373,-3.61641835461026,0.054711202593966134,158600.75720653008,3095,5225,439,4614,2692,1453
4093,15786.721952294018,15786.721952294018,31573.443904588035,-6.332096105699733,-3.9230581236130124,0.05525444328066505,159861.5643038163,6906,1611,242,2510,5029,1220
4094,7988.316291123115,7988.316291123115,15976.63258224623,-7.028375977805177,-4.594646454875175,0.05444726497352234,162013.8010025132,7165,1054,540,4244,1877,2638
4095,18463.41278293665,18463.41278293665,36926.8255658733,-5.72897158064154,-3.7438072136709453,0.055276362966642845,160883.04434696227,2421,6112,226,3108,5225,426
4096,20778.71320703689,20778.71320703689,41557.42641407378,-5.158964980730865,-1.7747822551748982,0.05487792977645264,156736.53881588674,5419,2223,1117,5410,2959,390
4097,19111.05325008622,19111.05325008622,38222.10650017244,-5.699754239199129,-3.5635758645131155,0.05532677995243443,160210.61070568225,5174,2871,714,3368,4584,807
4098,12619.40721170133,12619.40721170133,25238.81442340266,-7.779920119570887,-5.617215005174459,0.05520392656084028,163408.9099667847,1680,6703,376,2691,4935,1133
4099,12086.817644663544,12086.817644663544,24173.63528932709,-7.2246626897876975,-4.513541827331325,0.05471794223183716,158300.63966107773,3205,4242,1312,5700,1945,1114
4100,21359.543853059855,21359.543853059855,42719.08770611971,-6.133955735317668,-3.4171912245664697,0.05478105621732942,158017.79025613173,2886,5650,223,5832,2456,471
4101,20140.003827884637,20140.003827884637,40280.007655769274,-5.703182650753138,-2.729015094913884,0.05477065946074931,157924.41462210933,4353,4117,289,5548,2624,587
4102,23194.83677202235,23194.83677202235,46389.6735440447,-5.249245703234932,-1.5924950226501582,0.054621142250355734,157161.17994265663,4272,4285,202,5342,3179,238
4103,11448.550775070278,11448.550775070278,22897.101550140556,-7.98675692757272,-3.838338756935456,0.05471637774385026,162845.01900652034,4168,4329,262,4064,1969,2726
4104,17798.34052501566,17798.34052501566,35596.68105003132,-7.254216745761838,-2.8727985930775874,0.055441114833679306,166600.40454863146,4501,3281,977,1978,5028,1753
4105,19368.63564536272,19368.63564536272,38737.27129072544,-6.462378986653726,-3.05474547057027,0.05519975290335465,159888.72350802695,4386,3295,1078,2745,5359,655
4106,-306.7960190452321,-306.7960190452321,-613.5920380904641,-9.154852898632624,-5.456149073944606,0.05483756405335746,167941.05883940216,3261,5045,453,1202,4297,3260
4107,20863.558425438583,20863.558425438583,41727.116850877166,-6.4949478601791855,-3.1182420927753376,0.054626161191808596,156622.637244087,3813,3820,1126,6011,2511,237
4108,22286.451841442537,22286.451841442537,44572.90368288507,-5.036678106174515,-3.166869908462768,0.055185485164212,161516.39396475063,2216,6032,511,2623,5583,553
4109,11845.505773879007,11845.505773879007,23691.011547758015,-6.061857347800716,-3.984404150562186,0.05450486381801466,161884.1797382728,5655,2440,664,4082,2764,1913
4110,21246.52025098519,21246.52025098519,42493.04050197038,-5.506235596633443,-3.1449544718162783,0.054755813442660006,155875.60918711056,6271,1723,765,5431,2896,432
4111,21460.52699574332,21460.52699574332,42921.05399148664,-5.03756159577585,-2.5937603741365343,0.05481760029534552,157497.46034597198,3878,3751,1130,5554,2719,486
4112,18683.11665597634,18683.11665597634,37366.23331195268,-5.700860296942263,-3.9220987605567292,0.05487017675740479,156362.51502824508,4808,3221,730,5387,2828,544
4113,19900.299116084843,19900.299116084843,39800.59823216969,-6.132728049468575,-4.4385687854482665,0.05452026756272891,156599.83245212218,1892,5783,1084,6557,1743,459
4114,19663.7203024622,19663.7203024622,39327.4406049244,-5.702447822900366,-3.71123445405852,0.054654784807557394,156494.66777117702,5517,2233,1009,4349,3960,450
4115,20252.036669799327,20252.036669799327,40504.07333959865,-6.350671446315598,-3.4322908122125546,0.05480721799909289,158945.06678636928,3940,4487,332,4722,3329,708
4116,17282.303470456434,17282.303470456434,34564.60694091287,-7.646026866157562,-4.241293333190608,0.05530588380999044,160865.95582004281,3992,3567,1200,3312,4266,1181
4117,22332.50460398343,22332.50460398343,44665.00920796686,-5.5809990340670526,-2.916646353016635,0.05473530769651652,157537.99837389917,2538,5631,590,7346,1019,394
4118,20240.463283516758,20240.463283516758,40480.926567033515,-6.041610933088297,-2.83272311958481,0.05513797111329526,161085.4392822712,2657,5565,537,3870,4425,464
4119,19796.073615855155,19796.073615855155,39592.14723171031,-6.1852953885017925,-2.311831524092129,0.055081794224119254,160337.61178282258,2612,5884,263,2949,5325,485
4120,20596.343670849026,20596.343670849026,41192.68734169805,-5.942738589646074,-3.0010638015961906,0.05515179549516529,160427.20809758772,3007,5210,542,3484,4774,501
4121,17949.923610670823,17949.923610670823,35899.847221341646,-6.794295535507616,-3.1300845586672663,0.054702126514386926,156806.24869837155,4321,3415,1023,4781,2769,1209
4122,8185.250722080706,8185.250722080706,16370.501444161411,-6.945812700432551,-4.91879918678038,0.054810609776633844,165423.6712257815,2283,6178,298,2536,3651,2572
4123,16408.496486934615,16408.496486934615,32816.99297386923,-6.702792628705069,-4.338192281375199,0.055165092453999025,158240.58984992275,6995,1591,173,4391,3310,1058
4124,22692.395249648733,22692.395249648733,45384.790499297465,-5.600361765416301,-2.9597556880005023,0.05524661619005456,159963.1790460348,3782,4747,230,3041,5413,305
4125,17346.528753876704,17346.528753876704,34693.05750775341,-6.447771979077451,-4.176313002084627,0.055226421941060255,159937.24017463793,5725,2225,809,3667,4054,1038
4126,12502.992642416442,12502.992642416442,25005.985284832885,-7.732765688678129,-5.762922068688122,0.05479723013220023,159965.12033078665,3842,4096,821,4337,3321,1101
4127,20758.995395133323,20758.995395133323,41517.990790266645,-6.254375889016435,-3.5672482029137993,0.05528900925472388,159426.13723229294,3469,4247,1043,2805,5681,273
4128,22065.560437644883,22065.560437644883,44131.120875289766,-4.653414089257719,-2.2819821108002385,0.054884672139712404,157681.66198555357,3378,4528,853,5611,2878,270
4129,17485.89801377535,17485.89801377535,34971.7960275507,-6.599116907953843,-3.16926112166371,0.05478788928728106,157827.96078031932,2722,5531,506,5791,1704,1264
4130,21038.793935649228,21038.793935649228,42077.587871298456,-5.007834138753024,-1.9886181144018644,0.05537420443936051,160771.18425242178,2367,5684,708,4198,4323,238
4131,22323.9611104611,22323.9611104611,44647.9222209222,-4.459569914087809,-2.531602751651686,0.055228828009340626,159925.79681261856,1890,6198,671,5128,3272,359
4132,19175.693778305354,19175.693778305354,38351.38755661071,-6.16019400144283,-2.853651425369204,0.05512365613307013,159221.98611763187,5804,2575,380,2815,5406,538
4133,20076.68980211013,20076.68980211013,40153.37960422026,-7.622779503087143,-2.746622254183387,0.05551744987072283,160587.56485708384,3788,4740,231,4537,3912,310
4134,18999.348673473945,18999.348673473945,37998.69734694789,-6.835089799903898,-3.494406626852565,0.05497594429329317,158796.1699338628,1542,6670,547,4531,3771,457
4135,21811.576572176877,21811.576572176877,43623.15314435375,-5.582744580669529,-2.8011653387215967,0.05530281585806178,161379.4159389089,1411,6200,1148,2084,6357,318
4136,19026.270032053915,19026.270032053915,38052.54006410783,-4.892808811113268,-2.6665767051940663,0.05529471259683517,159034.45810845055,6193,2021,545,2101,6218,440
4137,17099.371396278697,17099.371396278697,34198.742792557394,-5.95164828434798,-3.635772422000387,0.05524385988916106,159868.15487230607,4110,4164,485,3724,3894,1141
4138,21568.28352213429,21568.28352213429,43136.56704426858,-4.623851126705114,-2.0296147275119107,0.05543001972322017,159840.05767700178,6086,1520,1153,2375,5974,410
4139,19187.03571775889,19187.03571775889,38374.07143551778,-5.520003902579482,-3.4938056975589666,0.05487954827951692,157080.9826033317,5284,2984,491,4673,3665,421
4140,17958.072646715562,17958.072646715562,35916.145293431124,-6.506160840464012,-4.316339752263461,0.05526799325464571,160250.36652346107,6595,825,1339,2080,6122,557
4141,22087.07381196942,22087.07381196942,44174.14762393884,-4.419181487644798,-2.9719816956923517,0.05451742435931163,154049.82498291362,6465,1767,527,7306,1144,309
4142,17322.725456771062,17322.725456771062,34645.450913542125,-5.925807715914252,-3.612993517275016,0.05452634582032921,162827.45784786672,3500,4725,534,5471,1403,1885
4143,15434.16088407432,15434.16088407432,30868.32176814864,-6.657863731146425,-4.099704000440706,0.05530733707361577,162216.3163911536,4229,3542,988,4248,3478,1033
4144,22249.681885860304,22249.681885860304,44499.36377172061,-6.436593546691363,-3.3163369079265044,0.05529909790723102,160246.34155117685,2357,5733,669,3580,4876,303
4145,13989.786497341629,13989.786497341629,27979.572994683258,-7.5429778229834,-3.816954875581859,0.05507944029612801,162859.34813196535,1915,6600,244,2559,4137,2063
4146,15717.893089730791,15717.893089730791,31435.786179461582,-7.5967721175114695,-4.430601748903608,0.05530051870338005,167827.75963592122,1655,6843,261,1181,5304,2274
4147,19954.473206630926,19954.473206630926,39908.94641326185,-7.821277158792189,-3.376769391321583,0.054534077953893485,156551.83605482927,6439,1743,577,4686,3526,547
4148,20068.9736251363,20068.9736251363,40137.9472502726,-6.917915705964393,-2.464744017870175,0.05527540234605366,160548.6087412014,3606,4148,1005,3682,4602,475
4149,19697.36523614289,19697.36523614289,39394.73047228578,-6.646766962604626,-3.135538520807697,0.05502089789651601,158209.21377316263,5928,2282,549,3797,4461,501
4150,20333.257512852215,20333.257512852215,40666.51502570443,-5.784107572351832,-2.9315663644334613,0.055195094596172244,158940.30002552227,5411,2763,585,4073,4388,298
4151,17321.42825129903,17321.42825129903,34642.85650259806,-8.30661879318086,-4.253515909383528,0.05480537319456984,159730.93442341592,1504,6011,1244,4304,3197,1258
4152,22375.83004145217,22375.83004145217,44751.66008290434,-6.174724579399084,-2.863688221642182,0.05534580971194294,160849.74742409884,4085,4579,95,3222,5258,279
4153,21387.052816338695,21387.052816338695,42774.10563267739,-5.556301083280967,-2.9430087763157924,0.054616615025262466,156501.4258558789,3927,4644,188,4898,3270,591
4154,19378.66130395066,19378.66130395066,38757.32260790132,-6.807676068969161,-3.688403562068844,0.055227796994526034,159139.81940004262,4341,3926,492,4426,3911,422
4155,21683.31107184717,21683.31107184717,43366.62214369434,-5.315264448571365,-3.5106496093722113,0.05479352833894221,157328.66486233074,5507,2084,1168,3680,4716,363
4156,22090.410689556516,22090.410689556516,44180.82137911303,-4.999758080403224,-2.6977943397364905,0.05475116311853045,156800.34531412116,3763,4436,560,6819,1708,232
4157,20779.175757068864,20779.175757068864,41558.35151413773,-5.911333534307948,-2.6868713766850627,0.05476126254701279,157177.5603959531,2547,5975,237,7061,1146,552
4158,21606.688238336243,21606.688238336243,43213.376476672485,-6.719732057480868,-2.071248418161166,0.05465657633667356,156475.4974105145,4130,3965,664,5011,3483,265
4159,9773.494960134696,9773.494960134696,19546.989920269392,-7.633763901448304,-4.632394545377122,0.055262318523004055,161012.44466946492,4771,3111,877,3171,3925,1663
4160,21401.25660395522,21401.25660395522,42802.51320791044,-6.222037285924032,-3.70957465325803,0.05469450876778626,156798.6822570748,4752,3633,374,5215,3117,427
4161,18859.80870543821,18859.80870543821,37719.61741087642,-6.63506133888765,-3.726771240604225,0.05477561170677576,156609.52680741178,5529,2528,702,4542,3483,734
4162,21587.32044613512,21587.32044613512,43174.64089227024,-5.699394362855122,-3.4274359494373776,0.054572043707886556,158010.52313861958,633,6963,1163,4781,3584,394
4163,14882.331895987249,14882.331895987249,29764.663791974497,-6.330302758310747,-3.4077057462989386,0.0554948313581469,161198.74529897285,5558,2276,925,2736,4546,1477
4164,21876.46436983964,21876.46436983964,43752.92873967928,-6.0429520998953565,-2.3992636023632743,0.05480162598912309,156891.97545990747,4961,3435,363,5121,3219,419
4165,22545.766038898993,22545.766038898993,45091.53207779799,-5.221615868769352,-2.630419938553564,0.05470203517079311,157460.45245844888,2088,6348,323,5731,2680,348
4166,19315.074120301895,19315.074120301895,38630.14824060379,-5.727996332735099,-3.3349538608006313,0.055423959771136386,159098.85453690574,3682,4495,582,4531,3868,360
4167,20737.813854160973,20737.813854160973,41475.62770832195,-6.146651646810223,-2.778512297190038,0.05527819164619383,161449.94504498504,2360,6087,312,2531,5852,376
4168,20682.251900215284,20682.251900215284,41364.50380043057,-5.905554646963888,-3.3192808914691003,0.05515419525208055,157915.50305506226,5882,2337,540,3535,4853,371
4169,22982.181047860082,22982.181047860082,45964.362095720164,-4.859582938323077,-2.6123679992990567,0.05474181508030308,156632.41105579236,4332,3929,498,5010,3380,369
4170,20346.775172876503,20346.775172876503,40693.55034575301,-6.184983276032722,-2.743282405865037,0.05465142377732038,155949.3705693459,5273,2709,777,5300,3015,444
4171,20779.445271499928,20779.445271499928,41558.890542999856,-5.651596795629575,-2.841132146187542,0.05523897413883802,160409.19615790574,3545,4928,286,4012,4454,293
4172,16802.026757989643,16802.026757989643,33604.053515979285,-6.504526146169361,-4.273241524334343,0.054848405591102135,159677.00871615214,3030,5339,390,4426,3442,891
4173,18813.00078163734,18813.00078163734,37626.00156327468,-5.652534809319464,-3.3965200553711696,0.054671084054448565,158326.93966710032,1395,6879,485,4866,2642,1251
4174,3602.379081198455,3602.379081198455,7204.75816239691,-8.256611556686797,-5.61855488717243,0.05499148034550203,169107.11635993322,5454,2913,392,2282,2788,3689
4175,21790.700480685227,21790.700480685227,43581.400961370455,-6.267661969262774,-3.42392358619569,0.055226796581639,160420.93685598316,3503,5009,247,3926,3995,838
4176,20329.097899166496,20329.097899166496,40658.19579833299,-6.06532977916632,-3.4277836149808065,0.054892172067827295,158976.81591349468,3154,5244,361,4068,3833,858
4177,17820.017728301205,17820.017728301205,35640.03545660241,-6.307106486560296,-3.404773593854254,0.05510996232485318,164438.57502119732,4855,2766,1138,3397,3835,1527
4178,23583.917581111844,23583.917581111844,47167.83516222369,-4.6145807513012285,-1.6575760759018379,0.05535152611471369,160255.3078942477,3775,4480,504,3013,5537,209
4179,21600.96259856161,21600.96259856161,43201.92519712322,-5.795306622534424,-1.6416710897831996,0.05524906442638555,160996.29071343434,1823,5874,1062,2933,5536,290
4180,17271.16887161016,17271.16887161016,34542.33774322032,-6.778726553716625,-2.9996736863165276,0.05529163771150669,165974.4467823649,2942,5470,347,3172,3837,1750
4181,17984.481687078056,17984.481687078056,35968.96337415611,-7.6298914241090285,-4.2833944219743225,0.055218541546068665,159182.28657947644,4086,4215,458,4050,4231,478
4182,20370.59519868149,20370.59519868149,40741.19039736298,-7.394284156074689,-3.3637551920941746,0.054795613197756936,157437.30220527097,4828,3630,301,5168,3200,391
4183,19335.984893892008,19335.984893892008,38671.969787784015,-6.774636120451438,-3.302041701145528,0.05492858048743575,157129.73542278036,6533,1957,269,4410,3567,782
4184,19888.027495219154,19888.027495219154,39776.05499043831,-6.851212221471045,-2.229221960066001,0.05518214275003262,158786.5336164486,5365,2469,925,2743,5463,553
4185,20063.65407989868,20063.65407989868,40127.30815979736,-6.268217480274914,-2.81194382718944,0.054613005335063906,157509.65670190868,2411,6180,168,5580,2687,492
4186,21510.413890924498,21510.413890924498,43020.827781848995,-6.0172171036525715,-1.735527170006629,0.05518173348190037,159586.11080021434,2205,6283,271,5137,3259,363
4187,16611.548479959492,16611.548479959492,33223.096959918985,-7.487608206509852,-3.989203570681572,0.05478925269700744,155916.29051699454,6943,1429,387,5270,2208,1281
4188,16972.579205636946,16972.579205636946,33945.15841127389,-6.686851831353905,-4.541223598534157,0.05528057581054694,159286.56765000397,6338,1560,861,3606,4006,1147
4189,16972.59187761846,16972.59187761846,33945.18375523692,-7.154632907122033,-4.236281520034167,0.0546593404351537,156098.5062242676,6235,1686,838,5147,2346,1266
4190,20665.66135099508,20665.66135099508,41331.32270199016,-6.436317670658734,-4.261566753851647,0.054730601515395,156037.94468510913,4660,3520,579,6332,1888,539
4191,19055.291275593485,19055.291275593485,38110.58255118697,-6.7439016995033585,-4.1284425177152135,0.05487637977537363,159697.5577477928,1280,6913,566,3588,4091,1080
4192,16381.841828341292,16381.841828341292,32763.683656682584,-6.8736680491008215,-4.38616347157243,0.05533024559810249,159860.96167150754,5868,2493,398,2506,4984,1269
4193,20451.600630472403,20451.600630472403,40903.20126094481,-5.32973579650248,-3.485742364779874,0.05537879581940652,160749.06891987714,2332,5521,906,3239,5156,364
4194,18692.640696965842,18692.640696965842,37385.281393931684,-5.450533752845822,-4.128879234403134,0.05481757556318134,158439.48562891132,2929,5336,494,4877,2630,1252
4195,20210.05327281004,20210.05327281004,40420.10654562008,-6.303349812225431,-3.469364705718492,0.05482759589939032,155883.32548069177,7723,903,133,5439,2897,423
4196,21498.839383711045,21498.839383711045,42997.67876742209,-5.785830036375665,-3.7024492602520156,0.05526915441050141,160495.1233777901,4072,4048,639,3264,5272,223
4197,22470.703621740202,22470.703621740202,44941.407243480404,-5.905888765300574,-2.6120805056666967,0.055307728569086646,160263.91303258084,2184,6155,420,5216,3226,317
4198,17294.484976040505,17294.484976040505,34588.96995208101,-6.162160395939765,-3.275829891541992,0.055104866574820104,159577.1970428728,5182,3150,427,2701,5263,795
4199,18103.972135835535,18103.972135835535,36207.94427167107,-6.741852603003216,-3.8361683948525194,0.05477231345394286,157546.53619095992,4909,3454,396,4416,3549,794
4200,17788.009237790702,17788.009237790702,35576.018475581404,-7.147401023191581,-4.171129322110903,0.05546770092255352,162312.37125851828,2206,6100,453,1733,6003,1023
4201,23101.979607574427,23101.979607574427,46203.959215148854,-5.970094568675074,-2.439408317068324,0.055387221447178524,159840.1057466045,4945,3345,469,2421,6064,274
4202,19610.03854155337,19610.03854155337,39220.07708310674,-6.646377132366527,-3.339064384521302,0.05447481085896993,157491.25322097816,2824,5418,517,5158,2847,754
4203,16451.84421529377,16451.84421529377,32903.68843058754,-6.767542470082799,-4.152442729243309,0.05524387326065682,160315.95180046838,2771,5313,675,4336,3280,1143
4204,13991.979753887406,13991.979753887406,27983.959507774813,-7.476537549674369,-3.557706921765392,0.05539253010243514,163509.31785840596,2977,5341,441,2759,4912,1088
4205,5846.814144932724,5846.814144932724,11693.628289865448,-7.817877173538485,-4.74216969299269,0.054830959318232994,163506.42633411605,5944,1715,1100,3702,2196,2861
4206,23523.71034812107,23523.71034812107,47047.42069624214,-5.081486248047779,-2.076786154003821,0.05533540715196411,161165.5218500254,2162,5731,866,3501,4933,325
4207,22327.47187210042,22327.47187210042,44654.94374420084,-5.959515826605628,-3.2332748836572915,0.05467846793815237,157044.7791534175,3301,5306,152,5393,2944,422
4208,19492.028256086207,19492.028256086207,38984.056512172414,-5.650045970454855,-3.210923056317322,0.0549558127120234,158423.36732990394,4277,3533,949,4371,3829,559
4209,20881.904379725416,20881.904379725416,41763.80875945083,-5.444823130241551,-3.1067451663471846,0.054798105627051265,155152.04444856785,6962,1339,458,7095,1315,349
4210,15974.296501441255,15974.296501441255,31948.59300288251,-6.429985740394268,-3.2920055645182265,0.05485297010077248,161933.855470247,4449,3521,789,5175,1897,1687
4211,20277.984309563442,20277.984309563442,40555.968619126885,-5.471854778774799,-2.197167360138554,0.05514948577002919,159182.65856312084,4340,4165,254,4349,3994,416
4212,20871.357886270027,20871.357886270027,41742.715772540054,-4.715411449193912,-3.1456026779976574,0.05471592379449157,158640.93359133272,1196,7233,330,5620,2329,810
4213,18208.70843835284,18208.70843835284,36417.41687670568,-5.363193705395694,-4.313598642924919,0.05454024104424065,155356.48552852962,5885,2476,398,6162,1434,1163
4214,10915.617838285978,10915.617838285978,21831.235676571956,-7.55912644079373,-5.438109662157715,0.05514676625738128,164947.63993543043,5941,2243,575,1884,4257,2618
4215,22207.749344989876,22207.749344989876,44415.49868997975,-7.538762924271679,-3.2972824822068496,0.05553289388015681,161994.99342703068,2061,6237,461,2210,6287,262
4216,18128.75518908695,18128.75518908695,36257.5103781739,-6.540198147157214,-3.869850369949823,0.05525573004205734,160417.94968669498,3438,4591,730,3964,4213,582
4217,20231.90175058188,20231.90175058188,40463.80350116376,-4.875182378419544,-3.6776168512768326,0.05558473387209845,160879.1660698947,3660,4727,372,2706,5634,419
4218,21766.4711520918,21766.4711520918,43532.9423041836,-5.41708487740059,-2.5706606147795026,0.05478352777297235,158791.4371866445,1753,6646,360,4523,3751,485
4219,19505.157599117916,19505.157599117916,39010.31519823583,-6.028675670168062,-3.5358268219721976,0.05472974422225734,157276.94474365533,2725,5681,353,5992,2293,474
4220,7910.220447853843,7910.220447853843,15820.440895707687,-10.07653619839444,-6.913493941761071,0.05522591157506756,167182.87640380318,4577,3929,253,1118,5200,2441
4221,23105.654616311647,23105.654616311647,46211.309232623295,-4.979784443555352,-2.5853246810900186,0.0552564805244507,160380.02581234972,3560,4737,462,3123,5377,259
4222,21317.904717675097,21317.904717675097,42635.809435350195,-5.547551684849956,-2.8746812169716165,0.05498643788824928,159568.12228042373,2092,6293,374,4173,4184,402
4223,21634.879514563643,21634.879514563643,43269.759029127286,-6.156405960243738,-2.646699762831266,0.05474103120896462,157419.6915051618,3879,4423,457,6411,2071,277
4224,20393.023083320502,20393.023083320502,40786.046166641005,-6.084840777186788,-3.3339447586130726,0.0545059909229155,155351.49807626114,5247,2390,1122,6064,2318,377
4225,20799.184623731162,20799.184623731162,41598.369247462324,-5.9073794757499725,-3.580087290906054,0.055356194198693386,159696.72785030128,5334,2698,727,2202,6270,287
4226,15289.800230533345,15289.800230533345,30579.60046106669,-6.146245389590623,-3.6179817344274583,0.05483751829467051,159263.6637177038,3001,5131,627,4961,2732,1066
4227,20459.18509879216,20459.18509879216,40918.37019758432,-5.5465170663686445,-2.277553098499277,0.05524104589463202,159576.0047637047,5017,3301,441,4298,3717,744
4228,15284.886217689196,15284.886217689196,30569.772435378392,-6.181344813684247,-3.4699592928997816,0.055270508216669054,164819.93311048872,5570,2780,409,2847,4086,1826
4229,19742.262285399876,19742.262285399876,39484.52457079975,-5.437301816539,-4.488980657669417,0.05516075054937474,158742.1273038318,5423,3076,260,3297,5081,381
4230,21865.296059517692,21865.296059517692,43730.592119035384,-5.182266759664507,-2.5491250728030375,0.05537624288915416,158249.45985677728,6487,1595,677,3943,4619,197
4231,22041.428670290137,22041.428670290137,44082.857340580274,-4.933129393043683,-2.3289136951891267,0.055397131346745974,158417.13933988116,5336,3088,335,5190,3268,301
4232,23006.582147017936,23006.582147017936,46013.16429403587,-4.34207432350536,-1.4973827678124676,0.05457605584296035,156305.84510577365,3002,5434,323,7414,1119,226
4233,19359.132932316126,19359.132932316126,38718.26586463225,-5.927969611054911,-3.0295130722760986,0.05476940460242989,156781.6349409034,3107,5216,436,6689,1490,580
4234,20474.670654806498,20474.670654806498,40949.341309612995,-4.7922299802992665,-2.6245524893349805,0.0551376026602666,159428.95813187273,4045,4493,221,4284,4123,352
4235,20644.405241922683,20644.405241922683,41288.810483845366,-6.2797231312825454,-3.8945727848827225,0.0553136951374292,160955.7401515701,2613,5702,444,2958,5376,425
4236,21489.979064077677,21489.979064077677,42979.958128155355,-5.078151774787189,-2.4395307258369696,0.05470329531500895,156050.73491210453,6254,2273,232,5138,3128,493
4237,15020.80964124619,15020.80964124619,30041.61928249238,-5.534253748029336,-3.6688064473197586,0.05478312923624952,158082.50681322592,3527,4609,623,4171,3324,1264
4238,18397.86143137396,18397.86143137396,36795.72286274792,-4.408832405803466,-1.936164511987498,0.05543325230929687,165552.5000159914,6046,2320,393,2072,5114,1573
4239,20773.251834040424,20773.251834040424,41546.50366808085,-5.451564366819035,-3.008926399970182,0.05484048853167097,156660.678740261,3466,4542,751,5336,2989,434
4240,19106.69371299378,19106.69371299378,38213.38742598756,-5.8445580407362625,-3.105501386947441,0.055366554374351944,160595.81863817965,2685,5063,1011,4153,4069,537
4241,19592.727300548147,19592.727300548147,39185.454601096295,-6.532906621006198,-3.656214757366543,0.05478606924931615,156379.242030011,6580,1466,713,4249,4206,304
4242,13409.518767976622,13409.518767976622,26819.037535953245,-6.945729081765312,-4.278865215890664,0.05518174356875695,163432.72684356142,2798,5037,924,1329,5766,1664
4243,11032.19232453002,11032.19232453002,22064.38464906004,-7.727951029341318,-5.629937076923559,0.05515553881906698,167855.44532651186,1005,6872,882,1183,4865,2711
4244,20261.61499043987,20261.61499043987,40523.22998087974,-5.859650677959782,-3.638078342329223,0.05536012209621427,159485.74569761677,4764,3797,198,2854,5344,561
4245,21519.987144367547,21519.987144367547,43039.974288735095,-4.748554782895514,-3.053504757487188,0.05546676470445253,158444.9110961615,7274,1211,274,3128,5313,318
4246,22068.722619739445,22068.722619739445,44137.44523947889,-4.325686877918301,-2.2527307762786704,0.0547550146121659,156732.53364238288,3610,4808,341,6927,1487,345
4247,19714.341551802696,19714.341551802696,39428.68310360539,-5.13268360532178,-2.4067344892191236,0.05470464515243108,157552.73702631507,3381,5030,348,5856,1954,949
4248,20552.928191070303,20552.928191070303,41105.856382140606,-5.074930062045903,-2.500508332142175,0.05453174337959595,156738.74102303424,3894,4671,194,4096,4026,637
4249,20658.143196941062,20658.143196941062,41316.286393882125,-4.7103022257235025,-2.5870355223037946,0.05460671665883767,155734.37083238526,5098,3387,274,6446,2000,313
4250,18039.51480110905,18039.51480110905,36079.0296022181,-5.041838336544129,-2.963049811385841,0.055473887682378833,167108.37354784642,1577,6487,695,3157,4167,1435
4251,6765.593607438367,6765.593607438367,13531.187214876734,-6.414913896940348,-5.347940772007739,0.05505352352797451,165298.14137127373,4384,3709,666,2211,3603,2945
4252,18904.206560090784,18904.206560090784,37808.41312018157,-5.982017865722918,-2.17017598228886,0.054630767269824694,157223.60999720474,1617,6447,695,5733,2528,498
4253,21638.909988708845,21638.909988708845,43277.81997741769,-5.7622688891086415,-1.7398453553036013,0.055431620657369375,161106.0709796724,2635,5840,284,3795,4555,409
4254,15902.93395574682,15902.93395574682,31805.86791149364,-7.257389509330643,-3.1717071439739883,0.05533150532177653,159428.980716782,5588,2068,1103,3864,3650,1245
4255,22455.691134612884,22455.691134612884,44911.38226922577,-5.568848355952234,-2.91367545574589,0.05477980902512505,158892.99794069133,2562,5237,960,4870,3577,312
4256,13863.32090877857,13863.32090877857,27726.64181755714,-7.5027989462730265,-5.097377929002077,0.055078887119522385,160662.85427606694,5825,2420,514,2789,4812,1158
4257,20139.204300546367,20139.204300546367,40278.408601092735,-6.53604853750813,-3.511068552706136,0.05534015894868869,160425.3903345993,3488,4913,358,3845,4568,346
4258,6140.781855128975,6140.781855128975,12281.56371025795,-7.412065266254255,-4.131073838100466,0.05488147873089615,164307.16897570572,5036,3259,464,3163,2793,2803
4259,18340.944008052284,18340.944008052284,36681.88801610457,-6.735304578839507,-4.110044933215588,0.05454014032318451,157166.01684742537,2192,6461,106,5796,1834,1129
4260,21684.789315817237,21684.789315817237,43369.578631634475,-4.464822517976765,-2.581269475623736,0.055163233951456024,159560.55946711177,5096,3208,455,3353,5026,380
4261,17831.425141428077,17831.425141428077,35662.850282856154,-5.319658041678928,-4.440233188291586,0.054481988064892274,157418.9993222893,3915,4414,430,5785,1922,1052
4262,20098.48794618114,20098.48794618114,40196.97589236228,-4.407469308785537,-3.8363012008216204,0.05463715025367593,157287.25994331617,2611,5508,640,6281,1963,515
4263,20031.248357618853,20031.248357618853,40062.49671523771,-6.03987657466915,-4.379736564423779,0.05532562076944214,159871.0588194811,5566,2478,715,3304,5150,305
4264,20456.87935625031,20456.87935625031,40913.75871250062,-6.072700091516412,-2.796174578534116,0.05538855771502494,159731.35991176727,4571,3524,664,3349,4946,464
4265,14932.460114276171,14932.460114276171,29864.920228552342,-6.975269833968988,-4.434173870342371,0.05518970955414373,164847.03856822415,6950,1319,490,1905,4464,2390
4266,19725.045527816616,19725.045527816616,39450.09105563323,-5.173219509481522,-4.033075940921921,0.054811616255293405,157516.36061860857,2361,5640,758,5145,2508,1106
4267,18016.903613666054,18016.903613666054,36033.80722733211,-6.407919942408509,-3.9459535608200262,0.05471945426272597,161992.3806565607,6510,1764,485,4242,2899,1618
4268,21154.31164213991,21154.31164213991,42308.62328427982,-5.924772945823477,-3.4681373396235218,0.05464446080071881,154976.81311367734,5533,2833,393,6786,1715,258
4269,22277.772654495442,22277.772654495442,44555.545308990884,-5.051256430409812,-3.9795051926435407,0.05481762263406828,156920.41935995306,6377,1792,590,4181,4325,253
4270,13682.361767976045,13682.361767976045,27364.72353595209,-7.155779744602383,-4.6389028381079385,0.054737156118420054,159862.28258954178,1810,6172,777,5156,2607,996
4271,17401.70895035364,17401.70895035364,34803.41790070728,-6.190786093453023,-3.7311790925991204,0.05478721567776062,157469.1445783593,4269,3991,499,5519,1973,1267
4272,19312.952830856688,19312.952830856688,38625.905661713376,-5.9333888450275385,-3.5473688250779385,0.05471229378381404,163878.22625085528,1791,6154,814,3907,3217,1635
4273,19561.48567522367,19561.48567522367,39122.97135044734,-5.708668359893103,-3.4401918051925096,0.054988109168717665,158221.48209204656,6257,1309,1193,3422,4996,341
4274,9991.767998071198,9991.767998071198,19983.535996142396,-6.825835378290416,-4.028483941351924,0.054828010248764034,164172.76094695547,3216,4154,1389,3803,2651,2305
4275,18683.958524115344,18683.958524115344,37367.91704823069,-5.7932419299470315,-3.2821581365779675,0.055338222490168655,161833.6115732242,1638,6587,534,1643,6118,998
4276,18363.845282454415,18363.845282454415,36727.69056490883,-6.290886179807819,-2.4902066943425583,0.05512010744476541,159928.57879721958,3859,4413,487,4663,3554,542
4277,6592.25517550646,6592.25517550646,13184.51035101292,-7.13101250354491,-4.0524167471151,0.054549896348677185,163096.28070481124,4581,3901,277,3736,1685,3338
4278,15498.30611163924,15498.30611163924,30996.61222327848,-7.44335652126242,-4.010055794332972,0.054788645854635415,157010.88389454986,3993,4091,675,4743,2721,1295
4279,8962.065147406249,8962.065147406249,17924.130294812498,-7.602765499075604,-5.535146966961955,0.0551270717814841,166972.50951798764,4180,4226,353,2501,3723,2535
4280,24179.01687959625,24179.01687959625,48358.0337591925,-5.30619130521137,-2.3134597304868065,0.055321749439008146,161150.96537715293,1646,6818,295,2709,5769,281
4281,21179.662896369387,21179.662896369387,42359.325792738775,-4.582011154942272,-2.9204660329411096,0.05489817764529874,159286.91480819156,2117,6060,582,4755,3201,803
4282,9502.474922855034,9502.474922855034,19004.949845710067,-5.632506993269765,-4.058288469712243,0.05449551626436759,162050.1630824058,4478,3711,570,4201,2130,2428
4283,20619.75506060246,20619.75506060246,41239.51012120492,-5.269080549209315,-2.970041085419016,0.0547467895643573,158015.65893045918,2761,5611,387,5045,3231,483
4284,21913.742437600456,21913.742437600456,43827.48487520091,-4.059927088357325,-2.936950526937146,0.05467524070135345,155238.78511904748,5101,3337,321,7385,1095,279
4285,18857.948254950865,18857.948254950865,37715.89650990173,-5.937556014549976,-4.045141056113305,0.05531590434761238,160989.77715687107,5903,2545,311,2412,5281,1066
4286,20337.160744353303,20337.160744353303,40674.321488706606,-5.674099873233666,-3.4959469754112042,0.055311219628567276,158736.24855157078,7245,837,677,4169,4135,455
4287,19258.666704657215,19258.666704657215,38517.33340931443,-7.3828494451732025,-3.6314001349990725,0.05479992093261735,158814.15238819318,4369,3897,493,3928,3909,922
4288,15592.342136876612,15592.342136876612,31184.684273753224,-6.455904666733353,-4.297467249047995,0.055168058624470835,166247.06440810947,3302,5068,389,2587,3710,2462
4289,21651.52136284419,21651.52136284419,43303.04272568838,-5.991822386122458,-4.191742465446062,0.055500727634409976,160490.39827082367,3670,4164,925,2655,5761,343
4290,21089.22475499333,21089.22475499333,42178.44950998666,-6.472271237548892,-2.928289061319407,0.05540301520210812,161493.80338611326,2830,5575,354,2716,5519,524
4291,18363.06417299153,18363.06417299153,36726.12834598306,-7.9268216148356805,-4.663941326666571,0.05507751518353647,160190.51720321883,2948,4982,829,4005,4063,691
4292,14088.447974845269,14088.447974845269,28176.895949690537,-7.207156883123955,-4.051397524830115,0.055325717415235884,165784.74292933155,5480,3005,274,2186,4093,2480
4293,14141.834700038058,14141.834700038058,28283.669400076116,-6.749289920208566,-3.9435776997276073,0.05552507975713465,167341.95989155138,4444,4034,281,2019,4356,2384
4294,20849.12322266255,20849.12322266255,41698.2464453251,-5.447737586283163,-3.118360022830577,0.05528093080266645,159015.82097919236,5086,2666,1007,4321,4027,411
4295,17943.768898066937,17943.768898066937,35887.537796133875,-6.2937874446194355,-3.0890343026153606,0.05455069527786433,156577.9475558745,4755,3665,339,6825,716,1218
4296,11815.034309928562,11815.034309928562,23630.068619857124,-7.246348745546338,-4.253848319720367,0.05553930247470594,169123.63314730304,3820,4571,368,2078,4511,2170
4297,17551.99336041127,17551.99336041127,35103.98672082254,-8.246010823887637,-4.26141702730692,0.054649109736050916,156180.40546672756,6622,1906,231,5111,2491,1157
4298,16927.878236125023,16927.878236125023,33855.75647225005,-6.886270191931805,-3.50546365444885,0.05507444223038816,158918.20105597147,5730,2588,441,3874,3625,1260
4299,19012.398814922646,19012.398814922646,38024.79762984529,-6.798530256718603,-2.9787548881277326,0.05536195108094765,162171.61392453627,2433,5515,811,2991,4970,798
4300,18766.811422747756,18766.811422747756,37533.62284549551,-7.66507964964958,-3.1525571078817305,0.055283675265927604,158914.00418507203,4920,3270,569,3565,4696,498
4301,21640.099738908066,21640.099738908066,43280.19947781613,-7.683991816768371,-3.34305083442529,0.05451248385800754,156377.6741320882,3390,4747,622,5661,2755,343
4302,21940.98976948927,21940.98976948927,43881.97953897854,-6.167326031014007,-2.5049327199196694,0.05470657538634147,155640.2919732275,6198,2024,537,6299,2142,318
4303,17456.791995792224,17456.791995792224,34913.58399158445,-5.724281161346929,-3.492750267046959,0.05473061955962298,161768.25110580423,6051,2362,346,5699,849,2211
4304,19561.291868202563,19561.291868202563,39122.583736405126,-5.580552574239575,-4.062257901494901,0.05482461964051143,158303.1394383143,2457,5633,669,4656,2838,1265
4305,12804.325254951405,12804.325254951405,25608.65050990281,-8.068759941109874,-5.564692744023393,0.05463211055173646,159892.07998767679,2585,5773,401,3453,4076,1230
4306,15488.224715763094,15488.224715763094,30976.449431526187,-8.207954753966618,-4.329921965937613,0.05520822315597468,158881.67586463506,6489,1285,985,4019,3219,1521
4307,16242.678956694399,16242.678956694399,32485.357913388798,-7.037601201383637,-4.054325063660914,0.05457145461401937,157007.78883487367,3320,5066,373,6306,1158,1295
4308,10544.21385300705,10544.21385300705,21088.4277060141,-7.1934033824757835,-2.921071274691059,0.05491778091291445,165407.6048025687,2743,4748,1268,2979,3571,2209
4309,18579.366972808806,18579.366972808806,37158.73394561761,-6.413632922020158,-3.14527075723417,0.05474036416123801,158925.84832693276,2214,5999,546,4133,3506,1120
4310,22356.20051656533,22356.20051656533,44712.40103313066,-4.449606091546785,-2.2117046113519976,0.055356891719188756,159241.07742683816,6369,2244,146,3144,5312,303
4311,18052.058620524338,18052.058620524338,36104.117241048676,-5.149765212842243,-3.135227420794605,0.05531009088284721,166940.15782170967,2143,6241,375,2112,4835,1812
4312,19689.53145729578,19689.53145729578,39379.06291459156,-6.089705858969334,-4.302130576487455,0.054890171880358433,157024.44653705633,6783,1600,376,4281,4068,410
4313,20826.77463701021,20826.77463701021,41653.54927402042,-6.401362019959771,-4.031656926694515,0.05459387785320351,156028.58150641434,5152,3085,522,5039,3386,334
4314,21767.119606618184,21767.119606618184,43534.23921323637,-5.754291486081326,-3.549003099002118,0.05480058401116093,157560.59402749882,4038,4396,325,4205,4102,452
4315,20166.34025008148,20166.34025008148,40332.68050016296,-6.2219017330366455,-4.307832538428371,0.05528004063034309,159222.28429784827,4606,3730,423,4514,3867,378
4316,17296.337915765685,17296.337915765685,34592.67583153137,-5.407961869125143,-4.725762331552418,0.055085537576934844,158438.10830646733,6515,1773,471,4564,3737,458
4317,16310.871707149614,16310.871707149614,32621.743414299228,-6.281902010845404,-4.126125990765961,0.05526438715798032,161681.06391532143,3660,4861,238,1984,5771,1004
4318,17175.52788290699,17175.52788290699,34351.05576581398,-6.23477367377838,-3.7218628157371967,0.05493738673732572,158801.67767824055,3508,4530,721,5744,1215,1800
4319,21417.01498173498,21417.01498173498,42834.02996346996,-5.113916312091794,-3.037016229983465,0.05553167731814892,160517.6760144452,3735,4461,563,3451,4963,345
4320,18117.11695200995,18117.11695200995,36234.2339040199,-6.393232382717107,-3.4871743631552485,0.05538144348678411,159880.146203495,7243,942,574,1547,6798,414
4321,20136.211071814516,20136.211071814516,40272.42214362903,-5.983777474628606,-3.6548186413305124,0.055382935034957996,160956.36678652998,3823,4074,862,2388,6112,259
4322,21030.07538315467,21030.07538315467,42060.15076630934,-4.77805073084693,-2.811245387500629,0.054995052831758415,158935.68633192158,2176,5300,1283,4404,3970,385
4323,2320.274567209636,2320.274567209636,4640.549134419272,-8.73239287435547,-5.693973301160571,0.054804552070086346,164901.55379364203,5215,2833,711,2280,2949,3530
4324,23150.094176510385,23150.094176510385,46300.18835302077,-5.936134990578853,-3.4638918785679746,0.05465049579054098,157931.566020236,1927,6483,349,5359,3145,255
4325,23441.745308317913,23441.745308317913,46883.49061663583,-5.510509672224069,-2.7255292365561883,0.055337303150316854,160484.52855096452,3239,5193,327,4099,4528,132
4326,21318.00194917634,21318.00194917634,42636.00389835268,-4.873972989566204,-2.5123987796313787,0.05476015026843911,156277.21683008043,4714,3135,910,5581,2765,413
4327,23947.88876260477,23947.88876260477,47895.77752520954,-3.561991322141419,-1.8781040381534138,0.05456974318614035,157113.74554720265,1703,6119,937,6833,1681,245
4328,16776.699253272465,16776.699253272465,33553.39850654493,-6.00072607119081,-4.104890802168421,0.05521390402246956,159371.01323995748,4859,3463,437,3413,4068,1278
4329,23094.12973832059,23094.12973832059,46188.25947664118,-5.019197459632577,-2.392240128999027,0.055182295864487925,158668.91390412854,7059,1466,234,3019,5532,208
4330,22440.45021744407,22440.45021744407,44880.90043488814,-4.94103957109316,-3.1058961085928067,0.05492886324367519,159516.8026067393,2104,6380,275,5217,3119,423
4331,23059.921837370603,23059.921837370603,46119.843674741205,-5.116948748160943,-3.0824934157697887,0.05550984595869971,161670.1428229872,2226,6268,265,4085,4396,278
4332,18393.891790078047,18393.891790078047,36787.783580156094,-5.988958184229862,-4.181644368382441,0.05546687765381706,160518.40072857117,5146,2563,1050,2941,4792,1026
4333,19392.253134438128,19392.253134438128,38784.506268876255,-6.266779973134068,-4.233140306684409,0.05533564336780439,161161.13044173096,2646,5428,685,2297,5461,1001
4334,20964.269828884662,20964.269828884662,41928.539657769325,-6.489098389051242,-4.139375778177584,0.0546515811312947,155712.65418873704,4493,3186,1080,6277,2027,455
4335,17697.705077126415,17697.705077126415,35395.41015425283,-6.055607611006169,-3.9134968291131553,0.0555259385263985,166775.95061587472,2903,4893,963,2840,4292,1627
4336,20155.574270742673,20155.574270742673,40311.148541485345,-6.363233778407712,-3.1665527098981134,0.054672748476713946,157684.89814467248,4182,4463,114,4812,3632,315
4337,4046.880687307195,4046.880687307195,8093.76137461439,-7.563176490259554,-4.868433710576554,0.05460828667086426,169939.00029537355,3816,3916,1027,2675,2192,3892
4338,17549.81893308226,17549.81893308226,35099.63786616452,-7.742213927280127,-5.012075361394788,0.05537633690861737,167133.08778632578,3938,3746,1075,930,6243,1586
4339,20901.754117679382,20901.754117679382,41803.508235358764,-5.582340457556414,-3.9602570506152723,0.05486385883389798,157163.1050599929,6181,1925,653,4899,3084,776
4340,21956.7666221051,21956.7666221051,43913.5332442102,-6.063008838792288,-3.366029500033309,0.054495786786583504,157886.35148837508,1752,6273,734,5446,2574,739
4341,18132.77315987617,18132.77315987617,36265.54631975234,-6.776065287622147,-4.017510178510013,0.05458611520438188,155139.45949293472,5711,2563,485,6637,909,1213
4342,21892.260270613642,21892.260270613642,43784.520541227284,-5.4658811090600645,-2.8229152938192033,0.05525981826286806,158629.38355067986,6457,1958,344,4272,4197,290
4343,22651.546316714535,22651.546316714535,45303.09263342907,-5.348780583703963,-2.6563852976248494,0.05459523071268702,154773.45500968874,5986,2263,510,7218,1182,359
4344,20871.467996661733,20871.467996661733,41742.93599332347,-5.6372675611606216,-2.7662029589779316,0.054727857902651805,156771.6760235489,5724,1686,1349,4286,4014,459
4345,21973.004498215356,21973.004498215356,43946.00899643071,-5.884410683127366,-3.7219809982719894,0.055660323099450265,162865.7018429971,2726,5830,203,2104,6341,314
4346,23405.967243443,23405.967243443,46811.934486886,-4.91288984468577,-2.1876299882628856,0.05542932997878797,161749.62266410573,1780,6487,492,2598,5943,218
4347,13777.463735067286,13777.463735067286,27554.92747013457,-5.543039554380084,-3.8835497532151813,0.0545634401833527,164440.1908117781,2572,5781,406,5812,782,2165
4348,19815.133788763196,19815.133788763196,39630.26757752639,-5.439923269934641,-4.337310087137456,0.05461125150058421,156385.76954140535,4917,3407,435,5542,2101,1116
4349,16935.402200350836,16935.402200350836,33870.80440070167,-6.794299975970764,-4.9450723725502295,0.055412960005713545,159682.50479408648,6491,1173,1095,2485,5182,1092
4350,21287.490915881895,21287.490915881895,42574.98183176379,-4.771433306386901,-4.021674031590727,0.054472922286844576,154645.08560928953,5760,2605,394,6049,2357,353
4351,19737.521831672635,19737.521831672635,39475.04366334527,-4.505483226841256,-3.7049555613455,0.05452833308803819,157730.61196090604,2350,6003,406,5593,1944,1222
4352,20870.473926630722,20870.473926630722,41740.947853261445,-5.02119774615134,-2.9961916808310347,0.0553233907202221,158490.21966840193,6030,2072,657,3911,4666,182
4353,15961.845155081504,15961.845155081504,31923.69031016301,-6.820936683643474,-4.901750421226641,0.05528469677367916,161210.79983646813,6235,1405,1119,1711,5302,1746
4354,19528.48019468831,19528.48019468831,39056.96038937662,-6.8893326898159115,-4.403805210079853,0.054654966608232484,154376.20277613524,7289,461,1009,7040,1157,562
4355,7760.1527544881355,7760.1527544881355,15520.305508976271,-6.9950447828879065,-4.7692767126531335,0.05459001146923621,164370.39761912636,2877,5599,283,3162,2823,2774
4356,15912.452473556792,15912.452473556792,31824.904947113584,-6.272951559359715,-5.650857058430162,0.05530780885663602,164692.92892350408,6233,1503,1023,2033,5087,1639
4357,19754.386640980592,19754.386640980592,39508.773281961185,-6.195805964235774,-4.810036625454765,0.0552294914145708,161152.1519588989,2359,5475,925,3102,4495,1162
4358,6378.603113886111,6378.603113886111,12757.206227772222,-7.681320307790962,-5.845677277275405,0.054700598389493205,164496.59993073513,2628,4797,1334,4055,1867,2837
4359,21332.46789463152,21332.46789463152,42664.93578926304,-5.318464135188975,-3.734282949278339,0.05539106211565356,162154.48942470254,1485,7023,251,2803,5791,165
4360,17214.53391656573,17214.53391656573,34429.06783313146,-7.5469134649641045,-4.786091400496515,0.054910974659343394,159439.9351678986,2200,6342,217,3630,3858,1271
4361,17724.66232632635,17724.66232632635,35449.3246526527,-5.092646294735933,-4.38136204561085,0.05479611156579057,156431.2316887261,4828,3019,912,4268,3200,1291
4362,21105.81526566078,21105.81526566078,42211.63053132156,-6.156029288131765,-4.895599436364118,0.05533755668213571,159269.45027823214,4566,3096,1097,4128,4330,301
4363,16411.707611599228,16411.707611599228,32823.415223198455,-7.630456963170932,-4.462683486902046,0.05514139296971891,161776.03399825393,2310,6329,120,2362,5156,1241
4364,6336.358842330829,6336.358842330829,12672.717684661658,-8.010978641406115,-5.240077736164984,0.054706772088385945,162320.9473824955,5680,2412,667,4013,1374,3372
4365,18930.595217275262,18930.595217275262,37861.190434550525,-7.326252956259531,-4.313514202644286,0.0546175906167547,155576.7839421935,4743,3099,917,5129,2526,1104
4366,18557.6544807088,18557.6544807088,37115.3089614176,-6.8690202989624805,-4.742526658420661,0.05486229292886098,158698.33797370258,3330,4580,849,4132,3586,1041
4367,4554.102473474259,4554.102473474259,9108.204946948517,-8.001609255058407,-4.805008848418719,0.05463176303717523,166039.9595976481,2438,5562,759,2921,2348,3490
4368,19278.788478235638,19278.788478235638,38557.576956471275,-7.53169001151831,-2.730268506992083,0.054933547197270775,157412.35713401285,3806,4797,156,6588,1086,1085
4369,17877.96528018907,17877.96528018907,35755.93056037814,-7.565683771210374,-4.550102976878763,0.05506407921497227,160141.53864611895,1265,6676,818,4395,3242,1122
4370,21567.50355246628,21567.50355246628,43135.00710493256,-6.263156043686601,-2.6915452970535227,0.05462706974331975,155385.2982624622,5939,2114,706,5993,2395,371
4371,19483.096885804956,19483.096885804956,38966.19377160991,-6.163780606415556,-3.528210003230547,0.05521742657693222,160825.21743128728,1165,6837,757,4624,3373,762
4372,21610.46568628104,21610.46568628104,43220.93137256208,-6.214084565391871,-2.9925762119539128,0.05466092758210332,157728.3934051646,2653,5153,953,5161,3195,403
4373,24043.581935638198,24043.581935638198,48087.163871276396,-4.699813807629302,-3.0258501178249353,0.05464354095081269,156129.67181824986,3389,4732,638,6215,2306,238
4374,5988.9969055038255,5988.9969055038255,11977.993811007651,-7.153298651015116,-4.550603072213587,0.054714399558541134,168257.67652091,3490,3959,1310,3878,1429,3452
4375,20317.49334569649,20317.49334569649,40634.98669139298,-6.056552273115733,-4.584104939158239,0.05471867763507328,156923.30315654443,4203,3413,1143,6772,1654,333
4376,4355.857622905003,4355.857622905003,8711.715245810006,-7.254411661696586,-4.9050863673689244,0.0550251494074198,165507.644548388,3847,4080,832,2138,2977,3644
4377,20998.84558218031,20998.84558218031,41997.69116436062,-6.355747177055946,-4.439546666262019,0.054593064742347305,156374.1905560723,6544,1508,707,5092,2813,854
4378,22026.938358312942,22026.938358312942,44053.876716625884,-5.379639823127328,-2.901681121871549,0.05489735721145578,157952.07383171265,4325,3340,1094,3621,4716,422
4379,23124.716274832488,23124.716274832488,46249.432549664976,-4.501084169560175,-2.4481826964049653,0.05552927042106129,159683.13095465637,5798,1802,1159,2433,6072,254
4380,20251.123899935857,20251.123899935857,40502.247799871715,-5.801619206360008,-2.3244489172604115,0.055311459942683806,159195.97236125727,4958,3168,633,4075,4337,347
4381,19979.834719697446,19979.834719697446,39959.66943939489,-6.362779777779308,-2.7918212177041064,0.05515336034887464,161914.58329497912,3585,4353,821,2113,6090,556
4382,20479.108185315752,20479.108185315752,40958.216370631504,-5.878332131456026,-3.4730863211135,0.05525909918404793,160042.7570154271,3788,3948,1023,4695,3619,445
4383,21925.28198002026,21925.28198002026,43850.56396004052,-5.6281039283872225,-2.6271250052498076,0.055204853411083984,159900.02359468094,1831,6131,797,4489,3943,327
4384,21166.656441252257,21166.656441252257,42333.31288250451,-5.284431102998137,-3.8001334141678114,0.055152237206857226,160483.91838634596,2915,4856,988,3156,5177,426
4385,23178.341695149633,23178.341695149633,46356.683390299266,-4.71519703854565,-2.4008087504977205,0.05485501099817681,157041.77473650852,3882,3840,1037,4551,3976,232
4386,20778.498387970616,20778.498387970616,41556.99677594123,-5.618208545358033,-3.748913644288451,0.05452199258919287,155527.80131614287,5790,2492,477,4389,3877,493
4387,6498.86652977941,6498.86652977941,12997.73305955882,-7.365768639309164,-5.024273709311942,0.0546761372799629,170075.13763539403,2666,5630,463,2310,2746,3703
4388,21411.75438847502,21411.75438847502,42823.50877695004,-6.426930968739443,-3.3876770693714198,0.05559794575170258,162028.66768807286,1908,6537,314,2095,6267,397
4389,23378.535558326865,23378.535558326865,46757.07111665373,-6.749899807709817,-2.777048684696066,0.05544259070446154,162326.13562660557,1010,7390,359,2129,6453,177
4390,22501.20579623988,22501.20579623988,45002.41159247976,-5.602493884094825,-1.9687996384405826,0.05462264244272433,157793.35972917048,1598,6444,717,5436,2970,353
4391,19976.063504530975,19976.063504530975,39952.12700906195,-7.353525216219881,-3.6312089011483386,0.055049014243414615,161186.63556884558,2054,5330,1375,2938,5032,789
4392,14713.491395733558,14713.491395733558,29426.982791467115,-7.64500731217902,-4.91071951343633,0.05512949087760638,166614.3642477038,2585,5010,1164,1812,4445,2502
4393,19810.808010300236,19810.808010300236,39621.61602060047,-7.591739841583578,-3.9205068321296666,0.05541865738012118,161684.95986245922,652,6961,1146,2679,5496,584
4394,20430.496113321176,20430.496113321176,40860.99222664235,-6.790225381379069,-4.215366131855063,0.05531588970138586,159600.38967535426,5194,3044,521,2960,4991,808
4395,19722.837483293428,19722.837483293428,39445.674966586856,-6.900213472613835,-3.3686773184078405,0.054891072074399784,156936.5270218657,4099,3666,994,5759,2633,367
4396,16022.108520732472,16022.108520732472,32044.217041464944,-7.360947024363489,-4.578844162627351,0.055344195828106145,167320.82140445136,1062,6353,1344,2862,3439,2458
4397,15762.235541136964,15762.235541136964,31524.47108227393,-7.668129906880898,-4.161272278047906,0.05460082091790199,162773.82540098927,3560,4624,575,4761,2151,1847
4398,17636.82004057549,17636.82004057549,35273.64008115098,-6.892569749118702,-4.0955581661563105,0.05496665877217692,164449.71744686842,2882,5145,732,4541,2562,1656
4399,23089.555955913198,23089.555955913198,46179.111911826396,-6.249818212404445,-3.684177373232567,0.05560443182384066,162550.0364795028,1921,6533,305,2062,6379,318
4400,21092.80712326875,21092.80712326875,42185.6142465375,-5.949406309066122,-2.9169023836315096,0.05476701272236537,156628.28793659914,5005,2941,813,4771,3587,401
4401,21603.331075650545,21603.331075650545,43206.66215130109,-5.591147867337773,-3.058205771676125,0.05521153245538876,159154.04941163622,6603,1640,516,2220,6346,193
4402,22385.900164005834,22385.900164005834,44771.80032801167,-5.831223013327445,-3.3874029323143664,0.05525392289011812,159179.77420688418,5268,2884,607,3814,4747,198
4403,23030.121905915064,23030.121905915064,46060.24381183013,-5.081970674492865,-2.7296421393316233,0.05474560372627209,155614.2538620832,4771,3656,332,5573,3017,169
4404,16587.787788476508,16587.787788476508,33175.575576953015,-7.801287726794908,-4.446912856716797,0.05521396326586826,160283.9357739253,5343,3202,214,1845,6194,720
4405,22694.720666790756,22694.720666790756,45389.44133358151,-6.112769281917921,-2.772142281490574,0.05506122614871102,160028.0201422254,2518,5707,534,3572,4898,289
4406,21663.611613982903,21663.611613982903,43327.223227965806,-5.477451984892585,-3.6347102280038435,0.05540066778357883,160931.99017670372,5319,3245,195,1995,5946,818
4407,16867.25011706265,16867.25011706265,33734.5002341253,-6.626505787753547,-4.1946847041334046,0.05516474251782038,164983.42636300967,4388,3675,696,2662,4530,1567
4408,21623.29250910956,21623.29250910956,43246.58501821912,-6.372495367460814,-3.8871450258191245,0.054427402231941785,155963.6971862657,4075,4314,370,6390,2016,353
4409,24078.857331511772,24078.857331511772,48157.714663023544,-5.946942625221607,-3.619829689449931,0.05490318733702189,156595.29281581496,4203,4292,264,5683,2827,249
4410,21894.224786104784,21894.224786104784,43788.44957220957,-6.730875555411527,-3.8971313933408536,0.05538135595194175,160270.29481027165,2110,6163,486,3176,5276,307
4411,23314.716132962196,23314.716132962196,46629.43226592439,-5.211442529848967,-2.5907911025422843,0.05557757570284001,160149.51230783513,3681,4678,400,2503,6006,250
4412,22532.8235958421,22532.8235958421,45065.6471916842,-4.947940476680214,-2.291046743795903,0.055455404765633924,160298.56665717316,4739,3317,703,2303,6139,317
4413,18958.34913000532,18958.34913000532,37916.69826001064,-6.727607096550224,-3.063034381297216,0.05533254264605281,166465.68894455608,4286,4234,239,3104,4004,1651
4414,15288.038404423167,15288.038404423167,30576.076808846334,-7.571567665554184,-4.773679677608557,0.05461502633351911,161307.13917037402,7313,954,492,5076,1452,2231
4415,22785.6049553906,22785.6049553906,45571.2099107812,-5.575521983827201,-4.101067789393505,0.05443242007784475,154864.35138038633,4566,3959,234,5886,2576,297
4416,19103.814358875963,19103.814358875963,38207.628717751926,-5.526060202234075,-3.135983480586824,0.0548490090840419,156902.82700923315,6215,2298,246,4606,3005,1148
4417,23454.78634469005,23454.78634469005,46909.5726893801,-5.049572795001131,-2.2670080855511796,0.054682945926048866,157532.00981357702,3762,3963,1034,4748,3726,285
4418,21771.447805799606,21771.447805799606,43542.89561159921,-4.998076045220113,-3.8240959183205203,0.05549901292333854,161687.4495835688,3494,4581,684,1988,6485,286
4419,22023.180438489515,22023.180438489515,44046.36087697903,-5.06980404677623,-3.3879383878620946,0.054744064036240235,158095.36778404936,2472,5909,378,6123,2447,189
4420,18841.651757828397,18841.651757828397,37683.30351565679,-6.244320924974423,-4.380372328791825,0.05529232895049845,160646.96933351632,5179,3207,373,1841,6136,782
4421,2129.286927292836,2129.286927292836,4258.573854585672,-8.616758239025758,-6.68014363936973,0.05477387737731601,166082.71620398198,3239,4371,1149,2121,2734,3904
4422,20930.21861897238,20930.21861897238,41860.43723794476,-6.800639022430861,-4.8919380426763,0.05512023578088305,158485.9029260165,4793,3034,932,3505,5027,227
4423,6862.715590857241,6862.715590857241,13725.431181714483,-7.437719103140708,-6.889196016559322,0.05458224946695589,164860.54022288913,2256,5361,1142,3207,2484,3068
4424,24465.40934229547,24465.40934229547,48930.81868459094,-4.855661615563949,-3.505748739105588,0.05438290088030506,155526.57741629615,3222,5331,206,6579,1993,187
4425,20101.929590031254,20101.929590031254,40203.85918006251,-5.728118902841204,-3.452363361068776,0.054695068913584624,162979.47765406594,2551,6060,148,4981,2284,1494
4426,10131.448360299508,10131.448360299508,20262.896720599016,-6.691879981817201,-4.282190247295157,0.05494284323172432,165128.3437736246,1762,5973,1024,4075,2386,2298
4427,21407.987611559915,21407.987611559915,42815.97522311983,-5.709664837545199,-3.4551973991450664,0.0551874878134831,159182.78147271197,6369,1574,816,3715,4622,422
4428,21884.910664511448,21884.910664511448,43769.821329022896,-6.130361868332082,-3.267479553671285,0.0546712403182415,155518.61572189137,6791,1266,702,5028,3489,242
4429,20392.644128908247,20392.644128908247,40785.28825781649,-6.109914700493052,-3.0931843762242353,0.05508766907263723,160423.76926407078,2385,6162,212,3815,4515,429
4430,14574.482962620588,14574.482962620588,29148.965925241177,-6.332145287631879,-4.146908612755328,0.05459668206786991,161972.63838673668,6048,2425,286,4732,1621,2406
4431,18699.50717038106,18699.50717038106,37399.01434076212,-6.230043671439902,-4.007938583791292,0.05546455216696253,161825.70522643562,2827,5062,870,2619,5121,1019
4432,21049.2093025487,21049.2093025487,42098.4186050974,-6.1381785443918995,-2.8936212643516646,0.05479293899174141,157857.22730601177,3967,4008,784,5145,3257,357
4433,19293.785290257034,19293.785290257034,38587.57058051407,-6.60022248603467,-3.5939069429375223,0.05542159330472426,162031.05974662976,3660,4750,349,2627,4971,1161
4434,20085.40314858514,20085.40314858514,40170.80629717028,-5.6077557641868045,-3.4092427763462476,0.05527870844715652,159458.3864318929,5499,3033,227,3006,5342,411
4435,20031.031552340308,20031.031552340308,40062.063104680616,-6.105617177753939,-3.5871585932173957,0.05500114395684415,158761.4871848981,2626,5918,215,3495,4605,659
4436,23949.881285542768,23949.881285542768,47899.762571085535,-4.2957311093055575,-2.6618016224802203,0.054552829245428036,154975.30311198247,7067,689,1003,5612,2937,210
4437,22542.93382239967,22542.93382239967,45085.86764479934,-4.337027162249437,-3.4091724598940183,0.05471501363604376,156986.20090700165,3522,4665,572,5629,2927,203
4438,21493.020983325172,21493.020983325172,42986.041966650344,-5.080612443248576,-3.5646961438486024,0.05445693021866479,154588.59054941626,6291,2095,373,6323,2050,386
4439,16513.68479082553,16513.68479082553,33027.36958165106,-6.318343283363579,-3.735617509028384,0.05530124493369002,165400.7416297178,4454,3867,438,2097,5055,1607
4440,9601.462446614456,9601.462446614456,19202.924893228912,-6.084174914989641,-4.532374465195341,0.054818703097840225,166398.13413132087,2550,5822,387,1568,4576,2615
4441,20244.797522024975,20244.797522024975,40489.59504404995,-5.429887788149252,-4.452892719173664,0.054839110234243656,158050.2723048351,3207,5236,316,4703,2988,1068
4442,20026.172209483295,20026.172209483295,40052.34441896659,-5.476554986679527,-4.314120845764773,0.05539749884278352,159562.08201423913,4612,3594,553,3136,5362,261
4443,19916.06715112787,19916.06715112787,39832.13430225574,-6.835912428867256,-3.9189009269855406,0.05521851982051663,158926.66253768012,6655,1666,438,2682,5623,454
4444,19803.427667262196,19803.427667262196,39606.85533452439,-6.02017384029497,-3.749841150054339,0.05452178191870865,156564.23604193353,1596,6179,984,6487,1426,846
4445,21855.314933315196,21855.314933315196,43710.62986663039,-6.359547931727601,-3.545448151044779,0.05457558398144651,157110.33845894856,1474,6884,401,5884,2580,295
4446,17564.498145789184,17564.498145789184,35128.99629157837,-6.138619761158668,-3.864868914632037,0.05436175857151279,161769.52205930164,3414,5153,192,6187,888,1684
4447,21744.12715111655,21744.12715111655,43488.2543022331,-5.883774676963384,-3.483706242516954,0.054506335605795965,156661.68428698383,4154,3601,1004,6342,2106,311
4448,22101.945644499614,22101.945644499614,44203.89128899923,-5.3698537311053816,-3.139817365403858,0.055488619995695716,161969.2046309292,1785,6309,665,2266,6110,383
4449,21102.20446157907,21102.20446157907,42204.40892315814,-4.6026904318590525,-2.776173539583262,0.055341634029279926,159021.38574083435,5054,2821,884,3537,4794,428
4450,21520.1435816955,21520.1435816955,43040.287163391,-5.509431913632058,-3.188879505362145,0.054740185069999385,157408.54855827705,3077,4868,814,4742,3640,377
4451,19796.41918233441,19796.41918233441,39592.83836466882,-6.4972485453648305,-4.167944851251338,0.054702169070599216,157460.9295316143,4364,3647,748,5301,2407,1051
4452,23194.237263354215,23194.237263354215,46388.47452670843,-5.095609917246255,-2.5672994625651095,0.05557527082296103,162100.5119491877,2997,5581,181,1683,6795,281
4453,24200.290220585655,24200.290220585655,48400.58044117131,-4.842485151100023,-1.8525314791462995,0.054614805368845686,157676.12054936352,1499,6977,283,5955,2503,301
4454,23380.96965113175,23380.96965113175,46761.9393022635,-4.9863346124724846,-2.6858888323396912,0.055328348711012124,161971.85917748456,1107,6487,1165,2568,5919,272
4455,21951.072856235314,21951.072856235314,43902.14571247063,-4.78690614125872,-2.7280182338174797,0.05534802461422432,159122.07044143273,4990,3085,684,3373,5103,283
4456,18457.151046336057,18457.151046336057,36914.302092672115,-4.181659496196975,-2.3781760300785186,0.05467216962797256,161218.00906538256,6218,1921,620,5348,1871,1540
4457,9899.385000895838,9899.385000895838,19798.770001791676,-6.081732021365852,-4.519609258159624,0.05478841603627592,163236.57376191125,5444,3080,235,3429,2695,2635
4458,22646.729467019584,22646.729467019584,45293.45893403917,-5.363159132535139,-3.411975272051208,0.05547530325034106,158985.72753279386,5599,2952,208,3852,4705,202
4459,21000.006448342636,21000.006448342636,42000.01289668527,-6.306806606810909,-3.570024022448573,0.05463032872686229,155134.07894582683,5891,1894,974,6316,2028,415
4460,18307.024516872047,18307.024516872047,36614.04903374409,-5.866040122655047,-3.5832280447584215,0.05486832824631035,164510.64781239477,1946,5716,1097,4657,2078,2024
4461,18625.118937125513,18625.118937125513,37250.23787425103,-5.522540062209854,-3.738040541696872,0.05452193162834762,162121.27365997352,3270,4510,979,5112,2063,1584
4462,20359.778108021805,20359.778108021805,40719.55621604361,-6.600053176325231,-3.724385361003188,0.0552489599081665,161420.91905732642,3179,5354,226,1933,5960,866
4463,18238.15801863759,18238.15801863759,36476.31603727518,-7.530939244430244,-3.9599539741456384,0.055073225884358715,161202.17296564215,1909,6116,734,2954,4525,1280
4464,21485.485070871782,21485.485070871782,42970.970141743564,-6.555213716832466,-3.774109898655252,0.05446266864767942,156615.18420913757,2146,6427,186,7725,445,589
4465,19770.796344339717,19770.796344339717,39541.59268867943,-7.660830986337021,-4.4920907648208175,0.0547649345792764,157925.74631522666,3346,4900,513,4403,3964,392
4466,17416.116425356387,17416.116425356387,34832.232850712775,-7.137786252255518,-4.19036737350312,0.055499110192548884,165190.1184553298,6269,1852,638,1728,5289,1742
4467,12014.711180563621,12014.711180563621,24029.422361127243,-7.876301754974746,-5.470884309724275,0.05534956789199213,161861.1726550745,4908,3032,819,1475,6120,1164
4468,18912.7073830662,18912.7073830662,37825.4147661324,-6.696748318360079,-4.004998375444646,0.054787083529324695,156228.35529035627,5672,2779,308,6339,1326,1094
4469,21571.130180508793,21571.130180508793,43142.26036101759,-5.713697077734154,-3.187023735570957,0.05532145031675372,158719.09989815785,5594,2027,1138,4068,4395,296
4470,16473.633926190443,16473.633926190443,32947.267852380886,-6.279761948951378,-4.408194299101254,0.054550304319754675,162954.96188266957,2796,5611,352,5033,1845,1881
4471,18208.53301028339,18208.53301028339,36417.06602056678,-7.3359795932750576,-3.6717020984205386,0.05527781217808128,160271.62747360975,5649,2748,362,1791,5976,992
4472,19380.609059152048,19380.609059152048,38761.218118304096,-6.190644086441713,-4.1199459672967915,0.054755648222543474,156395.81480439255,4968,3092,699,5821,1829,1109
4473,16750.032225380874,16750.032225380874,33500.06445076175,-5.730453092016205,-4.240478372316137,0.05524294763490986,166849.04259585874,2650,4755,1354,2320,4671,1768
4474,20044.44470601448,20044.44470601448,40088.88941202896,-5.895757869762137,-3.3033303934795355,0.05544696299867412,160504.76921305168,3164,5016,579,4663,3771,325
4475,18918.942468834684,18918.942468834684,37837.88493766937,-5.764132145804663,-3.4637166623543343,0.05464764324928807,157416.3922548719,3455,5194,110,5022,2627,1110
4476,23532.450536157357,23532.450536157357,47064.901072314715,-5.283308172903289,-3.1611752586594224,0.0548294151942164,156335.65544285747,5049,3467,243,4623,3851,285
4477,18439.721343681013,18439.721343681013,36879.442687362025,-7.075170723380779,-3.2620262336939634,0.05524763552036146,160916.06013430297,950,6828,981,3138,4626,995
4478,16657.963514309493,16657.963514309493,33315.927028618986,-8.429929917216553,-4.1903449962822386,0.05518141622550539,159379.40407309815,5475,2441,843,4251,3402,1106
4479,22197.598395654597,22197.598395654597,44395.196791309194,-7.163964547097606,-2.8958039152311246,0.05472676148878893,157521.8480307025,4086,3986,687,6149,2316,294
4480,20025.10967059038,20025.10967059038,40050.21934118076,-6.916990585193936,-3.6953625869747144,0.054832722996507675,158848.1306665942,2352,5842,565,5050,2543,1166
4481,7682.217579759841,7682.217579759841,15364.435159519682,-7.357905791651111,-5.295256409363736,0.05515852686965984,164331.49708358932,6011,1629,1119,3209,3007,2543
4482,15687.016461711413,15687.016461711413,31374.032923422827,-7.538395105626874,-4.265669901716802,0.055322333493578554,166045.85370942333,4965,3421,373,1865,4713,2181
4483,22815.36388505829,22815.36388505829,45630.72777011658,-5.466769222533308,-3.887789713480229,0.05480637115072984,157931.15823188325,4228,4338,193,4990,3482,287
4484,20729.256627855575,20729.256627855575,41458.51325571115,-5.9163543721697245,-2.7138481899552764,0.055245496481802575,158523.6590657064,5741,2741,277,4064,4436,259
4485,20650.531838458304,20650.531838458304,41301.06367691661,-6.151580726200561,-3.752126909475184,0.05534339997649745,160104.52222681875,4704,3288,767,2594,5814,351
4486,22926.556809514826,22926.556809514826,45853.11361902965,-4.762370605831106,-3.3680579590939663,0.055277442231094195,161513.6095691146,2721,5589,449,2382,6118,259
4487,20821.1367372124,20821.1367372124,41642.2734744248,-5.455416416442064,-3.4480866088499975,0.05483974146011939,158842.8164946756,2614,5781,364,4723,3726,310
4488,20573.547781627454,20573.547781627454,41147.09556325491,-5.631101203577299,-3.601093996650384,0.05494992540430819,157866.86341342406,3863,3869,1027,4192,3550,1017
4489,21255.941878686703,21255.941878686703,42511.883757373405,-5.643401714977845,-2.9220497400118166,0.055518964307079324,160450.37711652642,6304,2093,362,2584,5879,296
4490,5238.221141596819,5238.221141596819,10476.442283193637,-9.073844141120619,-5.711819689641452,0.05495977859201274,172516.82116903827,1856,6757,146,1229,3588,3942
4491,22028.366640240492,22028.366640240492,44056.733280480985,-6.940650444095376,-3.8202990867741735,0.055474333968767026,162243.63106040074,1969,6391,399,2754,5782,223
4492,23687.861615083235,23687.861615083235,47375.72323016647,-5.5302945755878055,-3.2667589400537853,0.05476853533653913,157828.48588155553,2720,5781,258,4785,3711,263
4493,23484.62562021147,23484.62562021147,46969.25124042294,-5.3309208341417005,-3.3077605325783805,0.05519047496535209,160741.70051222979,2865,5427,467,2991,5537,231
4494,9150.62545786252,9150.62545786252,18301.25091572504,-6.458394892577439,-3.54965170258863,0.054628882316956166,163049.80471083472,6143,2158,458,3995,2410,2354
4495,21400.68728895527,21400.68728895527,42801.37457791054,-5.07807546797066,-4.161116250930161,0.0546731688852527,157163.22626845568,2864,5508,387,5597,2692,470
4496,20318.55529987726,20318.55529987726,40637.11059975452,-6.812142147207264,-4.6554271134717595,0.05556001787478873,163235.13529033225,4007,4273,479,1036,6919,804
4497,22294.287856704406,22294.287856704406,44588.57571340881,-5.948796319286323,-3.3739409259655027,0.05455905633335502,155041.6075166153,5542,2302,915,5784,2694,281
4498,20203.312888169414,20203.312888169414,40406.62577633883,-6.4519371360379285,-3.61384728395075,0.05513831040689371,161281.72749064225,2188,5594,977,4418,3304,1037
4499,22773.537881893568,22773.537881893568,45547.075763787136,-6.822851533462879,-2.641314181595679,0.05500855016157487,158924.94444799717,1316,6329,1114,4955,3549,255
4500,20534.764715516372,20534.764715516372,41069.529431032744,-6.7071878873593445,-4.069228139641081,0.055317587620052344,160167.36060542255,3611,4414,734,3449,5120,190
4501,13394.282028286347,13394.282028286347,26788.564056572694,-6.9908413295168215,-5.0175532820330435,0.05546806250175043,165736.62448692182,6904,1408,447,2605,3570,2584
4502,18818.06156941555,18818.06156941555,37636.1231388311,-6.101190141644662,-4.483840472953142,0.0552528990407457,166880.52783163518,1486,6871,402,2210,4887,1662
4503,19579.00443580741,19579.00443580741,39158.00887161482,-6.74358311041307,-4.699093450789053,0.05466639806975691,156010.26954642145,6237,1807,715,4574,3065,1120
4504,21263.438965377132,21263.438965377132,42526.877930754265,-6.3882658626934985,-3.5605583426055136,0.05481975969190979,156834.94516989624,5823,2327,609,5557,2380,822
4505,19105.58401074665,19105.58401074665,38211.1680214933,-6.332443737424208,-3.666289833238714,0.05538026394716927,161300.68138761434,4584,3724,451,2234,5757,768
4506,20631.833102324046,20631.833102324046,41263.66620464809,-7.138132918077137,-3.9784280176624893,0.054478677150892954,157087.73677929278,2786,5535,438,6462,1499,798
4507,10093.176872160837,10093.176872160837,20186.353744321674,-7.255995156529923,-4.104386542027305,0.05481049530479057,163753.09179813406,5673,2903,183,2250,4023,2486
4508,23352.432911232714,23352.432911232714,46704.86582246543,-5.42391452329211,-3.102429640397804,0.054634432250057936,156383.99577522452,4350,3560,849,6417,2149,193
4509,21583.04135480991,21583.04135480991,43166.08270961982,-6.017590551671657,-3.246448766845796,0.05533038441210835,160276.3860631643,3108,4466,1185,2579,5884,296
4510,19789.007166656676,19789.007166656676,39578.01433331335,-6.295235918898061,-3.5815629205061033,0.05542995119940205,160830.3180199344,5059,3382,318,2591,5438,730
4511,21948.713484463467,21948.713484463467,43897.426968926935,-6.464573738010455,-3.2637363457241615,0.0553620372194896,159846.2992588108,5138,3426,195,2240,6220,299
4512,22827.782666441362,22827.782666441362,45655.565332882725,-5.6175430862169975,-3.339849011075273,0.05547405023654352,160618.85197765223,2913,4689,1157,4697,3885,177
4513,15919.82638517854,15919.82638517854,31839.65277035708,-7.118985109178393,-4.231899071762847,0.05485240440808484,157682.68562406648,6821,1260,678,4405,2515,1839
4514,23314.08980072392,23314.08980072392,46628.17960144784,-6.583894553569429,-3.4398649771818626,0.05524828804024129,161069.99758768373,1941,6586,232,4563,3947,249
4515,20261.011286007702,20261.011286007702,40522.022572015405,-6.123376389984753,-4.0196287822815675,0.05476008338486159,155186.8826229925,6019,2219,521,6450,1918,391
4516,22515.950580458633,22515.950580458633,45031.90116091727,-5.951384252436501,-2.944946012635,0.05549215773490873,162611.98664320935,1738,6077,944,1397,6940,422
4517,22384.361658678656,22384.361658678656,44768.72331735731,-5.792338158129815,-3.1792251570014534,0.054742262817690505,157781.92024058814,3796,3607,1356,4934,3561,264
4518,23665.123986258393,23665.123986258393,47330.24797251679,-5.18334693913264,-3.2354862061066316,0.055588772856107777,158986.4343417466,6367,1551,841,4162,4376,221
4519,23046.7725874943,23046.7725874943,46093.5451749886,-5.463528210340975,-3.133328714920453,0.05503669490647532,157233.79919384903,4446,3434,879,4177,4297,285
4520,22862.560789611372,22862.560789611372,45725.121579222745,-5.437868453396969,-4.284795754238084,0.05538303048984814,161821.98717509565,2880,5725,154,2414,6111,234
4521,22234.305858343694,22234.305858343694,44468.61171668739,-5.134225556249237,-4.24025025638653,0.05445799696485298,154627.66190526367,6260,1902,597,7118,1406,235
4522,21355.62841034934,21355.62841034934,42711.25682069868,-5.844273132603462,-3.8201585875543764,0.055353016794326367,159455.84636147576,5702,1761,1296,3232,5328,199
4523,22504.7746110574,22504.7746110574,45009.5492221148,-6.498567013641769,-3.2399847141065763,0.05457203745058939,156460.11356036726,2732,5668,359,6562,1894,303
4524,21252.461929409623,21252.461929409623,42504.923858819246,-5.881155304641665,-2.9152819903703606,0.05547807144577725,162743.68120517003,3050,4873,836,1862,6086,811
4525,18134.421912016795,18134.421912016795,36268.84382403359,-6.403442437822588,-4.522122919717283,0.05506073647939514,164709.41735506256,3354,4208,1197,3455,3597,1707
4526,13411.452922373719,13411.452922373719,26822.905844747438,-7.451971955603231,-5.328947777079625,0.0551814573725459,165364.3262060643,5775,2423,561,2180,4148,2431
4527,19946.290788918504,19946.290788918504,39892.58157783701,-5.5408627148480045,-4.719668911290135,0.05453837323664741,161577.67279891946,5544,2984,231,5025,2164,1570
4528,12631.895838744993,12631.895838744993,25263.791677489986,-7.226923208229872,-6.7945091315051585,0.05503894773464989,160351.78865092265,5557,1725,1477,3845,3784,1130
4529,15593.365218659048,15593.365218659048,31186.730437318096,-7.9516038180718365,-5.297195743157946,0.05485463651815717,158679.45014987106,2098,5066,1595,4768,2589,1402
4530,21321.711724322005,21321.711724322005,42643.42344864401,-6.670671691156982,-4.226531977392776,0.05502806944523665,160519.30262885132,2672,5477,610,4470,3745,544
4531,17861.912877026174,17861.912877026174,35723.82575405235,-6.538456016926684,-4.309109364265317,0.05465272969955066,155739.71936312303,5930,2452,377,5158,2518,1083
4532,9207.041209640907,9207.041209640907,18414.082419281815,-6.554786545292161,-4.409771828356392,0.05452720070683878,163847.4827417749,2169,5804,786,4239,1868,2652
4533,24428.240545411583,24428.240545411583,48856.48109082317,-4.539016161829292,-3.732898380635226,0.05556507035810556,161156.48271627413,1478,6261,1020,4324,4264,171
4534,23804.178368302604,23804.178368302604,47608.35673660521,-5.0685677515894065,-2.4043612274717128,0.05526182184469928,160526.56308501147,2999,4956,804,5243,3249,267
4535,6907.799305623917,6907.799305623917,13815.598611247833,-6.5872948944377665,-5.027825927141751,0.05506284785498771,167422.40155227363,1901,6135,723,990,4996,2773
4536,20170.580640131433,20170.580640131433,40341.161280262866,-5.921855653602558,-3.848199218244514,0.05466020258765752,155412.24474318884,5833,2720,206,6859,876,1024
4537,15093.260400506117,15093.260400506117,30186.520801012233,-7.008739335040952,-4.941222370225041,0.055462664979528196,165779.9957397813,4536,3156,1067,2418,3892,2449
4538,3959.934077960725,3959.934077960725,7919.86815592145,-8.994071002025597,-7.135597294109247,0.05468792177387642,166201.643423374,2709,5129,921,1694,3777,3288
4539,23104.65504859665,23104.65504859665,46209.3100971933,-5.957954215510536,-5.140711065152892,0.05460743894239497,155413.0037971093,4760,3226,773,5738,2758,263
4540,23960.06912793109,23960.06912793109,47920.13825586218,-5.874471251857387,-4.42464068117589,0.05459956662806866,154732.05172257763,5199,2777,783,5919,2641,199
4541,22617.236764837315,22617.236764837315,45234.47352967463,-5.929914147712435,-3.62695149235471,0.05477854643988838,155709.7498721329,5901,2086,772,5608,2981,170
4542,23549.801716240152,23549.801716240152,47099.603432480304,-5.159816530295983,-3.090771000253766,0.05454053893027621,155316.6307388869,3669,4710,380,6721,1804,234
4543,24204.36149948013,24204.36149948013,48408.72299896026,-4.238494574972352,-3.051723311418028,0.055552596261774716,161528.38214337092,2137,6111,511,1751,6823,185
4544,5618.720793180814,5618.720793180814,11237.441586361629,-8.467892742780998,-4.993972014215937,0.05512752977430305,168059.48772680853,2178,6121,460,2030,3485,3244
4545,23439.70525281834,23439.70525281834,46879.41050563668,-6.1331982340490265,-3.916697915026277,0.05549372995741493,160013.30264632058,4221,3746,792,3292,5276,191
4546,23403.377998951295,23403.377998951295,46806.75599790259,-6.183588746751502,-3.2977239413668116,0.05534855564848976,160489.7548106843,4795,3702,262,3646,4916,197
4547,23388.212861389038,23388.212861389038,46776.425722778076,-5.7501645198458,-3.7920246802469055,0.054623762958394016,155320.50865638477,6877,1500,382,5893,2585,281
4548,22451.25881379914,22451.25881379914,44902.51762759828,-6.351684240786418,-3.8258566726177583,0.05539168229264139,160538.34040606857,3619,4865,275,3986,4525,248
4549,22055.4106037002,22055.4106037002,44110.8212074004,-6.410237049273544,-4.806308681510385,0.055488949185629965,159383.44179622518,3839,4040,880,4335,4148,276
4550,21941.327409800946,21941.327409800946,43882.65481960189,-6.268782429347923,-4.333310895873328,0.054486391464766734,156515.18090885333,2947,5595,217,6706,1751,302
4551,18357.799531482593,18357.799531482593,36715.599062965186,-5.7460414451460435,-4.512042144943549,0.055311814082462225,160136.47655615854,3939,4273,547,3183,4444,1132
4552,22222.96197075561,22222.96197075561,44445.92394151122,-5.548523058401825,-3.720065734875474,0.055495264488272376,161000.10780775762,1964,6479,316,4004,4507,248
4553,21621.026093072018,21621.026093072018,43242.052186144036,-4.986734434829844,-3.3492869606003026,0.05460654920829368,156786.7947295229,2296,5698,765,7027,1278,454
4554,8030.522738732473,8030.522738732473,16061.045477464946,-6.621742161096205,-5.523513801061057,0.054930692906595156,165505.574053872,3467,4438,854,2547,3462,2750
4555,20579.31435006097,20579.31435006097,41158.62870012194,-6.036506545086308,-4.724590358264933,0.05551099873302774,160972.92476379414,2806,5129,824,3456,4726,577
4556,19468.32451588,19468.32451588,38936.64903176,-6.324401106002437,-4.380217620742876,0.0544800090913413,157275.408294755,1318,6619,822,5925,1742,1092
4557,19016.61352474438,19016.61352474438,38033.22704948876,-5.2083601981241845,-3.4655706174869043,0.05488012886350072,157863.72769105778,4192,3727,840,4090,3585,1084
4558,18686.74027897074,18686.74027897074,37373.48055794148,-7.206245070594817,-5.189035420447337,0.05544468811241861,162857.29534550512,1809,6587,363,1842,5771,1146
4559,19638.4995506714,19638.4995506714,39276.9991013428,-5.567655997289794,-4.8369956666175336,0.05475601868402713,156514.31680363984,4723,3588,448,5337,2288,1134
4560,22133.411145352828,22133.411145352828,44266.822290705655,-6.315295631888,-3.730710426145555,0.054712740702490555,158116.4236132534,2077,5830,852,5094,3244,421
4561,17310.622431064196,17310.622431064196,34621.24486212839,-7.3818886993803465,-4.630078641464312,0.055290240086646944,159461.72365047663,4711,3872,176,4312,3191,1256
4562,21303.716658920934,21303.716658920934,42607.43331784187,-6.960403608241618,-5.193063775980934,0.05452704816402914,156821.14935826973,2586,5812,361,6579,1636,544
4563,17308.694873549128,17308.694873549128,34617.389747098256,-7.132372102621716,-5.254045324968246,0.05531980930459371,159262.4002480934,4691,2987,1081,3613,4031,1115
4564,21815.07724609598,21815.07724609598,43630.15449219196,-5.7551912526373465,-3.2885802121918433,0.05459243663039034,154862.44119062636,5417,2320,1022,7234,1360,165
4565,11218.334950897122,11218.334950897122,22436.669901794245,-6.769940181966104,-4.367416607565237,0.05468489614032207,164306.90920720834,1698,6697,364,3882,2413,2464
4566,6378.331446486693,6378.331446486693,12756.662892973385,-8.266788855812534,-5.439422647734972,0.05490842043875089,165393.39326543693,4081,3478,1200,2415,3446,2898
4567,22849.054384837236,22849.054384837236,45698.10876967447,-7.041166277054771,-4.4459196693123335,0.055568288349937336,161485.3009699671,2491,6016,252,2944,5548,267
4568,19200.307156693438,19200.307156693438,38400.614313386875,-7.8912371762739,-4.189497130582437,0.05461102675535858,154661.78994630088,6788,1551,420,6246,1438,1075
4569,14339.57904718701,14339.57904718701,28679.15809437402,-7.877103792499684,-4.821520814724333,0.055218192675688074,165063.95166046696,5982,2152,625,3671,2970,2118
4570,22541.732786055476,22541.732786055476,45083.46557211095,-6.6502758534543265,-3.4439787457127604,0.05529280902040201,159985.08192260732,5999,1948,812,2336,6174,249
4571,23814.891443816996,23814.891443816996,47629.78288763399,-4.556081011496483,-2.9646139254068826,0.05487515350179851,157262.06344453964,4476,4141,142,6181,2383,195
4572,19880.581089405227,19880.581089405227,39761.16217881045,-4.971071182930127,-2.963769330244086,0.05480959008768751,156162.10822871592,4366,3394,999,5999,1735,1025
4573,21126.889984178782,21126.889984178782,42253.779968357565,-5.2576776444204,-2.9639350140892615,0.054717373127718204,157687.05883795326,2886,5573,300,4886,3462,411
4574,19948.26240804877,19948.26240804877,39896.52481609754,-6.171758314513067,-3.9616401974620317,0.0555476923159149,162347.43683318794,2425,5300,1034,2706,5035,1018
4575,22932.09687559003,22932.09687559003,45864.19375118006,-6.065182246678114,-3.687132918549481,0.05556214045933386,162114.5295623057,2367,5905,487,2255,6224,280
4576,17554.463965235398,17554.463965235398,35108.927930470796,-6.548150788732733,-5.445833893057562,0.05536982930479086,160621.54462592464,4049,3672,1038,4081,3627,1051
4577,23050.464413226706,23050.464413226706,46100.92882645341,-6.123961211589401,-3.2845543345902755,0.05457661674485179,158464.72609162846,1384,6602,773,5165,2860,734
4578,23382.71596705167,23382.71596705167,46765.43193410334,-5.307888101076376,-3.888373397735551,0.055282195319123574,159470.60641063147,4308,4015,436,3099,5352,308
4579,22438.39280724354,22438.39280724354,44876.78561448708,-4.2203882606883,-2.8912925232380626,0.05484907642530536,157295.61733498194,2199,5447,1113,6004,2468,287
4580,21553.43705939345,21553.43705939345,43106.8741187869,-4.617068350987459,-2.891127185093093,0.055116287714058416,157933.6583310568,5562,2480,717,3757,4563,439
4581,23909.969478222138,23909.969478222138,47819.938956444275,-4.812898034266775,-3.593262230954645,0.05540717551683651,161315.40946093993,3348,5130,281,2741,5759,259
4582,20294.88013377958,20294.88013377958,40589.76026755916,-5.062599504414862,-4.174075870443251,0.05480963267513146,158117.35375552322,1834,5907,1018,5814,1910,1035
4583,4668.665399969596,4668.665399969596,9337.330799939193,-7.980902889013505,-5.8578705849569666,0.05494214461870252,166669.96718345795,1769,6431,559,1654,3535,3570
4584,18904.707728627884,18904.707728627884,37809.41545725577,-6.6408284976067105,-4.237611114742187,0.055276214050236645,166611.41003200132,3086,5503,170,2191,4972,1596
4585,20394.1075705597,20394.1075705597,40788.2151411194,-6.9541074923404285,-4.905103355095349,0.05544406965541756,162496.7402234618,1419,6044,1296,3394,4506,859
4586,21117.764934444174,21117.764934444174,42235.52986888835,-7.029740160522775,-4.596280846445433,0.05461961704036334,155519.18336444566,6273,2201,285,5063,3393,303
4587,19339.07750260675,19339.07750260675,38678.1550052135,-6.795909510927995,-4.314058337874316,0.05467031636349253,155470.17417066384,8014,369,376,4935,2775,1049
4588,17392.728464905602,17392.728464905602,34785.456929811204,-6.597622657336948,-4.854051166625462,0.05543534547557971,159160.48339903823,7303,1326,130,3426,4117,1216
4589,23134.320331748175,23134.320331748175,46268.64066349635,-5.269980926934778,-3.139401843891782,0.05461841955587764,155416.9525481985,6196,1991,572,5063,3490,206
4590,22417.49332971951,22417.49332971951,44834.98665943902,-5.547671577513815,-3.8409005937241116,0.05466978726941149,157515.31072840435,3652,4433,674,4452,4024,283
4591,18844.282387339816,18844.282387339816,37688.56477467963,-6.28182587872015,-4.74575337820595,0.05445991840186901,155266.5720521677,4136,4017,606,6373,1387,999
4592,21226.71426515074,21226.71426515074,42453.42853030148,-5.4749580059860845,-4.1980501427591275,0.05543147421053027,161265.90247223424,4075,3779,905,2620,5885,254
4593,19733.541406178334,19733.541406178334,39467.08281235667,-5.700229521492836,-3.9139517447628376,0.05448479352111549,160624.91707317473,4075,4168,516,5633,1596,1530
4594,23789.84805163812,23789.84805163812,47579.69610327624,-5.521973201020233,-3.403263166974774,0.05552613827980412,160965.26632931418,4033,4271,455,2959,5561,239
4595,22965.19620172376,22965.19620172376,45930.39240344752,-4.8006329627548,-3.581539485929292,0.05571323465227579,161155.94151338303,4433,3677,649,2576,5781,402
4596,20139.26649493275,20139.26649493275,40278.5329898655,-5.137960684847297,-4.423124585595196,0.05536611417205504,160223.55389872048,6538,1437,784,3121,4858,780
4597,23274.079893400638,23274.079893400638,46548.159786801276,-5.215253504744271,-3.7190917571393265,0.05536074352204825,161479.32226929715,1841,6280,638,3736,4743,280
4598,19102.882524010398,19102.882524010398,38205.765048020796,-6.205271525742761,-4.490585687224898,0.054622599628977336,154524.5765078223,6504,1424,831,7071,567,1121
4599,7759.68850435057,7759.68850435057,15519.37700870114,-7.413261690107023,-5.075063592900767,0.05485185911516743,163266.50249218004,5818,2554,387,5088,1034,2637
4600,22026.568917501532,22026.568917501532,44053.137835003065,-5.717612510057852,-3.5874138559426547,0.05555748774694846,160077.50106467344,7795,503,461,2827,5242,690
4601,19569.989075377514,19569.989075377514,39139.97815075503,-7.635961952354439,-3.1586193702414653,0.05521403697601013,161510.8287075924,955,7486,318,4071,3628,1060
4602,21714.71270355157,21714.71270355157,43429.42540710314,-5.770603136743525,-3.363909777693278,0.05470260065637429,155428.42109896406,6833,1188,738,5693,2635,431
4603,13389.322548227357,13389.322548227357,26778.645096454715,-8.517638892293675,-5.211200988553095,0.05501987896806334,164380.51216991048,5845,1930,984,2513,4355,1891
4604,22473.46978636428,22473.46978636428,44946.93957272856,-6.20086218698513,-4.074564481489569,0.054653791661006354,156013.89237886283,3125,4921,713,5529,2909,321
4605,22627.886121923304,22627.886121923304,45255.77224384661,-5.987573115665395,-4.034927711505513,0.05482655932358305,156550.26571702422,3794,4171,794,5095,3423,241
4606,24417.57494780051,24417.57494780051,48835.14989560102,-4.928743995489578,-3.7380072437354595,0.05468942416941035,155102.80308233344,5715,2017,1027,6599,2048,112
4607,22843.053680028555,22843.053680028555,45686.10736005711,-5.654005594067385,-4.296661315071947,0.055431239778603945,161091.0447337421,2573,5719,467,4417,4078,264
4608,21679.37776139223,21679.37776139223,43358.75552278446,-6.134817479794517,-4.115180273181223,0.0553095751416483,159519.79217597266,6277,2280,202,3062,5305,392
4609,6218.0101788414995,6218.0101788414995,12436.020357682999,-8.276591296815482,-6.525067739239478,0.054953555313376055,166055.4182825851,4221,3991,547,1733,4000,3026
4610,22384.805181050706,22384.805181050706,44769.61036210141,-6.295057820595451,-3.925166650047798,0.055261670041218194,158346.7343169775,6349,2107,303,5322,3227,210
4611,23614.70389191693,23614.70389191693,47229.40778383386,-6.3395114517566284,-3.165459448263036,0.05473716747671052,156420.12738497605,4013,4319,427,5896,2626,237
4612,23767.57431283344,23767.57431283344,47535.14862566688,-6.4493473391914184,-3.7771556980994934,0.054395868176083065,154852.76914865474,5666,2904,189,6035,2359,365
4613,22711.121428391685,22711.121428391685,45422.24285678337,-6.639395777895371,-3.6402105587667166,0.05462798231138581,157958.91475599434,2667,5785,307,5565,2859,335
4614,16765.857403672137,16765.857403672137,33531.71480734427,-7.6554922261292555,-4.235232557170253,0.05518181926865843,158735.15002763583,5854,2599,306,3480,4235,1044
4615,20043.177464496624,20043.177464496624,40086.35492899325,-7.14746180512884,-3.1355972099774085,0.05450936100007932,162684.96155955328,2937,5429,393,5853,1337,1569
4616,16370.878188434519,16370.878188434519,32741.756376869038,-8.40162696921451,-3.724639825686264,0.055330598943928035,159605.3485843661,6542,1053,1164,2458,5309,992
4617,20108.876601358308,20108.876601358308,40217.753202716616,-5.825535242487625,-3.8671965779527087,0.05455025357788614,161398.6133460056,4798,3567,394,5170,2075,1514
4618,23384.295805553167,23384.295805553167,46768.591611106334,-5.546625690597879,-2.9214525008541314,0.055286070851994246,160905.91004888996,3380,4898,481,4063,4525,171
4619,20472.954914542945,20472.954914542945,40945.90982908589,-5.818559525959716,-2.6453388408486798,0.055290319668755875,165794.02058380833,4375,4054,330,4175,3133,1451
4620,21799.55275834994,21799.55275834994,43599.10551669988,-6.28402287242807,-3.078408124080092,0.05531270289689315,159152.22186889607,6049,1815,895,3587,4952,220
4621,15666.741504232854,15666.741504232854,31333.483008465708,-6.024870470713376,-3.510720675833507,0.05445861425359151,157836.5302427417,5109,3287,363,4857,2977,925
4622,17978.289111211798,17978.289111211798,35956.578222423595,-7.212890473424377,-3.618016916200621,0.05493857453176518,162386.84144551182,3768,4316,675,4729,2547,1483
4623,19665.787669492587,19665.787669492587,39331.575338985174,-6.736726793135837,-3.5592106380994046,0.05456787389573317,156455.99409172352,4481,3664,614,5802,1922,1035
4624,17345.15444815803,17345.15444815803,34690.30889631606,-6.943464982148844,-4.9392746230308635,0.054795188153591384,162549.63880568987,6011,1955,793,4437,2702,1620
4625,24139.7299293059,24139.7299293059,48279.4598586118,-5.646193772253863,-3.9340485585210367,0.055636261183465444,162236.72196623916,3110,4418,1231,2560,6010,189
4626,6005.133635065688,6005.133635065688,12010.267270131377,-7.321315127479339,-6.306422058197292,0.05516940537251809,166575.8271862435,5089,2943,727,1281,4110,3368
4627,15096.319892943768,15096.319892943768,30192.639785887535,-7.54718978775968,-6.474515969172154,0.0552742463556798,167153.87734667078,2442,5743,574,3036,3387,2336
4628,2010.1293649542865,2010.1293649542865,4020.258729908573,-9.895206695422232,-8.699515073473723,0.05466696196079197,164164.9642377069,5609,2305,845,1445,3899,3415
4629,5295.522311032879,5295.522311032879,10591.044622065758,-8.462327983057866,-7.354520054097491,0.054544011087367235,164086.69921219515,2066,6112,581,4659,780,3320
4630,23489.811461884423,23489.811461884423,46979.622923768846,-5.712106528546893,-3.993431015215329,0.054737816149059045,156436.87524738026,4716,2766,1277,5139,3306,314
4631,22263.068923728042,22263.068923728042,44526.137847456084,-5.790284408514517,-4.7168225582523196,0.05546405201960384,159280.9833393926,6312,1864,583,3208,5221,330
4632,18939.877449369465,18939.877449369465,37879.75489873893,-6.962645932416417,-5.573592505214285,0.05454707413315372,158107.46740509057,1144,7019,596,5360,2177,1222
4633,22586.078996705735,22586.078996705735,45172.15799341147,-5.855109339234467,-4.228597834324906,0.054864782859868885,159006.59233750502,2597,5740,422,4807,3608,344
4634,17377.051022785974,17377.051022785974,34754.10204557195,-5.5442223058367075,-4.4844885686712095,0.05548298102464859,162918.30697659095,3471,5032,256,4102,3758,899
4635,15766.646410486801,15766.646410486801,31533.292820973602,-7.178550855893278,-6.452178293147898,0.0543631438222221,156796.36296294496,4832,3464,463,6513,1202,1044
4636,6595.088221815967,6595.088221815967,13190.176443631934,-7.411415385139759,-7.229972308011362,0.05456432206813224,164253.96932256577,3166,4807,786,3549,2207,3003
4637,20911.871363635197,20911.871363635197,41823.74272727039,-6.335228524795897,-5.439979897867249,0.05448827597875848,156330.49263596322,2596,5627,536,6607,1132,1020
4638,19387.498202296683,19387.498202296683,38774.99640459337,-6.902229597462616,-5.063460020126271,0.0553045823226034,159466.05137048688,4955,2548,1256,2929,5454,376
4639,23417.777623126873,23417.777623126873,46835.555246253745,-6.735150253550102,-4.107573302828232,0.05470181022729771,154903.2677414095,5395,3049,315,6320,2049,390
4640,17766.00228472112,17766.00228472112,35532.00456944224,-6.694115399777915,-4.4384184610816035,0.05450527613684628,156848.27009147327,4075,4482,202,4921,2755,1083
4641,23753.00667588535,23753.00667588535,47506.0133517707,-6.097390500834751,-4.200357194125834,0.05561720920588526,161907.4027345442,3031,5116,612,2744,5788,227
4642,19360.591282311303,19360.591282311303,38721.182564622606,-6.026074493689177,-4.111818155527242,0.055552265959126684,162255.73641864856,2836,5672,251,2664,4996,1099
4643,20064.440411623476,20064.440411623476,40128.88082324695,-7.2321073444165345,-4.285743050436716,0.0553734042836541,162322.37917664534,3473,4488,798,1765,6439,555
4644,10241.766933721183,10241.766933721183,20483.533867442366,-6.745289739768023,-4.274719876972567,0.054994251286442496,164209.48383719628,5927,2744,88,2469,3653,2637
4645,21433.982782444138,21433.982782444138,42867.965564888276,-5.191729191037592,-4.0043245732608055,0.05536960751476635,159587.57754097506,5661,2936,162,2166,6105,488
4646,20261.93090099061,20261.93090099061,40523.86180198122,-5.352726917320659,-3.8421218237308903,0.05517007597700327,160091.02240783672,3595,5098,66,3903,3882,974
4647,19588.251407954813,19588.251407954813,39176.502815909625,-6.808520498522577,-3.53964835159467,0.05536629418632439,159970.38245714427,5199,3168,392,2813,5168,778
4648,22226.50966917566,22226.50966917566,44453.01933835132,-7.039799111144577,-3.939894254316096,0.05481410525107283,157899.72466458642,1799,6769,191,5907,2484,368
4649,24676.006312376387,24676.006312376387,49352.01262475277,-6.194455176844572,-3.8789105277660445,0.05474260827931132,158046.59142016986,1002,7580,177,5116,3460,183
4650,14771.358496935192,14771.358496935192,29542.716993870385,-7.957371586778648,-5.747084806844555,0.05487233639516473,159219.21008517992,2901,5559,299,6471,1194,1094
4651,16521.7196062685,16521.7196062685,33043.439212537,-7.230590417626423,-5.5686968066798945,0.05458604771522337,162719.89161130865,1218,6601,940,6175,684,1900
4652,19376.582887211564,19376.582887211564,38753.16577442313,-6.498272895050764,-4.288373028377266,0.05439358331191931,161922.40762891067,4007,4371,381,6766,398,1595
4653,21505.919921382567,21505.919921382567,43011.839842765134,-6.0532727878811405,-4.285231033437139,0.05549579605780091,159672.7460467879,7281,1355,123,3313,5149,297
4654,20735.94589563851,20735.94589563851,41471.89179127702,-6.061469672211818,-5.252577357414243,0.05463897649556839,157692.2590811573,4244,4161,354,5565,2719,475
4655,19469.798795181203,19469.798795181203,38939.597590362406,-7.443741882053904,-4.244517065990686,0.05518490356429744,160647.63351769897,1937,6084,738,4323,3371,1065
4656,21215.974353864953,21215.974353864953,42431.948707729905,-5.618931456798501,-4.074414335175332,0.05527975813681155,161019.98888967768,3865,4517,377,3492,4833,434
4657,19821.055312406173,19821.055312406173,39642.11062481235,-6.648107391830407,-5.256623546470749,0.05512248111075964,160665.59810345178,2481,6009,269,3313,4354,1092
4658,20772.99784554262,20772.99784554262,41545.99569108524,-6.781820255340695,-5.151741839646492,0.05446068607337127,154412.23971254748,6002,2399,358,6294,2031,434
4659,21059.076920911877,21059.076920911877,42118.153841823754,-7.631770020832537,-3.9887176774606243,0.05538299456781943,159416.95099121073,6453,2125,181,2753,5733,273
4660,22300.387391065302,22300.387391065302,44600.774782130604,-6.0354852302831095,-3.3663200355558875,0.054799088855073744,157123.84591458898,5017,3200,542,5086,3436,237
4661,21934.56311142919,21934.56311142919,43869.12622285838,-5.358268692768227,-4.202335132217311,0.05557735277064058,161539.9479122385,2071,5697,991,4253,4319,187
4662,5680.314468019142,5680.314468019142,11360.628936038283,-7.376631328612497,-5.164222412952348,0.055001947859103104,165878.14923694253,2729,5628,402,3016,2455,3288
4663,21485.606294561614,21485.606294561614,42971.21258912323,-5.587609686420102,-4.711768705593426,0.055079721445713235,160559.36650007975,4411,3989,359,2787,5564,408
4664,19220.49893335199,19220.49893335199,38440.99786670398,-5.042507315233932,-4.432555025770716,0.05475813289471777,162340.15909482885,4881,3361,517,4358,2870,1531
4665,15624.3200471851,15624.3200471851,31248.6400943702,-6.699786605745348,-4.471721497763385,0.05501912508223884,165017.9207633528,4796,2978,985,3238,3756,1765
4666,20086.67078314757,20086.67078314757,40173.34156629514,-6.4412696119578445,-4.478008213822647,0.05485088740000025,156518.65768800557,5366,2754,639,5715,2000,1044
4667,18270.71588592716,18270.71588592716,36541.43177185432,-6.1254452821114755,-3.754638438874369,0.05553245657322425,167760.13838863102,2733,5122,904,2901,4195,1663
4668,13135.57491314182,13135.57491314182,26271.14982628364,-7.668576805242804,-5.697251092753553,0.05482091484369627,159198.48752400567,6197,2103,459,3401,3889,1469
4669,22191.713818409862,22191.713818409862,44383.427636819724,-8.067955853596416,-4.58781867304649,0.05474603347007126,158483.27022792696,3637,4999,123,4910,3571,278
4670,23134.052021884956,23134.052021884956,46268.10404376991,-5.993232619949677,-4.672878483167242,0.05476725656831235,156412.12065734793,3382,4962,415,6906,1619,234
4671,23483.09124865727,23483.09124865727,46966.18249731454,-5.675727402586324,-4.109133750550936,0.05477428404091923,157997.6673737012,1351,6575,833,5556,2957,246
4672,23575.307929121045,23575.307929121045,47150.61585824209,-5.365669190606152,-3.2551670222328735,0.055564448198156764,159973.17945884258,5543,2840,376,2921,5700,138
4673,21448.847079391933,21448.847079391933,42897.69415878387,-5.275267199248145,-3.3565985779236303,0.055438345623832874,162719.72849477254,2246,6418,95,2951,4973,835
4674,21138.08404798849,21138.08404798849,42276.16809597698,-4.589013865583469,-3.2944732868518427,0.05547210751759637,160332.84659414773,6851,988,920,2510,5461,788
4675,14963.082760730387,14963.082760730387,29926.165521460774,-7.032907482539484,-4.77434798732367,0.05537719283696681,165691.32571447536,6397,1858,504,2249,4788,1722
4676,22954.605536212886,22954.605536212886,45909.21107242577,-5.567764726049767,-3.6201677977036923,0.05527151931262744,158566.54432229867,5573,2758,428,4472,4004,283
4677,21165.079923725014,21165.079923725014,42330.15984745003,-5.490955809711356,-3.0389431034762957,0.05541808331018408,159027.72989925326,6157,2082,520,2790,5789,180
4678,24537.34582818522,24537.34582818522,49074.69165637044,-4.740263149852016,-1.9561080052583515,0.05475077887882432,156364.0335802695,3455,4213,1091,5854,2704,201
4679,18458.47365170403,18458.47365170403,36916.94730340806,-6.362750404874252,-3.2365605689539754,0.055628704697272234,165371.46737116948,6871,727,1161,3370,3733,1656
4680,24391.662111882913,24391.662111882913,48783.32422376583,-4.99443886515862,-3.1103118757145376,0.054636067868556744,156298.1798515543,3174,4846,739,6648,1811,300
4681,9670.127407234973,9670.127407234973,19340.254814469947,-5.9947601838471565,-4.233236835646369,0.05469706543576328,163434.48570614922,6664,1819,276,3378,2891,2490
4682,23754.46155824354,23754.46155824354,47508.92311648708,-5.256843758860364,-4.231321792402493,0.054464338836233826,156269.304520231,3956,4132,671,7096,1457,206
4683,19794.416028054668,19794.416028054668,39588.832056109335,-5.199071695520047,-4.5770590378454,0.05448017793586213,154520.69718866827,5233,2695,831,6513,1216,1030
4684,21720.073257943204,21720.073257943204,43440.14651588641,-5.776204317060039,-4.219862350625348,0.05457877574846368,156733.8178617536,1866,6130,763,7111,600,1048
4685,19653.389322740546,19653.389322740546,39306.77864548109,-5.2089047901691705,-3.3657609990846877,0.05509887051669493,160063.96132752896,3869,4395,495,2987,4777,995
4686,20255.801590064337,20255.801590064337,40511.60318012867,-5.759406210264362,-3.8368642437665375,0.055416454781329894,159991.9201435502,7162,1148,449,1391,6931,437
4687,22181.649449599987,22181.649449599987,44363.298899199974,-5.301725204322478,-3.0221478031549482,0.05530699299742479,158879.2967672104,6247,2082,430,4086,4524,149
4688,16714.471471518544,16714.471471518544,33428.94294303709,-8.560745678404464,-4.993110129510685,0.055345371040581084,162545.66918354016,1334,6275,1150,2308,5162,1289
4689,20280.672222316254,20280.672222316254,40561.34444463251,-7.411998081030385,-4.411875180223471,0.054760070009798004,157359.9099124264,3601,4978,180,6086,1564,1109
4690,21157.437884315743,21157.437884315743,42314.875768631486,-6.033916737764984,-4.52780972616154,0.054718970523385875,155474.21124702558,5412,3062,285,7151,1259,349
4691,22774.835521887442,22774.835521887442,45549.671043774884,-5.164260132011123,-3.429092891179504,0.05459808396918816,156606.71484818406,2719,5730,310,5899,2738,122
4692,22238.95472638604,22238.95472638604,44477.90945277208,-5.449588058573439,-3.535204573695226,0.0555202573725355,160660.73284941196,6218,2078,463,1395,7096,268
4693,9697.46851890259,9697.46851890259,19394.93703780518,-5.855907300831426,-4.96670735351934,0.05469519207018401,163379.34730708654,5457,2616,686,3532,2803,2424
4694,22066.09177043162,22066.09177043162,44132.18354086324,-5.471316171026547,-3.726603412729008,0.055329320837233235,160272.94123736254,2779,5745,235,4551,3944,264
4695,21901.525769032804,21901.525769032804,43803.05153806561,-6.516023734882058,-4.074568096087675,0.05561536945987461,159840.42567734656,4271,3615,873,2929,5494,336
4696,19176.915156583116,19176.915156583116,38353.83031316623,-7.184255157144269,-4.69814281602568,0.05530476504629936,161138.28715025497,2124,5781,854,3524,3974,1261
4697,20519.7942485534,20519.7942485534,41039.5884971068,-7.469499085186414,-4.665196749405054,0.05497517232509733,156675.38056223944,5540,2809,410,4919,3258,582
4698,19429.169340682434,19429.169340682434,38858.33868136487,-7.238122706327204,-5.1822292614248004,0.055583183304424806,163307.35800702238,1131,7229,399,1520,6230,1009
4699,23645.07681773503,23645.07681773503,47290.15363547006,-6.565377588726211,-3.8072773150767785,0.05461563508965543,157851.98680927054,1599,6937,223,5566,2922,271
4700,19402.744629060355,19402.744629060355,38805.48925812071,-6.93813730082018,-4.717473196100912,0.05437409868103066,156121.6136485244,4114,4023,622,6317,1237,1205
4701,15156.412307489847,15156.412307489847,30312.824614979694,-6.99159592699473,-4.175005992409533,0.054659497341506456,164042.27192289976,3170,5333,256,4844,1050,2865
4702,23158.617281719868,23158.617281719868,46317.234563439735,-6.666263386456076,-3.310213238042296,0.05481946506172233,157928.49986595797,4014,4583,162,4453,4009,297
4703,9131.341860614437,9131.341860614437,18262.683721228874,-7.87187344857415,-4.929994809765613,0.054778868073604534,166306.089540169,2440,5271,1048,2823,3024,2912
4704,22140.11477780181,22140.11477780181,44280.22955560362,-6.554522980687986,-4.113467211324795,0.05529273758488036,160791.81133244676,2495,5929,335,3526,4874,359
4705,15203.005071479549,15203.005071479549,30406.010142959098,-8.252082326288376,-4.752705762903924,0.0552079963140701,163607.24425926886,2938,5372,449,1392,6035,1332
4706,20068.933792975306,20068.933792975306,40137.86758595061,-6.839631298031591,-4.4240639155113755,0.05455845260776761,154264.50725464473,6342,2066,351,7393,1172,194
4707,16719.605641667036,16719.605641667036,33439.21128333407,-7.3856039953865436,-5.40732836078514,0.05467436757520793,156635.31640009163,4765,3142,852,6172,836,1751
4708,22690.65663473154,22690.65663473154,45381.31326946308,-7.300911448961064,-4.77672607061193,0.05550931180538285,162042.24256987846,1555,5984,1220,2267,6251,241
4709,22756.203928705876,22756.203928705876,45512.40785741175,-6.354167992790073,-3.767871157993768,0.054839857927782225,158597.9404525797,2339,6003,417,4371,4136,252
4710,21670.082880171278,21670.082880171278,43340.165760342556,-6.184723450092394,-3.1921316114612477,0.05460721675687323,156090.8985681267,6419,2006,334,5722,2687,350
4711,20191.17311237999,20191.17311237999,40382.34622475998,-7.311178418910579,-4.282364338393317,0.0547695819088552,155061.424657385,7262,900,597,6854,1522,383
4712,22771.006285597115,22771.006285597115,45542.01257119423,-7.254066109682882,-4.282460256842383,0.055486419575710204,161689.95199176832,4223,3979,557,1984,6454,321
4713,20271.74311084644,20271.74311084644,40543.48622169288,-7.112058495284064,-5.57819736633515,0.054594112398260966,155682.1417414287,5535,2898,326,5118,2520,1121
4714,22088.597668584087,22088.597668584087,44177.195337168174,-7.260356206093912,-3.651595055837898,0.05526036429228369,160741.47661281578,2672,5167,920,4138,4267,354
4715,20066.42792584747,20066.42792584747,40132.85585169494,-5.934222849968957,-4.130810370834481,0.05444578466647174,162356.14004404083,2630,5673,456,5360,1840,1559
4716,21983.63190980619,21983.63190980619,43967.26381961238,-6.098561314796999,-3.8821647623957616,0.055356904000547935,160552.16029152813,4069,4309,381,3897,4403,459
4717,22964.38550423757,22964.38550423757,45928.77100847514,-5.041348946127718,-3.5217645056495672,0.05553377852079652,161823.14726078758,3501,5131,127,2719,5794,246
4718,19911.59064392257,19911.59064392257,39823.18128784514,-6.501692646044315,-4.150220769400453,0.05453349540686991,157083.4928211801,2907,5597,255,4686,2915,1158
4719,20633.20744211954,20633.20744211954,41266.41488423908,-6.479935890374255,-4.621248782922932,0.054817806355950946,158026.52204990856,2837,5437,485,4634,3043,1082
4720,24461.39383264031,24461.39383264031,48922.78766528062,-5.517577786150142,-2.885283838083277,0.05462288388937241,156658.14654203222,1557,7029,173,7014,1539,206
4721,22912.59052475556,22912.59052475556,45825.18104951112,-5.411246921994232,-2.4667248540326376,0.05442732046678219,155561.15276274193,3043,5464,252,7754,763,242
4722,20262.20240284688,20262.20240284688,40524.40480569376,-6.854439082063974,-4.757055658301317,0.05450247693113098,157567.2662624833,2204,6200,355,5736,2304,719
4723,22083.814094906837,22083.814094906837,44167.62818981367,-7.220455620737125,-4.720951362280093,0.05477023853592272,158545.52332763758,1687,6710,362,4116,4266,377
4724,20922.855153619585,20922.855153619585,41845.71030723917,-6.90063892771814,-4.553781967854928,0.05536821506847165,160619.03946628593,2219,6139,401,4215,4111,433
4725,19494.944547144823,19494.944547144823,38989.88909428965,-5.832927830509087,-4.0736957299990895,0.054598731553765587,155065.73618695387,7120,1061,578,6336,1279,1144
4726,24155.777193331473,24155.777193331473,48311.554386662945,-6.103004959642885,-3.2757088214570853,0.05457381444256321,156283.05193664535,2990,4895,874,7008,1412,339
4727,21010.837812286598,21010.837812286598,42021.675624573196,-6.285152333814542,-4.874301967905937,0.05487429907147192,158523.84279528065,1512,6749,498,4653,3722,384
4728,23617.330199110605,23617.330199110605,47234.66039822121,-6.7357937428566395,-3.88818403481811,0.05474132582412022,157281.92028013986,2364,6307,88,5861,2579,319
4729,21011.91762706598,21011.91762706598,42023.83525413196,-6.6367064334235675,-3.8537250856907264,0.05478272113781044,156052.92400990974,6659,1977,123,5519,2952,288
4730,22540.253809836417,22540.253809836417,45080.50761967283,-7.446180374821973,-4.277363062772038,0.05463712524109151,157845.00968854822,3801,4836,122,5453,2906,400
4731,16753.139808185115,16753.139808185115,33506.27961637023,-7.081948317268721,-4.1273783365816525,0.055252194321819346,159224.7456202916,7434,841,484,3134,4508,1117
4732,22244.354500057565,22244.354500057565,44488.70900011513,-6.680020537343607,-3.887780078292763,0.05557561991310513,159364.06686174165,4964,3463,332,4945,3591,223
4733,23497.734118190394,23497.734118190394,46995.46823638079,-6.763957649710591,-3.5324151064684055,0.05474961964705698,156759.13485739697,4326,4239,194,4858,3644,257
4734,2518.498895617826,2518.498895617826,5036.997791235652,-8.308913002233856,-6.686307693945101,0.05492460334002478,171191.11740095704,5341,2895,523,2054,2704,4001
4735,24316.05798445154,24316.05798445154,48632.11596890308,-6.911656151599643,-4.389667133254888,0.054726570288916476,155573.39117186298,5692,2951,116,6878,1748,133
4736,18365.951248502504,18365.951248502504,36731.90249700501,-6.874803934975559,-5.804184573641932,0.05448513233223578,162389.03832432508,4027,4313,419,5018,2066,1675
4737,21132.792351359938,21132.792351359938,42265.584702719876,-6.581982878933379,-4.981474207670119,0.055437698112914005,158975.81524723332,6146,2089,524,3326,5063,370
4738,23442.370275543508,23442.370275543508,46884.740551087016,-6.227854813411854,-4.323975536080133,0.05456186452736976,156216.13501802544,3542,4500,717,7220,1356,183
4739,22601.787898067665,22601.787898067665,45203.57579613533,-6.105044568710914,-3.4240885815970215,0.05457478925729097,155153.5026615836,7208,1317,234,6201,2306,252
4740,21647.393788606372,21647.393788606372,43294.787577212745,-5.939525120837607,-2.9031971427748093,0.05466947168547655,156860.91833701907,2626,5252,881,6524,1956,279
4741,21730.58235228308,21730.58235228308,43461.16470456616,-6.687310423793125,-3.678271847220292,0.054792070553700174,158640.48743429277,3369,4844,546,4404,4066,289
4742,23287.212696731283,23287.212696731283,46574.42539346257,-5.329443672955867,-3.8682977545643618,0.05472824848768301,156330.40559337585,7360,523,876,4486,4073,200
4743,22386.75171525042,22386.75171525042,44773.50343050084,-5.598936994071006,-4.700297058852177,0.05450077751763422,155494.13847647485,5916,1847,996,5983,2357,419
4744,10219.863365213481,10219.863365213481,20439.726730426963,-8.456019578026869,-6.093414892115801,0.05519684373974573,161513.96076588755,5680,2193,886,2761,4067,1931
4745,19514.764633723196,19514.764633723196,39029.52926744639,-7.02284564583973,-4.650842765319916,0.05464536086989672,156161.13436961,5056,2867,836,5797,1800,1162
4746,23520.584629653764,23520.584629653764,47041.16925930753,-5.99401678267238,-3.4741251560662434,0.055433525254161675,162004.7723591241,2660,5510,589,2897,5622,240
4747,19823.516818602828,19823.516818602828,39647.033637205655,-7.196782804920652,-4.9092184334289986,0.05481511244519963,157953.51412633582,3171,4837,751,4971,3245,543
4748,18815.57155158598,18815.57155158598,37631.14310317196,-8.256217646815346,-6.253611598641085,0.05445153832440476,155379.0067870852,5945,2514,300,6571,1188,1000
4749,19083.47105042789,19083.47105042789,38166.94210085578,-7.712085040631746,-5.65092178420586,0.05440338907309475,155183.98951532386,5684,2823,252,5995,1560,1204
4750,22571.811386469468,22571.811386469468,45143.622772938936,-6.315087475314762,-5.189093803911142,0.05537855282537088,161702.2457340054,2517,5656,586,3208,5314,237
4751,21772.98671219466,21772.98671219466,43545.97342438932,-6.406099863059244,-4.312950557936923,0.05537616480887743,159774.54615486375,6684,1762,313,2455,5847,457
4752,10176.751728223275,10176.751728223275,20353.50345644655,-7.354508487781294,-4.154444636590664,0.05455981258046004,162976.38653722487,2868,5027,864,4724,1895,2140
4753,7746.329771543457,7746.329771543457,15492.659543086915,-7.535152019869596,-5.322573932392267,0.054527976953532196,164150.82555701284,2675,5317,767,3794,1936,3029
4754,21125.867218480234,21125.867218480234,42251.73443696047,-7.7893151172746276,-4.812827789591126,0.05540389353648532,160383.10827609652,4222,3558,979,2923,5033,803
4755,22805.218395902597,22805.218395902597,45610.436791805194,-6.751119350679854,-3.6687658789540003,0.05563085871951114,161856.1994196527,3056,4691,1012,3166,5381,212
4756,19768.80125094073,19768.80125094073,39537.60250188146,-8.588469587113357,-4.402736782811913,0.055268991016776105,161113.8275619578,4039,4377,343,2137,6022,600
4757,18836.3626148157,18836.3626148157,37672.7252296314,-8.144600207617557,-5.637229698363283,0.055286403068912256,166453.11725216906,2510,5432,817,2894,4322,1543
4758,14831.322141499364,14831.322141499364,29662.644282998728,-7.869277296971446,-6.004973725437358,0.055457032570682824,167955.2622063963,2781,5745,233,1700,4535,2524
4759,13412.24376777186,13412.24376777186,26824.48753554372,-8.699324381222722,-5.903176674361144,0.055499734034443075,161405.060990471,6150,2289,320,2095,5598,1066
4760,21785.68264290992,21785.68264290992,43571.36528581984,-7.448549656241571,-4.29106627223131,0.054722582640913155,156346.21014911076,5521,2783,455,4820,3480,459
4761,22011.286710553937,22011.286710553937,44022.573421107874,-6.353721829532282,-3.57317187662147,0.05470646438480237,155528.79226707597,6313,1591,855,5503,3083,173
4762,6308.881274778929,6308.881274778929,12617.762549557858,-8.720456840177238,-6.521953323126716,0.05477690468062479,165497.0165004011,2477,5596,686,3338,2443,2978
4763,17670.984638555172,17670.984638555172,35341.969277110344,-7.393772908833222,-5.72506699227345,0.055494015188636996,161970.0470178106,3911,4702,146,1980,5543,1236
4764,22525.207378010367,22525.207378010367,45050.414756020735,-6.816182156945992,-3.9526204480796885,0.05489009008167468,158679.80567518476,3118,5221,420,4071,4358,330
4765,23829.031700660245,23829.031700660245,47658.06340132049,-5.236209042377999,-4.185213165063904,0.05447527904081768,154464.26979902768,6522,1289,948,6187,2370,202
4766,23866.406165713786,23866.406165713786,47732.81233142757,-5.696390626976157,-4.052854302370565,0.05450862199277643,155916.4237787634,4846,3611,302,5588,2919,252
4767,21156.182003919253,21156.182003919253,42312.36400783851,-6.88889181026731,-4.153166470460703,0.05460904537747713,157415.18268366205,2507,6017,235,6717,1697,345
4768,9299.370286665531,9299.370286665531,18598.740573331062,-9.774985909997563,-6.161389071839479,0.054384414955489964,162834.29222653515,5159,3103,497,5244,1245,2270
4769,22252.97662309655,22252.97662309655,44505.9532461931,-8.171644400999893,-4.640011885260678,0.0546204446723951,156101.93720483,3458,4767,534,7340,1019,400
4770,6872.975989638874,6872.975989638874,13745.951979277748,-10.04092310343168,-6.275548196346715,0.05479082134419372,165670.24921603745,4299,4104,356,2536,3365,2858
4771,24769.853469497444,24769.853469497444,49539.70693899489,-7.087816309254588,-4.037751967778398,0.05470561497862935,158149.19988843732,2254,5791,714,5867,2758,134
4772,17664.60372747368,17664.60372747368,35329.20745494736,-7.476000065586796,-4.688722135591547,0.05524121347381649,162361.20217862504,3284,5124,351,2859,4986,914
4773,20928.314683589342,20928.314683589342,41856.629367178684,-6.32597055179599,-4.279859801572247,0.055521914265222364,161344.4079115475,4613,3243,903,2341,5674,744
4774,20552.170928444244,20552.170928444244,41104.34185688849,-7.218063904344234,-4.718629475771044,0.055509943661497585,162160.6771929811,3188,4958,613,1830,6507,422
4775,19986.664050327592,19986.664050327592,39973.328100655184,-6.530094386226561,-3.686344126300934,0.05488208622860171,158882.07064747767,1407,6549,803,4716,3015,1028
4776,14237.953170818071,14237.953170818071,28475.906341636142,-7.354647708907,-4.722045490513119,0.05534742524727375,166365.0630222015,6513,1779,467,912,5570,2277
4777,21133.325510605082,21133.325510605082,42266.651021210164,-6.924228509130282,-5.525983529096452,0.055248345234872036,161846.6408677602,1217,7263,279,2928,5311,520
4778,7139.533134957526,7139.533134957526,14279.066269915053,-7.443057288949107,-5.315711424211937,0.055021037094943645,164254.12079661508,6592,1778,389,2308,3999,2452
4779,17061.745089047276,17061.745089047276,34123.49017809455,-7.213544971048406,-5.502990766373231,0.05534385989955394,166252.67282637113,4693,3271,795,1349,5599,1811
4780,18462.270028293922,18462.270028293922,36924.540056587844,-7.76107442829429,-5.753288190688641,0.05518308654298227,159005.35480666364,5501,2214,1044,3304,4803,652
4781,19626.345255690565,19626.345255690565,39252.69051138113,-6.01457530015277,-4.335932893934336,0.054558113129821846,157236.95094802085,3941,4071,747,4447,3134,1178
4782,9887.967520028747,9887.967520028747,19775.935040057495,-7.753630785485675,-5.68555806281697,0.05466869829410933,165680.54619293896,1172,7395,192,2405,3641,2713
4783,20279.583169769645,20279.583169769645,40559.16633953929,-6.1857637700775365,-5.005119767431466,0.054735811627348384,154864.68944130582,5663,2331,765,6964,989,806
4784,21634.837378823395,21634.837378823395,43269.67475764679,-5.424365128956312,-4.381819708500966,0.05523970396702932,158919.0791665039,5780,2271,708,4011,4362,386
4785,20137.96302716228,20137.96302716228,40275.92605432456,-6.571821675247458,-4.696028623360372,0.05465769218339115,157087.2469034138,1706,6321,732,7094,571,1094
4786,17137.93514053337,17137.93514053337,34275.87028106674,-9.202112348142256,-5.941157834658128,0.055311957558092505,160159.95661925751,5156,2698,905,1677,6409,673
4787,16740.364266015305,16740.364266015305,33480.72853203061,-7.025898709971436,-6.228166574510666,0.05461191690952415,161648.3368770528,7093,627,1039,4335,2700,1724
4788,22112.21243392452,22112.21243392452,44224.42486784904,-6.130889217976017,-4.384489891336253,0.05527404299342417,162205.93271345168,1868,6306,585,2446,5587,726
4789,20728.27217022808,20728.27217022808,41456.54434045616,-5.1180612189699355,-5.55723330183613,0.05446671176116374,156812.1384708216,2007,6395,357,6119,2107,533
4790,18529.2469808568,18529.2469808568,37058.4939617136,-5.607369796527002,-4.9755413582696875,0.05450339105506926,160541.13618559833,4525,3889,345,6513,673,1573
4791,24780.83743278299,24780.83743278299,49561.67486556598,-5.830925396987006,-4.216463902990056,0.05475800846897062,158068.69962096369,2233,6105,421,5238,3267,254
4792,19835.085741266175,19835.085741266175,39670.17148253235,-4.9352216844196946,-4.1218818287085455,0.05542331347196438,159699.62892641418,5916,1505,1338,2401,6014,344
4793,22987.648325655435,22987.648325655435,45975.29665131087,-3.945063656894236,-3.5368287084335375,0.055402587725739826,159289.2884350635,7023,1484,252,2331,6283,145
4794,9334.474883280709,9334.474883280709,18668.949766561418,-8.14828420979436,-6.739957648764511,0.05545178096461885,167494.80126901096,5835,1809,1115,2049,4175,2535
4795,18913.615509448693,18913.615509448693,37827.231018897386,-7.1566348866239435,-4.9495496357276405,0.0548095039882242,158230.70134558747,2445,5888,426,4910,2689,1160
4796,23168.738027153806,23168.738027153806,46337.47605430761,-5.3592309105293126,-3.7003411261858212,0.05537319012450183,160994.01753106364,2565,5665,529,3867,4665,227
4797,19579.519568233893,19579.519568233893,39159.039136467785,-6.885017840469674,-4.689102618679118,0.05477318244354989,158229.46127254446,2172,6059,528,4562,3152,1045
4798,12011.869578595615,12011.869578595615,24023.73915719123,-9.086255680514471,-6.791220282702712,0.05535757881076,160772.5196116363,6628,1782,349,3430,3965,1364
4799,18718.565835451358,18718.565835451358,37437.131670902716,-9.446149980364964,-6.213139715474535,0.05536241108534432,159293.3907779855,6420,1995,344,2762,5476,521
4800,21441.31295423496,21441.31295423496,42882.62590846992,-7.283965116647146,-4.132738796835588,0.05535469263268162,160786.28900819953,6211,2192,356,1003,7358,398
4801,23208.1783811764,23208.1783811764,46416.3567623528,-7.146832031996312,-4.188449415634326,0.05521222838964166,161049.24102887497,1685,6556,518,3069,5413,277
4802,18800.234941125414,18800.234941125414,37600.46988225083,-7.507738430017736,-4.744642566021304,0.055451827117463236,159003.5262585201,6716,1592,451,3697,3929,1133
4803,17545.84941411581,17545.84941411581,35091.69882823162,-8.33511815492202,-4.912612437701383,0.054727697245005286,163409.0997697561,2235,5565,959,4645,2606,1508
4804,22133.032165663575,22133.032165663575,44266.06433132715,-6.217606218664308,-4.326337677181357,0.05447644226220577,153860.84857136433,6050,2249,460,7514,1062,183
4805,17613.8241376801,17613.8241376801,35227.6482753602,-5.970934198967868,-4.957762662798652,0.05461863465793818,155750.07115023403,7229,809,721,4699,2725,1335
4806,23938.618660789347,23938.618660789347,47877.237321578694,-5.671606464367112,-3.689998130293758,0.055399723216172474,161883.84156441258,692,7614,453,3363,5147,249
4807,24324.030415394245,24324.030415394245,48648.06083078849,-4.811624695602477,-3.061122246693025,0.05458541433895391,157839.64301311065,2917,5718,124,5009,3546,204
4808,22539.5863707971,22539.5863707971,45079.1727415942,-5.004637229607552,-5.074365390250639,0.05568585557947541,162506.21162126336,2845,5713,201,1512,6927,320
4809,24445.03120224712,24445.03120224712,48890.06240449424,-5.527622384446663,-4.026651805392149,0.054947144889624384,158983.00045528245,1272,6212,1275,4635,3955,169
4810,18399.963419651034,18399.963419651034,36799.92683930207,-6.731591512723178,-4.205691252566394,0.0547707532350007,157806.59936100818,4880,3461,418,4711,2882,1166
4811,22204.042195831007,22204.042195831007,44408.084391662014,-6.937037463626144,-3.6387033337561863,0.05470311533391355,156530.534740969,4857,2761,1141,4322,4079,358
4812,22698.924300813826,22698.924300813826,45397.84860162765,-6.806541400698268,-3.7676422368500835,0.055532555633937226,162708.04526091553,3855,4612,292,1944,6495,320
4813,23210.307516005636,23210.307516005636,46420.61503201127,-6.634006316314838,-4.167667169516143,0.05450511104963297,154877.5972909175,4601,3992,166,6866,1574,319
4814,23235.901132849165,23235.901132849165,46471.80226569833,-6.459772748406654,-4.0595689946198465,0.05455236832745504,154921.86913523203,3045,4492,1222,6722,1854,183
4815,24662.730367640954,24662.730367640954,49325.46073528191,-4.713355522623078,-2.821405209939648,0.05553658388063308,160604.68483245978,3902,4004,853,3414,5225,120
4816,22917.299281273088,22917.299281273088,45834.598562546176,-5.619481080632626,-2.925846824678653,0.05551418418862653,161480.54682657056,3844,4015,900,2428,6145,186
4817,21968.208215046772,21968.208215046772,43936.416430093544,-4.228150004740314,-3.4951782585630413,0.054461371933232285,154275.13346409934,5255,3280,224,6773,1712,274
4818,23344.216027882736,23344.216027882736,46688.43205576547,-5.317419252488923,-4.017410867949146,0.05461881694923526,157099.4141928137,2187,5560,1012,5727,2746,286
4819,9413.680815042262,9413.680815042262,18827.361630084524,-7.262612017593597,-4.943655118415583,0.054563815843464626,164100.15875779314,3347,4990,422,3489,2577,2693
4820,23578.902788931246,23578.902788931246,47157.80557786249,-6.236015416486936,-3.5197668297448406,0.05485432840044015,158379.26581743278,1484,6534,741,4923,3385,451
4821,17435.88006376065,17435.88006376065,34871.7601275213,-7.687838081331613,-3.6387006363625622,0.054688544412545094,156214.9028183186,3777,4050,932,5450,2032,1277
4822,23695.568431696953,23695.568431696953,47391.136863393906,-6.405060513672279,-2.861192961076346,0.05452713202592216,155506.30569447155,4138,4477,144,6510,1992,257
4823,21886.63246004048,21886.63246004048,43773.26492008096,-7.171717774464004,-3.433411925889207,0.05562081146050266,162114.04388219875,1129,7424,206,3589,4938,232
4824,21837.92722618267,21837.92722618267,43675.85445236534,-6.998699900780509,-3.6240555054195602,0.05463445516286774,157892.52599514124,2537,6104,118,5059,3218,482
4825,10453.879581464416,10453.879581464416,20907.759162928833,-6.925470605093377,-4.2823547133447875,0.05503527935451494,166041.7014719374,2616,5964,179,2632,3575,2552
4826,1779.111476205753,1779.111476205753,3558.222952411506,-10.079155509793686,-7.163426816069752,0.054699193537389786,164684.35449997248,6619,1800,340,2276,3299,3184
4827,18618.017355982458,18618.017355982458,37236.034711964916,-7.981298660802544,-4.983938908033379,0.05474104025216452,156879.13985840642,2766,5300,693,6671,855,1233
4828,5026.522891355886,5026.522891355886,10053.045782711772,-8.970574449378311,-5.475790176973571,0.055023301332851084,164660.70683767146,5787,2238,734,2215,3664,2880
4829,14660.017428363954,14660.017428363954,29320.034856727907,-7.804817895604958,-5.172781981980451,0.05457976930651197,160826.77805890117,5664,2639,456,5575,653,2531
4830,21782.967106513857,21782.967106513857,43565.934213027715,-6.924655731480538,-4.709782636972231,0.05510584027753889,160160.4035068579,2105,6188,466,4913,3416,430
4831,21052.356521170015,21052.356521170015,42104.71304234003,-5.894762231695708,-4.472068307715565,0.055229125183723686,160561.89510678902,2144,5270,1345,4714,3780,265
4832,24079.27890050986,24079.27890050986,48158.55780101972,-6.155306443112945,-4.150137241148288,0.05452093235531505,157107.06348985503,2787,5794,178,6707,1766,286
4833,22008.715175207013,22008.715175207013,44017.430350414026,-6.167467007515004,-3.826232028884244,0.055546192938785995,160855.0155331486,6690,1943,126,2869,5636,254
4834,22698.222116949244,22698.222116949244,45396.44423389849,-5.95620100642828,-3.4887407149663314,0.05512020382629337,159738.24216089267,3774,4680,305,4359,4145,255
4835,21092.76869836586,21092.76869836586,42185.53739673172,-5.116594142401538,-4.078417609126559,0.05524512739143596,161091.52844180135,2857,5709,193,2213,6174,372
4836,22465.867918169224,22465.867918169224,44931.73583633845,-5.185492538701759,-3.6074534259445614,0.055626997842174265,160285.0034086351,6699,1645,415,2239,6226,294
4837,18270.36350113677,18270.36350113677,36540.72700227354,-6.147278808336762,-3.7986218987942175,0.055353118745486055,165134.1759825791,4542,3655,562,2550,4667,1542
4838,17766.163636884037,17766.163636884037,35532.327273768075,-7.815369622751132,-4.934526991439795,0.05454517584903342,156252.23211879467,5631,2757,371,4576,2862,1321
4839,22308.16150954136,22308.16150954136,44616.32301908272,-6.325084813375178,-4.014268920144153,0.055622839631170304,162184.45577442626,4131,4421,207,2730,5651,378
4840,22309.585411963322,22309.585411963322,44619.170823926645,-6.630034080112458,-3.926970649549532,0.05537710032698599,160848.0562599059,3460,4882,417,3798,4686,275
4841,20749.416046467864,20749.416046467864,41498.83209293573,-6.815940277927257,-3.6113524987444507,0.05491224647073472,156670.4868261083,5829,2127,803,5052,2914,793
4842,12458.212619049122,12458.212619049122,24916.425238098243,-7.294627686405639,-5.340590438109958,0.05523672571235703,163483.26246221218,2337,5922,500,2516,4497,1746
4843,22329.144487255544,22329.144487255544,44658.28897451109,-6.33665956335135,-4.591584029293704,0.05556844233386076,159690.77526797072,4254,3985,520,4309,4253,197
4844,7870.5121282185755,7870.5121282185755,15741.024256437151,-7.789912352024108,-4.998623484241163,0.054905439944285,170472.93191317833,2083,6259,417,3549,1603,3607
4845,20991.371846585724,20991.371846585724,41982.74369317145,-7.116665513631683,-4.3392015817485765,0.055234683141508825,160477.13376191247,4263,3919,577,3518,5021,220
4846,20893.904417071728,20893.904417071728,41787.808834143456,-5.9791424055635565,-3.9258140639730583,0.05475561843955066,156587.6566839397,5806,2433,520,4573,3155,1031
4847,23199.062584741892,23199.062584741892,46398.125169483785,-6.190801181546937,-2.710266031269927,0.05511112383105603,159506.51318660032,2528,4857,1374,4175,4369,215
4848,22325.896073608834,22325.896073608834,44651.79214721767,-5.184513455548576,-3.3810011006981644,0.055604437724353105,161234.60119875477,4584,2853,1322,979,7581,199
4849,19386.048462650764,19386.048462650764,38772.09692530153,-6.789570025958205,-4.382256238229383,0.05454500727988933,157155.36442798434,4434,3945,380,4747,2799,1213
4850,19438.369079432698,19438.369079432698,38876.738158865395,-6.471584991192697,-4.742845044102756,0.05432377925227626,154402.18613651866,5658,2410,691,6652,892,1215
4851,20893.409045974335,20893.409045974335,41786.81809194867,-5.944754489370363,-4.099754381073403,0.05476355870066573,156060.3290336016,6045,2380,334,5366,2411,982
4852,11406.142048042584,11406.142048042584,22812.284096085168,-7.647480598972483,-5.858427254822358,0.05462602238543198,165779.01848233864,565,7271,923,4572,1920,2267
4853,23110.360786570793,23110.360786570793,46220.721573141585,-5.463239195115513,-3.9322767668850775,0.0556100627159869,161630.0017630251,2455,5492,812,3071,5536,152
4854,21242.017173095697,21242.017173095697,42484.034346191394,-5.64293353956349,-3.5848771302573037,0.054688824370621926,157331.8626407368,3851,4244,664,6256,1756,747
4855,18231.73599997223,18231.73599997223,36463.47199994446,-6.969834743151457,-4.43927094186502,0.05471819969162425,161881.6681985222,5087,3319,353,5566,1556,1637
4856,20857.46633640046,20857.46633640046,41714.93267280092,-4.982721572624151,-3.0896893033024946,0.054737284424288865,157332.43680414645,5429,2546,784,4602,3449,708
4857,22619.620935260307,22619.620935260307,45239.241870520615,-6.459882515852466,-2.9377573238524315,0.0544140234930369,154432.98607813884,5749,2745,265,7298,1025,436
4858,21755.04505874885,21755.04505874885,43510.0901174977,-7.3294098372577094,-2.492017856090402,0.055482311259327094,162333.10539254994,1414,6257,1088,3659,4774,326
4859,19952.104097210835,19952.104097210835,39904.20819442167,-6.60882180869228,-3.758829353464115,0.05541269769004534,161866.4905808174,3724,4658,377,2512,5162,1085
4860,8321.862604381966,8321.862604381966,16643.72520876393,-7.999943023575361,-4.435621844542553,0.054750930663429793,165412.92875351815,1746,6733,280,3471,2413,2875
4861,21894.58131296888,21894.58131296888,43789.16262593776,-6.390789141181651,-3.356349112304906,0.05540871976139628,159678.04588808003,5301,2896,562,3461,5063,235
4862,21873.540435877967,21873.540435877967,43747.080871755934,-5.938315403451037,-3.6054551853154595,0.05498228014045002,156967.41232810746,6668,1597,494,4552,3813,394
4863,21973.733367089717,21973.733367089717,43947.466734179434,-5.561528631203879,-4.666086609613708,0.05452860688626244,154689.7499478115,4622,2772,1365,7160,1290,309
4864,22320.807435816812,22320.807435816812,44641.614871633625,-5.784936959037975,-2.8617414606030285,0.05486828980531566,157764.05909864523,3533,4584,642,5461,3070,228
4865,16793.629401195325,16793.629401195325,33587.25880239065,-7.72425886475322,-4.9783213134377275,0.0546380749473996,156172.81653792842,5336,2495,928,5431,1902,1426
4866,8642.30854610912,8642.30854610912,17284.61709221824,-7.466602583484786,-5.980414680219097,0.05496890218174555,165174.33386151333,2423,5328,1008,3446,2650,2663
4867,20407.62595532106,20407.62595532106,40815.25191064212,-7.4656847164257565,-5.728698431092687,0.055428519089843996,160842.52189953413,4879,2868,1012,2145,6176,438
4868,21042.226615793985,21042.226615793985,42084.45323158797,-5.998972997911587,-4.465984285947449,0.05558242115959415,159588.0616097004,5913,2503,343,4181,4254,324
4869,23864.87931508443,23864.87931508443,47729.75863016886,-6.222111668646179,-3.1603730302782185,0.05465774111434366,157204.95329467385,2016,6305,438,7014,1569,176
4870,22161.142768962076,22161.142768962076,44322.28553792415,-6.86907603208233,-3.3836885149967695,0.054813185807008204,157720.24740827436,4169,4190,400,5165,2903,691
4871,6300.887172059574,6300.887172059574,12601.774344119149,-7.9715262873644575,-5.781943524278643,0.05505681495076418,170253.3074969697,6084,2248,427,2641,2309,3809
4872,21410.330062707388,21410.330062707388,42820.660125414775,-7.470514123734054,-4.395407241652654,0.0554673189886996,159951.75099060888,4770,2542,1447,3011,5504,244
4873,8045.592404014751,8045.592404014751,16091.184808029502,-8.191580809664837,-5.055978840690344,0.05519470227929391,167750.61278848661,2721,5386,652,1354,4499,2906
4874,21742.797547074722,21742.797547074722,43485.595094149445,-7.637909397452001,-4.316927183042289,0.054593229877268404,154845.73674535187,5644,2179,936,6703,1600,456
4875,7035.858706396076,7035.858706396076,14071.717412792152,-9.001579421262331,-6.021720461544083,0.054820880373089104,166221.85942276422,1868,6365,526,3144,2459,3156
4876,18877.090194197113,18877.090194197113,37754.18038839423,-7.429125426410889,-3.999243127891939,0.054567113026449385,156007.11451889825,4895,3290,574,5865,1291,1603
4877,22017.83369235231,22017.83369235231,44035.66738470462,-5.3152440476200296,-3.465640455406711,0.05450167748947407,157335.00368176238,4455,3788,516,5440,2492,827
4878,19703.953139215824,19703.953139215824,39407.90627843165,-5.65066252981912,-4.896124276267206,0.05514844001702465,160173.95006825426,4826,2729,1204,2320,5391,1048
4879,22091.772284142186,22091.772284142186,44183.54456828437,-5.750622781407036,-4.050049878169012,0.055492902089055024,159016.8599470313,5575,2529,655,4663,3793,303
4880,18686.512816611987,18686.512816611987,37373.02563322397,-5.910508026273715,-4.920775416499249,0.054661110846896226,158056.9704885467,971,6781,1007,5227,2402,1130
4881,22505.729520194967,22505.729520194967,45011.459040389935,-5.4761572632377185,-4.023226023535602,0.054436225357185036,156008.88543997114,1913,6676,170,7941,462,356
4882,23393.74617595607,23393.74617595607,46787.49235191214,-5.076405649370299,-3.4037504212917407,0.05462540725700513,154466.659746229,6657,1383,719,6576,2032,151
4883,21409.946427167222,21409.946427167222,42819.892854334445,-6.053527871046394,-3.761576817751715,0.05525647468173164,158259.40950805132,5016,3367,376,4981,3393,385
4884,23995.253530114147,23995.253530114147,47990.507060228294,-6.5158637999110685,-4.427891833472661,0.054560471590948366,154830.86570967786,3603,4157,999,7367,1148,244
4885,22339.419374557405,22339.419374557405,44678.83874911481,-6.762621017028003,-3.9298405998845296,0.0555464657111564,160037.187270263,4574,3564,621,2218,6213,328
4886,21738.643289569718,21738.643289569718,43477.286579139436,-6.519628578849146,-4.7747042385386305,0.05444806414956999,154704.0980473755,6042,2287,430,6368,2037,354
4887,20244.29663495867,20244.29663495867,40488.59326991734,-4.999934534364747,-4.757833246434415,0.055269643231901595,159418.6607868908,6655,1884,220,1835,5962,962
4888,17439.455030266272,17439.455030266272,34878.910060532544,-6.907989452752025,-5.361072402141004,0.05537178052292816,162527.92873541513,4213,3920,626,1395,6150,1214
4889,-1223.7372816215666,-1223.7372816215666,-2447.474563243133,-9.445122930588411,-7.858753576409919,0.05482157678202466,167709.35381092236,2476,5808,475,3323,1330,4106
4890,18551.33232189617,18551.33232189617,37102.66464379234,-8.671068006134046,-6.387715418274289,0.055205032822988685,161142.4329228146,3975,3898,886,2734,4778,1247
4891,16041.938007906569,16041.938007906569,32083.876015813137,-8.739970877078447,-6.061999354736046,0.054777535264449916,156862.161834036,5132,2619,1008,5049,2433,1277
4892,23024.00831519843,23024.00831519843,46048.01663039686,-7.1242022624470325,-4.145681720316931,0.05472213177411051,157261.58043406054,3154,4557,1048,5598,2957,204
4893,17505.118279657276,17505.118279657276,35010.23655931455,-8.364909148279251,-5.7324818979836785,0.055291999952110676,161435.6668872457,2636,4817,1306,2339,5302,1118
4894,22511.296100451447,22511.296100451447,45022.592200902895,-6.0029595071771,-4.381688634169209,0.05541126545483463,160864.6302619604,2105,6526,128,3386,4998,375
4895,21851.840226275006,21851.840226275006,43703.68045255001,-6.3921108627018866,-3.8318649862846694,0.05516977101048579,159023.1319907222,5131,3147,481,3539,5005,215
4896,23749.965534646635,23749.965534646635,47499.93106929327,-6.293097678220776,-3.3976783991177486,0.05439641788978033,153899.44553613456,5949,2462,348,7086,1479,194
4897,22968.55067765842,22968.55067765842,45937.10135531684,-5.851867557955378,-3.345402726777552,0.05550543491834452,160596.91629851225,5148,3315,296,3829,4715,215
4898,21949.331000332233,21949.331000332233,43898.662000664466,-6.438779820682898,-3.3083679230817324,0.05530730908578385,160795.72318437425,3074,5291,394,3191,5098,470
4899,21338.265664568877,21338.265664568877,42676.53132913775,-6.849171653144067,-3.4681024872456727,0.055455827150462024,162177.70720875138,3546,4638,575,2414,5546,799
4900,19566.116042881695,19566.116042881695,39132.23208576339,-5.710883261591784,-3.5648596176931795,0.054438521275668894,154227.20798611335,6440,1761,558,6559,1157,1043
4901,24186.141986020775,24186.141986020775,48372.28397204155,-5.0421145375723695,-2.8083084961899534,0.05542727736844699,161656.40911356895,860,6811,1088,2510,6125,124
4902,22932.547162568626,22932.547162568626,45865.09432513725,-5.570888482955222,-3.8197692608858334,0.05463252573596692,156409.55614492513,3625,3787,1347,5673,2820,266
4903,18442.623595419514,18442.623595419514,36885.24719083903,-6.880454157030444,-3.2979311072735413,0.0553698294388281,167081.66655945932,2242,5741,776,2792,4353,1614
4904,21267.077814551267,21267.077814551267,42534.15562910253,-6.149846647110566,-3.271395202592466,0.054738904709214845,157488.6473437306,4355,2984,1420,4939,3534,286
4905,15818.299855780519,15818.299855780519,31636.599711561037,-7.725091269108594,-4.522322715827435,0.05505414355962045,159610.91829024768,4547,3904,308,3571,3664,1524
4906,16575.734729445467,16575.734729445467,33151.46945889093,-7.643163958809625,-4.1878404093847115,0.05554398276854905,166111.70395018536,6673,1995,91,2847,3908,2004
4907,16858.434605501385,16858.434605501385,33716.86921100277,-8.491664743555917,-5.4379857530198406,0.05458603592488854,156241.4662777517,6889,1313,557,4930,2093,1736
4908,20014.657020223625,20014.657020223625,40029.31404044725,-8.037640389214923,-5.268639074935657,0.05568049499236246,161908.83282979636,4736,3496,527,988,7358,413
4909,22853.90184772734,22853.90184772734,45707.80369545468,-6.643276306422405,-3.8074826556068873,0.05532643498310392,160750.5246761946,3144,5362,253,3758,4858,143
4910,15923.077811524607,15923.077811524607,31846.155623049213,-8.224200125427204,-5.144215496577874,0.05533689473608069,165616.6762307849,6394,1942,423,1780,4916,2063
4911,16258.502485884397,16258.502485884397,32517.004971768794,-7.861224261745829,-4.80351265019863,0.0544527021647125,160314.18795455756,5929,2575,255,5665,1400,1694
4912,21492.49996230521,21492.49996230521,42984.99992461042,-7.689787740793177,-4.391891291965168,0.05469488302604272,155389.8467870869,6210,2450,99,6344,2113,302
4913,20663.80525559135,20663.80525559135,41327.6105111827,-7.1800695636433245,-3.734906657283387,0.054594191255092885,156326.3969966222,2963,5747,49,6431,1271,1057
4914,20021.40064005474,20021.40064005474,40042.80128010948,-6.056352225848709,-3.904140769340221,0.055111411173519045,158869.7362074079,7625,728,406,2483,5288,988
4915,20586.36412176467,20586.36412176467,41172.72824352934,-6.905002582367537,-4.785536315769251,0.05520512691582514,158102.86801979633,6787,1659,313,4059,4261,439
4916,13880.28646317319,13880.28646317319,27760.57292634638,-8.315061590914242,-5.1115330176117615,0.054732722820786645,158703.78243459784,3428,4941,390,6300,1493,966
4917,11299.648903077385,11299.648903077385,22599.29780615477,-8.908673851998557,-6.059336430180378,0.05491923223749502,165356.18164536968,4658,3872,229,4016,2267,2476
4918,18585.197236587395,18585.197236587395,37170.39447317479,-8.629784033645102,-5.166621211607725,0.05529166593771439,166934.4209482616,2327,5506,926,1703,5405,1651
4919,23196.809253445976,23196.809253445976,46393.61850689195,-6.7425351858164015,-3.1924852041288285,0.0552998448092934,160642.4385105431,3565,4973,221,3062,5475,222
4920,21225.02272887401,21225.02272887401,42450.04545774802,-6.467599851005074,-3.174267824676405,0.05483286949225343,158370.63541305801,5285,3334,140,4779,3243,737
4921,22145.721220708547,22145.721220708547,44291.44244141709,-6.491242794947708,-3.877192156781917,0.05538976276041585,159610.49722521362,3624,4888,247,3488,4901,370
4922,21929.047706058158,21929.047706058158,43858.095412116316,-6.133338477725908,-4.205049393234017,0.05530431791861753,159652.22908294626,5496,2649,614,2628,5899,232
4923,19303.243238372484,19303.243238372484,38606.48647674497,-7.20741127508051,-3.9682810521624217,0.05549237060601087,167941.91526490138,3659,3979,1121,777,6420,1562
4924,17836.33672071155,17836.33672071155,35672.6734414231,-7.441362667068952,-4.114015754925046,0.05545201723280785,165733.12892978636,4584,3264,911,2364,4825,1570
4925,21813.44078931903,21813.44078931903,43626.88157863806,-6.868801886929892,-3.45487430681025,0.05464632397394279,154636.4975357338,7242,1330,187,6541,1789,429
4926,22726.998349538222,22726.998349538222,45453.996699076444,-5.554679634196181,-3.4182888834895633,0.055195899676551335,158474.5103973633,4883,3655,221,4404,4108,247
4927,18504.51738001913,18504.51738001913,37009.03476003826,-6.703068475767808,-3.807588579028117,0.05532649010133483,165046.93382820327,4168,4342,249,3399,3861,1499
4928,22190.5027770773,22190.5027770773,44381.0055541546,-5.166332873179958,-2.501130891289224,0.055298913235821034,158386.29279823034,6475,2056,228,4387,4108,264
4929,21880.77597412723,21880.77597412723,43761.55194825446,-5.939970068974278,-2.985054198896096,0.054668016397204665,158114.13563762492,3130,5347,282,5047,3540,172
4930,23137.727280130202,23137.727280130202,46275.454560260405,-6.733843284544764,-3.811609061956296,0.05539115592569001,161601.58667440133,1655,6712,392,3041,5392,326
4931,21718.348809744744,21718.348809744744,43436.69761948949,-6.2945752385769245,-4.141510917969316,0.054714089249718524,158571.07023134653,1817,6386,556,6408,1618,733
4932,7379.126219917599,7379.126219917599,14758.252439835198,-7.636598837040751,-5.0896123747549655,0.054622977794296146,165278.9892848872,2210,5717,832,3690,1641,3428
4933,21615.813138784117,21615.813138784117,43231.62627756823,-6.346831230563733,-3.650113225773231,0.05474320955653565,156375.13758729032,4598,3588,573,5940,2641,178
4934,16860.577173861217,16860.577173861217,33721.15434772243,-6.356803076246658,-4.040273155309162,0.05464671601971293,159204.27826625967,4633,3894,232,4884,3041,834
4935,21697.51349428986,21697.51349428986,43395.02698857972,-6.158435399526663,-3.611777963577263,0.055347100354337334,158831.51212551436,5846,1838,1075,3460,5045,254
4936,20540.01508145258,20540.01508145258,41080.03016290516,-6.283541639486377,-4.266725373897249,0.055508656273110114,159375.97207778122,5485,2539,735,3982,4418,359
4937,24137.790619019797,24137.790619019797,48275.581238039595,-5.307291006616642,-3.3050416118941532,0.055370738332702445,160735.2321142616,1296,7271,192,3959,4648,152
4938,23033.74607675581,23033.74607675581,46067.49215351162,-5.443751969752497,-4.233415219623527,0.05478505650564749,157110.66337752464,5235,3225,299,4522,3977,260
4939,24392.200729930326,24392.200729930326,48784.40145986065,-5.26286713423726,-3.737675888437579,0.055348221594844975,161671.71375509305,1938,6558,263,3107,5413,239
4940,23512.612166365663,23512.612166365663,47025.224332731326,-4.906519306674522,-3.986423344814705,0.05448949033449988,156073.57685187034,1996,6309,454,7496,1084,179
4941,18499.944910744212,18499.944910744212,36999.889821488425,-5.6137715815518545,-3.612455470635161,0.05522956593731666,164841.50860407125,5101,2767,891,3024,4221,1514
4942,18907.41383807362,18907.41383807362,37814.82767614724,-6.084087193286339,-4.307917676833231,0.05538888539004478,164955.5512429322,6022,1643,1094,2771,4441,1547
4943,22864.590183084845,22864.590183084845,45729.18036616969,-5.468642345150767,-4.156606197711065,0.05511061088167501,157867.500629241,7079,1321,359,4693,3895,171
4944,16881.320138255003,16881.320138255003,33762.64027651001,-7.1110036217452555,-3.9335752958849746,0.055373489204440386,164823.5754487494,6159,2358,242,3375,3836,1548
4945,11116.57965370561,11116.57965370561,22233.15930741122,-9.497925684728928,-5.906427700507919,0.055133592147884235,161294.18921296898,4954,3495,310,3419,3889,1451
4946,24897.82488212049,24897.82488212049,49795.64976424098,-7.17043950796957,-4.015149254003232,0.05464250168397269,154725.15333386487,4914,3421,424,6391,2237,131
4947,15819.904724961327,15819.904724961327,31639.809449922654,-7.737310899332924,-3.89029062726405,0.054780951311260755,164259.3358542651,2725,5726,308,4197,2199,2363
4948,21444.350181957536,21444.350181957536,42888.70036391507,-5.901825939683426,-3.8708016769835574,0.055557546328173495,161792.35874564794,3551,4989,219,3089,5302,368
4949,24254.716543997256,24254.716543997256,48509.43308799451,-5.458632214008228,-3.3694671780055923,0.0546052817453489,156191.55454928568,4515,4101,143,5021,3567,171
4950,15818.146360444549,15818.146360444549,31636.292720889098,-7.003866660308979,-4.957842035638831,0.054550357503810674,157885.6365946697,5437,3031,291,4352,3443,964
4951,21392.69313336395,21392.69313336395,42785.3862667279,-7.515847547607655,-4.585079107033174,0.054407863877258655,156427.06954546488,1733,6457,569,7854,614,291
4952,21125.30675778711,21125.30675778711,42250.61351557422,-6.421008122657861,-3.8014125910443473,0.05445875145269761,156406.02489216515,4771,3632,356,5635,2346,778
4953,24265.386022594856,24265.386022594856,48530.77204518971,-5.910021733868694,-2.9933405066745893,0.05549364350624795,160567.6561073205,3650,4250,859,2409,6135,215
4954,18101.743530190397,18101.743530190397,36203.487060380794,-5.992009258807676,-4.828590740472285,0.05502586866755829,159228.32400937122,4798,2928,1033,3335,3786,1638
4955,20966.098200504268,20966.098200504268,41932.196401008536,-7.253557513179551,-4.862928432158398,0.05474305699890672,157912.18968327253,4955,3450,354,4425,3520,814
4956,15383.905592724732,15383.905592724732,30767.811185449464,-7.254938748193954,-5.374343730035103,0.054715561612842065,161661.65401447227,4953,3079,727,4925,2127,1707
4957,15889.074479646075,15889.074479646075,31778.14895929215,-8.192746248618269,-5.438187866712273,0.055338947793902714,159628.27757994158,3285,4261,1213,3857,3603,1299
4958,18908.42664678735,18908.42664678735,37816.8532935747,-7.97772017706125,-4.907817572500654,0.05463176009141159,156792.0603067008,1060,6911,788,6430,1832,497
4959,19534.50323853347,19534.50323853347,39069.00647706694,-7.586858560972959,-3.913518817543879,0.05465629552961113,162635.3023149277,4257,3861,641,5035,2142,1582
4960,24503.28988533503,24503.28988533503,49006.57977067006,-5.681148528460455,-3.3468307948089784,0.054411792398438644,154771.9742674763,5129,3493,137,6574,2007,178
4961,14684.878649305274,14684.878649305274,29369.757298610548,-7.551448923314158,-4.607364499354742,0.05461663465796586,159193.7643838914,4045,4481,233,4931,2707,1121
4962,14801.116595940934,14801.116595940934,29602.233191881867,-7.3053071768258855,-4.4627760714536935,0.05551386305923155,163174.1499104763,3929,3984,846,2473,5305,981
4963,20937.42097908092,20937.42097908092,41874.84195816184,-6.12285938031904,-3.7754803382725943,0.055345024742454396,158768.05331615655,5014,3538,207,3535,4803,421
4964,16817.889606584606,16817.889606584606,33635.77921316921,-6.696953857453351,-4.8437430711553535,0.05458986006752345,161423.84590474822,4828,3644,287,5469,922,2368
4965,13998.69722586598,13998.69722586598,27997.39445173196,-8.41179322349807,-6.097395564304057,0.05525717114091239,163189.66720437258,2667,5904,188,1633,5898,1228
4966,22873.16232244308,22873.16232244308,45746.32464488616,-6.122547697801853,-4.47456353385457,0.05450979804588854,156709.84389457642,3824,3966,969,6265,1770,724
4967,24755.25110045862,24755.25110045862,49510.50220091724,-5.261530445672486,-3.848025982227678,0.05455529001703353,156445.67517635023,2354,5985,420,6320,2172,267
4968,22485.693946119784,22485.693946119784,44971.38789223957,-5.20185047526298,-3.3686098377941835,0.05527798821318543,158196.85929809988,5696,2555,508,4787,3699,273
4969,23318.90670910567,23318.90670910567,46637.81341821134,-5.542575878142337,-3.563308619763433,0.05554925624233892,161416.23189384796,2066,5369,1324,2800,5739,220
4970,20730.1217136135,20730.1217136135,41460.243427227,-7.4249995700547124,-2.8157614368412633,0.0548174482094966,155699.19607146046,5690,1993,1076,5515,2936,308
4971,13445.840807143215,13445.840807143215,26891.68161428643,-8.15156443804192,-3.6332405415520026,0.05463241859144826,164874.01763580847,2697,5577,485,4921,1650,2188
4972,21559.975522910543,21559.975522910543,43119.951045821086,-6.108558329261331,-3.119305095354987,0.05551154951822748,160118.2469279225,5248,3277,234,3084,5343,332
4973,23586.24181826588,23586.24181826588,47172.48363653176,-6.041609033482812,-3.347985460731694,0.05550694110915232,160405.96190995062,3490,3889,1380,4471,4081,207
4974,12428.180337260183,12428.180337260183,24856.360674520365,-8.230226726270033,-6.339998825377714,0.05539699295321228,161564.54665348007,5413,2764,582,2652,4606,1501
4975,18155.815311230177,18155.815311230177,36311.630622460354,-7.029802011738928,-5.39444300280454,0.05527322407127657,161557.93435457186,3289,4878,592,2275,5306,1178
4976,8630.190945248636,8630.190945248636,17260.381890497272,-7.344654701485272,-5.293435482410949,0.05465044359546388,163366.7949406529,5903,2208,648,3116,3094,2549
4977,21403.70754014585,21403.70754014585,42807.4150802917,-6.526695708615082,-5.1450270669217,0.055445065240174146,161026.11119682918,4325,3822,612,3264,5207,288
4978,21471.496975483733,21471.496975483733,42942.993950967466,-5.780882217674822,-3.1472256938241845,0.05459255339366966,157167.8397908068,2864,5218,677,4826,3675,258
4979,23426.727064237577,23426.727064237577,46853.454128475154,-6.4046565609537085,-4.065787351842859,0.0553764413542701,161463.4552032129,2953,5704,102,3442,5129,188
4980,19825.823752535576,19825.823752535576,39651.64750507115,-6.790834197498068,-4.457265699675259,0.05546861301736685,161516.46747632313,4792,3744,223,1808,5896,1055
4981,22340.548267448947,22340.548267448947,44681.09653489789,-5.7508903026329055,-3.578942428388072,0.05549793671062164,161777.95716888938,3062,5321,376,2391,6201,167
4982,16980.346695545013,16980.346695545013,33960.693391090026,-7.477889266286989,-4.811563519538834,0.054962200606556856,159529.6802030259,5334,3120,305,2816,4381,1562
4983,16474.94840862928,16474.94840862928,32949.89681725856,-7.26281980435285,-4.880139072198592,0.05476855596647992,159711.02999268047,2612,5923,224,4238,2763,1758
4984,22634.08802221342,22634.08802221342,45268.17604442684,-5.077906352044862,-3.722514818772416,0.05552044437040645,160901.12445893305,4577,3979,203,1906,6480,373
4985,23162.544940095464,23162.544940095464,46325.08988019093,-5.189801071258783,-3.2108458917708282,0.055720279335847396,159516.114497555,5625,2379,755,3359,5248,152
4986,23886.85532386373,23886.85532386373,47773.71064772746,-5.116054445964239,-3.9236004128828768,0.054686796880601775,157468.1262733612,2729,5683,347,5303,3188,268
4987,16852.3427567463,16852.3427567463,33704.6855134926,-6.684270735937138,-3.6885996218753263,0.05456629069450287,161127.88777267304,6532,1976,251,5174,1856,1729
4988,22675.642882476022,22675.642882476022,45351.285764952045,-5.515499602728,-3.374268608724192,0.05529898220657365,159420.51596460133,5350,2289,1120,2333,6215,211
4989,21119.765565853755,21119.765565853755,42239.53113170751,-6.40922714243103,-3.8696000003868734,0.05460046961069456,156830.10384056988,3409,4812,538,6133,2106,520
4990,20093.89948180129,20093.89948180129,40187.79896360258,-7.381054992566342,-3.9162312197898332,0.05468568913588833,157300.31116699957,3606,4773,380,5854,2204,701
4991,22975.427971517274,22975.427971517274,45950.85594303455,-7.301265307759115,-3.1241796447569623,0.055312921343996645,160176.481362761,726,7704,329,4277,4288,194
4992,20138.57412775663,20138.57412775663,40277.14825551326,-6.267833560029516,-3.419009374567074,0.055227456829083275,159023.3033009903,4362,4166,231,3808,4032,919
4993,23099.652819014846,23099.652819014846,46199.30563802969,-5.2978765257605165,-3.987037539589113,0.05536951890677371,161312.07698999086,1628,6151,980,2528,5780,451
4994,20158.35271971895,20158.35271971895,40316.7054394379,-7.283271341021653,-5.212919658108417,0.05539677712491952,160907.6603821046,3226,4616,917,3694,4599,466
4995,18252.505361342734,18252.505361342734,36505.01072268547,-7.934606676548002,-4.626850427443586,0.05532969833576706,161303.66042880807,2256,5491,1012,2622,4997,1140
4996,21052.937590434613,21052.937590434613,42105.875180869225,-6.6374700893617105,-4.385672630252372,0.0553821602342689,162636.62162616168,3057,4592,1110,1861,5929,969
4997,8325.120105268687,8325.120105268687,16650.240210537373,-7.684370055469319,-4.778750948436569,0.05504527381503009,164984.4566066909,6033,2116,610,2525,3301,2933
4998,13042.621420803831,13042.621420803831,26085.242841607662,-8.03583814061346,-4.528441875209374,0.05565113716395602,163721.5533519519,6858,1427,474,775,6443,1541
4999,21623.19876297187,21623.19876297187,43246.39752594374,-6.71062150580795,-4.144327595722394,0.05550348413523105,160566.10337014377,5026,3475,258,2097,6430,232
5000,21067.116500270717,21067.116500270717,42134.23300054143,-6.606911952552427,-4.105051050084901,0.05467542432498112,156309.2231959905,6974,918,867,4385,3505,869
