hour,demand,solar_prod,wind_prod,battery_soc,effective_demand,solar_strategy,wind_strategy,grid_purchased
0,55.8038428,1.348889,15.10373333333334,0.28742380804649126,5.803842799999998,honest,honest,0.0
1,36.611111075,0.0,13.84279999999994,0.1604870497570173,0.0,honest,honest,0.0
2,36.661580725,0.0,12.185233333333311,0.05000000000000002,15.669041271166716,honest,honest,3.4838079378334044
3,36.690405725000005,0.0,10.660966666666688,0.06519187750000004,36.690405725000005,honest,hide_information,29.227729058333324
4,37.066125174999996,0.0,14.09666666666666,0.07008775,34.17966844999999,honest,hide_information,24.312001783333326
5,56.1383426,0.0,13.018033333333388,0.05,52.3216701,honest,honest,39.303636766666614
6,96.03082900000001,2.975,21.95006666666665,0.05,96.03082900000001,honest,honest,71.10576233333336
7,112.04364910000001,2.617744666666667,29.22233333333333,0.05,112.04364910000001,honest,honest,80.2035711
8,104.120395825,12.256987999999998,34.62166666666663,0.05,104.120395825,honest,honest,57.241741158333376
9,85.397040725,4.620233,23.768966666666635,0.05,85.397040725,honest,honest,57.00784105833336
10,104.16288805,27.061989333333337,20.70236666666673,0.08856333479999999,104.16288805,hide_information,honest,64.51712884999995
11,106.07496409999999,247.99505166666708,18.822399999999963,0.2875,98.747930488,hide_information,honest,0.0
12,104.27313775,979.9141453333344,20.25899999999996,0.2875,59.148137750000004,hide_information,honest,0.0
13,85.4716347,676.7025456666667,14.979333333333331,0.2875,40.346634699999996,honest,honest,0.0
14,85.48625055000001,207.5242133333333,22.61663333333341,0.2875,40.36125055000001,honest,honest,0.0
15,85.466054575,120.45431099999983,23.87530000000008,0.2875,40.341054575,honest,honest,0.0
16,109.359972925,34.851356,25.928699999999925,0.05,64.234972925,honest,honest,3.454916925000063
17,114.66067277500001,60.91093333333334,24.659533333333307,0.05,114.66067277500001,honest,honest,29.090206108333362
18,114.667660525,5.385166666666667,28.4502333333333,0.05,114.667660525,honest,honest,80.83226052500004
19,96.270514725,6.144466666666667,27.82399999999993,0.05,96.270514725,honest,honest,62.3020480583334
20,96.217711125,0.6566333333333334,22.41330000000004,0.05,96.217711125,honest,honest,73.14777779166663
21,96.033960825,0.01,24.79566666666674,0.05,96.033960825,honest,honest,71.22829415833326
22,95.75527102500001,0.0,27.68329999999995,0.05,95.75527102500001,honest,honest,68.07197102500007
23,97.76775967500001,0.7995,34.83096666666661,0.05,97.76775967500001,honest,honest,62.137293008333394
24,55.856002175,0.0,20.96200000000008,0.05,55.856002175,honest,honest,34.89400217499992
25,36.623453024999996,0.0,19.790066666666657,0.07820084499999999,36.623453024999996,honest,hide_information,22.77040635833334
26,36.681607625,0.0,15.39970000000002,0.07194457250000003,31.323447075,honest,hide_information,20.543657074999985
27,36.71048055,0.0,11.949133333333323,0.067027515,32.541011774999994,honest,hide_information,24.17661844166667
28,37.085563825,0.0,10.831866666666713,0.06543541000000007,33.850335975,honest,hide_information,26.2680293083333
29,56.136234175000006,0.1109999999999999,10.46679999999998,0.05,53.203506274999995,honest,honest,42.62570627500001
30,96.0505652,0.7482219999999999,14.58020000000002,0.05,96.0505652,honest,honest,80.72214319999998
31,112.0990349,0.0,12.95730000000005,0.05,112.0990349,honest,honest,99.14173489999996
32,104.170873825,1.824566666666667,15.442633333333358,0.05,104.170873825,honest,honest,86.90367382499997
33,85.456781425,5.790533333333332,17.783966666666675,0.05,85.456781425,honest,honest,61.882281424999995
34,104.1878312,9.269877666666668,15.689900000000002,0.05,104.1878312,honest,honest,79.22805353333334
35,106.105929725,29.684122666666664,15.498166666666684,0.05,106.105929725,honest,honest,60.92364039166665
36,104.3453677,557.6934899999994,16.853733333333352,0.2875,104.3453677,honest,honest,0.0
37,85.55320334999999,571.1546399999997,18.05713333333332,0.2875,40.42820334999999,honest,hide_information,0.0
38,85.551114525,293.872402000001,20.928533333333288,0.2875,40.426114525,honest,hide_information,0.0
39,85.5133049,47.65636066666666,21.65900000000004,0.1874035148916668,40.388304899999994,honest,hide_information,0.0
40,109.3855705,10.130156,25.15046666666657,0.05,83.2789026705833,honest,honest,47.99828000391673
41,114.70659512499999,0.0,28.76983333333339,0.05,114.70659512499999,honest,honest,85.9367617916666
42,114.724340625,0.0456666666666666,26.955733333333395,0.05,114.724340625,honest,honest,87.72294062499994
43,96.32285912500001,5.4003890000000006,35.173399999999944,0.05,96.32285912500001,honest,honest,55.74907012500006
44,96.23652737500001,1.3231666666666668,38.66953333333324,0.05,96.23652737500001,honest,honest,56.2438273750001
45,96.03188825000001,0.1595333333333333,42.86426666666659,0.05,96.03188825000001,honest,honest,53.008088250000085
46,95.7418341,2.243722,49.57663333333335,0.05,95.7418341,honest,honest,43.92147876666666
47,97.750824125,0.2667666666666666,61.32799999999981,0.05,97.750824125,honest,honest,36.156057458333514
48,55.844783625,0.0,63.0319666666669,0.08413911944791777,55.844783625,honest,honest,0.0
49,36.60545465,0.0,65.5087333333334,0.21810112904757945,30.119021954895622,honest,hide_information,0.0
50,36.6540785,0.0,75.19866666666681,0.2875,4.714863980959901,honest,honest,0.0
51,36.6774164,0.0,79.80046666666641,0.3319609663157894,0.0,honest,honest,0.0
52,38.33518165,8.7634,82.94636666666656,0.367696852368421,0.0,honest,honest,0.0
53,57.399563825,0.0818333333333333,88.73549999999985,0.3420389576315789,7.399563825000001,honest,honest,0.0
54,96.586870175,0.0,88.29006666666629,0.2769712462301517,46.586870175,honest,honest,0.0
55,112.040253275,0.0,85.9398999999998,0.1308648716664609,68.91571649127118,honest,honest,0.0
56,104.1121409,8.037111,89.97456666666649,0.09400334632064675,88.74781528337243,honest,honest,0.0
57,85.39413065,9.668532999999998,91.8265999999998,0.16619278121688275,77.03349484907712,honest,honest,0.0
58,104.119029625,29.248599666666664,92.43493333333308,0.23829537607948548,82.04240119379227,honest,honest,0.0
59,106.048848425,130.45083233333338,92.3668333333335,0.2875,70.27272696989776,honest,honest,0.0
60,104.24968812499999,162.78358399999962,92.14913333333334,0.2875,59.12468812499999,honest,honest,0.0
61,85.43808527499999,207.15530866666643,91.46199999999996,0.2875,40.31308527499999,honest,hide_information,0.0
62,85.436657675,32.438088666666665,90.62106666666656,0.2875,40.311657675000006,honest,hide_information,0.0
63,85.406020425,7.473166666666668,90.0606000000002,0.2875,40.281020424999994,honest,hide_information,0.0
64,109.2672493,1.811078,89.53099999999979,0.17919918632499898,64.1422493,honest,honest,0.0
65,114.58008462500001,0.7397333333333334,89.28506666666702,0.05,90.0322392232502,honest,honest,0.007439223249846805
66,114.59662995000001,2.6519,88.15259999999994,0.05,114.59662995000001,honest,honest,23.792129950000074
67,95.84361584999999,0.927111,86.88123333333293,0.05,95.84361584999999,honest,honest,8.035271516667066
68,95.81869155,0.1337666666666666,85.71709999999965,0.05,95.81869155,honest,honest,9.967824883333677
69,95.72176507500001,0.0627776666666666,84.89169999999983,0.05,95.72176507500001,honest,honest,10.767287408333516
70,95.70736725,0.0211333333333333,83.65036666666656,0.05,95.70736725,honest,honest,12.03586725000011
71,97.731694875,0.4354333333333333,81.19013333333311,0.05,97.731694875,honest,honest,16.10612820833356
72,55.82948075,0.0,80.97003333333318,0.16941762477083255,55.82948075,honest,honest,0.0
73,36.558462225,0.0,79.92869999999999,0.2875,13.869113518541816,honest,honest,0.0
74,36.60215645,0.0,79.94020000000016,0.3323570713157894,0.0,honest,honest,0.0
75,36.632285124999996,0.0,76.53450000000016,0.37705557065789463,0.0,honest,honest,0.0
76,37.007161775,0.0,74.38766666666697,0.41978103499999986,0.0,honest,honest,0.0
77,56.0997647,0.0,71.20029999999998,0.39412314026315776,6.0997647000000015,honest,honest,0.0
78,96.00214855000002,0.0,70.94493333333324,0.24944347324714847,46.002148550000015,honest,honest,0.0
79,112.027333,0.0,67.91343333333327,0.05000000000000002,74.1330730830418,honest,honest,6.21963974970852
80,104.099667575,2.114666666666667,65.04569999999981,0.05,104.099667575,honest,honest,36.93930090833352
81,85.38113245,3.447966333333334,69.10800000000012,0.05,85.38113245,honest,honest,12.825166116666537
82,104.104920725,9.581200000000004,68.85563333333346,0.05,104.104920725,honest,honest,25.668087391666532
83,106.0314095,170.47011466666666,68.23496666666672,0.2875,106.0314095,honest,honest,0.0
84,104.227851775,377.0505406666673,67.96189999999996,0.2875,59.102851775000005,honest,honest,0.0
85,85.417097025,263.73315699999995,69.63093333333337,0.2875,40.292097025000004,honest,hide_information,0.0
86,85.41958105,93.60645699999998,69.64366666666675,0.2875,40.294581050000005,honest,hide_information,0.0
87,85.388376775,9.141322333333337,70.69630000000004,0.2379776664020835,40.263376775,honest,hide_information,0.0
88,109.248272875,3.865722333333333,69.88333333333318,0.051028562188296364,73.53251625860413,honest,honest,0.0
89,114.55783582500001,5.042466666666666,66.1863666666667,0.05,114.3624090092237,honest,honest,43.13357567589033
90,114.579083375,10.572533333333332,58.792499999999954,0.05,114.579083375,honest,honest,45.21405004166671
91,96.18600395,1.6471113333333331,65.87436666666662,0.05,96.18600395,honest,honest,28.664525950000055
92,96.14040725000001,8.374633333333334,62.13179999999996,0.05,96.14040725000001,honest,honest,25.63397391666672
93,95.967127525,1.6611779999999998,61.46243333333319,0.05,95.967127525,honest,honest,32.84351619166681
94,95.69608745,0.8705666666666667,54.02323333333352,0.05,95.69608745,honest,honest,40.8022874499998
95,97.72131387499999,1.0576556666666663,50.247800000000055,0.05,97.72131387499999,honest,honest,46.41585820833327
96,55.819067975,0.0,47.24396666666659,0.05,55.819067975,honest,honest,8.575101308333416
97,36.540880525,0.0,47.12479999999986,0.11715283999999983,36.540880525,honest,hide_information,3.5535205250001027
98,36.578925425,0.0,46.107399999999984,0.15586569233124975,23.819885825000036,honest,honest,0.0
99,36.605564,0.0,45.22319999999997,0.18647755832895274,16.49108245706255,honest,honest,0.0
100,36.97749365,0.0,47.197366666666646,0.22171539322104644,11.046757567498979,honest,honest,0.0
101,56.0774534,0.0,38.01690000000002,0.11918551373199451,23.451528688001176,honest,honest,0.0
102,95.986552725,0.0,39.05336666666656,0.05000000000000002,82.84130511592105,hide_information,honest,43.78793844925448
103,112.01182002499999,0.0,52.22716666666665,0.05,112.01182002499999,honest,honest,59.784653358333344
104,104.084353625,1.2423,41.59683333333349,0.05,104.084353625,honest,honest,61.24522029166651
105,85.366043425,2.3919666666666664,35.714266666666575,0.05,85.366043425,honest,honest,47.25981009166676
106,104.0883831,4.995144333333332,39.61409999999989,0.05,104.0883831,honest,honest,59.47913876666678
107,106.01826377500001,17.651543666666665,37.45063333333338,0.075153449725,106.01826377500001,hide_information,honest,56.21154987499997
108,104.210848925,28.364989000000005,36.23626666666658,0.09042010932500003,99.43169347725,hide_information,honest,43.33993451058341
109,85.40206915,24.963575666666667,35.622599999999984,0.08557309532499997,77.72224837825,hide_information,honest,24.625145411583347
110,85.40366595,18.515944333333334,34.7546333333333,0.07638522067500002,78.64477783825001,hide_information,honest,30.928983471583372
111,85.37327189999999,15.218200666666664,31.516500000000065,0.07168593594999999,80.36007997174998,hide_information,honest,38.190839505083254
112,109.232212825,0.3577333333333333,29.139699999999937,0.05,105.1118849945,honest,honest,75.61445166116673
113,114.5411292,1.3215333333333334,28.024099999999937,0.05,114.5411292,honest,honest,85.19549586666673
114,114.558473475,1.8934,29.98420000000005,0.05,114.558473475,honest,honest,82.68087347499994
115,96.168437775,0.3386666666666666,29.601100000000145,0.05,96.168437775,honest,honest,66.22867110833319
116,96.12336702500001,2.6873666666666662,33.4549,0.05,96.12336702500001,honest,honest,59.981100358333336
117,95.951799575,0.9582556666666666,30.401866666666702,0.05,95.951799575,honest,honest,64.59167724166663
118,95.681048375,1.6033333333333333,30.10503333333343,0.05,95.681048375,honest,honest,63.97268170833324
119,97.708059925,3.670389,46.30916666666664,0.05523030432499999,97.708059925,hide_information,honest,48.82962095833336
120,55.804838,0.0857333333333333,42.55153333333328,0.05012217,54.81108017825,hide_information,honest,12.19953351158339
121,36.515859675,0.0,47.1642,0.10068987496874998,36.492647375000004,honest,honest,0.0
122,36.553911275000004,0.0,37.98103333333347,0.10252644193638083,26.92283503093751,honest,honest,0.0
123,36.58851975,0.0461113333333333,36.70226666666672,0.09816444053508397,26.608495782087648,honest,honest,0.0
124,38.25832685,0.0,36.60553333333329,0.0856176383787464,29.10708314833405,honest,honest,0.0
125,57.355912350000004,0.0,37.87359999999988,0.05,50.58856105803819,hide_information,honest,12.714961058038305
126,96.56044925,0.0,45.3453000000001,0.05,96.56044925,hide_information,honest,51.215149249999904
127,112.017251975,0.9090333333333332,46.00450000000004,0.05,112.017251975,honest,honest,65.10371864166662
128,104.088592525,3.774111,44.16523333333341,0.05,104.088592525,honest,honest,56.14924819166659
129,85.37323825,0.901211,54.54453333333349,0.05,85.37323825,honest,honest,29.927493916666506
130,104.097911825,4.738355,44.658166666666645,0.056752155875,104.097911825,hide_information,honest,56.12289665833335
131,106.0270774,166.55620033333332,67.75703333333362,0.2875,104.74416778375,hide_information,honest,0.0
132,104.22698265,693.589319666667,70.32513333333344,0.2875,59.10198265,hide_information,honest,0.0
133,85.41715119999999,840.851420666669,68.05146666666657,0.2875,40.29215119999999,honest,honest,0.0
134,85.41819377499999,456.3554563333341,67.89829999999989,0.2875,40.29319377499999,honest,honest,0.0
135,85.386943925,180.2677923333328,63.51753333333341,0.2875,40.261943925,honest,honest,0.0
136,109.25264237500001,4.592065666666668,63.06086666666649,0.06674512730208246,64.12764237500001,hide_information,honest,0.0
137,114.55844915,0.6487999999999999,59.07713333333319,0.05,111.37687496260433,honest,honest,51.650941629271145
138,114.581573725,0.1016,62.59589999999983,0.05,114.581573725,honest,honest,51.88407372500017
139,95.829259525,0.9685,72.47606666666668,0.05,95.829259525,honest,honest,22.38469285833331
140,95.80743832499999,1.2633333333333334,69.63973333333361,0.05,95.80743832499999,honest,honest,24.904371658333048
141,95.711487325,0.1729333333333333,71.20190000000036,0.05,95.711487325,honest,honest,24.336653991666296
142,95.69747122500002,0.9718,73.2454000000002,0.05,95.69747122500002,honest,honest,21.48027122499981
143,97.723162925,0.0,73.24183333333362,0.05,97.723162925,honest,honest,24.48132959166638
144,55.822142125,0.0,83.67396666666671,0.18229616657291692,55.822142125,honest,honest,0.0
145,36.5446593,0.0,84.07286666666656,0.2875,11.408387651145784,honest,honest,0.0
146,36.586516175,0.0,84.90869999999978,0.33243938855263155,0.0,honest,honest,0.0
147,36.6182969,0.0,85.88206666666672,0.37721151013157894,0.0,honest,honest,0.0
148,36.9958126,0.0,89.29670000000009,0.4199967069736842,0.0,honest,honest,0.0
149,56.102182425,0.0,88.02859999999966,0.3943388122368421,6.102182425000002,honest,honest,0.0
150,95.99908837499999,0.0,83.23946666666669,0.30807271438541683,45.999088374999985,honest,honest,0.0
151,112.0029903,2.332778,81.00253333333322,0.14673914964117152,62.969174566770796,honest,honest,0.0
152,104.07095157500001,0.3403333333333333,77.64573333333357,0.05,85.69051314317741,honest,honest,7.704446476510512
153,85.37424619999999,2.8945890000000003,76.04199999999989,0.05,85.37424619999999,honest,honest,6.437657200000103
154,104.114313275,3.4153666666666664,68.8980333333333,0.05,104.114313275,honest,honest,31.800913275000028
155,106.04472045,119.84612233333284,67.34036666666653,0.2875,106.04472045,honest,honest,0.0
156,104.2397966,520.2093226666678,51.365433333333215,0.2875,59.114796600000005,honest,honest,0.0
157,85.42983805,1129.3516010000008,46.66633333333342,0.2875,40.30483805,honest,hide_information,0.0
158,85.434784575,521.7906033333334,43.723000000000106,0.2875,40.309784574999995,honest,hide_information,0.0
159,85.407873275,113.98144866666642,39.445533333333415,0.2875,40.282873275,honest,hide_information,0.0
160,109.26735987500001,5.273432000000001,34.18103333333327,0.05,64.14235987500001,honest,honest,24.687894541666743
161,114.579269425,6.235622,28.691933333333168,0.05,114.579269425,honest,honest,79.65171409166683
162,114.59471752500001,0.4727776666666667,28.383166666666657,0.05,114.59471752500001,honest,honest,85.73877319166668
163,96.20289615000002,0.1394333333333333,36.314100000000025,0.05,96.20289615000002,honest,honest,59.749362816666654
164,96.15351805,0.0,39.11520000000003,0.05,96.15351805,honest,honest,57.03831804999997
165,95.981033325,2.332778,42.98293333333351,0.05,95.981033325,honest,honest,50.66532199166649
166,95.70994222499999,0.2422223333333333,45.99606666666649,0.05,95.70994222499999,honest,honest,49.47165322500017
167,97.73407725,2.4436,46.56199999999996,0.05,97.73407725,honest,honest,48.72847725000004
168,55.835780299999996,0.0,58.02623333333331,0.06040465190833324,55.835780299999996,honest,honest,0.0
169,36.568418175000005,0.0,65.97173333333326,0.19905594534935372,34.59153431241669,honest,hide_information,0.0
170,36.61151825,0.0,71.30773333333308,0.2875,8.290888633622796,honest,honest,0.0
171,36.6428683,0.0,74.12330000000004,0.33214279842105254,0.0,honest,honest,0.0
172,37.0192766,0.0,76.44236666666646,0.3748045005263157,0.0,honest,honest,0.0
173,56.1167511,0.0,72.86746666666659,0.3491466057894736,6.116751100000002,honest,honest,0.0
174,96.010560675,0.0,76.14323333333354,0.22911890617971586,46.010560674999994,honest,honest,0.0
175,112.0160936,0.0,78.59776666666657,0.05291775989385973,77.983501425854,honest,honest,0.0
176,104.08324504999999,0.0,65.34723333333334,0.05,103.52887067016664,honest,honest,38.181637336833305
177,85.372013,0.0,68.57603333333327,0.05,85.372013,honest,honest,16.795979666666724
178,104.127357875,5.204666666666667,68.28819999999985,0.05,104.127357875,honest,honest,30.634491208333486
179,106.04516175,86.00816633333336,64.95449999999975,0.2633581467708323,106.04516175,honest,honest,0.0
180,104.2463458,160.00730466666616,61.91920000000005,0.2875,63.70829791354186,honest,honest,0.0
181,85.430966875,205.3836116666666,53.15289999999991,0.2875,40.305966874999996,honest,hide_information,0.0
182,85.432714775,135.97897833333352,49.92356666666667,0.2875,40.307714774999994,honest,hide_information,0.0
183,85.401382975,39.97600000000001,45.09866666666672,0.2627918475354169,40.276382975000004,honest,hide_information,0.0
184,109.268317075,12.173433666666664,32.80536666666675,0.05,68.8378660432708,honest,honest,23.859065709937383
185,114.5745848,3.545666666666667,28.064266666666803,0.05,114.5745848,honest,honest,82.96465146666652
186,114.587092525,3.2607663333333337,30.169266666666765,0.05,114.587092525,honest,honest,81.15705952499991
187,96.19482765000001,0.315,36.21906666666661,0.05,96.19482765000001,honest,honest,59.6607609833334
188,96.147078475,1.3900886666666663,40.45246666666664,0.05,96.147078475,honest,honest,54.3045231416667
189,95.974088725,0.6617996666666667,51.74139999999979,0.05,95.974088725,honest,honest,43.57088905833354
190,95.7036052,0.12,54.93270000000019,0.05,95.7036052,honest,honest,40.65090519999981
191,97.72974937500001,0.5766553333333333,57.37306666666686,0.05,97.72974937500001,honest,honest,39.78002737499982
192,55.832767875,0.0,60.18149999999993,0.07065647759374966,55.832767875,hide_information,honest,0.0
193,36.571524000000004,0.0,67.25553333333323,0.21439151536169193,32.64679325718757,honest,honest,0.0
194,36.620932775,0.0,71.91543333333335,0.2875,5.38654485627853,honest,honest,0.0
195,36.65386835,0.6030333333333333,82.38636666666658,0.33208490342105257,0.0,honest,honest,0.0
196,37.031902699999996,0.0,72.2747,0.374680152368421,0.0,honest,honest,0.0
197,56.1154262,0.0,87.03333333333302,0.3490222576315789,6.115426200000002,honest,honest,0.0
198,96.01705455,0.0,86.89326666666688,0.2800263704489045,46.01705455,hide_information,honest,0.0
199,112.044000375,0.0364666666666666,84.39946666666671,0.12646048088221984,68.33898998970815,honest,honest,0.0
200,104.115277625,5.216933333333333,85.58260000000006,0.055755798610786944,89.58778625737824,honest,honest,0.0
201,85.3969161,3.390722333333333,85.96069999999978,0.07397851285456748,84.30331436395048,honest,honest,0.0
202,104.127197225,16.988277999999998,81.08890000000008,0.05,99.57127978263219,honest,honest,1.4941017826321144
203,106.0557032,570.4480326666661,85.6606333333336,0.2875,106.0557032,honest,honest,0.0
204,104.260048975,377.7067483333336,86.2844666666668,0.2875,59.135048975000004,honest,honest,0.0
205,85.44272395,276.29501633333354,87.43246666666636,0.2875,40.31772395,honest,hide_information,0.0
206,85.43924445,129.95329400000037,88.48706666666645,0.2875,40.314244450000004,honest,hide_information,0.0
207,85.40832677499999,20.434456333333294,88.90629999999977,0.2875,40.28332677499999,honest,hide_information,0.0
208,109.27391415000001,3.9015336666666673,89.35093333333324,0.18824187603749953,64.14891415000001,honest,honest,0.0
209,114.589991725,0.8822666666666666,90.7908333333335,0.06590805743009412,88.32403527787508,honest,honest,0.0
210,114.6089409,5.074922333333335,88.85276666666687,0.05,111.58640998828211,honest,honest,17.658720988281914
211,96.21358542499999,0.0782333333333333,90.86946666666714,0.05,96.21358542499999,honest,honest,5.265885424999524
212,96.16423455,1.1639666666666666,87.88733333333357,0.05,96.16423455,honest,honest,7.112934549999764
213,95.98927502500001,1.2423333333333333,84.92650000000009,0.05,95.98927502500001,honest,honest,9.820441691666588
214,95.71694682500001,1.2802666666666664,81.88476666666658,0.05,95.71694682500001,honest,honest,12.551913491666767
215,97.74142082499999,1.0911,85.03489999999971,0.05,97.74142082499999,honest,honest,11.615420825000285
216,55.843421649999996,1.3772333333333333,77.98916666666649,0.16173414716249918,55.843421649999996,honest,honest,0.0
217,36.5903592,1.3772333333333333,78.61173333333318,0.2875,15.36087123912516,honest,honest,0.0
218,36.64248365,0.0,83.59603333333298,0.3321448228947368,0.0,honest,honest,0.0
219,36.675804150000005,0.0,80.78906666666646,0.37661427473684206,0.0,honest,honest,0.0
220,38.342549025000004,0.0,83.92396666666653,0.41231138513157883,0.0,honest,honest,0.0
221,57.409493100000006,0.0,78.64846666666664,0.38665349039473673,7.409493100000006,honest,honest,0.0
222,96.60133702499999,0.0,76.13600000000005,0.2637852447891449,46.60133702499999,honest,honest,0.0
223,112.057115725,0.0,78.41146666666663,0.08312435039511971,71.43791921506248,honest,honest,0.0
224,104.13995990000001,7.941033333333334,72.45966666666685,0.05,97.84633332492726,honest,honest,17.445633324927073
225,85.42851,10.739832999999996,62.56323333333328,0.05,85.42851,honest,honest,12.125443666666726
226,104.15574749999999,8.120755333333333,68.61236666666684,0.05,104.15574749999999,honest,honest,27.42262549999981
227,106.08145837500001,6.039522333333334,74.27383333333327,0.05,106.08145837500001,honest,honest,25.7681027083334
228,104.284340525,40.772222,72.51333333333339,0.0927557703395836,104.284340525,honest,honest,0.0
229,85.4717187,72.88077733333333,74.1511666666665,0.2875,77.34812233547912,honest,honest,0.0
230,85.46861039999999,111.96800033333324,84.74866666666664,0.2875,40.34361039999999,honest,hide_information,0.0
231,85.43860305000001,8.776700000000003,87.89673333333339,0.2875,40.31360305000001,honest,hide_information,0.0
232,109.31116225,4.023344333333333,85.80470000000021,0.17179893989583434,64.18616225,honest,honest,0.0
233,114.625191275,0.3643,89.40656666666673,0.05,91.48339269479149,honest,honest,1.7125260281247563
234,114.6447553,1.4083553333333334,89.97369999999988,0.05,114.6447553,honest,honest,23.262699966666787
235,95.88915775000001,1.6117,80.28623333333309,0.05,95.88915775000001,honest,honest,13.991224416666924
236,95.863674675,0.8475666666666667,65.19123333333317,0.05,95.863674675,honest,honest,29.82487467500016
237,95.761343725,0.0169333333333333,58.929733333333495,0.05,95.761343725,honest,honest,36.814677058333174
238,95.740204675,0.1164333333333333,61.18376666666664,0.05,95.740204675,honest,honest,34.440004675000026
239,97.75746955000001,0.0,69.89983333333336,0.05,97.75746955000001,honest,honest,27.85763621666665
240,55.854274124999996,0.0,72.41956666666655,0.12868513957291616,55.854274124999996,honest,honest,0.0
241,36.622545125,0.0,70.18183333333324,0.2804199574541397,21.67236860614593,honest,honest,0.0
242,36.681701475000004,0.0,69.22516666666688,0.32485837074361334,0.0,honest,honest,0.0
243,36.714271225,0.1337666666666666,49.42386666666665,0.3670241226295782,0.0,honest,honest,0.0
244,37.091720425,0.0,53.40649999999984,0.40930454144536765,0.0,honest,honest,0.0
245,56.135148325,0.0,49.00713333333333,0.3497885754981088,6.135148325000003,honest,honest,0.0
246,96.0444751,0.0,43.04163333333325,0.08663068076126673,46.0444751,honest,honest,3.002841766666748
247,112.084000925,0.0,13.78156666666667,0.05,105.12417158035932,honest,honest,91.34260491369264
248,104.154621525,5.3395,17.595133333333326,0.05,104.154621525,honest,honest,81.21998819166667
249,85.44196124999999,0.1635666666666666,21.98,0.05,85.44196124999999,honest,honest,63.29839458333332
250,104.170660125,8.076056,17.93623333333336,0.05,104.170660125,honest,honest,78.15837079166664
251,106.09873390000001,147.60447766666658,33.8802666666667,0.2875,106.09873390000001,honest,honest,0.0
252,104.30864382499999,485.0179226666671,34.24006666666668,0.2875,59.18364382499999,honest,honest,0.0
253,85.50703495,466.40829866666655,15.245066666666608,0.2875,40.382034950000005,honest,honest,0.0
254,85.52216775,386.1569666666661,22.49913333333333,0.2875,40.397167749999994,honest,honest,0.0
255,85.5103663,41.40053866666667,14.693200000000012,0.12461476874166673,40.3853663,honest,honest,0.0
256,106.74548899999999,15.211923000000002,18.776833333333364,0.05,92.56868293908332,honest,honest,58.57992660574995
257,114.69036037500001,0.1938109999999999,22.113400000000038,0.05,114.69036037500001,honest,honest,92.38314937499997
258,114.68200135000001,0.1729333333333333,26.722633333333256,0.05,114.68200135000001,honest,honest,87.78643468333343
259,96.26668035,0.1326333333333333,46.85020000000005,0.05,96.26668035,honest,honest,49.28384701666662
260,96.21426642499999,2.591044333333333,38.74546666666674,0.05,96.21426642499999,honest,honest,54.87775542499991
261,96.030844,0.3714,63.486066666666645,0.05,96.030844,honest,honest,32.173377333333356
262,95.749573575,0.3077,43.281066666666845,0.05,95.749573575,honest,honest,52.16080690833316
263,97.76334829999999,0.1811333333333333,60.420599999999965,0.05,97.76334829999999,honest,honest,37.16161496666669
264,55.856087175000006,0.0,50.38976666666647,0.05,55.856087175000006,honest,honest,5.466320508333538
265,36.625770725,0.7604,60.769333333333286,0.16829382238958307,36.625770725,honest,hide_information,0.0
266,36.682107275,0.0,63.19550000000002,0.2826987901503488,14.206281020979219,honest,honest,0.0
267,36.711229875,0.0,55.737166666666646,0.3269817908082435,0.0,honest,honest,0.0
268,37.085470025,2.107966666666667,48.025733333333335,0.3692951064661383,0.0,honest,honest,0.0
269,56.133215825,0.0,49.670333333333495,0.3129385198938803,6.133215825000001,honest,honest,0.0
270,96.03086382500001,0.7261113333333333,42.42836666666679,0.05,46.07254504516276,honest,honest,2.918067045162637
271,112.06027212500001,0.0,35.23106666666658,0.05,112.06027212500001,honest,honest,76.82920545833343
272,104.131974525,0.0751666666666666,30.66016666666669,0.05,104.131974525,honest,honest,73.39664119166665
273,85.41863985,0.0,30.30930000000002,0.05,85.41863985,honest,honest,55.109339849999984
274,104.15252355,14.09281133333333,22.400066666666667,0.07008225615,104.15252355,hide_information,honest,71.88748895
275,106.087159275,221.6503639999996,14.641599999999968,0.2875,102.27153060650001,hide_information,honest,0.0
276,104.28970335000001,1233.2435606666672,10.75393333333331,0.2875,59.16470335000001,hide_information,honest,0.0
277,85.482241,1062.5973569999987,8.97213333333331,0.2875,40.357241,honest,honest,0.0
278,85.47845302500001,399.4427993333333,16.759533333333337,0.2875,40.35345302500001,honest,honest,0.0
279,85.44383984999999,264.5259336666668,21.783700000000007,0.2875,40.31883984999999,honest,honest,0.0
280,106.67174155,39.813479333333326,16.483666666666647,0.10673420804999997,61.54674154999999,hide_information,honest,17.19363935000002
281,114.6218749,0.0,8.883966666666659,0.05,103.8423753705,honest,honest,94.95840870383333
282,114.646194675,0.0,8.537633333333314,0.05,114.646194675,honest,honest,106.10856134166669
283,96.24821714999999,3.480955666666666,13.511099999999994,0.05,96.24821714999999,honest,honest,79.25616148333333
284,96.201416675,4.132789,10.952999999999992,0.05,96.201416675,honest,honest,81.11562767500001
285,96.025777525,0.7094666666666667,6.509333333333326,0.05,96.025777525,honest,honest,88.80697752500001
286,95.7525246,0.0755553333333333,7.997166666666664,0.05,95.7525246,honest,honest,87.6798026
287,97.773800325,0.2144443333333333,10.681466666666676,0.05,97.773800325,honest,honest,86.87788932499998
288,55.871052025,0.0,13.90573333333334,0.05,55.871052025,honest,honest,41.96531869166666
289,36.640027950000004,0.0,10.946633333333356,0.06559895250000003,36.640027950000004,honest,hide_information,28.977384616666654
290,36.701081775,0.1729333333333333,15.94016666666666,0.07271473749999999,33.73728079999999,honest,hide_information,22.4062308
291,36.72723355,0.0,17.000566666666668,0.0742258075,32.411433425000006,honest,hide_information,20.51103675833334
292,38.3799442,0.0,11.744633333333322,0.06673610249999999,33.777040774999996,honest,hide_information,25.55579744166667
293,57.419261975,0.0,7.084133333333316,0.05,54.2394025,honest,honest,47.155269166666685
294,96.600818175,0.6875556666666666,7.99356666666668,0.05,96.600818175,honest,honest,87.91969584166665
295,112.052777425,0.0,6.749099999999989,0.05,112.052777425,honest,honest,105.30367742500002
296,104.123102175,1.651389,5.112066666666674,0.05,104.123102175,honest,honest,97.35964650833333
297,85.40316145,0.4368666666666667,6.45486666666666,0.05,85.40316145,honest,honest,78.51142811666668
298,104.12765780000001,91.67407699999998,5.333966666666685,0.05,104.12765780000001,honest,honest,7.119614133333343
299,106.059356375,351.2914559999998,5.82523333333333,0.2875,106.059356375,honest,honest,0.0
300,104.25797232500001,697.2503739999988,4.15953333333333,0.2875,59.13297232500001,honest,honest,0.0
301,85.443719375,432.3323649999991,7.773633333333335,0.2875,40.318719375,honest,hide_information,0.0
302,85.443113675,243.3887949999996,10.183500000000006,0.2875,40.318113675000006,honest,hide_information,0.0
303,85.412859225,111.17862400000016,15.055966666666704,0.2875,40.287859225000005,honest,hide_information,0.0
304,106.627081125,57.52336599999989,23.80913333333335,0.14419448648958283,61.502081125000004,honest,honest,0.0
305,114.591268025,30.019755666666665,26.362066666666728,0.05,96.69431559197926,honest,honest,40.31249325864587
306,114.61021205,20.788144666666664,25.164099999999927,0.05,114.61021205,honest,honest,68.65796738333341
307,95.854538125,20.8836,25.56700000000005,0.05,95.854538125,honest,honest,49.403938124999954
308,95.82957815,10.549989333333336,26.354033333333277,0.05,95.82957815,honest,honest,58.92555548333339
309,95.7332402,3.089067,26.15299999999992,0.05,95.7332402,honest,honest,66.49117320000008
310,95.72011625,1.4703336666666664,27.012666666666718,0.05,95.72011625,honest,honest,67.23711591666662
311,97.74513792500001,14.061511,37.84040000000002,0.05,97.74513792500001,honest,honest,45.843226924999996
312,55.849837925,3.4099993333333334,39.91400000000001,0.05,55.849837925,honest,honest,12.525838591666663
313,36.602081525,0.0,23.42160000000009,0.08337578000000014,36.602081525,honest,hide_information,20.20696152499994
314,36.658794549999996,0.0,20.705033333333397,0.0795046725000001,30.31739634999997,honest,hide_information,15.823873016666594
315,36.699314475,2.5588333333333333,23.381566666666696,0.08331873250000005,31.093426699999984,honest,hide_information,12.167496699999965
316,37.08771525,0.0,17.243700000000015,0.07457227250000002,30.757156074999994,honest,hide_information,18.686566074999984
317,56.170789875000004,0.0,12.176900000000003,0.05,51.5020581,honest,honest,39.325158099999996
318,96.1063136,0.1125,10.341733333333355,0.05,96.1063136,honest,honest,85.65208026666664
319,112.1014773,0.0,10.765766666666634,0.05,112.1014773,honest,honest,101.33571063333336
320,104.143912175,5.356333,10.68213333333336,0.05,104.143912175,honest,honest,88.10544584166664
321,85.426798475,20.548599666666664,13.271200000000004,0.05,85.426798475,honest,honest,51.60699880833333
322,104.1522524,24.124344333333337,5.785033333333352,0.05,104.1522524,honest,honest,74.24287473333331
323,106.06931552500001,105.09820099999996,6.036233333333334,0.07405931433958308,106.06931552500001,honest,honest,0.0
324,104.27291705,1088.6799363333323,3.1333333333333404,0.2875,99.70164732547921,honest,honest,0.0
325,85.454798275,1050.647043666667,3.016499999999992,0.2875,40.329798275,honest,hide_information,0.0
326,85.45207107499999,346.7719636666676,3.723233333333325,0.2875,40.32707107499999,honest,hide_information,0.0
327,85.42303634999999,281.7319893333337,9.161000000000008,0.2875,40.29803634999999,honest,hide_information,0.0
328,106.63934714999999,70.01088866666666,5.65960000000002,0.1172416722041668,61.51434714999999,honest,honest,0.0
329,114.593924,28.824334333333336,5.508033333333317,0.05,101.81800628120831,honest,honest,67.48563861454166
330,114.6083306,19.180589,24.06156666666664,0.05,114.6083306,honest,honest,71.36617493333335
331,96.21522435,2.085533333333333,15.180733333333276,0.05,96.21522435,honest,honest,78.94895768333339
332,96.163393075,2.959611333333333,18.96710000000004,0.05,96.163393075,honest,honest,74.23668174166663
333,95.987404575,1.3229666666666666,22.27903333333329,0.05,95.987404575,honest,honest,72.38540457500004
334,95.714407125,0.2662666666666666,32.16386666666664,0.05,95.714407125,honest,honest,63.284273791666685
335,97.73882954999999,0.0,31.78963333333328,0.05,97.73882954999999,honest,honest,65.9491962166667
336,55.840090925,0.0,41.65650000000012,0.05,55.840090925,honest,honest,14.183590924999876
337,36.579561749999996,0.0,41.21033333333325,0.1087247249999999,36.579561749999996,honest,hide_information,7.732328416666721
338,36.62570665,0.0,44.27199999999993,0.13931895772499958,25.46800890000002,honest,honest,0.0
339,36.656300425,0.0,46.344466666666776,0.1766291489947293,19.685698457250076,honest,honest,0.0
340,37.032043225,0.0,50.89050000000017,0.23011047664899403,12.972504916001434,honest,honest,0.0
341,56.11991735,0.0,37.54783333333332,0.12433230609655038,21.898926786691135,honest,honest,0.0
342,96.01341115,0.0,42.53863333333316,0.05000000000000002,81.89027299165542,honest,honest,39.35163965832226
343,112.01942904999999,2.3212666666666664,34.28339999999998,0.05,112.01942904999999,honest,honest,75.41476238333334
344,104.095508625,6.937511,36.1498,0.05,104.095508625,honest,honest,61.008197624999994
345,85.378588075,2.533055666666667,30.46483333333331,0.05,85.378588075,honest,honest,52.38069907500002
346,104.133378425,22.186477666666665,11.04786666666666,0.05,104.133378425,honest,honest,70.89903409166668
347,106.055611975,34.50634433333333,13.304700000000013,0.05,106.055611975,honest,honest,58.24456764166666
348,104.25331990000001,831.3763476666675,11.914699999999996,0.2875,104.25331990000001,honest,honest,0.0
349,85.44196715,1091.9625243333342,11.279766666666651,0.2875,40.316967149999996,honest,hide_information,0.0
350,85.450268325,214.45359933333316,12.861799999999963,0.2875,40.325268324999996,honest,hide_information,0.0
351,85.418238875,166.7510576666668,13.184599999999993,0.2875,40.293238875,honest,hide_information,0.0
352,106.646305875,28.937784333333298,16.122866666666713,0.05,61.521305874999996,honest,honest,16.46065487499999
353,114.600734,0.9537666666666668,18.741499999999967,0.05,114.600734,honest,honest,94.90546733333338
354,114.613027525,0.0,21.023100000000085,0.05,114.613027525,honest,honest,93.58992752499992
355,96.21714812500001,1.2735333333333334,25.801566666666563,0.05,96.21714812500001,honest,honest,69.14204812500012
356,96.16915739999999,0.4295,30.4734,0.05,96.16915739999999,honest,honest,65.26625739999999
357,95.992553925,0.0,35.88029999999999,0.05,95.992553925,honest,honest,60.112253925000005
358,95.719176425,0.0,39.16476666666668,0.05,95.719176425,honest,honest,56.55440975833332
359,97.743260375,0.0,36.3797,0.05,97.743260375,honest,honest,61.363560375000006
360,55.848072925,0.0,49.64933333333347,0.05,55.848072925,honest,honest,6.1987395916665236
361,36.6045265,0.0,61.81893333333342,0.16976843245833373,36.6045265,honest,hide_information,0.0
362,36.65628845,0.0,69.94006666666678,0.2875,13.900286282916593,honest,honest,0.0
363,36.688677850000005,0.0,74.59240000000025,0.33190169552631577,0.0,honest,honest,0.0
364,37.066104275,0.0,77.57576666666641,0.37431693618421047,0.0,honest,honest,0.0
365,56.1379131,0.0,76.14309999999982,0.34865904144736837,6.137913099999999,honest,honest,0.0
366,96.02779240000001,0.1118,72.0660999999999,0.2097141578105258,46.02779240000001,honest,honest,0.0
367,112.03902755,0.2300666666666666,51.93123333333338,0.05000000000000002,81.69333756600011,honest,honest,29.532037566000064
368,104.1106388,0.0,44.34219999999996,0.05,104.1106388,honest,honest,59.76843880000004
369,85.390720925,0.1077779999999999,29.10263333333333,0.05,85.390720925,honest,honest,56.18030959166667
370,104.146987725,0.4018333333333333,46.65483333333345,0.05,104.146987725,honest,honest,57.09032105833322
371,106.06847739999999,237.3687890000001,38.21379999999994,0.2875,106.06847739999999,honest,honest,0.0
372,104.26913755,372.7638013333333,30.660133333333373,0.2875,59.144137549999996,honest,honest,0.0
373,85.46368642499999,292.46049133333423,24.517866666666627,0.2875,40.33868642499999,honest,hide_information,0.0
374,85.4616197,217.94394466666665,13.840899999999996,0.2875,40.3366197,honest,hide_information,0.0
375,85.42936850000001,41.92810866666673,16.517766666666674,0.13617215745833364,40.30436850000001,honest,hide_information,0.0
376,106.65983915,3.2900666666666663,18.72500000000004,0.05000000000000002,90.28712923291661,honest,honest,68.2720625662499
377,114.609108,0.304178,19.174033333333345,0.05,114.609108,honest,honest,95.13089666666666
378,114.622057775,0.0,17.378833333333272,0.05,114.622057775,honest,honest,97.24322444166673
379,96.23213915,0.0,26.76783333333338,0.05,96.23213915,honest,honest,69.46430581666661
380,96.18464505,1.1149,38.33016666666671,0.05,96.18464505,honest,honest,56.73957838333329
381,96.00805567500001,0.0455553333333333,26.760266666666617,0.05,96.00805567500001,honest,honest,69.20223367500006
382,95.730187825,0.01,31.823233333333366,0.05,95.730187825,honest,honest,63.896954491666634
383,97.750255125,0.0,27.0031000000001,0.05,97.750255125,honest,honest,70.74715512499989
384,55.854118250000006,0.0,26.597599999999943,0.05,55.854118250000006,honest,honest,29.256518250000063
385,36.621637825,0.0,33.32603333333336,0.09748959750000005,36.621637825,honest,hide_information,13.293414491666649
386,36.6809334,0.0,24.71906666666654,0.05,27.65790987499999,honest,honest,2.938843208333452
387,36.716243825,0.0,21.474733333333308,0.08060149499999997,36.716243825,honest,hide_information,21.683930491666686
388,38.382574125,0.0,31.786499999999947,0.09529576249999994,32.56829007500001,honest,hide_information,10.317740075000046
389,57.431043775,0.0,22.617866666666743,0.05,48.82484890000001,honest,honest,26.20698223333327
390,96.63649585,0.0,19.889966666666613,0.05,96.63649585,honest,honest,76.7465291833334
391,112.10461875,0.0,22.486500000000035,0.05,112.10461875,honest,honest,89.61811874999997
392,104.16529875,0.1211,24.86336666666664,0.05,104.16529875,honest,honest,79.18083208333337
393,85.44019114999999,0.0,28.03193333333345,0.05,85.44019114999999,honest,honest,57.40825781666654
394,104.1814799,1.265789,30.26836666666663,0.05,104.1814799,honest,honest,72.64732423333336
395,106.09380117500001,446.01284600000025,33.27489999999995,0.2875,106.09380117500001,honest,honest,0.0
396,104.297974425,623.8650963333325,35.080866666666616,0.2875,59.17297442500001,honest,honest,0.0
397,85.48906455,727.9305313333333,41.31779999999999,0.2875,40.364064549999995,honest,hide_information,0.0
398,85.484214775,556.5691726666664,40.17663333333334,0.2875,40.359214775,honest,hide_information,0.0
399,85.42916204999999,432.7878146666662,39.11810000000004,0.2875,40.30416204999999,honest,hide_information,0.0
400,106.64700875,68.72649500000007,46.794033333333495,0.2875,61.52200875,honest,honest,0.0
401,114.60479,0.8805333333333334,49.10450000000003,0.05,69.47979,honest,honest,19.494756666666632
402,114.61893162499999,0.082778,59.89563333333333,0.05,114.61893162499999,honest,honest,54.64052029166666
403,95.864138225,2.045556,59.41450000000005,0.05,95.864138225,honest,honest,34.40408222499996
404,95.8327767,2.2927786666666665,60.12336666666666,0.05,95.8327767,honest,honest,33.41663136666667
405,95.729288525,0.3300006666666666,63.020966666666645,0.05,95.729288525,honest,honest,32.37832119166669
406,95.71100692499999,0.1987333333333333,60.7738666666665,0.05,95.71100692499999,honest,honest,34.738406925000156
407,97.73147722499999,0.0,58.33733333333311,0.05,97.73147722499999,honest,honest,39.39414389166688
408,55.82743215,0.0,63.44133333333331,0.08616603062083322,55.82743215,honest,honest,0.0
409,36.5622893,0.0,45.88699999999997,0.12693221846030184,29.69074348204169,honest,honest,0.0
410,36.603065725,0.0,46.16663333333344,0.16485827330000627,21.985944217542652,honest,honest,0.0
411,36.626039174999995,0.0,43.559600000000025,0.18659400557200578,14.802967247998808,honest,honest,0.0
412,36.996071625,0.0,40.88226666666658,0.1917355164766515,11.043210566318901,honest,honest,0.0
413,56.08784795,0.0,41.34793333333321,0.10790170919101073,29.158099819436213,honest,honest,0.0
414,95.99188914999999,0.3403333333333333,41.29500000000011,0.05,84.99056440370795,honest,honest,43.35523107037451
415,112.01666645,0.0,33.759966666666664,0.05,112.01666645,honest,honest,78.25669978333335
416,104.0891819,0.0,30.019000000000148,0.05,104.0891819,honest,honest,74.07018189999985
417,85.369338975,0.09,22.92236666666663,0.05,85.369338975,honest,honest,62.356972308333376
418,104.09336440000001,2.474166666666666,14.962466666666662,0.05,104.09336440000001,honest,honest,86.65673106666668
419,106.02306370000001,16.656966333333333,10.374133333333363,0.05,106.02306370000001,honest,honest,78.99196403333332
420,104.2176628,32.37360999999999,6.824966666666654,0.05,104.2176628,honest,honest,65.01908613333336
421,85.4096241,196.1117766666666,7.775499999999999,0.2875,85.4096241,honest,honest,0.0
422,85.41192605,210.6691886666657,6.849433333333358,0.2875,40.286926050000005,honest,hide_information,0.0
423,85.38161467500001,139.46205700000016,14.525999999999971,0.2875,40.25661467500001,honest,hide_information,0.0
424,106.59188915,7.999796333333317,7.351733333333338,0.05,61.46688915,honest,honest,46.11535948333334
425,114.55160732499999,0.5775333333333333,7.405533333333349,0.05,114.55160732499999,honest,honest,106.5685406583333
426,114.568126375,2.1185110000000003,7.119099999999999,0.05,114.568126375,honest,honest,105.330515375
427,96.17714980000001,0.2397333333333333,9.458966666666646,0.05,96.17714980000001,honest,honest,86.47844980000004
428,96.13131345,0.2397333333333333,22.588533333333334,0.05,96.13131345,honest,honest,73.30304678333333
429,95.95832164999999,0.0,10.459333333333324,0.05,95.95832164999999,honest,honest,85.49898831666667
430,95.68649905,0.0073333333333333,22.66006666666668,0.05,95.68649905,honest,honest,73.01909904999998
431,97.71237525000001,0.0,17.113333333333358,0.05,97.71237525000001,honest,honest,80.59904191666665
432,55.807369724999994,0.0,9.674566666666689,0.05,55.807369724999994,honest,honest,46.13280305833331
433,36.519007175,0.0,8.116733333333308,0.06156634499999997,36.519007175,honest,hide_information,30.837293841666686
434,36.554431925,0.0,10.734533333333388,0.06529671000000008,34.35682637500001,honest,hide_information,26.84265304166664
435,36.585738575,0.0,12.416333333333284,0.06769327499999994,33.67936367499998,honest,hide_information,24.987930341666683
436,36.962477875,0.0,12.507000000000016,0.06782247500000002,33.60075562500001,honest,hide_information,24.845855625000002
437,56.069750475,0.0,13.550933333333386,0.05,52.683480225,honest,honest,39.13254689166661
438,95.98435225,0.0,20.85496666666668,0.05,95.98435225,honest,honest,75.12938558333332
439,112.01148197500001,0.0,14.52799999999998,0.05,112.01148197500001,honest,honest,97.48348197500003
440,104.08527337500001,0.4928333333333333,21.706766666666727,0.05,104.08527337500001,honest,honest,81.88567337499995
441,85.36564495,0.3549996666666666,35.6544666666666,0.05,85.36564495,honest,honest,49.35617861666674
442,104.091530925,1.5804,17.183799999999984,0.05,104.091530925,honest,honest,85.32733092500001
443,106.01977735,188.54748333333296,21.28983333333328,0.2875,106.01977735,honest,honest,0.0
444,104.213582875,536.6648199999993,18.5963666666667,0.2875,59.088582875,honest,honest,0.0
445,85.40687112500001,546.4794216666659,14.82140000000001,0.2875,40.28187112500001,honest,hide_information,0.0
446,85.41215795,208.6174820000008,13.86099999999997,0.2875,40.287157949999994,honest,hide_information,0.0
447,85.38332925,88.0269963333334,12.50323333333332,0.2875,40.25832925,honest,hide_information,0.0
448,106.597451225,2.5655553333333336,10.499799999999992,0.05,61.472451225,honest,honest,48.40709589166667
449,114.55635559999999,1.4167,8.75613333333334,0.05,114.55635559999999,honest,honest,104.38352226666665
450,114.57502587500001,0.0,21.83246666666666,0.05,114.57502587500001,honest,honest,92.74255920833335
451,96.183916575,4.275255666666667,14.725299999999994,0.05,96.183916575,honest,honest,77.18336090833334
452,96.13934415,5.124733666666668,13.707833333333287,0.05,96.13934415,honest,honest,77.30677715000004
453,95.967694,0.2805553333333333,16.405099999999962,0.05,95.967694,honest,honest,79.2820386666667
454,95.69740565000001,0.3731666666666667,16.393466666666665,0.05,95.69740565000001,honest,honest,78.93077231666668
455,97.72302429999999,0.2422443333333332,18.955133333333325,0.05,97.72302429999999,honest,honest,78.52564663333334
456,55.8221513,0.0083,28.07820000000001,0.05,55.8221513,honest,honest,27.735651299999994
457,36.544531375,0.0,23.68303333333332,0.08374832249999999,36.544531375,honest,hide_information,19.966408041666675
458,36.585535575,0.0,12.733800000000024,0.06814566500000004,30.173354300000007,honest,hide_information,21.259694299999992
459,36.618957,0.0,13.847466666666673,0.06973264000000001,33.17128064999999,honest,hide_information,23.478053983333325
460,38.2875526,0.0,12.231833333333336,0.06743036250000001,34.538351,honest,hide_information,25.976067666666665
461,57.379107850000004,0.0,26.091366666666687,0.05,54.067338975000006,honest,honest,27.97597230833332
462,96.57274,0.4585333333333333,24.25270000000001,0.05,96.57274,honest,honest,71.86150666666666
463,112.028349325,1.0344443333333333,20.83766666666672,0.05,112.028349325,honest,honest,90.15623832499995
464,104.09876069999999,4.250666333333333,29.818900000000006,0.05,104.09876069999999,honest,honest,70.02919436666664
465,85.383078825,8.324377666666665,28.98916666666663,0.05,85.383078825,honest,honest,48.0695344916667
466,104.11176185000001,3.953199666666667,23.770366666666582,0.05,104.11176185000001,honest,honest,76.38819551666676
467,106.04435965,208.3154766666666,21.60133333333325,0.2875,106.04435965,honest,honest,0.0
468,104.2474603,1219.762483333332,24.44543333333326,0.2875,59.1224603,honest,honest,0.0
469,85.431446375,1107.5491356666655,21.4421999999999,0.2875,40.30644637499999,honest,hide_information,0.0
470,85.43065730000001,599.4546393333337,33.74219999999998,0.2875,40.30565730000001,honest,hide_information,0.0
471,85.399215725,375.6789056666656,23.38539999999993,0.2875,40.274215725000005,honest,hide_information,0.0
472,106.621774825,47.23898300000007,21.40549999999992,0.08395161383124988,61.496774825,honest,honest,0.0
473,114.57794704999999,0.0,24.87023333333339,0.05,108.12714042206251,honest,honest,83.25690708872912
474,114.6029232,0.0752666666666666,38.03886666666667,0.05,114.6029232,honest,honest,76.48878986666668
475,95.850388525,4.944810666666666,31.34370000000002,0.05,95.850388525,honest,honest,59.56187785833331
476,95.828686525,0.1267333333333333,35.07490000000005,0.05,95.828686525,honest,honest,60.62705319166661
477,95.73056795,0.2422223333333333,18.52436666666663,0.05,95.73056795,honest,honest,76.96397895000003
478,95.71414754999999,0.0425333333333333,15.51760000000004,0.05,95.71414754999999,honest,honest,80.15401421666662
479,97.73872425,0.0,16.581600000000016,0.05,97.73872425,honest,honest,81.15712424999998
480,55.8408874,0.0,35.88073333333339,0.05,55.8408874,honest,honest,19.96015406666661
481,36.589476775,0.0,14.1345333333334,0.0701417100000001,36.589476775,honest,hide_information,26.695303441666624
482,36.6424047,0.0,22.284966666666666,0.08175607750000001,32.815479799999984,honest,hide_information,17.21600313333332
483,36.677588225,0.0,7.644433333333343,0.060893317500000016,30.6439335,honest,hide_information,25.29283016666666
484,37.057802450000004,0.0,7.058200000000022,0.060057935000000034,34.988072125,honest,hide_information,30.047332124999986
485,56.138597475000005,0.0,10.792933333333345,0.05,54.227589824999995,honest,honest,43.43465649166665
486,96.034558775,0.0,7.03156666666666,0.05,96.034558775,honest,honest,89.00299210833333
487,112.05799165,0.0,11.382900000000005,0.05,112.05799165,honest,honest,100.67509165
488,104.13768985000002,0.0,9.015399999999984,0.05,104.13768985000002,honest,honest,95.12228985000003
489,85.435983975,0.2430666666666666,9.084133333333368,0.05,85.435983975,honest,honest,76.10878397499997
490,104.1802489,3.086555333333333,9.84613333333338,0.05,104.1802489,honest,honest,91.24756023333327
491,106.08459314999999,76.95176066666667,12.526166666666684,0.05,106.08459314999999,honest,honest,16.606665816666634
492,104.267280975,89.07664299999999,11.92340000000002,0.05,104.267280975,honest,honest,3.2672379750000005
493,85.445344025,74.03513166666669,10.413833333333384,0.05,85.445344025,honest,honest,0.9963790249999249
494,85.444109075,108.77970366666683,9.832133333333353,0.20754670764375083,85.444109075,honest,honest,0.0
495,85.4116648,43.000441000000016,11.937100000000008,0.05,55.47779034768734,honest,honest,0.5402493476873147
496,106.615652625,3.597399666666667,8.29800000000003,0.05,106.615652625,honest,honest,94.7202529583333
497,114.56852455,0.1016,6.876766666666655,0.05,114.56852455,honest,honest,107.59015788333335
498,114.579348225,0.2484,8.304266666666654,0.05,114.579348225,honest,honest,106.02668155833335
499,96.18556229999999,1.7238216666666668,11.977866666666667,0.05,96.18556229999999,honest,honest,82.48387396666665
500,96.135606025,1.3483,12.181499999999977,0.05,96.135606025,honest,honest,82.60580602500002
501,95.9619379,1.5248666666666668,20.08666666666665,0.05,95.9619379,honest,honest,74.35040456666668
502,95.68754589999999,0.196111,19.818333333333413,0.05,95.68754589999999,honest,honest,75.67310156666657
503,97.712611825,0.0,35.523199999999974,0.05,97.712611825,honest,honest,62.18941182500002
504,55.80666855,0.0,15.70239999999998,0.05,55.80666855,honest,honest,40.104268550000015
505,36.518496275,0.2422223333333333,22.89093333333331,0.08261957999999997,36.518496275,honest,hide_information,20.252620608333345
506,36.550089775000004,0.0,20.701266666666665,0.079499305,30.35236957500001,honest,hide_information,15.861482908333347
507,36.580781925000004,0.0,13.879733333333323,0.06977861999999999,30.975913975000005,honest,hide_information,21.26010064166668
508,36.956123,0.0,12.670733333333374,0.06805579500000006,33.198185200000005,honest,hide_information,24.328671866666646
509,56.072363374999995,0.0,17.21903333333336,0.05,52.64176232499999,honest,honest,35.42272899166663
510,95.978777675,0.0,12.557233333333285,0.05,95.978777675,honest,honest,83.42154434166672
511,111.9824742,0.8548,13.255200000000023,0.05,111.9824742,honest,honest,97.87247419999997
512,104.053637125,6.818589,15.939300000000008,0.05,104.053637125,honest,honest,81.29574812499999
513,85.33839280000001,0.5830666666666666,12.612666666666652,0.05,85.33839280000001,honest,honest,72.14265946666669
514,104.079298475,32.23045566666666,15.112666666666623,0.05,104.079298475,honest,honest,56.73617614166672
515,106.017440625,307.0931269999997,13.741733333333368,0.2875,106.017440625,honest,honest,0.0
516,104.2074884,493.6106076666664,14.812533333333334,0.2875,59.0824884,honest,honest,0.0
517,85.399582525,622.3337689999993,15.072200000000018,0.2875,40.274582525,honest,hide_information,0.0
518,85.40625325,287.87051166666674,15.089566666666684,0.2875,40.281253250000006,honest,hide_information,0.0
519,85.37616112500001,163.26450233333338,15.848166666666618,0.2875,40.25116112500001,honest,hide_information,0.0
520,103.94468912500001,44.08311433333332,15.933533333333322,0.055685553072916505,58.81968912500001,honest,honest,0.0
521,114.548633,1.0285,20.29919999999996,0.05,113.46837791614585,honest,honest,92.14067791614589
522,114.561643375,0.1655,20.83160000000004,0.05,114.561643375,honest,honest,93.56454337499996
523,96.1730464,0.0747,19.197599999999987,0.05,96.1730464,honest,honest,76.90074640000002
524,96.12789,0.0747,18.736300000000075,0.05,96.12789,honest,honest,77.31688999999992
525,95.95796855,0.0,20.450666666666585,0.05,95.95796855,honest,honest,75.50730188333341
526,95.688507975,0.0,18.042233333333357,0.05,95.688507975,honest,honest,77.64627464166664
527,97.716042575,0.0,15.760566666666652,0.05,97.716042575,honest,honest,81.95547590833336
528,55.816854175,0.0,17.34376666666662,0.05,55.816854175,honest,honest,38.47308750833338
529,36.538225075,0.0,12.68779999999997,0.06808011499999997,36.538225075,honest,hide_information,27.65676507500002
530,36.580129774999996,0.0,7.228466666666631,0.06030056499999995,33.144907925000005,honest,hide_information,28.084981258333364
531,36.61457625,0.0,5.560166666666643,0.057923237499999974,34.65746890000001,honest,hide_information,30.765352233333363
532,36.993675675,0.0,7.297666666666648,0.06039917499999998,35.48826055000001,honest,hide_information,30.379893883333352
533,56.09487485,0.0,4.563433333333319,0.05,54.1190316,honest,honest,49.55559826666668
534,96.001981575,0.0,7.767266666666679,0.05,96.001981575,honest,honest,88.23471490833332
535,112.03107985000001,0.0,8.422733333333314,0.05,112.03107985000001,honest,honest,103.6083465166667
536,104.104343,0.3918,12.40593333333332,0.05,104.104343,honest,honest,91.30660966666667
537,85.38557924999999,0.3918,8.584799999999994,0.05,85.38557924999999,honest,honest,76.40897925
538,104.1181831,22.657679333333338,14.23429999999999,0.05,104.1181831,honest,honest,67.22620376666667
539,106.0334459,71.56102366666651,10.5885333333333,0.05,106.0334459,honest,honest,23.883888900000187
540,104.22909185,882.3302416666667,10.80863333333334,0.2875,104.22909185,honest,honest,0.0
541,85.42022994999999,866.1662053333318,14.169333333333288,0.2875,40.29522994999999,honest,hide_information,0.0
542,85.42019207499999,572.1117723333344,14.021666666666633,0.2875,40.29519207499999,honest,hide_information,0.0
543,85.38812899999999,285.03002900000024,15.525433333333272,0.2875,40.26312899999999,honest,hide_information,0.0
544,103.955712275,31.296694333333264,14.994366666666702,0.05,58.830712274999996,honest,honest,12.539651275000033
545,114.5614271,0.2208,17.2838333333334,0.05,114.5614271,honest,honest,97.0567937666666
546,114.58614705000001,0.0,16.07730000000001,0.05,114.58614705000001,honest,honest,98.50884705
547,96.19024089999999,0.0,16.512399999999992,0.05,96.19024089999999,honest,honest,79.6778409
548,96.14487695,0.0,17.514566666666678,0.05,96.14487695,honest,honest,78.63031028333332
549,95.972279725,0.0,21.49223333333333,0.05,95.972279725,honest,honest,74.48004639166668
550,95.7016338,0.12,20.842999999999996,0.05,95.7016338,honest,honest,74.7386338
551,97.726957675,0.0,18.20126666666661,0.05,97.726957675,honest,honest,79.52569100833338
552,55.82672325,0.0,15.746966666666694,0.05,55.82672325,honest,honest,40.07975658333331
553,36.55408955,0.0,14.835599999999994,0.07114072999999999,36.55408955,honest,hide_information,26.169169550000007
554,36.59493225,0.0,16.859866666666644,0.07402530999999997,32.57819355,honest,hide_information,20.776286883333352
555,36.62357995,0.0,16.741733333333332,0.07385697,32.058771050000004,honest,hide_information,20.339557716666672
556,38.28776085,0.2397333333333333,15.22999999999995,0.07170274999999994,33.75493655,honest,hide_information,22.854203216666697
557,57.374980975,0.0,14.56893333333328,0.05,53.251458475000014,honest,honest,38.68252514166673
558,96.567816825,0.6281666666666667,14.160266666666658,0.05,96.567816825,honest,honest,81.77938349166666
559,112.02282679999999,0.0,14.02030000000003,0.05,112.02282679999999,honest,honest,98.00252679999996
560,104.093108275,2.688133333333333,14.851633333333297,0.05,104.093108275,honest,honest,86.55334160833337
561,85.3767784,0.0,13.267233333333309,0.05,85.3767784,honest,honest,72.1095450666667
562,104.1061492,3.409044,13.571899999999966,0.05,104.1061492,honest,honest,87.12520520000004
563,106.04504302500001,237.9011286666665,20.47816666666667,0.2875,106.04504302500001,honest,honest,0.0
564,104.24332315,717.3246113333323,13.217266666666708,0.2875,59.118323149999995,honest,honest,0.0
565,85.4235448,710.0464030000009,13.003533333333351,0.2875,40.2985448,honest,hide_information,0.0
566,85.4253694,526.7618000000001,18.37503333333333,0.2875,40.300369399999994,honest,hide_information,0.0
567,85.3952005,168.77399466666634,17.14656666666667,0.2875,40.2702005,honest,hide_information,0.0
568,103.96166389999999,23.89566733333332,14.465099999999955,0.05,58.83666389999999,honest,honest,20.475896566666712
569,114.57181475,2.019,12.610133333333357,0.05,114.57181475,honest,honest,99.94268141666664
570,114.58960285,1.961,14.597666666666628,0.05,114.58960285,honest,honest,98.03093618333338
571,95.837285775,0.0881666666666666,13.64539999999996,0.05,95.837285775,honest,honest,82.10371910833337
572,95.8142827,0.0,16.784366666666624,0.05,95.8142827,honest,honest,79.02991603333338
573,95.71838444999999,0.0,19.914966666666658,0.05,95.71838444999999,honest,honest,75.80341778333333
574,95.704844525,0.1027776666666666,16.395999999999965,0.05,95.704844525,honest,honest,79.20606685833337
575,97.73033115000001,0.065,15.059133333333348,0.05,97.73033115000001,honest,honest,82.60619781666666
576,55.830197549999994,0.0,14.083499999999963,0.05,55.830197549999994,honest,honest,41.74669755000003
577,36.561093225,0.0,13.262766666666671,0.05,36.561093225,honest,honest,23.29832655833333
578,36.606867675000004,0.0,21.09396666666666,0.05,36.606867675000004,honest,honest,15.512901008333344
579,36.6390026,0.0,22.693699999999986,0.05,36.6390026,honest,honest,13.945302600000012
580,37.016372325,0.0,14.955966666666646,0.05,37.016372325,honest,honest,22.06040565833335
581,56.107305425,0.0,19.854333333333265,0.05,56.107305425,hide_information,honest,36.252972091666734
582,96.010803375,0.0,29.83906666666672,0.05,96.010803375,hide_information,honest,66.17173670833327
583,112.037944625,0.0,41.76986666666652,0.05,112.037944625,hide_information,honest,70.26807795833346
584,104.10998285,2.4426,48.02876666666673,0.053480704999999996,104.10998285,hide_information,honest,54.37139618333326
585,85.39057375,11.233477666666666,74.05026666666664,0.06600770567500003,84.7292398,hide_information,honest,2.815538766666691
586,104.1160129,31.141933,65.32386666666685,0.09437725452499995,101.07454882175,hide_information,honest,13.95132905508315
587,106.052388575,488.8925660000006,72.11726666666681,0.2875,97.62071021525,hide_information,honest,0.0
588,104.249226225,1261.6422880000011,74.34693333333315,0.2875,59.124226225,hide_information,honest,0.0
589,85.43312055,1233.2132149999989,69.23293333333338,0.2875,40.30812055,honest,honest,0.0
590,85.43404835000001,602.020163,69.97949999999969,0.2875,40.30904835000001,honest,honest,0.0
591,85.40310385,330.9578836666656,74.16913333333318,0.2875,40.278103849999994,honest,honest,0.0
592,103.97826455,125.90470199999947,67.07809999999989,0.2875,58.853264550000006,hide_information,honest,0.0
593,114.58494610000001,5.438433666666667,62.82383333333334,0.05774976797500003,69.45994610000001,hide_information,honest,2.829209200000008
594,114.604616625,5.226011333333334,79.01256666666676,0.05,113.13216070975,honest,honest,28.893582709749907
595,96.2080209,1.6986333333333332,79.7176000000001,0.05,96.2080209,honest,honest,14.791787566666557
596,96.16069025,5.182066666666667,66.61629999999995,0.05,96.16069025,honest,honest,24.362323583333378
597,95.98610927499999,0.0,75.5188666666665,0.05,95.98610927499999,honest,honest,20.467242608333493
598,95.7144572,1.8854,71.19869999999987,0.05,95.7144572,honest,honest,22.63035720000012
599,97.73856800000001,0.0,69.5014333333334,0.05,97.73856800000001,honest,honest,28.23713466666662
600,55.83972955,0.0,72.8458000000001,0.13077883463750045,55.83972955,honest,honest,0.0
601,36.583237225,0.0,61.24016666666667,0.24002331310826083,21.235258643874914,honest,honest,0.0
602,36.633051824999995,0.0,67.11986666666658,0.2875,0.5286223344304375,honest,honest,0.0
603,36.666113425,0.0,69.78570000000018,0.33202045565789473,0.0,honest,honest,0.0
604,37.043620250000004,0.0,72.94856666666654,0.3745540332894737,0.0,honest,honest,0.0
605,56.11912605,0.0,72.40896666666636,0.3488961385526316,6.119126049999998,honest,honest,0.0
606,96.021132725,0.0,71.54156666666654,0.20696030503870555,46.021132725,hide_information,honest,0.0
607,112.05496135000001,0.0,67.27010000000001,0.05,82.23250339264595,hide_information,honest,14.962403392645939
608,104.1271124,0.0,67.04313333333333,0.05,104.1271124,hide_information,honest,37.08397906666667
609,85.41028245,0.0,78.30653333333312,0.05,85.41028245,honest,honest,7.103749116666876
610,104.14906945,0.4409666666666666,84.11536666666663,0.05062837749999999,104.14906945,hide_information,honest,19.725026116666697
611,106.06840305,34.51461000000002,84.07429999999997,0.11003951870624992,105.949011325,hide_information,honest,0.0
612,104.28107855,22.664132666666667,85.21823333333326,0.12129178101989023,92.87356999581252,hide_information,honest,0.0
613,85.455297,14.685344666666667,86.92669999999981,0.19108538378711665,71.90985860622087,hide_information,honest,0.0
614,85.45191165,18.46027733333333,86.42370000000012,0.2696318708637067,58.64568873044784,hide_information,honest,0.0
615,85.415631275,7.984088666666667,85.7325,0.2875,43.68557581089572,honest,honest,0.0
616,103.99098375,0.8589443333333332,79.14753333333333,0.15041734610416663,58.86598375,hide_information,honest,0.0
617,114.60443832499999,4.018566666666667,86.19956666666695,0.05572645750000004,95.52514256520833,hide_information,honest,6.51257923187471
618,114.61975295,0.4289996666666666,74.21700000000007,0.05061132452500001,113.531726025,hide_information,honest,39.01442625833326
619,96.22245749999999,0.2504,82.86833333333365,0.05035682,96.10630584024999,hide_information,honest,13.062692506916335
620,96.17254635,1.9666666666666663,77.41713333333352,0.052802500000000016,96.10475055,hide_information,honest,17.310950549999816
621,95.99353657500001,0.512622,71.39769999999996,0.05073048634999995,95.461061575,hide_information,honest,23.70452617500004
622,95.71698845,0.0,72.87929999999997,0.05,95.57819604350001,hide_information,honest,22.698896043500042
623,97.740070025,0.6016666666666667,63.87000000000003,0.050857375000000045,97.740070025,hide_information,honest,33.4489033583333
624,55.838249524999995,0.0,59.66366666666679,0.0689445123604173,55.67534827499999,hide_information,honest,0.0
625,36.5848365,0.0,58.66870000000005,0.17199577403027683,32.98537915152072,honest,honest,0.0
626,36.633588575,0.0,66.08083333333333,0.2875,13.454391509247404,honest,honest,0.0
627,36.660122725,0.0,62.2820000000001,0.33205198565789473,0.0,honest,honest,0.0
628,38.3187018,0.0,57.15743333333352,0.3678746077631579,0.0,honest,honest,0.0
629,57.39201545,2.9816446666666665,70.87173333333334,0.3422167130263158,7.392015450000002,honest,honest,0.0
630,96.5685536,0.3733333333333333,55.0049666666668,0.12090511368947435,46.5685536,hide_information,honest,0.0
631,109.3811013,0.0,59.6522000000001,0.05,95.90912969899988,hide_information,honest,36.25692969899978
632,104.094047775,1.2917666666666665,64.36176666666678,0.05,104.094047775,honest,honest,38.440514441666565
633,85.38168777499999,2.835,66.10276666666665,0.05,85.38168777499999,honest,honest,16.443921108333342
634,104.10535167500001,5.486988333333334,67.45110000000004,0.05,104.10535167500001,honest,honest,31.16726334166664
635,106.040158,270.2666219999998,66.80969999999994,0.2875,106.040158,honest,honest,0.0
636,104.23565984999999,415.51721433333336,67.49233333333333,0.2875,59.11065984999999,honest,honest,0.0
637,85.41966690000001,304.4781400000004,67.47563333333319,0.2875,40.29466690000001,honest,hide_information,0.0
638,85.423908075,130.717399,60.49833333333313,0.2875,40.298908075,honest,honest,0.0
639,85.394490975,44.05056499999995,57.06096666666683,0.2875,40.269490975,honest,honest,0.0
640,103.96191594999999,5.877735000000001,40.821366666666655,0.058375772374999996,58.83691594999999,hide_information,honest,13.901134783333333
641,114.5689239,0.0,49.18260000000013,0.05,112.97752714875,honest,honest,63.79492714874987
642,114.58233802500001,0.7508999999999999,48.68786666666672,0.05,114.58233802500001,honest,honest,65.14357135833329
643,95.8295589,0.0,46.96366666666656,0.05,95.8295589,honest,honest,48.86589223333343
644,95.802452975,1.6194889999999995,57.687933333333326,0.05,95.802452975,honest,honest,36.495030641666666
645,95.70585460000001,1.1190333333333335,50.02636666666668,0.05,95.70585460000001,honest,honest,44.56045459999999
646,95.69136565000001,0.8893443333333334,45.0785666666665,0.05,95.69136565000001,honest,honest,49.72345465000018
647,97.717063475,0.6052333333333333,49.106966666666686,0.05,97.717063475,honest,honest,48.004863474999986
648,55.812723475,0.0,49.17909999999981,0.05,55.812723475,hide_information,honest,6.633623475000185
649,36.534697574999996,0.0,46.95016666666662,0.09947347818541646,36.534697574999996,honest,honest,0.0
650,36.574443325,0.0,46.31049999999994,0.14089608326858807,27.174482469770872,honest,honest,0.0
651,36.6046867,0.6316666666666667,40.8021333333333,0.15497200332490058,19.33443087896827,honest,honest,0.0
652,36.97915855,0.0,43.81396666666654,0.17720257155488883,17.03447791826889,honest,honest,0.0
653,56.085942949999996,0.0,40.52926666666655,0.09090610848245331,31.917454354571117,honest,honest,0.0
654,95.9860182,0.0,38.817166666666736,0.05000000000000001,88.21385758833388,hide_information,honest,49.396690921667144
655,109.3416276,1.4426443333333332,33.88476666666666,0.052055768175,109.3416276,hide_information,honest,74.44700990000001
656,104.05402949999998,1.1594443333333333,22.73276666666668,0.05,103.66343354674999,honest,honest,79.77122254674997
657,85.353246975,7.019388666666667,41.58656666666662,0.06000262884999999,85.353246975,hide_information,honest,38.85310824166672
658,104.0938818,1.1141333333333334,38.33313333333332,0.05,102.19338231850001,honest,honest,62.74611565183336
659,106.0124515,2.0944776666666667,35.484766666666495,0.05,106.0124515,honest,honest,68.43320716666683
660,104.20331095,10.427544333333334,27.01926666666672,0.05,104.20331095,honest,honest,66.75649994999995
661,85.3963525,11.341599,21.785499999999956,0.05,85.3963525,honest,honest,52.26925350000005
662,85.39998145,25.358132999999995,19.97500000000006,0.08613533952499998,85.39998145,hide_information,honest,47.67428834999994
663,85.371290975,9.014378000000002,17.17040000000001,0.06284548865000003,78.50557646525,hide_information,honest,55.02511186524999
664,103.93688627499999,3.841966666666667,17.09226666666666,0.0554748025,101.49624343149999,hide_information,honest,81.71460009816667
665,114.53595005,0.833644,7.474066666666684,0.0511879427,113.49573757499999,hide_information,honest,105.43812010833331
666,114.549721375,0.708711,9.361433333333332,0.05,114.32401226200001,honest,honest,104.25386792866668
667,96.15869665,0.0,15.457600000000014,0.05,96.15869665,honest,honest,80.70109664999998
668,96.11127422499999,0.7598666666666667,13.008433333333354,0.05,96.11127422499999,honest,honest,82.34297422499996
669,95.94088642499999,0.5494443333333333,19.013133333333304,0.05,95.94088642499999,honest,honest,76.37830875833335
670,95.66870477500001,0.2461333333333333,20.842233333333308,0.05,95.66870477500001,honest,honest,74.58033810833336
671,97.69539775,0.0,23.847433333333427,0.05,97.69539775,honest,honest,73.84796441666657
672,55.790688499999995,0.0,29.10886666666664,0.05,55.790688499999995,hide_information,honest,26.681821833333355
673,36.49030785,0.0,33.25883333333329,0.05,36.49030785,honest,honest,3.231474516666708
674,36.5206418,0.0,35.86733333333331,0.05,36.5206418,honest,honest,0.6533084666666866
675,36.552840375,0.0,39.39386666666667,0.06349487488541666,36.552840375,honest,honest,0.0
676,36.929204325,0.0,41.95680000000003,0.08606020404033868,34.36517809677083,honest,honest,0.0
677,56.05536905,0.0,44.130900000000025,0.05,49.203930282335655,hide_information,honest,5.07303028233563
678,95.966784425,0.0,47.06749999999988,0.05,95.966784425,hide_information,honest,48.89928442500012
679,109.323637725,0.9658,46.19360000000004,0.05,109.323637725,honest,honest,62.16423772499996
680,104.042487475,3.377533333333333,42.49173333333326,0.05,104.042487475,honest,honest,58.17322080833341
681,85.326787925,9.234799666666667,29.727633333333337,0.05,85.326787925,honest,honest,46.364354925
682,104.07771699999999,24.370365666666675,35.854733333333314,0.05,104.07771699999999,honest,honest,43.85261800000001
683,106.001782625,148.60416000000072,50.386400000000044,0.2875,106.001782625,honest,honest,0.0
684,104.189435125,296.351012,45.7370666666667,0.2875,59.064435125,honest,honest,0.0
685,85.382429175,320.59218433333274,33.69813333333333,0.2875,40.257429175,honest,hide_information,0.0
686,85.388519125,196.8124746666667,34.93356666666655,0.2875,40.263519125,honest,honest,0.0
687,85.357384025,75.88332300000008,30.3267666666668,0.2875,40.232384025,honest,honest,0.0
688,103.92555645,13.6565346666667,26.270233333333422,0.05,58.80055645,honest,honest,18.87378844999988
689,114.52866674999999,1.0981,21.170999999999967,0.05,114.52866674999999,honest,honest,92.25956675000002
690,114.540533675,0.3572216666666667,20.567466666666714,0.05,114.540533675,honest,honest,93.61584534166663
691,96.14991119999999,0.2191443333333333,18.894800000000025,0.05,96.14991119999999,honest,honest,77.03596686666663
692,96.1031323,0.6956443333333334,18.879800000000078,0.05,96.1031323,honest,honest,76.52768796666659
693,95.93183447499999,0.3947113333333333,21.71440000000005,0.05,95.93183447499999,honest,honest,73.8227231416666
694,95.66119889999999,0.0,23.024900000000027,0.05,95.66119889999999,honest,honest,72.63629889999996
695,97.6891905,0.0,25.11290000000008,0.05,97.6891905,honest,honest,72.57629049999991
696,55.78260815,0.0,22.21913333333339,0.05,55.78260815,honest,honest,33.56347481666661
697,36.479328775,0.0,23.01603333333336,0.05,36.479328775,honest,honest,13.463295441666638
698,36.510042075,0.0,21.74463333333332,0.05,36.510042075,honest,honest,14.765408741666683
699,36.54038745,0.1989666666666666,21.480066666666715,0.05,36.54038745,honest,honest,14.861354116666615
700,36.9152001,0.0,22.370533333333363,0.05,36.9152001,honest,honest,14.544666766666637
701,56.032280025,0.0,22.07330000000002,0.05,56.032280025,hide_information,honest,33.958980024999974
702,95.958617725,0.3023333333333333,30.365766666666666,0.05043082500000001,95.958617725,hide_information,honest,65.381217725
703,109.33908797500001,0.3023333333333333,18.83926666666667,0.05,109.25723122500001,honest,honest,90.11563122500002
704,104.053557525,0.0,19.098799999999954,0.05,104.053557525,honest,honest,84.95475752500005
705,85.33818535,2.481322,13.345966666666682,0.05,85.33818535,honest,honest,69.51089668333333
706,104.064159725,3.2086886666666667,15.421733333333393,0.05,104.064159725,honest,honest,85.43373772499993
707,105.997055125,59.98725166666669,14.653333333333356,0.05,105.997055125,honest,honest,31.35647012499996
708,104.18973225,422.7402179999985,14.124333333333349,0.2875,104.18973225,honest,honest,0.0
709,85.38425502500002,487.2778896666652,12.320233333333364,0.2875,40.259255025000016,honest,hide_information,0.0
710,85.389798075,450.6953096666672,10.077799999999998,0.2875,40.264798075,honest,honest,0.0
711,85.360447,282.78215599999936,9.303766666666672,0.2875,40.23544699999999,honest,honest,0.0
712,103.9290156,52.49249933333342,9.985833333333348,0.12480181155000014,58.8040156,hide_information,honest,12.073432733333263
713,114.532296375,1.0346333333333333,13.49186666666669,0.051474352500000015,100.31995218049998,hide_information,honest,86.10384218049995
714,114.549854125,0.0,15.114466666666704,0.05,114.26972715,honest,honest,99.1552604833333
715,96.15852887499999,0.4960999999999999,41.46326666666664,0.05,96.15852887499999,honest,honest,54.19916220833335
716,96.1130285,0.9084666666666668,41.99126666666656,0.05,96.1130285,honest,honest,53.21329516666677
717,95.939665075,0.0097,46.08376666666656,0.05,95.939665075,honest,honest,49.84619840833343
718,95.6674256,0.2944556666666666,55.9846333333332,0.05,95.6674256,honest,honest,39.38833660000014
719,97.6946929,0.3847333333333333,54.71756666666644,0.05,97.6946929,honest,honest,42.59239290000023
720,55.788559774999996,0.0,74.37693333333338,0.1382947744020836,55.788559774999996,hide_information,honest,0.0
721,36.48744965,0.0,67.81300000000007,0.2784823980603808,19.71144251360412,honest,honest,0.0
722,36.51989795,0.0,72.44586666666694,0.3237724088498545,0.0,honest,honest,0.0
723,36.551773475,0.0,78.0878666666668,0.36889465371827557,0.0,honest,honest,0.0
724,38.219345225,0.0,81.91593333333327,0.40524020516564396,0.0,honest,honest,0.0
725,57.32121015,0.0,78.46436666666668,0.37958231042880186,7.321210149999999,honest,honest,0.0
726,96.539622675,1.3436776666666663,79.86516666666658,0.28110321856904263,46.539622675000004,honest,honest,0.0
727,109.34697059999999,0.0,76.18223333333326,0.10103815274189396,65.4373590718819,honest,honest,0.0
728,104.06627385,0.1493666666666666,70.16143333333325,0.05,94.36902482904014,honest,honest,24.058224829040228
729,85.352424125,2.135133333333333,54.09766666666668,0.05,85.352424125,honest,honest,29.11962412499998
730,104.08483967500001,2.7031,57.692033333333455,0.05,104.08483967500001,honest,honest,43.68970634166656
731,106.00854847500001,40.86429933333336,57.27276666666659,0.05,106.00854847500001,honest,honest,7.8714824750000645
732,104.20196965000001,180.2112213333334,60.874133333333326,0.2875,104.20196965000001,honest,honest,0.0
733,85.39632277500002,103.49612033333352,73.42753333333334,0.2875,40.271322775000016,honest,hide_information,0.0
734,85.39925607500001,88.92683166666666,74.68366666666664,0.2875,40.27425607500001,honest,honest,0.0
735,85.3681871,17.77232633333332,56.29386666666646,0.21065927802499895,40.2431871,honest,honest,0.0
736,103.94585032500001,3.297811,59.58143333333336,0.05,73.4205875002502,honest,honest,10.541343166916846
737,114.544925325,3.615822,49.35243333333315,0.05,114.544925325,honest,honest,61.57666999166684
738,114.56850715,0.1772223333333333,42.66943333333335,0.05,114.56850715,honest,honest,71.72185148333332
739,95.81946535,0.5166666666666667,42.17546666666677,0.05,95.81946535,honest,honest,53.127332016666564
740,95.7988537,1.873633333333333,44.15366666666687,0.05,95.7988537,honest,honest,49.77155369999979
741,95.7047489,0.6400003333333333,42.75416666666669,0.05,95.7047489,honest,honest,52.310581899999974
742,95.692218475,0.2364333333333333,38.51170000000002,0.05,95.692218475,honest,honest,56.944085141666655
743,97.71852907499999,0.1164333333333333,42.43316666666674,0.05,97.71852907499999,honest,honest,55.168929074999916
744,55.81854075,0.0,39.87926666666674,0.05,55.81854075,honest,honest,15.93927408333326
745,36.538904900000006,0.0,38.25146666666657,0.10450833999999987,36.538904900000006,honest,hide_information,9.762878233333407
746,36.581044575,0.0,35.476633333333325,0.09394782345208318,26.224459975000027,honest,honest,0.0
747,36.6149093,0.0,33.690199999999976,0.07577054149050495,28.2648228441042,honest,honest,0.0
748,36.9935276,0.0,38.66843333333335,0.10510251750000003,32.09712471680406,honest,hide_information,5.02922138347072
749,56.094222425,0.0,55.26526666666644,0.09579248219166564,45.624744099999994,honest,honest,0.0
750,96.00038937500001,0.0,61.20896666666644,0.05000000000000001,87.29981775858354,honest,honest,26.090851091917102
751,109.380899625,0.5833333333333334,64.48833333333323,0.05,109.380899625,honest,honest,44.30923295833344
752,104.098496925,5.5819,76.13649999999994,0.05,104.098496925,honest,honest,22.38009692500006
753,85.385654025,0.0,74.49923333333325,0.05,85.385654025,honest,honest,10.886420691666743
754,104.121837425,1.8331666666666668,77.89013333333317,0.05261226250000005,104.121837425,hide_information,honest,24.948487425000167
755,106.05670897499999,8.866811333333334,78.56950000000008,0.06263520614999997,105.56037909999998,hide_information,honest,20.784111166666563
756,104.25769539999999,8.095322333333334,72.69156666666677,0.061535834325000004,101.8570062315,hide_information,honest,23.498713931499893
757,85.440118875,30.31435466666667,75.5209333333335,0.15728814382206338,83.24831035324999,hide_information,honest,0.0
758,85.433023975,26.44645566666667,71.92243333333332,0.20827290866816212,65.04827664880796,hide_information,honest,0.0
759,85.40497582500001,2.215955,66.49640000000002,0.11355135115426634,55.333123178049206,hide_information,honest,0.0
760,103.97285782499999,1.4892663333333336,76.47993333333318,0.05212220452499998,91.89810110568939,hide_information,honest,14.375681339022876
761,114.58190065,0.1266,72.01776666666662,0.05,114.17868179025,honest,honest,42.03431512358338
762,114.59703557499999,0.4616556666666667,72.36236666666663,0.05,114.59703557499999,honest,honest,41.77301324166669
763,96.194352725,0.1266,78.33050000000016,0.05,96.194352725,honest,honest,17.73725272499985
764,96.1438564,0.2305556666666667,76.54883333333315,0.05,96.1438564,honest,honest,19.364467400000194
765,95.968109075,1.2794436666666666,69.76309999999991,0.05,95.968109075,honest,honest,24.925565408333426
766,95.696900625,0.5366666666666666,66.06076666666671,0.05,95.696900625,honest,honest,29.099467291666627
767,97.72279335,0.0377776666666666,62.11609999999986,0.05,97.72279335,honest,honest,35.56891568333348
768,55.81857205,0.0,58.95566666666651,0.06490119942916592,55.81857205,honest,honest,0.0
769,36.548674774999995,0.0,55.63830000000013,0.15412405230357287,33.71744688345847,honest,hide_information,0.0
770,36.597000300000005,0.0,56.53993333333331,0.2387008891123077,16.81343036232116,honest,honest,0.0
771,36.63439075,0.0,56.0066666666666,0.2875,0.7812218186615425,honest,honest,0.0
772,37.01846985,0.0,55.05896666666661,0.3301659481578947,0.0,honest,honest,0.0
773,56.11736225,0.0,51.16123333333315,0.28096644106688506,6.117362249999999,honest,honest,0.0
774,96.02241910000001,0.0,60.1750333333332,0.08817213067119643,52.13879529729184,honest,honest,0.0
775,109.41083320000001,0.5833333333333334,61.18516666666658,0.05000000000000001,102.15812837247269,honest,honest,40.38962837247277
776,104.13016505,1.0617,64.38339999999991,0.05,104.13016505,honest,honest,38.68506505000009
777,85.418250875,0.4335,71.62306666666649,0.05,85.418250875,honest,honest,13.361684208333514
778,104.156349725,0.5713333333333334,75.86640000000007,0.05,104.156349725,honest,honest,27.7186163916666
779,106.07421925,4.0093,77.5225666666669,0.05,106.07421925,honest,honest,24.5423525833331
780,104.2830628,29.56596633333333,72.58633333333343,0.05,104.2830628,honest,honest,2.1307631333332466
781,85.47136137500001,20.65551066666666,75.22073333333329,0.09942319246874966,85.47136137500001,honest,honest,0.0
782,85.4700337,8.888100666666666,72.37486666666688,0.07462086596138079,76.07962713093757,honest,honest,0.0
783,85.43507135,8.676790333333333,68.54353333333356,0.05,80.75710681733766,honest,honest,3.5367831506707716
784,104.021508625,1.665889,65.91846666666679,0.05,104.021508625,honest,honest,36.4371529583332
785,111.97431255,0.1822223333333333,60.99493333333336,0.05,111.97431255,honest,honest,50.7971568833333
786,114.63992544999999,0.327889,55.00676666666653,0.05,114.63992544999999,honest,honest,59.305269783333465
787,96.23423904999999,0.0,53.05053333333309,0.05,96.23423904999999,honest,honest,43.18370571666689
788,96.1840207,0.2133333333333333,52.97376666666676,0.05,96.1840207,honest,honest,42.99692069999991
789,96.002789175,1.2774220000000005,53.8511,0.05,96.002789175,honest,honest,40.874267175
790,95.72328687500001,3.4339776666666664,55.09376666666667,0.05,95.72328687500001,honest,honest,37.19554254166668
791,97.74544792500001,0.6148443333333333,54.75546666666668,0.05,97.74544792500001,honest,honest,42.375136925
792,55.84416845,0.0,57.46706666666677,0.057708766529167156,55.84416845,honest,honest,0.0
793,36.595991475,0.0,56.00696666666674,0.14915929395299038,35.13132583445824,honest,hide_information,0.0
794,36.646888025,0.0,58.30030000000004,0.24234496967382396,17.80662217393183,honest,honest,0.0
795,36.67645135,0.0,56.38176666666664,0.2875,0.13090711197344262,honest,honest,0.0
796,38.338624925000005,0.0,58.75013333333328,0.32321776355263154,0.0,honest,honest,0.0
797,57.404426925,0.0,58.599333333333256,0.29755986881578944,7.404426925000003,honest,honest,0.0
798,96.592669575,0.4585333333333333,61.6504666666664,0.10962535112499869,49.55629450000001,honest,honest,0.0
799,109.40317387500001,0.2105556666666666,62.96209999999999,0.05,98.07435716125026,honest,honest,34.901701494583605
800,104.11994765,2.5163,50.516566666666655,0.05,104.11994765,honest,honest,51.087080983333344
801,85.403354275,1.615222333333333,67.36386666666651,0.05,85.403354275,honest,honest,16.424265275000153
802,104.138014225,10.689911,63.73706666666664,0.05,104.138014225,honest,honest,29.71103655833336
803,106.07237140000001,9.711866,72.56013333333316,0.05,106.07237140000001,honest,honest,23.800372066666853
804,104.284069175,69.21786566666663,69.28166666666681,0.21252345000208378,104.284069175,honest,honest,0.0
805,85.475315225,25.277777333333336,61.62263333333314,0.20344661697479638,54.59585972460408,honest,honest,0.0
806,85.47259325,13.534722333333333,61.73120000000016,0.14000388496558783,56.31773602478869,honest,honest,0.0
807,85.440662225,7.0757666666666665,58.45839999999992,0.05,68.33992408153831,honest,honest,2.805757414871735
808,104.01766657499999,18.020233333333337,52.741033333333554,0.05,104.01766657499999,honest,honest,33.256399908333094
809,111.97596787500001,13.37283333333333,52.32209999999993,0.05,111.97596787500001,honest,honest,46.281034541666756
810,114.652061175,2.660378,50.46956666666676,0.05,114.652061175,honest,honest,61.52211650833324
811,95.8973959,11.400077666666666,60.2104,0.05,95.8973959,honest,honest,24.28691823333334
812,95.873292975,2.2996456666666667,52.49656666666656,0.05,95.873292975,honest,honest,41.07708064166677
813,95.773057725,1.1191113333333331,55.24813333333327,0.05,95.773057725,honest,honest,39.40581305833339
814,95.75280362499998,0.7076113333333334,52.372100000000096,0.05,95.75280362499998,honest,honest,42.673092291666556
815,97.76921545,0.0,53.25256666666674,0.05,97.76921545,honest,honest,44.51664878333327
816,55.862234475,0.9394443333333332,56.98603333333334,0.059800405160416695,55.862234475,honest,honest,0.0
817,36.630211075,0.0,53.45309999999993,0.13875358805102572,34.768134094520825,honest,hide_information,0.0
818,36.688617775,0.0,53.55386666666693,0.21021004545146865,19.82543604530511,honest,honest,0.0
819,36.719721449999994,0.0,57.36096666666679,0.2875,6.27981281422095,honest,honest,0.0
820,37.095591049999996,1.1644666666666663,61.8127666666667,0.3297600471052632,0.0,honest,honest,0.0
821,56.145092525,0.0,60.48880000000001,0.3041021523684211,6.145092525000003,honest,honest,0.0
822,96.035989275,0.0,53.02273333333327,0.07501422678958303,47.756580325,honest,honest,0.0
823,109.39649192499999,0.0,56.14603333333341,0.05,104.64378883497922,honest,honest,48.497755501645806
824,104.108062125,3.7644443333333335,59.39130000000012,0.05,104.108062125,honest,honest,40.952317791666545
825,85.40355894999999,2.4030776666666664,58.79803333333322,0.05,85.40355894999999,honest,honest,24.2024479500001
826,104.13339675,1.665411,63.823199999999936,0.05,104.13339675,honest,honest,38.64478575000007
827,106.061863925,67.72932100000001,68.7043333333333,0.1942660044395833,106.061863925,honest,honest,0.0
828,104.254129125,62.478466333333344,69.81296666666661,0.2875,76.84358828147917,honest,honest,0.0
829,85.4422093,80.39832166666665,71.12003333333301,0.2875,40.3172093,honest,hide_information,0.0
830,85.44357425,93.88556599999995,77.51279999999998,0.2875,40.31857425,honest,hide_information,0.0
831,85.41348417500001,33.696687000000004,74.14573333333333,0.2875,40.28848417500001,honest,hide_information,0.0
832,103.97924270000001,8.300778333333334,67.97626666666667,0.132758310925,58.854242700000015,honest,honest,0.0
833,111.9309466,6.359267,66.03779999999993,0.05000000000000002,96.20686752425,honest,honest,23.809800524250065
834,114.596757625,0.0194666666666666,65.44629999999998,0.05,114.596757625,honest,honest,49.13099095833334
835,96.200170925,1.0686666666666669,58.32026666666672,0.05,96.200170925,honest,honest,36.81123759166661
836,96.149968675,4.643166999999999,39.73966666666669,0.05,96.149968675,honest,honest,51.767135008333305
837,95.97573482499999,0.5423556666666667,43.64786666666658,0.05,95.97573482499999,honest,honest,51.78551249166674
838,95.7016936,0.0461113333333333,41.67219999999985,0.05,95.7016936,honest,honest,53.983382266666815
839,97.7257873,0.2244666666666666,42.10866666666679,0.05,97.7257873,honest,honest,55.392653966666536
840,55.822062499999994,0.0,38.35840000000014,0.05,55.822062499999994,honest,honest,17.463662499999856
841,36.54405405,0.0,36.13913333333339,0.10149826500000009,36.54405405,honest,hide_information,11.246660716666629
842,36.581256075,0.0,33.57623333333324,0.08220332613958298,26.796585724999986,honest,honest,0.0
843,36.613120175,0.0,29.06769999999999,0.09142147249999999,30.494488208479233,honest,hide_information,10.147098208479239
844,36.988816899999996,0.0,32.52006666666657,0.06615631532291623,29.118737125,honest,honest,0.0
845,56.09542582499999,0.0,30.233399999999868,0.05,53.02572591364591,honest,honest,22.79232591364604
846,95.99470439999999,0.0,33.35266666666664,0.05,95.99470439999999,honest,honest,62.642037733333346
847,109.35196115,0.3023333333333333,31.18436666666669,0.05,109.35196115,honest,honest,77.86526114999997
848,104.06901015000001,0.0094443333333333,31.585099999999937,0.05,104.06901015000001,honest,honest,72.47446581666674
849,85.356489225,2.2482333333333333,39.68056666666672,0.05,85.356489225,honest,honest,43.42768922499995
850,104.096292475,9.006122,50.85133333333336,0.05,104.096292475,honest,honest,44.23883714166664
851,106.03255217499999,20.411732666666666,42.27876666666659,0.05,106.03255217499999,honest,honest,43.342052841666735
852,104.22374925,114.04911066666668,28.713833333333344,0.23306117506250013,104.22374925,honest,honest,0.0
853,85.41531995,146.19320033333338,23.8861,0.2875,50.63369668812497,honest,honest,0.0
854,85.41960245,97.61744466666669,25.24256666666658,0.2875,40.29460245,honest,honest,0.0
855,85.38896935,37.601456,21.288733333333383,0.13847454492083358,40.263969349999996,honest,honest,0.0
856,103.95285290000001,10.681866333333335,19.07696666666668,0.05,87.14268936504163,honest,honest,57.383856365041616
857,111.912464375,4.064622,15.363133333333348,0.05,111.912464375,honest,honest,92.48470904166665
858,114.5708875,0.0986333333333333,18.65123333333328,0.05,114.5708875,honest,honest,95.82102083333339
859,96.17435935,0.5259666666666667,22.630933333333417,0.05,96.17435935,honest,honest,73.01745934999992
860,96.12714815000001,0.3266666666666666,16.273399999999985,0.05,96.12714815000001,honest,honest,79.52708148333336
861,95.95526165000001,0.7085336666666667,25.97540000000009,0.05,95.95526165000001,honest,honest,69.27132798333325
862,95.685102625,0.0632666666666666,28.093799999999916,0.05,95.685102625,honest,honest,67.52803595833342
863,97.712413025,0.0,30.50276666666671,0.05,97.712413025,honest,honest,67.20964635833329
864,55.8098985,0.0,35.101266666666646,0.05,55.8098985,honest,honest,20.708631833333357
865,36.526324975,0.0,39.17563333333329,0.10582527749999994,36.526324975,honest,hide_information,9.1033816416667
866,36.56341965,1.1772223333333334,40.79763333333327,0.1260866340229163,25.956616925000013,honest,honest,0.0
867,36.593165625,0.0,49.01989999999992,0.1776951754869316,22.1367051606459,honest,honest,0.0
868,36.96788385,0.0,50.71036666666674,0.23052168925612276,12.705800507482994,honest,honest,0.0
869,56.07200735,0.0,55.00596666666666,0.20785713130781747,21.77288639133667,honest,honest,0.0
870,95.9822949,0.0,56.733166666666776,0.05,65.98943995151468,honest,honest,9.256273284847907
871,109.352329975,0.0,62.26383333333335,0.05,109.352329975,honest,honest,47.08849664166665
872,104.07926627500001,1.5910333333333333,71.23613333333343,0.05,104.07926627500001,honest,honest,31.252099608333253
873,85.3673167,2.6248333333333336,73.00150000000001,0.05,85.3673167,honest,honest,9.740983366666669
874,104.092389625,15.726366666666667,63.3725333333335,0.05,104.092389625,honest,honest,24.993489624999825
875,106.028049575,18.65015533333333,61.82660000000013,0.05,106.028049575,honest,honest,25.55129424166654
876,104.22819240000001,69.73228833333333,56.01613333333349,0.1522210890166673,104.22819240000001,honest,honest,0.0
877,85.41456205,95.501422,43.22759999999981,0.2875,65.99255513683322,honest,honest,0.0
878,85.4168475,201.450588,65.59193333333336,0.2875,40.2918475,honest,hide_information,0.0
879,85.3868337,213.4187096666667,33.80106666666666,0.2875,40.2618337,honest,hide_information,0.0
880,103.95158585000001,170.28628899999995,20.16433333333334,0.2875,58.826585850000015,honest,honest,0.0
881,111.915154,6.253033333333333,22.717200000000005,0.05,66.790154,honest,honest,37.81992066666666
882,114.5815118,2.770744333333333,32.02086666666658,0.05,114.5815118,honest,honest,79.78990080000008
883,96.1844182,1.2627776666666668,36.91773333333339,0.05,96.1844182,honest,honest,58.003907199999944
884,96.13545125,0.278333,39.70536666666671,0.05,96.13545125,honest,honest,56.15175158333329
885,95.96195359999999,0.0,40.2897000000001,0.05,95.96195359999999,honest,honest,55.672253599999884
886,95.688943025,0.6004333333333333,47.49746666666656,0.05,95.688943025,honest,honest,47.591043025000104
887,97.71108575,0.0,52.43276666666661,0.05,97.71108575,honest,honest,45.278319083333386
888,55.806186425,0.0,58.9933666666666,0.06513910614791636,55.806186425,honest,honest,0.0
889,36.520400025,0.0,65.05806666666665,0.19921695984641108,33.64396985689589,honest,hide_information,0.0
890,36.554494025,0.0,78.20563333333341,0.2875,8.20327165418189,honest,honest,0.0
891,36.587474225,0.0,68.65573333333332,0.3324343461842105,0.0,honest,honest,0.0
892,38.2587909,0.0,69.19960000000015,0.36857228881578946,0.0,honest,honest,0.0
893,57.357081225,0.0,68.50956666666666,0.34291439407894736,7.357081225000002,honest,honest,0.0
894,96.56134965,0.0,48.50990000000005,0.08901211350460553,46.56134965,honest,honest,0.0
895,109.368233775,0.0,45.7071,0.05,101.95593220912494,honest,honest,56.24883220912494
896,104.08773905000001,1.4324,44.03290000000001,0.05,104.08773905000001,honest,honest,58.62243905
897,85.3748605,0.0,41.65179999999991,0.05,85.3748605,honest,honest,43.72306050000009
898,104.102515725,15.652588666666666,34.40703333333328,0.05,104.102515725,honest,honest,54.042893725000056
899,106.0411484,25.88715566666666,30.02423333333341,0.05,106.0411484,honest,honest,50.12975939999993
900,104.23993295000001,35.05288899999999,29.136000000000045,0.05,104.23993295000001,honest,honest,40.051043949999965
901,85.42587925,67.68705533333333,27.20526666666673,0.09496560306250033,85.42587925,honest,honest,0.0
902,85.4281514,80.51010033333333,27.08606666666656,0.195879530863906,76.88468681812495,honest,honest,0.0
903,85.396396,111.65521099999998,27.39603333333323,0.2875,57.67928513585786,honest,honest,0.0
904,103.965403375,45.10273366666666,24.73750000000006,0.10224919388541695,58.840403374999994,honest,honest,0.0
905,111.93137995000001,9.106977,19.236366666666665,0.05,102.00403311177078,honest,honest,73.66068944510411
906,114.600377025,1.2926000000000002,25.159800000000043,0.05,114.600377025,honest,honest,88.14797702499996
907,95.84812915,1.043511,21.131233333333338,0.05,95.84812915,honest,honest,73.67338481666667
908,95.821766,1.771766666666667,26.819433333333304,0.05,95.821766,honest,honest,67.23056600000002
909,95.72358919999999,0.0,29.032799999999945,0.05,95.72358919999999,honest,honest,66.69078920000004
910,95.71059945,0.351111,30.21076666666676,0.05,95.71059945,honest,honest,65.14872178333324
911,97.736821425,0.0,26.213966666666696,0.05,97.736821425,honest,honest,71.52285475833331
912,55.839040675,0.0,28.217333333333325,0.05,55.839040675,honest,honest,27.621707341666674
913,36.582134575,0.0,28.90656666666665,0.09119185749999997,36.582134575,honest,hide_information,16.347537908333344
914,36.6316236,0.0,28.255933333333264,0.05000000000000001,28.805170675000003,honest,honest,0.5492373416667391
915,36.661643725,0.0,30.687366666666723,0.09372949750000008,36.661643725,honest,hide_information,15.180487058333291
916,37.03578795,0.0,28.518600000000013,0.05,28.727183424999986,honest,honest,0.20858342499997207
917,56.1147789,0.0,27.6417999999999,0.05,56.1147789,honest,honest,28.472978900000097
918,96.01553815000001,0.0,31.439466666666625,0.05,96.01553815000001,honest,honest,64.57607148333338
919,106.74175155,0.0,40.62863333333322,0.05,106.74175155,honest,honest,66.11311821666678
920,104.11309585,1.4324,59.71463333333314,0.05,104.11309585,honest,honest,42.96606251666685
921,85.40612205000001,1.6336776666666666,69.74776666666662,0.05,85.40612205000001,honest,honest,14.024677716666716
922,104.1412846,17.066755333333337,73.61796666666652,0.05,104.1412846,honest,honest,13.456562600000154
923,106.073974325,49.4867,80.5445000000002,0.1637968219562509,106.073974325,honest,honest,0.0
924,104.28228329999999,38.09109999999999,84.44613333333344,0.23941264447385024,82.66088712831232,hide_information,honest,0.0
925,85.46538157500001,59.64051133333333,84.12846666666697,0.2875,49.47697912496846,hide_information,honest,0.0
926,85.46233362500001,68.90814533333332,77.89913333333347,0.2875,40.337333625000014,honest,honest,0.0
927,85.43166400000001,158.4299539999999,78.09430000000009,0.2875,40.30666400000001,honest,honest,0.0
928,104.01264255,45.628644,76.88290000000003,0.2875,58.887642549999995,hide_information,honest,0.0
929,111.976109325,9.518866666666668,78.33369999999996,0.14975692237291652,66.851109325,honest,honest,0.0
930,114.6409567,5.901000000000001,70.41196666666661,0.05,95.68714144914587,honest,honest,19.37417478247926
931,96.238975575,7.758166666666668,64.93043333333318,0.05,96.238975575,honest,honest,23.550375575000146
932,96.190236625,1.340855666666667,62.92266666666644,0.05,96.190236625,honest,honest,31.926714291666897
933,96.017318475,0.0073333333333333,58.14259999999986,0.05,96.017318475,honest,honest,37.8673851416668
934,95.74792907499999,0.5038889999999999,53.3406000000001,0.05,95.74792907499999,honest,honest,41.903440074999885
935,97.7739034,0.0,50.53473333333337,0.05,97.7739034,honest,honest,47.239170066666624
936,55.878589225,0.2690333333333333,56.40819999999999,0.053793559514583277,55.878589225,honest,honest,0.0
937,36.646294225,0.0,54.0058333333333,0.1358814982264946,35.92551791722918,honest,hide_information,0.0
938,36.700934225,0.0,35.63763333333322,0.12245737291399418,20.383449561966025,honest,honest,0.0
939,36.732790525,0.0,39.284266666666646,0.1275122907277963,22.965889671341106,honest,honest,0.0
940,37.1101836,3.2305333333333333,24.7928666666666,0.07679262028183585,22.382848361718708,honest,honest,0.0
941,56.14636349999999,0.0,24.31829999999992,0.05,51.05576564645118,honest,honest,26.73746564645126
942,96.04109065,0.0,30.227633333333245,0.05,96.04109065,honest,honest,65.81345731666676
943,106.79360435,0.0,37.18886666666667,0.05,106.79360435,honest,honest,69.60473768333333
944,104.16179100000001,0.0,41.323733333333216,0.05,104.16179100000001,honest,honest,62.83805766666679
945,85.46569005,0.0,50.87573333333315,0.05,85.46569005,honest,honest,34.589956716666855
946,104.226412325,1.4685886666666668,63.99973333333361,0.05,104.226412325,honest,honest,38.75809032499973
947,106.146637925,5.981577666666667,72.50770000000024,0.058523748174999966,106.146637925,hide_information,honest,29.451833558333078
948,104.40610749999999,5.522599333333333,79.09863333333328,0.05786970404999998,102.78659534674999,hide_information,honest,19.82214248008337
949,85.62680130000001,5.065555666666667,82.22589999999983,0.06500951614679076,84.13155753050002,hide_information,honest,0.0
950,85.640776375,26.770222,82.14696666666643,0.1741090467078942,82.78896830710976,hide_information,honest,0.0
951,85.61493802499999,15.487833333333334,84.52023333333301,0.23037577570178963,62.03421915050009,hide_information,honest,0.0
952,104.17467504999999,10.055677666666668,77.95553333333326,0.13601268333336486,69.90327766665996,honest,honest,0.0
953,112.108541425,5.1208556666666665,85.46809999999995,0.05000000000000002,95.76613159166068,honest,honest,5.17717592499406
954,114.752152325,3.998166666666666,80.52773333333323,0.05,114.752152325,honest,honest,30.226252325000104
955,96.340253575,0.3675333333333333,69.11096666666664,0.05,96.340253575,honest,honest,26.861753575000037
956,96.261399475,0.0,70.42269999999982,0.05,96.261399475,honest,honest,25.838699475000183
957,96.051488425,0.0073333333333333,64.31496666666672,0.05,96.051488425,honest,honest,31.729188424999947
958,95.76805145,2.984066666666666,57.09266666666675,0.05,95.76805145,honest,honest,35.69131811666659
959,97.78130842499999,0.1895,47.4193,0.05,97.78130842499999,honest,honest,50.17250842499999
960,55.869281075,0.0,52.57939999999992,0.05,55.869281075,honest,honest,3.289881075000082
961,36.641444775,0.0,48.21823333333344,0.11871098250000015,36.641444775,honest,hide_information,2.8886814416665914
962,36.703161025,0.0,45.48086666666679,0.1537057635041674,23.648074349999973,honest,honest,0.0
963,36.73473365,0.0,43.20773333333333,0.17434120005834436,17.030638584208198,honest,honest,0.0
964,38.3944154,0.0,29.115333333333357,0.11814229323598922,14.769587388914573,honest,honest,0.0
965,57.425602825000006,0.0,20.09956666666665,0.07864188249999998,44.478567110162054,honest,hide_information,30.4088704434954
966,96.612701525,0.0,22.77553333333328,0.05,91.17074385000001,honest,honest,68.39521051666674
967,106.78733747500002,0.8625333333333333,18.537499999999984,0.05,106.78733747500002,honest,honest,87.3873041416667
968,104.16843999999999,0.0,19.221333333333305,0.05,104.16843999999999,honest,honest,84.94710666666668
969,85.51038372500001,2.810277666666667,16.50783333333329,0.05,85.51038372500001,honest,honest,66.19227272500005
970,104.3080544,12.15866666666667,15.748666666666669,0.05,104.3080544,honest,honest,76.40072106666666
971,106.19806582500001,354.5060796666668,14.302733333333332,0.2875,106.19806582500001,honest,honest,0.0
972,104.49719504999999,177.345878,13.677066666666702,0.2875,59.37219504999999,honest,honest,0.0
973,85.7095425,181.95071800000048,13.31400000000003,0.2875,40.5845425,honest,hide_information,0.0
974,85.7265266,97.01260066666669,10.704166666666705,0.2875,40.6015266,honest,hide_information,0.0
975,85.69302465,46.380367,10.10273333333329,0.12559660949583312,40.56802465,honest,hide_information,0.0
976,104.2549805,48.55925533333334,15.484299999999951,0.05000000000000002,89.8916246957917,honest,honest,25.848069362458418
977,112.1847976,31.00319966666666,11.352599999999962,0.05,112.1847976,honest,honest,69.82899793333337
978,114.814121625,12.683877666666666,8.883466666666676,0.05,114.814121625,honest,honest,93.24677729166666
979,96.0494886,5.4133223333333325,13.784633333333328,0.05,96.0494886,honest,honest,76.85153293333335
980,96.014868425,0.7875446666666668,11.026699999999998,0.05,96.014868425,honest,honest,84.20062375833334
981,95.88908637499999,2.420233666666667,8.82866666666665,0.05,95.88908637499999,honest,honest,84.64018604166668
982,95.8512217,1.0533336666666666,9.88523333333331,0.05,95.8512217,honest,honest,84.91265470000002
983,97.81990235,0.0,10.535733333333315,0.05,97.81990235,honest,honest,87.2841690166667
984,55.918594675,0.0,5.966633333333307,0.05,55.918594675,honest,honest,49.951961341666696
985,36.697006175,0.0,14.093533333333326,0.070083285,36.697006175,honest,hide_information,26.83153284166667
986,36.757706375,0.0,4.20903333333334,0.05599787250000002,32.941882225,honest,hide_information,29.99555889166666
987,36.762768625,0.0,3.567966666666683,0.055084352500000024,35.623172849999996,honest,hide_information,33.125596183333315
988,37.131488374999996,0.0,3.2629333333333426,0.05464968000000002,36.16546139999999,honest,hide_information,33.88140806666665
989,56.1580765,0.0,6.972166666666702,0.05,55.274637299999995,honest,honest,48.30247063333329
990,96.06321785,1.479,12.428233333333374,0.05,96.06321785,honest,honest,82.15598451666662
991,106.776031975,0.9252333333333334,13.59933333333334,0.05,106.776031975,honest,honest,92.25146530833332
992,104.16676154999999,4.6822333333333335,26.513633333333207,0.05,104.16676154999999,honest,honest,72.97089488333344
993,85.52462742499999,51.125888333333336,16.9869,0.05,85.52462742499999,honest,honest,17.411839091666664
994,104.31821305,15.496144666666662,39.70546666666658,0.05,104.31821305,honest,honest,49.11660171666675
995,106.21498324999999,79.540889,58.54623333333329,0.20139266064583322,106.21498324999999,honest,honest,0.0
996,104.53898355,368.0445346666667,60.88403333333326,0.2875,75.77437802729169,honest,honest,0.0
997,85.762926625,129.97114233333394,67.83559999999976,0.2875,40.637926625000006,honest,hide_information,0.0
998,85.76006655,31.846779666666656,73.16289999999981,0.2875,40.635066550000005,honest,hide_information,0.0
999,85.73509235,41.72884499999999,77.40266666666633,0.2875,40.61009235,honest,hide_information,0.0
1000,104.29618965,182.0021783333334,75.29243333333332,0.2875,59.17118965,honest,honest,0.0
1001,112.195265375,28.05420066666667,79.90440000000024,0.24421959263541781,67.070265375,honest,honest,0.0
1002,114.82332729999999,4.445733333333333,79.93893333333344,0.08069954434513182,77.9216046992706,honest,honest,0.0
1003,96.43081949999998,3.5966333333333336,76.65573333333344,0.05000000000000001,90.59790607442494,honest,honest,10.345539407758167
1004,96.37778085000001,0.074,78.37223333333354,0.05,96.37778085000001,honest,honest,17.93154751666647
1005,96.202607125,0.0,77.24106666666681,0.05,96.202607125,honest,honest,18.96154045833319
1006,95.933412025,0.7361110000000001,79.10966666666688,0.05,95.933412025,honest,honest,16.08763435833312
1007,97.86592597500001,0.181778,79.41450000000023,0.05,97.86592597500001,honest,honest,18.269647974999785
1008,55.992624400000004,0.0,77.33950000000023,0.15139765910000108,55.992624400000004,honest,honest,0.0
1009,36.7607569,0.0,74.49873333333342,0.2875,17.495201670999794,honest,honest,0.0
1010,36.82318655,0.0,78.05016666666675,0.3311937549999999,0.0,honest,honest,0.0
1011,36.85647265,0.0,78.25050000000006,0.3747123199999999,0.0,honest,honest,0.0
1012,37.233903375000004,0.0,80.1499,0.4162444074999998,0.0,honest,honest,0.0
1013,56.252881025,0.0,74.76863333333321,0.3905865127631577,6.252881025000001,honest,honest,0.0
1014,96.1590586,0.0,68.87933333333314,0.23534992300964802,46.159058599999994,honest,honest,0.0
1015,106.876402375,1.044533333333333,62.779800000000186,0.05000000000000002,71.65991700316687,honest,honest,7.835583669833348
1016,104.21983150000001,0.0,50.0549333333334,0.05,104.21983150000001,honest,honest,54.16489816666661
1017,85.50644865000001,0.4856776666666667,55.2510666666668,0.05,85.50644865000001,honest,honest,29.76970431666654
1018,104.269990425,25.8864,52.10556666666664,0.05,104.269990425,honest,honest,26.27802375833336
1019,106.12752757499999,15.424010333333332,40.97663333333332,0.05,106.12752757499999,honest,honest,49.726883908333335
1020,104.32637525000001,44.36110333333328,32.60870000000012,0.05,104.32637525000001,honest,honest,27.35657191666661
1021,85.51437885,139.35685066666616,23.48113333333325,0.2875,85.51437885,honest,honest,0.0
1022,85.51066542499998,5.212133666666667,19.42646666666672,0.07768271500000008,40.385665424999985,honest,hide_information,21.575005091666615
1023,85.47290994999999,78.18044533333331,18.913000000000007,0.13018119335833342,80.21319409999997,honest,honest,0.0
1024,104.07526770000001,56.15999199999998,16.44716666666666,0.05,88.84084096191667,honest,honest,16.233682295250034
1025,109.3836848,7.099188666666668,10.900966666666688,0.05,109.3836848,honest,honest,91.38352946666664
1026,114.691428,2.1339,26.05423333333332,0.05,114.691428,honest,honest,86.50329466666668
1027,96.28980185,0.2914666666666666,22.49883333333336,0.05,96.28980185,honest,honest,73.49950184999997
1028,96.235023875,2.269089,35.70153333333331,0.05,96.235023875,honest,honest,58.264401541666686
1029,96.04740885,0.1618889999999999,36.61973333333335,0.05,96.04740885,honest,honest,59.265786516666644
1030,95.7627463,0.0,38.43030000000005,0.05,95.7627463,honest,honest,57.33244629999995
1031,97.7693998,0.2330223333333333,49.41599999999995,0.05,97.7693998,honest,honest,48.120377466666724
1032,55.86547785,0.0,62.00639999999991,0.07916938021249957,55.86547785,honest,honest,0.0
1033,36.63722135,0.0,73.88550000000004,0.25325468922928107,31.09503910962508,honest,hide_information,0.0
1034,36.697179750000004,0.0,72.37783333333334,0.29761163791349154,0.0,honest,honest,0.0
1035,36.7294527,0.0,79.38470000000005,0.34179872896612307,0.0,honest,honest,0.0
1036,37.106994125,0.0,81.11783333333324,0.3839987598871757,0.0,honest,honest,0.0
1037,56.1417811,0.0,83.22690000000003,0.3583408651503336,6.141781100000003,honest,honest,0.0
1038,96.04880467499999,0.1609,83.23393333333316,0.27257660654057403,46.048804674999985,honest,honest,0.0
1039,106.79144915,1.044533333333333,82.76973333333297,0.141733770607033,64.50189390729093,honest,honest,0.0
1040,104.15576959999999,0.0,79.01033333333346,0.05,86.72635318466372,honest,honest,7.716019851330259
1041,85.432215975,9.004266666666664,75.93539999999967,0.05,85.432215975,honest,honest,0.4925493083336647
1042,104.165772425,17.83884433333333,75.9094666666665,0.05,104.165772425,honest,honest,10.41746142500017
1043,106.09522569999999,125.82799933333328,78.32800000000007,0.2875,106.09522569999999,honest,honest,0.0
1044,104.3039563,87.61111666666653,78.02950000000027,0.2875,59.178956299999996,honest,honest,0.0
1045,85.5094691,119.50168633333328,78.91986666666676,0.2875,40.384469100000004,honest,hide_information,0.0
1046,85.52101569999999,22.910932,74.90343333333304,0.2875,40.39601569999999,honest,hide_information,0.0
1047,85.489347425,118.85632466666668,64.07489999999996,0.2875,40.364347425000005,honest,hide_information,0.0
1048,104.05968172499999,25.246955666666665,72.46166666666663,0.2341762178895832,58.93468172499999,honest,honest,0.0
1049,109.34216472499999,18.829902,68.6248666666668,0.11225390536826624,74.34868332597918,honest,honest,0.0
1050,114.649592875,0.2626,74.24093333333333,0.05000000000000001,102.82135085502941,honest,honest,28.31781752169607
1051,96.24999825,0.0,72.32476666666686,0.05,96.24999825,honest,honest,23.925231583333144
1052,96.19703080000001,0.1077779999999999,58.3262,0.05,96.19703080000001,honest,honest,37.763052800000004
1053,96.011803275,0.0,53.18850000000009,0.05,96.011803275,honest,honest,42.823303274999915
1054,95.732996625,0.0,59.14030000000011,0.05,95.732996625,honest,honest,36.59269662499989
1055,97.75543405,0.0,61.44843333333334,0.05,97.75543405,honest,honest,36.307000716666664
1056,55.856201025000004,0.0,48.59996666666668,0.05,55.856201025000004,honest,honest,7.256234358333323
1057,36.615582825000004,0.3469,72.80736666666677,0.2235587482479171,36.615582825000004,honest,hide_information,0.0
1058,36.66983915,0.0,76.36800000000007,0.2875,3.6936769828957523,honest,honest,0.0
1059,36.699954950000006,0.0,69.73856666666674,0.33184234236842103,0.0,honest,honest,0.0
1060,38.361470575,0.0,76.55993333333333,0.3674398656578947,0.0,honest,honest,0.0
1061,57.40903005,0.0,78.8474000000001,0.3417819709210526,7.409030049999998,honest,honest,0.0
1062,96.60232094999999,0.0,82.9022333333337,0.2510486600050456,46.60232094999999,honest,honest,0.0
1063,106.76092195000001,0.0915,74.63563333333333,0.07928591972538689,68.56167654904135,honest,honest,0.0
1064,104.12568594999999,0.0,76.1896333333332,0.05,98.56136120217649,honest,honest,22.37172786884328
1065,85.405723775,1.4534666666666665,75.5756666666668,0.05,85.405723775,honest,honest,8.376590441666522
1066,104.133012525,16.74415533333333,77.75660000000026,0.05,104.133012525,honest,honest,9.632257191666412
1067,106.06050662499999,22.744977999999996,73.48760000000009,0.05,106.06050662499999,honest,honest,9.827928624999913
1068,104.26720275,41.942111,72.94779999999987,0.10045786418749941,104.26720275,honest,honest,0.0
1069,85.4536076,64.68346666666667,72.04920000000025,0.2875,75.86661340437512,honest,honest,0.0
1070,85.449014075,82.21241066666666,72.35169999999995,0.2875,40.324014074999994,honest,honest,0.0
1071,85.416235575,52.78974466666666,72.5213333333334,0.2875,40.291235575,honest,honest,0.0
1072,103.9845758,13.178611,71.7106666666668,0.1736410838666673,58.8595758,honest,honest,0.0
1073,109.29949675,2.255100333333333,68.30449999999982,0.05000000000000002,85.80769081533322,honest,honest,15.248090482000066
1074,114.61000240000001,0.0,68.93973333333346,0.05,114.61000240000001,honest,honest,45.67026906666655
1075,95.8546193,0.4288666666666667,65.59636666666671,0.05,95.8546193,honest,honest,29.82938596666662
1076,95.82849195,0.0451,62.15580000000018,0.05,95.82849195,honest,honest,33.627591949999825
1077,95.729594875,0.0,60.172533333333206,0.05,95.729594875,honest,honest,35.5570615416668
1078,95.714615575,0.5493666666666667,59.59373333333322,0.05,95.714615575,honest,honest,35.57151557500011
1079,97.73876205,0.0,57.95893333333315,0.05,97.73876205,honest,honest,39.779828716666856
1080,55.836306925,0.0,56.56220000000005,0.05344799210625022,55.836306925,honest,honest,0.0
1081,36.56848645,0.0,54.84440000000007,0.13992240223839114,35.91336794981246,honest,hide_information,0.0
1082,36.611266525000005,0.0,55.32666666666688,0.22005311869306568,19.52601009970569,honest,honest,0.0
1083,36.639810475000004,0.0,51.548000000000144,0.2742868398642424,4.329717923317531,honest,honest,0.0
1084,37.013967275,0.0,47.44346666666687,0.3048329524519627,0.0,honest,honest,0.0
1085,56.10340195,0.0,45.712066666666885,0.23062789699206404,7.685140984127088,honest,honest,0.0
1086,96.00589355,0.0,61.6751333333334,0.05,61.686593121507826,honest,honest,0.011459788174427388
1087,106.73432525000001,0.0,58.42156666666657,0.05,106.73432525000001,honest,honest,48.31275858333344
1088,104.10157749999999,0.3336333333333333,32.09573333333329,0.05,104.10157749999999,honest,honest,71.67221083333337
1089,85.39054147499999,1.675678,25.31433333333343,0.05,85.39054147499999,honest,honest,58.400530141666565
1090,104.11740397499999,38.426422333333335,22.616000000000007,0.10475765182500002,104.11740397499999,hide_information,honest,54.60290834166665
1091,106.04880980000002,91.77116799999996,14.741499999999988,0.18077391439999996,95.64485595325002,hide_information,honest,16.66353835325006
1092,104.2471347,100.544911,16.86099999999999,0.23052764517099988,79.40009096400001,hide_information,honest,0.0
1093,85.434548925,85.82728900000001,12.416666666666693,0.2737708817897442,51.13429634251002,hide_information,honest,0.0
1094,85.43647684999999,34.20021066666667,12.880466666666708,0.06976317311107771,42.9200093099486,honest,honest,0.0
1095,85.40682162499999,82.07492199999999,11.212733333333317,0.16695676385,81.65181873389523,hide_information,honest,12.98664000056192
1096,103.97112827500001,7.413333,7.6801666666666675,0.06056399952500001,81.74934314350001,hide_information,honest,68.87984337683335
1097,109.285873275,5.289022333333334,8.622533333333358,0.05,107.27871336525,honest,honest,93.3671576985833
1098,114.59881217499999,0.0,10.800166666666666,0.05,114.59881217499999,honest,honest,103.79864550833332
1099,96.20160745,0.2397333333333333,11.247566666666632,0.05,96.20160745,honest,honest,84.71430745000004
1100,96.15565422499999,0.0,10.676466666666704,0.05,96.15565422499999,honest,honest,85.4791875583333
1101,95.98115135,0.0,14.85250000000002,0.05,95.98115135,honest,honest,81.12865134999998
1102,95.70871072499999,0.4988889999999999,16.610933333333378,0.05,95.70871072499999,honest,honest,78.5988883916666
1103,97.733996075,0.0,20.23506666666666,0.05,97.733996075,honest,honest,77.49892940833334
1104,55.83420135,0.0,19.74669999999997,0.05,55.83420135,honest,honest,36.08750135000003
1105,36.56688535,0.0,19.960666666666672,0.07844395000000001,36.56688535,honest,hide_information,22.59441868333333
1106,36.60991535,0.6316666666666667,32.7493333333333,0.09666779999999994,31.205564850000002,honest,hide_information,7.649364850000026
1107,36.63556545,0.0,37.63803333333333,0.09687941194583327,27.76868345000001,honest,honest,0.0
1108,37.008157325,0.0,30.69149999999996,0.06230454698736433,28.10106905529168,honest,honest,0.0
1109,56.097795274999996,0.0,33.68186666666667,0.05,53.75993134740077,honest,honest,20.0780646807341
1110,96.00000792499999,0.0,29.2788666666666,0.05,96.00000792499999,honest,honest,66.72114125833339
1111,106.72988325,0.9696666666666666,28.88370000000007,0.05,106.72988325,honest,honest,76.87651658333327
1112,104.1015745,2.5095666666666667,26.13099999999993,0.05,104.1015745,honest,honest,75.4610078333334
1113,85.39103525,2.4381666666666666,29.061699999999977,0.05,85.39103525,honest,honest,53.891168583333354
1114,104.11690362499999,143.34762133333336,25.887466666666647,0.2875,104.11690362499999,hide_information,honest,0.0
1115,106.0478271,153.316179,20.947566666666603,0.2875,60.922827100000006,hide_information,honest,0.0
1116,104.256448975,321.09677566666664,21.320499999999956,0.2875,59.131448975,hide_information,honest,0.0
1117,85.449724425,353.833629999999,29.362366666666738,0.2875,40.324724425,honest,honest,0.0
1118,85.44752580000001,164.81231899999997,38.44433333333334,0.2875,40.32252580000001,honest,honest,0.0
1119,85.415891625,55.833877666666666,29.71380000000006,0.264969733697917,40.290891625,honest,honest,0.0
1120,103.99551815000001,108.532401,33.76749999999994,0.2875,63.15126874739578,hide_information,honest,0.0
1121,109.306272325,41.64721033333336,43.98196666666663,0.15187754720625002,64.181272325,honest,honest,0.0
1122,114.6229284,4.292878333333333,54.64720000000008,0.05,95.2661944308125,honest,honest,36.32611609747909
1123,96.228250275,0.8083333333333333,54.44510000000014,0.05,96.228250275,honest,honest,40.974816941666525
1124,96.185152025,0.0,49.71053333333351,0.05,96.185152025,honest,honest,46.474618691666485
1125,96.0167938,0.0377776666666666,52.670300000000246,0.05,96.0167938,honest,honest,43.30871613333309
1126,95.73985395,0.0377776666666666,53.66056666666651,0.05,95.73985395,honest,honest,42.04150961666682
1127,97.756711025,0.0,62.326766666666565,0.05,97.756711025,honest,honest,35.42994435833344
1128,55.857554525,0.0,69.66806666666676,0.11559993267291713,55.857554525,honest,honest,0.0
1129,36.62071855,0.0,73.05786666666681,0.28228039279147504,24.156731342145747,honest,honest,0.0
1130,36.679406575,0.0,77.01516666666662,0.32673088450200133,0.0,honest,honest,0.0
1131,36.713228799999996,0.0,81.25323333333318,0.37100336450200133,0.0,honest,honest,0.0
1132,38.378629075,0.0,82.28639999999974,0.40651057989673817,0.0,honest,honest,0.0
1133,57.424243375,0.0,82.78163333333309,0.38085268515989606,7.424243375000003,honest,honest,0.0
1134,96.623473775,0.0,83.04896666666646,0.2907158816584697,46.623473774999994,honest,honest,0.0
1135,106.794365575,0.0,81.53899999999963,0.14728309671551715,61.05834805989076,honest,honest,0.0
1136,104.161573625,0.0,80.93256666666684,0.05,85.67778524905174,honest,honest,4.745218582384894
1137,85.44367622499999,4.130866666666667,75.92523333333314,0.05,85.44367622499999,honest,honest,5.387576225000188
1138,104.18240060000001,88.51588666666666,72.25679999999991,0.2875,104.18240060000001,honest,honest,0.0
1139,106.12795045,161.84707966666664,63.46836666666665,0.2875,61.00295045,honest,honest,0.0
1140,104.393090625,326.6834053333328,66.30193333333347,0.2875,59.268090625,honest,honest,0.0
1141,85.6224819,366.47238699999934,63.03549999999984,0.2875,40.4974819,honest,hide_information,0.0
1142,85.6345734,211.6483046666673,60.34603333333347,0.2875,40.509573399999994,honest,hide_information,0.0
1143,85.59934595,94.36826466666666,56.38306666666664,0.2875,40.47434595,honest,hide_information,0.0
1144,104.15469525,56.29103099999999,61.23320000000008,0.2875,59.02969525,honest,honest,0.0
1145,109.421184875,4.205754666666666,59.59646666666679,0.05,64.296184875,honest,honest,0.4939635416665382
1146,114.7035443,2.355667,51.06086666666671,0.05,114.7035443,honest,honest,61.287010633333296
1147,95.936483725,0.907922,48.014766666666674,0.05,95.936483725,honest,honest,47.01379505833333
1148,95.888404625,0.5540333333333334,44.380766666666695,0.05,95.888404625,honest,honest,50.953604624999976
1149,95.7683552,0.7383333333333333,53.74493333333341,0.05,95.7683552,honest,honest,41.285088533333266
1150,95.740258425,1.568888,58.099633333333486,0.05,95.740258425,honest,honest,36.071737091666506
1151,97.75676405,0.196111,57.62319999999981,0.05,97.75676405,honest,honest,39.93745305000019
1152,55.854700050000005,0.0,60.71686666666665,0.07309529142916654,55.854700050000005,honest,honest,0.0
1153,36.622725275,0.0,60.987333333333325,0.1865753887919061,32.23461990345836,honest,hide_information,0.0
1154,36.6758393,0.0,61.76780000000002,0.2875,10.72651542953784,honest,honest,0.0
1155,36.702576425000004,0.0,56.59180000000011,0.3318285451315789,0.0,honest,honest,0.0
1156,37.074582225,0.0,56.11756666666695,0.37419916499999994,0.0,honest,honest,0.0
1157,56.13615335,0.0,50.34880000000006,0.32105134185065815,6.136153350000001,honest,honest,0.0
1158,96.02806174999999,0.0,46.60816666666682,0.06064894546798348,46.02806174999999,honest,honest,0.0
1159,106.73694367499999,0.1857666666666666,42.63076666666648,0.05,104.71364403608314,honest,honest,61.89711070274999
1160,104.12309405,1.49,36.72963333333328,0.05,104.12309405,honest,honest,65.90346071666673
1161,85.4253404,6.866822333333334,27.38506666666675,0.05,85.4253404,honest,honest,51.17345139999991
1162,104.17094915,70.34286599999999,23.21466666666663,0.05,104.17094915,honest,honest,10.613416483333381
1163,106.090146175,490.20631266666703,18.2641,0.2875,106.090146175,honest,honest,0.0
1164,104.3034087,1784.0409879999995,16.226533333333343,0.2875,59.178408700000006,honest,honest,0.0
1165,85.52101479999999,1942.3917226666624,17.590233333333344,0.2875,40.39601479999999,honest,hide_information,0.0
1166,85.50272592500001,1355.7601916666667,16.272766666666715,0.2875,40.37772592500001,honest,honest,0.0
1167,85.46098915,1108.6237773333353,15.703533333333333,0.2875,40.33598915,honest,honest,0.0
1168,104.038899225,691.6424013333323,15.742566666666663,0.2875,58.913899224999994,honest,honest,0.0
1169,109.32572335,105.37380333333353,14.851899999999942,0.2875,64.20072335,honest,honest,0.0
1170,114.63691395,0.0728333333333333,15.457033333333303,0.05,69.51191395,honest,honest,53.98204728333336
1171,96.24148535,0.711422,14.871833333333294,0.05,96.24148535,honest,honest,80.6582300166667
1172,96.1870508,0.1729333333333333,14.067099999999982,0.05,96.1870508,honest,honest,81.94701746666668
1173,96.00610375000001,0.7094666666666667,16.741633333333372,0.05,96.00610375000001,honest,honest,78.55500374999997
1174,95.726828375,0.404011,15.708300000000056,0.05,95.726828375,honest,honest,79.61451737499993
1175,97.748868025,0.7922220000000001,21.747433333333355,0.05,97.748868025,honest,honest,75.20921269166664
1176,55.847023175,0.0,13.863100000000014,0.05,55.847023175,honest,honest,41.98392317499999
1177,36.591848875,0.0,12.78919999999998,0.06822460999999998,36.591848875,honest,hide_information,27.63940887500001
1178,36.637936025,0.0,10.562799999999967,0.06505198999999996,33.17526012500001,honest,hide_information,25.78130012500003
1179,36.667255325,0.0,12.081733333333323,0.06721646999999999,33.80737722500001,honest,hide_information,25.350163891666682
1180,37.041416575,0.0,9.772000000000022,0.06392510000000004,33.770287275,honest,hide_information,26.929887274999984
1181,56.122932625,0.0,10.449000000000002,0.05,53.47716362499999,honest,honest,43.02816362499999
1182,96.014371575,0.0,11.38843333333333,0.05,96.014371575,honest,honest,84.62593824166667
1183,104.06939940000001,0.0,13.98253333333333,0.05,104.06939940000001,honest,honest,90.08686606666667
1184,104.09197125,4.883866666666667,10.154233333333304,0.05,104.09197125,honest,honest,89.05387125000003
1185,85.37923902499999,1.5171666666666668,10.17766666666668,0.05,85.37923902499999,honest,honest,73.68440569166664
1186,104.12319447499999,49.89085533333328,13.179366666666713,0.05,104.12319447499999,honest,honest,41.052972475000004
1187,106.058025975,391.8160086666661,11.474733333333342,0.2875,106.058025975,honest,honest,0.0
1188,104.256447475,555.9808023333343,20.224366666666672,0.2875,59.131447475,honest,honest,0.0
1189,85.440973925,408.88627300000064,21.253800000000044,0.2875,40.315973924999994,honest,hide_information,0.0
1190,85.44528227500001,621.6647433333324,22.26993333333335,0.2875,40.32028227500001,honest,hide_information,0.0
1191,85.4141727,639.9423400000009,32.765466666666576,0.2875,40.289172699999995,honest,hide_information,0.0
1192,103.98769792499999,458.4819873333339,44.26200000000011,0.2875,58.86269792499999,honest,honest,0.0
1193,109.30116552499999,34.396084999999935,55.35453333333352,0.17147865083958394,64.17616552499999,honest,honest,0.0
1194,114.607434175,0.1005556666666666,62.54636666666666,0.05,91.52649051547905,honest,honest,28.879568182145732
1195,96.213482825,0.3731223333333333,61.891333333333336,0.05,96.213482825,honest,honest,33.94902715833333
1196,96.16333607499999,0.3332666666666666,68.11879999999998,0.05,96.16333607499999,honest,honest,27.71126940833335
1197,95.987829125,0.0,68.93436666666673,0.05,95.987829125,honest,honest,27.05346245833327
1198,95.71327707500001,0.2651,69.3615333333335,0.05,95.71327707500001,honest,honest,26.086643741666506
1199,97.73606105,0.0,71.99096666666684,0.05,97.73606105,honest,honest,25.745094383333168
1200,55.84257935,0.0,74.53569999999971,0.13879232308749861,55.84257935,honest,honest,0.0
1201,36.606582575000004,0.0,75.94386666666647,0.2875,19.736041188375268,honest,honest,0.0
1202,36.658698575,0.0,76.73853333333321,0.33205948118421047,0.0,honest,honest,0.0
1203,36.687164824999996,0.0,79.63526666666662,0.37646914,0.0,honest,honest,0.0
1204,37.0598286,0.0,81.81290000000006,0.4189174105263157,0.0,honest,honest,0.0
1205,56.1340254,0.0,80.40026666666651,0.3932595157894736,6.134025399999999,honest,honest,0.0
1206,96.02630595000001,0.0,76.6345000000001,0.27549054279013196,46.02630595000001,honest,honest,0.0
1207,104.08533355,3.133688666666667,72.66616666666665,0.1191491933389274,61.242130419874925,honest,honest,0.0
1208,104.110307025,5.582944333333333,66.89756666666682,0.05,90.97196029060379,honest,honest,18.49144929060364
1209,85.391591525,184.9867896666672,65.78963333333336,0.2875,85.391591525,honest,honest,0.0
1210,104.13678519999999,596.2405383333336,57.878266666666505,0.2875,59.01178519999999,honest,honest,0.0
1211,106.07004595,914.4420276666654,51.64753333333328,0.2875,60.945045949999994,honest,honest,0.0
1212,104.26324604999999,2371.7440056666687,45.654533333333326,0.2875,59.13824604999999,honest,honest,0.0
1213,85.44744725,1737.7151083333358,29.221666666666643,0.2875,40.322447249999996,honest,hide_information,0.0
1214,85.450924775,1026.8615383333313,44.14673333333325,0.2875,40.325924775000004,honest,honest,0.0
1215,85.41999915,471.21719033333386,41.67993333333335,0.2875,40.294999149999995,honest,honest,0.0
1216,103.995423375,359.2400433333339,22.301600000000093,0.2875,58.870423375,honest,honest,0.0
1217,109.30880092500001,194.93709533333373,15.1981666666667,0.2875,64.18380092500001,honest,honest,0.0
1218,114.616367625,12.304755,14.461333333333336,0.05,69.491367625,honest,honest,42.72527929166666
1219,96.21600295,0.6711443333333333,18.75703333333328,0.05,96.21600295,honest,honest,76.78782528333339
1220,96.1664551,0.0594443333333333,19.105866666666625,0.05,96.1664551,honest,honest,77.00114410000003
1221,95.98449674999999,0.5427780000000001,18.01253333333337,0.05,95.98449674999999,honest,honest,77.42918541666663
1222,95.712632575,0.0582666666666666,22.81360000000006,0.05,95.712632575,honest,honest,72.84076590833327
1223,97.736367075,0.0,24.156200000000062,0.05,97.736367075,honest,honest,73.58016707499993
1224,55.836859,0.0,27.713633333333306,0.05,55.836859,honest,honest,28.12322566666669
1225,36.57989605,0.0,33.86103333333324,0.09825197249999987,36.57989605,honest,hide_information,12.877172716666735
1226,36.630113,0.0,41.90666666666666,0.11861103509791651,27.46223822500003,honest,honest,0.0
1227,36.6643336,0.0,28.666533333333348,0.07393190790920307,23.62823693139586,honest,honest,0.0
1228,38.331430525,0.0,39.56483333333327,0.07745721022763878,33.78436802225142,honest,honest,0.0
1229,57.401815975000005,0.0,40.73403333333327,0.05,52.18494603174864,hide_information,honest,11.450912698415365
1230,96.595430225,0.0,41.26069999999984,0.05,96.595430225,honest,honest,55.334730225000165
1231,104.11153255,0.3565,38.63713333333349,0.05,104.11153255,honest,honest,65.11789921666653
1232,104.132401575,1.5855,37.2073,0.05,104.132401575,honest,honest,65.339601575
1233,85.428754225,5.272266666666666,34.117800000000074,0.05,85.428754225,honest,honest,46.038687558333265
1234,104.170763025,116.80832166666664,26.33813333333322,0.23513453688124936,104.170763025,honest,honest,0.0
1235,106.1304893,95.1387893333333,25.46323333333341,0.28582370302699445,70.95492729256262,honest,honest,0.0
1236,104.435223475,646.9274480000001,31.917533333333363,0.2875,59.62871989987106,honest,honest,0.0
1237,85.6670187,1287.607378666664,50.76023333333329,0.2875,40.5420187,honest,hide_information,0.0
1238,85.68891737499999,1012.8630626666652,46.12959999999982,0.2875,40.56391737499999,honest,honest,0.0
1239,85.69287152499999,776.6267763333333,50.84613333333323,0.2875,40.56787152499999,honest,honest,0.0
1240,104.29546332499999,758.6286566666678,71.68063333333328,0.2875,59.170463324999986,hide_information,honest,0.0
1241,109.5526496,216.70572233333343,67.77106666666693,0.2875,64.4276496,honest,honest,0.0
1242,114.8160955,0.6009666666666666,68.67423333333309,0.05,69.6910955,honest,honest,0.41589550000024644
1243,96.019683375,0.1594,74.28520000000005,0.05,96.019683375,honest,honest,21.57508337499995
1244,95.98358955,0.6646000000000001,73.21040000000006,0.05,95.98358955,honest,honest,22.108589549999948
1245,95.8556878,0.1748666666666666,75.16646666666666,0.05,95.8556878,honest,honest,20.51435446666666
1246,95.792313675,1.118011,78.9021,0.05,95.792313675,honest,honest,15.772202675000003
1247,97.77700695,0.7094666666666667,76.55906666666665,0.05,97.77700695,honest,honest,20.508473616666677
1248,55.868521425,0.0,75.3536333333331,0.14255428156458222,55.868521425,honest,honest,0.0
1249,36.64047275,0.0,76.41243333333344,0.2875,19.055159252729382,honest,honest,0.0
1250,36.696877799999996,0.0,77.09196666666669,0.33185853789473685,0.0,honest,honest,0.0
1251,36.72679445,0.0,77.37189999999981,0.3760596197368421,0.0,honest,honest,0.0
1252,37.1047127,0.0,79.10846666666684,0.4182716581578947,0.0,honest,honest,0.0
1253,56.13914125,0.0,78.93019999999977,0.3926137634210526,6.1391412500000015,honest,honest,0.0
1254,96.047065825,0.0,75.0784999999999,0.26735518101546,46.047065825000004,honest,honest,0.0
1255,104.145952075,0.8761333333333334,72.50759999999993,0.10004251184353564,62.84846768206259,honest,honest,0.0
1256,104.171224675,16.24396666666667,66.48403333333339,0.05,94.66314742472824,honest,honest,11.935147424728186
1257,85.491691875,33.499577333333335,60.325166666666505,0.08958199759374924,85.491691875,honest,honest,0.0
1258,104.24945905,139.24627799999996,59.18553333333338,0.2875,96.72887950718764,honest,honest,0.0
1259,106.16330467499999,680.4273056666643,57.393000000000136,0.2875,61.03830467499999,honest,honest,0.0
1260,104.42573402500001,4422.901743666671,46.76269999999994,0.2875,59.30073402500001,hide_information,honest,0.0
1261,85.618286925,3629.3826263333367,21.60856666666667,0.2875,40.49328692500001,honest,honest,0.0
1262,85.619778775,1033.940733666666,29.99456666666669,0.2875,40.494778775,honest,honest,0.0
1263,85.574261925,675.1944380000022,25.15686666666661,0.2875,40.449261925,honest,honest,0.0
1264,104.13825605,593.2800866666681,21.63083333333337,0.2875,59.013256049999995,hide_information,honest,0.0
1265,109.43793292500001,231.0258036666657,26.69303333333335,0.2875,64.31293292500001,honest,honest,0.0
1266,114.749072925,77.43588966666667,46.59603333333335,0.2875,69.624072925,honest,honest,0.0
1267,96.3440982,0.8112666666666667,33.799066666666576,0.05,51.219098200000005,honest,honest,16.60876486666676
1268,96.291279425,1.3523000000000005,32.70963333333343,0.05,96.291279425,honest,honest,62.22934609166657
1269,96.10008375,0.0,34.05856666666658,0.05,96.10008375,honest,honest,62.04151708333342
1270,95.81548685,2.084655666666667,47.02350000000008,0.05,95.81548685,honest,honest,46.70733118333325
1271,97.80043075,1.7333333333333334,45.920733333333445,0.05,97.80043075,honest,honest,50.146364083333225
1272,55.905383475,0.0,46.19326666666686,0.05,55.905383475,honest,honest,9.712116808333143
1273,36.660307599999996,0.0,45.05913333333315,0.11420926499999974,36.660307599999996,honest,hide_information,5.118914266666792
1274,36.713911275,0.0,47.203966666666695,0.15777662477291657,24.514150925000052,honest,honest,0.0
1275,36.7486513,0.0,63.0261666666667,0.272086601849224,16.271092593145852,honest,honest,0.0
1276,37.127558525,0.0,61.525433333333325,0.31417839908606615,0.0,honest,honest,0.0
1277,56.161745575,0.0,54.75093333333332,0.2818191462013073,6.161745574999998,honest,honest,0.0
1278,96.07966590000001,0.0,47.79043333333334,0.05,52.03402812175162,honest,honest,4.243594788418278
1279,104.18624435,0.1109999999999999,41.89006666666674,0.05,104.18624435,honest,honest,62.18517768333326
1280,104.20251825,16.83697766666667,24.72310000000002,0.05,104.20251825,honest,honest,62.64244058333331
1281,85.487922975,92.76415566666668,14.442433333333344,0.15316366361875008,85.487922975,honest,honest,0.0
1282,104.2282556,246.1827559999999,13.27310000000001,0.2875,84.62715951243749,hide_information,honest,0.0
1283,106.1274245,1036.518035666665,23.106166666666685,0.2875,61.002424500000004,hide_information,honest,0.0
1284,104.352270825,4783.054022333354,27.104966666666588,0.2875,59.227270825000005,hide_information,honest,0.0
1285,85.53910717500001,3444.6691896666825,31.17869999999993,0.2875,40.41410717500001,honest,honest,0.0
1286,85.536901575,786.2047650000019,42.08996666666677,0.2875,40.411901575,honest,honest,0.0
1287,85.49869035,626.5996453333335,47.57376666666655,0.2875,40.373690350000004,honest,honest,0.0
1288,104.08746754999999,801.3596179999986,34.23786666666663,0.2875,58.962467549999985,hide_information,honest,0.0
1289,106.74225720000001,208.4286620000005,55.94759999999989,0.2875,61.61725720000001,hide_information,honest,0.0
1290,114.7142443,127.98160066666672,58.735099999999946,0.2875,69.5892443,honest,honest,0.0
1291,96.32397165,8.356688666666665,30.50263333333331,0.05,51.198971650000004,honest,honest,12.339649650000027
1292,96.28005705,2.709678666666667,62.14576666666667,0.05,96.28005705,honest,honest,31.42461171666666
1293,96.1072777,0.3719446666666667,73.1247000000001,0.05,96.1072777,honest,honest,22.61063303333323
1294,95.84619755,0.3846333333333332,68.2427666666665,0.05,95.84619755,honest,honest,27.218797550000176
1295,97.83725125000001,4.736,73.47879999999996,0.05,97.83725125000001,honest,honest,19.62245125000004
1296,55.960210925,1.0963113333333334,74.70509999999982,0.14424570193958247,55.960210925,honest,honest,0.0
1297,36.7313584,0.0,77.8779666666667,0.2875,18.82467503147933,honest,honest,0.0
1298,36.803454075,4.375000666666667,81.59136666666676,0.33129761013157893,0.0,honest,honest,0.0
1299,36.843177250000004,0.0,77.72033333333351,0.3748861509210526,0.0,honest,honest,0.0
1300,38.506269925,0.0,79.72003333333316,0.409721572368421,0.0,honest,honest,0.0
1301,57.547483525000004,1.2562666666666666,75.78439999999976,0.3840636776315789,7.547483525000004,honest,honest,0.0
1302,96.750435075,0.3055556666666666,76.49730000000007,0.2636547807051538,46.750435075,honest,honest,0.0
1303,104.285072825,2.0308333333333333,77.53853333333326,0.1254238353343176,63.69066449102078,honest,honest,0.0
1304,104.28461802499999,8.748811,79.38263333333357,0.05,89.95408931147963,honest,honest,1.8226449781460587
1305,85.52891465,348.5169123333337,88.25506666666672,0.2875,85.52891465,honest,honest,0.0
1306,104.22283,839.8492649999996,87.64830000000012,0.2875,59.09783,honest,honest,0.0
1307,106.110703075,1260.612143666665,88.0438333333331,0.2875,60.985703075,honest,honest,0.0
1308,104.3080861,1500.281267333336,88.10246666666636,0.2875,59.1830861,honest,honest,0.0
1309,85.495586325,1817.2054506666648,86.68789999999981,0.2875,40.370586325000005,honest,hide_information,0.0
1310,85.48628397499999,1265.2614263333307,85.20853333333312,0.2875,40.36128397499999,honest,honest,0.0
1311,85.44566,549.7548783333335,83.07393333333329,0.2875,40.320660000000004,honest,honest,0.0
1312,104.02074225,66.5045406666667,84.63563333333343,0.2875,58.89574225,hide_information,honest,0.0
1313,106.679047275,10.865421666666665,85.19720000000021,0.2139157283604176,61.554047275,honest,honest,0.0
1314,114.638095325,0.1105556666666666,81.99159999999996,0.05,83.49410693652064,honest,honest,1.3919512698540046
1315,95.88268475,0.0750003333333333,81.83476666666652,0.05,95.88268475,honest,honest,13.972917750000136
1316,95.855249375,0.0461113333333333,72.43573333333316,0.05,95.855249375,honest,honest,23.37340470833351
1317,95.75281634999999,1.1173666666666666,65.97910000000005,0.05,95.75281634999999,honest,honest,28.656349683333275
1318,95.73195285,1.568888,64.05399999999996,0.05,95.73195285,honest,honest,30.10906485000004
1319,97.753576625,3.741166333333333,58.5841666666665,0.05,97.753576625,honest,honest,35.428243625000164
1320,55.85414505,0.0,53.802966666666734,0.05,55.85414505,honest,honest,2.0511783833332657
1321,36.617905025,0.0,51.50883333333338,0.12340008750000006,36.617905025,honest,hide_information,0.5617216916666337
1322,36.676613125,0.0,50.94359999999994,0.18401176662499974,22.73059649999999,honest,honest,0.0
1323,36.71052125,0.0,42.34333333333333,0.19770147677489558,11.248285591250049,honest,honest,0.0
1324,37.087804399999996,0.0,38.3468666666666,0.18928112855600965,9.024523812769836,honest,honest,0.0
1325,56.140599050000006,0.0,40.13930000000013,0.0996950480342993,29.67718462435817,honest,honest,0.0
1326,96.03862612500001,0.4585333333333333,42.7127000000002,0.05,86.59656699848314,honest,honest,43.42533366514961
1327,104.109249425,0.5833333333333334,46.70466666666652,0.05,104.109249425,honest,honest,56.82124942500015
1328,104.12678785,5.184855333333332,46.89026666666663,0.05,104.12678785,honest,honest,52.051665850000035
1329,85.42446182500001,63.579700333333314,57.89053333333314,0.22121741624791558,85.42446182500001,honest,honest,0.0
1330,104.170377075,348.32046833333334,67.62089999999995,0.2875,71.63906798789606,honest,honest,0.0
1331,106.073358325,1273.7972973333326,69.07823333333329,0.2875,60.948358325,honest,honest,0.0
1332,104.28463649999999,800.8736053333338,72.99049999999987,0.2875,59.15963649999999,honest,honest,0.0
1333,85.466450825,359.0049440000001,75.4407333333336,0.2875,40.341450824999995,honest,hide_information,0.0
1334,85.4641119,585.9090756666665,82.77910000000011,0.2875,40.339111900000006,honest,hide_information,0.0
1335,85.434337875,139.3870336666666,80.72573333333312,0.2875,40.309337875,honest,hide_information,0.0
1336,104.015428675,466.68616800000007,80.95616666666669,0.2875,58.890428674999995,honest,honest,0.0
1337,106.666802075,210.10019833333328,88.5446666666667,0.2875,61.54180207500001,honest,honest,0.0
1338,114.629820425,9.490764999999996,83.8838,0.1633812867312499,69.504820425,honest,honest,0.0
1339,96.2378174,0.8137666666666666,75.83446666666669,0.0592760869582865,74.69537292106251,honest,honest,0.0
1340,96.1891363,1.2352333333333334,71.25216666666668,0.05,94.42667977792557,honest,honest,21.939279777925563
1341,96.01015455000001,0.6957,69.95063333333366,0.05,96.01015455000001,honest,honest,25.363821216666352
1342,95.73242927500002,0.5651553333333333,66.47006666666697,0.05,95.73242927500002,honest,honest,28.697207274999712
1343,97.751786375,0.1729333333333333,64.22570000000017,0.05,97.751786375,honest,honest,33.35315304166649
1344,55.855364775,0.0,67.04550000000016,0.10315314231875078,55.855364775,honest,honest,0.0
1345,36.6093779,0.0,66.7441000000001,0.2411106409176731,26.51028085943735,honest,honest,0.0
1346,36.65886955,0.0,78.0954,0.2875,0.34784777564210856,honest,honest,0.0
1347,36.689012774999995,0.0,77.56196666666668,0.3318999327631579,0.0,honest,honest,0.0
1348,37.063119900000004,0.0,55.60430000000003,0.37433088065789466,0.0,honest,honest,0.0
1349,56.133833975,0.0,53.66856666666668,0.33696296620646926,6.133833975000002,honest,honest,0.0
1350,96.027014425,0.0,34.4276333333333,0.07380507146962717,46.027014425000004,honest,honest,11.599381091666707
1351,104.09528315,0.0,24.428366666666573,0.05,99.57231957077084,honest,honest,75.14395290410427
1352,104.11701880000001,1.4946,18.99846666666669,0.05,104.11701880000001,honest,honest,83.62395213333332
1353,85.39921335000001,2.059911333333333,17.111399999999975,0.05,85.39921335000001,honest,honest,66.2279020166667
1354,104.14899587500001,82.24297833333331,14.434466666666706,0.05,104.14899587500001,honest,honest,7.471550874999991
1355,106.086036775,182.4982530000005,9.387499999999974,0.2875,106.086036775,honest,honest,0.0
1356,104.28220850000001,220.51225866666735,9.824100000000024,0.2875,59.15720850000001,honest,honest,0.0
1357,85.471714625,378.5411340000005,13.457533333333338,0.2875,40.346714625000004,honest,hide_information,0.0
1358,85.47027352500001,616.0369676666655,14.88373333333334,0.2875,40.34527352500001,honest,honest,0.0
1359,85.44721707500001,699.7019796666674,14.476966666666629,0.2875,40.32221707500001,honest,hide_information,0.0
1360,104.018931175,268.6596179999995,22.50666666666664,0.2875,58.893931175000006,honest,honest,0.0
1361,106.68056265000001,120.23680700000038,28.27156666666656,0.2875,61.55556265000001,honest,honest,0.0
1362,114.63486400000001,9.442556000000002,26.483766666666643,0.05,69.50986400000001,honest,honest,33.583541333333365
1363,96.23771035000001,0.5097446666666666,28.629233333333243,0.05,96.23771035000001,honest,honest,67.0987323500001
1364,96.187018575,3.340133333333333,29.7768666666666,0.05,96.187018575,honest,honest,63.07001857500006
1365,96.0068427,2.6595,28.85766666666669,0.05,96.0068427,honest,honest,64.48967603333331
1366,95.72779185,6.476667,43.39263333333338,0.05,95.72779185,honest,honest,45.858491516666625
1367,97.75023329999999,0.0455556666666666,39.18559999999994,0.05,97.75023329999999,honest,honest,58.51907763333339
1368,55.851577250000005,0.0,40.95386666666666,0.05,55.851577250000005,honest,honest,14.897710583333343
1369,36.6122184,0.0,42.053900000000105,0.10992680750000015,36.6122184,honest,hide_information,7.17448839999993
1370,36.6682535,0.0,36.17516666666656,0.10174178131041631,25.28216007499997,honest,honest,0.0
1371,36.70204735,2.1263666666666667,32.446699999999986,0.08658429938681732,26.871108901020904,honest,honest,0.0
1372,37.079139525,0.0,39.21406666666667,0.105880045,30.128122641504714,honest,hide_information,2.678275974838048
1373,56.12746465,0.0,37.32293333333338,0.05,45.5102561,honest,honest,8.187322766666618
1374,96.03401914999999,0.8666333333333334,49.8259666666665,0.05,96.03401914999999,honest,honest,45.341419150000156
1375,104.126072625,0.0,54.70883333333339,0.05,104.126072625,honest,honest,49.41723929166662
1376,104.137254525,3.7185,63.53809999999992,0.05,104.137254525,honest,honest,36.88065452500008
1377,85.42024337499998,60.164278999999866,73.38600000000011,0.27861766921875003,85.42024337499998,honest,honest,0.0
1378,104.14964104999999,692.153258333335,71.66000000000004,0.2875,60.712283898437484,honest,honest,0.0
1379,106.07309325,1266.2465800000014,66.20750000000007,0.2875,60.94809325,honest,honest,0.0
1380,104.285068,1762.8341253333354,81.12406666666651,0.2875,59.160067999999995,honest,honest,0.0
1381,85.4703741,1283.3158126666642,80.08940000000015,0.2875,40.3453741,honest,hide_information,0.0
1382,85.4631902,517.5389823333339,81.34949999999978,0.2875,40.3381902,honest,hide_information,0.0
1383,85.42536625,1002.1572720000004,79.45179999999978,0.2875,40.300366249999996,honest,hide_information,0.0
1384,104.003508175,491.2607479999998,72.76159999999994,0.2875,58.87850817499999,honest,honest,0.0
1385,106.674634575,255.3096570000008,51.96396666666666,0.2875,61.549634575,honest,honest,0.0
1386,114.63499734999999,16.628713999999956,70.64663333333327,0.13438541242083288,69.50999734999999,honest,honest,0.0
1387,96.23734069999999,4.716044,49.26710000000004,0.05000000000000002,80.20411234004175,honest,honest,26.220968340041708
1388,96.18773325,1.137422333333333,47.089066666666646,0.05,96.18773325,honest,honest,47.961244250000014
1389,96.00379765,0.4567,65.7669999999999,0.05,96.00379765,honest,honest,29.7800976500001
1390,95.72475627499999,0.8243,65.5453666666666,0.05,95.72475627499999,honest,honest,29.3550896083334
1391,97.746778025,1.6277666666666666,66.40866666666676,0.05,97.746778025,honest,honest,29.710344691666563
1392,55.84596875,0.0,63.01776666666688,0.08406604010416768,55.84596875,honest,honest,0.0
1393,36.597268674999995,0.0,35.33843333333337,0.10035726750000004,30.124721055208134,honest,hide_information,5.387817721874775
1394,36.648632725,0.0,55.942200000000064,0.1870918784750003,27.080751899999992,honest,honest,0.0
1395,36.67833075,0.0,37.84309999999999,0.17925807426118773,10.630873839749942,honest,honest,0.0
1396,38.34031795,3.168566666666667,43.15400000000003,0.2045710934248888,13.781283840374332,honest,honest,0.0
1397,57.40374799999999,3.168566666666667,28.218533333333337,0.0659213338159622,28.035240249271123,honest,honest,0.0
1398,93.945116175,3.168566666666667,47.496566666666666,0.05,90.92006274996717,honest,honest,40.25492941663384
1399,104.1052118,0.0059666666666666,65.5594666666664,0.05,104.1052118,honest,honest,38.539778466666945
1400,104.132757425,6.654133333333334,63.57203333333337,0.05,104.132757425,honest,honest,33.906590758333294
1401,85.425681675,206.4407043333328,54.66673333333343,0.2875,85.425681675,honest,honest,0.0
1402,104.150645825,877.0352006666678,22.174000000000003,0.2875,59.025645825,honest,honest,0.0
1403,106.0794445,1142.4838426666674,60.80889999999998,0.2875,60.954444499999994,honest,honest,0.0
1404,104.282193,1284.4431039999984,58.57296666666657,0.2875,59.15719300000001,honest,honest,0.0
1405,85.463728625,2202.760303333333,61.92356666666652,0.2875,40.338728625,honest,hide_information,0.0
1406,85.461644675,1326.5669346666662,62.20793333333335,0.2875,40.336644675,honest,hide_information,0.0
1407,85.432891125,1049.5667736666685,72.74823333333357,0.2875,40.307891125,honest,hide_information,0.0
1408,104.00442740000001,517.5404986666674,72.57546666666687,0.2875,58.87942740000001,honest,honest,0.0
1409,106.67205179999999,173.46128100000038,70.73513333333348,0.2875,61.54705179999999,honest,honest,0.0
1410,114.630672825,1.8017446666666668,69.08713333333316,0.05657022458124913,69.505672825,honest,honest,0.0
1411,95.8722267,1.4727333333333332,79.42910000000002,0.05,94.62388402956266,honest,honest,13.722050696229303
1412,95.8419558,1.3424333333333334,79.32180000000004,0.05,95.8419558,honest,honest,15.177722466666623
1413,95.739706275,0.1958333333333333,73.34426666666667,0.05,95.739706275,honest,honest,22.199606274999994
1414,95.72524185,0.2305556666666667,74.30263333333326,0.05,95.72524185,honest,honest,21.19205285000008
1415,97.74985865,0.0,72.09426666666657,0.05,97.74985865,honest,honest,25.655591983333423
1416,55.8526304,0.0,77.45483333333334,0.15261046393333333,55.8526304,honest,honest,0.0
1417,36.60794715,0.0,73.19466666666673,0.2875,17.11195900266667,honest,honest,0.0
1418,36.665167875,0.0,76.63663333333331,0.33202543223684206,0.0,honest,honest,0.0
1419,36.701062549999996,0.0,71.80546666666646,0.37636194513157895,0.0,honest,honest,0.0
1420,37.080962725,0.8384333333333334,65.72543333333353,0.4186989834210526,0.0,honest,honest,0.0
1421,56.131568375,0.0,62.26269999999997,0.3930410886842105,6.1315683750000005,honest,honest,0.0
1422,93.3967996,0.0,52.22353333333327,0.20430172894736834,43.396799599999994,honest,hide_information,6.8403262666667075
1423,104.13816405,2.5153000000000003,52.381466666666654,0.05000000000000002,74.82083555000003,honest,honest,19.92406888333337
1424,104.18498712499999,2.220266666666667,53.56306666666658,0.05,104.18498712499999,honest,honest,48.401653791666746
1425,85.54110792499999,129.62464166666615,47.47559999999982,0.2875,85.54110792499999,honest,honest,0.0
1426,104.34254455,491.4607893333336,44.75263333333325,0.2875,59.21754455,hide_information,honest,0.0
1427,106.24332495000002,550.948834333333,40.870166666666655,0.2875,61.118324950000016,hide_information,honest,0.0
1428,104.617619925,1042.2405809999984,35.171400000000034,0.2875,59.492619925,hide_information,honest,0.0
1429,85.855180975,1127.8654846666686,33.23420000000015,0.2875,40.730180974999996,honest,honest,0.0
1430,85.896253225,1739.2787716666646,25.956666666666724,0.2875,40.771253224999995,honest,honest,0.0
1431,85.872902475,1206.4145463333334,21.69209999999996,0.2875,40.747902475000004,honest,honest,0.0
1432,104.44639855,523.3908186666671,15.55599999999997,0.2875,59.32139855,hide_information,honest,0.0
1433,107.05557902500001,511.3697903333329,14.431066666666664,0.2875,61.930579025000014,hide_information,honest,0.0
1434,114.96311145,34.303189666666746,21.11203333333332,0.05,69.83811145,honest,honest,14.422888449999931
1435,96.529092725,0.5259666666666667,13.509966666666616,0.05,96.529092725,honest,honest,82.49315939166672
1436,96.44328064999999,0.3186,16.340233333333337,0.05,96.44328064999999,honest,honest,79.78444731666666
1437,96.22943205,0.1525666666666666,18.758133333333387,0.05,96.22943205,honest,honest,77.31873204999995
1438,95.906925125,0.377389,22.7657666666667,0.05,95.906925125,honest,honest,72.7637694583333
1439,97.835573175,0.0,28.306199999999965,0.05,97.835573175,honest,honest,69.52937317500003
1440,55.978980500000006,0.0,32.79829999999999,0.05,55.978980500000006,honest,honest,23.180680500000015
1441,36.7734305,0.0,37.327466666666645,0.05263167179166655,36.7734305,honest,honest,0.0
1442,36.81897345,0.0,33.06340000000002,0.05,36.31895580958336,honest,honest,3.255555809583335
1443,36.82648745,0.0,48.55673333333313,0.10571866794583235,36.82648745,honest,honest,0.0
1444,37.1904754,0.0,58.54246666666665,0.2017080563377803,26.603928490291853,honest,honest,0.0
1445,56.185643275,0.0,60.52153333333327,0.20751199862192973,27.361112570821742,honest,honest,0.0
1446,93.4305013,0.0,59.6369000000001,0.050000000000000044,63.50322156183336,hide_information,honest,3.86632156183326
1447,104.209910775,0.0,50.79233333333322,0.05,104.20991077499998,hide_information,honest,53.417577441666765
1448,104.2531444,1.7570666666666668,56.21633333333329,0.052503819999999986,104.2531444,hide_information,honest,46.80686440000004
1449,85.5446922,11.131433333333332,57.90269999999992,0.06586229249999997,85.06896640000001,hide_information,honest,19.374263066666757
1450,104.26640152499999,293.3182100000001,66.77623333333337,0.2875,101.25256594999999,honest,honest,0.0
1451,106.154051475,451.3782220000005,51.458000000000204,0.2875,61.029051475,hide_information,honest,0.0
1452,104.41178860000001,659.1601456666679,48.83020000000014,0.2875,59.28678860000001,hide_information,honest,0.0
1453,85.58807942499999,981.7805233333344,53.668000000000006,0.2875,40.46307942499999,honest,honest,0.0
1454,85.5643337,1912.810355333332,46.4671000000001,0.2875,40.439333700000006,honest,honest,0.0
1455,85.513544975,1093.9086013333326,50.42833333333342,0.2875,40.388544975,honest,honest,0.0
1456,104.06651439999999,975.0398783333334,52.92803333333332,0.2875,58.94151439999999,honest,honest,0.0
1457,106.69875255,299.7308646666672,41.47776666666668,0.2875,61.573752549999995,honest,honest,0.0
1458,114.639090975,7.536011,21.324433333333317,0.05,69.514090975,honest,honest,40.65364664166668
1459,96.239580625,4.0232996666666665,18.967400000000072,0.05,96.239580625,honest,honest,73.24888095833326
1460,96.191692375,3.7036666666666656,22.80696666666662,0.05,96.191692375,honest,honest,69.68105904166671
1461,96.009593975,2.797889,31.051333333333325,0.05,96.009593975,honest,honest,62.16037164166668
1462,95.73374729999999,0.1301556666666666,26.52329999999988,0.05,95.73374729999999,honest,honest,69.08029163333345
1463,97.75586282500001,0.821689,24.307066666666607,0.05,97.75586282500001,honest,honest,72.6271071583334
1464,55.853655599999996,0.0,22.302466666666685,0.05,55.853655599999996,honest,honest,33.55118893333331
1465,36.601266025,0.0,29.455366666666656,0.09197389749999998,36.601266025,honest,hide_information,15.982509358333342
1466,36.650942225,1.7836,18.119566666666717,0.05,28.675901700000004,honest,honest,8.772735033333287
1467,36.6804634,0.0,17.566266666666696,0.07503193000000005,36.6804634,honest,hide_information,24.384076733333316
1468,38.34303945,0.0,14.95246666666664,0.07130726499999997,33.58697274999999,honest,hide_information,23.120246083333342
1469,57.39897535,1.323889,12.752333333333285,0.05,53.350595000000006,honest,honest,39.27437266666672
1470,93.9483249,0.0,19.733633333333344,0.05,93.9483249,honest,honest,74.21469156666666
1471,104.10486087500001,1.323889,17.87446666666667,0.05,104.10486087500001,honest,honest,84.90650520833334
1472,104.11711357499999,1.4006443333333334,11.979666666666684,0.05,104.11711357499999,honest,honest,90.73680257499997
1473,85.40521229999999,71.47852166666665,14.305533333333264,0.05179950282499963,85.40521229999999,honest,honest,0.0
1474,104.13289105000001,281.5824773333332,16.563933333333317,0.2875,103.79098551325008,honest,honest,0.0
1475,106.06441842500001,434.4284089999993,9.96499999999999,0.2875,60.939418425000014,honest,honest,0.0
1476,104.26741480000001,558.9920469999994,10.388866666666638,0.2875,59.14241480000001,honest,honest,0.0
1477,85.4503737,570.8146133333343,12.75163333333334,0.2875,40.3253737,honest,hide_information,0.0
1478,85.452147325,775.9399306666663,17.353299999999955,0.2875,40.327147325,honest,hide_information,0.0
1479,85.42192045,600.9569936666655,16.801333333333403,0.2875,40.29692045,honest,hide_information,0.0
1480,103.989117375,569.5974779999996,18.71006666666667,0.2875,58.864117375000006,honest,honest,0.0
1481,106.659752375,175.6404593333332,21.87083333333331,0.2875,61.534752375,honest,honest,0.0
1482,114.62250755,29.758943666666685,33.1845,0.05,69.49750755,honest,honest,6.554063883333313
1483,95.868090575,10.092433,29.496666666666677,0.05,95.868090575,honest,honest,56.27899090833332
1484,95.84216294999999,5.628156,30.03836666666663,0.05,95.84216294999999,honest,honest,60.17564028333336
1485,95.7443685,1.728522,34.00530000000004,0.05,95.7443685,honest,honest,60.010546499999954
1486,95.73046535,2.257633333333334,36.3852666666668,0.05,95.73046535,honest,honest,57.08756534999987
1487,97.754690025,1.7575,31.289066666666717,0.05,97.754690025,honest,honest,64.7081233583333
1488,55.859699875000004,0.0,46.960066666666805,0.05,55.859699875000004,honest,honest,8.8996332083332
1489,36.613982125,0.0,40.83663333333339,0.10819220250000008,36.613982125,honest,hide_information,8.02833879166663
1490,36.6709247,0.0,53.409299999999874,0.18202574543124944,25.614406224999986,honest,honest,0.0
1491,36.70571325,0.0,63.99036666666644,0.2875,11.620821618062607,honest,honest,0.0
1492,37.085164425,0.9394443333333332,68.14243333333344,0.3298149240789473,0.0,honest,honest,0.0
1493,56.139533,1.8788886666666669,72.90729999999998,0.3041570293421052,6.139533,honest,honest,0.0
1494,93.39439804999999,0.9394443333333332,77.26133333333344,0.20720702216041714,45.104562475,honest,honest,0.0
1495,104.10820855,1.8788886666666669,79.69103333333317,0.08482247638727566,74.23887433952075,honest,honest,0.0
1496,104.13062095000001,27.73420900000001,77.80406666666666,0.08811364484368292,97.51435043641763,honest,honest,0.0
1497,85.443070225,268.2299789999992,82.74640000000018,0.2875,78.20147770470024,honest,honest,0.0
1498,104.2353079,887.7706909999996,82.73503333333345,0.2875,59.110307899999995,honest,honest,0.0
1499,106.15313445,1191.977810666668,83.50336666666644,0.2875,61.028134449999996,honest,honest,0.0
1500,104.40872217500001,760.4066630000026,84.99533333333301,0.2875,59.28372217500001,honest,honest,0.0
1501,85.593934225,675.4495990000019,84.62436666666697,0.2875,40.468934225,honest,hide_information,0.0
1502,85.591067975,2212.673112666667,83.4962000000002,0.2875,40.466067975,honest,honest,0.0
1503,85.53208,1764.4335013333343,81.69046666666668,0.2875,40.40707999999999,honest,hide_information,0.0
1504,104.058479475,565.8165050000001,79.40416666666685,0.2875,58.933479475,honest,honest,0.0
1505,106.698475,159.67145566666667,80.73710000000008,0.2875,61.573475,honest,honest,0.0
1506,114.65107325,25.855034,80.45943333333372,0.2247448718958352,69.52607325,honest,honest,0.0
1507,96.25693212499999,0.8362,79.80990000000023,0.1335557942922424,63.055406464791304,honest,honest,0.0
1508,96.20117565,3.945477333333333,68.58433333333339,0.05,80.32557473447395,honest,honest,7.795764067807227
1509,96.02014345,0.8550776666666667,75.52169999999983,0.05,96.02014345,honest,honest,19.643365783333508
1510,95.7409364,5.333955333333333,70.46620000000001,0.05,95.7409364,honest,honest,19.940781066666645
1511,97.75829979999999,1.3133333333333332,73.04553333333327,0.05,97.75829979999999,honest,honest,23.39943313333339
1512,55.858155624999995,0.45,71.99386666666658,0.12878212744791628,55.858155624999995,honest,honest,0.0
1513,36.619834374999996,0.2485,73.44640000000004,0.2875,21.651230159895903,honest,honest,0.0
1514,36.674545975,1.2644446666666669,72.84260000000005,0.3319760738157894,0.0,honest,honest,0.0
1515,36.70680925,0.0,70.55943333333353,0.37628234092105256,0.0,honest,honest,0.0
1516,37.083985975,0.0,61.07683333333334,0.418603467368421,0.0,honest,honest,0.0
1517,56.13727555,0.0,63.64323333333336,0.3929455726315789,6.137275549999998,honest,honest,0.0
1518,93.38951715,0.0,61.563333333333226,0.2175154278947367,43.38951715,honest,hide_information,0.29518381666675
1519,104.108966325,0.7591333333333333,60.9759,0.05000000000000002,72.28103502500002,honest,honest,10.546001691666689
1520,104.12690035,161.8572759999999,57.56949999999995,0.2875,104.12690035,honest,honest,0.0
1521,85.40722685,587.1934113333334,56.64293333333335,0.2875,40.28222685,honest,hide_information,0.0
1522,104.155185225,717.9108316666662,72.34306666666669,0.2875,59.030185225,honest,honest,0.0
1523,106.08858095000001,2030.1931260000024,73.56623333333306,0.2875,60.96358095000001,honest,honest,0.0
1524,104.28358935,2415.830059000003,69.80099999999977,0.2875,59.15858935,honest,honest,0.0
1525,85.47840772500001,3102.7977873333216,77.93926666666658,0.2875,40.35340772500001,honest,hide_information,0.0
1526,85.48195175000001,2655.3039310000063,83.34009999999988,0.2875,40.35695175000001,honest,honest,0.0
1527,85.438779825,1138.8431379999988,83.2374333333335,0.2875,40.313779825,honest,hide_information,0.0
1528,104.00892452500001,838.1609903333339,83.64940000000006,0.2875,58.88392452500001,honest,honest,0.0
1529,106.67509237499999,943.5167460000016,83.79826666666654,0.2875,61.55009237499999,honest,honest,0.0
1530,114.626728175,282.9411003333328,82.07793333333328,0.2875,69.501728175,honest,honest,0.0
1531,96.2239817,0.0072666666666666,85.47033333333313,0.21329843692499906,51.098981699999996,honest,honest,0.0
1532,96.17497962499999,4.1061776666666665,83.40700000000011,0.15623328002272885,65.14827660925017,honest,honest,0.0
1533,95.9973881,1.8382333333333332,85.20543333333318,0.1033453584121787,75.81306489568152,honest,honest,0.0
1534,95.72468217500001,0.0497666666666666,85.14850000000017,0.05,85.58906407668606,honest,honest,0.39079741001921775
1535,97.74840722500001,0.04,84.5826666666665,0.05,97.74840722500001,honest,honest,13.125740558333504
1536,55.850099975000006,0.0,84.32273333333318,0.18524500845208253,55.850099975000006,hide_information,honest,0.0
1537,36.603669499999995,0.0,84.67026666666649,0.2875,10.907117894104314,honest,honest,0.0
1538,36.656614950000005,0.0,84.77516666666683,0.3320704476315789,0.0,honest,honest,0.0
1539,36.6871118,0.0,85.379333333333,0.37648038552631574,0.0,honest,honest,0.0
1540,37.063309775,0.6004333333333333,85.38639999999971,0.4189103340789473,0.0,honest,honest,0.0
1541,56.122317675,0.0,84.69376666666633,0.3932524393421052,6.122317674999998,honest,honest,0.0
1542,93.383537825,0.0,85.59039999999973,0.33057713993651183,43.383537825000005,honest,hide_information,0.0
1543,104.117684925,0.0,85.80009999999977,0.21791071680591864,54.117684925000006,honest,honest,0.0
1544,104.137375775,76.50095833333324,85.06233333333358,0.2875,72.23433958187546,honest,honest,0.0
1545,85.429856825,282.75312533333266,85.33756666666633,0.2875,40.304856825,honest,hide_information,0.0
1546,104.15912134999999,520.9322196666651,84.4036000000002,0.2875,59.03412134999999,honest,honest,0.0
1547,106.08915505,3684.407319999997,86.19000000000024,0.2875,60.96415505,honest,honest,0.0
1548,104.309032775,6007.404617999981,84.9047666666669,0.2875,59.184032775000006,honest,honest,0.0
1549,85.5212796,6275.577937666658,86.69320000000003,0.2875,40.3962796,honest,hide_information,0.0
1550,85.53196962499999,5021.328833000016,82.26513333333345,0.2875,40.40696962499999,honest,hide_information,0.0
1551,85.50289115,1085.7279023333317,83.64656666666646,0.2875,40.377891149999996,honest,hide_information,0.0
1552,104.082230725,595.5702756666649,83.24733333333344,0.2875,58.957230725,honest,honest,0.0
1553,104.082093225,529.1643066666667,82.66553333333331,0.2875,58.957093224999994,honest,honest,0.0
1554,114.658347875,210.10055866666588,80.18580000000021,0.2875,69.533347875,honest,honest,0.0
1555,96.25039235,16.492488666666667,78.96260000000004,0.2605660575041669,51.12539235,honest,honest,0.0
1556,96.20113755,3.941366333333333,77.79220000000021,0.17131490361834495,56.19358662420829,honest,honest,0.0
1557,96.01754615000002,1.2791443333333334,72.47420000000017,0.05373174188639037,72.96771446251448,honest,honest,0.0
1558,95.735683575,0.0468333333333333,71.51966666666657,0.05,95.02665261658582,honest,honest,23.460152616585916
1559,97.7560551,0.1699,78.90046666666683,0.05,97.7560551,honest,honest,18.68568843333317
1560,55.856470625,0.0,80.90626666666661,0.1689865311979164,55.856470625,honest,honest,0.0
1561,36.616746025000005,0.0,79.43393333333313,0.2875,14.009305097395892,honest,honest,0.0
1562,36.672460075000004,0.0,81.90900000000019,0.33198705223684205,0.0,honest,honest,0.0
1563,36.704177725,0.0,82.23463333333335,0.37630716947368414,0.0,honest,honest,0.0
1564,38.368194275,0.0,81.43823333333351,0.411869304868421,0.0,honest,honest,0.0
1565,57.4126085,0.0,82.05179999999983,0.3862114101315789,7.4126084999999975,honest,honest,0.0
1566,93.96080189999999,0.0,82.05813333333336,0.3040158397030703,43.96080189999999,honest,hide_information,0.0
1567,104.126949,0.0,80.5802333333335,0.16740239591535505,55.863939456416645,honest,honest,0.0
1568,104.14072652499999,57.97535466666663,79.9208999999997,0.2875,81.83427130108254,honest,honest,0.0
1569,85.42525775,519.1018366666672,79.49096666666668,0.2875,40.30025775,honest,hide_information,0.0
1570,104.157785675,892.1350576666674,78.1778333333334,0.2875,59.032785675,honest,honest,0.0
1571,106.080549375,3816.901473666665,75.9869666666668,0.2875,60.955549375000004,honest,honest,0.0
1572,104.279138975,6039.283656333343,77.30436666666652,0.2875,59.154138974999995,honest,honest,0.0
1573,85.47529822499999,6225.19380333334,77.93760000000026,0.2875,40.35029822499999,honest,hide_information,0.0
1574,85.47869195000001,5672.620672999989,80.02673333333361,0.2875,40.35369195000001,honest,honest,0.0
1575,85.44612620000001,1668.9838100000054,84.38603333333332,0.2875,40.32112620000001,honest,honest,0.0
1576,104.03604977500001,796.0794826666656,80.73663333333315,0.2875,58.91104977500001,hide_information,honest,0.0
1577,104.05407735,440.2083400000013,81.3968999999996,0.2875,58.92907735,hide_information,honest,0.0
1578,114.67669157499999,39.64919300000007,81.27783333333323,0.2875,69.55169157499999,honest,honest,0.0
1579,95.92658829999999,1.4265219999999998,80.52273333333301,0.19795141840833186,50.80158829999999,honest,honest,0.0
1580,95.90457145,4.452843999999999,79.81986666666639,0.1282748163926848,67.79380195241696,honest,honest,0.0
1581,95.801303775,9.165400000000002,78.47656666666656,0.08188617052981424,80.92908866038988,honest,honest,0.0
1582,95.77157905,2.457222,80.71399999999987,0.05,89.71320664933529,honest,honest,6.541984649335419
1583,97.782403375,0.1677779999999999,80.37763333333346,0.05,97.782403375,honest,honest,17.23699204166654
1584,55.882260725,0.0,83.67653333333315,0.18202279488958245,55.882260725,hide_information,honest,0.0
1585,36.654571875,0.0,82.57393333333331,0.2875,11.570240845979335,honest,honest,0.0
1586,36.717116075,0.4377776666666667,82.67499999999986,0.33175202065789466,0.0,honest,honest,0.0
1587,36.751466675,0.0,82.19583333333352,0.37582324868421046,0.0,honest,honest,0.0
1588,37.1300263,0.0,75.85486666666671,0.4179020576315789,0.0,honest,honest,0.0
1589,56.168169475,0.0,74.23230000000025,0.3922441628947368,6.168169474999999,honest,honest,0.0
1590,90.79101335000001,0.0,67.0623666666666,0.253875196412061,40.791013350000014,honest,honest,0.0
1591,104.1820127,0.5833333333333334,58.15536666666656,0.05083125000000002,65.4457253817084,hide_information,honest,6.882025381708509
1592,104.18985215,5.293589333333333,65.50293333333333,0.05754336479999998,104.03191464999999,hide_information,honest,34.823468783333325
1593,85.475548625,111.31254266666664,44.69829999999985,0.2875,84.042309313,hide_information,honest,0.0
1594,104.20591462499999,447.3136626666665,47.52106666666664,0.2875,59.08091462499999,hide_information,honest,0.0
1595,106.1228959,342.27672099999995,45.98899999999996,0.2875,60.9978959,hide_information,honest,0.0
1596,104.33575400000001,214.88804166666665,20.52460000000007,0.2875,59.21075400000001,hide_information,honest,0.0
1597,85.533793275,69.328589,16.618366666666734,0.26630627136041696,40.408793274999994,honest,honest,0.0
1598,85.528999575,582.0552203333338,18.11253333333333,0.2875,44.43080801652078,honest,honest,0.0
1599,85.496481625,801.9253183333344,17.490699999999983,0.2875,40.371481625,honest,honest,0.0
1600,104.08703235000002,668.0500410000008,15.924599999999968,0.2875,58.962032350000015,hide_information,honest,0.0
1601,104.092317925,315.36019266666665,15.628266666666615,0.2875,58.967317925,hide_information,honest,0.0
1602,114.700133875,60.76145033333327,17.4900333333334,0.13658506672499993,69.575133875,hide_information,honest,9.552085308333318
1603,96.30458877500001,3.5781556666666665,30.83510000000001,0.05509887182499999,79.85342609725004,hide_information,honest,46.513617130583356
1604,96.25476327499999,1.7127553333333332,26.0592666666666,0.05244067635000001,95.28597762825,hide_information,honest,68.02778222825006
1605,96.074752475,6.943855999999999,30.361500000000078,0.05989499479999999,95.61102396849999,hide_information,honest,60.388824768499916
1606,95.794908,0.1888,38.26256666666669,0.05026904000000001,93.914858988,hide_information,honest,55.520132321333314
1607,97.803535675,1.0352,41.85656666666664,0.05147516000000001,97.75241807500001,hide_information,honest,55.17121140833337
1608,55.90963585,0.0,46.35743333333342,0.05,55.62935545,hide_information,honest,9.27192211666658
1609,36.687990725,0.0,51.3314333333335,0.11955635238958413,36.687990725,honest,honest,0.0
1610,36.7507567,0.0,62.00833333333331,0.23274809703993293,23.535049745979013,honest,honest,0.0
1611,36.784174375,0.0,67.74056666666675,0.2875,2.0620359374127375,honest,honest,0.0
1612,37.162540375,0.0,53.86576666666659,0.3294076822368421,0.0,honest,honest,0.0
1613,56.199283075000004,0.0,75.25506666666665,0.3037497875,6.199283075000004,honest,honest,0.0
1614,90.8299782,0.0,75.51226666666679,0.20625005343541725,42.617518575,honest,honest,0.0
1615,104.2229372,0.0,79.29970000000019,0.07263029652546492,74.53542704727073,hide_information,honest,0.0
1616,104.231324275,81.344489,76.66533333333325,0.2875,99.93156793516167,honest,honest,0.0
1617,85.51600102500001,52.354944333333336,77.88169999999981,0.2875,40.39100102500001,honest,honest,0.0
1618,104.268585875,417.9256899999996,79.50519999999992,0.2875,59.143585875,hide_information,honest,0.0
1619,106.15156507500001,4391.476770333314,79.40189999999987,0.2875,61.02656507500001,hide_information,honest,0.0
1620,104.388056025,6065.6500430000215,79.88030000000018,0.2875,59.263056025,hide_information,honest,0.0
1621,85.5955515,6339.668023999998,79.86456666666673,0.2875,40.4705515,honest,honest,0.0
1622,85.59700645,6136.390217600027,80.48483333333324,0.2875,40.472006449999995,honest,honest,0.0
1623,85.559225625,2861.2457036666638,80.54786666666664,0.2875,40.434225624999996,honest,honest,0.0
1624,104.14667035000001,950.3322000000009,82.06063333333326,0.2875,59.02167035000001,hide_information,honest,0.0
1625,104.15193285000001,1137.9499403333352,82.96453333333312,0.2875,59.02693285000001,hide_information,honest,0.0
1626,114.76362639999999,297.8389570000012,80.4284999999997,0.2875,69.63862639999999,honest,honest,0.0
1627,96.35728625,5.257033666666667,81.27679999999982,0.21768235022916588,51.23228625,honest,honest,0.0
1628,96.301177975,4.933755666666666,81.49176666666654,0.15442395678390491,64.44153143145849,honest,honest,0.0
1629,96.109597675,0.0,81.01026666666637,0.07252079870788944,76.26904588605807,honest,honest,0.0
1630,95.827252775,0.0249,81.12289999999977,0.05,91.54830102050101,honest,honest,10.400501020501238
1631,97.809198475,0.1933443333333333,69.48576666666666,0.05,97.809198475,honest,honest,28.13008747500001
1632,55.894580024999996,0.0,74.54743333333326,0.138601053214583,55.894580024999996,honest,honest,0.0
1633,36.66809385,0.0,72.62680000000005,0.2875,19.833893739229232,honest,honest,0.0
1634,36.730504700000004,4.897222333333334,75.78126666666643,0.33168155421052625,0.0,honest,honest,0.0
1635,36.768023075,0.0,76.67426666666667,0.3756656432894736,0.0,honest,honest,0.0
1636,38.431722675,0.0,74.65943333333317,0.4108934186842104,0.0,honest,honest,0.0
1637,57.464364575,0.0,69.12153333333328,0.3852355239473683,7.464364574999998,honest,honest,0.0
1638,91.36781167500001,0.0,73.5245999999997,0.2748223737542747,41.36781167500001,honest,hide_information,0.0
1639,104.1938743,0.0,76.72813333333345,0.12243992272156677,61.47762328668781,honest,honest,0.0
1640,104.19615025,52.098744,75.36376666666662,0.2258922422353804,90.43256493290232,honest,honest,0.0
1641,85.49722295000001,93.41815566666668,72.83956666666657,0.2875,52.07769692527773,honest,honest,0.0
1642,104.24594685000001,567.7919549999998,71.2081666666667,0.2875,59.12094685000001,honest,honest,0.0
1643,106.160151225,4479.10065233333,70.04056666666673,0.2875,61.03515122500001,honest,honest,0.0
1644,104.40397205,5277.310176333333,70.27910000000001,0.2875,59.27897204999999,honest,honest,0.0
1645,85.60859372499999,5532.562181666671,70.00836666666666,0.2875,40.48359372499999,honest,hide_information,0.0
1646,85.61697645000001,5316.677010666668,68.69400000000017,0.2875,40.49197645000001,honest,hide_information,0.0
1647,85.58929965000002,2836.93613666668,64.93760000000023,0.2875,40.464299650000015,honest,hide_information,0.0
1648,104.17975885000001,953.8968023333318,64.44273333333336,0.2875,59.05475885000001,honest,honest,0.0
1649,104.1876698,878.6234869999992,56.09503333333329,0.2875,59.062669799999995,honest,honest,0.0
1650,114.800676275,158.80211400000024,40.1984666666667,0.2875,69.675676275,honest,honest,0.0
1651,96.04773639999999,0.5506666666666666,54.963333333333416,0.07180850210000042,50.92273639999999,honest,honest,0.0
1652,96.014020425,0.778822,56.67366666666656,0.05,91.87040502599991,honest,honest,34.417916359333354
1653,95.903071325,0.1033336666666666,53.143599999999765,0.05,95.903071325,honest,honest,42.65613765833357
1654,95.884940975,0.3468666666666666,44.95380000000016,0.05,95.884940975,honest,honest,50.584274308333185
1655,97.8674117,1.3548776666666664,38.13176666666674,0.05,97.8674117,honest,honest,58.380767366666596
1656,56.00533145,0.0,35.84416666666677,0.05,56.00533145,honest,honest,20.161164783333227
1657,36.7806759,0.0,34.33033333333345,0.09892072500000017,36.7806759,honest,hide_information,12.749442566666584
1658,36.844064075,0.0,27.84433333333325,0.05140223328958309,27.549126324999968,honest,honest,0.0
1659,36.887032075,0.0,24.101199999999974,0.08434420999999998,36.620607749979214,honest,hide_information,19.749767749979235
1660,37.272690625,0.0,31.347533333333352,0.09467023500000003,30.747290725000006,honest,hide_information,8.804017391666662
1661,56.318448725,0.0,34.32173333333335,0.05,47.831104075,honest,honest,13.50937074166665
1662,90.952844225,0.3448666666666666,31.707233333333363,0.05,90.952844225,honest,honest,58.900744224999976
1663,104.34317050000001,0.9116333333333334,26.40566666666677,0.05,104.34317050000001,honest,honest,77.02587049999991
1664,104.36606742500001,21.154710666666663,55.17549999999997,0.05,104.36606742500001,honest,honest,28.03585675833338
1665,85.664016975,714.2856836666655,47.76986666666659,0.2875,85.664016975,honest,honest,0.0
1666,104.40430285,783.3555823333334,50.89393333333335,0.2875,59.27930284999999,honest,honest,0.0
1667,106.240764375,1211.2881546666672,48.10266666666668,0.2875,61.115764375,honest,honest,0.0
1668,104.5381557,1275.4267979999988,38.82493333333333,0.2875,59.413155700000004,honest,honest,0.0
1669,85.7495768,1092.1886006666657,38.70233333333314,0.2875,40.6245768,honest,hide_information,0.0
1670,85.76895775,863.2746499999988,27.35123333333327,0.2875,40.64395775,honest,hide_information,0.0
1671,85.750001475,703.0466776666667,21.87413333333332,0.2875,40.625001475000005,honest,hide_information,0.0
1672,104.37014847500001,547.9397573333325,20.23853333333328,0.2875,59.24514847500001,honest,honest,0.0
1673,104.381878775,204.7161749999993,11.196133333333307,0.2875,59.256878775000004,honest,honest,0.0
1674,114.998092125,56.97156700000002,8.618499999999989,0.05,69.873092125,honest,honest,4.283025124999995
1675,96.60595272500001,17.601645333333334,27.003133333333327,0.05,96.60595272500001,honest,honest,52.00117405833335
1676,96.570524525,3.412881666666665,20.95323333333333,0.05,96.570524525,honest,honest,72.204409525
1677,96.409723325,0.1130336666666666,7.723266666666659,0.05,96.409723325,honest,honest,88.57342299166667
1678,96.131777825,2.440211,6.460366666666692,0.05,96.131777825,honest,honest,87.23120015833331
1679,98.01782134999999,1.6524333333333334,7.155666666666645,0.05,98.01782134999999,honest,honest,89.20972135000001
1680,37.1493987,0.0,15.150900000000002,0.07159003250000001,37.1493987,honest,hide_information,26.543768699999998
1681,37.161843625,0.0,15.90586666666666,0.07266586,33.05973745,honest,hide_information,21.92563078333334
1682,37.187793225,0.0,14.53916666666668,0.07071831250000002,32.881279825,honest,hide_information,22.703863158333323
1683,37.598459150000004,0.0,12.44076666666669,0.06772809250000004,33.661979775,honest,hide_information,24.953443108333317
1684,56.622309775000005,0.0,16.865866666666662,0.05,53.2539722,honest,honest,36.38810553333334
1685,96.5251901,0.0,14.645599999999998,0.05,96.5251901,hide_information,honest,81.8795901
1686,109.88941349999999,0.0,12.631399999999973,0.05,109.88941349999999,honest,honest,97.25801350000002
1687,104.5990699,0.0818333333333333,14.961600000000022,0.05,104.5990699,honest,honest,89.55563656666665
1688,85.90994934999999,4.223077666666667,16.55949999999997,0.05,85.90994934999999,honest,honest,65.12737168333335
1689,104.7379823,98.0827446666666,17.93663333333334,0.10358662957499969,104.7379823,honest,honest,0.0
1690,106.5364066,496.3243449999992,27.13543333333332,0.2875,96.35494698075007,honest,honest,0.0
1691,104.982089675,508.6003643333332,23.71770000000001,0.2875,59.857089675,honest,honest,0.0
1692,86.21131947500001,446.79151766666655,17.214133333333304,0.2875,41.08631947500001,honest,hide_information,0.0
1693,86.23888165,394.8033700000001,17.636699999999998,0.2875,41.113881649999996,honest,hide_information,0.0
1694,86.26625615,186.4919233333329,20.207166666666723,0.2875,41.141256150000004,honest,hide_information,0.0
1695,106.784179475,125.54106200000015,21.49499999999996,0.2875,61.659179475,honest,honest,0.0
1696,107.49470345,139.93056700000034,24.125833333333254,0.2875,62.36970345,honest,honest,0.0
1697,107.8391953,74.55530100000001,29.813599999999997,0.247859852075,62.7141953,honest,honest,0.0
1698,97.1509056,15.001110333333324,27.671599999999987,0.05000000000000002,59.557533705750004,honest,honest,16.88482337241669
1699,96.76435865,2.841333,31.87796666666676,0.05,96.76435865,honest,honest,62.04505898333324
1700,96.547650825,0.0277776666666666,34.7513999999999,0.05,96.547650825,honest,honest,61.76847315833344
1701,96.23592264999999,0.153911,36.22250000000008,0.05,96.23592264999999,honest,honest,59.85951164999991
1702,98.06814535000001,0.0277776666666666,36.65739999999985,0.05,98.06814535000001,honest,honest,61.38296768333349
1703,56.23493265,0.0377776666666666,35.51069999999996,0.05,56.23493265,honest,honest,20.686454983333377
1704,36.988804725,0.0,49.88999999999991,0.12109324999999989,36.988804725,honest,hide_information,2.0658047250000706
1705,37.045514475000004,0.0,45.83583333333333,0.1559156727020832,23.537796975000028,honest,honest,0.0
1706,37.036421525,0.0,57.91986666666656,0.24478525903654622,16.912443711604197,honest,honest,0.0
1707,37.37409,0.0,65.02800000000003,0.2875,0.36489078305622513,honest,honest,0.0
1708,56.337526450000006,0.0,60.71689999999996,0.28514577436249977,11.212526450000006,honest,honest,0.0
1709,96.22318692500001,0.0,64.37783333333311,0.11095363180173833,51.54548979612505,honest,honest,0.0
1710,109.63258065,0.0,68.86459999999992,0.05,98.05139060766972,honest,honest,29.186790607669792
1711,104.35300595,0.0,69.59456666666688,0.05,104.35300595,honest,honest,34.75843928333312
1712,85.674257625,4.354077666666666,71.04766666666663,0.05,85.674257625,honest,honest,10.272513291666698
1713,104.503030225,18.492422,71.89666666666645,0.05,104.503030225,honest,honest,14.11394155833355
1714,106.4094494,205.82091000000025,71.62813333333322,0.2875,106.4094494,honest,honest,0.0
1715,104.786391525,603.1938073333328,74.02929999999998,0.2875,59.661391525,honest,honest,0.0
1716,85.964168525,1014.1524186666676,81.49390000000008,0.2875,40.839168525000005,honest,hide_information,0.0
1717,85.94982735,949.7050263333326,81.85673333333312,0.2875,40.82482735000001,honest,hide_information,0.0
1718,85.87714187499999,1870.71004366666,81.06949999999982,0.2875,40.75214187499999,honest,hide_information,0.0
1719,104.42928674999999,3622.526509333331,80.85549999999984,0.2875,59.30428674999999,honest,honest,0.0
1720,104.44703575,961.5853110000004,86.39546666666634,0.2875,59.32203575,honest,honest,0.0
1721,104.48046697500001,1387.7836056666652,86.46406666666644,0.2875,59.35546697500001,honest,honest,0.0
1722,96.68185,646.8104836666662,84.86306666666682,0.2875,51.55685,honest,honest,0.0
1723,96.63820704999999,12.719410333333332,85.25163333333354,0.27067472392916764,51.51320704999999,honest,honest,0.0
1724,96.44328229999999,3.025822,85.94443333333356,0.21366206025440826,54.51508475345814,honest,honest,0.0
1725,96.16034210000001,0.2455666666666666,86.13250000000029,0.15123920107127142,65.06455065166244,honest,honest,0.0
1726,98.05372435000001,0.6316666666666667,85.13539999999972,0.0830067549709877,78.81827614645844,honest,honest,0.0
1727,56.263984799999996,1.877033333333333,84.15679999999979,0.2211953768946487,49.99270135551234,honest,honest,0.0
1728,37.03817715,0.0,83.62993333333299,0.2875,4.5110555400167485,honest,honest,0.0
1729,37.0849858,0.0,80.94996666666657,0.32981586421052633,0.0,honest,honest,0.0
1730,37.120413475,0.0,82.01246666666663,0.37194526697368424,0.0,honest,honest,0.0
1731,38.7818862,0.0,82.65366666666674,0.4053300764473684,0.0,honest,honest,0.0
1732,57.824373125,0.0,85.39700000000023,0.3796721817105263,7.824373125000001,honest,honest,0.0
1733,97.078142425,0.0,85.59883333333349,0.2994875687882683,47.078142424999996,hide_information,honest,0.0
1734,109.8898164,1.1152,85.33210000000005,0.16381057793141243,62.487178330229014,honest,honest,0.0
1735,104.576424175,0.3294776666666666,84.59783333333307,0.05938075900184844,82.95241436803164,honest,honest,0.0
1736,85.88524335000001,72.260679,84.75473333333343,0.2875,84.10289913964881,honest,honest,0.0
1737,104.6839697,56.149311333333344,82.8879000000001,0.2875,59.558969700000006,honest,honest,0.0
1738,106.52836035,757.846344666667,81.00916666666663,0.2875,61.40336035,honest,honest,0.0
1739,105.029191025,5122.86568233334,81.06653333333303,0.2875,59.904191025,honest,honest,0.0
1740,86.08929492499999,6001.394145000006,78.22963333333306,0.2875,40.96429492499999,honest,hide_information,0.0
1741,85.979123375,5692.175399666676,74.94720000000004,0.2875,40.854123375,honest,hide_information,0.0
1742,85.88325077500001,5341.10153233332,78.66563333333347,0.2875,40.75825077500001,honest,honest,0.0
1743,104.40971689999999,4284.567700333332,76.84803333333319,0.2875,59.28471689999999,hide_information,honest,0.0
1744,104.382263825,1117.206826333334,80.54256666666642,0.2875,59.257263824999995,hide_information,honest,0.0
1745,104.358766675,1642.2138503333351,79.44859999999983,0.2875,59.233766675,hide_information,honest,0.0
1746,96.15847235000001,606.5550603333323,76.3511999999998,0.2875,51.03347235000001,honest,honest,0.0
1747,96.11519402500001,247.08665266666668,73.28043333333339,0.2875,50.99019402500001,honest,honest,0.0
1748,95.98949325,10.423922666666668,77.51106666666679,0.22608485639583398,50.864493249999995,honest,honest,0.0
1749,95.950953025,7.578589,77.68603333333357,0.15815651211182458,62.494830309791546,honest,honest,0.0
1750,97.888480125,0.7426,77.67789999999984,0.055138346587170865,77.33874282375334,honest,honest,0.0
1751,56.021807525,0.0,76.26496666666664,0.15079236371783822,55.045521673437534,honest,honest,0.0
1752,36.80763395,0.0,73.88590000000018,0.2875,17.657084843610743,honest,honest,0.0
1753,36.858797550000006,0.0,72.5221666666665,0.3310063286842104,0.0,honest,honest,0.0
1754,36.8843118,0.0,74.28843333333324,0.37437837184210515,0.0,honest,honest,0.0
1755,37.252854825,0.0,72.6788333333334,0.4158107148684209,0.0,honest,honest,0.0
1756,56.266569925,0.0,71.6846666666669,0.3901528201315788,6.266569924999999,honest,honest,0.0
1757,96.177200825,0.266111,69.52260000000011,0.23914959872598723,46.177200825,hide_information,honest,0.0
1758,109.5764713,0.0,56.34240000000002,0.05,73.63804754206242,hide_information,honest,17.295647542062405
1759,104.291531625,0.0,60.073799999999686,0.05,104.291531625,honest,honest,44.21773162500032
1760,85.57278665,117.87920266666627,62.994366666666814,0.2875,85.57278665,hide_information,honest,0.0
1761,104.334633875,647.1443443333342,66.26580000000001,0.2875,59.209633874999994,hide_information,honest,0.0
1762,106.245277875,1324.4064676666649,53.0524999999998,0.2875,61.120277875,hide_information,honest,0.0
1763,104.56592205,1107.911434666667,48.716666666666654,0.2875,59.44092205,hide_information,honest,0.0
1764,85.664374125,1984.975761666669,43.66676666666682,0.2875,40.539374124999995,honest,honest,0.0
1765,85.56003595,1882.016943333328,44.05963333333336,0.2875,40.43503595,honest,honest,0.0
1766,85.486928125,1720.3072253333337,44.04479999999987,0.2875,40.361928125000006,honest,honest,0.0
1767,104.066402925,833.5728719999983,44.41749999999999,0.2875,58.941402925000006,hide_information,honest,0.0
1768,104.08309044999999,342.01287199999905,44.49436666666672,0.2875,58.958090449999986,hide_information,honest,0.0
1769,104.1219865,310.224982666666,38.66786666666681,0.2875,58.996986500000006,hide_information,honest,0.0
1770,96.3146208,93.7320276666664,36.80700000000004,0.2875,51.1896208,honest,honest,0.0
1771,96.26452825,4.531210666666666,48.18486666666669,0.05748860814583347,51.13952825,honest,honest,0.0
1772,96.08912009999999,1.5140443333333335,36.21560000000009,0.05,94.66628455229163,honest,honest,56.93664021895821
1773,95.81863025000001,1.0267553333333337,32.958666666666595,0.05,95.81863025000001,honest,honest,61.833208250000084
1774,97.82138957500001,0.7955776666666667,30.588700000000003,0.05,97.82138957500001,honest,honest,66.43711190833335
1775,55.934285325,0.0347,28.34399999999997,0.05,55.934285325,honest,honest,27.555585325000028
1776,36.7136261,0.0,27.723033333333284,0.08950532249999993,36.7136261,honest,hide_information,17.3075027666667
1777,36.778173425,0.0,21.50516666666673,0.05,29.272162150000014,honest,honest,7.766995483333282
1778,36.801757949999995,0.0,21.433266666666714,0.08054240500000007,36.801757949999995,honest,hide_information,21.798471283333296
1779,37.172729075,0.0,17.770166666666697,0.07532248750000005,31.369672124999987,honest,hide_information,18.930555458333302
1780,56.199797975,0.1063666666666666,12.42873333333331,0.05,51.388525349999995,honest,honest,38.853425350000016
1781,96.1132336,0.0,11.926533333333367,0.05,96.1132336,honest,honest,84.18670026666663
1782,106.8563548,0.2312,13.2645666666667,0.05,106.8563548,honest,honest,93.36058813333331
1783,104.21775165,16.582433,14.96146666666672,0.05,104.21775165,honest,honest,72.67385198333328
1784,85.499339375,165.15353400000004,18.99396666666663,0.2875,85.499339375,honest,honest,0.0
1785,104.2394142,570.5527379999995,24.710666666666576,0.2875,59.1144142,hide_information,honest,0.0
1786,106.131123425,1091.8335786666682,29.0446,0.2875,61.006123425,hide_information,honest,0.0
1787,104.34740225,3619.66871766668,31.350866666666672,0.2875,59.22240225,hide_information,honest,0.0
1788,85.53744,3095.3504813333266,39.14843333333335,0.2875,40.412440000000004,honest,honest,0.0
1789,85.53986847499999,3425.223048666649,39.09850000000004,0.2875,40.41486847499999,honest,honest,0.0
1790,85.503390075,2985.378579333332,49.903766666666655,0.2875,40.378390075,honest,honest,0.0
1791,104.077594175,2628.222077333341,54.79636666666661,0.2875,58.952594175,hide_information,honest,0.0
1792,104.0755454,1417.7974750000014,37.00049999999991,0.2875,58.950545399999996,hide_information,honest,0.0
1793,104.09565477499999,1380.1423453333352,35.97280000000002,0.2875,58.970654774999986,hide_information,honest,0.0
1794,96.278799225,705.0014996666656,53.36153333333338,0.2875,51.153799225,honest,honest,0.0
1795,96.22511625,76.16093299999999,32.864633333333416,0.2875,51.10011625,honest,honest,0.0
1796,96.0394431,3.2390000000000003,49.4761,0.058553120275,50.9144431,honest,honest,0.0
1797,95.7595049,13.384533333333334,31.85003333333328,0.05,94.13441204774999,honest,honest,48.89984538108338
1798,97.77753365000001,13.485944333333334,26.65770000000007,0.05,97.77753365000001,honest,honest,57.633889316666604
1799,55.873746950000005,0.1106666666666666,25.6447333333334,0.05,55.873746950000005,honest,honest,30.11834694999994
1800,36.653164600000004,0.0,25.91270000000004,0.08692559750000006,36.653164600000004,honest,hide_information,18.514274599999975
1801,36.71694335,0.0,26.12703333333337,0.05,29.70107982499999,honest,honest,3.5740464916666213
1802,36.750631425,0.0,18.57633333333337,0.07647127500000006,36.750631425,honest,hide_information,23.747198091666643
1803,38.41405465,0.0,17.217033333333312,0.07453427249999997,33.384512399999984,honest,hide_information,21.332589066666667
1804,57.446730075000005,0.0,13.202233333333336,0.05,52.78521830000001,honest,honest,39.58298496666667
1805,96.642726225,2.2424666666666666,11.691766666666668,0.05,96.642726225,honest,honest,82.70849289166667
1806,106.8218924,2.2424666666666666,13.29143333333329,0.05,106.8218924,honest,honest,91.28799240000004
1807,104.18333544999999,3.2142666666666666,13.172866666666671,0.05,104.18333544999999,honest,honest,87.79620211666665
1808,85.45036825,73.00985599999997,15.031500000000005,0.06230719181249992,85.45036825,honest,honest,0.0
1809,104.188565525,303.9952996666668,12.026133333333336,0.2875,101.85019908062502,honest,honest,0.0
1810,106.105003725,1485.970781666669,8.845366666666669,0.2875,60.980003725,honest,honest,0.0
1811,104.325954475,2705.800905666659,7.804133333333333,0.2875,59.200954475,honest,honest,0.0
1812,85.523104475,4608.608865666668,15.867699999999951,0.2875,40.398104475,honest,hide_information,0.0
1813,85.510142075,6309.570966333333,14.975266666666649,0.2875,40.385142075000005,honest,hide_information,0.0
1814,85.468641975,5251.185336000018,12.04756666666661,0.2875,40.343641975,honest,honest,0.0
1815,104.045965025,2877.287330000004,17.772166666666667,0.2875,58.920965025,honest,honest,0.0
1816,104.06968905,1200.1550783333334,13.766699999999965,0.2875,58.944689049999994,honest,honest,0.0
1817,104.092183975,1537.107596999998,17.05163333333328,0.2875,58.967183975,honest,honest,0.0
1818,93.27106900000001,808.8337886666642,23.458300000000023,0.2875,48.14606900000001,honest,honest,0.0
1819,95.88871069999999,24.23024333333333,18.2047666666667,0.05,50.76371069999999,honest,honest,8.328700699999956
1820,95.776171525,4.368855666666668,19.890066666666723,0.05,95.776171525,honest,honest,71.51724919166661
1821,95.75145750000001,2.4010446666666665,24.419166666666765,0.05,95.75145750000001,honest,honest,68.93124616666658
1822,97.77314097499999,0.3988886666666666,36.33296666666666,0.05,97.77314097499999,honest,honest,61.04128564166667
1823,55.869780825,4.644200333333333,25.083700000000093,0.05,55.869780825,honest,honest,26.141880491666573
1824,36.65248935,0.0,24.354700000000093,0.08470544750000014,36.65248935,honest,hide_information,19.604199349999938
1825,36.710988900000004,0.3673666666666666,23.84376666666674,0.05,30.11695387499998,honest,honest,5.905820541666575
1826,36.73827405,0.0,24.61163333333344,0.05,36.73827405,honest,honest,12.12664071666656
1827,37.109833775,0.0,23.39250000000003,0.05,37.109833775,honest,honest,13.717333774999968
1828,56.146999675,0.4259666666666666,28.077300000000086,0.050607002500000005,56.146999675,hide_information,honest,27.77152300833325
1829,96.04089889999999,0.0,22.412133333333344,0.05,95.92556842499998,hide_information,honest,73.51343509166664
1830,106.76149922500001,0.1191666666666666,13.115566666666664,0.0501698125,106.76149922500001,hide_information,honest,93.56251589166668
1831,104.129482125,4.546933,16.694666666666652,0.05,104.09721775,honest,honest,82.85561808333335
1832,85.42455095,325.3606449999991,14.02043333333338,0.2875,85.42455095,honest,honest,0.0
1833,104.164802525,820.1770173333341,11.610166666666656,0.2875,59.039802525,honest,honest,0.0
1834,106.082750725,1369.0917150000012,9.465399999999994,0.2875,60.957750725,honest,honest,0.0
1835,104.287331575,2308.881526333329,4.328233333333332,0.2875,59.162331574999996,honest,honest,0.0
1836,85.462914925,3482.259451333336,7.040833333333335,0.2875,40.33791492500001,honest,hide_information,0.0
1837,85.460378975,5338.612510333337,7.456700000000004,0.2875,40.335378975,honest,hide_information,0.0
1838,85.42901792500001,4252.015511666668,8.74683333333334,0.2875,40.30401792500001,honest,honest,0.0
1839,104.0019455,2631.8696363333456,9.389666666666654,0.2875,58.876945500000005,hide_information,honest,0.0
1840,104.01298125,2016.8183876666667,20.776866666666685,0.2875,58.887981249999996,hide_information,honest,0.0
1841,104.02986067500001,797.6528773333328,7.355000000000015,0.2875,58.90486067500001,honest,honest,0.0
1842,93.58070437500001,196.1633683333326,11.462500000000048,0.2875,48.45570437500001,honest,honest,0.0
1843,96.17473520000001,27.15868900000001,17.258533333333293,0.05,51.049735200000015,honest,honest,6.6325128666667155
1844,95.99574232500001,8.098802333333333,41.93786666666672,0.05,95.99574232500001,honest,honest,45.959073324999956
1845,95.72244487500001,3.5833333333333326,30.09506666666656,0.05,95.72244487500001,honest,honest,62.04404487500011
1846,97.74596295,0.1487333333333333,29.424266666666732,0.05,97.74596295,honest,honest,68.17296294999994
1847,55.847410350000004,0.1165666666666666,32.124900000000025,0.05,55.847410350000004,honest,honest,23.605943683333315
1848,36.593110599999996,0.0,35.86669999999997,0.10111004749999997,36.593110599999996,honest,hide_information,11.486420600000017
1849,36.643857875,0.0,40.7534333333335,0.11564730129583406,26.93294885000001,honest,honest,0.0
1850,36.675129075,0.4072223333333333,39.86253333333345,0.12632116572990743,24.202141828791532,honest,honest,0.0
1851,37.0512872,0.0,44.6095333333334,0.1547815212045751,22.55026571131759,honest,honest,0.0
1852,56.128685774999994,0.3577776666666666,41.981366666666815,0.0790650010392131,36.220196746130725,honest,honest,0.0
1853,96.02179552500002,0.0,45.48676666666661,0.05,90.49944532754952,hide_information,honest,45.01267866088291
1854,106.72695859999999,0.5666666666666667,43.68370000000013,0.05,106.72695859999999,honest,honest,62.47659193333319
1855,104.107897175,1.2357776666666669,40.75529999999995,0.05,104.107897175,honest,honest,62.11681950833339
1856,85.3895643,11.039767,36.81393333333328,0.05,85.3895643,honest,honest,37.535863966666724
1857,104.13561082499999,191.25633633333348,31.17389999999993,0.2875,104.13561082499999,hide_information,honest,0.0
1858,106.074961625,563.1583153333337,18.96180000000005,0.2875,60.949961625,honest,honest,0.0
1859,104.277020475,848.1056979999997,14.770599999999952,0.2875,59.152020475,honest,honest,0.0
1860,85.4585704,1405.6482143333342,12.727599999999963,0.2875,40.3335704,honest,hide_information,0.0
1861,85.458833725,1370.8503976666643,11.854866666666693,0.2875,40.333833725000005,honest,hide_information,0.0
1862,85.44186195,1384.7159503333326,11.22930000000004,0.2875,40.31686195,honest,honest,0.0
1863,104.02973527500001,1034.816371333333,12.182533333333303,0.2875,58.90473527500001,hide_information,honest,0.0
1864,104.058066075,583.6054326666673,19.03653333333332,0.2875,58.933066075,hide_information,honest,0.0
1865,104.063614425,267.3107983333325,10.540500000000035,0.2875,58.938614425,hide_information,honest,0.0
1866,93.601660075,19.040944333333297,32.98686666666667,0.06686796689374988,48.476660075,honest,honest,0.0
1867,96.20260809999999,1.4648773333333334,13.37553333333332,0.05,92.99769439018752,honest,honest,78.15728372352086
1868,96.01332067499999,0.8489000000000001,12.074433333333332,0.05,96.01332067499999,honest,honest,83.08998734166666
1869,95.72940427500001,1.227388666666667,12.65266666666667,0.05,95.72940427500001,honest,honest,81.84934894166668
1870,97.74733527500001,0.1913666666666666,13.6903333333333,0.05,97.74733527500001,honest,honest,83.86563527500005
1871,55.851299475,0.7172666666666667,20.54323333333335,0.051022105000000005,55.851299475,hide_information,honest,34.80597947499998
1872,36.615229925,0.0,14.18566666666664,0.05,36.421029975,honest,honest,22.235363308333362
1873,36.668970125,0.4013333333333334,15.918366666666662,0.05,36.668970125,honest,honest,20.349270125000007
1874,36.699904275,0.0,18.7859,0.05,36.699904275,honest,honest,17.914004275
1875,37.0767766,0.0,16.63663333333327,0.05,37.0767766,honest,honest,20.440143266666734
1876,56.127749425,0.0,14.929466666666682,0.05,56.127749425,hide_information,honest,41.19828275833331
1877,96.0393316,0.0,17.010900000000003,0.05,96.0393316,hide_information,honest,79.02843159999999
1878,106.78248027500001,0.0,25.41020000000001,0.05,106.78248027500001,hide_information,honest,81.37228027500001
1879,104.16112997500001,0.3540666666666666,34.605400000000046,0.050504545000000005,104.16112997500001,hide_information,honest,69.30788330833329
1880,85.49100695,84.80555933333352,36.230466666666615,0.21929419235000064,85.3951434,hide_information,honest,0.0
1881,104.2992112,473.4174610000008,50.84259999999986,0.2875,72.13331465349988,hide_information,honest,0.0
1882,106.21406465,956.2411773333314,61.20459999999982,0.2875,61.08906465,honest,honest,0.0
1883,104.5644023,1309.5449520000002,63.3394333333332,0.2875,59.4394023,honest,honest,0.0
1884,85.800732,2004.704211333336,71.72896666666685,0.2875,40.675731999999996,honest,hide_information,0.0
1885,85.8256978,2521.380836666673,72.36823333333318,0.2875,40.7006978,honest,hide_information,0.0
1886,85.797849375,3349.799549666653,74.4237666666665,0.2875,40.672849375,honest,honest,0.0
1887,104.38570802499999,3126.484810666668,78.73836666666641,0.2875,59.260708024999985,hide_information,honest,0.0
1888,104.4018966,1704.6577236666697,80.77809999999992,0.2875,59.2768966,hide_information,honest,0.0
1889,104.37025565,858.8839546666663,66.58430000000001,0.2875,59.245255650000004,honest,honest,0.0
1890,93.87303555000001,377.9784226666666,78.10079999999996,0.2875,48.74803555000001,honest,honest,0.0
1891,96.445108,9.506277999999996,79.17586666666678,0.22746967416666714,51.320108000000005,honest,honest,0.0
1892,96.23934812499999,3.387177666666666,80.36196666666683,0.15083791292500126,62.52011003333324,honest,honest,0.0
1893,95.95508620000001,0.0582666666666666,80.93086666666646,0.06991794029814592,76.79588274424978,honest,honest,0.0
1894,97.877473625,0.3162666666666666,79.3559999999999,0.05,94.09306496835227,honest,honest,14.420798301685707
1895,56.0199175,2.126666,80.78796666666655,0.1777498970416661,56.0199175,honest,honest,0.0
1896,36.771961000000005,0.0,78.46126666666669,0.2875,12.499480562083445,honest,honest,0.0
1897,36.824640025,0.0,77.91003333333313,0.3311861051315789,0.0,honest,honest,0.0
1898,36.8367485,0.0,76.53076666666675,0.3748084814473684,0.0,honest,honest,0.0
1899,38.491948300000004,0.0,74.10543333333354,0.409719279868421,0.0,honest,honest,0.0
1900,57.535108199999996,0.0,75.48909999999991,0.3840613851315789,7.535108199999996,honest,honest,0.0
1901,96.73571667499999,0.0,66.89816666666664,0.21667512785515336,46.73571667499999,hide_information,honest,0.0
1902,106.90297917500001,0.0,66.49019999999996,0.05,75.23470488252087,hide_information,honest,8.744504882520914
1903,104.28184834999999,4.2679,62.331333333333255,0.05608175750000002,104.28184834999999,hide_information,honest,38.962985016666735
1904,85.6064841,188.9174550000002,65.81823333333335,0.2875,84.450950175,hide_information,honest,0.0
1905,104.398070375,520.9315460000015,61.72846666666667,0.2875,59.273070375,hide_information,honest,0.0
1906,106.2616572,1631.6711616666687,43.54983333333345,0.2875,61.1366572,honest,honest,0.0
1907,104.6166676,4854.340233666687,29.64613333333344,0.2875,59.4916676,honest,honest,0.0
1908,85.86078777499999,5869.373782999985,24.130266666666724,0.2875,40.73578777499999,honest,hide_information,0.0
1909,85.91796244999999,4448.020289000006,22.8288666666666,0.2875,40.79296244999999,honest,hide_information,0.0
1910,85.903560575,4877.132771333352,23.14186666666664,0.2875,40.778560575,honest,honest,0.0
1911,104.497247725,5013.488082333334,19.636899999999997,0.2875,59.372247724999994,hide_information,honest,0.0
1912,104.484842975,1935.9164086666665,16.65436666666666,0.2875,59.35984297500001,hide_information,honest,0.0
1913,104.47543675,2221.1868993333333,15.38633333333333,0.2875,59.35043675,hide_information,honest,0.0
1914,93.61961655,1043.1861143333306,15.65813333333334,0.2875,48.49461655,honest,honest,0.0
1915,96.20391355000001,407.9721586666674,16.61956666666667,0.2875,51.07891355000001,honest,honest,0.0
1916,96.0571846,7.078389000000002,18.50146666666666,0.05,50.9321846,honest,honest,25.35232893333334
1917,96.017206125,0.2588666666666666,16.099166666666644,0.05,96.017206125,honest,honest,79.65917279166669
1918,97.911492925,0.2849666666666666,16.365833333333295,0.05,97.911492925,honest,honest,81.26069292500004
1919,56.07334645,0.4017333333333333,16.610999999999994,0.05057247,56.07334645,hide_information,honest,39.18113311666667
1920,36.83654035,0.252,16.615866666666733,0.05,36.72777105,honest,honest,19.85990438333327
1921,36.8940239,0.0034,20.875033333333352,0.05,36.8940239,honest,honest,16.01559056666665
1922,36.92084105,0.0,15.05196666666665,0.05,36.92084105,honest,honest,21.86887438333335
1923,37.29577705,0.0,19.564666666666685,0.05,37.29577705,honest,honest,17.731110383333313
1924,56.3143907,0.0,13.489666666666649,0.05,56.3143907,hide_information,honest,42.82472403333335
1925,96.1872776,0.0,13.374300000000025,0.05,96.1872776,hide_information,honest,82.81297759999998
1926,106.88915809999999,0.0,19.64066666666665,0.05,106.88915809999999,hide_information,honest,87.24849143333334
1927,104.2301697,3.6801,19.36256666666667,0.05524414250000001,104.2301697,hide_information,honest,82.29153303333334
1928,85.500342275,32.98824499999999,25.198066666666623,0.097008249125,84.5039552,hide_information,honest,36.21411703333338
1929,104.238025875,442.5533366666681,31.9478,0.2875,95.30645854125001,hide_information,honest,0.0
1930,106.154344275,1767.183739000002,31.67529999999999,0.2875,61.029344275,hide_information,honest,0.0
1931,104.39852997499999,4957.235720666663,34.83893333333334,0.2875,59.27352997499999,hide_information,honest,0.0
1932,85.59114447500001,6074.851712666667,45.8807666666666,0.2875,40.46614447500001,honest,honest,0.0
1933,85.57499655000001,5492.748760666687,47.55989999999992,0.2875,40.44999655000001,honest,honest,0.0
1934,85.51866242499999,6152.279503600006,48.15586666666668,0.2875,40.39366242499999,honest,honest,0.0
1935,104.0768592,5238.008902666646,49.34660000000007,0.2875,58.9518592,hide_information,honest,0.0
1936,104.0566869,2509.556865666657,47.8119000000001,0.2875,58.9316869,hide_information,honest,0.0
1937,104.061451225,2757.9598223333346,43.848133333333344,0.2875,58.936451225,hide_information,honest,0.0
1938,93.601192725,380.7368776666663,44.35223333333328,0.2875,48.476192725000004,hide_information,honest,0.0
1939,96.1911461,32.72498866666667,52.68579999999998,0.21313705219166657,51.0661461,hide_information,honest,0.0
1940,96.0055089,16.338700333333335,55.97839999999998,0.08471124891131236,65.00946898358335,honest,honest,0.0
1941,95.7293835,0.0545333333333333,52.263533333333456,0.05,89.13424620685065,honest,honest,36.81617954018386
1942,97.75096765,0.7893553333333333,45.93349999999999,0.05,97.75096765,honest,honest,51.028112316666686
1943,55.84790145,5.572044333333333,45.516799999999854,0.05794016317499999,55.84790145,hide_information,honest,6.430670416666814
1944,36.594041700000005,0.0,51.371899999999854,0.12736082419043676,35.08541069675001,honest,honest,0.0
1945,36.640834975000004,0.0,70.6916666666667,0.281559594367286,21.942278378817022,honest,honest,0.0
1946,36.6701979,0.1766666666666666,46.49863333333339,0.3102662277883389,0.0,honest,honest,0.0
1947,37.044487325,0.0,42.44343333333329,0.3169015502006194,0.0,honest,honest,0.0
1948,56.1175257,0.0,42.0114666666666,0.22423987505544363,6.117525700000002,honest,honest,0.0
1949,96.02056725,0.0,37.54726666666664,0.05,62.91499098946571,hide_information,honest,25.36772432279907
1950,106.7476709,0.0,44.99553333333343,0.05,106.7476709,hide_information,honest,61.752137566666576
1951,104.113331975,0.4727776666666667,41.142133333333405,0.05067370817500001,104.113331975,hide_information,honest,62.640254274999926
1952,85.40252335,415.3949443333335,46.796633333333176,0.2875,85.27451879674999,hide_information,honest,0.0
1953,104.13115767500001,827.8503353333358,48.1384666666665,0.2875,59.00615767500001,hide_information,honest,0.0
1954,106.06162565,2059.580076333329,62.347833333333234,0.2875,60.936625649999996,hide_information,honest,0.0
1955,104.2597571,4576.702458000015,70.2064999999998,0.2875,59.1347571,hide_information,honest,0.0
1956,85.4443851,3397.3155356666725,76.11026666666663,0.2875,40.319385100000005,honest,honest,0.0
1957,85.44723185000001,4016.458991999985,71.3593333333336,0.2875,40.32223185000001,honest,honest,0.0
1958,85.41584235,3535.592690000004,58.75303333333332,0.2875,40.290842350000005,honest,honest,0.0
1959,103.98823050000001,955.9491760000004,33.75420000000003,0.2875,58.863230500000014,hide_information,honest,0.0
1960,104.0084311,366.80229233333296,54.32493333333346,0.2875,58.883431099999996,hide_information,honest,0.0
1961,104.03353905,128.49270666666632,43.41356666666663,0.2875,58.90853905,hide_information,honest,0.0
1962,93.581400575,49.20984333333328,60.02236666666668,0.2875,48.456400575,honest,honest,0.0
1963,96.18176,11.972177666666669,51.95776666666682,0.11114762558333408,51.05676,honest,honest,0.0
1964,95.996616675,5.204211333333333,70.6648666666667,0.05000000000000001,84.37856781416653,honest,honest,8.5094898141665
1965,95.723147975,0.3632443333333333,49.43203333333327,0.05,95.723147975,honest,honest,45.9278703083334
1966,97.745885975,1.6707443333333334,46.23689999999996,0.05,97.745885975,honest,honest,49.8382416416667
1967,55.847919225,0.3163666666666666,42.439799999999885,0.05,55.847919225,honest,honest,13.091752558333447
1968,36.59571915,0.0,47.44113333333334,0.11760361500000001,36.59571915,honest,hide_information,3.386925816666661
1969,36.6473989,1.1644666666666663,51.84590000000009,0.18873635942916717,23.802712049999997,honest,honest,0.0
1970,36.679206574999995,0.0,54.84359999999996,0.26149043315357323,10.319298283458235,honest,honest,0.0
1971,38.345270225,0.0,55.95146666666656,0.2971732214430469,0.0,honest,honest,0.0
1972,57.402099325,0.0,56.43073333333325,0.2684598438919328,10.439187250821092,honest,honest,0.0
1973,96.59870605,1.1644666666666663,58.24570000000009,0.07051444704163644,55.091335710532775,hide_information,honest,0.0
1974,104.112547375,1.1644666666666663,58.60786666666661,0.05,100.21480243708908,honest,honest,40.4424691037558
1975,104.130873525,4.406033333333333,65.54833333333333,0.05,104.130873525,honest,honest,34.17650685833334
1976,85.42420725,329.90478866666655,68.51273333333322,0.2875,85.42420725,honest,honest,0.0
1977,104.14944287499999,856.2140733333322,66.76676666666673,0.2875,59.02444287499999,hide_information,honest,0.0
1978,106.077717875,1845.9856069999985,60.12623333333337,0.2875,60.952717875000005,honest,honest,0.0
1979,104.28072415000001,4461.937989000005,67.88419999999995,0.2875,59.15572415000001,honest,honest,0.0
1980,85.46851197500001,4930.89800133332,68.60409999999997,0.2875,40.34351197500001,honest,hide_information,0.0
1981,85.4822075,4621.953159666671,53.83546666666675,0.2875,40.3572075,honest,hide_information,0.0
1982,85.464112,4322.122689333338,56.3014000000002,0.2875,40.339112,honest,honest,0.0
1983,104.059347925,3368.073477666669,46.9664333333334,0.2875,58.934347925,hide_information,honest,0.0
1984,104.06577337499999,3654.500100333341,44.71680000000017,0.2875,58.94077337499999,hide_information,honest,0.0
1985,104.06694630000001,2250.399183333327,45.05083333333341,0.2875,58.94194630000001,honest,honest,0.0
1986,93.247372025,390.0148086666676,50.69393333333353,0.2875,48.122372025000004,honest,honest,0.0
1987,95.871511725,19.302729000000017,58.28869999999984,0.17751335705624932,50.746511725000005,honest,honest,0.0
1988,95.7598273,4.607644666666666,57.202066666666674,0.05,71.53228945931262,honest,honest,9.722578125979283
1989,95.7360689,4.612344666666666,58.80970000000014,0.05,95.7360689,honest,honest,32.3140242333332
1990,97.757025925,0.0,61.29659999999998,0.05,97.757025925,honest,honest,36.46042592500002
1991,55.8603518,2.635333333333333,60.59403333333334,0.08500282061666674,55.8603518,honest,honest,0.0
1992,36.623833625,0.0,67.71763333333327,0.2292855942211247,29.973297707833325,honest,honest,0.0
1993,36.68246185,0.0,67.90019999999984,0.2875,2.6181989479863077,honest,honest,0.0
1994,36.71495565,0.0,70.89353333333321,0.33176339131578947,0.0,honest,honest,0.0
1995,37.0926805,0.0,72.66589999999984,0.37403875710526313,0.0,honest,honest,0.0
1996,56.14377685,0.0,74.63240000000013,0.34838086236842103,6.143776850000002,honest,honest,0.0
1997,96.04261960000001,0.0,73.65953333333323,0.21640330786491171,46.04261960000001,hide_information,honest,0.0
1998,104.116177425,1.1644666666666663,51.58449999999996,0.05165936500000004,72.49954893066678,hide_information,honest,20.09992226400015
1999,104.13834167499999,11.748333333333331,48.863333333333145,0.05,103.82306232499998,honest,honest,43.2113956583335
2000,85.44019457499999,100.3338786666672,41.04960000000008,0.2875,85.44019457499999,honest,honest,0.0
2001,104.19368130000001,702.7356233333337,30.618866666666676,0.2875,59.06868130000001,hide_information,honest,0.0
2002,106.14675912499999,921.1524479999988,31.65826666666665,0.2875,61.02175912499999,honest,honest,0.0
2003,104.409435575,3182.700726000018,21.771366666666665,0.2875,59.284435575,honest,honest,0.0
2004,85.61323290000001,5184.034570333333,22.530266666666623,0.2875,40.488232900000014,honest,hide_information,0.0
2005,85.63023192499999,5715.855890666672,22.448366666666583,0.2875,40.50523192499999,honest,hide_information,0.0
2006,85.59454567499999,6260.504318666666,32.46026666666664,0.2875,40.46954567499999,honest,honest,0.0
2007,104.188713075,5786.321796000029,35.24603333333332,0.2875,59.063713074999995,hide_information,honest,0.0
2008,104.19047954999999,3460.532362999996,33.09943333333331,0.2875,59.06547954999999,hide_information,honest,0.0
2009,104.172677675,2772.9265323333266,34.05999999999998,0.2875,59.047677675,honest,honest,0.0
2010,93.6801176,1426.4577356666691,43.04776666666673,0.2875,48.5551176,honest,honest,0.0
2011,96.23866687499999,727.8527243333311,41.52363333333337,0.2875,51.11366687499999,honest,honest,0.0
2012,96.03340965,16.50887766666666,37.23753333333328,0.06348050641249972,50.908409649999996,honest,honest,0.0
2013,95.75084000000001,0.6234666666666667,38.968166666666754,0.05,93.18954378162506,honest,honest,53.59791044829164
2014,97.765106075,0.9364003333333336,37.28399999999987,0.05,97.765106075,honest,honest,59.5447057416668
2015,55.865742125000004,0.0,39.436333333333216,0.05,55.865742125000004,honest,honest,16.429408791666788
2016,36.62385845,0.0,35.75829999999989,0.10095557749999984,36.62385845,honest,hide_information,11.593048450000076
2017,36.67855505,0.0,34.1373666666666,0.08391676387291622,26.996995325000032,honest,honest,0.0
2018,36.707716625,0.0,33.21966666666667,0.06404164209322355,30.263531489145922,honest,honest,0.0
2019,37.0813041,0.0,31.46703333333324,0.05,34.413392102287524,honest,honest,2.9463587689542834
2020,56.1335335,0.0,35.0282,0.05,56.1335335,hide_information,honest,21.1053335
2021,96.032013025,0.0,24.809900000000013,0.05,96.032013025,hide_information,honest,71.22211302499998
2022,104.08560785,0.0,33.92886666666669,0.05,104.08560785,honest,honest,70.15674118333331
2023,104.105349425,3.196422666666667,35.96209999999991,0.05,104.105349425,honest,honest,64.94682675833343
2024,85.39216475,50.107589,45.81210000000009,0.12140331432500005,85.39216475,hide_information,honest,4.504752449999927
2025,104.136678625,215.9899223333331,46.10076666666684,0.2875,90.57004890325,hide_information,honest,0.0
2026,106.0756387,684.8775059999988,45.36453333333324,0.2875,60.9506387,honest,honest,0.0
2027,104.269714025,2707.444496,43.11813333333341,0.2875,59.144714025,honest,honest,0.0
2028,85.46849912500001,3569.14707833335,42.08870000000009,0.2875,40.34349912500001,honest,hide_information,0.0
2029,85.488072575,3511.7849076666635,33.02783333333332,0.2875,40.363072575000004,honest,hide_information,0.0
2030,85.47233735,4556.004397666673,29.11500000000004,0.2875,40.347337350000004,honest,honest,0.0
2031,104.05879060000001,3552.981655333333,22.03019999999997,0.2875,58.93379060000001,hide_information,honest,0.0
2032,104.07753345,2591.4318966666665,19.401100000000067,0.2875,58.952533450000004,hide_information,honest,0.0
2033,104.082596775,1711.660757666666,13.88190000000004,0.2875,58.957596775,hide_information,honest,0.0
2034,93.604647075,1007.1507666666672,24.755199999999988,0.2875,48.479647075,honest,honest,0.0
2035,96.19681399999999,706.7499326666672,11.818566666666625,0.2875,51.07181399999999,honest,honest,0.0
2036,96.009567525,18.91152666666665,10.357533333333336,0.05,50.884567524999994,honest,honest,21.61550752500001
2037,95.7331679,0.3501223333333333,12.032133333333334,0.05,95.7331679,honest,honest,83.35091223333333
2038,97.756723025,0.190111,11.99679999999997,0.05,97.756723025,honest,honest,85.56981202500003
2039,55.865588075000005,0.185111,13.39579999999996,0.05,55.865588075000005,honest,honest,42.28467707500005
2040,36.63591205,0.4704666666666666,15.177400000000034,0.07162779500000005,36.63591205,honest,hide_information,25.54126538333331
2041,36.6923139,0.0724333333333333,13.8901,0.06979339250000001,32.583032849999995,honest,hide_information,22.787529516666662
2042,36.722170825,0.0,17.79666666666664,0.07536024999999996,32.961426249999995,honest,hide_information,20.50375958333335
2043,37.095688249999995,0.0,39.11129999999997,0.08246178143749985,32.277240750000004,honest,honest,0.0
2044,56.1337329,0.0,19.48796666666665,0.05,49.96599442687503,hide_information,honest,30.478027760208377
2045,96.043134325,0.0,20.161800000000078,0.05,96.043134325,honest,honest,75.88133432499993
2046,104.13829104999999,0.0,26.5987000000001,0.05,104.13829104999999,honest,honest,77.5395910499999
2047,104.15920720000001,1.7738333333333332,33.36163333333343,0.05,104.15920720000001,honest,honest,69.02374053333324
2048,85.4678764,33.268501,36.65363333333328,0.05,85.4678764,honest,honest,15.545742066666719
2049,104.239836375,85.03778,40.80016666666675,0.17117883650000001,104.239836375,hide_information,honest,3.9132237083332626
2050,106.1953328,475.1948193333344,42.93459999999991,0.2875,83.171353865,honest,honest,0.0
2051,104.555785975,2778.9333496666777,44.72886666666679,0.2875,59.430785975000006,honest,honest,0.0
2052,85.79103417500001,5574.340884333336,43.424466666666746,0.2875,40.66603417500001,honest,hide_information,0.0
2053,85.812270825,5979.772875666691,39.13340000000016,0.2875,40.687270825,honest,hide_information,0.0
2054,85.809750975,5467.361379666677,32.28820000000001,0.2875,40.684750975,honest,honest,0.0
2055,104.39719674999999,4877.042918000006,32.9343333333333,0.2875,59.27219674999999,hide_information,honest,0.0
2056,104.39482999999998,3791.411409333332,32.89039999999987,0.2875,59.269829999999985,hide_information,honest,0.0
2057,104.40312697499999,3053.787355333333,28.99636666666671,0.2875,59.27812697499999,hide_information,honest,0.0
2058,93.8665971,2459.782941666663,27.331266666666757,0.2875,48.74159710000001,honest,honest,0.0
2059,96.43765965,637.1365099999998,21.59500000000001,0.2875,51.31265965,honest,honest,0.0
2060,96.23488395000001,11.36503766666661,24.755199999999935,0.05,51.10988395000001,honest,honest,14.989646283333464
2061,95.927181975,1.7002190000000006,26.81093333333333,0.05,95.927181975,honest,honest,67.41602964166667
2062,97.852790725,1.2667106666666663,22.482333333333408,0.05,97.852790725,honest,honest,74.10374672499994
2063,56.0158428,6.496188666666667,23.35889999999998,0.05,56.0158428,honest,honest,26.160754133333356
2064,36.804688075,0.0,21.17643333333335,0.08017641750000003,36.804688075,honest,hide_information,21.98118474166666
2065,36.866902,0.0,20.711833333333345,0.05,31.133382675,honest,honest,10.421549341666655
2066,36.87783175,1.0836113333333333,21.21296666666659,0.05,36.87783175,honest,honest,14.581253750000077
2067,38.522715399999996,0.0,14.67623333333328,0.05,38.522715399999996,honest,honest,23.846482066666717
2068,57.534443475,0.0,12.222300000000022,0.05,57.534443475,hide_information,honest,45.312143474999985
2069,96.71505415,0.0,13.568933333333383,0.05,96.71505415,hide_information,honest,83.14612081666661
2070,104.24065645,0.0,18.59090000000001,0.05,104.24065645,honest,honest,85.64975645
2071,104.27176672499999,3.786955666666667,24.018966666666653,0.05,104.27176672499999,honest,honest,76.46584439166668
2072,85.5869195,30.901078,23.092666666666634,0.09403403614999997,85.5869195,hide_information,honest,40.86349823333336
2073,104.36367325,381.7835320000005,23.164199999999948,0.2875,95.9972063815,hide_information,honest,0.0
2074,106.2380464,982.963027666665,30.2518,0.2875,61.1130464,honest,honest,0.0
2075,104.59793429999999,1177.2205893333344,28.43823333333337,0.2875,59.47293429999999,honest,honest,0.0
2076,85.8114911,1269.5478953333322,31.16969999999993,0.2875,40.6864911,honest,hide_information,0.0
2077,85.820577875,1865.2777213333293,32.39510000000009,0.2875,40.695577875,honest,hide_information,0.0
2078,85.7531678,1874.7027699999985,34.43796666666667,0.2875,40.6281678,honest,honest,0.0
2079,104.299441575,2460.158578666657,31.99706666666676,0.2875,59.174441575,hide_information,honest,0.0
2080,104.3130888,3369.807915999984,27.1927333333334,0.2875,59.1880888,hide_information,honest,0.0
2081,104.31880294999999,2490.215888000001,29.362266666666685,0.2875,59.19380294999999,hide_information,honest,0.0
2082,93.49942562500001,1507.502088000004,36.87023333333335,0.2875,48.374425625000015,honest,honest,0.0
2083,96.12181237499999,553.2094323333349,44.474966666666646,0.2875,50.99681237499999,honest,honest,0.0
2084,96.00352655,27.0648549999999,70.2181666666666,0.2704213518041658,50.878526550000004,honest,honest,0.0
2085,95.97827674999999,1.1964670000000002,55.86936666666667,0.06409616535742638,54.09821990720849,honest,honest,0.0
2086,97.87141802500001,0.4832776666666667,47.85843333333354,0.05,95.193146607089,honest,honest,46.8514356070888
2087,56.022224300000005,0.8122,37.88783333333333,0.05115738499999999,56.022224300000005,hide_information,honest,17.565850966666673
2088,36.802344175,0.0,41.49316666666666,0.07332594679791662,36.582441025,honest,honest,0.0
2089,36.859648324999995,0.0527776666666666,48.298333333333375,0.12563611469136995,32.42771843339584,honest,honest,0.0
2090,36.87721785,0.0,63.09460000000005,0.24279415872146162,22.50635605863971,honest,honest,0.0
2091,37.244730700000005,0.0,58.83073333333335,0.28750000000000003,0.6138405429223042,honest,honest,0.0
2092,56.264497375,0.0,70.97169999999987,0.2875,11.13949737499999,honest,honest,0.0
2093,96.15298695,1.798089,77.75520000000009,0.18549518473750043,51.02798695,hide_information,honest,0.0
2094,104.241701675,0.9538,75.71333333333341,0.05135916500000002,78.49761657487491,hide_information,honest,2.116623241541504
2095,104.294207675,16.565488666666667,70.6292666666667,0.07360582135000002,104.03596632499999,hide_information,honest,21.810857591666633
2096,85.644474,43.03796766666667,78.46773333333309,0.24164508201837387,81.1593679435,hide_information,honest,0.0
2097,104.42174495,458.0188673333335,71.94646666666674,0.2875,68.00917936650896,hide_information,honest,0.0
2098,106.29319075,475.134906333335,76.41239999999999,0.2875,61.168190749999994,hide_information,honest,0.0
2099,104.6576416,369.1511513333339,75.1396666666667,0.2875,59.532641600000005,hide_information,honest,0.0
2100,85.842810475,258.9115916666661,80.45030000000014,0.2875,40.71781047499999,honest,honest,0.0
2101,85.83075015,387.64110499999913,79.3549333333336,0.2875,40.70575015,honest,honest,0.0
2102,85.797189475,506.7827213333325,79.53090000000027,0.2875,40.672189474999996,honest,honest,0.0
2103,104.39016655,475.49849733333343,79.4670333333337,0.2875,59.265166550000004,hide_information,honest,0.0
2104,104.3922681,329.72179233333395,83.05306666666672,0.2875,59.267268099999995,hide_information,honest,0.0
2105,104.40647480000001,419.5163866666672,83.09123333333336,0.2875,59.28147480000001,hide_information,honest,0.0
2106,91.296919925,183.15117033333297,81.70343333333321,0.2875,46.171919925,hide_information,honest,0.0
2107,96.52177010000001,36.91281166666669,79.70543333333335,0.2875,51.39677010000001,hide_information,honest,0.0
2108,96.30076799999999,6.493300333333333,73.52170000000012,0.186986353583334,51.17576799999999,hide_information,honest,0.0
2109,95.993450875,2.1270176666666667,75.81133333333331,0.08786845970270885,69.96604369416653,hide_information,honest,0.0
2110,97.87642052500001,0.7162056666666667,74.9863333333331,0.05102059307500001,90.68141318148534,hide_information,honest,15.193735881485566
2111,56.032553175000004,1.7863946666666668,73.62740000000002,0.14298198233560427,55.83864049075,hide_information,honest,0.0
2112,36.821927875,0.0,71.4513333333337,0.2875,19.15535123123519,honest,honest,0.0
2113,36.863782775,0.0,69.37693333333327,0.3309800906578947,0.0,honest,honest,0.0
2114,36.85196385,0.675,66.9459999999999,0.3745223861842105,0.0,honest,honest,0.0
2115,37.19359715,0.675,61.74179999999991,0.41626661171052626,0.0,honest,honest,0.0
2116,56.202386375,0.0,59.74410000000008,0.39060871697368416,6.202386375000003,honest,honest,0.0
2117,96.09904137499998,0.0,61.66453333333336,0.2013869090389256,46.099041374999985,hide_information,honest,0.0
2118,104.22345855,0.0981943333333333,49.25146666666679,0.05013992692500001,75.45994583260415,hide_information,honest,26.139743132604025
2119,104.2812557,1.828633333333333,39.82650000000002,0.05260580250000002,104.25466958425,hide_information,honest,63.14812625091665
2120,85.638767425,42.19237733333333,52.65869999999994,0.11012413770000008,85.14366494999999,hide_information,honest,2.9503008166667257
2121,104.421240625,372.0493013333336,47.92986666666673,0.2875,92.99765446199999,hide_information,honest,0.0
2122,106.3069512,606.9888819999995,43.85183333333322,0.2875,61.1819512,hide_information,honest,0.0
2123,104.693774025,664.4224186666672,45.66469999999996,0.2875,59.568774024999996,hide_information,honest,0.0
2124,85.918949575,644.4631426666663,45.62396666666674,0.2875,40.793949575,honest,honest,0.0
2125,85.92691549999999,877.5771649999987,48.99159999999987,0.2875,40.80191549999999,honest,honest,0.0
2126,85.877095125,822.5055990000019,53.93816666666671,0.2875,40.752095125,honest,honest,0.0
2127,104.472796075,805.2921489999992,63.53906666666688,0.2875,59.347796075000005,hide_information,honest,0.0
2128,104.483952125,603.2880730000012,70.61183333333318,0.2875,59.358952125,hide_information,honest,0.0
2129,104.463970775,412.59988033333445,75.42066666666666,0.2875,59.33897077500001,hide_information,honest,0.0
2130,91.292685625,226.72999966666663,76.22293333333351,0.2875,46.167685625000004,hide_information,honest,0.0
2131,96.47894657500001,43.95121300000005,74.3861666666668,0.2875,51.35394657500001,hide_information,honest,0.0
2132,96.26456912500001,7.608291,72.79023333333339,0.1889800372395835,51.13956912500001,hide_information,honest,0.0
2133,95.943569075,6.975155999999998,63.271300000000046,0.05993959730000004,69.53736199947913,hide_information,honest,1.3834527994790875
2134,97.8817674,3.9845443333333335,60.30666666666663,0.05567797567499999,95.99324391299999,hide_information,honest,32.89739621300002
2135,56.026472375000004,1.888755333333333,49.032500000000006,0.05269147635,54.947656996750005,hide_information,honest,4.593028263416663
2136,36.783176175,0.0,42.4233333333334,0.07921980390795864,36.271795668500005,honest,honest,0.0
2137,36.832984725,0.0,43.01909999999992,0.10575492058318231,31.28122198248786,honest,honest,0.0
2138,36.853545075,0.0,41.26003333333336,0.1212496350534055,26.26011016419536,honest,honest,0.0
2139,38.506731,0.0,37.26879999999995,0.10842262338569822,24.969300339852957,honest,honest,0.0
2140,57.5281922,0.3533333333333333,42.40443333333332,0.050503500000000014,46.42789375671734,hide_information,honest,3.776127090050686
2141,96.71808485,0.3533333333333333,44.37533333333331,0.050503500000000014,96.62241985,hide_information,honest,51.99975318333336
2142,104.26698432500001,0.5916666666666667,45.12076666666666,0.05084312500000001,104.17131932500001,hide_information,honest,58.636385991666685
2143,104.315779325,0.5585443333333333,26.296633333333325,0.05,104.15558557499999,honest,honest,77.30040790833333
2144,85.61772400000001,44.51307666666667,20.92873333333328,0.11343113424999997,85.61772400000001,hide_information,honest,33.52983700000006
2145,104.37017445000001,476.0202486666668,24.66586666666665,0.2875,92.31825894250001,honest,honest,0.0
2146,106.23623897499999,657.6900020000006,14.55956666666664,0.2875,61.11123897499999,honest,honest,0.0
2147,104.568583125,896.1924990000007,12.29416666666671,0.2875,59.443583125,honest,honest,0.0
2148,85.802833275,1225.478684,10.515133333333308,0.2875,40.677833275,honest,hide_information,0.0
2149,85.82457205,3827.234302333333,12.704566666666654,0.2875,40.69957205,honest,honest,0.0
2150,85.795672475,3559.9414713333317,12.67809999999998,0.2875,40.670672475,honest,honest,0.0
2151,104.400090875,4106.569740666673,9.504566666666674,0.2875,59.275090875000004,hide_information,honest,0.0
2152,104.397777625,4146.163294000003,15.2692,0.2875,59.272777625,hide_information,honest,0.0
2153,104.40961185,3127.163361666667,18.67639999999999,0.2875,59.284611850000005,honest,honest,0.0
2154,90.93447235,1940.8986923333327,9.98866666666665,0.2875,45.80947234999999,honest,honest,0.0
2155,96.19681095000001,929.7389946666684,8.908266666666663,0.2875,51.071810950000014,honest,honest,0.0
2156,96.08529242499999,44.84647799999996,11.40259999999998,0.07512173148124976,50.96029242499999,honest,honest,0.0
2157,96.034516175,11.944510333333334,28.8248,0.05,91.26138719356254,honest,honest,50.492076860229204
2158,97.9078106,1.8719776666666668,18.625199999999943,0.05,97.9078106,honest,honest,77.4106329333334
2159,56.032997275,4.594355333333335,18.19573333333327,0.05,56.032997275,honest,honest,33.242908608333394
2160,36.767369224999996,0.0,18.13216666666673,0.0758383375000001,36.767369224999996,honest,hide_information,24.074852558333284
2161,36.778661225,0.0,20.4777333333334,0.0791807700000001,31.86937709999998,honest,hide_information,17.5349637666666
2162,36.783429825,0.0,21.79816666666663,0.08106238749999994,31.239083524999984,honest,hide_information,15.980366858333342
2163,37.14755775,0.0,20.148133333333288,0.07871108999999996,31.24570412500001,honest,hide_information,17.14201079166671
2164,56.1529288,0.0,20.992933333333397,0.05,50.697821700000006,honest,honest,29.70488836666661
2165,96.049046825,0.0,22.00510000000005,0.05,96.049046825,honest,honest,74.04394682499995
2166,104.123122575,0.0,27.80966666666663,0.05,104.123122575,honest,honest,76.31345590833337
2167,104.144189025,0.0,31.882000000000023,0.05,104.144189025,honest,honest,72.26218902499998
2168,85.447582025,96.18574233333322,18.295466666666652,0.1879097281312494,85.447582025,honest,honest,0.0
2169,104.18790279999999,806.2913439999998,30.70123333333329,0.2875,77.9850544550626,honest,honest,0.0
2170,106.09492814999999,1095.3865533333342,31.627833333333356,0.2875,60.96992814999999,honest,honest,0.0
2171,104.29856,4004.873444666674,17.756499999999996,0.2875,59.173559999999995,honest,honest,0.0
2172,85.4896581,4274.052109999979,34.307999999999936,0.2875,40.3646581,honest,hide_information,0.0
2173,85.48907614999999,4654.652998333335,10.374266666666662,0.2875,40.36407614999999,honest,honest,0.0
2174,85.456798775,4997.002861333332,9.860433333333331,0.2875,40.331798774999996,honest,honest,0.0
2175,104.041726225,5555.798898333336,31.84503333333337,0.2875,58.916726225000005,hide_information,honest,0.0
2176,104.03998792499999,5332.921152333356,32.75750000000001,0.2875,58.91498792499999,hide_information,honest,0.0
2177,104.0569955,3428.339476333354,27.671099999999992,0.2875,58.9319955,honest,honest,0.0
2178,90.97143185,1271.0727473333327,19.43316666666668,0.2875,45.84643185,honest,honest,0.0
2179,96.21566792499999,337.8208786666661,37.82806666666655,0.2875,51.09066792499999,honest,honest,0.0
2180,96.03539107499999,142.4985553333334,43.66843333333323,0.2875,50.91039107499999,honest,honest,0.0
2181,95.76223175000001,4.229333333333334,42.41613333333342,0.05,50.63723175000001,honest,honest,3.991765083333256
2182,97.77846410000001,0.0,44.11236666666662,0.05,97.77846410000001,honest,honest,53.66609743333339
2183,55.8740301,3.255621666666667,42.9421,0.05463926087500003,55.8740301,hide_information,honest,10.652994933333332
2184,36.646323775,0.3158666666666667,47.68903333333317,0.10814017000843676,35.76486420874999,honest,honest,0.0
2185,36.709662125,0.0,24.512766666666664,0.05,25.663029823397018,honest,honest,1.1502631567303538
2186,36.743435725000005,0.0,47.341400000000206,0.10034033030625095,36.743435725000005,honest,honest,0.0
2187,37.122568825,0.0,50.44909999999991,0.15873317118264105,27.557906066812322,honest,honest,0.0
2188,56.159275099999995,0.0,53.1465000000002,0.1338210052673345,35.4999725752982,honest,honest,0.0
2189,93.428963475,0.0,60.82230000000008,0.05,77.50297247420644,hide_information,honest,16.680672474206368
2190,104.1554182,0.4831666666666666,67.51063333333352,0.05,104.1554182,honest,honest,36.16161819999982
2191,104.17089035000001,8.649510666666664,69.6999,0.05,104.17089035000001,honest,honest,25.821479683333337
2192,85.444227375,85.43614433333326,65.18816666666663,0.2875,85.444227375,honest,honest,0.0
2193,104.20615124999999,560.3235023333317,66.94183333333342,0.2875,59.08115124999999,honest,honest,0.0
2194,106.11349755,1191.6880570000014,69.7472,0.2875,60.988497550000005,honest,honest,0.0
2195,104.334152875,2825.3587273333324,69.74219999999997,0.2875,59.209152875,honest,honest,0.0
2196,85.529417625,5067.4609896666825,75.3478,0.2875,40.404417624999994,honest,hide_information,0.0
2197,85.53820977499998,5217.97875766668,72.34946666666669,0.2875,40.413209774999984,honest,honest,0.0
2198,85.48300392499999,5950.196425000022,77.25950000000022,0.2875,40.35800392499999,honest,honest,0.0
2199,104.06853437500001,5653.948767666687,77.3452000000002,0.2875,58.94353437500001,hide_information,honest,0.0
2200,104.068486275,5099.198624666685,74.66313333333325,0.2875,58.943486275,hide_information,honest,0.0
2201,104.055478475,3672.699283999993,62.36973333333338,0.2875,58.930478475,honest,honest,0.0
2202,90.95267462500001,2911.6305026666705,70.16970000000035,0.2875,45.827674625000014,honest,honest,0.0
2203,96.20117412500001,949.200792333331,68.0930666666668,0.2875,51.07617412500001,honest,honest,0.0
2204,96.017555875,44.650938000000046,63.283799999999935,0.2875,50.892555875,honest,honest,0.0
2205,95.73413325000001,3.630077,57.447066666666544,0.09972304947916602,50.60913325000001,honest,honest,0.0
2206,97.75212425,0.8025666666666667,45.98420000000006,0.05,88.30474484895845,honest,honest,41.51797818229173
2207,55.851825625000004,0.0,34.80156666666664,0.05,55.851825625000004,hide_information,honest,21.050258958333366
2208,36.6179662,0.4156,21.86836666666668,0.05,36.6179662,honest,honest,14.333999533333316
2209,36.6700304,0.4156,29.72933333333333,0.05,36.6700304,honest,honest,6.525097066666671
2210,36.6995955,0.0,37.44296666666675,0.053531013041667054,36.6995955,honest,honest,0.0
2211,37.075393675,0.0,33.64439999999992,0.05,36.40450119708326,honest,honest,2.760101197083344
2212,56.127625099999996,0.193,29.04276666666663,0.050275025,56.127625099999996,hide_information,honest,26.949758433333365
2213,93.38792615,0.0,28.106233333333343,0.05,93.3356714,hide_information,honest,65.22943806666666
2214,104.121505675,0.0,30.98120000000001,0.05,104.121505675,hide_information,honest,73.14030567499998
2215,104.134630275,0.710422,35.26953333333334,0.05,104.134630275,honest,honest,68.15467494166666
2216,85.42180185,15.482711000000002,47.79546666666649,0.05,85.42180185,honest,honest,22.1436241833335
2217,104.154094225,267.0737710000007,54.82639999999982,0.2875,104.154094225,honest,honest,0.0
2218,106.082872825,1149.6368679999994,61.66983333333327,0.2875,60.957872824999995,honest,honest,0.0
2219,104.2847328,3062.136274666673,66.13533333333329,0.2875,59.1597328,honest,honest,0.0
2220,85.4691412,3051.4573309999846,72.90130000000016,0.2875,40.344141199999996,honest,hide_information,0.0
2221,85.469936425,2206.537165666667,69.14453333333341,0.2875,40.344936425,honest,honest,0.0
2222,85.43572155,945.2321960000012,69.54100000000005,0.2875,40.31072155,honest,honest,0.0
2223,104.0070171,765.9067466666688,68.29506666666659,0.2875,58.8820171,hide_information,honest,0.0
2224,104.02542185,667.3908079999978,67.11673333333353,0.2875,58.90042185,hide_information,honest,0.0
2225,104.053076425,572.7411839999991,60.99549999999981,0.2875,58.928076425,honest,honest,0.0
2226,90.953915575,357.82697733333345,61.68946666666688,0.2875,45.828915574999996,honest,honest,0.0
2227,96.20368825,109.13022933333308,67.90523333333336,0.2875,51.07868825,honest,honest,0.0
2228,96.0177827,11.509407333333296,53.75023333333346,0.1182425753416671,50.8927827,honest,honest,0.0
2229,95.738024225,4.457733,56.77339999999993,0.05000000000000002,82.77193491008326,honest,honest,21.54080191008333
2230,97.75680700000001,1.136866333333333,36.26886666666664,0.05162003452499999,97.75680700000001,hide_information,honest,60.69213390000004
2231,55.859224825,2.2756666666666665,46.48730000000003,0.05324282499999999,55.55141826525,hide_information,honest,7.4711515985832975
2232,36.6234444,0.0,44.59426666666667,0.09078805532916667,36.00730765,honest,honest,0.0
2233,36.6814841,0.0,28.463233333333264,0.05,28.93175358745833,honest,honest,0.4685202541250675
2234,36.7141984,0.0,24.332966666666596,0.05,36.7141984,honest,honest,12.381231733333404
2235,38.37879285,0.0,18.754533333333296,0.05,38.37879285,honest,honest,19.624259516666708
2236,57.41701095,0.0,30.22523333333332,0.05,57.41701095,hide_information,honest,27.191777616666677
2237,93.9681154,0.0,13.57130000000006,0.05,93.9681154,hide_information,honest,80.39681539999994
2238,104.136192175,0.0,10.923833333333365,0.05,104.136192175,hide_information,honest,93.21235884166664
2239,104.154548375,56.365244666666655,9.932233333333327,0.05,104.154548375,honest,honest,37.85707037500002
2240,85.435089975,163.1728346666667,11.588533333333343,0.2875,85.435089975,hide_information,honest,0.0
2241,104.159855275,68.199567,10.46293333333337,0.1432313140270835,59.034855275,honest,honest,0.0
2242,106.07876680000001,660.6209219999997,12.128033333333375,0.2875,88.36481713485415,honest,honest,0.0
2243,104.291628525,3769.3030416666616,14.525233333333336,0.2875,59.16662852499999,honest,honest,0.0
2244,85.47657525,4300.758634999993,30.01129999999995,0.2875,40.351575249999996,honest,hide_information,0.0
2245,85.46550457500001,1418.5091226666682,28.17676666666672,0.2875,40.34050457500001,honest,honest,0.0
2246,85.4312747,2911.502079333336,32.171266666666675,0.2875,40.3062747,honest,honest,0.0
2247,104.0175664,4525.873113666654,51.17339999999986,0.2875,58.89256640000001,hide_information,honest,0.0
2248,104.02680135,3038.866938000015,68.30789999999999,0.2875,58.90180135,hide_information,honest,0.0
2249,104.057885075,1965.3277163333344,76.41160000000008,0.2875,58.932885075,honest,honest,0.0
2250,90.604904625,2367.8130370000026,80.28746666666679,0.2875,45.479904625,honest,honest,0.0
2251,95.87511237499999,1393.9770226666667,79.98406666666683,0.2875,50.750112374999986,honest,honest,0.0
2252,95.76307722499999,134.07696466666664,79.43796666666675,0.2875,50.63807722499999,honest,honest,0.0
2253,95.738595225,0.820745,75.40239999999989,0.17164536143124948,50.613595225,honest,honest,0.0
2254,97.75681275,2.2444993333333327,75.94926666666649,0.06686046662920185,74.6441940780626,hide_information,honest,0.0
2255,55.85804055,0.0094443333333333,77.70009999999998,0.1690112141036879,52.65455189045165,hide_information,honest,0.0
2256,36.620558225,0.0,78.84926666666685,0.2875,14.008427545299302,honest,honest,0.0
2257,36.677345675,0.0,78.88446666666688,0.33196133855263155,0.0,honest,honest,0.0
2258,36.708363975,0.0,78.38866666666645,0.3762594228947368,0.0,honest,honest,0.0
2259,37.082464175,0.0,78.60776666666665,0.41858855881578944,0.0,honest,honest,0.0
2260,56.12686815,0.0,78.53249999999991,0.39293066407894733,6.12686815,honest,honest,0.0
2261,93.38620475,0.3332666666666666,78.72059999999999,0.2991941634462718,43.386204750000005,honest,honest,0.0
2262,104.122888575,0.0,77.53689999999979,0.14861428677900929,56.77599752020836,hide_information,honest,0.0
2263,104.1570467,3.835922333333334,77.16300000000005,0.05546618932499998,85.42033221198824,hide_information,honest,5.572186578654851
2264,85.451860275,315.1200720000012,76.44453333333324,0.2875,84.41328430325001,hide_information,honest,0.0
2265,104.17440915,669.653265000002,78.30693333333339,0.2875,59.04940915,hide_information,honest,0.0
2266,106.107333825,1031.8875566666663,77.79023333333338,0.2875,60.982333825,hide_information,honest,0.0
2267,104.33950512499999,1174.149664333333,74.4285666666668,0.2875,59.21450512499999,hide_information,honest,0.0
2268,85.53389885,1367.7665099999997,74.40366666666655,0.2875,40.40889885,honest,honest,0.0
2269,85.53682549999999,2493.4104149999985,75.15673333333346,0.2875,40.41182549999999,honest,honest,0.0
2270,85.50968205000001,2018.3185566666664,74.41633333333357,0.2875,40.38468205000001,honest,honest,0.0
2271,104.0962406,2672.040912000001,74.88876666666697,0.2875,58.9712406,hide_information,honest,0.0
2272,104.113438575,2630.096430999989,74.98089999999972,0.2875,58.988438575,hide_information,honest,0.0
2273,104.130578375,4221.919473666663,77.29343333333352,0.2875,59.005578375,hide_information,honest,0.0
2274,91.01088955,2787.643803000004,77.41260000000034,0.2875,45.88588955,hide_information,honest,0.0
2275,96.24098475,728.2046123333325,67.36706666666673,0.2875,51.115984749999996,honest,honest,0.0
2276,96.04847625,72.30988933333332,74.2877,0.2875,50.92347624999999,honest,honest,0.0
2277,95.753397925,8.358967000000002,77.26239999999997,0.2162166031062499,50.628397925,honest,honest,0.0
2278,97.76391615,5.455678,78.50209999999991,0.13443132809089015,66.18276155981252,honest,honest,0.0
2279,55.866240925,1.2076666666666669,73.41576666666661,0.21529593754161142,39.82428858773088,honest,hide_information,0.0
2280,36.637421849999996,0.0,76.09503333333333,0.2875,5.231193717093831,honest,honest,0.0
2281,36.696669025,0.0,73.99790000000003,0.3318596367105263,0.0,honest,honest,0.0
2282,36.7273407,0.0,75.11916666666667,0.3760578435526316,0.0,honest,honest,0.0
2283,37.10398285,0.0,76.14723333333318,0.4182737232894737,0.0,honest,honest,0.0
2284,56.1390844,0.0,75.77056666666675,0.3926158285526316,6.1390844000000016,honest,honest,0.0
2285,93.4006838,0.1766666666666666,70.2272333333336,0.25772321076579074,43.400683799999996,honest,honest,0.0
2286,104.13833690000001,5.513288666666667,74.98110000000004,0.12516144360779297,64.67092685449977,hide_information,honest,0.0
2287,104.1741331,8.053555333333334,61.93730000000016,0.06147631634999998,89.89345881451935,hide_information,honest,22.318670081185857
2288,85.4724732,128.31043533333343,51.18360000000014,0.2875,83.2919730935,hide_information,honest,0.0
2289,104.227272975,448.65803100000056,43.31680000000011,0.2875,59.102272975000005,hide_information,honest,0.0
2290,106.1384261,808.8713899999999,55.26596666666671,0.2875,61.013426100000004,hide_information,honest,0.0
2291,104.40772075,4063.385418333328,28.606233333333325,0.2875,59.282720749999996,hide_information,honest,0.0
2292,85.61944907499999,5250.237944666685,27.29870000000003,0.2875,40.49444907499999,honest,honest,0.0
2293,85.635942325,5315.845366000014,38.92570000000001,0.2875,40.510942325,honest,honest,0.0
2294,85.62992747499999,3969.060287333311,20.217433333333304,0.2875,40.50492747499999,honest,honest,0.0
2295,104.2384627,3793.1632790000185,28.097433333333367,0.2875,59.1134627,hide_information,honest,0.0
2296,104.268604525,3591.08127866667,53.11496666666668,0.2875,59.143604525,hide_information,honest,0.0
2297,104.290297025,3961.270195333316,22.985299999999963,0.2875,59.165297025,hide_information,honest,0.0
2298,91.18965355,2480.7248470000004,19.32763333333334,0.2875,46.06465355,hide_information,honest,0.0
2299,96.42641384999999,1419.6199206666645,20.38033333333333,0.2875,51.30141384999999,honest,honest,0.0
2300,96.235664875,103.09235599999992,24.694400000000005,0.2875,51.110664875,honest,honest,0.0
2301,95.94750017499999,3.504433666666667,23.7234,0.05,50.82250017499999,honest,honest,23.59466650833332
2302,97.87868939999998,0.4362666666666666,26.176566666666663,0.05,97.87868939999998,honest,honest,71.26585606666666
2303,56.058366,0.0740666666666666,27.158400000000004,0.05010554500000001,56.058366,hide_information,honest,28.84811933333333
2304,36.847502625000004,1.5983666666666667,45.87693333333331,0.10057729189374987,36.827449075000004,honest,honest,0.0
2305,36.92101235,1.348889,31.82776666666668,0.07786031168827601,27.311326890187523,honest,honest,0.0
2306,36.9627093,0.0075666666666666,31.318333333333342,0.05,31.66925007922756,honest,honest,0.3433500792275517
2307,38.62111365,0.0,29.20833333333334,0.05,38.62111365,honest,honest,9.412780316666659
2308,57.6508674,0.3163666666666666,33.50153333333336,0.0504508225,57.6508674,hide_information,honest,23.92787739999997
2309,94.249885125,0.0,43.47079999999997,0.05,94.16422885,honest,honest,50.69342885000003
2310,104.43803709999999,2.100033333333333,34.9769,0.05,104.43803709999999,honest,honest,67.36110376666664
2311,104.461672125,31.487088000000004,22.407166666666612,0.05,104.461672125,honest,honest,50.567417458333395
2312,85.743862525,353.02901433333415,13.907600000000018,0.2875,85.743862525,honest,honest,0.0
2313,104.50165052499999,710.4677946666683,13.017466666666708,0.2875,59.37665052499999,honest,honest,0.0
2314,106.28393262499999,1280.488925333336,13.3442666666667,0.2875,61.15893262499999,honest,honest,0.0
2315,104.663929575,2377.487527333344,9.706133333333296,0.2875,59.538929575,honest,honest,0.0
2316,85.8926329,3060.308139666669,12.64596666666664,0.2875,40.767632899999995,honest,hide_information,0.0
2317,85.89684215,3685.398666333332,13.892133333333293,0.2875,40.77184215,honest,honest,0.0
2318,85.85281872499999,5026.859682333336,15.788966666666626,0.2875,40.72781872499999,honest,honest,0.0
2319,104.46156197500001,4429.608441000006,17.300366666666655,0.2875,59.33656197500001,hide_information,honest,0.0
2320,104.45646124999999,3218.037201999997,19.773766666666656,0.2875,59.33146124999999,hide_information,honest,0.0
2321,104.46131082500001,2133.975063999994,25.92629999999997,0.2875,59.33631082500001,honest,honest,0.0
2322,90.997273225,1252.1089669999992,28.19256666666656,0.2875,45.872273225,honest,honest,0.0
2323,96.25316992500001,574.3387349999998,17.377899999999997,0.2875,51.12816992500001,honest,honest,0.0
2324,96.11900855,75.22414466666667,40.376766666666775,0.2875,50.994008550000004,honest,honest,0.0
2325,96.087743975,4.463166666666668,55.20046666666665,0.09132922445208327,50.962743974999995,honest,honest,0.0
2326,97.9876941,1.7725,53.57056666666666,0.05000000000000001,90.13514145410417,honest,honest,34.792074787437514
2327,56.181897049999996,2.2210666666666667,57.38853333333356,0.0662815890125011,56.181897049999996,honest,honest,0.0
2328,36.952832825,0.0,62.79026666666668,0.187421944831699,33.85933091262479,honest,hide_information,0.0
2329,37.00323895,0.3163666666666666,64.87223333333351,0.2875,10.893069431977189,honest,honest,0.0
2330,37.021421024999995,0.0,68.70663333333349,0.3301504156578947,0.0,honest,honest,0.0
2331,37.393376775,0.0,70.85443333333347,0.3708431694736842,0.0,honest,honest,0.0
2332,56.4202525,0.0,72.4133666666668,0.3451852747368421,6.420252499999997,honest,honest,0.0
2333,93.65547835,0.0,70.30970000000013,0.20863493283750065,43.655478349999996,honest,hide_information,0.0
2334,104.35644355000001,1.8028333333333333,70.86643333333339,0.05000000000000002,74.21580631087488,honest,honest,1.5465396442081527
2335,104.38867495,14.929977,72.04503333333369,0.05,104.38867495,honest,honest,17.41366461666631
2336,85.691382125,315.96838999999886,71.6062333333331,0.2875,85.691382125,honest,honest,0.0
2337,104.41863935,886.4973329999976,68.87560000000012,0.2875,59.29363935000001,honest,honest,0.0
2338,106.24607367499999,1607.610267666668,67.52953333333339,0.2875,61.12107367499999,honest,honest,0.0
2339,104.55667885,3678.454858999998,69.67033333333337,0.2875,59.43167885,honest,honest,0.0
2340,85.778880425,4592.988506333332,68.71003333333314,0.2875,40.653880425,honest,hide_information,0.0
2341,85.79723592500001,5209.561821000003,70.49143333333323,0.2875,40.67223592500001,honest,honest,0.0
2342,85.781553925,4969.65237800001,74.15426666666657,0.2875,40.656553925,honest,honest,0.0
2343,104.379548575,4133.2987226666855,72.7156999999998,0.2875,59.254548575,hide_information,honest,0.0
2344,104.36832355,3122.292734666668,62.44446666666662,0.2875,59.24332355,hide_information,honest,0.0
2345,104.36895489999999,3338.658718000001,71.05763333333353,0.2875,59.24395489999999,honest,honest,0.0
2346,91.23706670000001,2084.6490019999983,65.17760000000003,0.2875,46.112066700000014,honest,honest,0.0
2347,96.4408359,758.0388886666668,70.77639999999998,0.2875,51.315835899999996,honest,honest,0.0
2348,96.21967229999998,15.929589333333375,73.95983333333345,0.2342750642416675,51.094672299999985,honest,honest,0.0
2349,95.90621049999999,3.2717346666666667,75.09993333333364,0.13301916860310642,60.89394829408316,honest,honest,0.0
2350,97.84286815,2.483697333333333,56.38669999999995,0.05000000000000002,82.06922611540978,honest,honest,23.198828782076497
2351,55.957441175,1.1757003333333331,72.11509999999979,0.13233345600208235,55.957441175,honest,honest,0.0
2352,36.720727175,0.0,75.97853333333325,0.2875,21.077370534604356,honest,honest,0.0
2353,36.767476349999995,0.0,76.32079999999979,0.3314869665789474,0.0,honest,honest,0.0
2354,36.781224475,0.0,77.63139999999984,0.37540157460526313,0.0,honest,honest,0.0
2355,37.1486127,0.0,78.90960000000022,0.4173825603947368,0.0,honest,honest,0.0
2356,56.165245075,0.0,79.78413333333366,0.3917246656578947,6.165245075000001,honest,honest,0.0
2357,93.41928535,0.0,80.00786666666684,0.30236253217522013,43.419285349999996,honest,honest,0.0
2358,104.14362502499999,0.2766666666666666,78.56953333333352,0.15759441641938712,56.194743911708166,honest,honest,0.0
2359,104.201409875,3.093710333333334,74.3481666666667,0.05,83.75847075531644,honest,honest,6.316593755316404
2360,85.518192925,163.71761033333289,73.64673333333334,0.2875,85.518192925,honest,honest,0.0
2361,104.290996975,739.6392796666673,78.34283333333327,0.2875,59.165996975,honest,honest,0.0
2362,106.20064532500001,1014.5153880000016,77.17709999999992,0.2875,61.07564532500001,honest,honest,0.0
2363,104.49550450000001,4117.5932173333495,78.57600000000008,0.2875,59.37050450000001,honest,honest,0.0
2364,85.70979915000001,5212.499440333337,76.3551666666665,0.2875,40.58479915000001,honest,hide_information,0.0
2365,85.729556175,5772.84003399998,75.67780000000002,0.2875,40.604556175,honest,honest,0.0
2366,85.725986675,4791.788093666686,75.29233333333354,0.2875,40.600986675,honest,honest,0.0
2367,104.34321717499999,4627.109840333324,75.60186666666691,0.2875,59.21821717499999,hide_information,honest,0.0
2368,104.383844325,4157.429172000006,66.9740000000001,0.2875,59.258844325,hide_information,honest,0.0
2369,104.42176482500001,4549.927122333353,56.4663333333332,0.2875,59.29676482500001,honest,honest,0.0
2370,91.33250132500001,2617.8510966666595,52.73639999999981,0.2875,46.20750132500001,honest,honest,0.0
2371,96.553259075,1764.2445936666672,51.0171666666668,0.2875,51.428259075,honest,honest,0.0
2372,96.36176022500001,346.9662986666676,46.57023333333336,0.2875,51.23676022500001,honest,honest,0.0
2373,96.05951259999999,8.868366333333334,54.61563333333324,0.10961006356666628,50.93451259999999,honest,honest,0.0
2374,97.945620075,0.1559333333333333,45.11833333333318,0.05000000000000001,86.6197079973334,honest,honest,41.345441330666894
2375,56.161294125000005,15.197044666666669,52.05026666666667,0.10265858173958337,56.161294125000005,hide_information,honest,0.0
2376,36.97667005,0.5338886666666667,40.02593333333344,0.1145443417824745,26.971539519479165,honest,honest,0.0
2377,37.04409615,11.4857,22.74883333333329,0.09490584507951635,24.780671211329846,honest,honest,0.0
2378,37.057372375,0.0,16.81383333333334,0.05,28.525261809891894,honest,honest,11.711428476558556
2379,37.4265963,0.0,14.407233333333288,0.05,37.4265963,honest,honest,23.019362966666712
2380,56.44443475,0.0,8.776499999999976,0.05,56.44443475,hide_information,honest,47.66793475000002
2381,91.05898967499999,0.041111,8.426700000000007,0.05005858317500001,91.05898967499999,hide_information,honest,82.60351197499999
2382,104.45946230000001,1.2824443333333335,11.646466666666631,0.05182748317500001,104.44833149675001,hide_information,honest,91.90415379675005
2383,104.45159377499999,74.2533,20.72343333333335,0.05,104.10437197174998,honest,honest,9.127638638416641
2384,85.7355345,31.28935633333333,19.35473333333329,0.05,85.7355345,honest,honest,35.091444833333384
2385,104.490421925,313.06651033333253,39.80003333333334,0.2875,104.490421925,honest,honest,0.0
2386,106.28119437500001,1042.4347546666702,30.755500000000023,0.2875,61.15619437500001,honest,honest,0.0
2387,104.62804867499999,4677.83223266666,21.085766666666583,0.2875,59.50304867499999,honest,honest,0.0
2388,85.88685972500001,4803.995297333347,66.4395,0.2875,40.76185972500001,honest,hide_information,0.0
2389,85.94837745,5481.700617666682,41.9001,0.2875,40.823377449999995,honest,honest,0.0
2390,85.973064425,5347.572874333346,42.70803333333331,0.2875,40.848064425000004,honest,honest,0.0
2391,104.569727775,3256.309470666682,54.775099999999775,0.2875,59.444727775000004,hide_information,honest,0.0
2392,104.54471552499999,3517.728500333332,65.71953333333333,0.2875,59.41971552499999,hide_information,honest,0.0
2393,104.496749075,3600.312177666664,54.9977,0.2875,59.371749075,honest,honest,0.0
2394,88.65321420000001,2175.2614050000075,57.91989999999998,0.2875,43.52821420000001,honest,hide_information,0.0
2395,96.5109616,747.2157049999994,63.48709999999987,0.2875,51.3859616,honest,honest,0.0
2396,96.30745429999999,106.35010000000014,65.40896666666671,0.2875,51.18245429999999,honest,honest,0.0
2397,96.038421825,1.876122,64.76386666666662,0.12470119249791639,50.913421825,honest,honest,0.0
2398,97.967793375,1.2138989999999998,60.43960000000001,0.05,83.77456680039589,honest,honest,22.121067800395878
2399,56.1831222,1.8634333333333333,61.149300000000125,0.08244065288333392,56.1831222,hide_information,honest,0.0
2400,36.995558775,0.0,62.0808333333334,0.19843274337929254,30.831834727166555,honest,honest,0.0
2401,37.0838662,1.323889,54.5213333333331,0.27307699253314366,8.881644957934427,honest,honest,0.0
2402,37.0768662,0.6476666666666667,52.1283999999998,0.3154355914805121,0.0,honest,honest,0.0
2403,38.690982525,0.0,46.20059999999988,0.33125169134893256,0.0,honest,honest,0.0
2404,57.704001325,0.0,14.47223333333333,0.1002428986516738,7.704001325,honest,honest,0.0
2405,91.610257325,0.0,12.883633333333323,0.05000000000000001,82.06410658118199,hide_information,honest,69.18047324784867
2406,104.423665825,0.0,29.141933333333327,0.05,104.423665825,hide_information,honest,75.28173249166667
2407,104.41780787500001,20.980733333333337,59.0885333333336,0.05,104.41780787500001,honest,honest,24.348541208333074
2408,85.69469605,378.04075400000033,50.53913333333337,0.2875,85.69469605,honest,honest,0.0
2409,104.44807615,886.156578333332,57.98953333333349,0.2875,59.323076150000006,honest,honest,0.0
2410,106.247134575,1516.4668176666637,61.13540000000001,0.2875,61.122134575000004,honest,honest,0.0
2411,104.53160105,3765.5008823333446,62.84016666666668,0.2875,59.406601050000006,honest,honest,0.0
2412,85.72265055000001,3933.404374333346,60.53416666666647,0.2875,40.59765055000001,honest,hide_information,0.0
2413,85.7173678,3870.3780906666575,47.02869999999989,0.2875,40.592367800000005,honest,honest,0.0
2414,85.676062175,4282.573030666673,23.444966666666684,0.2875,40.551062175,honest,honest,0.0
2415,104.2732395,5098.081590333321,26.696566666666637,0.2875,59.1482395,hide_information,honest,0.0
2416,104.271999375,4925.012299333332,17.79463333333337,0.2875,59.14699937499999,hide_information,honest,0.0
2417,104.29377647500002,1238.3946066666683,8.068566666666666,0.2875,59.168776475000016,honest,honest,0.0
2418,88.185168125,533.8592176666677,19.803933333333333,0.2875,43.060168125000004,honest,hide_information,0.0
2419,96.10570002499999,337.9813706666657,12.020500000000016,0.2875,50.98070002499999,honest,honest,0.0
2420,96.006897175,34.36621166666665,13.965900000000005,0.05,50.881897175000006,honest,honest,2.5497855083333505
2421,95.99281715000001,5.4196,10.591500000000035,0.05,95.99281715000001,honest,honest,79.98171714999998
2422,97.93028352500001,2.077189,11.30780000000006,0.05,97.93028352500001,honest,honest,84.54529452499995
2423,56.10039705,0.0451,13.609700000000032,0.0500642675,56.10039705,hide_information,honest,42.459127049999964
2424,36.892909,0.0,13.152566666666626,0.05,36.880698175000006,honest,honest,23.72813150833338
2425,36.9546213,0.0,13.142666666666663,0.0687283,36.9546213,honest,hide_information,27.754754633333334
2426,36.982165725,0.0,18.014299999999956,0.05,33.423788725,honest,honest,15.409488725000045
2427,37.360838625,0.0,21.447466666666624,0.05,37.360838625,honest,honest,15.913371958333375
2428,56.3899542,0.0,21.13720000000004,0.05,56.3899542,hide_information,honest,35.252754199999956
2429,91.006647325,0.0,19.48263333333337,0.05,91.006647325,hide_information,honest,71.52401399166664
2430,104.40214335,0.9570666666666668,17.681266666666716,0.05136381999999999,104.40214335,hide_information,honest,86.05093001666663
2431,104.429096825,0.6722666666666667,17.76496666666669,0.05095798,104.16997102500001,hide_information,honest,85.93441769166665
2432,85.737791125,39.69837833333335,18.710833333333383,0.10657018912500002,85.55577492500001,hide_information,honest,39.056076758333276
2433,104.49847775,448.5692010000001,18.84173333333333,0.2875,93.75014181625001,hide_information,honest,0.0
2434,106.32493435,706.7572286666674,11.55773333333334,0.2875,61.19993435000001,hide_information,honest,0.0
2435,104.684609325,881.401530666667,11.426500000000004,0.2875,59.559609325,hide_information,honest,0.0
2436,85.923494025,1251.326305333332,12.151666666666678,0.2875,40.798494025,honest,honest,0.0
2437,85.97704182499999,1383.5819986666656,11.14106666666664,0.2875,40.852041824999986,honest,honest,0.0
2438,85.989669625,1862.5604646666652,9.28016666666668,0.2875,40.864669625000005,honest,honest,0.0
2439,104.649043275,980.6809346666652,7.279533333333345,0.2875,59.524043275,hide_information,honest,0.0
2440,105.28470587499999,697.3077506666691,6.349833333333342,0.2875,60.159705874999986,hide_information,honest,0.0
2441,107.2468826,481.7581543333338,7.74183333333334,0.2875,62.121882600000006,hide_information,honest,0.0
2442,89.5895878,220.7844093333329,12.712900000000015,0.2875,44.464587800000004,honest,honest,0.0
2443,96.861467525,89.92198100000002,7.503866666666688,0.26702455567291683,51.736467524999995,hide_information,honest,0.0
2444,96.554317975,9.732290333333331,10.002966666666664,0.05000000000000002,55.31965239714581,honest,honest,35.58439539714581
2445,96.196845375,1.2125780000000002,8.898533333333333,0.05,96.196845375,honest,honest,86.08573404166665
2446,98.04494135,0.9128553333333334,10.453133333333348,0.051300818850000006,98.04494135,hide_information,honest,86.95280928333332
2447,56.2499007,0.0,12.295266666666675,0.05,56.002745118499995,honest,honest,43.70747845183332
2448,37.0158427,0.0,14.29116666666665,0.07036491249999997,37.0158427,honest,hide_information,27.012026033333346
2449,37.055145225000004,1.4466673333333333,21.929566666666663,0.08124963250000002,33.18581185000001,honest,hide_information,16.388447850000013
2450,37.059926825,0.0,18.851599999999987,0.05,31.122496649999995,honest,honest,12.270896650000008
2451,37.422045425,0.0,20.94623333333337,0.05,37.422045425,honest,honest,16.47581209166663
2452,56.432380025,0.1609,22.237333333333304,0.050229282500000014,56.432380025,hide_information,honest,34.082416691666694
2453,91.046722875,0.0,25.85403333333324,0.05,91.0031592,hide_information,honest,65.14912586666676
2454,104.449128,1.9715556666666665,31.056099999999976,0.05,104.449128,honest,honest,71.42147233333336
2455,104.504270375,67.82696700000001,20.757899999999985,0.14665342797500003,104.504270375,hide_information,honest,36.26749347500001
2456,85.88290130000001,83.3649396666669,18.94519999999996,0.21525910098910506,67.51874998475,hide_information,honest,0.0
2457,104.682451775,284.22561200000035,19.28273333333333,0.2875,73.28322258707004,hide_information,honest,0.0
2458,106.557323475,520.3911369999988,9.396099999999974,0.2875,61.432323475000004,hide_information,honest,0.0
2459,105.929800075,993.7396526666678,8.095200000000014,0.2875,60.804800075,hide_information,honest,0.0
2460,86.599798075,1484.6471416666668,8.490366666666697,0.2875,41.474798074999995,honest,honest,0.0
2461,86.1739106,1609.4546139999975,7.885633333333338,0.2875,41.0489106,honest,honest,0.0
2462,86.084283375,2083.790524666665,9.29436666666669,0.2875,40.959283375,honest,honest,0.0
2463,104.594706325,1911.2807593333307,11.163833333333343,0.2875,59.469706325000004,hide_information,honest,0.0
2464,104.54993397499999,1705.2019990000006,8.744400000000002,0.2875,59.42493397499999,hide_information,honest,0.0
2465,104.546046875,1679.4681413333312,7.288733333333339,0.2875,59.421046875,hide_information,honest,0.0
2466,88.82224515000001,1806.6753199999985,13.87363333333336,0.2875,43.697245150000015,honest,honest,0.0
2467,96.6918824,990.1216236666676,24.28033333333335,0.2875,51.5668824,hide_information,honest,0.0
2468,96.488540175,144.1081826666671,25.751400000000064,0.2875,51.363540175,honest,honest,0.0
2469,96.200222625,1.8577220000000003,28.5235333333334,0.05,51.075222624999995,honest,honest,20.693967291666596
2470,98.09354875,0.6819546666666667,30.701233333333438,0.050971785400000004,98.09354875,hide_information,honest,66.91494714999989
2471,56.297284875,1.5739046666666667,39.58850000000002,0.05,56.112645649,honest,honest,14.95024098233332
2472,37.102100075,1.0344443333333333,47.13720000000012,0.11717051000000017,37.102100075,honest,hide_information,3.0716157416665837
2473,37.19163995,0.0,53.52303333333327,0.18819550384583317,24.42924304999997,honest,honest,0.0
2474,37.2191733,0.9394443333333332,57.05616666666672,0.27340952129586465,10.962027569291699,honest,honest,0.0
2475,38.965334675,0.0,69.67220000000013,0.30582881248007515,0.0,honest,honest,0.0
2476,57.94910485,1.0344443333333333,76.96573333333339,0.2875,9.341630478785717,honest,honest,0.0
2477,91.840737925,0.0,76.53673333333344,0.19164972818958387,46.715737925,honest,honest,0.0
2478,104.62581952500001,17.567666333333335,69.39756666666679,0.09395109369735,77.71237116897908,honest,honest,0.0
2479,104.609156425,67.49674433333338,73.45959999999972,0.26231500462644064,96.2584486225035,honest,honest,0.0
2480,85.95010764999999,416.9265126666664,73.8031333333331,0.2875,45.61025677097627,honest,honest,0.0
2481,104.76284985,927.9524026666644,68.19323333333355,0.2875,59.637849849999995,honest,honest,0.0
2482,106.79469845,1726.7943660000003,60.71513333333328,0.2875,61.66969845,honest,honest,0.0
2483,109.899688075,2835.0698049999974,65.82806666666667,0.2875,64.774688075,honest,honest,0.0
2484,93.38758715,1402.0585606666618,71.61739999999995,0.2875,48.26258715,honest,honest,0.0
2485,93.57794935,1743.7601443333306,75.98686666666674,0.2875,48.45294935,hide_information,honest,0.0
2486,95.15938865000001,1718.6911303333295,73.8838000000002,0.2875,50.03438865000001,hide_information,honest,0.0
2487,117.4942053,1639.5033876666655,75.17593333333342,0.2875,72.3692053,hide_information,honest,0.0
2488,120.332295125,1423.4748013333344,75.78683333333315,0.2875,75.207295125,hide_information,honest,0.0
2489,121.0304049,1222.890520666667,75.93013333333326,0.2875,75.9054049,honest,honest,0.0
2490,98.37098197499999,750.1008513333347,77.44346666666654,0.2875,53.24598197499999,honest,honest,0.0
2491,103.18572122500001,503.8631780000008,75.45669999999996,0.2875,58.06072122500001,honest,honest,0.0
2492,98.19377845,73.17099000000017,76.46766666666669,0.2875,53.068778449999996,honest,honest,0.0
2493,96.51221827500001,3.290344666666666,71.8557000000002,0.16285442536041755,51.38721827500001,hide_information,honest,0.0
2494,98.30301695,1.338755666666667,69.72446666666664,0.05190772682500004,76.86067613152066,hide_information,honest,6.199080498187357
2495,56.47259365,1.8049,74.57076666666669,0.1462613202887293,56.11012555324999,hide_information,honest,0.0
2496,37.20832325,0.9394443333333332,62.20073333333334,0.26005215003974486,18.918672395141435,honest,honest,0.0
2497,37.219915074999996,0.1250666666666667,66.73719999999994,0.3016578601713238,0.0,honest,honest,0.0
2498,37.24213435,0.0,56.353866666666725,0.34314662675027113,0.0,honest,honest,0.0
2499,37.666664375,0.0,56.10893333333331,0.3824010247765869,0.0,honest,honest,0.0
2500,56.793779475,0.0,52.7837333333332,0.33769541086682753,6.793779475000001,honest,honest,0.0
2501,91.402483225,0.1605666666666666,58.89436666666672,0.15838665414456904,41.402483225,honest,honest,0.0
2502,104.79590189999999,0.6563,62.04906666666673,0.05093522750000002,84.20243761253187,hide_information,honest,21.693960945865136
2503,104.9210436,80.97967566666661,67.28266666666659,0.2567152118020827,104.743350375,honest,honest,0.0
2504,86.2678813,527.540385333334,71.46669999999973,0.2875,46.99199105760429,hide_information,honest,0.0
2505,110.783043525,921.2669783333322,79.0935333333334,0.2875,65.658043525,honest,honest,0.0
2506,123.58406289999999,1897.0880063333343,78.45330000000006,0.2875,78.45906289999999,honest,honest,0.0
2507,126.895233225,2683.9733093333302,76.62303333333337,0.2875,81.770233225,honest,honest,0.0
2508,109.50190900000001,1957.808144666667,75.55869999999997,0.2875,64.37690900000001,honest,honest,0.0
2509,112.0424629,2630.8842260000106,82.67060000000018,0.2875,66.9174629,hide_information,honest,0.0
2510,115.48482805,2381.950924666667,80.99036666666699,0.2875,70.35982805,hide_information,honest,0.0
2511,140.983376325,1949.4406033333305,80.4680999999998,0.2875,95.858376325,hide_information,honest,0.0
2512,142.47549845,1667.3710206666678,82.04880000000009,0.2875,97.35049845,hide_information,honest,0.0
2513,145.677119825,1621.2926673333327,81.43393333333348,0.2875,100.552119825,honest,honest,0.0
2514,123.95384247499999,776.1061233333332,68.67236666666645,0.2875,78.82884247499999,honest,honest,0.0
2515,124.456144225,442.9819966666673,58.4327333333334,0.2875,79.331144225,honest,honest,0.0
2516,120.930980675,78.16666900000006,61.0256333333333,0.2875,75.805980675,honest,honest,0.0
2517,115.67052015,3.4130336666666663,59.91529999999982,0.054863572974999976,70.54552015,hide_information,honest,8.241096583333515
2518,113.057112575,17.112322333333324,45.75473333333338,0.05,112.13303370975001,honest,honest,49.26597804308331
2519,62.94317045,1.496289,42.65910000000017,0.05213221182499998,62.94317045,hide_information,honest,19.236668149999822
2520,37.635196375,0.0,36.024200000000114,0.05,37.230076128250005,honest,honest,1.2058761282498907
2521,37.67379675,0.0,31.556900000000034,0.05,37.67379675,honest,honest,6.116896749999967
2522,37.6760263,0.0,27.84563333333331,0.05,37.6760263,honest,honest,9.830392966666686
2523,38.1120738,0.0,22.8904333333334,0.05,38.1120738,honest,honest,15.221640466666596
2524,57.13567375,0.0,18.32599999999996,0.05,57.13567375,hide_information,honest,38.809673750000044
2525,91.75161279999999,0.0,23.782166666666654,0.05,91.75161279999999,hide_information,honest,67.96944613333334
2526,106.07503539999999,4.523466666666667,17.67046666666674,0.05644594000000001,106.07503539999999,hide_information,honest,85.23814206666658
2527,111.794202675,142.34113299999987,22.026733333333382,0.2875,110.56947407499999,hide_information,honest,0.0
2528,90.32149665,408.2186570000012,16.829533333333348,0.2875,45.19649665,hide_information,honest,0.0
2529,115.8908253,835.0741226666661,16.317466666666697,0.2875,70.7658253,honest,honest,0.0
2530,124.1755876,1641.7287716666683,20.283799999999943,0.2875,79.0505876,honest,honest,0.0
2531,128.37206220000002,3230.688019333331,22.646233333333345,0.2875,83.24706220000002,honest,honest,0.0
2532,109.017192525,3474.191551999995,25.257433333333324,0.2875,63.892192525,honest,honest,0.0
2533,107.22847465,3447.632622999996,19.81670000000001,0.2875,62.103474649999995,hide_information,honest,0.0
2534,107.1587651,4097.093606666661,16.552766666666695,0.2875,62.0337651,hide_information,honest,0.0
2535,131.087441575,2410.1962753333314,12.603333333333376,0.2875,85.96244157500001,hide_information,honest,0.0
2536,133.99962820000002,2453.4872769999997,16.746333333333325,0.2875,88.87462820000002,hide_information,honest,0.0
2537,137.045159875,1702.8284860000006,8.188966666666666,0.2875,91.920159875,honest,honest,0.0
2538,118.11320182499999,1058.3800110000032,17.51476666666669,0.2875,72.98820182499999,honest,honest,0.0
2539,123.9297988,966.364765333336,10.518366666666717,0.2875,78.8047988,honest,honest,0.0
2540,114.652763925,193.89885399999997,17.176699999999993,0.2875,69.527763925,honest,honest,0.0
2541,105.54720097500001,14.905465333333392,17.948099999999986,0.05,60.42220097500001,honest,honest,27.56863564166663
2542,100.59530535,0.1355,9.67043333333335,0.05,100.59530535,honest,honest,90.78937201666665
2543,56.633615975,0.0,10.119933333333304,0.05,56.633615975,hide_information,honest,46.51368264166669
2544,37.353070175,0.0,8.749966666666648,0.05,37.353070175,honest,honest,28.60310350833335
2545,37.3856787,0.0,11.013899999999971,0.05,37.3856787,honest,honest,26.37177870000003
2546,37.37928915,0.0,27.02103333333332,0.05,37.37928915,honest,honest,10.358255816666677
2547,37.713069425,0.0,14.37793333333327,0.05,37.713069425,honest,honest,23.33513609166673
2548,56.640459099999994,0.1109999999999999,9.859233333333314,0.050158175000000006,56.640459099999994,hide_information,honest,46.70352576666668
2549,91.1333994,0.0,31.51930000000001,0.05,91.10334615000001,hide_information,honest,59.58404615
2550,104.5257179,2.4022666666666668,8.932933333333317,0.05342323,104.5257179,hide_information,honest,93.91119790000002
2551,104.54595895,16.852799999999995,10.18596666666665,0.07401524000000001,103.89554525,hide_information,honest,81.91261858333336
2552,85.86960785000001,265.9378026666658,13.542200000000037,0.2875,81.30671225,hide_information,honest,0.0
2553,104.630556125,333.81803400000103,14.728333333333326,0.2875,59.505556125,honest,honest,0.0
2554,106.49385297500001,1405.032825333334,27.29979999999999,0.2875,61.36885297500001,honest,honest,0.0
2555,105.39463359999999,4505.636003666652,19.18583333333338,0.2875,60.26963359999999,honest,honest,0.0
2556,86.157491525,6001.674990333311,24.511766666666592,0.2875,41.032491525,honest,hide_information,0.0
2557,86.14915392500001,4637.926955000012,30.16020000000002,0.2875,41.02415392500001,honest,honest,0.0
2558,86.1034293,3581.925083666664,29.64030000000005,0.2875,40.9784293,honest,honest,0.0
2559,105.776941725,3037.227940666667,44.86376666666668,0.2875,60.651941725,hide_information,honest,0.0
2560,107.794389175,3531.333153666676,31.606966666666622,0.2875,62.669389175000006,hide_information,honest,0.0
2561,110.24079325000001,2915.962794999996,43.98999999999997,0.2875,65.11579325000001,honest,honest,0.0
2562,91.128285175,2955.995154999995,42.14346666666653,0.2875,46.003285175,honest,honest,0.0
2563,98.216768325,1655.3185080000012,43.97463333333324,0.2875,53.091768325000004,honest,honest,0.0
2564,96.680753375,465.1544346666666,53.16326666666672,0.2875,51.555753374999995,honest,honest,0.0
2565,96.28655119999999,2.6317886666666643,44.94366666666679,0.05,51.16155119999999,honest,honest,3.5860958666665326
2566,98.1338388,0.5987776666666663,61.993000000000045,0.05,98.1338388,honest,honest,35.5420611333333
2567,56.3550768,0.0388333333333333,50.05633333333328,0.05,56.3550768,honest,honest,6.259910133333385
2568,37.139439374999995,0.0,52.228600000000185,0.12442575500000026,37.139439374999995,honest,hide_information,0.5794193749998655
2569,37.202711,0.0,51.32726666666646,0.18426088330416593,23.06181754999995,honest,honest,0.0
2570,37.196030549999996,0.0,52.96409999999987,0.24606877706950916,11.686462722208471,honest,honest,0.0
2571,38.957295825,0.0,69.64186666666663,0.28750000000000003,1.704228181793269,honest,honest,0.0
2572,57.987455174999994,0.0,52.86306666666683,0.2400029045854175,12.862455174999987,honest,honest,0.0
2573,89.232878575,0.0,59.320000000000206,0.07939144815709029,53.13232670377067,hide_information,honest,0.0
2574,104.6806181,0.7990999999999999,53.1965666666668,0.05113871750000001,99.09624295015286,hide_information,honest,45.34030628348606
2575,104.779873575,6.501933333333334,48.14613333333345,0.05,104.56351724999999,honest,honest,49.915450583333204
2576,86.30406757499999,42.18084333333333,47.73930000000019,0.06717635985208431,86.30406757499999,honest,honest,0.0
2577,112.29545725,300.0791539999992,49.44586666666675,0.2875,109.03194887810398,honest,honest,0.0
2578,125.56169475000002,1709.3886216666697,52.60136666666673,0.2875,80.43669475000002,honest,honest,0.0
2579,134.176204525,4513.793672999996,48.25710000000005,0.2875,89.051204525,honest,honest,0.0
2580,114.6715825,5886.877782999981,36.43093333333329,0.2875,69.5465825,honest,honest,0.0
2581,111.877916175,6360.728042333315,34.250433333333376,0.2875,66.752916175,hide_information,honest,0.0
2582,108.77329715,5899.102770933324,37.8495,0.2875,63.648297150000005,hide_information,honest,0.0
2583,126.050741475,5543.810977999981,26.82013333333333,0.2875,80.925741475,hide_information,honest,0.0
2584,124.188306725,4655.409994333332,30.93286666666668,0.2875,79.063306725,hide_information,honest,0.0
2585,121.41236715,3072.173574000004,34.238300000000045,0.2875,76.28736715,honest,honest,0.0
2586,94.4981962,3245.862989333345,27.83083333333328,0.2875,49.373196199999995,honest,honest,0.0
2587,97.5336087,2056.666865666668,29.667833333333352,0.2875,52.4086087,honest,honest,0.0
2588,96.30665479999999,321.1823669999992,38.340800000000016,0.2875,51.18165479999999,honest,honest,0.0
2589,96.2028667,5.907939666666676,32.11109999999997,0.05,51.0778667,honest,honest,13.058827033333351
2590,98.03911935,1.628677,34.30570000000004,0.05,98.03911935,honest,honest,62.10474234999997
2591,56.191698800000005,0.3558113333333333,31.665533333333386,0.05050703115000001,56.191698800000005,hide_information,honest,24.277097533333286
2592,36.96034505,0.0,42.40320000000003,0.07631115662537513,36.8640091315,honest,honest,0.0
2593,36.990918725,0.0,33.36326666666664,0.056514471577317586,31.991798966178727,honest,honest,0.0
2594,36.990418850000005,0.0,41.87536666666676,0.07908281272769618,35.752669250309665,honest,honest,0.0
2595,37.35374745,0.0,64.35286666666669,0.20449305476591256,31.828013031737726,honest,honest,0.0
2596,56.345807775,0.0,48.56563333333326,0.1524741533283191,26.99212736947661,honest,honest,0.0
2597,88.28504519999998,0.0,42.66783333333327,0.05,68.81495606761936,hide_information,honest,26.147122734286093
2598,104.319984425,0.0,35.123400000000046,0.05,104.319984425,hide_information,honest,69.19658442499995
2599,104.3253518,3.2800223333333327,44.40383333333323,0.05467403182500001,104.3253518,hide_information,honest,57.62550283333344
2600,85.607823625,66.46945566666663,49.75346666666666,0.19964003258664564,84.71975757825,hide_information,honest,0.0
2601,104.345152475,476.1251566666666,52.85110000000016,0.2875,75.91354628353733,hide_information,honest,0.0
2602,106.21802495,660.1286883333332,60.9386000000001,0.2875,61.09302495,hide_information,honest,0.0
2603,104.523669525,1268.964946333335,54.05976666666674,0.2875,59.398669525,hide_information,honest,0.0
2604,85.7556134,1488.9722583333355,70.64236666666669,0.2875,40.6306134,honest,honest,0.0
2605,85.7844039,1154.7614493333322,40.51216666666679,0.2875,40.6594039,honest,honest,0.0
2606,85.7452058,1097.2961403333338,34.79946666666663,0.2875,40.620205799999994,honest,honest,0.0
2607,104.32516587500001,970.2549073333336,32.760866666666686,0.2875,59.20016587500001,hide_information,honest,0.0
2608,104.3398187,888.3684116666678,31.66356666666667,0.2875,59.214818699999995,hide_information,honest,0.0
2609,104.35075115000001,972.3063493333334,29.48843333333339,0.2875,59.22575115000001,hide_information,honest,0.0
2610,88.5897284,1308.4622420000037,23.48293333333328,0.2875,43.4647284,honest,honest,0.0
2611,96.4660255,1268.6178880000025,19.53643333333338,0.2875,51.3410255,hide_information,honest,0.0
2612,96.24612585,369.61483366666687,22.420266666666723,0.2875,51.12112585,hide_information,honest,0.0
2613,95.931466125,17.212041000000013,33.21776666666672,0.07452715842500002,50.806466125,hide_information,honest,5.540270758333271
2614,97.86240885,0.7541893333333333,28.64226666666661,0.051074719799999994,93.20224874924999,hide_information,honest,64.03204954925005
2615,56.004239875,5.285905666666669,29.781400000000065,0.05753241557500001,55.80004311300001,hide_information,honest,22.318509146333277
2616,36.780705375,6.364066666666667,49.22529999999997,0.14613914619185403,35.34954641575,honest,honest,0.0
2617,36.833939025,0.0,49.637633333333305,0.19758312740273143,18.567501248547735,honest,honest,0.0
2618,36.852401425000004,0.0,38.30259999999995,0.1900822157122149,8.81160721848103,honest,honest,0.0
2619,37.2075526,4.289444666666666,50.39359999999994,0.25943278699694033,10.591931614679169,honest,honest,0.0
2620,56.214040250000004,0.0,45.43300000000023,0.18780314907723972,16.42181072058134,honest,honest,0.0
2621,88.16517325,0.6035,41.66343333333324,0.050859987499999995,61.98257492532444,hide_information,honest,19.896691591991207
2622,104.2086576,14.442342666666663,48.73543333333332,0.0705803383,104.045259975,hide_information,honest,45.20018677500001
2623,104.256580875,26.17834466666667,33.399133333333275,0.08730414114999997,100.346316598,hide_information,honest,48.62234199800005
2624,85.574714825,84.2913706666667,57.59403333333329,0.2875,78.48692800650001,hide_information,honest,0.0
2625,104.342790475,143.88933933333402,24.697699999999948,0.2875,59.217790475,hide_information,honest,0.0
2626,106.217313275,1630.773257666661,46.31143333333336,0.2875,61.092313274999995,hide_information,honest,0.0
2627,104.53228089999999,3233.699918999999,17.308399999999992,0.2875,59.40728089999999,hide_information,honest,0.0
2628,85.731197,6288.689865666663,11.391200000000024,0.2875,40.606196999999995,honest,honest,0.0
2629,85.74384477500001,5824.855223666684,17.456433333333347,0.2875,40.618844775000014,honest,honest,0.0
2630,85.708750975,5726.586958000015,19.00566666666662,0.2875,40.583750975,honest,honest,0.0
2631,104.293306825,4428.7334786666615,24.88466666666678,0.2875,59.168306825,hide_information,honest,0.0
2632,104.316221375,4994.023932999991,22.32276666666671,0.2875,59.191221375,hide_information,honest,0.0
2633,104.334987,3838.4512629999927,53.42836666666667,0.2875,59.209987,hide_information,honest,0.0
2634,88.575640675,1374.0686263333344,26.69393333333336,0.2875,43.450640675,honest,honest,0.0
2635,96.463043575,1677.2786893333382,34.90943333333342,0.2875,51.338043575,hide_information,honest,0.0
2636,96.27647715,439.33794933333263,20.367633333333423,0.2875,51.151477150000005,honest,honest,0.0
2637,95.981993625,12.33656833333333,24.55919999999993,0.05,50.856993625,honest,honest,13.961225291666743
2638,97.87183925000001,2.5427120000000003,56.4235,0.05362336460000001,97.87183925000001,hide_information,honest,39.66844085000001
2639,56.03513065,6.225022666666667,39.14560000000007,0.05,55.346691375999995,honest,honest,9.976068709333255
2640,36.7999655,0.1284333333333333,22.86553333333328,0.05,36.7999655,honest,honest,13.805998833333387
2641,36.85072965,0.3031113333333333,31.13613333333332,0.05,36.85072965,honest,honest,5.411484983333345
2642,36.855861475,0.0,22.975033333333275,0.05,36.855861475,honest,honest,13.880828141666722
2643,38.47027105,0.0,26.996700000000104,0.05,38.47027105,honest,honest,11.473571049999897
2644,57.49421505,0.0355556666666666,28.17036666666669,0.05005066682500001,57.49421505,hide_information,honest,29.298959416666644
2645,88.766274675,6.739566666666667,27.17603333333326,0.05,88.75664797825,honest,honest,54.841047978250074
2646,104.240103425,6.302655333333334,27.8525000000001,0.05,104.240103425,honest,honest,70.08494809166658
2647,104.23982047499999,229.76285600000023,26.342300000000016,0.2875,104.23982047499999,honest,honest,0.0
2648,85.50394600000001,614.4913900000005,24.59910000000008,0.2875,40.37894600000001,honest,honest,0.0
2649,104.232533925,706.2196190000002,34.840799999999966,0.2875,59.107533925,honest,honest,0.0
2650,106.1196604,1952.514231333333,18.880999999999933,0.2875,60.9946604,honest,honest,0.0
2651,104.33076475,4584.304163000019,20.802266666666743,0.2875,59.20576475,honest,honest,0.0
2652,85.52788550000001,4711.182675666655,20.642200000000077,0.2875,40.40288550000001,honest,hide_information,0.0
2653,85.518886425,4639.572578000021,16.29849999999995,0.2875,40.393886425000005,honest,honest,0.0
2654,85.47542645,4953.0758950000045,17.572266666666632,0.2875,40.35042645,honest,honest,0.0
2655,104.063462,4632.226327333336,18.014466666666653,0.2875,58.938462,hide_information,honest,0.0
2656,104.088135475,5899.472388333329,14.917266666666595,0.2875,58.963135475,hide_information,honest,0.0
2657,104.103845625,3326.793731666668,11.60336666666666,0.2875,58.978845625000005,honest,honest,0.0
2658,88.0152565,2726.813979333344,12.494499999999986,0.2875,42.89025650000001,honest,hide_information,0.0
2659,95.92974025000001,1880.7017186666656,14.300466666666662,0.2875,50.80474025000001,honest,honest,0.0
2660,95.81899485,565.6349296666677,16.89026666666669,0.2875,50.693994849999996,honest,honest,0.0
2661,95.80091412499999,10.486439000000042,18.53220000000005,0.05,50.67591412499999,honest,honest,21.6572751249999
2662,97.80946119999999,1.812934,20.87010000000002,0.05,97.80946119999999,honest,honest,75.12642719999997
2663,55.913320875,9.390577666666667,19.678733333333355,0.05,55.913320875,honest,honest,26.844009874999976
2664,36.690999775,12.3398,16.22386666666667,0.07311901000000001,36.690999775,honest,hide_information,12.994493108333334
2665,36.745460324999996,1.762778,22.56276666666663,0.08215194249999996,32.35284842499999,honest,hide_information,14.796133758333351
2666,36.77216235,0.0,25.72133333333325,0.0866528999999999,30.663293275000008,honest,hide_information,12.658359941666735
2667,37.149467475,0.0,26.39269999999993,0.08760959749999991,30.18541647500002,honest,hide_information,11.710526475000073
2668,56.1786617,0.0,29.173066666666667,0.05,49.032838175000016,honest,honest,19.85977150833335
2669,88.14588475000001,1.3356776666666668,31.543900000000104,0.05,88.14588475000001,honest,honest,55.26630708333324
2670,104.1594414,3.564311,31.604000000000077,0.05,104.1594414,honest,honest,68.99113039999993
2671,104.18153240000001,75.4966556666666,29.270666666666767,0.05278250218333346,104.18153240000001,honest,honest,0.0
2672,85.4874619,223.9861016666676,25.237766666666545,0.2875,84.95878648516664,honest,honest,0.0
2673,104.25704585,355.7992793333317,17.936133333333288,0.2875,59.13204585,honest,honest,0.0
2674,106.15540167500001,1690.2464699999978,15.018233333333336,0.2875,61.03040167500001,honest,honest,0.0
2675,104.382017125,4788.463220999978,12.377233333333356,0.2875,59.257017125000004,honest,honest,0.0
2676,85.591324575,5033.657345333329,18.524466666666648,0.2875,40.466324575,honest,hide_information,0.0
2677,85.6110175,3526.2465119999824,13.612599999999958,0.2875,40.4860175,honest,honest,0.0
2678,85.59109045,4513.103304000003,33.06303333333334,0.2875,40.466090449999996,honest,honest,0.0
2679,104.1701894,2712.0529830000096,24.801199999999906,0.2875,59.0451894,hide_information,honest,0.0
2680,104.18695555,3798.598760999996,43.08136666666664,0.2875,59.06195554999999,hide_information,honest,0.0
2681,104.21794685,3258.297487666668,21.573466666666643,0.2875,59.092946850000004,honest,honest,0.0
2682,85.82790647499999,3430.791620333336,22.29326666666664,0.2875,40.70290647499999,honest,hide_information,0.0
2683,96.354955375,1891.7047003333328,33.98080000000001,0.2875,51.229955375,honest,honest,0.0
2684,96.154917175,273.4171299999997,25.18300000000002,0.2875,51.029917174999994,honest,honest,0.0
2685,95.864098775,5.498067666666671,19.00876666666659,0.05,50.739098775,honest,honest,26.23226444166674
2686,97.83906404999999,4.813777,23.43923333333337,0.05,97.83906404999999,honest,honest,69.58605371666661
2687,55.9735414,2.913038666666667,36.0406,0.05,55.9735414,honest,honest,17.01990273333334
2688,36.751401075,6.396111,35.00383333333332,0.09988046249999996,36.751401075,honest,hide_information,5.852606741666673
2689,36.81241055,5.9246333333333325,21.545200000000055,0.050639875627083546,27.33512267500001,honest,honest,0.0
2690,36.846804,4.6680443333333335,21.02570000000004,0.07996162250000007,36.72522763085413,honest,hide_information,17.33919329752077
2691,37.21675495,0.0,18.15026666666666,0.07586413,31.52404667499999,honest,hide_information,18.81886000833333
2692,56.248926825,0.0,15.450566666666722,0.05,51.334742125,honest,honest,35.884175458333274
2693,88.21637975,0.0,18.02726666666669,0.05,88.21637975,honest,honest,70.18911308333331
2694,104.2377845,0.0,19.83026666666667,0.05,104.2377845,honest,honest,84.40751783333333
2695,104.302811775,0.8691333333333333,13.59919999999998,0.05,104.302811775,honest,honest,89.83447844166668
2696,85.649653575,27.21085899999997,12.532766666666658,0.05,85.649653575,honest,honest,45.90602790833337
2697,104.48066510000001,94.23556833333332,11.59583333333335,0.05641599869166661,104.48066510000001,honest,honest,0.0
2698,106.373494925,148.8922656666667,11.16243333333336,0.2875,105.15445517358334,honest,honest,0.0
2699,104.803940625,630.7916783333336,10.3134666666667,0.2875,59.678940624999996,honest,honest,0.0
2700,86.0792173,1363.3891043333322,10.939900000000025,0.2875,40.954217299999996,honest,hide_information,0.0
2701,86.136524775,1664.507701666666,14.246933333333343,0.2875,41.011524775,honest,honest,0.0
2702,86.19871695,2150.749904333341,13.164933333333302,0.2875,41.073716950000005,honest,honest,0.0
2703,105.74883525000001,1572.2117559999997,15.201399999999998,0.2875,60.62383525000001,hide_information,honest,0.0
2704,107.4021915,1494.7273753333327,15.51750000000003,0.2875,62.2771915,hide_information,honest,0.0
2705,108.43580275000001,992.2751863333328,25.276833333333336,0.2875,63.31080275000001,honest,honest,0.0
2706,87.6620102,616.4757439999987,25.188366666666617,0.2875,42.5370102,honest,hide_information,0.0
2707,96.990294375,431.3210653333336,37.018766666666686,0.2875,51.865294375000005,honest,honest,0.0
2708,96.62977645,80.81083333333338,34.0962999999999,0.2875,51.504776449999994,honest,honest,0.0
2709,96.25675857499999,5.0779,42.299433333333454,0.05,51.13175857499999,honest,honest,3.7544252416665387
2710,98.121510575,7.893343999999999,52.700066666666736,0.05,98.121510575,honest,honest,37.52809990833327
2711,56.3504918,5.478466666666667,48.57246666666671,0.05,56.3504918,honest,honest,2.2995584666666176
2712,37.146398125000005,0.0,55.97353333333327,0.13942889223958302,37.146398125000005,honest,hide_information,0.0
2713,37.218526425,0.0,56.651699999999934,0.22301714972747333,20.227036899479227,honest,honest,0.0
2714,37.26079155,0.0,60.46233333333335,0.2875,4.387533101780065,honest,honest,0.0
2715,37.6998878,0.0,60.55750000000003,0.3265795378947368,0.0,honest,honest,0.0
2716,56.861048375,0.0,66.63109999999999,0.3009216431578947,6.861048375000003,honest,honest,0.0
2717,88.763147175,0.0,67.99646666666679,0.17781505053541724,41.08803497500001,honest,hide_information,0.0
2718,104.629141975,9.220533333333332,48.80463333333336,0.05,80.34428237327072,honest,honest,22.319115706604023
2719,104.54264477500001,32.325133,46.8243999999999,0.05,104.54264477500001,honest,honest,25.393111775000108
2720,85.77902692500001,54.79681133333333,46.44663333333336,0.12808545615,85.77902692500001,hide_information,honest,0.9746256583333235
2721,104.4908764,333.23587766666634,50.73970000000015,0.2875,89.6546397315,honest,honest,0.0
2722,106.25227422500001,1916.47041933333,40.41289999999986,0.2875,61.12727422500001,honest,honest,0.0
2723,104.55896877500001,3907.4968683333336,40.289000000000144,0.2875,59.43396877500001,honest,honest,0.0
2724,85.756162475,4335.923015333328,41.56000000000004,0.2875,40.631162475,honest,hide_information,0.0
2725,85.70529025,4586.149393666665,35.350200000000086,0.2875,40.580290250000004,honest,honest,0.0
2726,85.636877975,4490.811873333331,41.58636666666673,0.2875,40.511877975000004,honest,honest,0.0
2727,104.2181731,3249.447054,30.404266666666675,0.2875,59.0931731,hide_information,honest,0.0
2728,104.23447565000001,3300.188964666668,27.58986666666667,0.2875,59.10947565000001,hide_information,honest,0.0
2729,104.255765575,2925.568856000001,27.418033333333284,0.2875,59.130765575,honest,honest,0.0
2730,85.850802375,2526.458344000001,44.035766666666696,0.2875,40.725802375,honest,hide_information,0.0
2731,96.37354417499999,1860.820689,42.05943333333333,0.2875,51.24854417499999,honest,honest,0.0
2732,96.174702625,806.8388026666685,28.11699999999995,0.2875,51.049702624999995,honest,honest,0.0
2733,95.87952209999999,16.00366266666663,25.738499999999892,0.05,50.75452209999999,honest,honest,9.012359433333465
2734,97.83124409999999,2.9273543333333327,31.124600000000022,0.05,97.83124409999999,honest,honest,63.779289766666636
2735,55.9667267,0.8745329999999999,23.984266666666645,0.05,55.9667267,honest,honest,31.107927033333358
2736,36.738883825,0.0,18.35509999999992,0.0761560174999999,36.738883825,honest,hide_information,23.89031382500006
2737,36.7995304,0.0,17.756833333333255,0.07530348749999989,31.829887075000023,honest,hide_information,19.400103741666747
2738,36.840246275,0.0,19.26866666666664,0.07745784999999997,32.03258365000002,honest,hide_information,18.544516983333374
2739,38.500164149999996,0.0,22.50296666666661,0.08206672749999992,33.283172650000004,honest,hide_information,17.53109598333338
2740,57.48961195,0.0,40.93336666666662,0.05,51.39693372500001,honest,honest,10.463567058333389
2741,88.7047911,0.2375333333333333,17.860700000000005,0.05,88.7047911,honest,honest,70.60655776666665
2742,104.15153395000002,40.73916666666667,17.253166666666655,0.05,104.15153395000002,honest,honest,46.159200616666695
2743,104.17711237500001,61.01231099999998,41.00169999999999,0.05,104.17711237500001,honest,honest,2.163101375000025
2744,85.488924975,231.46583766666683,42.62159999999999,0.2875,85.488924975,honest,honest,0.0
2745,104.24492897500001,177.15613966666595,23.03966666666668,0.2875,59.11992897500001,honest,honest,0.0
2746,106.157618125,1741.0115250000024,33.6526,0.2875,61.032618125,honest,honest,0.0
2747,104.411724225,4954.777708666672,19.06253333333332,0.2875,59.286724225,honest,honest,0.0
2748,85.61839675,6731.646457999999,18.97856666666667,0.2875,40.49339675,honest,hide_information,0.0
2749,85.630607475,6271.266024000008,14.079133333333326,0.2875,40.505607475000005,honest,honest,0.0
2750,85.5996653,6972.760228333309,15.845833333333331,0.2875,40.4746653,honest,honest,0.0
2751,104.196212625,4595.385622000002,29.547833333333315,0.2875,59.071212625,hide_information,honest,0.0
2752,104.2007986,4273.116169333332,57.04483333333331,0.2875,59.0757986,hide_information,honest,0.0
2753,104.1942262,3518.810933000002,24.281866666666676,0.2875,59.0692262,honest,honest,0.0
2754,85.418011275,2987.655902333339,47.23426666666665,0.2875,40.293011275,honest,hide_information,0.0
2755,95.966461875,1685.9959436666693,21.2839,0.2875,50.84146187499999,honest,honest,0.0
2756,95.8437439,577.6509166666654,20.47339999999991,0.2875,50.71874390000001,honest,honest,0.0
2757,95.804410375,10.39858366666664,22.61246666666654,0.05,50.679410375,honest,honest,17.668360041666823
2758,97.78835215000001,2.185498666666667,27.74179999999988,0.05,97.78835215000001,honest,honest,67.86105348333346
2759,55.894602475,3.456144333333333,28.282899999999863,0.054925005675000006,55.894602475,hide_information,honest,25.192401441666803
2760,36.666567025,0.1698666666666666,54.45253333333324,0.13973502425293705,35.73081594675,honest,honest,0.0
2761,36.73023195,0.0,39.575299999999785,0.14449993262577465,19.68057734194196,honest,honest,0.0
2762,36.754519925000004,0.0,50.50896666666654,0.20061981121767763,18.79953272610282,honest,honest,0.0
2763,37.126851224999996,0.0,42.89639999999984,0.21333973630520336,8.509087093641245,honest,honest,0.0
2764,56.15559435,0.0,56.511900000000026,0.19910656385294614,25.121044452011365,honest,honest,0.0
2765,88.124453375,0.4377776666666667,49.48976666666675,0.05062383317500002,59.794206242940234,hide_information,honest,9.997995209606813
2766,104.15383815,6.709266666666666,45.99526666666653,0.059560705,104.03530984675,hide_information,honest,53.3435565134168
2767,104.245964375,197.32194266666664,60.61006666666661,0.2875,102.429430425,hide_information,honest,0.0
2768,85.57955655,757.6733656666668,49.0988333333334,0.2875,40.45455655000001,honest,honest,0.0
2769,104.323414575,1249.2459869999989,49.57773333333332,0.2875,59.198414575,hide_information,honest,0.0
2770,106.194485775,1901.9274010000015,43.86609999999991,0.2875,61.069485775000004,hide_information,honest,0.0
2771,104.5077143,2738.591333333332,48.46793333333349,0.2875,59.3827143,hide_information,honest,0.0
2772,85.70617305,2947.7914396666697,62.42366666666675,0.2875,40.581173050000004,honest,honest,0.0
2773,85.701647075,3202.488473333325,56.89043333333348,0.2875,40.576647075,honest,honest,0.0
2774,85.67945549999999,4985.742671000015,57.73559999999996,0.2875,40.55445549999999,honest,honest,0.0
2775,104.28391045,5028.867592333343,67.65976666666644,0.2875,59.15891044999999,hide_information,honest,0.0
2776,104.306569575,3155.891136999995,73.5035666666668,0.2875,59.181569575,hide_information,honest,0.0
2777,104.337899275,3340.1372213333198,77.32913333333322,0.2875,59.212899275,hide_information,honest,0.0
2778,85.934559575,1109.4410343333334,80.62226666666687,0.2875,40.809559574999994,honest,honest,0.0
2779,96.462135775,793.8652333333337,79.22323333333324,0.2875,51.33713577499999,hide_information,honest,0.0
2780,96.26846247499999,512.3355166666672,79.48919999999994,0.2875,51.14346247499999,hide_information,honest,0.0
2781,95.9894467,31.09693300000009,75.6353333333335,0.2875,50.8644467,hide_information,honest,0.0
2782,97.8948708,0.6477726666666667,75.16133333333349,0.1594363672000007,52.76987080000001,hide_information,honest,0.0
2783,56.078422200000006,3.3055553333333334,70.22056666666653,0.23164289544799993,35.28551243199988,honest,honest,0.0
2784,36.8674853,0.0,78.79390000000005,0.2875,2.3553351648800103,honest,honest,0.0
2785,36.940130675,0.3349333333333333,75.11116666666693,0.3305782596052631,0.0,honest,honest,0.0
2786,36.9725364,0.0,72.88453333333345,0.3734859627631578,0.0,honest,honest,0.0
2787,37.350371225,0.0,70.26883333333325,0.4144050615789473,0.0,honest,honest,0.0
2788,56.3644593,0.0,68.6547999999998,0.3887471668421052,6.3644593,honest,honest,0.0
2789,85.682255375,0.0833333333333333,59.6054,0.23962004240734647,35.682255375,honest,honest,0.0
2790,104.37718435000001,10.890511,55.12013333333332,0.06551897817499999,68.34937629260418,hide_information,honest,5.605885259270856
2791,104.367472175,129.2483670000001,59.816266666666685,0.2875,101.41886632175,hide_information,honest,0.0
2792,85.61869185,602.0752836666668,62.65326666666665,0.2875,40.493691850000005,honest,honest,0.0
2793,104.35392309999999,851.3814539999995,67.43133333333303,0.2875,59.22892309999999,hide_information,honest,0.0
2794,106.18932845,1136.071154333336,70.2191666666666,0.2875,61.064328450000005,hide_information,honest,0.0
2795,104.437729025,2560.4336526666552,69.49903333333339,0.2875,59.312729024999996,hide_information,honest,0.0
2796,85.629808175,3396.0209760000025,69.66136666666662,0.2875,40.504808174999994,honest,honest,0.0
2797,85.60791185,2247.693267666662,77.02356666666661,0.2875,40.482911849999994,honest,honest,0.0
2798,85.5393804,1618.0309913333365,77.35856666666665,0.2875,40.4143804,honest,honest,0.0
2799,104.1171849,848.8016896666682,61.68720000000011,0.2875,58.9921849,hide_information,honest,0.0
2800,104.11431195,637.1432393333332,46.31256666666648,0.2875,58.98931195,hide_information,honest,0.0
2801,104.13978200000001,476.778499,34.98736666666673,0.2875,59.01478200000001,hide_information,honest,0.0
2802,85.74845445,475.0827946666662,32.993199999999895,0.2875,40.62345445,honest,honest,0.0
2803,96.28088405,258.94525900000025,36.56166666666677,0.2875,51.15588405,hide_information,honest,0.0
2804,96.09286785,133.16117266666723,35.03416666666667,0.2875,50.967867850000005,honest,honest,0.0
2805,95.80724052500001,14.188612666666664,33.32463333333334,0.05,50.68224052500001,honest,honest,3.1689945250000093
2806,97.81595324999999,1.7109446666666663,32.740433333333215,0.052438096149999995,97.81595324999999,hide_information,honest,63.877858650000114
2807,55.93594795,4.451878,45.67820000000011,0.056343926149999994,55.4727096815,hide_information,honest,6.6781950814998865
2808,36.7256115,0.0,46.21296666666667,0.10079033039204166,35.5202655315,honest,honest,0.0
2809,36.798066275000004,0.0,43.78286666666658,0.12901607503923385,27.147903500512086,honest,honest,0.0
2810,36.829410575,0.0,41.631800000000126,0.14412335749165914,21.81635631754557,honest,honest,0.0
2811,38.486527075,0.0,45.44566666666656,0.16800224319663853,20.60308915158476,honest,honest,0.0
2812,57.521625500000006,1.7626333333333333,42.64283333333339,0.1107660375000001,35.10119929263868,honest,hide_information,3.4885826259719757
2813,86.13087115,8.300599666666667,32.5297,0.06182835452499998,74.58532402499999,hide_information,honest,36.245204258333324
2814,104.25575359999999,9.088666666666668,44.40306666666668,0.05,102.00836624025,honest,honest,48.51663290691665
2815,104.26277929999999,99.73629099999997,35.02683333333332,0.19487663890833312,104.26277929999999,honest,honest,0.0
2816,85.55424802499999,245.3437983333329,42.52906666666677,0.2875,58.027686632416696,hide_information,honest,0.0
2817,104.31325512500001,383.8448469999997,46.44596666666655,0.2875,59.18825512500001,honest,honest,0.0
2818,106.19972875,2050.9348023333387,44.28146666666656,0.2875,61.074728750000006,honest,honest,0.0
2819,104.455731825,4794.184407666668,28.81333333333329,0.2875,59.330731825,honest,honest,0.0
2820,85.638397775,6473.150400333323,44.28510000000002,0.2875,40.513397775,honest,hide_information,0.0
2821,85.63238319999999,5997.086651,40.78969999999993,0.2875,40.50738319999999,honest,honest,0.0
2822,85.60417705,4925.048961666664,42.38656666666678,0.2875,40.479177050000004,honest,honest,0.0
2823,104.212170625,3627.781293666645,44.91146666666657,0.2875,59.087170625,hide_information,honest,0.0
2824,104.23353335,4732.169630999988,40.600866666666775,0.2875,59.10853335,hide_information,honest,0.0
2825,104.25066905,3195.6108873333483,45.965299999999885,0.2875,59.12566905,honest,honest,0.0
2826,85.4968116,2926.9679620000124,35.60733333333317,0.2875,40.3718116,honest,hide_information,0.0
2827,96.06239240000001,1644.5666550000008,34.13503333333334,0.2875,50.93739240000001,honest,honest,0.0
2828,95.9571397,869.1562116666689,44.25163333333346,0.2875,50.8321397,honest,honest,0.0
2829,95.93622365,61.23780066666658,54.17286666666651,0.2875,50.81122365,honest,honest,0.0
2830,97.887695075,2.9417443333333337,48.11283333333332,0.05,52.762695074999996,honest,honest,1.7081174083333437
2831,56.057949349999994,0.3293333333333333,64.87440000000005,0.09344247392083363,56.057949349999994,hide_information,honest,0.0
2832,36.84445845,0.0,71.55280000000003,0.2540714550760525,28.590388405041608,honest,honest,0.0
2833,36.90991785,0.0,76.7514333333331,0.2973087295497367,0.0,honest,honest,0.0
2834,36.9515254,0.0,82.20340000000003,0.3403270169181577,0.0,honest,honest,0.0
2835,37.328234925000004,0.0,74.36736666666683,0.3813626225760524,0.0,honest,honest,0.0
2836,56.36507935,0.0,81.89593333333295,0.3557047278392103,6.365079350000002,honest,honest,0.0
2837,85.7009165,0.1375,84.52989999999983,0.32513762972736737,35.700916500000005,honest,honest,0.0
2838,104.369144275,5.678433333333333,85.31413333333354,0.23594099135094296,54.369144275,hide_information,honest,0.0
2839,104.413317975,17.328345,82.35686666666638,0.1953532397296413,69.08452961832084,honest,honest,0.0
2840,85.751022275,202.64167533333296,81.6522333333337,0.2875,58.133906726368146,honest,honest,0.0
2841,104.534106025,377.63945400000085,79.79386666666689,0.2875,59.409106025,honest,honest,0.0
2842,106.39373859999999,1810.0543636666653,70.57383333333327,0.2875,61.26873859999999,honest,honest,0.0
2843,104.812371975,4789.816069666664,75.70116666666635,0.2875,59.687371975000005,honest,honest,0.0
2844,86.0653302,6314.626614333328,63.03276666666668,0.2875,40.940330200000005,honest,hide_information,0.0
2845,86.09398435,6395.699754000003,56.80183333333354,0.2875,40.96898435,honest,honest,0.0
2846,86.07836302500002,5058.341991000004,52.100366666666886,0.2875,40.953363025000016,honest,honest,0.0
2847,104.62575380000001,5289.265532666664,61.68453333333338,0.2875,59.50075380000001,hide_information,honest,0.0
2848,104.5313782,4703.562494333323,56.88790000000013,0.2875,59.406378200000006,hide_information,honest,0.0
2849,104.535493475,5275.257067000003,25.727733333333376,0.2875,59.410493474999996,honest,honest,0.0
2850,86.125153675,3553.588232333333,17.717000000000024,0.2875,41.00015367500001,honest,hide_information,0.0
2851,96.5883606,1970.060580333333,22.59713333333336,0.2875,51.4633606,honest,honest,0.0
2852,96.34679077499999,676.9157883333326,19.23220000000001,0.2875,51.22179077499999,honest,honest,0.0
2853,96.0499877,55.68121133333327,21.293833333333268,0.17373777059166606,50.9249877,honest,honest,0.0
2854,97.93367105,0.6277113333333333,27.13113333333328,0.05,74.42349463758345,honest,honest,46.66464997091683
2855,56.1162426,1.6325333333333334,38.150466666666695,0.05,56.1162426,honest,honest,16.33324259999997
2856,36.896916325,0.0,16.79956666666665,0.05,36.896916325,honest,honest,20.09734965833335
2857,36.965558824999995,0.0,16.413866666666657,0.05,36.965558824999995,honest,honest,20.55169215833334
2858,36.979715125,0.0,33.846799999999995,0.05,36.979715125,honest,honest,3.132915125000004
2859,37.338502,0.0,43.440733333333306,0.07898559883333321,37.338502,honest,honest,0.0
2860,56.334750075,0.3403333333333333,46.0804000000001,0.05,50.82748629666669,honest,honest,4.406752963333261
2861,85.63524325,0.0,47.07603333333326,0.05,85.63524325,honest,honest,38.559209916666745
2862,104.331066,3.2445003333333333,50.074566666666655,0.05,104.331066,honest,honest,51.01199900000002
2863,104.414660325,85.52839966666654,69.11490000000005,0.2875,104.414660325,honest,honest,0.0
2864,85.732756325,600.5894423333335,69.39566666666663,0.2875,40.607756325,honest,hide_information,0.0
2865,104.523261725,658.4694663333338,71.41689999999996,0.2875,59.398261725,honest,honest,0.0
2866,106.340635425,2619.134399333338,43.79976666666671,0.2875,61.215635425,honest,honest,0.0
2867,104.698287775,4072.154589666665,39.6042333333333,0.2875,59.573287775,honest,honest,0.0
2868,85.9225473,5722.648780999999,73.20123333333332,0.2875,40.797547300000005,honest,hide_information,0.0
2869,85.9452134,6625.214937333332,65.75723333333349,0.2875,40.8202134,honest,honest,0.0
2870,85.93059515,5470.813838666664,75.80160000000005,0.2875,40.80559515,honest,honest,0.0
2871,104.5493328,6503.999633999963,75.77313333333332,0.2875,59.4243328,hide_information,honest,0.0
2872,104.621982275,5926.087935666636,76.5679000000003,0.2875,59.49698227499999,hide_information,honest,0.0
2873,104.75630815000001,4670.866866333337,82.11580000000028,0.2875,59.63130815000001,honest,honest,0.0
2874,86.16725165,2996.0365769999976,76.89000000000004,0.2875,41.04225165,honest,hide_information,0.0
2875,96.62596730000001,1781.8919279999975,75.5433,0.2875,51.50096730000001,honest,honest,0.0
2876,96.364106025,619.1430620000007,66.00843333333339,0.2875,51.239106025,honest,honest,0.0
2877,96.0404523,44.91987366666664,78.01646666666682,0.2875,50.9154523,honest,honest,0.0
2878,97.928408225,1.807255,79.52296666666639,0.18550236384791535,52.803408225,honest,honest,0.0
2879,56.10790445,9.920199999999998,76.22223333333318,0.2875,30.36245531889608,honest,hide_information,0.0
2880,36.870950425000004,0.0,80.12486666666655,0.33094236618421047,0.0,honest,honest,0.0
2881,36.898208249999996,0.0582666666666666,78.69026666666697,0.37424127013157893,0.0,honest,honest,0.0
2882,36.889234875,0.0,77.03776666666683,0.417587402368421,0.0,honest,honest,0.0
2883,37.226688625,0.0,82.3360000000001,0.45915746223684206,0.0,honest,honest,0.0
2884,56.199393400000005,0.0,84.2869333333334,0.43349956749999996,6.199393400000005,honest,honest,0.0
2885,85.49757407499999,6.9435216666666655,82.34173333333331,0.40784167276315786,35.49757407499999,honest,hide_information,0.0
2886,104.18402882500001,1.4027776666666667,82.14619999999981,0.28416728502423144,54.18402882500001,honest,honest,0.0
2887,104.24658727500001,21.659165666666667,83.50756666666648,0.26570666376145124,59.75480312039604,honest,honest,0.0
2888,85.58094545,99.18602599999969,81.97333333333323,0.2875,44.59667933532426,honest,honest,0.0
2889,104.33844185,312.7516603333329,81.48866666666657,0.2875,59.213441849999995,hide_information,honest,0.0
2890,106.209537625,874.540478,83.59943333333301,0.2875,61.084537624999996,hide_information,honest,0.0
2891,104.5344041,509.24605566666605,85.53049999999998,0.2875,59.4094041,hide_information,honest,0.0
2892,85.74603760000001,320.7740879999999,82.59269999999994,0.2875,40.62103760000001,honest,honest,0.0
2893,85.77229635,567.8142226666668,82.88743333333329,0.2875,40.647296350000005,honest,honest,0.0
2894,85.772287725,154.98477866666664,81.94023333333355,0.2875,40.647287725,honest,honest,0.0
2895,104.38108572499999,441.01150066666673,81.71443333333359,0.2875,59.25608572499999,hide_information,honest,0.0
2896,104.41036615,829.8654696666666,81.69596666666679,0.2875,59.28536615,hide_information,honest,0.0
2897,104.42684829999999,574.2133353333334,81.78266666666686,0.2875,59.30184829999999,hide_information,honest,0.0
2898,86.00118755,1200.5404233333334,77.9601,0.2875,40.87618755,honest,honest,0.0
2899,96.48824160000001,165.27941133333334,70.69523333333332,0.2875,51.36324160000001,honest,honest,0.0
2900,96.2691998,301.83858933333335,65.98206666666665,0.2875,51.144199799999996,honest,honest,0.0
2901,95.94698944999999,5.621232666666668,58.00370000000002,0.11081398027916683,50.82198944999999,honest,honest,0.0
2902,97.874968525,17.350977666666665,58.44843333333338,0.05000000000000001,86.3203122719583,honest,honest,10.520901271958252
2903,56.046083725,50.88082233333334,51.95659999999997,0.2722588583895832,56.046083725,honest,honest,0.0
2904,36.8072147,0.3411666666666666,38.32893333333334,0.26221965075800424,0.0,honest,honest,0.0
2905,36.801789425,5.555666666666667,39.83223333333343,0.2841185472053731,0.0,honest,honest,0.0
2906,36.80794195,0.0097,40.69430000000005,0.28373653694221546,0.0,honest,honest,0.0
2907,38.498117325,9.347266666666666,44.0579333333333,0.31861486681063644,0.0,honest,honest,0.0
2908,57.510445825,0.0,32.3910666666666,0.17363992107171072,7.510445824999998,honest,honest,0.0
2909,86.11636345000001,4.063578000000001,25.961333333333258,0.05000000000000002,62.624778446374975,honest,honest,32.59986711304172
2910,104.28342185,15.675222333333334,21.752033333333397,0.072337191825,104.28342185,hide_information,honest,71.55873288333326
2911,104.40093772499999,3.0667223333333333,21.45813333333336,0.05,100.15687127825,honest,honest,75.6320156115833
2912,85.77872830000001,20.88661133333333,23.818100000000065,0.05,85.77872830000001,honest,honest,41.07401696666662
2913,104.590771375,16.70665566666667,20.436500000000045,0.05,104.590771375,honest,honest,67.44761570833329
2914,106.46676174999999,143.19376666666665,18.765566666666647,0.2875,106.46676174999999,honest,honest,0.0
2915,104.99633080000001,293.995111,18.01129999999995,0.2875,59.87133080000001,honest,honest,0.0
2916,86.047443425,439.7561096666667,23.87186666666666,0.2875,40.922443425,honest,hide_information,0.0
2917,86.04855690000001,243.17067700000004,15.715000000000048,0.2875,40.92355690000001,honest,hide_information,0.0
2918,86.01923257499999,217.7056333333333,12.393466666666662,0.2875,40.89423257499999,honest,hide_information,0.0
2919,105.006492025,120.503078,9.49750000000001,0.2875,59.881492025,honest,honest,0.0
2920,106.794090525,380.1266886666666,14.127433333333332,0.2875,61.669090525,honest,honest,0.0
2921,107.68493175,505.19165633333336,10.732366666666632,0.2875,62.559931750000004,honest,honest,0.0
2922,86.497925025,205.84873366666667,11.597166666666668,0.2875,41.372925025,honest,hide_information,0.0
2923,96.364384,41.11736666666667,11.290533333333306,0.05555045099999989,51.239384,honest,honest,0.0
2924,96.19091335,140.82713266666667,20.19603333333336,0.2875,95.13632766000002,honest,honest,0.0
2925,96.11403002499999,4.0428,11.77773333333336,0.05,50.98903002499999,honest,honest,35.16849669166663
2926,97.967908425,0.4022223333333333,10.983233333333327,0.05,97.967908425,honest,honest,86.58245275833335
2927,56.149527975,0.4062223333333333,11.062966666666703,0.05,56.149527975,honest,honest,44.68033897499996
2928,36.89626145,0.0,11.283366666666671,0.06607879750000001,36.89626145,honest,hide_information,28.99790478333333
2929,36.959997075,0.0,14.035400000000006,0.07000044500000001,33.90502555,honest,hide_information,24.080245549999994
2930,36.988724775,0.0,9.056533333333334,0.06290556,33.188640225,honest,hide_information,26.849066891666666
2931,37.355651550000005,0.0,8.743399999999989,0.062459344999999986,34.90359515000001,honest,hide_information,28.783215150000018
2932,56.369602525,0.0,9.42883333333332,0.05,54.002326975,honest,honest,44.57349364166669
2933,85.6757985,6.9461,10.865833333333285,0.05,85.6757985,honest,honest,67.86386516666671
2934,104.42377115,12.062166333333334,14.905900000000033,0.05,104.42377115,honest,honest,77.45570481666662
2935,104.55796897500001,8.7507,11.745899999999974,0.0624697475,104.55796897500001,hide_information,honest,86.68657897500003
2936,85.93228655000001,36.99139,12.339866666666705,0.10271273075000001,83.56303452500002,hide_information,honest,45.32919485833332
2937,104.74246790000001,206.05874566666665,20.003366666666647,0.2875,94.72704905750001,hide_information,honest,0.0
2938,107.334239825,73.424111,13.628633333333337,0.16800664641458335,62.209239825,hide_information,honest,0.0
2939,109.30582952500001,168.91011033333334,10.76463333333334,0.2875,86.88456670622918,hide_information,honest,0.0
2940,90.23318917499999,120.38876666666664,16.242866666666643,0.2875,45.10818917499999,hide_information,honest,0.0
2941,88.49939462500001,169.30501099999998,35.224933333333304,0.2875,43.37439462500001,honest,honest,0.0
2942,88.11065239999999,65.76071133333333,44.201333333333245,0.2875,42.98565239999999,honest,honest,0.0
2943,110.39268885,490.8156673333333,67.55080000000001,0.2875,65.26768885,hide_information,honest,0.0
2944,111.83461875,173.08815633333333,63.91753333333334,0.2875,66.70961875,hide_information,honest,0.0
2945,113.152058275,330.5227323333333,69.67750000000007,0.2875,68.027058275,hide_information,honest,0.0
2946,89.24816182500001,154.61273400000002,71.93116666666678,0.2875,44.12316182500001,honest,honest,0.0
2947,97.84797805,90.50493366666667,50.15686666666674,0.2875,52.722978049999995,honest,honest,0.0
2948,96.62661165,71.81514433333334,50.15216666666673,0.2875,51.50161165,honest,honest,0.0
2949,96.2598612,8.519023,48.36650000000008,0.07731564355000035,51.1348612,honest,honest,0.0
2950,98.112354975,0.1968,48.16066666666676,0.05,92.92238270049994,honest,honest,44.56491603383317
2951,56.312239350000006,0.0161333333333333,69.17553333333353,0.11117727975416757,56.312239350000006,honest,honest,0.0
2952,37.121331925,0.0452556666666666,42.60696666666664,0.13148422441771943,25.497648771708164,honest,honest,0.0
2953,37.174988524999996,0.0,72.6123999999999,0.2875,21.692985885633306,honest,honest,0.0
2954,37.16079095,0.0,57.827799999999954,0.3294168897368421,0.0,honest,honest,0.0
2955,37.5081137,0.0097,64.35479999999997,0.369505765,0.0,honest,honest,0.0
2956,56.495333325,0.5930333333333334,81.38393333333306,0.3438478702631579,6.495333324999997,honest,honest,0.0
2957,85.80963775000001,8.829766666666666,85.17600000000013,0.3181899755263158,35.80963775000001,honest,hide_information,0.0
2958,104.57492342500001,65.42932233333335,80.65496666666662,0.2925320807894737,54.57492342500001,honest,honest,0.0
2959,104.69684785,65.75001233333333,88.90143333333299,0.2875,58.6157525,honest,honest,0.0
2960,86.03380585,15.652611,89.82233333333315,0.2875,40.90880584999999,honest,honest,0.0
2961,104.81697994999999,39.62326666666667,88.11359999999998,0.2875,59.69197994999999,hide_information,honest,0.0
2962,107.11162147499999,270.397899,89.4443333333333,0.2875,61.98662147499999,hide_information,honest,0.0
2963,106.592830325,177.61887766666666,89.42069999999963,0.2875,61.467830324999994,hide_information,honest,0.0
2964,87.02428695,84.60925566666667,89.81096666666646,0.2875,41.899286950000004,honest,honest,0.0
2965,86.25471955,410.9345739999999,88.43653333333305,0.2875,41.129719550000004,honest,honest,0.0
2966,86.46111102500001,152.367822,89.10806666666639,0.2875,41.33611102500001,honest,honest,0.0
2967,107.0161693,961.1844093333336,86.21623333333334,0.2875,61.8911693,hide_information,honest,0.0
2968,107.77219682500001,590.4752776666667,71.00246666666669,0.2875,62.64719682500001,hide_information,honest,0.0
2969,107.836960275,1107.9044663333332,71.73389999999996,0.2875,62.711960274999996,hide_information,honest,0.0
2970,86.85722175000001,467.4141550000001,79.97296666666674,0.2875,41.73222175000001,honest,honest,0.0
2971,96.772324875,69.21633333333334,77.63476666666656,0.2875,51.647324874999995,hide_information,honest,0.0
2972,96.50316762499999,104.97711233333332,84.00776666666677,0.2875,51.37816762499999,honest,honest,0.0
2973,96.152476875,3.246978000000001,73.09439999999995,0.1702410303437497,51.027476875000005,honest,honest,0.0
2974,98.0005244,14.826290333333333,61.534533333333385,0.07112746372500003,75.15472863468756,hide_information,honest,3.2417920680208425
2975,56.175239025,2.0610226666666667,57.849100000000014,0.08680823330972924,52.16102091725,honest,honest,0.0
2976,36.970851075,0.0,72.44919999999998,0.2517415879557805,29.977286746151442,honest,honest,0.0
2977,37.036162225,0.0,79.4593333333331,0.2943144183505173,0.0,honest,honest,0.0
2978,37.05061305,0.0,80.95353333333334,0.33681119177156993,0.0,honest,honest,0.0
2979,38.677691825,0.0,80.11483333333354,0.3707443926926226,0.0,honest,honest,0.0
2980,57.657163175,0.2088,77.98790000000007,0.3450864979557805,7.657163175000001,honest,honest,0.0
2981,86.252391075,4.656410999999999,79.38063333333338,0.308905706196022,36.252391075000006,honest,hide_information,0.0
2982,104.38079072500001,19.786134,75.11323333333335,0.23862563873149317,55.188706547755835,honest,honest,0.0
2983,104.434224,60.29484833333332,82.63813333333316,0.2875,68.59535264101629,honest,honest,0.0
2984,85.779539325,39.796157333333326,82.21063333333365,0.2875,40.654539325,honest,hide_information,0.0
2985,104.56528205,87.66172400000004,82.10740000000015,0.2875,59.44028204999999,honest,honest,0.0
2986,106.42568175,166.6332893333333,81.60016666666648,0.2875,61.300681749999995,honest,honest,0.0
2987,104.99170004999999,198.50215466666668,81.8649000000002,0.2875,59.86670004999999,honest,honest,0.0
2988,86.070963875,437.7751,83.29259999999996,0.2875,40.945963875000004,honest,hide_information,0.0
2989,86.16133632500001,306.39671,82.91486666666678,0.2875,41.03633632500001,honest,honest,0.0
2990,86.155794325,223.495501,82.86143333333327,0.2875,41.030794325,honest,honest,0.0
2991,106.33049095000001,360.7069893333333,79.4586666666667,0.2875,61.20549095000001,hide_information,honest,0.0
2992,107.448075125,633.8922563333333,75.16283333333332,0.2875,62.323075125,hide_information,honest,0.0
2993,108.584721425,1058.3908480000002,79.02143333333338,0.2875,63.459721425,honest,honest,0.0
2994,87.1611792,496.205433,81.77800000000002,0.2875,42.03617920000001,honest,hide_information,0.0
2995,93.78981547500001,195.1038003333333,81.26000000000019,0.2875,48.66481547500001,honest,honest,0.0
2996,96.18853147499999,131.417544,81.74953333333356,0.2875,51.06353147499999,honest,honest,0.0
2997,96.096061775,0.5140886666666666,81.17863333333324,0.19592788606874956,50.971061774999995,honest,honest,0.0
2998,97.96889875,0.6254000000000001,80.49803333333351,0.1016839564478807,70.24260039693758,honest,honest,0.0
2999,56.161184425,0.0391666666666666,79.48933333333345,0.2076395196754629,46.34123269990267,hide_information,honest,0.0
3000,36.9384405,0.0,76.81523333333342,0.2875,6.986931761662049,honest,honest,0.0
3001,36.9865107,1.271778,78.62166666666677,0.3303341542105263,0.0,honest,honest,0.0
3002,37.00882465,0.0,80.10776666666682,0.37305086657894737,0.0,honest,honest,0.0
3003,37.375167675,0.0,82.31523333333355,0.4138394577631579,0.0,honest,honest,0.0
3004,56.358725225,0.0,82.37086666666646,0.3881815630263158,6.358725225000001,honest,honest,0.0
3005,85.6572432,0.0,77.55009999999994,0.32401473808947345,35.657243199999996,honest,honest,0.0
3006,104.36767037499999,1.5594443333333334,76.46213333333316,0.17321290298804726,54.36767037499999,honest,honest,0.0
3007,104.439915525,4.671722333333333,74.77350000000011,0.05000000000000002,81.02946395727102,honest,honest,1.5842416239375723
3008,85.7967092,32.045278,74.56576666666697,0.14886809346666813,85.7967092,hide_information,honest,0.0
3009,104.59388302500001,71.46786666666667,72.31740000000013,0.2875,85.80894526633307,honest,honest,0.0
3010,106.47572410000001,119.492444,69.4541666666668,0.2875,61.35072410000001,honest,honest,0.0
3011,104.871614975,260.094978,67.17753333333361,0.2875,59.746614975,honest,honest,0.0
3012,86.06986192500001,238.30003366666668,63.41570000000008,0.2875,40.94486192500001,honest,hide_information,0.0
3013,86.07500565000001,948.5970446666664,59.405466666666726,0.2875,40.95000565000001,honest,honest,0.0
3014,86.0807983,842.8928323333334,48.30813333333332,0.2875,40.9557983,honest,honest,0.0
3015,105.13734202500001,187.9954326666667,34.074699999999986,0.2875,60.01234202500001,hide_information,honest,0.0
3016,105.555545625,552.6285203333333,37.8846333333333,0.2875,60.43054562499999,hide_information,honest,0.0
3017,107.1630371,259.224055,15.942366666666604,0.2875,62.0380371,honest,honest,0.0
3018,87.333479525,204.037522,8.54980000000002,0.2875,42.208479525,honest,hide_information,0.0
3019,94.14303950000001,208.44058866666668,11.581100000000015,0.2875,49.018039500000015,honest,honest,0.0
3020,96.545758825,72.85892266666667,16.929266666666706,0.23224529491458357,51.42075882499999,honest,honest,0.0
3021,96.219365775,13.819312666666685,27.211400000000005,0.05,61.592759741229116,honest,honest,20.56204707456243
3022,98.07677575,1.178111333333333,29.529966666666727,0.05,98.07677575,honest,honest,67.36869774999994
3023,56.266889025,1.4115559999999996,37.47563333333336,0.0520114673,56.266889025,hide_information,honest,17.803166491666637
3024,37.040378275,0.0,36.32116666666668,0.05,36.658199488,honest,honest,0.3370328213333238
3025,37.09232745,0.0,41.05916666666665,0.06884248627916659,37.09232745,honest,honest,0.0
3026,37.104330325,0.0,42.12913333333336,0.0908731581565313,33.524257931958346,honest,honest,0.0
3027,37.472842050000004,0.0,45.35613333333334,0.12433365883210284,29.70694200025906,honest,honest,0.0
3028,56.47784865,0.2861333333333333,40.52646666666665,0.05,42.354453471900456,honest,honest,1.541853471900474
3029,85.793482775,7.255433333333333,40.92389999999994,0.05,85.793482775,honest,honest,37.614149441666726
3030,104.498899675,36.696422,38.78433333333328,0.05,104.498899675,honest,honest,29.018144341666726
3031,104.54034354999999,144.55475699999997,39.06293333333333,0.2875,104.54034354999999,honest,honest,0.0
3032,85.8464453,103.15496666666664,36.772733333333385,0.2875,40.7214453,honest,honest,0.0
3033,104.635609375,131.35112266666667,39.930499999999896,0.2875,59.510609375,honest,honest,0.0
3034,106.440093375,227.73046666666667,38.71859999999994,0.2875,61.315093375000004,honest,honest,0.0
3035,104.84781285,525.218223,40.55846666666663,0.2875,59.72281285,honest,honest,0.0
3036,86.029882025,135.65152233333333,34.06523333333317,0.2875,40.904882025000006,honest,hide_information,0.0
3037,86.004839375,245.87071066666667,33.20709999999991,0.2875,40.879839375,honest,honest,0.0
3038,85.91612265,501.60855433333336,50.05846666666669,0.2875,40.791122650000005,honest,honest,0.0
3039,104.49881722500001,87.64296666666667,25.049266666666654,0.2875,59.37381722500001,hide_information,honest,0.0
3040,104.49041640000002,276.78051100000005,15.95866666666671,0.2875,59.365416400000015,hide_information,honest,0.0
3041,104.498182925,220.39664500000003,16.856033333333354,0.2875,59.373182924999995,honest,honest,0.0
3042,86.12616985000001,190.85253333333333,13.2115666666667,0.2875,41.00116985000001,honest,hide_information,0.0
3043,93.991184,287.71267900000004,15.946199999999962,0.2875,48.866184000000004,honest,honest,0.0
3044,96.37899895000001,50.373822,15.13430000000003,0.11770708448750009,51.25399895000001,honest,honest,0.0
3045,96.07270545,18.51593833333333,18.3072,0.05,83.20835939737498,honest,honest,46.385221064041644
3046,97.97013767499999,0.2144443333333333,13.736833333333298,0.05,97.97013767499999,honest,honest,84.01886000833336
3047,56.17378415,2.6266323333333337,20.153833333333367,0.053742951075,56.17378415,hide_information,honest,34.1813081833333
3048,36.973400625,0.0,14.898733333333354,0.05,36.26223992075,honest,honest,21.363506587416644
3049,37.041128375,0.0,23.54246666666669,0.05,37.041128375,honest,honest,13.498661708333309
3050,37.07533975,0.0,19.82876666666668,0.05,37.07533975,honest,honest,17.246573083333317
3051,37.45479565,0.0,12.331666666666694,0.05,37.45479565,honest,honest,25.12312898333331
3052,53.842451249999996,0.0,12.663133333333292,0.05,53.842451249999996,hide_information,honest,41.179317916666704
3053,85.829813975,8.359999333333333,19.507366666666677,0.06191299905,85.829813975,hide_information,honest,60.47044777499998
3054,104.53370397500001,14.995321999999996,12.26926666666671,0.05,102.2702341555,honest,honest,75.0056454888333
3055,104.5320171,40.61262266666667,11.791999999999955,0.05,104.5320171,honest,honest,52.12739443333338
3056,85.81788825000001,119.13133433333331,14.023933333333344,0.27485255222916655,85.81788825000001,hide_information,honest,0.0
3057,104.56995735,87.19871233333332,11.625500000000036,0.22563713955765624,61.84797242645835,honest,honest,0.0
3058,106.43971622500001,531.8221449999999,12.137400000000014,0.2875,73.06865970904533,honest,honest,0.0
3059,104.745456375,248.82367866666667,13.289100000000024,0.2875,59.620456375,honest,honest,0.0
3060,85.93117749999999,237.7784666666667,10.80953333333336,0.2875,40.80617749999999,honest,hide_information,0.0
3061,85.929183275,216.3631453333333,11.619366666666693,0.2875,40.804183275,honest,honest,0.0
3062,85.873523625,344.27956600000005,13.815900000000026,0.2875,40.748523625000004,honest,honest,0.0
3063,104.45026315,599.2840773333332,13.570200000000009,0.2875,59.32526315,hide_information,honest,0.0
3064,104.40424477500001,814.0972426666666,11.409666666666672,0.2875,59.27924477500001,hide_information,honest,0.0
3065,104.43074405000002,157.58152266666667,11.576166666666644,0.2875,59.305744050000015,honest,honest,0.0
3066,86.036371075,89.81011066666665,14.163100000000036,0.2875,40.911371075000005,honest,hide_information,0.0
3067,93.90684809999999,159.07024533333333,17.650800000000004,0.2875,48.78184809999999,honest,honest,0.0
3068,96.347216375,18.93135533333333,16.184133333333353,0.05,51.222216375,honest,honest,16.106727708333324
3069,96.059274925,12.280124666666662,17.021566666666672,0.05,96.059274925,honest,honest,66.75758359166666
3070,97.95763307499999,0.2236663333333333,20.44276666666672,0.05,97.95763307499999,honest,honest,77.29120007499994
3071,56.145934825,0.2747,20.959566666666756,0.0503914475,56.145934825,hide_information,honest,34.99407815833324
3072,36.943934425,0.0,21.4539333333334,0.05,36.8695594,honest,honest,15.4156260666666
3073,37.012996925,0.0,21.53240000000005,0.05,37.012996925,honest,honest,15.480596924999954
3074,37.04577475,0.0,22.06376666666661,0.05,37.04577475,honest,honest,14.98200808333339
3075,38.704160675,0.7233336666666667,21.21376666666663,0.05,38.704160675,honest,honest,16.767060341666703
3076,55.081699,0.0,24.79296666666661,0.05,55.081699,hide_information,honest,30.28873233333339
3077,86.341375775,0.0,22.62216666666665,0.05,86.341375775,hide_information,honest,63.71920910833335
3078,104.44822345,5.132222,22.347800000000035,0.05,104.44822345,honest,honest,76.96820144999997
3079,104.4540818,9.543811666666672,19.86646666666661,0.05,104.4540818,honest,honest,75.04380346666672
3080,85.758697025,21.16678866666667,21.1328,0.08016267384999998,85.758697025,hide_information,honest,49.809144958333334
3081,104.51387690000001,78.10571333333333,18.470799999999965,0.05000000000000001,98.78296886850002,honest,honest,2.206455535166725
3082,106.3200245,81.88216599999997,11.48796666666668,0.05,106.3200245,honest,honest,12.949891833333353
3083,104.66627340000001,85.32307766666666,17.194299999999966,0.05,104.66627340000001,honest,honest,2.148895733333376
3084,85.89963080000001,69.33291000000001,16.532166666666605,0.05,85.89963080000001,honest,honest,0.03455413333338697
3085,85.9329779,67.08925533333334,14.545033333333322,0.14560218885000004,85.9329779,hide_information,honest,24.42546583333334
3086,85.91630144999999,117.333888,15.383333333333328,0.2875,67.75188556849999,hide_information,honest,0.0
3087,104.52636462499999,176.770811,13.682700000000034,0.2875,59.401364624999985,hide_information,honest,0.0
3088,104.531267825,134.79692099999997,14.494966666666626,0.2875,59.406267825,hide_information,honest,0.0
3089,104.7992941,65.254845,13.482866666666666,0.1405512334416667,59.6742941,honest,honest,0.0
3090,85.81316505000001,36.30522133333334,14.618566666666636,0.05,68.60843069608333,honest,honest,17.68464269608335
3091,93.70783342499999,134.24761066666667,18.522966666666683,0.2875,93.70783342499999,honest,honest,0.0
3092,96.18636515,18.29257733333333,14.052699999999934,0.05,51.06136515,honest,honest,18.716087816666736
3093,96.10663547499999,2.852744333333333,13.270133333333302,0.05,96.10663547499999,honest,honest,79.98375780833335
3094,97.951886875,0.4615723333333333,18.266500000000004,0.05,97.951886875,honest,honest,79.22381454166666
3095,56.136335224999996,0.1677779999999999,16.455033333333382,0.05,56.136335224999996,honest,honest,39.513523891666615
3096,36.920550775,0.5833333333333334,35.44130000000003,0.05,36.920550775,honest,honest,0.89591744166664
3097,36.969618425,0.0,22.45393333333336,0.05,36.969618425,honest,honest,14.51568509166664
3098,36.995863400000005,0.4377776666666667,16.114266666666648,0.05,36.995863400000005,honest,honest,20.44381906666669
3099,37.36544825,0.4377776666666667,20.044333333333334,0.05,37.36544825,honest,honest,16.88333725
3100,53.72092445,0.0,42.55193333333334,0.05,53.72092445,hide_information,honest,11.16899111666666
3101,85.694253,0.0,29.128100000000018,0.05,85.694253,hide_information,honest,56.566152999999986
3102,104.455971375,2.984567,20.27906666666664,0.054253007975,104.455971375,hide_information,honest,82.08770780833336
3103,104.62776829999999,12.794411000000002,11.408566666666689,0.068232035675,103.81969678474998,hide_information,honest,83.45504241808328
3104,86.074940825,128.6661556666666,23.929433333333314,0.2875,82.61085404675,hide_information,honest,0.0
3105,105.58628275000001,123.47784333333334,18.279366666666693,0.2875,60.46128275000001,hide_information,honest,0.0
3106,112.1323168,311.76809899999995,13.349733333333369,0.2875,67.0073168,hide_information,honest,0.0
3107,117.554776775,50.204500333333336,8.479066666666675,0.12154141297500003,72.429776775,hide_information,honest,28.80755987499999
3108,98.42742747499999,836.6903873333326,12.622,0.2875,84.83455900974998,hide_information,honest,0.0
3109,97.253737375,234.26824366666668,16.33543333333334,0.2875,52.128737375,hide_information,honest,0.0
3110,96.71128420000001,136.76044233333334,24.04966666666669,0.2875,51.58628420000001,hide_information,honest,0.0
3111,120.57972749999999,124.626145,22.181299999999958,0.2875,75.45472749999999,hide_information,honest,0.0
3112,125.22739295,305.96185566666657,18.623333333333324,0.2875,80.10239295,hide_information,honest,0.0
3113,129.390863875,217.03939133333336,18.9246,0.2875,84.26586387500001,hide_information,honest,0.0
3114,106.639864875,132.7818683333333,20.69156666666672,0.2875,61.514864875,hide_information,honest,0.0
3115,111.656623775,160.50184400000003,28.84760000000004,0.2875,66.531623775,hide_information,honest,0.0
3116,107.1994535,59.33241166666668,16.89593333333332,0.11723098462499999,62.074453500000004,honest,honest,0.0
3117,102.11847937499999,26.120233666666664,15.463366666666634,0.05,89.34459229625,honest,honest,47.760991962916705
3118,100.22815862499999,1.9154223333333331,15.459000000000024,0.052729476825,100.22815862499999,hide_information,honest,83.42836299166663
3119,56.710116025000005,1.0348326666666663,21.417699999999996,0.05147463655000001,56.19151542825001,hide_information,honest,34.049432561583345
3120,37.45310805,0.0,22.7207,0.05,37.172927105499994,honest,honest,14.452227105499993
3121,37.494563925,0.0,9.61323333333336,0.05,37.494563925,honest,honest,27.88133059166664
3122,37.50899255,0.675,12.617300000000006,0.05,37.50899255,honest,honest,24.216692549999998
3123,37.9429336,0.0,6.209200000000001,0.05,37.9429336,honest,honest,31.7337336
3124,54.299281725,0.0,7.635133333333316,0.05,54.299281725,hide_information,honest,46.664148391666686
3125,86.32208625000001,0.3469,21.91883333333333,0.0504943325,86.32208625000001,hide_information,honest,64.16042291666668
3126,105.1375263,14.488134000000006,13.645666666666669,0.05,105.043603125,honest,honest,76.90980245833333
3127,106.2909062,28.65589966666667,7.701066666666694,0.09083465702499999,106.2909062,hide_information,honest,78.53070976666663
3128,87.572454625,108.13384633333332,16.112433333333332,0.261053946912979,79.81386979025001,hide_information,honest,0.0
3129,110.024101375,39.548433,14.29936666666674,0.10635651702500001,69.92385146153399,hide_information,honest,27.94058169486724
3130,118.31044255,109.64319933333334,13.225533333333363,0.20624155905000008,107.60270431525001,hide_information,honest,17.62693144858332
3131,121.6738224,57.963055333333344,12.684266666666709,0.1325973538500001,91.98792618049998,hide_information,honest,38.72952078049994
3132,101.17695570000001,350.21115366666663,11.58923333333336,0.2875,85.48345846849999,hide_information,honest,0.0
3133,99.03047900000001,146.24691166666668,10.567866666666692,0.2875,53.905479000000014,hide_information,honest,0.0
3134,98.76436595,108.81018866666663,9.899333333333342,0.2875,53.63936595,hide_information,honest,0.0
3135,120.4413588,196.81356533333337,8.831566666666681,0.2875,75.3163588,hide_information,honest,1.4210854715202004e-14
3136,122.398828775,352.31812333333335,7.934100000000009,0.2875,77.273828775,hide_information,honest,0.0
3137,122.6806447,340.5232666666667,9.430500000000016,0.2875,77.5556447,hide_information,honest,0.0
3138,97.71014995,382.82400866666666,9.642300000000033,0.2875,52.58514995,hide_information,honest,0.0
3139,98.203643175,515.589388,15.952633333333324,0.2875,53.078643174999996,hide_information,honest,0.0
3140,96.73154142499999,181.78600066666667,9.088299999999975,0.2875,51.60654142499999,honest,honest,0.0
3141,96.3177494,35.325846,14.480033333333328,0.05,51.1927494,honest,honest,1.386870066666674
3142,98.2151013,4.525077666666666,14.78079999999999,0.05,98.2151013,honest,honest,78.90922363333334
3143,56.408125174999995,1.1890333333333332,9.587333333333316,0.0516943725,56.408125174999995,hide_information,honest,45.98846850833335
3144,37.194448699999995,0.0,8.250766666666651,0.05,36.872517925,honest,honest,28.621751258333347
3145,37.25167425,0.3587666666666667,6.044966666666662,0.05,37.25167425,honest,honest,30.847940916666673
3146,37.255301725,0.3587666666666667,7.874166666666686,0.05,37.255301725,honest,honest,29.02236839166665
3147,38.90208665,0.3587666666666667,7.188866666666648,0.05,38.90208665,honest,honest,31.354453316666685
3148,55.231414325,0.8208666666666667,6.418800000000001,0.051169735,55.231414325,hide_information,honest,48.23800765833334
3149,86.509877675,0.4337666666666666,6.779066666666653,0.0506181175,86.287628025,hide_information,honest,79.20492469166669
3150,104.650276975,20.315922,8.426833333333311,0.05,104.53283465,honest,honest,75.79007931666669
3151,104.7047535,75.09837800000001,8.5994,0.05,104.7047535,honest,honest,21.00697549999998
3152,86.05969862500001,345.7964340000001,11.5796,0.2875,86.05969862500001,hide_information,honest,0.0
3153,104.86401085,68.774567,10.818899999999983,0.14430866671249995,59.73901085,honest,honest,0.0
3154,108.47767315,410.5262880000001,12.701533333333314,0.2875,90.55902647462501,honest,honest,0.0
3155,108.39283119999999,1037.657191,16.66709999999999,0.2875,63.26783119999999,honest,honest,0.0
3156,86.55154230000001,474.83934366666654,11.431600000000024,0.2875,41.42654230000001,honest,hide_information,0.0
3157,86.143776275,473.948366,6.754900000000017,0.2875,41.01877627499999,honest,honest,0.0
3158,86.03865465,404.4025,6.503333333333335,0.2875,40.91365465,honest,honest,0.0
3159,104.568218075,391.27905633333336,6.547566666666651,0.2875,59.443218075000004,hide_information,honest,0.0
3160,104.52265302500001,388.98623566666674,7.930399999999998,0.2875,59.39765302500001,hide_information,honest,0.0
3161,104.521460625,167.30134533333336,8.434666666666702,0.2875,59.396460625,honest,honest,0.0
3162,85.74334535,173.69360366666666,9.871033333333331,0.2875,40.61834535,honest,hide_information,0.0
3163,93.65355657500001,69.302978,14.59060000000002,0.21798385176875007,48.52855657500001,honest,honest,0.0
3164,96.18720097500001,24.807088000000004,12.225166666666684,0.05,64.2702691389375,honest,honest,27.238014472270805
3165,96.16126832500001,19.27626733333334,17.36519999999995,0.05,96.16126832500001,honest,honest,59.51980099166672
3166,98.001289375,1.113922,16.61096666666664,0.05,98.001289375,honest,honest,80.27640070833336
3167,56.187211775,2.166822333333333,20.28293333333331,0.05,56.187211775,honest,honest,33.73745610833336
3168,36.97226565,0.0,19.350433333333253,0.0775743674999999,36.97226565,honest,hide_information,23.42696231666672
3169,37.0249917,0.0,17.56376666666667,0.07502836750000001,31.785861875000023,honest,hide_information,19.491225208333354
3170,37.052061675000004,0.0,25.74030000000007,0.08667992750000011,32.29667185,honest,hide_information,14.278461849999957
3171,37.429253,0.0,32.4856000000001,0.09629198000000015,30.46006677499998,honest,hide_information,7.720146774999915
3172,53.797982600000005,0.1605666666666666,52.222033333333314,0.08505544460000004,45.00250639999997,honest,honest,0.0
3173,85.778566375,0.0,42.20943333333319,0.05,79.118031901,honest,honest,36.90859856766681
3174,104.465275875,0.2081,42.58283333333325,0.05,104.465275875,honest,honest,61.67434254166675
3175,104.50301595,5.263121999999999,45.84236666666648,0.05,104.50301595,honest,honest,53.39752728333353
3176,85.85062202499999,22.625178000000005,53.56280000000023,0.08224087865000004,85.85062202499999,hide_information,honest,16.450197424999757
3177,104.655391525,126.52165533333336,65.71036666666676,0.2875,98.52962458149999,honest,honest,0.0
3178,106.50718297499999,31.526456,61.31746666666684,0.19944326353541753,61.38218297499999,honest,honest,0.0
3179,105.36840675,133.23454433333336,62.253100000000025,0.2875,76.97418667827067,honest,honest,0.0
3180,86.62557315000001,37.22720066666667,53.89596666666683,0.28570732237083407,41.50057315000001,honest,hide_information,0.0
3181,86.8153246,129.637466,56.76953333333332,0.2875,42.03093334954152,honest,honest,0.0
3182,87.0340735,54.19914466666666,44.96826666666677,0.2875,41.909073500000005,honest,honest,0.0
3183,107.41872282499999,98.93957799999998,41.64846666666661,0.2875,62.29372282499999,hide_information,honest,0.0
3184,107.870119925,102.221921,44.42276666666665,0.2875,62.745119925,hide_information,honest,0.0
3185,110.67987365,35.64474333333334,30.08339999999993,0.050823030995832984,65.55487365,honest,honest,0.0
3186,89.39219467499998,107.58434566666668,22.30690000000005,0.24311327768415625,89.23581878579172,honest,honest,0.0
3187,94.694236525,59.985209666666655,14.923200000000012,0.13030205553286772,58.002713765010306,honest,honest,0.0
3188,96.57981715,28.83079933333333,19.94406666666676,0.05,81.32242659875513,honest,honest,32.54756059875504
3189,96.2216772,19.314122333333334,16.509900000000002,0.05,96.2216772,honest,honest,60.39765486666667
3190,98.06594195000001,0.7606443333333334,19.062866666666626,0.05,98.06594195000001,honest,honest,78.24243095000006
3191,56.2613552,0.0425333333333333,21.57283333333336,0.05,56.2613552,honest,honest,34.6459885333333
3192,37.03063095,0.0,24.90099999999998,0.08548392499999997,37.03063095,honest,hide_information,19.59993095000002
3193,37.059903250000005,0.0,36.28533333333337,0.10170660000000006,30.317957500000013,honest,hide_information,4.918224166666654
3194,37.066160425,0.0,31.16126666666669,0.06861696114791685,27.24190642499999,honest,honest,0.0
3195,37.404943625,0.0,24.05086666666657,0.08427248499999987,33.8677210068958,honest,hide_information,17.032114340229203
3196,53.768856725000006,0.0,19.392800000000047,0.05,47.25708457500003,honest,honest,27.86428457499998
3197,85.7400527,0.7611,17.009233333333313,0.05,85.7400527,honest,honest,67.9697193666667
3198,104.4226757,1.0177666666666667,17.201400000000017,0.05,104.4226757,honest,honest,86.20350903333332
3199,104.46492559999999,8.843675666666668,16.283866666666736,0.05,104.46492559999999,honest,honest,79.33738326666659
3200,85.8309558,37.538532666666654,16.563233333333343,0.05,85.8309558,honest,honest,31.7291898
3201,104.6713081,94.710579,13.045600000000032,0.06465313677500013,104.6713081,honest,honest,0.0
3202,106.56197524999999,54.51823166666668,12.854300000000007,0.05,103.77787926274996,honest,honest,36.405347596083274
3203,106.32508765,75.90040966666669,11.924566666666635,0.05,106.32508765,honest,honest,18.500111316666676
3204,88.3003006,57.39551033333333,11.4846666666667,0.05,88.3003006,honest,honest,19.420123599999968
3205,88.2066676,48.67775466666667,12.469699999999976,0.11936580040000004,88.2066676,hide_information,honest,41.66253933333336
3206,87.50085255,48.06597833333333,8.265933333333324,0.118494019125,74.321350474,hide_information,honest,32.40923230733335
3207,108.821198525,170.385178,11.107000000000008,0.2875,95.80733489125,hide_information,honest,0.0
3208,110.784752725,160.87637833333346,10.3686,0.2875,65.659752725,hide_information,honest,0.0
3209,110.694112475,82.56308766666666,6.216300000000009,0.16024880716041667,65.569112475,honest,honest,0.0
3210,88.16716382499999,180.70534366666672,13.664166666666675,0.2875,67.21989046452083,honest,honest,0.0
3211,94.4066795,63.73221066666667,22.382533333333345,0.22495705637500008,49.281679499999996,honest,honest,0.0
3212,96.546013375,21.43187766666666,20.70706666666667,0.05000000000000002,63.30417266374999,honest,honest,21.16522833041666
3213,96.20262205,2.926067,32.11406666666671,0.05,96.20262205,honest,honest,61.16248838333329
3214,98.068080275,0.028,38.60523333333336,0.05,98.068080275,honest,honest,59.43484694166664
3215,56.276262724999995,0.196111,43.49770000000005,0.05,56.276262724999995,honest,honest,12.582451724999942
3216,37.05211265,0.0,51.77306666666662,0.12377661999999996,37.05211265,honest,hide_information,0.810965983333368
3217,37.097970775,0.0,56.63703333333352,0.20939394670208417,23.08041297500001,honest,honest,0.0
3218,37.123654949999995,0.0,63.51253333333339,0.2875,6.838805076604,honest,honest,0.0
3219,37.492896675,0.0,69.75976666666666,0.327668964868421,0.0,honest,honest,0.0
3220,53.8548618,0.0,69.69746666666664,0.3020110701315789,3.854861800000002,honest,honest,0.0
3221,85.824318825,0.082778,72.40103333333326,0.21407258020833297,37.94221550000002,honest,honest,0.0
3222,104.552177025,1.625,67.52190000000009,0.05,73.37838678541674,honest,honest,4.231486785416649
3223,104.59027864999999,12.658755333333335,69.71796666666677,0.05,104.59027864999999,honest,honest,22.213556649999887
3224,85.92416639999999,17.987022333333336,53.94930000000016,0.07563150682500003,85.92416639999999,hide_information,honest,19.3839507666665
3225,104.72961492499999,50.406067,45.20293333333321,0.05,99.85962862825,honest,honest,4.25062829491678
3226,106.650188175,199.15360166666676,31.641733333333327,0.2875,106.650188175,honest,honest,0.0
3227,106.486559525,82.86496666666667,25.375299999999932,0.27267385892291635,61.361559525000004,honest,honest,0.0
3228,86.68329097499999,91.00973333333334,26.137300000000085,0.2875,44.375257779645885,honest,hide_information,0.0
3229,86.39065199999999,142.115699,26.641099999999994,0.2875,41.26565199999999,honest,honest,0.0
3230,87.494630025,212.4991006666666,35.669299999999986,0.2875,42.369630025000006,honest,honest,0.0
3231,110.4764391,69.65007833333333,58.80586666666652,0.2875,65.3514391,hide_information,honest,0.0
3232,114.699437425,72.52635433333332,67.73543333333343,0.2875,69.574437425,hide_information,honest,0.0
3233,117.42249182500001,33.121055000000005,80.61676666666662,0.24684156674791646,72.29749182500001,honest,honest,0.0
3234,94.91604732500001,85.94114166666667,70.5027333333334,0.2875,57.516149642895876,honest,honest,0.0
3235,98.290657525,12.598021666666666,77.1370000000001,0.22370447967291712,53.165657525,honest,honest,0.0
3236,96.97746735000001,6.921444,78.25203333333361,0.1506993403256423,63.97361621214576,honest,honest,0.0
3237,96.330610125,1.7671223333333337,75.75120000000025,0.05152278763347668,77.19773546312797,honest,honest,0.0
3238,98.20190475000001,0.3302333333333333,71.23956666666665,0.05,97.91257509963944,honest,honest,26.342775099639454
3239,56.384741299999995,0.4180333333333333,64.42639999999993,0.090183537158333,56.384741299999995,hide_information,honest,0.0
3240,37.155004725,0.0,77.19540000000003,0.2764575198416457,29.52013266491673,honest,honest,0.0
3241,37.190798075000004,0.0,78.29826666666641,0.31821647734164565,0.0,honest,honest,0.0
3242,37.206855175,0.0,73.73326666666661,0.35989092378901405,0.0,honest,honest,0.0
3243,38.895942425,0.0,76.49263333333339,0.3926754373416456,0.0,honest,honest,0.0
3244,55.264055525,0.0,76.8212333333334,0.3670175426048035,5.264055525000003,honest,honest,0.0
3245,86.590081775,0.1573333333333333,69.58843333333338,0.2613491511033783,36.590081775,honest,honest,0.0
3246,104.699611675,1.6066,76.59003333333331,0.11485346174788218,64.54327296535811,hide_information,honest,0.0
3247,104.801595825,16.9984,76.43480000000014,0.07422271999999999,92.4794380929024,hide_information,honest,4.1457580929022555
3248,86.195362125,50.97674433333332,78.4498333333333,0.2772092786229164,81.593045325,hide_information,honest,0.0
3249,106.132912375,27.42697766666667,82.26856666666637,0.271978875759264,62.96314943664589,honest,honest,0.0
3250,112.155138825,40.981011,82.46179999999977,0.2875,69.97915243073983,honest,honest,0.0
3251,116.775013475,55.14971066666666,82.57306666666666,0.2875,71.650013475,honest,honest,0.0
3252,98.04634425,101.49605633333336,83.18590000000026,0.2875,52.921344250000004,honest,honest,0.0
3253,96.9584362,55.941912,83.66643333333353,0.2875,51.833436199999994,hide_information,honest,0.0
3254,94.27488905000001,174.95248866666665,83.48379999999989,0.2875,49.14988905000001,hide_information,honest,0.0
3255,116.027497575,43.74521033333334,83.87783333333299,0.2875,70.902497575,hide_information,honest,0.0
3256,120.6135742,204.05568933333333,76.88633333333327,0.2875,75.4885742,hide_information,honest,0.0
3257,123.194276175,81.73465833333336,82.2272666666665,0.2875,78.069276175,honest,honest,0.0
3258,98.85107024999999,33.565401,78.32530000000014,0.2875,53.72607024999999,honest,honest,0.0
3259,101.9294803,12.6494,83.03380000000024,0.23467391857500114,56.804480299999994,honest,honest,0.0
3260,98.173831175,11.163611,83.05153333333311,0.1978644490160208,63.085786645749785,honest,honest,0.0
3261,96.46262715,2.124778,84.63736666666641,0.13737037344112424,68.36838183695605,honest,honest,0.0
3262,98.310502875,1.6919006666666667,84.1360999999999,0.06955987654103088,81.71013192118639,honest,honest,0.0
3263,56.468709825000005,1.318311,81.38869999999989,0.19228471915952977,52.75233328220414,honest,honest,0.0
3264,37.235711475,0.0,84.01823333333319,0.2875,10.201614834689344,honest,honest,0.0
3265,37.314690575,0.0,81.20609999999996,0.32860689171052626,0.0,honest,honest,0.0
3266,37.312029949999996,0.0,80.43529999999991,0.3697277867105263,0.0,honest,honest,0.0
3267,37.6518653,0.0,85.7856666666664,0.40906007460526317,0.0,honest,honest,0.0
3268,53.96663852499999,0.0,79.58889999999991,0.38340217986842107,3.9666385249999934,honest,honest,0.0
3269,85.943025675,0.0,83.0174999999998,0.343848038175328,35.943025675,honest,hide_information,0.0
3270,104.70372312500001,0.0,75.95293333333318,0.18162389192806844,54.70372312500001,honest,honest,0.0
3271,104.853228975,0.0,80.93103333333308,0.05516013316716392,79.84468950866699,hide_information,honest,0.0
3272,86.222478775,30.81486600000001,78.93939999999998,0.16643300950211537,85.24205347323885,hide_information,honest,0.0
3273,106.49769875000001,90.24888866666667,87.02519999999973,0.2875,84.37542694459809,hide_information,honest,0.0
3274,113.377715125,74.17604366666666,85.79536666666681,0.2875,68.252715125,hide_information,honest,0.0
3275,118.498492525,145.74616533333332,88.94300000000027,0.2875,73.373492525,hide_information,honest,0.0
3276,98.50121122499999,164.65788666666668,89.04063333333312,0.2875,53.37621122499999,hide_information,honest,0.0
3277,97.13243725,368.74697533333335,87.48193333333302,0.2875,52.007437249999995,hide_information,honest,0.0
3278,96.160315425,287.85436233333326,87.96146666666658,0.2875,51.03531542499999,hide_information,honest,0.0
3279,118.12671415,81.09632166666667,87.4036666666666,0.2875,73.00171415,hide_information,honest,0.0
3280,121.44293585,45.737233,87.6043666666666,0.2875,76.31793585,hide_information,honest,0.0
3281,125.21570472500001,132.45628833333328,86.71483333333354,0.2875,80.09070472500001,hide_information,honest,0.0
3282,101.096629175,138.105189,70.86646666666672,0.2875,55.971629175000004,hide_information,honest,0.0
3283,100.303538525,13.936377333333333,73.9083000000001,0.20516415933958387,55.17853852499999,honest,honest,0.0
3284,98.60943775000001,20.970867666666678,69.25319999999995,0.15020514590814088,69.12824747547907,honest,honest,0.0
3285,96.42431442499999,4.593222333333334,75.22833333333338,0.06157204008001405,77.38533670245323,honest,honest,0.0
3286,98.3034313,4.247477666666666,55.9132666666667,0.05,96.10474368479733,honest,honest,35.94399935146396
3287,56.477597800000005,0.1266333333333333,54.15940000000001,0.05,56.477597800000005,honest,honest,2.1915644666666623
3288,37.255389449999996,0.0,67.56583333333354,0.19397460844583436,37.255389449999996,honest,hide_information,0.0
3289,37.312436975,0.0,64.23706666666673,0.2875,9.95726137029147,honest,honest,0.0
3290,37.295498975,0.0,70.32840000000013,0.3287079001315789,0.0,honest,honest,0.0
3291,37.65627915,0.0,69.88159999999982,0.368016957236842,0.0,honest,honest,0.0
3292,54.0283607,0.0,62.19540000000023,0.3423590624999999,4.0283607,honest,honest,0.0
3293,86.024064625,0.0,62.92826666666672,0.2069961274610748,36.024064624999994,honest,hide_information,0.0
3294,104.766997475,4.604887666666667,45.19906666666671,0.05000000000000002,74.93773325739579,honest,honest,25.133778924062412
3295,105.172905225,18.382132666666667,53.04526666666675,0.07619453905,105.172905225,hide_information,honest,39.26014569166658
3296,87.65251265,23.079343999999995,49.805099999999854,0.08288806519999997,82.67555023050001,hide_information,honest,16.714909430500157
3297,110.78724407499999,69.04507600000001,48.09416666666669,0.14838923329999998,104.538511687,hide_information,honest,8.1127918203333
3298,119.029733925,217.99342266666676,36.38449999999995,0.2875,100.335779598,hide_information,honest,0.0
3299,122.696817475,41.065033,39.807966666666594,0.10851767202500007,77.571817475,hide_information,honest,9.018327708333416
3300,102.049525875,208.18082033333332,40.87123333333343,0.2875,90.93116819024999,hide_information,honest,0.0
3301,100.9037198,316.1972226666667,47.48676666666653,0.2875,55.778719800000005,hide_information,honest,0.0
3302,101.156315925,269.38436733333333,48.65263333333328,0.2875,56.031315925,hide_information,honest,0.0
3303,124.945946125,283.4701453333333,45.47560000000008,0.2875,79.820946125,hide_information,honest,0.0
3304,128.9667877,263.5938003333333,46.14529999999987,0.2875,83.8417877,hide_information,honest,0.0
3305,131.64035222500002,576.8636646666666,47.90003333333331,0.2875,86.51535222500002,hide_information,honest,0.0
3306,106.57145399999999,309.1379653333333,52.99760000000008,0.2875,61.44645399999999,hide_information,honest,0.0
3307,105.59643510000001,344.4605873333333,59.69243333333321,0.2875,60.47143510000001,hide_information,honest,0.0
3308,103.714763725,473.47681533333343,63.28040000000007,0.2875,58.589763725,honest,honest,0.0
3309,98.94622222500001,8.882956333333333,60.81246666666684,0.12540245368125078,53.821222225000014,honest,honest,0.0
3310,98.6234664,0.4296723333333334,64.62569999999971,0.05,84.29700020056235,honest,honest,19.24162786722931
3311,56.633880950000005,1.5463220000000002,65.98069999999991,0.10174241998749958,56.633880950000005,honest,honest,0.0
3312,37.3638241,1.7626333333333333,67.89349999999999,0.2500860028970516,27.532764302375085,honest,honest,0.0
3313,37.396015325,0.0,71.80820000000024,0.29076486960757786,0.0,honest,honest,0.0
3314,37.428101850000004,0.0,67.50080000000014,0.3312748598707357,0.0,honest,honest,0.0
3315,39.34202075,0.0,69.95130000000009,0.3617115927654725,0.0,honest,honest,0.0
3316,55.6463601,0.0,73.9905333333333,0.3360536980286304,5.6463601000000025,honest,honest,0.0
3317,86.806834775,1.5107666666666666,75.5245999999999,0.26398132977720445,36.806834775,honest,hide_information,0.0
3318,104.949177175,16.804854666666667,62.11683333333345,0.11948757654267758,64.29272451733115,honest,honest,0.0
3319,106.34328455,21.21151133333333,67.52400000000006,0.05,93.14064500689126,honest,honest,4.40513367355787
3320,93.130008575,32.31506600000001,62.24423333333347,0.09604896905000004,93.130008575,hide_information,honest,8.26522904166653
3321,120.23797135000001,48.640610666666674,64.94359999999995,0.05995383132179147,111.4886672305,honest,honest,0.0
3322,129.831108475,624.7211913333333,56.852199999999954,0.2875,127.93988052385963,honest,honest,0.0
3323,135.66473059999998,462.7803206666667,66.71433333333339,0.2875,90.53973059999998,honest,honest,0.0
3324,113.903156525,185.04957833333336,66.77709999999992,0.2875,68.778156525,honest,honest,0.0
3325,112.326826825,451.3139663333333,70.19993333333319,0.2875,67.201826825,hide_information,honest,0.0
3326,113.4434746,447.2666223333334,61.77179999999981,0.2875,68.3184746,hide_information,honest,0.0
3327,138.41331705,451.4272993333333,67.34800000000025,0.2875,93.28831704999999,hide_information,honest,0.0
3328,142.362509075,285.9152463333333,77.62320000000012,0.2875,97.23750907499999,hide_information,honest,0.0
3329,143.66049385,499.3016213333331,73.63763333333343,0.2875,98.53549385,honest,honest,0.0
3330,115.09636965,317.8826776666666,87.720466666667,0.2875,69.97136965,honest,honest,0.0
3331,112.472464425,170.14351066666666,86.43869999999978,0.2875,67.347464425,honest,honest,0.0
3332,108.2861793,242.324201,83.28966666666688,0.2875,63.1611793,honest,honest,0.0
3333,102.144379225,22.58805766666667,80.54516666666694,0.26904076426458473,57.019379224999994,honest,honest,0.0
3334,99.026879525,13.904510999999996,62.76310000000004,0.1414777642550379,57.4091343147289,honest,honest,0.0
3335,56.605835075,4.773733333333333,77.75136666666673,0.255675190633922,39.2250598665428,honest,hide_information,0.0
3336,37.32097565,0.0,83.01246666666688,0.2967490030023431,0.0,honest,honest,0.0
3337,37.3694727,0.0,76.09916666666666,0.33756756773918517,0.0,honest,honest,0.0
3338,37.3469969,0.0,85.97636666666676,0.37850442616023783,0.0,honest,honest,0.0
3339,37.703630725,0.0,87.27246666666642,0.4175642644497115,0.0,honest,honest,0.0
3340,54.05591795,0.0,85.66293333333357,0.3919063697128694,4.055917950000001,honest,honest,0.0
3341,86.03239,0.0,85.11796666666706,0.3619049641426958,36.03239000000001,honest,hide_information,0.0
3342,104.7060817,0.0,68.73769999999985,0.16539725633085298,54.7060817,honest,honest,0.0
3343,104.691234275,6.067544,62.60733333333312,0.05000000000000002,82.76575557213793,honest,honest,14.090878238804805
3344,85.99807995,50.09066633333333,38.18429999999999,0.121379199525,85.99807995,hide_information,honest,12.75031351666668
3345,104.764502775,90.03341933333331,55.04616666666676,0.2875,91.20245486525,honest,honest,0.0
3346,106.5806519,53.613144,45.78416666666665,0.2302228791416665,61.45565190000001,honest,honest,0.0
3347,105.5383915,197.08547833333336,51.34270000000001,0.2875,71.29604446308338,honest,honest,0.0
3348,86.55267975,372.3230119999999,45.73283333333317,0.2875,41.427679749999996,honest,hide_information,0.0
3349,86.5968815,1273.40788,40.1916,0.2875,41.471881499999995,honest,honest,0.0
3350,87.27863555,762.377834,44.3055,0.2875,42.153635550000004,honest,honest,0.0
3351,109.322252475,337.778934,27.5498333333333,0.2875,64.197252475,hide_information,honest,0.0
3352,109.12355587500001,305.6191549999999,24.41409999999993,0.2875,63.99855587500001,hide_information,honest,0.0
3353,110.038287475,1046.2768656666665,28.60976666666664,0.2875,64.913287475,honest,honest,0.0
3354,88.63740865,351.182444,13.732633333333382,0.2875,43.51240865,honest,hide_information,0.0
3355,91.74479415,293.787309,25.43953333333329,0.2875,46.619794150000004,honest,honest,0.0
3356,96.55222465,374.5637903333332,59.99040000000002,0.2875,51.42722465,honest,honest,0.0
3357,96.20942635,205.77527966666665,60.48873333333331,0.2875,51.08442635,honest,honest,0.0
3358,98.05859679999999,0.3793443333333333,42.90006666666676,0.05,52.93359679999999,honest,honest,9.654185799999894
3359,56.255677625000004,0.5970443333333334,46.45113333333318,0.05,56.255677625000004,honest,honest,9.207499958333486
3360,37.04491315,0.0,56.87603333333334,0.14419782087083335,37.04491315,honest,hide_information,0.0
3361,37.06541075,0.0,60.43556666666693,0.246021773940095,19.16782478454166,honest,honest,0.0
3362,37.0594821,0.0075666666666666,66.91620000000002,0.2884718681506213,0.0,honest,honest,0.0
3363,37.420592475,0.0075666666666666,72.3693333333335,0.32902138144009496,0.0,honest,honest,0.0
3364,51.1323108,1.449689,77.7668333333332,0.30336348670325286,1.132310799999999,honest,honest,0.0
3365,85.75560767500001,9.070132666666666,76.69766666666668,0.278718457126769,37.61654520138197,honest,hide_information,0.0
3366,104.47587659999999,68.61757366666664,64.91760000000004,0.2875,61.019369745913885,honest,honest,0.0
3367,104.55587205,107.49734466666662,82.32296666666684,0.2875,59.430872050000005,honest,honest,0.0
3368,85.89638109999999,60.37904300000001,80.98740000000006,0.2875,40.771381099999985,honest,honest,0.0
3369,104.68889239999999,99.89709033333337,78.39800000000025,0.2875,59.563892399999986,honest,honest,0.0
3370,106.535621325,129.95252233333332,78.82350000000027,0.2875,61.410621324999994,honest,honest,0.0
3371,105.523129575,365.11424366666665,78.5976333333335,0.2875,60.398129575,honest,honest,0.0
3372,87.3239841,267.06237766666663,78.05200000000013,0.2875,42.198984100000004,honest,hide_information,0.0
3373,87.813276125,422.4183556666667,79.66076666666672,0.2875,42.688276125,honest,honest,0.0
3374,89.10654682500001,498.1456759999999,79.7919666666664,0.2875,43.98154682500001,honest,honest,0.0
3375,112.54897765000001,293.250688,76.53593333333356,0.2875,67.42397765000001,hide_information,honest,0.0
3376,115.14532555000001,319.8645566666668,75.93283333333359,0.2875,70.02032555000001,hide_information,honest,0.0
3377,116.940939775,173.72495499999994,73.74893333333317,0.2875,71.815939775,honest,honest,0.0
3378,95.07225869999999,747.7833316666665,69.29326666666667,0.2875,49.94725869999999,honest,honest,0.0
3379,95.120398025,428.9940013333337,66.10263333333339,0.2875,49.995398025,honest,honest,0.0
3380,96.73769262500001,14.744233666666666,63.50976666666639,0.17654621161458195,51.61269262500001,honest,honest,0.0
3381,96.318772925,80.22950199999997,50.95613333333336,0.2875,72.27499271822943,honest,honest,0.0
3382,98.16171495,2.485555333333333,31.500633333333298,0.05,53.036714950000004,honest,honest,19.050526283333376
3383,56.349584875,4.424511,24.882433333333356,0.056304928175,56.349584875,hide_information,honest,28.36999384166664
3384,37.148940725,0.0,51.107033333333256,0.12199113756752045,35.95100437175,honest,honest,0.0
3385,37.212589125,0.0,61.16813333333318,0.22876083664426983,23.534272987171114,honest,honest,0.0
3386,37.22665225,0.0,78.11246666666652,0.2875,3.2620932875887334,honest,honest,0.0
3387,37.586679575000005,0.0,67.75479999999996,0.3271753706578947,0.0,honest,honest,0.0
3388,51.275355649999995,0.0,52.92410000000015,0.3015174759210526,1.2753556499999945,honest,honest,0.0
3389,85.935106425,1.1668666666666667,37.96000000000006,0.054655383166666904,38.146786000000006,honest,honest,0.0
3390,104.6674796,8.767265666666665,33.444666666666606,0.062493353575,103.78295679833329,hide_information,honest,64.20120416500001
3391,104.79306449999999,72.28895533333333,24.756099999999964,0.05,102.41932732074999,honest,honest,5.374271987416691
3392,86.216531875,162.9111336666667,19.61156666666664,0.2875,86.216531875,hide_information,honest,0.0
3393,107.374016775,122.52382233333336,19.854966666666645,0.2875,62.249016775,honest,honest,0.0
3394,115.92856745,543.4873336666665,29.092400000000005,0.2875,70.80356745,honest,honest,0.0
3395,119.4977918,142.77271100000002,11.69306666666668,0.2875,74.3727918,honest,honest,0.0
3396,99.79983357500001,385.7043,20.56713333333331,0.2875,54.67483357500001,honest,honest,0.0
3397,99.20318164999999,411.1603206666666,16.238399999999988,0.2875,54.07818164999999,hide_information,honest,0.0
3398,97.93036352499999,323.6162096666666,21.26683333333332,0.2875,52.80536352499999,hide_information,honest,0.0
3399,117.778993075,610.6835213333334,16.047199999999993,0.2875,72.653993075,hide_information,honest,0.0
3400,121.73050845,219.36652166666667,13.596399999999957,0.2875,76.60550845,hide_information,honest,0.0
3401,125.669542225,132.377422,13.827533333333356,0.2875,80.544542225,honest,honest,0.0
3402,100.8922952,769.24114,16.05206666666665,0.2875,55.76729520000001,honest,honest,0.0
3403,100.68160335,617.7054886666667,17.573899999999984,0.2875,55.55660335,honest,honest,0.0
3404,99.03475862500001,193.52979233333335,21.306766666666693,0.2875,53.90975862500001,honest,honest,0.0
3405,96.52201715000001,30.721878333333333,25.515400000000085,0.0729912406208337,51.39701715000001,honest,honest,0.0
3406,98.28836512500001,0.9502106666666666,24.164233333333453,0.05,93.92002940704161,honest,honest,68.80558540704149
3407,56.445962475,0.2934,26.1000666666666,0.05041809499999999,56.445962475,hide_information,honest,30.1405158083334
3408,37.18295965,0.0,30.88233333333333,0.05,37.1035216,honest,honest,6.221188266666669
3409,37.22400995,0.0,35.82973333333329,0.05,37.22400995,honest,honest,1.3942766166667155
3410,37.2361054,0.0,40.93666666666663,0.06757766601666651,37.2361054,honest,honest,0.0
3411,38.940449725,0.0,39.9229666666666,0.0705307990529579,35.600693181833364,honest,honest,0.0
3412,52.63788715,0.6894443333333333,38.2668999999999,0.050982458175,48.737035329937996,hide_information,honest,9.98752429660476
3413,86.575326125,1.0016,37.75906666666677,0.051427280000000006,86.38865907175,hide_information,honest,47.92847240508323
3414,104.726252325,17.916610333333335,31.38603333333319,0.07553116972500001,104.45506912500001,hide_information,honest,60.527408558333484
3415,104.80428785000001,19.37658833333333,29.53383333333326,0.05,99.95336560225,honest,honest,51.04294393558341
3416,86.073744525,75.24617233333336,34.07980000000003,0.16044808208958367,86.073744525,hide_information,honest,0.0
3417,105.317557,347.8831236666667,25.968066666666665,0.2875,84.3324214029791,honest,honest,0.0
3418,114.45920559999999,562.7539343333333,18.740433333333318,0.2875,69.33420559999999,honest,honest,0.0
3419,119.01111334999999,140.66734466666665,22.72036666666673,0.2875,73.88611334999999,honest,honest,0.0
3420,98.2003421,299.54863233333333,21.965433333333277,0.2875,53.0753421,honest,honest,0.0
3421,96.04966329999999,389.7750436666666,22.87860000000004,0.2875,50.92466329999999,hide_information,honest,0.0
3422,95.38481134999999,4784.220873333356,20.43940000000006,0.2875,50.25981134999999,hide_information,honest,0.0
3423,118.02433035,6398.750872333364,20.447600000000037,0.2875,72.89933035,hide_information,honest,0.0
3424,121.538064425,4784.671781333351,17.155499999999957,0.2875,76.413064425,hide_information,honest,0.0
3425,125.08697185000001,4944.878640333345,26.366566666666674,0.2875,79.96197185000001,honest,honest,0.0
3426,102.077805175,3592.298887000005,46.5591,0.2875,56.952805174999995,honest,honest,0.0
3427,102.15250557499999,2067.474566666667,43.92213333333334,0.2875,57.02750557499999,honest,honest,0.0
3428,99.414062125,968.4529909999992,33.95260000000005,0.2875,54.289062125,honest,honest,0.0
3429,96.99538027499999,283.33762766666723,34.44159999999995,0.2875,51.87038027499999,honest,honest,0.0
3430,98.35024027499999,10.673416333333304,34.25030000000005,0.05,53.22524027499999,honest,honest,8.30152394166663
3431,56.52991555,2.666478,40.6577666666666,0.05379973114999999,56.52991555,hide_information,honest,14.005614283333394
3432,37.29457435,0.0,42.98750000000004,0.08047065420037519,36.5726254315,honest,honest,0.0
3433,37.3696997,0.0,35.57879999999992,0.06899299184083825,31.580275401928713,honest,honest,0.0
3434,37.374293425,0.0,31.60030000000003,0.05,33.76562497524073,honest,honest,2.165324975240704
3435,37.7507459,1.2644446666666669,30.80443333333332,0.05,37.7507459,honest,honest,5.681867900000007
3436,51.44824235,0.1042,30.64513333333328,0.050148485,51.44824235,hide_information,honest,20.73016901666672
3437,86.110484125,11.224989,28.69103333333329,0.06599560932499998,86.082271975,hide_information,honest,49.533746341666706
3438,104.89201440000001,115.7698893333334,24.42533333333332,0.23212627668247932,101.85284862825002,hide_information,honest,0.0
3439,105.024472325,522.1914723333336,23.152100000000036,0.2875,70.42047975532893,hide_information,honest,0.0
3440,87.33470712500001,644.8177470000002,17.350866666666676,0.2875,42.20970712500001,honest,honest,0.0
3441,111.154950775,1211.4283109999994,16.946000000000005,0.2875,66.029950775,hide_information,honest,0.0
3442,119.08648715,1734.5283263333306,10.93336666666664,0.2875,73.96148715,hide_information,honest,0.0
3443,123.1181651,2488.9037256666675,8.151333333333305,0.2875,77.9931651,hide_information,honest,0.0
3444,102.5721401,3542.106510999999,8.073800000000004,0.2875,57.4471401,hide_information,honest,0.0
3445,99.18878232499999,4056.969584333334,9.527300000000016,0.2875,54.06378232499999,hide_information,honest,0.0
3446,98.003007725,4742.575999000021,7.223333333333323,0.2875,52.878007725,hide_information,honest,0.0
3447,122.863278775,3821.969901666677,7.985166666666658,0.2875,77.738278775,hide_information,honest,0.0
3448,126.05410225,3030.197744666663,11.24046666666668,0.2875,80.92910225,hide_information,honest,0.0
3449,130.034654825,3599.1989866666668,10.21146666666667,0.2875,84.90965482499999,hide_information,honest,0.0
3450,108.98418122500001,2239.86169266667,9.325166666666664,0.2875,63.859181225000015,hide_information,honest,0.0
3451,109.810877675,1274.7077340000003,19.26483333333334,0.2875,64.685877675,hide_information,honest,0.0
3452,107.59775752499999,1070.1979236666623,20.17403333333334,0.2875,62.47275752499999,honest,honest,0.0
3453,103.63579155,375.9446463333348,17.572566666666685,0.2875,58.51079154999999,honest,honest,0.0
3454,100.37196122499999,50.97324466666662,20.998700000000028,0.1294436713479166,55.24696122499999,honest,honest,0.0
3455,56.752707375,2.2996333333333334,34.866633333333354,0.09968495250000003,41.65840981889585,honest,hide_information,14.95213315222917
3456,37.5155596,3.403866666666667,34.17796666666669,0.09515546986458345,28.075418624999998,honest,honest,0.0
3457,37.573504725,0.0,26.73896666666661,0.05,28.993965450729142,honest,honest,2.2549987840625327
3458,37.616550925,0.0,26.744166666666622,0.08811043749999994,37.616550925,honest,hide_information,18.895634258333363
3459,38.083610675,0.0,32.34223333333332,0.0960876825,30.842627550000014,honest,hide_information,8.203064216666693
3460,51.880236025,0.0,32.30806666666666,0.09603899499999999,43.12357635000001,honest,hide_information,20.507929683333344
3461,86.6169079,0.6204666666666667,31.54733333333348,0.05,77.86949885,honest,honest,45.70169884999985
3462,116.65554295,184.57000000000028,27.00519999999988,0.2875,116.65554295,honest,honest,0.0
3463,123.71873407500001,183.6761536666667,35.03243333333336,0.2875,78.59373407500001,hide_information,honest,0.0
3464,108.172236275,446.760458333332,27.842200000000048,0.2875,63.047236275,hide_information,honest,0.0
3465,133.1440065,1549.2814156666684,24.05820000000008,0.2875,88.01900649999999,hide_information,honest,0.0
3466,145.18691005,2630.6025936666592,24.189233333333267,0.2875,100.06191005,hide_information,honest,0.0
3467,152.11168515,3812.5436766666703,20.76819999999996,0.2875,106.98668515,hide_information,honest,0.0
3468,129.04859295,5696.493931666675,20.07106666666669,0.2875,83.92359295,hide_information,honest,0.0
3469,123.072214125,6109.305915333348,25.812633333333345,0.2875,77.947214125,hide_information,honest,0.0
3470,122.105695075,5893.567094666673,27.144200000000016,0.2875,76.980695075,hide_information,honest,0.0
3471,146.56605235,6455.975865000006,15.850866666666636,0.2875,101.44105235,hide_information,honest,0.0
3472,145.167702625,5997.527420333329,15.05639999999996,0.2875,100.042702625,hide_information,honest,0.0
3473,147.4058839,5119.853404999999,10.009166666666657,0.2875,102.28088389999999,hide_information,honest,0.0
3474,121.3817684,3471.766196,13.654133333333329,0.2875,76.2567684,hide_information,honest,0.0
3475,119.42612932499999,2310.592502333339,15.29573333333334,0.2875,74.30112932499999,hide_information,honest,0.0
3476,115.781493775,1078.0338816666683,15.014100000000004,0.2875,70.656493775,honest,honest,0.0
3477,110.715466125,284.2984636666671,14.870033333333357,0.2875,65.590466125,honest,honest,0.0
3478,107.200460925,16.449756333333344,18.03440000000001,0.07344090277500002,62.075460925,hide_information,honest,32.52623149166665
3479,59.475416725,0.3966776666666667,14.777166666666677,0.05,55.02164519775,honest,honest,39.847800864416655
3480,37.60839795,0.0,18.49713333333333,0.05,37.60839795,honest,honest,19.111264616666666
3481,37.641031049999995,1.0344443333333333,15.51946666666666,0.05,37.641031049999995,honest,honest,21.087120050000003
3482,37.674659500000004,0.0,12.69616666666665,0.05,37.674659500000004,honest,honest,24.978492833333355
3483,39.7212659,0.0,13.195233333333327,0.05,39.7212659,honest,honest,26.52603256666667
3484,53.424702374999995,0.0,11.783166666666627,0.05,53.424702374999995,honest,honest,41.641535708333365
3485,87.82263954999999,1.2206446666666666,11.300166666666708,0.05,87.82263954999999,honest,honest,75.30182821666662
3486,118.75144965000001,36.06341066666667,11.960400000000035,0.05,118.75144965000001,honest,honest,70.7276389833333
3487,130.80948595,287.4312986666672,10.838166666666645,0.2875,130.80948595,honest,honest,0.0
3488,114.80500915,511.8771430000002,12.37686666666665,0.2875,69.68000915,hide_information,honest,0.0
3489,137.37723450000001,1488.5086173333364,9.897466666666638,0.2875,92.25223450000001,honest,honest,0.0
3490,147.9667256,2989.5750673333337,8.663066666666628,0.2875,102.84172559999999,honest,honest,0.0
3491,156.82753977500002,4429.982873666662,8.150233333333347,0.2875,111.70253977500002,honest,honest,0.0
3492,137.38446084999998,4811.197060333335,9.003166666666676,0.2875,92.25946084999998,honest,honest,0.0
3493,129.43359579999998,5555.017991,8.908799999999996,0.2875,84.30859579999998,hide_information,honest,0.0
3494,109.163721575,5903.299882666665,8.742333333333322,0.2875,64.038721575,hide_information,honest,0.0
3495,128.750987,5996.69859466665,8.386433333333313,0.2875,83.62598700000001,hide_information,honest,0.0
3496,136.632862125,5962.409690999979,8.634366666666667,0.2875,91.507862125,hide_information,honest,0.0
3497,138.46960082500001,5103.498909333315,8.641533333333358,0.2875,93.34460082500001,honest,honest,0.0
3498,109.29372047499999,3348.099816333341,18.936166666666665,0.2875,64.16872047499999,honest,honest,0.0
3499,109.039563675,2559.537798666673,15.022466666666704,0.2875,63.914563675,honest,honest,0.0
3500,107.63890585,1223.0356536666677,13.366533333333292,0.2875,62.51390585,honest,honest,0.0
3501,101.02845070000001,363.4642516666673,15.935766666666671,0.2875,55.90345070000001,honest,honest,0.0
3502,99.120905825,28.476122000000025,29.009999999999994,0.06657852683125014,53.995905824999994,honest,honest,0.0
3503,56.753297724999996,10.305722333333332,27.90093333333333,0.064685654325,53.60337762706247,hide_information,honest,18.488438660395808
3504,37.473862625,0.0,27.36999999999997,0.05,34.683588303250005,honest,honest,7.313588303250036
3505,37.51540745,0.0,20.96343333333328,0.05,37.51540745,honest,honest,16.551974116666717
3506,37.543351475,0.0,22.40416666666665,0.05,37.543351475,honest,honest,15.13918480833335
3507,37.95521625,0.0,22.8769,0.05,37.95521625,honest,honest,15.07831625
3508,51.69960575,0.0,20.95856666666668,0.05,51.69960575,hide_information,honest,30.741039083333323
3509,86.47545705,8.125267000000001,20.229033333333344,0.06157850547500001,86.47545705,hide_information,honest,60.55873681666666
3510,108.24795127499999,73.54180899999989,29.15779999999997,0.15479707782499985,106.04803523474999,hide_information,honest,25.4109689347501
3511,113.43409375,634.1041789999979,27.811933333333265,0.2875,93.52264896325003,honest,honest,0.0
3512,96.63333355,892.3699203333344,28.83703333333334,0.2875,51.50833355,honest,honest,0.0
3513,123.02771945,1346.9071100000012,30.228433333333307,0.2875,77.90271945,honest,honest,0.0
3514,135.866808575,1312.364618000001,26.913500000000077,0.2875,90.741808575,honest,honest,0.0
3515,139.05470087499998,2023.0929100000037,25.13373333333333,0.2875,93.92970087499998,honest,honest,0.0
3516,114.809026625,1617.7574806666648,26.50626666666673,0.2875,69.684026625,honest,honest,0.0
3517,98.195689225,1290.303817333334,25.99979999999996,0.2875,53.070689224999995,hide_information,honest,0.0
3518,88.5756276,1224.110021000001,22.03620000000002,0.2875,43.450627600000004,honest,honest,0.0
3519,109.93623915,2372.56701200001,28.834000000000074,0.2875,64.81123915,hide_information,honest,0.0
3520,111.19740804999999,4163.600097999996,32.47310000000005,0.2875,66.07240804999999,hide_information,honest,0.0
3521,117.546965225,2621.626812000001,33.321799999999975,0.2875,72.421965225,honest,honest,0.0
3522,97.709028375,2818.7430223333213,33.78493333333324,0.2875,52.584028375,honest,honest,0.0
3523,98.71350380000001,1508.3690663333343,37.38376666666676,0.2875,53.58850380000001,honest,honest,0.0
3524,102.36339575000001,888.408233666666,41.40796666666655,0.2875,57.23839575000001,honest,honest,0.0
3525,99.0612108,332.0049566666661,39.03250000000005,0.2875,53.9362108,honest,honest,0.0
3526,98.87238744999999,49.21972333333342,45.07130000000016,0.24258227044583458,53.74738744999999,honest,honest,0.0
3527,56.725604499999996,4.239620666666666,47.9263333333333,0.20214715920236553,20.134973115291423,honest,honest,0.0
3528,37.495647774999995,0.0,35.800233333333374,0.17925959258221846,8.587687526550543,honest,honest,0.0
3529,37.555055975,0.0,43.01746666666676,0.1926032330908693,12.995733384378493,honest,honest,0.0
3530,37.583084174999996,0.0,46.36273333333335,0.22040275136659299,10.488469887734826,honest,honest,0.0
3531,37.997268575,0.0,54.11726666666648,0.28035847404376596,5.620745815347334,honest,honest,0.0
3532,51.81653745,1.3979666666666666,55.62363333333332,0.28262256993699875,8.04842738168447,honest,honest,0.0
3533,86.4557007,5.982889,57.67453333333322,0.1516500471264742,42.257412411970236,honest,honest,0.0
3534,105.677822675,76.88873299999987,52.8129333333334,0.25585242490872595,86.3643137209699,honest,honest,0.0
3535,109.83993605,344.3039613333333,48.89920000000012,0.2875,70.72797531734207,honest,honest,0.0
3536,87.9693943,568.3361213333341,53.8554999999998,0.2875,42.844394300000005,honest,honest,0.0
3537,114.35605949999999,1550.3943819999993,63.2916333333333,0.2875,69.23105949999999,honest,honest,0.0
3538,121.337904125,3105.3415909999944,59.67343333333326,0.2875,76.212904125,honest,honest,0.0
3539,127.00182087499999,4748.5563043333495,67.33143333333345,0.2875,81.87682087499999,honest,honest,0.0
3540,108.232737625,4661.731684333321,70.47106666666657,0.2875,63.107737625,honest,honest,0.0
3541,104.773082125,3405.117120666665,69.90349999999992,0.2875,59.648082125,hide_information,honest,0.0
3542,103.78664152500001,4134.437915,72.78373333333319,0.2875,58.66164152500001,hide_information,honest,0.0
3543,128.4880615,4935.579415333323,77.04369999999982,0.2875,83.36306149999999,hide_information,honest,0.0
3544,129.186625975,4565.693156333339,68.65969999999989,0.2875,84.061625975,hide_information,honest,0.0
3545,122.37107387500001,2687.094216333336,76.2167333333332,0.2875,77.24607387500001,honest,honest,0.0
3546,98.73023005,759.9985769999977,74.2606666666666,0.2875,53.60523005,honest,honest,0.0
3547,102.88787487500001,919.4730120000004,47.10816666666666,0.2875,57.76287487500001,honest,honest,0.0
3548,101.234170675,395.59976733333366,49.16353333333336,0.2875,56.109170675,honest,honest,0.0
3549,98.73488015,144.84878899999998,65.62433333333338,0.2875,53.609880149999995,honest,honest,0.0
3550,98.88357065,4.224211,65.11629999999987,0.12401421666249937,53.758570649999996,honest,honest,0.0
3551,56.70759435,1.7705776666666664,73.84276666666666,0.20660014295873896,42.644893184125124,honest,hide_information,0.0
3552,37.460900025,0.1252333333333333,71.81870000000023,0.2875,7.706872862839596,honest,honest,0.0
3553,37.500497525,0.1252333333333333,63.58070000000007,0.32762896039473677,0.0,honest,honest,0.0
3554,37.509994275,0.5910000000000001,77.42203333333354,0.36770793789473677,0.0,honest,honest,0.0
3555,37.93128425,1.528611,80.47573333333324,0.40556959973684203,0.0,honest,honest,0.0
3556,51.686054999999996,1.6538443333333332,72.84833333333343,0.37991170499999993,1.686054999999996,honest,honest,0.0
3557,86.400869725,0.4308333333333333,65.98393333333338,0.25931982073607474,36.40086972500001,honest,honest,0.0
3558,105.37531215,5.017477333333333,65.87466666666661,0.0751160895018072,65.6045462101458,honest,honest,0.0
3559,108.14636247499999,41.3959633333333,64.0828666666665,0.05999649151913013,103.37430546965662,honest,honest,0.0
3560,86.60828782499999,146.4918003333329,62.86623333333328,0.2875,84.70895443636526,hide_information,honest,0.0
3561,113.07015722499999,476.0397336666682,61.50213333333333,0.2875,67.94515722499999,honest,honest,0.0
3562,120.36833515,613.0551236666671,65.01159999999999,0.2875,75.24333515,honest,honest,0.0
3563,125.452002025,709.750829333333,65.9989,0.2875,80.327002025,honest,honest,0.0
3564,105.7681628,513.3631046666655,61.1284666666667,0.2875,60.6431628,honest,honest,0.0
3565,101.88410752499999,672.9152933333327,53.230933333333255,0.2875,56.75910752499999,hide_information,honest,0.0
3566,98.46299385,695.4818513333339,38.54213333333335,0.2875,53.337993850000004,hide_information,honest,0.0
3567,115.43802447499999,676.8876553333351,73.00646666666646,0.2875,70.31302447499999,hide_information,honest,0.0
3568,114.2411875,613.4376049999996,72.4000666666667,0.2875,69.1161875,hide_information,honest,0.0
3569,112.40438904999999,897.7458970000015,80.14180000000012,0.2875,67.27938904999999,honest,honest,0.0
3570,89.86877115,1902.3798736666656,81.43043333333338,0.2875,44.74377115,honest,hide_information,0.0
3571,94.598144925,918.800005000001,76.64646666666688,0.2875,49.473144925,honest,honest,0.0
3572,97.36532125,413.8462006666674,70.83913333333331,0.2875,52.240321249999994,honest,honest,0.0
3573,96.500886425,241.5361390000004,63.83479999999997,0.2875,51.375886425000004,honest,honest,0.0
3574,98.363583075,29.525244333333323,63.292800000000085,0.23800244097708367,53.238583074999994,honest,honest,0.0
3575,56.53929275,1.9885,55.5325666666667,0.22433562908598487,20.818828964354104,honest,honest,0.0
3576,37.333184875,0.0,60.37486666666656,0.2875,4.209415348662873,honest,honest,0.0
3577,37.402746975,0.0,54.63706666666654,0.3281434369736842,0.0,honest,honest,0.0
3578,37.42216005,0.0,43.135066666666624,0.3360762665350875,0.0,honest,honest,0.0
3579,39.232701725,0.0,43.3213333333333,0.3353646960526312,0.0,honest,honest,0.0
3580,52.896704475,0.8204666666666666,42.214200000000005,0.2628621217262058,2.896704475,honest,honest,0.0
3581,86.723048675,6.212733,36.51296666666665,0.05,46.27924554702089,honest,honest,3.5535458803542426
3582,104.76098455,22.24451033333333,42.65273333333322,0.05,104.76098455,honest,honest,39.86374088333345
3583,104.7873021,445.5872933333336,49.92343333333337,0.2875,104.7873021,honest,honest,0.0
3584,86.05417465000001,690.4976386666668,51.56450000000015,0.2875,40.92917465000001,honest,honest,0.0
3585,104.79764,1322.6622433333307,73.05489999999999,0.2875,59.67264,honest,honest,0.0
3586,106.60099435,1811.1925550000003,72.81863333333332,0.2875,61.47599434999999,honest,honest,0.0
3587,106.009207,3504.6515686666703,78.83859999999987,0.2875,60.884207,honest,honest,0.0
3588,86.153775275,3793.8986253333255,78.80913333333325,0.2875,41.028775275,honest,hide_information,0.0
3589,86.20746672499999,4113.350257333328,79.47840000000008,0.2875,41.08246672499999,honest,honest,0.0
3590,86.28319955,3343.0934840000004,75.55873333333355,0.2875,41.158199550000006,honest,honest,0.0
3591,107.55889097500001,2543.740833000002,74.0329999999998,0.2875,62.43389097500001,hide_information,honest,0.0
3592,111.889739625,2452.1232910000062,68.94336666666669,0.2875,66.764739625,hide_information,honest,0.0
3593,116.0839502,2409.931752999997,64.54896666666684,0.2875,70.9589502,honest,honest,0.0
3594,91.625124325,3494.311532333333,31.17103333333336,0.2875,46.500124325,honest,honest,0.0
3595,93.7646539,1553.0472796666618,23.99236666666668,0.2875,48.6396539,honest,honest,0.0
3596,96.671236325,929.0535760000004,45.06439999999998,0.2875,51.546236324999995,honest,honest,0.0
3597,96.41697602500001,324.6460173333337,44.14089999999983,0.2875,51.29197602500001,honest,honest,0.0
3598,98.247033375,36.954850333333255,36.17496666666673,0.14503697221874987,53.122033375,honest,honest,0.0
3599,56.43986955,4.287333666666668,34.957000000000185,0.09981372500000027,38.38284482843753,honest,hide_information,9.625611161770731
3600,37.222985275,2.5548333333333333,29.313766666666712,0.06952355675625047,27.75837752499995,honest,honest,0.0
3601,37.27419605,2.7900666666666667,26.672000000000008,0.08800760000000002,33.56472026631241,honest,hide_information,12.104253599645741
3602,37.297036125,0.0,16.442199999999993,0.073430135,30.075592124999996,honest,hide_information,18.566052125000002
3603,37.698638225,1.1461,13.022566666666634,0.06855715749999997,33.246912575,honest,hide_information,22.98501590833336
3604,51.4412527,1.7473890000000003,10.043066666666654,0.05,47.91539277500001,honest,honest,36.124937108333356
3605,86.0817908,7.758398666666667,10.491100000000015,0.05,86.0817908,honest,honest,67.83229213333331
3606,104.7917918,5.059021333333333,13.080899999999977,0.05,104.7917918,honest,honest,86.6518704666667
3607,104.86726335,76.61042900000012,17.128733333333294,0.15916986132500016,104.86726335,hide_information,honest,34.11122971666663
3608,86.188742125,432.1703866666661,16.86299999999999,0.2875,65.44646847324998,hide_information,honest,0.0
3609,104.9475921,1766.9207240000003,30.74776666666664,0.2875,59.822592099999994,hide_information,honest,0.0
3610,109.56716255,3447.6016800000016,39.45840000000004,0.2875,64.44216255,hide_information,honest,0.0
3611,113.794480475,4988.117775000022,37.67850000000013,0.2875,68.669480475,hide_information,honest,0.0
3612,91.90225857499999,6741.773534333346,36.92670000000003,0.2875,46.77725857499999,hide_information,honest,0.0
3613,86.7335241,7221.752609666693,51.97843333333323,0.2875,41.6085241,honest,honest,0.0
3614,86.20527465,7418.060974333336,54.29970000000018,0.2875,41.08027465000001,honest,honest,0.0
3615,107.341800875,6933.606988333355,49.27809999999982,0.2875,62.216800875000004,hide_information,honest,0.0
3616,109.169668725,5713.290405333323,68.37153333333335,0.2875,64.044668725,hide_information,honest,0.0
3617,109.839951525,5271.345166333331,46.31313333333337,0.2875,64.714951525,hide_information,honest,0.0
3618,89.04478474999999,4301.339751666678,49.190833333333245,0.2875,43.91978474999999,honest,honest,0.0
3619,93.15840227500001,2217.468900333335,31.37873333333333,0.2875,48.033402275000014,honest,honest,0.0
3620,96.755461425,848.559626666665,28.943266666666684,0.2875,51.63046142499999,honest,honest,0.0
3621,96.411792925,260.30851766666734,30.607200000000056,0.2875,51.286792925,honest,honest,0.0
3622,98.286732175,36.313670666666674,33.3374,0.12832435783541668,53.161732175,honest,honest,0.0
3623,56.48283215,1.4760333333333333,31.428766666666665,0.0947859925,41.60120416127083,honest,hide_information,18.125034161270833
3624,37.278075125,0.2352333333333333,27.146566666666708,0.05,28.76873655,honest,honest,1.3869365499999589
3625,37.343941175,0.0740666666666666,22.632099999999923,0.08225074249999989,37.343941175,honest,hide_information,21.427404508333385
3626,37.3708221,0.2088,18.326766666666643,0.07611564249999997,31.24318102500002,honest,hide_information,18.20564435833337
3627,37.782174125,0.0740666666666666,15.026266666666665,0.07141243,32.820202050000006,honest,hide_information,22.227748716666675
3628,51.466973575,2.1551333333333336,16.919933333333358,0.05,47.398611875,honest,honest,28.323545208333307
3629,86.07705545,12.0951,8.584799999999978,0.05,86.07705545,honest,honest,65.39715545000003
3630,104.876443975,83.37994499999996,11.260666666666674,0.05,104.876443975,honest,honest,10.235832308333357
3631,105.77423225000001,398.0916059999993,12.737133333333375,0.2875,105.77423225000001,hide_information,honest,0.0
3632,86.98603739999999,863.852178333332,8.835499999999989,0.2875,41.86103739999999,honest,honest,0.0
3633,107.70509107500001,1328.9665280000006,8.610533333333333,0.2875,62.58009107500001,hide_information,honest,0.0
3634,114.84502535000001,2266.967298333332,12.252466666666662,0.2875,69.72002535000001,hide_information,honest,0.0
3635,117.602984875,2892.581154666665,19.42756666666668,0.2875,72.477984875,hide_information,honest,0.0
3636,96.77472645,2920.7758123333283,8.986333333333352,0.2875,51.64972645,hide_information,honest,0.0
3637,95.410947175,3673.199245666676,7.430933333333344,0.2875,50.285947175000004,hide_information,honest,0.0
3638,95.53464935,3966.506164333322,10.58006666666666,0.2875,50.409649349999995,hide_information,honest,0.0
3639,117.21596650000001,3903.58042066667,11.150166666666664,0.2875,72.09096650000001,hide_information,honest,0.0
3640,120.8407415,2899.125769333333,9.262899999999997,0.2875,75.7157415,hide_information,honest,0.0
3641,124.97850605,1973.1312886666683,12.454466666666622,0.2875,79.85350605,hide_information,honest,0.0
3642,103.527232475,1387.210656666664,14.641999999999967,0.2875,58.402232475000005,hide_information,honest,0.0
3643,102.27229997500001,1230.810345666666,15.319766666666668,0.2875,57.14729997500001,honest,honest,0.0
3644,103.07142867499999,541.673316666667,13.05343333333332,0.2875,57.94642867499999,hide_information,honest,0.0
3645,97.98402324999999,197.2681746666662,11.330066666666626,0.2875,52.85902324999999,honest,honest,0.0
3646,98.28166935,6.951452999999998,10.645466666666644,0.059905820525,53.15666935,hide_information,honest,37.64518558333336
3647,56.441471549999996,0.2960103333333332,11.432000000000022,0.050421814725,54.559365650249994,hide_information,honest,42.920158416916635
3648,37.2016102,0.0,9.20836666666666,0.05,37.121465402249996,honest,honest,27.913098735583336
3649,37.261450975,0.0,10.321200000000037,0.05,37.261450975,honest,honest,26.940250974999966
3650,37.268265175,0.0,10.259166666666632,0.05,37.268265175,honest,honest,27.009098508333373
3651,38.963673925,0.0,13.8935666666667,0.05,38.963673925,honest,honest,25.0701072583333
3652,52.682995425,0.0,11.066133333333362,0.05,52.682995425,hide_information,honest,41.61686209166664
3653,86.64174,0.196111,23.02826666666665,0.050279458175,86.64174,hide_information,honest,63.47619563333335
3654,104.851542,17.683899333333336,8.203066666666668,0.05,104.79844494675,honest,honest,78.91147894675
3655,107.546732725,267.4520386666658,10.37363333333333,0.2875,107.546732725,honest,honest,0.0
3656,92.84583527500001,675.0249163333351,4.570599999999993,0.2875,47.72083527500001,honest,honest,0.0
3657,113.68378135,947.1357146666656,5.062733333333351,0.2875,68.55878135,honest,honest,0.0
3658,119.65685827499999,1253.3597306666643,6.3390333333333455,0.2875,74.53185827499999,honest,honest,0.0
3659,120.4491836,1095.670327666667,4.362733333333343,0.2875,75.3241836,honest,honest,0.0
3660,99.477044775,993.451387333335,8.190033333333336,0.2875,54.352044774999996,honest,honest,0.0
3661,100.10364287499999,1038.6745526666678,12.71256666666669,0.2875,54.97864287499999,hide_information,honest,0.0
3662,102.057220225,1067.8570310000016,14.558700000000018,0.2875,56.932220224999995,hide_information,honest,0.0
3663,126.31083332499999,642.3276966666655,13.952733333333304,0.2875,81.18583332499999,hide_information,honest,0.0
3664,130.991287075,565.6902413333343,14.376866666666707,0.2875,85.866287075,hide_information,honest,0.0
3665,133.46783335,658.4761383333326,15.859999999999983,0.2875,88.34283335,honest,honest,0.0
3666,108.03507105,458.1278173333327,25.18673333333325,0.2875,62.91007105,honest,honest,0.0
3667,106.56569902499999,312.93944200000044,21.5413333333334,0.2875,61.44069902499999,honest,honest,0.0
3668,109.1085171,250.45489700000005,26.92440000000001,0.2875,63.9835171,honest,honest,0.0
3669,104.6314924,133.58188066666622,27.08699999999985,0.2875,59.5064924,honest,honest,0.0
3670,100.65740902499999,11.290346999999953,24.4999666666667,0.05,55.53240902499999,honest,honest,19.742095358333337
3671,56.6664037,0.124983,26.306166666666595,0.05,56.6664037,honest,honest,30.2352540333334
3672,37.412230525,0.0,32.687866666666665,0.09658021,37.412230525,honest,hide_information,14.530723858333335
3673,37.4274901,0.0,51.70046666666666,0.15983527821666663,28.5772502,honest,honest,0.0
3674,37.43956465,0.0095666666666666,23.59330000000011,0.08340202316970882,16.570861788833344,honest,honest,0.0
3675,37.85331575,0.0,32.01606666666664,0.09562289499999997,31.506931347755327,honest,hide_information,9.095684681088681
3676,51.522367425000006,0.0,34.15219999999989,0.09866688499999986,42.85401737500001,honest,hide_information,18.947477375000094
3677,86.08933985,0.4194443333333333,30.450200000000105,0.05000000000000001,76.84263170000003,honest,honest,45.97298736666659
3678,104.86882725,83.06405333333367,30.385966666666626,0.09076066556250148,104.86882725,honest,honest,0.0
3679,106.09643912499999,289.10881266666564,29.05429999999992,0.2875,98.35191266812471,honest,honest,0.0
3680,87.15618315,633.4547556666654,26.700933333333406,0.2875,42.031183150000004,honest,hide_information,0.0
3681,107.3855625,506.4331219999986,27.13043333333332,0.2875,62.260562500000006,honest,honest,0.0
3682,115.988871575,259.1418429999992,31.142366666666582,0.2875,70.863871575,honest,honest,0.0
3683,119.66352567499999,291.4995556666659,27.928800000000106,0.2875,74.53852567499999,honest,honest,0.0
3684,100.595429125,487.870758,25.97693333333332,0.2875,55.470429124999995,honest,honest,0.0
3685,99.335815225,498.15223666666793,28.5376000000001,0.2875,54.210815225000005,hide_information,honest,0.0
3686,99.105091125,905.540045999999,27.54093333333339,0.2875,53.980091125,hide_information,honest,0.0
3687,120.71384074999999,627.3654263333335,27.378799999999902,0.2875,75.58884074999999,hide_information,honest,0.0
3688,120.539156925,284.9763166666669,31.831333333333404,0.2875,75.414156925,hide_information,honest,0.0
3689,124.588848525,408.3534136666678,34.630599999999895,0.2875,79.463848525,honest,honest,0.0
3690,103.35935615,320.44293600000003,30.825766666666684,0.2875,58.234356149999996,honest,honest,0.0
3691,98.99191502500001,141.9706183333335,42.33146666666675,0.2875,53.86691502500001,honest,honest,0.0
3692,102.167162525,90.73308066666624,40.5408333333332,0.2875,57.042162524999995,honest,honest,0.0
3693,97.87558734999999,119.52623733333314,38.48686666666683,0.2875,52.75058734999999,honest,honest,0.0
3694,98.2936273,31.861244666666675,33.83073333333333,0.10948591582500004,53.1686273,honest,honest,0.0
3695,56.462544625,1.264677,42.41236666666677,0.05,45.160220618249994,honest,honest,1.483176951583225
3696,37.19650515,0.0,45.39339999999996,0.11468559499999996,37.19650515,honest,hide_information,5.421125150000034
3697,37.242796225,0.0,31.77666666666665,0.08241463408541655,24.952533175000006,honest,honest,0.0
3698,37.254822525,0.0,27.427700000000005,0.08908447250000001,31.096042048770858,honest,hide_information,11.896652048770857
3699,37.611180649999994,0.0,42.10713333333327,0.11000266499999993,30.18513087499999,honest,hide_information,0.710137541666704
3700,51.33547555,0.8216666666666667,45.76226666666675,0.11521123000000014,39.93496920000001,honest,hide_information,7.079715866666625
3701,85.943540525,8.192444666666667,46.18793333333326,0.05,73.55340682499998,honest,honest,19.173028825000053
3702,104.73714625,103.46875599999998,44.96789999999998,0.2575726713124999,104.73714625,honest,honest,0.0
3703,105.301853825,520.7557200000006,45.12263333333336,0.2875,65.86304627562501,honest,honest,0.0
3704,86.1788876,1091.3491773333308,39.965100000000014,0.2875,41.053887599999996,honest,hide_information,0.0
3705,107.9985781,1660.9084926666656,47.40623333333331,0.2875,62.8735781,honest,honest,0.0
3706,113.342041,2582.8612019999946,56.53196666666657,0.2875,68.217041,honest,honest,0.0
3707,117.46562597500001,4193.682150000005,65.33713333333327,0.2875,72.34062597500001,honest,honest,0.0
3708,99.29069717499999,5044.274653333319,65.69959999999998,0.2875,54.16569717499999,honest,honest,0.0
3709,97.15606782500001,5402.630251666647,65.73909999999978,0.2875,52.03106782500001,hide_information,honest,0.0
3710,96.511965925,5898.8175916666805,60.35033333333328,0.2875,51.386965925,hide_information,honest,0.0
3711,118.572597075,4554.464254999998,53.03163333333328,0.2875,73.447597075,hide_information,honest,0.0
3712,119.69784045,5424.076825999998,58.46299999999984,0.2875,74.57284045,hide_information,honest,0.0
3713,120.93077035,3947.366167999997,54.17106666666678,0.2875,75.80577035,honest,honest,0.0
3714,98.77921955,4050.7267283333335,51.109633333333456,0.2875,53.65421954999999,honest,honest,0.0
3715,95.25535765000001,2519.892368,48.8845666666668,0.2875,50.13035765000001,honest,honest,0.0
3716,98.526280775,840.7108903333334,55.29476666666685,0.2875,53.401280775000004,honest,honest,0.0
3717,96.57814404999999,249.958978,57.663533333333554,0.2875,51.45314404999999,honest,honest,0.0
3718,98.13517555000001,51.17575933333333,57.60596666666695,0.2875,53.010175550000014,honest,honest,0.0
3719,56.342794649999995,1.5910666666666666,56.44836666666684,0.2724027837458342,11.217794649999995,honest,honest,0.0
3720,37.18819175,0.0,49.33613333333311,0.3110220920791665,0.0,honest,honest,0.0
3721,37.2595402,0.0,35.1477,0.2818708239212717,0.0,honest,honest,0.0
3722,37.26585655,0.0,49.7625666666665,0.3221069284826744,0.0,honest,honest,0.0
3723,37.587566125,0.0,47.00309999999984,0.34754235808793676,0.0,honest,honest,0.0
3724,51.28638705,0.0,52.56356666666652,0.32188446335109466,1.2863870500000019,honest,honest,0.0
3725,85.96572144999999,1.7828666666666668,51.15399999999994,0.13933950839341896,35.96572144999999,honest,hide_information,0.0
3726,104.8024831,8.528622333333331,49.4763333333332,0.05,87.8279765052504,honest,honest,29.823020838583872
3727,107.62451625,236.57074199999911,56.28816666666655,0.2875,107.62451625,honest,honest,0.0
3728,94.02544985,873.5989813333346,63.63963333333325,0.2875,48.90044985,hide_information,honest,0.0
3729,118.79128505,1255.2621903333354,64.79373333333338,0.2875,73.66628505,honest,honest,0.0
3730,129.67355555,1101.5365726666664,68.99340000000016,0.2875,84.54855555,honest,honest,0.0
3731,134.13196664999998,571.7673363333336,69.64823333333362,0.2875,89.00696664999998,honest,honest,0.0
3732,109.486489,1889.839047666672,63.03193333333336,0.2875,64.361489,honest,honest,0.0
3733,104.32306912499999,3429.5661859999973,68.15689999999994,0.2875,59.19806912499999,hide_information,honest,0.0
3734,105.92584045000001,4306.021147666651,73.38620000000009,0.2875,60.80084045000001,hide_information,honest,0.0
3735,130.17847365,3538.4746050000003,67.50603333333328,0.2875,85.05347365,hide_information,honest,0.0
3736,132.32433350000002,2752.514203333334,70.4399666666668,0.2875,87.19933350000002,hide_information,honest,0.0
3737,133.67303665,2108.976448666667,64.99329999999999,0.2875,88.54803665,honest,honest,0.0
3738,109.772666225,1237.183073333333,55.87640000000008,0.2875,64.647666225,honest,honest,0.0
3739,106.893477375,644.7184646666677,55.235733333333215,0.2875,61.768477375,honest,honest,0.0
3740,106.01748385,253.0252406666673,42.95166666666667,0.2875,60.892483850000005,honest,honest,0.0
3741,101.33868895,11.372355000000036,50.169566666666654,0.07530910540416674,56.213688950000005,honest,honest,0.0
3742,101.26742697499999,6.212154666666667,46.50193333333328,0.05,96.45869694820831,honest,honest,43.744608948208366
3743,56.70675965,0.9358056666666666,47.29720000000012,0.05,56.70675965,honest,honest,8.473753983333218
3744,37.450307349999996,0.0,48.0767666666666,0.11850939249999992,37.450307349999996,honest,hide_information,3.7965706833333783
3745,37.5062535,0.25,45.82526666666661,0.15253253927291632,24.48946892500002,honest,honest,0.0
3746,37.52735935,1.6245333333333334,48.708133333333386,0.20336082644797387,18.046176888145897,honest,honest,0.0
3747,39.4450565,0.0,52.67893333333332,0.25126906082762973,10.306499474884962,honest,honest,0.0
3748,53.233934475,1.7370666666666668,51.78946666666646,0.23303517197401818,14.99281291775035,honest,honest,0.0
3749,87.031509125,40.19886499999995,45.63093333333322,0.20948111644613399,52.254826449936544,honest,honest,0.0
3750,108.58318885,167.7829539999992,35.69873333333339,0.2875,78.28177672523454,honest,honest,0.0
3751,115.178249525,353.9932693333343,30.249266666666664,0.2875,70.053249525,honest,honest,0.0
3752,98.56019615,461.143289333333,19.358333333333334,0.2875,53.435196149999996,honest,honest,0.0
3753,120.417579625,409.5320000000011,21.843266666666665,0.2875,75.292579625,honest,honest,0.0
3754,128.893359775,445.6161706666657,19.95936666666665,0.2875,83.768359775,honest,honest,0.0
3755,134.95447595,625.6255033333341,14.770033333333318,0.2875,89.82947594999999,honest,honest,0.0
3756,114.406919975,643.5869103333338,13.796733333333346,0.2875,69.281919975,honest,honest,0.0
3757,111.88142024999999,611.9915483333334,18.3879,0.2875,66.75642024999999,hide_information,honest,0.0
3758,112.582785875,602.9222533333322,10.457133333333347,0.2875,67.457785875,hide_information,honest,0.0
3759,137.623619175,381.1092383333341,8.728466666666655,0.2875,92.49861917499999,hide_information,honest,0.0
3760,140.702691925,1046.9244216666664,7.285066666666666,0.2875,95.57769192500001,hide_information,honest,0.0
3761,143.48643140000001,893.2022770000001,10.664233333333335,0.2875,98.36143140000001,honest,honest,0.0
3762,116.95207032500001,501.3958183333328,7.991166666666678,0.2875,71.82707032500001,honest,honest,0.0
3763,114.71745114999999,694.5415820000005,11.61543333333333,0.2875,69.59245114999999,honest,honest,0.0
3764,114.4450305,725.1084293333342,14.13660000000004,0.2875,69.3200305,honest,honest,0.0
3765,109.42482112500001,118.18027300000053,15.8570666666667,0.2875,64.29982112500001,honest,honest,0.0
3766,108.245724325,2.0875890000000004,19.240100000000027,0.05,63.120724325,honest,honest,41.79303532499997
3767,60.044481475,0.3979333333333333,30.000199999999865,0.05,60.044481475,honest,honest,29.6463481416668
3768,37.59029595,0.0,31.875533333333397,0.09542263500000009,37.59029595,honest,hide_information,15.27742261666662
3769,37.637048875,0.0,30.462999999999976,0.05691719593124998,29.00674822499998,honest,honest,0.0
3770,37.674016300000005,0.3594666666666666,38.10143333333322,0.10429454249999985,36.35974907306251,honest,hide_information,9.32927907306259
3771,38.1421037,0.0,37.98130000000005,0.09823700703125009,27.82614062500003,honest,honest,0.0
3772,51.906485,0.12,25.495166666666663,0.08633061250000001,42.74145366406249,honest,hide_information,24.774836997395827
3773,90.13911614999999,0.0,40.90099999999992,0.05,83.23629977499999,honest,honest,42.335299775000074
3774,117.187802475,3.8725446666666663,36.62436666666662,0.05,117.187802475,honest,honest,76.69089114166671
3775,121.29604690000001,84.85630633333358,28.499499999999948,0.1709202365250004,121.29604690000001,hide_information,honest,33.39713246666656
3776,107.055212875,716.171064666666,16.263199999999994,0.2875,84.08036793524991,hide_information,honest,0.0
3777,133.2279756,1264.768884,16.109600000000015,0.2875,88.10297560000001,hide_information,honest,0.0
3778,145.3973572,1729.9613813333344,10.557400000000005,0.2875,100.27235719999999,hide_information,honest,0.0
3779,138.3489981,1685.4848129999964,7.4449,0.2875,93.22399809999999,hide_information,honest,0.0
3780,102.71023167499999,2919.4962643333283,6.306433333333327,0.2875,57.58523167499999,hide_information,honest,0.0
3781,103.24786445000001,2591.1529893333227,6.6546999999999885,0.2875,58.12286445000001,hide_information,honest,0.0
3782,102.124920275,2474.287647999998,9.184466666666635,0.2875,56.999920274999994,hide_information,honest,0.0
3783,123.93070997500001,1997.0767190000013,13.663299999999971,0.2875,78.80570997500001,hide_information,honest,0.0
3784,126.4108841,2070.0605506666643,12.00630000000004,0.2875,81.2858841,hide_information,honest,0.0
3785,128.3997714,1917.836449,11.595166666666678,0.2875,83.27477139999999,hide_information,honest,0.0
3786,106.29117375,2467.11266233334,19.24629999999997,0.2875,61.16617375,hide_information,honest,0.0
3787,106.43777097499999,1329.2125586666675,33.54950000000004,0.2875,61.31277097499999,honest,honest,0.0
3788,106.643844425,519.9618923333347,27.73073333333337,0.2875,61.518844425,honest,honest,0.0
3789,99.389468,184.00986066666664,40.21776666666666,0.2875,54.264467999999994,honest,honest,0.0
3790,98.34601947499999,7.90165,35.350766666666644,0.05,53.22101947499999,honest,honest,9.968602808333344
3791,56.443430225,3.6033053333333327,40.42836666666672,0.05,56.443430225,honest,honest,12.41175822499995
3792,37.216418075,0.4585333333333333,61.8561333333333,0.16921668081041652,37.216418075,honest,hide_information,0.0
3793,37.266445374999996,0.4585333333333333,50.84450000000009,0.22426684723348467,14.615276021020858,honest,honest,0.0
3794,37.270015449999995,0.4585333333333333,67.27933333333333,0.2875,4.159314475637906,honest,honest,0.0
3795,37.649329575,0.0,60.18570000000008,0.32684563381578946,0.0,honest,honest,0.0
3796,51.3334244,1.6046333333333334,57.87043333333334,0.30118773907894736,1.3334243999999984,honest,honest,0.0
3797,85.92384432499999,15.273688666666668,52.91229999999982,0.19244212014166584,38.19817389999999,honest,hide_information,0.0
3798,104.59844025000001,114.08331200000012,28.468700000000027,0.2875,77.5344374230835,hide_information,honest,0.0
3799,104.57431827500001,215.0837186666668,22.3189,0.2875,59.44931827500001,hide_information,honest,0.0
3800,85.862281375,361.9317769999999,32.16553333333329,0.2875,40.737281374999995,honest,honest,0.0
3801,104.61405065,335.94639833333366,28.97543333333325,0.2875,59.489050649999996,hide_information,honest,0.0
3802,106.40784777500001,842.777143333334,25.873166666666705,0.2875,61.28284777500001,hide_information,honest,0.0
3803,104.760532775,754.1513673333344,16.645599999999995,0.2875,59.635532775,hide_information,honest,0.0
3804,85.937372475,723.8672720000009,19.786433333333267,0.2875,40.812372475000004,honest,honest,0.0
3805,85.942175075,1038.758810333334,17.122499999999963,0.2875,40.817175074999994,honest,honest,0.0
3806,85.93394665,870.4943809999985,10.47139999999999,0.2875,40.808946649999996,honest,honest,0.0
3807,104.5438925,1513.3153043333336,10.632499999999991,0.2875,59.4188925,hide_information,honest,0.0
3808,104.5363105,963.977286333334,8.835866666666675,0.2875,59.4113105,hide_information,honest,0.0
3809,104.918214375,675.6769846666645,6.857766666666692,0.2875,59.793214375000005,hide_information,honest,0.0
3810,86.165224425,1122.3008666666667,6.337066666666673,0.2875,41.040224425000005,honest,honest,0.0
3811,88.73890415,454.0374646666655,12.565066666666649,0.2875,43.613904149999996,honest,hide_information,0.0
3812,96.464965025,192.29302199999967,13.37403333333332,0.2875,51.339965025,honest,honest,0.0
3813,96.176058525,126.54405033333336,13.522033333333365,0.2875,51.051058525,honest,honest,0.0
3814,98.06786987500001,3.698083,13.41203333333338,0.05,52.942869875000014,honest,honest,35.832753541666634
3815,56.2689067,3.172011,14.593500000000006,0.05,56.2689067,honest,honest,38.5033957
3816,37.073612525,0.0,17.920099999999938,0.07553614249999992,37.073612525,honest,hide_information,24.529542525000046
3817,37.143371699999996,0.0,19.09703333333328,0.07721327249999993,32.291504625000016,honest,hide_information,18.92358129166672
3818,37.180505775,0.0144443333333333,21.31176666666665,0.08036926749999998,32.00998400000002,honest,hide_information,17.07730300000003
3819,38.882666625,0.196111,24.862333333333275,0.08542882499999992,33.1125058,honest,hide_information,15.51276146666671
3820,52.580634999999994,0.0,27.22143333333334,0.05000000000000001,45.84915825000001,honest,honest,18.62772491666667
3821,86.457824325,0.0,26.34823333333336,0.05,86.457824325,honest,honest,60.10959099166664
3822,104.5767903,3.571689,29.865933333333416,0.05,104.5767903,honest,honest,71.13916796666658
3823,104.57055705,16.549855,30.877900000000107,0.05,104.57055705,honest,honest,57.1428020499999
3824,85.855355575,165.8650283333327,37.44516666666669,0.2875,85.855355575,hide_information,honest,0.0
3825,104.615437225,538.5342363333327,41.48360000000011,0.2875,59.490437224999994,honest,honest,0.0
3826,106.43960874999999,1050.8989823333336,38.25946666666665,0.2875,61.31460874999999,honest,honest,0.0
3827,104.905386475,1359.4984789999985,47.47776666666668,0.2875,59.780386475,honest,honest,0.0
3828,86.095421125,1654.6731153333326,52.367766666666775,0.2875,40.970421125,honest,hide_information,0.0
3829,86.18898610000001,1799.2124959999949,67.1004,0.2875,41.06398610000001,honest,honest,0.0
3830,86.405297375,2729.781720333324,70.95683333333324,0.2875,41.280297375,honest,honest,0.0
3831,108.780003825,2399.2479436666717,73.27436666666658,0.2875,63.655003824999994,hide_information,honest,0.0
3832,113.408554775,1916.682927333333,77.47583333333324,0.2875,68.283554775,hide_information,honest,0.0
3833,117.18864464999999,786.7230003333334,74.62076666666661,0.2875,72.06364464999999,honest,honest,0.0
3834,94.55220130000001,777.5130636666679,72.72783333333332,0.2875,49.42720130000001,honest,honest,0.0
3835,92.1035215,673.419464666667,75.79203333333338,0.2875,46.9785215,honest,honest,0.0
3836,96.67724032500001,243.4777413333331,76.78513333333326,0.2875,51.552240325000014,honest,honest,0.0
3837,96.325815675,99.8563366666666,74.38060000000003,0.2875,51.200815675,honest,honest,0.0
3838,98.182773175,26.063568000000014,69.74419999999996,0.25306247541874993,53.057773174999994,honest,honest,0.0
3839,56.376048475,1.518283,68.22520000000007,0.2875,17.794178145437506,honest,honest,0.0
3840,37.149124825,0.0,70.44346666666677,0.3294782903947368,0.0,honest,honest,0.0
3841,37.187360075,0.0,63.893133333333374,0.3712553426315789,0.0,honest,honest,0.0
3842,37.203585425,0.0,72.32196666666673,0.4129469982894736,0.0,honest,honest,0.0
3843,37.582956825,1.3950223333333331,73.21826666666675,0.452641962368421,0.0,honest,honest,0.0
3844,51.278508900000006,0.4515333333333333,69.12886666666674,0.4269840676315789,1.2785089000000056,honest,honest,0.0
3845,85.89930225,24.525288333333336,55.360866666666624,0.37276372345723663,35.899302250000005,honest,hide_information,0.0
3846,104.61342695,26.38604333333334,55.375033333333135,0.23855716487456025,54.613426950000004,honest,honest,0.0
3847,104.79181392499999,192.8088153333329,65.04586666666665,0.2875,68.96595259883354,honest,honest,0.0
3848,86.398215225,713.8207236666674,63.63376666666672,0.2875,41.273215225,honest,hide_information,0.0
3849,107.911480175,1206.5353203333336,54.430000000000106,0.2875,62.786480174999994,honest,honest,0.0
3850,116.9625275,815.7665520000007,44.4032333333333,0.2875,71.8375275,honest,honest,0.0
3851,119.49704095,981.2406916666664,50.48303333333318,0.2875,74.37204095,honest,honest,0.0
3852,100.338745875,627.4531806666678,38.87889999999991,0.2875,55.213745875,honest,honest,0.0
3853,99.92395950000001,767.827145666667,51.2159333333331,0.2875,54.79895950000001,hide_information,honest,0.0
3854,100.4007187,679.6004246666649,48.30066666666645,0.2875,55.2757187,hide_information,honest,0.0
3855,123.836303275,398.9809230000018,46.81343333333319,0.2875,78.711303275,hide_information,honest,0.0
3856,125.88411625,398.6121896666679,44.1468666666668,0.2875,80.75911625,honest,honest,0.0
3857,129.61847635,479.5051350000003,39.79580000000018,0.2875,84.49347635000001,honest,honest,0.0
3858,108.42543965000002,686.5891823333336,28.77276666666664,0.2875,63.300439650000015,honest,honest,0.0
3859,102.534608325,503.612855,44.27256666666681,0.2875,57.409608324999994,honest,honest,0.0
3860,104.6480778,261.4118336666657,53.665433333333546,0.2875,59.523077799999996,honest,honest,0.0
3861,98.71588255,153.56852066666684,45.84340000000006,0.2875,53.59088255,honest,honest,0.0
3862,98.403822325,24.76248799999997,59.34456666666688,0.19643410362291752,53.27882232499999,honest,honest,0.0
3863,56.561306075,1.2659173333333331,59.98953333333359,0.20445396533010102,28.738826386645666,honest,honest,0.0
3864,37.29382995,0.74,64.17546666666662,0.2875,7.94757653728081,honest,honest,0.0
3865,37.348964375,0.2621666666666666,68.03396666666654,0.32842650328947365,0.0,honest,honest,0.0
3866,37.3504261,0.74,73.27943333333315,0.3693453132894736,0.0,honest,honest,0.0
3867,37.760730975,0.0,74.9319666666666,0.40810462394736835,0.0,honest,honest,0.0
3868,51.475249125,0.0,77.3168666666666,0.38244672921052625,1.4752491249999977,honest,honest,0.0
3869,86.089070675,2.953444333333333,77.59003333333307,0.3304472676840996,36.089070675,honest,hide_information,0.0
3870,104.90232575,138.4772113333333,74.70560000000013,0.3047893729472575,54.90232575,honest,honest,0.0
3871,107.3426474,427.6976010000014,72.78353333333315,0.2875,58.93266654002108,honest,honest,0.0
3872,88.59928652500001,917.973785333331,71.71700000000014,0.2875,43.47428652500001,honest,hide_information,0.0
3873,115.453968925,1903.627374333331,74.06989999999965,0.2875,70.328968925,honest,honest,0.0
3874,124.4730509,2441.6523463333297,75.80349999999993,0.2875,79.3480509,honest,honest,0.0
3875,128.2671156,4358.759749666689,75.06353333333304,0.2875,83.14211560000001,honest,honest,0.0
3876,107.94323045,4470.796390999995,69.66993333333329,0.2875,62.81823045,honest,honest,0.0
3877,106.951823725,6907.695775999983,65.92696666666664,0.2875,61.826823725,hide_information,honest,0.0
3878,104.4961191,4882.045577666684,58.3014000000002,0.2875,59.3711191,hide_information,honest,0.0
3879,124.927787525,6249.098131666661,57.04763333333312,0.2875,79.802787525,hide_information,honest,0.0
3880,123.39588570000001,4516.504506666644,51.794533333333234,0.2875,78.27088570000001,hide_information,honest,0.0
3881,121.914529075,3236.1218023333463,47.67496666666674,0.2875,76.789529075,honest,honest,0.0
3882,99.38270192499999,1176.1988573333338,50.30556666666679,0.2875,54.25770192499999,honest,honest,0.0
3883,100.84070642500001,2357.166239666657,47.46406666666648,0.2875,55.71570642500001,honest,honest,0.0
3884,103.82262527500001,750.3489046666664,29.32723333333332,0.2875,58.69762527500001,honest,honest,0.0
3885,100.037876125,539.2929719999996,29.716800000000053,0.2875,54.912876125,honest,honest,0.0
3886,100.36160430000001,55.07023799999999,28.37420000000002,0.18398721007499996,55.23660430000001,honest,honest,0.0
3887,56.744050375,0.4056556666666666,35.091833333333255,0.10000586249999989,31.286480460750006,honest,hide_information,6.316541460750059
3888,37.514625375,0.0,28.21109999999992,0.05093854537499952,28.01351150000002,honest,honest,0.0
3889,37.551689925,0.0,23.91150000000007,0.08407388750000011,37.37336630375009,honest,hide_information,20.63531630375004
3890,37.567978100000005,0.0846,23.523599999999988,0.08352112999999999,31.093939474999985,honest,hide_information,14.542819474999995
3891,37.999993,1.2200666666666666,22.07140000000006,0.0814517450000001,31.630978300000006,honest,hide_information,14.9609316333333
3892,51.83955095,0.1121333333333333,17.224266666666637,0.05,45.86371939999999,honest,honest,28.527319400000017
3893,86.4414231,8.881677666666668,18.779933333333396,0.05,86.4414231,honest,honest,58.77981209999993
3894,106.1486917,102.90731166666664,21.23429999999996,0.13546636984166638,106.1486917,honest,honest,0.0
3895,107.727147625,383.65117233333257,21.01009999999992,0.2875,91.4885373550834,honest,honest,0.0
3896,88.38198652499999,527.0643703333312,26.06126666666663,0.2875,43.25698652499999,honest,honest,0.0
3897,112.95047795,1744.4156139999998,21.71553333333336,0.2875,67.82547795,honest,honest,0.0
3898,123.11926225,3270.870389666668,19.987699999999997,0.2875,77.99426225,honest,honest,0.0
3899,131.318945375,3674.530309999998,15.989566666666676,0.2875,86.193945375,honest,honest,0.0
3900,110.88050235,5287.858462666645,17.230166666666666,0.2875,65.75550235,honest,honest,0.0
3901,107.01976235000001,4871.350407333336,14.47856666666669,0.2875,61.89476235000001,hide_information,honest,0.0
3902,103.633505325,4552.832136000021,18.526133333333384,0.2875,58.508505325,hide_information,honest,0.0
3903,126.76129135,2638.053996666658,17.157966666666702,0.2875,81.63629135,hide_information,honest,0.0
3904,123.89364025,843.6739693333349,14.250833333333354,0.2875,78.76864025,hide_information,honest,0.0
3905,123.518204,2709.475802333333,14.12586666666667,0.2875,78.393204,honest,honest,0.0
3906,97.593735525,2353.467749000005,13.89763333333332,0.2875,52.468735525,honest,honest,0.0
3907,94.09691005,2908.611926000015,19.590566666666696,0.2875,48.971910050000005,honest,honest,0.0
3908,97.80339534999999,430.5457793333333,19.524199999999983,0.2875,52.67839534999999,honest,honest,0.0
3909,96.408580075,583.0303213333343,22.468366666666725,0.2875,51.283580075,honest,honest,0.0
3910,98.30530359999999,99.32126399999989,28.7509333333333,0.2875,53.18030359999999,honest,honest,0.0
3911,56.4704813,4.186833666666667,27.802633333333254,0.1480589320749996,11.345481300000003,honest,honest,0.0
3912,37.231866025,1.5356333333333334,29.051133333333365,0.10693396424560395,18.60066893075008,honest,honest,0.0
3913,37.273737675,0.4377776666666667,26.900233333333286,0.05418820102540735,26.456284468335248,honest,honest,0.0
3914,37.265527524999996,0.0,28.55566666666665,0.09069182499999999,36.4697693301726,honest,hide_information,16.48080266350595
3915,38.912995575,0.0,34.2248333333333,0.09877038749999997,31.181548825,honest,hide_information,7.224165491666692
3916,52.595008449999995,3.386477666666667,22.26813333333333,0.08173209000000001,43.328634825,honest,hide_information,24.354463825000003
3917,86.5545187,7.246821999999999,27.498633333333277,0.05,80.5254216,honest,honest,45.779966266666726
3918,104.70510107500002,94.26371000000049,29.81616666666672,0.14203018406041912,104.70510107500002,honest,honest,0.0
3919,104.805133475,314.24432899999994,29.96483333333333,0.2875,87.31939850352038,honest,honest,0.0
3920,86.08580252499999,835.2915233333325,26.10169999999993,0.2875,40.96080252499999,honest,hide_information,0.0
3921,105.073237075,1443.998932333333,23.17513333333333,0.2875,59.948237074999994,honest,honest,0.0
3922,109.47266935,2829.614834666664,18.249133333333333,0.2875,64.34766935,honest,honest,0.0
3923,108.842847825,3943.329010333338,18.56686666666667,0.2875,63.71784782500001,honest,honest,0.0
3924,87.18027989999999,5909.5801543333255,18.89120000000003,0.2875,42.05527989999999,honest,hide_information,0.0
3925,86.1549336,2903.4422789999862,19.156999999999965,0.2875,41.02993360000001,honest,honest,0.0
3926,86.122656675,4155.505562000006,18.158733333333338,0.2875,40.997656675,honest,honest,0.0
3927,105.32969415,5710.678448666644,18.787333333333265,0.2875,60.204694149999995,hide_information,honest,0.0
3928,106.91256165,4819.242605666673,21.02456666666665,0.2875,61.78756165,hide_information,honest,0.0
3929,108.71284017500001,4329.566129999997,29.4728,0.2875,63.58784017500001,honest,honest,0.0
3930,87.913310475,2722.4296190000027,40.39286666666664,0.2875,42.788310475,honest,hide_information,0.0
3931,89.10971599999999,2219.94160466667,32.84,0.2875,43.98471599999999,honest,hide_information,0.0
3932,96.30798562500001,1461.5119856666654,22.43003333333328,0.2875,51.182985625000015,honest,honest,0.0
3933,96.23098472500001,285.17605700000047,19.75383333333336,0.2875,51.10598472500001,honest,honest,0.0
3934,98.08684375,87.92447433333297,25.608899999999952,0.2875,52.96184375,honest,honest,0.0
3935,56.280722,4.156822333333333,24.953833333333385,0.1352859349166669,11.155721999999997,honest,honest,0.0
3936,37.057891500000004,0.0,23.86793333333328,0.06431825497062495,20.853563865833294,honest,honest,0.0
3937,37.113380675,0.0,24.608133333333345,0.08506659000000003,34.39291223058126,honest,hide_information,17.16721889724792
3938,37.13639675,0.0915,35.77143333333333,0.10097429250000002,30.47374465,honest,hide_information,5.342241316666673
3939,37.502653325000004,0.1987333333333333,31.371866666666648,0.06782704568749992,27.81753775,honest,honest,0.0
3940,51.211983024999995,0.0,21.83409999999999,0.05,47.82484434437501,honest,honest,25.99074434437502
3941,85.8283155,20.480898666666672,15.86230000000002,0.05,85.8283155,honest,honest,49.48511683333331
3942,104.554683425,285.4341723333332,18.957433333333345,0.2875,104.554683425,honest,honest,0.0
3943,104.54703177500001,708.1035086666681,19.43146666666664,0.2875,59.42203177500001,honest,honest,0.0
3944,85.85891705,867.5363173333352,21.729666666666724,0.2875,40.73391705,honest,honest,0.0
3945,104.62779044999999,2065.1311223333346,22.86320000000008,0.2875,59.50279044999999,hide_information,honest,0.0
3946,106.419545325,2570.8532813333354,24.998433333333363,0.2875,61.294545325,hide_information,honest,0.0
3947,104.7775272,3553.2390713333325,26.9243333333334,0.2875,59.652527199999994,hide_information,honest,0.0
3948,85.98145735,3575.8926916666837,29.574866666666622,0.2875,40.85645735,honest,honest,0.0
3949,85.96999600000001,5524.724246666679,21.325233333333315,0.2875,40.84499600000001,honest,honest,0.0
3950,85.92777464999999,6192.926457666694,33.53213333333332,0.2875,40.80277464999999,honest,honest,0.0
3951,104.55975907499999,5966.953842999998,35.3218666666666,0.2875,59.43475907499999,hide_information,honest,0.0
3952,104.9231407,6266.662919333335,33.34859999999993,0.2875,59.798140700000005,hide_information,honest,0.0
3953,107.178080025,5345.600748666644,36.20526666666668,0.2875,62.053080025,hide_information,honest,0.0
3954,87.4337721,3164.939954666665,24.71126666666665,0.2875,42.3087721,honest,honest,0.0
3955,89.06399487499999,1950.8073779999984,44.929899999999805,0.2875,43.93899487499999,honest,hide_information,0.0
3956,96.53794247500001,1186.112405999998,41.12976666666653,0.2875,51.41294247500001,honest,honest,0.0
3957,96.18290052500001,349.53651133333307,39.87499999999997,0.2875,51.05790052500001,honest,honest,0.0
3958,97.98774019999999,77.65148900000007,42.40780000000001,0.2875,52.86274019999999,honest,honest,0.0
3959,56.160424175,0.4329666666666666,40.92256666666671,0.19402051850208352,11.035424175000003,honest,honest,0.0
3960,36.961922550000004,0.0,42.098566666666805,0.20437757750229768,9.598024034604137,honest,honest,0.0
3961,37.0242919,0.0,41.87416666666683,0.2123626688374911,7.692552174563442,honest,honest,0.0
3962,37.047781175,0.0,44.61023333333343,0.23245395637791955,6.198874095876683,honest,honest,0.0
3963,37.431820625,0.0,43.43620000000013,0.243185497662323,2.7655689131952883,honest,honest,0.0
3964,51.12921862500001,1.7172216666666669,41.59660000000003,0.1872267760881633,14.423974069158639,honest,honest,0.0
3965,85.750046325,103.75625833333297,39.57356666666663,0.2875,59.676958868248974,hide_information,honest,0.0
3966,104.538697025,290.5567246666675,35.967633333333374,0.2875,59.413697025000005,hide_information,honest,0.0
3967,104.705927325,313.2140683333331,32.1523,0.2875,59.580927325000005,hide_information,honest,0.0
3968,86.08491975,965.7564743333326,26.870633333333245,0.2875,40.95991975,honest,honest,0.0
3969,105.04719135,901.6127670000004,22.44960000000007,0.2875,59.922191350000006,hide_information,honest,0.0
3970,109.36738105,1105.2081943333342,18.40353333333339,0.2875,64.24238105,hide_information,honest,0.0
3971,113.948019625,1036.100408666667,18.889733333333343,0.2875,68.823019625,hide_information,honest,0.0
3972,92.892143725,1534.733496666667,12.055133333333314,0.2875,47.767143725,hide_information,honest,0.0
3973,90.06222620000001,1862.83567,13.607033333333373,0.2875,44.93722620000001,honest,honest,0.0
3974,90.552179725,2163.6714866666653,16.489466666666612,0.2875,45.427179725,hide_information,honest,0.0
3975,113.350245975,2239.4887300000046,17.050433333333334,0.2875,68.225245975,hide_information,honest,0.0
3976,114.10506939999999,1258.7598610000025,22.55826666666661,0.2875,68.98006939999999,hide_information,honest,0.0
3977,116.121232625,2013.1638223333389,24.73626666666663,0.2875,70.996232625,hide_information,honest,0.0
3978,95.61091984999999,1488.9763116666709,29.36293333333332,0.2875,50.48591984999999,hide_information,honest,0.0
3979,93.460669475,1830.0547040000004,30.411566666666648,0.2875,48.335669475,hide_information,honest,0.0
3980,97.35566739999999,741.6397400000014,30.484433333333392,0.2875,52.23066739999999,honest,honest,0.0
3981,96.36363245,323.9507283333344,34.470466666666745,0.2875,51.23863245,honest,honest,0.0
3982,98.235002275,61.42858333333337,38.7957333333334,0.2737929933604171,53.110002275,honest,honest,0.0
3983,56.446828624999995,1.5880663333333334,41.91993333333342,0.19051373895569357,13.926159886520736,honest,honest,0.0
3984,37.2402313,1.153611,51.69013333333343,0.2509303363158472,10.542620898418221,honest,honest,0.0
3985,37.31565985,1.3322443333333334,56.23986666666675,0.29203212657900507,0.0,honest,honest,0.0
3986,37.317032075,1.3322443333333334,62.12920000000009,0.33312669460532085,0.0,honest,honest,0.0
3987,39.069796625,0.3145333333333333,66.27883333333345,0.36499618605268924,0.0,honest,honest,0.0
3988,52.770140874999996,1.702711,66.56683333333335,0.33933829131584714,2.7701408749999956,honest,honest,0.0
3989,86.699775,21.22679966666667,66.39936666666674,0.31368039657900504,36.699775,honest,hide_information,0.0
3990,104.816400975,73.5291603333332,55.38506666666682,0.28802250184216294,54.81640097499999,honest,honest,0.0
3991,105.766925125,259.61299,44.34299999999991,0.2875,60.542649774989044,honest,honest,0.0
3992,87.157166725,474.4967323333324,38.2038666666667,0.2875,42.032166724999996,honest,honest,0.0
3993,108.19688980000001,1748.4097913333317,26.24990000000001,0.2875,63.07188980000001,honest,honest,0.0
3994,114.50493012500002,2959.0417203333327,24.52346666666664,0.2875,69.37993012500002,honest,honest,0.0
3995,116.4416922,4196.024682000007,29.097233333333357,0.2875,71.3166922,honest,honest,0.0
3996,96.48153745,5764.474640666691,22.64510000000005,0.2875,51.356537450000005,honest,honest,0.0
3997,94.0036996,6548.979102333366,24.71489999999996,0.2875,48.878699600000004,hide_information,honest,0.0
3998,93.005235075,5037.35087866665,15.94333333333332,0.2875,47.880235075,hide_information,honest,0.0
3999,116.439804275,6384.226853000029,11.612133333333292,0.2875,71.314804275,hide_information,honest,0.0
4000,120.50562575000001,5791.122885666639,12.784666666666611,0.2875,75.38062575000001,honest,honest,0.0
4001,122.5062175,3276.555586999985,12.44239999999994,0.2875,77.3812175,honest,honest,0.0
4002,98.665224575,2451.909638666669,18.764533333333286,0.2875,53.540224574999996,honest,honest,0.0
4003,95.809663025,950.9597516666656,33.14083333333329,0.2875,50.684663025000006,honest,honest,0.0
4004,98.24176885,572.280128666665,17.57063333333328,0.2875,53.11676885,honest,honest,0.0
4005,96.48314922499999,345.0502943333331,18.23110000000003,0.2875,51.35814922499999,honest,honest,0.0
4006,98.18640200000002,101.78430400000022,18.848033333333312,0.2875,53.061402000000015,honest,honest,0.0
4007,56.358359975,2.930077666666667,18.96086666666661,0.10062352570208308,11.233359974999999,honest,honest,0.0
4008,37.172051499999995,0.0,26.229633333333403,0.05,27.553581616604212,honest,honest,1.3239482832708092
4009,37.250379075,0.3145333333333333,24.92143333333318,0.08551304249999978,37.250379075,honest,hide_information,19.49084240833344
4010,37.261943875,0.503333,41.277466666666655,0.10882038999999996,30.514465800000043,honest,hide_information,1.1169061333333836
4011,37.634661574999996,0.1677776666666666,27.57859999999993,0.05611605341041633,26.458787475,honest,honest,0.0
4012,51.332686575000004,0.7391776666666667,47.99453333333329,0.05,50.1706364270209,honest,honest,1.4369254270209453
4013,85.9685704,3.3656216666666667,28.77003333333344,0.05,85.9685704,honest,honest,53.8329153999999
4014,104.722967025,54.9832666666668,43.94436666666685,0.05,104.722967025,honest,honest,5.795333691666343
4015,105.38324402500001,361.3429086666659,54.840733333333134,0.2875,105.38324402500001,honest,honest,0.0
4016,88.673207775,794.9829883333346,59.821666666666594,0.2875,43.548207774999995,honest,hide_information,0.0
4017,113.058522125,1455.0598750000015,66.19790000000013,0.2875,67.933522125,honest,honest,0.0
4018,120.59856032500001,2543.195346333323,70.7501000000001,0.2875,75.47356032500001,honest,honest,0.0
4019,124.1756484,2319.7134876666582,66.10016666666665,0.2875,79.0506484,honest,honest,0.0
4020,108.0655919,2265.5461953333297,79.009633333333,0.2875,62.9405919,honest,honest,0.0
4021,108.89208744999999,2615.000719333328,80.67890000000001,0.2875,63.76708744999999,hide_information,honest,0.0
4022,110.19858885,4027.895065666686,84.31889999999967,0.2875,65.07358885,hide_information,honest,0.0
4023,132.238259175,5057.4348366666645,85.5976666666669,0.2875,87.113259175,hide_information,honest,0.0
4024,131.883142925,4282.529592333315,88.30493333333347,0.2875,86.75814292499999,honest,honest,0.0
4025,135.742677775,4932.755775666668,89.92693333333312,0.2875,90.617677775,honest,honest,0.0
4026,112.121408075,3648.691488999999,75.88596666666668,0.2875,66.996408075,honest,honest,0.0
4027,106.087446725,1607.7760223333323,78.18406666666687,0.2875,60.96244672500001,honest,honest,0.0
4028,110.6197701,880.840824,48.94090000000001,0.2875,65.4947701,honest,honest,0.0
4029,105.20293082500001,434.4046233333332,47.2385666666667,0.2875,60.07793082500001,honest,honest,0.0
4030,101.294727725,121.85938566666702,64.49100000000021,0.2875,56.169727725,honest,honest,0.0
4031,56.730594575,1.5551223333333333,57.72333333333319,0.27644609018541594,11.605594574999998,honest,honest,0.0
4032,37.4822604,5.3642666666666665,39.12209999999998,0.2904812771152404,0.0,honest,honest,0.0
4033,37.540795275,0.0,50.69426666666645,0.3303981440889246,0.0,honest,honest,0.0
4034,37.572959,0.1666666666666666,47.14796666666656,0.35739023663278374,0.0,honest,honest,0.0
4035,38.00806915,0.2833333333333333,44.34739999999988,0.3693437507555902,0.0,honest,honest,0.0
4036,51.873186249999996,8.682533666666666,37.2152333333334,0.3153026145812484,1.8731862499999963,honest,honest,0.0
4037,86.47989815000001,27.394167,31.808566666666653,0.16007818854857286,36.47989815000001,honest,hide_information,0.0
4038,107.41962827500001,96.6106713333336,29.67850000000008,0.23897589469217193,86.50477245077117,honest,honest,0.0
4039,111.458626275,526.2267936666682,25.96983333333341,0.28750000000000003,75.55320628348734,honest,honest,0.0
4040,86.82218284999999,1006.473544999998,24.762633333333323,0.2875,41.69718284999998,honest,hide_information,0.0
4041,109.52536805,1776.8810083333344,27.74560000000011,0.2875,64.40036805,honest,honest,0.0
4042,120.37000847499999,3146.873571666652,24.10846666666673,0.2875,75.24500847499999,honest,honest,0.0
4043,128.119204225,4621.309312999996,20.88156666666675,0.2875,82.994204225,honest,honest,0.0
4044,108.2720542,5836.451586333313,21.49283333333329,0.2875,63.1470542,honest,honest,0.0
4045,104.83652962500001,5922.536993,28.539966666666647,0.2875,59.71152962500001,hide_information,honest,0.0
4046,103.74642055000001,6390.138670333364,31.95463333333339,0.2875,58.62142055000001,hide_information,honest,0.0
4047,126.702950725,4735.872442666674,32.14266666666669,0.2875,81.577950725,hide_information,honest,0.0
4048,131.704009375,3010.2557679999977,21.33819999999999,0.2875,86.579009375,honest,honest,0.0
4049,135.0242379,1328.438777666663,19.76990000000002,0.2875,89.8992379,honest,honest,0.0
4050,111.76384855,623.0562126666669,21.37253333333332,0.2875,66.63884855,honest,honest,0.0
4051,109.617116925,396.9741830000015,22.60719999999993,0.2875,64.492116925,honest,honest,0.0
4052,109.99827925,171.05579666666694,23.246766666666744,0.2875,64.87327925,honest,honest,0.0
4053,103.27761325,132.45698600000054,24.00326666666672,0.2875,58.15261325,honest,honest,0.0
4054,101.176702725,142.21771899999956,23.44806666666658,0.2875,56.051702725,honest,honest,0.0
4055,56.7069911,2.5341443333333333,24.596566666666725,0.12385641952500026,11.581991100000003,honest,honest,0.0
4056,37.45456145,0.0,26.739800000000024,0.06576030173381284,23.421841740249953,honest,honest,0.0
4057,37.47558185,0.0,26.8114333333333,0.08820629249999995,34.48112452057556,honest,hide_information,15.713121187242251
4058,37.467795175,1.3323333333333334,31.789966666666643,0.09530070249999997,30.20859960000001,honest,hide_information,6.623289600000028
4059,37.904431375,0.0,35.59653333333328,0.07992136830833303,29.297297900000007,honest,honest,0.0
4060,51.63411562500001,2.980333,36.04426666666657,0.05,45.94905564641673,honest,honest,6.924455979750157
4061,86.34272279999999,18.451388666666663,40.812266666666666,0.05,86.34272279999999,honest,honest,27.079067466666658
4062,109.83557257499999,76.525931,48.95403333333334,0.12431086085208344,109.83557257499999,honest,honest,0.0
4063,118.74773322499999,269.0027703333328,54.87336666666676,0.2875,104.62866966310413,honest,honest,0.0
4064,102.23926105000001,375.80806366666735,55.77976666666657,0.2875,57.11426105000001,honest,honest,0.0
4065,124.92424185000002,1784.336322666668,64.75646666666685,0.2875,79.79924185000002,honest,honest,0.0
4066,133.47698465000002,3354.820999333332,66.17473333333345,0.2875,88.35198465000002,honest,honest,0.0
4067,137.75234435,5089.565878000008,69.82389999999972,0.2875,92.62734434999999,honest,honest,0.0
4068,117.19254102500001,5264.343020666667,65.44966666666669,0.2875,72.06754102500001,honest,honest,0.0
4069,113.967449075,5954.482443000001,72.78126666666645,0.2875,68.842449075,honest,honest,0.0
4070,114.292387125,4587.932015000001,72.06756666666662,0.2875,69.167387125,honest,honest,0.0
4071,138.31181652499998,4625.01802166668,53.52893333333336,0.2875,93.18681652499998,honest,honest,0.0
4072,141.928073025,5313.982934666665,42.53416666666666,0.2875,96.803073025,honest,honest,0.0
4073,145.883388925,5357.745189666656,30.512199999999925,0.2875,100.75838892499999,honest,honest,0.0
4074,121.56306470000001,4750.719815333356,23.84163333333325,0.2875,76.43806470000001,honest,honest,0.0
4075,118.095550475,3278.374160333338,17.554199999999994,0.2875,72.970550475,honest,honest,0.0
4076,117.765367275,1850.895714333334,16.216899999999995,0.2875,72.640367275,honest,honest,0.0
4077,113.000629875,500.2085909999991,19.879533333333374,0.2875,67.875629875,honest,honest,0.0
4078,110.16845785,153.83323533333282,19.45673333333335,0.2875,65.04345785,honest,honest,0.0
4079,61.022237425,6.424878000000012,17.12713333333328,0.08636017606458313,15.897237425,honest,honest,0.0
4080,37.6027124,0.0042,22.50949999999998,0.08207603749999998,30.69427894772921,honest,hide_information,14.933428947729222
4081,37.632477675,18.0314,15.578699999999996,0.07219964749999999,31.538030550000002,honest,hide_information,2.601540550000003
4082,37.64421495,0.0575,21.80283333333335,0.08106903750000004,33.426281925,honest,hide_information,18.106798591666653
4083,39.713732225,1.8929556666666667,15.020300000000056,0.07140392750000008,33.81061509999999,honest,hide_information,21.403449433333286
4084,53.47084255,7.210144666666666,19.31576666666668,0.05,49.40409632499998,honest,honest,22.878184991666636
4085,88.49336915,43.905901,12.41036666666667,0.05,88.49336915,honest,honest,32.17710148333334
4086,115.077074875,24.173499333333325,9.20013333333334,0.05,115.077074875,honest,honest,81.70344220833333
4087,120.11766442500002,250.5114186666674,7.814599999999994,0.2875,120.11766442500002,honest,honest,0.0
4088,105.01806515,662.7652083333357,8.91443333333334,0.2875,59.89306515,honest,honest,0.0
4089,128.89131725000001,2019.056023,8.695466666666642,0.2875,83.76631725000001,honest,honest,0.0
4090,139.020567625,2948.970015000013,7.112099999999976,0.2875,93.89556762500001,honest,honest,0.0
4091,144.834209125,4574.287299666669,6.479766666666692,0.2875,99.709209125,honest,honest,0.0
4092,128.496668475,5949.407192999971,5.885000000000016,0.2875,83.371668475,honest,honest,0.0
4093,124.705020225,5518.913479000007,7.706233333333339,0.2875,79.580020225,honest,honest,0.0
4094,121.39068139999999,3542.8602503333163,8.920966666666654,0.2875,76.26568139999999,honest,honest,0.0
4095,143.978134025,3149.6736250000017,9.047633333333348,0.2875,98.853134025,honest,honest,0.0
4096,146.578514975,4218.643179666649,9.821966666666674,0.2875,101.45351497499999,honest,honest,0.0
4097,147.739028,3850.284532999999,7.31443333333333,0.2875,102.61402799999999,honest,honest,0.0
4098,121.27603182499999,1254.4060566666662,15.096666666666655,0.2875,76.15103182499999,honest,honest,0.0
4099,117.91259997499999,838.6393806666669,21.50043333333329,0.2875,72.78759997499999,honest,honest,0.0
4100,118.47612744999999,467.1034479999991,30.83679999999997,0.2875,73.35112744999999,honest,honest,0.0
4101,114.00073839999999,201.2512253333332,33.63863333333336,0.2875,68.87573839999999,honest,honest,0.0
4102,111.0459099,62.70887933333341,39.5091333333334,0.22241123814166736,65.9209099,honest,honest,0.0
4103,62.249594425000005,3.604161,46.17473333333341,0.14636531698743843,29.491459178083204,honest,honest,0.0
4104,37.612573125000004,0.8107666666666666,46.68693333333339,0.18392405123741346,19.303162897386702,honest,honest,0.0
4105,37.677218425,0.132,60.55456666666675,0.2801608603896827,12.231648689891443,honest,honest,0.0
4106,37.704358325,0.0,64.54920000000006,0.31921686920547215,0.0,honest,honest,0.0
4107,38.169174075,0.0,74.04060000000007,0.3558264793370511,0.0,honest,honest,0.0
4108,52.524369325,0.1484723333333333,81.40536666666672,0.330168584600209,2.524369325000002,honest,honest,0.0
4109,88.59107805000001,6.267244333333333,78.59246666666667,0.28678669637586685,38.59107805000001,honest,hide_information,0.0
4110,115.3158162,96.520677,70.62726666666669,0.2875,70.3263438885853,honest,honest,0.0
4111,119.34640035,430.6306996666665,64.92626666666675,0.2875,74.22140035,honest,honest,0.0
4112,100.3182726,1036.538126333333,58.45123333333324,0.2875,55.1932726,hide_information,honest,0.0
4113,121.494840775,1420.818700000001,50.51030000000014,0.2875,76.369840775,hide_information,honest,0.0
4114,134.897797025,2160.4799399999997,36.82760000000005,0.2875,89.77279702499999,hide_information,honest,0.0
4115,143.24249782500002,3817.984591333332,33.37660000000001,0.2875,98.11749782500002,hide_information,honest,0.0
4116,122.80592365000001,5321.222563333341,31.24626666666674,0.2875,77.68092365000001,hide_information,honest,0.0
4117,122.066334625,4006.8166036666807,27.81806666666674,0.2875,76.941334625,hide_information,honest,0.0
4118,120.0947565,4025.849627333345,32.823966666666706,0.2875,74.9697565,hide_information,honest,0.0
4119,147.558580125,3491.2305273333404,30.747433333333333,0.2875,102.43358012499999,hide_information,honest,0.0
4120,153.8311276,2229.571927333332,25.49733333333332,0.2875,108.7061276,hide_information,honest,0.0
4121,157.887877375,1976.487905666668,52.7171,0.2875,112.76287737499999,honest,honest,0.0
4122,133.053729325,1284.315401333335,24.59123333333342,0.2875,87.928729325,honest,honest,0.0
4123,131.23850705,1030.019685666669,22.37779999999993,0.2875,86.11350705000001,honest,honest,0.0
4124,132.941945,636.853490333334,22.6602,0.2875,87.816945,honest,honest,0.0
4125,122.997848275,370.5255123333335,38.76990000000001,0.2875,77.872848275,honest,honest,0.0
4126,114.854999,11.489420666666716,29.294733333333376,0.05,69.729999,honest,honest,28.945844999999913
4127,60.7422853,0.0991333333333333,20.53593333333343,0.05,60.7422853,honest,honest,40.10721863333323
4128,37.614955525,2.0394443333333334,25.851166666666707,0.08683791250000007,37.614955525,honest,hide_information,17.479694524999974
4129,37.61616755,1.1711113333333332,14.710066666666686,0.07096184500000004,30.616964174999985,honest,hide_information,19.148806174999972
4130,37.6252331,1.1711113333333332,19.06616666666672,0.07716928750000007,33.64248255,honest,hide_information,19.12505454999996
4131,38.019095775,0.2504,21.65813333333328,0.08086283999999992,32.85693114999999,honest,hide_information,17.445837816666693
4132,51.8677234,0.0,13.955800000000048,0.05,46.00378380000002,honest,honest,32.047983799999976
4133,86.43235130000001,7.549655666666667,10.380333333333294,0.05,86.43235130000001,honest,honest,68.50236230000004
4134,106.211573625,181.1792873333329,9.910299999999957,0.2875,106.211573625,honest,honest,0.0
4135,108.2592614,502.5100176666664,9.621233333333306,0.2875,63.1342614,honest,honest,0.0
4136,87.87172269999999,1082.5734719999973,10.798966666666631,0.2875,42.74672269999999,honest,honest,0.0
4137,107.82463480000001,1993.6055786666695,13.303533333333306,0.2875,62.69963480000001,hide_information,honest,0.0
4138,112.10487515,2478.7661196666604,10.38859999999998,0.2875,66.97987515,hide_information,honest,0.0
4139,119.20154500000001,2478.3963966666656,11.7020666666667,0.2875,74.07654500000001,hide_information,honest,0.0
4140,98.74031775,1741.5604919999982,29.38369999999999,0.2875,53.61531775,hide_information,honest,0.0
4141,94.96230177499999,1582.2566653333336,34.33279999999985,0.2875,49.837301774999986,hide_information,honest,0.0
4142,95.99555205,1073.782556666668,28.837466666666703,0.2875,50.87055205,hide_information,honest,0.0
4143,118.5839344,913.9194606666672,37.67863333333335,0.2875,73.4589344,hide_information,honest,0.0
4144,122.37005155,770.975626333333,22.876666666666715,0.2875,77.24505155,hide_information,honest,0.0
4145,127.3979953,664.020154999999,14.994466666666634,0.2875,82.2729953,hide_information,honest,0.0
4146,104.04832049999999,388.6414879999999,39.46676666666672,0.2875,58.92332049999999,honest,honest,0.0
4147,102.482667775,275.6268019999997,44.27413333333333,0.2875,57.357667774999996,honest,honest,0.0
4148,102.60037347500001,241.32148899999947,42.03263333333332,0.2875,57.47537347500001,honest,honest,0.0
4149,100.81124405,166.32559866666668,35.80786666666661,0.2875,55.68624405,honest,honest,0.0
4150,99.56621952500001,5.556366333333333,16.72320000000004,0.05,54.44121952500001,honest,honest,32.16165319166663
4151,56.713758675,0.0144443333333333,21.12813333333329,0.05,56.713758675,honest,honest,35.571181008333376
4152,37.4978629,0.0,28.694766666666684,0.09089004250000002,37.4978629,honest,hide_information,17.411526233333323
4153,37.54977255,0.0,12.43890000000002,0.05000000000000001,29.780664475,honest,honest,17.341764474999977
4154,37.573118175000005,0.0,13.768666666666656,0.06962035,37.573118175000005,honest,hide_information,27.935051508333345
4155,39.485270375,0.0,10.727600000000006,0.06528683000000002,35.757403875,honest,hide_information,28.248083875
4156,53.34281945,0.0646666666666666,17.550533333333323,0.05,50.43832175,honest,honest,32.82312175000001
4157,87.10035930000001,16.810632666666674,22.925400000000025,0.05,87.10035930000001,honest,honest,47.364326633333306
4158,106.702718875,185.55792699999935,14.769866666666667,0.2875,106.702718875,honest,honest,0.0
4159,108.79829985,666.3634366666654,18.35043333333332,0.2875,63.67329985000001,honest,honest,0.0
4160,92.43391535,1038.5598209999985,30.018033333333364,0.2875,47.30891535000001,honest,honest,0.0
4161,116.1050566,1433.1276326666668,25.419100000000007,0.2875,70.9800566,honest,honest,0.0
4162,124.855401225,2130.260746,29.40126666666677,0.2875,79.730401225,honest,honest,0.0
4163,129.777503675,3979.978308999999,30.0847666666668,0.2875,84.65250367499999,honest,honest,0.0
4164,108.28364155,5033.396628666651,35.97609999999988,0.2875,63.15864155,honest,honest,0.0
4165,104.844262025,4656.944058333329,58.910300000000014,0.2875,59.719262025000006,hide_information,honest,0.0
4166,104.292623675,5131.000470999982,39.72780000000014,0.2875,59.167623675,honest,honest,0.0
4167,126.3079241,6303.30253400002,54.00993333333334,0.2875,81.1829241,honest,honest,0.0
4168,128.982450025,5642.946444666672,44.353366666666666,0.2875,83.85745002499999,honest,honest,0.0
4169,132.640611875,4189.476958333354,49.6587333333332,0.2875,87.51561187499999,honest,honest,0.0
4170,108.25924692499999,3873.3617446666663,44.88413333333338,0.2875,63.134246924999985,honest,honest,0.0
4171,107.310668575,1013.4658703333338,57.35136666666652,0.2875,62.185668574999994,honest,honest,0.0
4172,108.70079695,903.9694399999996,60.20980000000006,0.2875,63.57579695,honest,honest,0.0
4173,104.63790275,337.6066990000004,60.16639999999996,0.2875,59.512902749999995,honest,honest,0.0
4174,101.13589669999999,69.87769500000009,64.87563333333348,0.2875,56.01089669999999,honest,honest,0.0
4175,56.70476765,21.5825,63.32323333333313,0.2875,11.57976765,honest,honest,0.0
4176,37.44520985,0.0546666666666666,65.59173333333358,0.3279199481578947,0.0,honest,honest,0.0
4177,37.470239,1.4525666666666666,71.86386666666662,0.3682081639473684,0.0,honest,honest,0.0
4178,37.472873925,1.6553776666666666,68.66023333333334,0.4084825117105263,0.0,honest,honest,0.0
4179,37.876742325,0.0,78.88186666666672,0.44663123631578944,0.0,honest,honest,0.0
4180,51.58329535,4.531899999999999,82.12899999999973,0.42097334157894734,1.5832953500000002,honest,honest,0.0
4181,86.257022025,26.705011333333324,64.32836666666664,0.39531544684210523,36.257022025,honest,hide_information,0.0
4182,107.25172137499999,62.91704466666672,70.5995333333333,0.36965755210526313,57.25172137499999,honest,honest,0.0
4183,114.71265855,482.44713066666816,74.43306666666645,0.34399965736842103,64.71265855,honest,honest,0.0
4184,98.2878064,454.74247133333273,72.07309999999973,0.31834176263157893,48.287806399999994,honest,honest,0.0
4185,122.72289674999999,2375.400097666676,69.76146666666675,0.2926838678947368,72.72289674999999,honest,honest,0.0
4186,131.867461225,2784.720879999993,58.60593333333339,0.2875,85.757526325,honest,honest,0.0
4187,133.331502725,4503.717080999998,53.10736666666672,0.2875,88.206502725,honest,honest,0.0
4188,111.92375325,5269.97562233333,48.03340000000017,0.2875,66.79875325,honest,honest,0.0
4189,110.04961574999999,5815.31659666666,64.57596666666669,0.2875,64.92461574999999,hide_information,honest,0.0
4190,107.728832075,6025.973401333362,60.60123333333356,0.2875,62.603832075,hide_information,honest,0.0
4191,126.6053172,5344.878954333354,61.42883333333339,0.2875,81.4803172,hide_information,honest,0.0
4192,125.95681815,5067.205149666667,67.2412666666666,0.2875,80.83181815,hide_information,honest,0.0
4193,127.90161534999999,2985.460927000012,56.72240000000017,0.2875,82.77661534999999,honest,honest,0.0
4194,107.767802375,2544.0410940000074,45.8076333333334,0.2875,62.642802375,honest,honest,0.0
4195,105.46966005,2951.1743196666525,62.6860333333333,0.2875,60.34466005,honest,honest,0.0
4196,109.60523185,1115.6062443333362,62.28940000000007,0.2875,64.48023185,honest,honest,0.0
4197,106.4975278,360.5587309999986,58.28170000000016,0.2875,61.3725278,honest,honest,0.0
4198,101.6600029,106.15623233333324,53.699699999999744,0.2875,56.535002899999995,honest,honest,0.0
4199,56.725627,15.821622666666668,28.87016666666664,0.2071830210833332,11.600627000000003,honest,honest,0.0
4200,37.465723425,0.0,19.90023333333335,0.10842159859229163,7.600949419166692,honest,honest,0.0
4201,37.5362923,0.0,17.72549999999999,0.05000000000000001,26.43618856746459,honest,honest,8.7106885674646
4202,37.561188525000006,0.0065333333333333,23.71793333333332,0.08379805499999998,37.561188525000006,honest,hide_information,20.95210185833335
4203,37.997210975,0.0,32.432266666666656,0.09621597999999999,31.575580525000007,honest,hide_information,8.872993858333349
4204,51.820384,4.535600333333334,43.15516666666655,0.11149611249999986,43.0393478,honest,hide_information,8.29513080000008
4205,86.364617825,6.114822333333334,47.49699999999993,0.05,74.68035645000002,honest,honest,21.068534116666754
4206,105.12170585,242.91679900000025,48.45796666666665,0.2875,105.12170585,honest,honest,0.0
4207,106.933256625,464.7661929999993,47.90773333333339,0.2875,61.808256625,honest,honest,0.0
4208,86.25829605,892.5403236666667,54.42013333333335,0.2875,41.13329605,honest,hide_information,0.0
4209,108.36635369999999,1882.6695030000003,63.17586666666675,0.2875,63.24135369999999,honest,honest,0.0
4210,113.309104975,3028.1664706666647,63.32686666666675,0.2875,68.184104975,honest,honest,0.0
4211,121.2775332,2979.198499,58.04483333333336,0.2875,76.1525332,honest,honest,0.0
4212,106.657230825,3768.5282186666673,64.44250000000005,0.2875,61.532230825,honest,honest,0.0
4213,109.0067623,2243.725838000006,64.78183333333355,0.2875,63.881762300000005,hide_information,honest,0.0
4214,111.281885225,3732.9846046666567,65.22769999999974,0.2875,66.156885225,hide_information,honest,0.0
4215,137.031444525,3502.710231333336,64.30473333333322,0.2875,91.90644452500001,hide_information,honest,0.0
4216,139.4895747,1955.0840566666668,60.29156666666666,0.2875,94.36457469999999,hide_information,honest,0.0
4217,143.497377675,2353.9572443333354,58.46900000000005,0.2875,98.372377675,honest,honest,0.0
4218,119.644711925,1802.076371,57.7807666666667,0.2875,74.519711925,honest,honest,0.0
4219,117.518494075,1492.3341680000017,40.58443333333328,0.2875,72.393494075,honest,honest,0.0
4220,114.743808925,809.2274999999988,41.115966666666665,0.2875,69.618808925,honest,honest,0.0
4221,109.2197832,314.4205673333332,40.6566333333334,0.2875,64.0947832,honest,honest,0.0
4222,107.081347075,53.78123466666662,38.1100000000001,0.19219071606041693,61.956347075,honest,honest,0.0
4223,56.812021625,18.52996666666667,45.21093333333334,0.21123929352577636,29.79578557352078,honest,honest,0.0
4224,37.5891156,0.0,37.72690000000009,0.19617293830701363,6.953649830102492,honest,honest,0.0
4225,37.647367025,6.177222,32.05996666666663,0.18472272961999628,9.874508746667416,honest,honest,0.0
4226,37.672509075,10.702911,31.61650000000001,0.19366004762579667,12.075190447200711,honest,honest,0.0
4227,38.058363375,17.742911,34.08996666666669,0.24508213586769825,10.762954326098637,honest,honest,0.0
4228,51.86990975,4.0857,26.71460000000003,0.12598098130809782,14.804303935137334,honest,honest,0.0
4229,86.38615737500001,25.89638933333333,36.66629999999999,0.05000000000000002,71.94977092646143,honest,honest,9.387081593128102
4230,105.21516925,157.0077773333334,56.76903333333334,0.2875,105.21516925,honest,honest,0.0
4231,106.80692777499999,304.4590130000011,35.77373333333343,0.2875,61.68192777499999,honest,honest,0.0
4232,88.34175867500001,359.4950686666664,36.93450000000001,0.2875,43.21675867500001,honest,hide_information,0.0
4233,114.9566136,1805.6221373333324,37.12033333333324,0.2875,69.8316136,honest,honest,0.0
4234,126.283426725,3417.206228999984,31.21983333333339,0.2875,81.158426725,honest,honest,0.0
4235,128.123305775,5033.543331333336,29.09880000000003,0.2875,82.998305775,honest,honest,0.0
4236,105.41755397499999,6570.043800666675,30.97386666666664,0.2875,60.29255397499999,honest,honest,0.0
4237,103.792581425,6731.790522333341,28.6337,0.2875,58.667581424999995,hide_information,honest,0.0
4238,104.62662119999999,7283.059782000002,31.24363333333337,0.2875,59.50162119999999,hide_information,honest,0.0
4239,128.71495579999998,7048.650362666672,31.617433333333334,0.2875,83.58995579999998,hide_information,honest,0.0
4240,132.167421325,6319.585763999999,32.80096666666657,0.2875,87.04242132499999,honest,honest,0.0
4241,137.96146950000002,5488.537036666672,26.23756666666666,0.2875,92.83646950000002,honest,honest,0.0
4242,114.02355542500001,4629.715718999982,35.99829999999991,0.2875,68.89855542500001,honest,honest,0.0
4243,110.50640960000001,3231.0190656666646,34.94139999999996,0.2875,65.38140960000001,honest,honest,0.0
4244,109.503969325,1530.3839646666688,31.347066666666723,0.2875,64.378969325,honest,honest,0.0
4245,101.96273845,411.75688233333216,30.927266666666565,0.2875,56.83773845,honest,honest,0.0
4246,99.076201125,130.68302166666663,33.17740000000001,0.2875,53.951201125,honest,honest,0.0
4247,56.59766105,1.221867,26.70930000000008,0.1281779032625004,11.47266105,honest,honest,0.0
4248,37.330016975,1.1916666666666669,28.3046333333334,0.08334540206315691,22.47621535512493,honest,honest,0.0
4249,37.3880895,0.0,26.050466666666654,0.08712191499999998,31.052463108000186,honest,hide_information,12.817136441333528
4250,37.406201475,0.0,23.908266666666663,0.08406928,30.353037625000006,honest,hide_information,13.617250958333344
4251,39.201512575,1.3128666666666666,23.555533333333276,0.08356663499999993,32.72834937500001,honest,hide_information,14.926609375000048
4252,52.855858325,2.808933333333333,33.465966666666674,0.05,46.47819767500001,honest,honest,10.203297675000002
4253,86.75530417499999,66.2377446666667,35.712600000000016,0.12217644233541697,86.75530417499999,honest,honest,0.0
4254,105.10350170000001,316.30011066666714,41.55913333333336,0.2875,91.38997765627079,honest,honest,0.0
4255,108.90957022500001,667.9435120000002,22.877466666666624,0.2875,63.78457022500001,honest,honest,0.0
4256,94.04662522500001,507.17487500000016,32.272366666666635,0.2875,48.921625225000014,honest,honest,0.0
4257,117.93303205000001,1818.3531353333344,34.551299999999934,0.2875,72.80803205000001,honest,honest,0.0
4258,126.25237777500001,3190.785639999984,33.53796666666669,0.2875,81.12737777500001,honest,honest,0.0
4259,129.32685885,4646.120589000012,35.75643333333319,0.2875,84.20185885000001,honest,honest,0.0
4260,108.221337175,6161.036491666664,39.70966666666657,0.2875,63.096337175,honest,honest,0.0
4261,105.83391767500001,6550.442534000033,40.11586666666657,0.2875,60.70891767500001,hide_information,honest,0.0
4262,105.499129075,6928.93343366666,40.49926666666656,0.2875,60.374129075,hide_information,honest,0.0
4263,128.446570225,7061.996383333328,43.32559999999992,0.2875,83.32157022499999,hide_information,honest,0.0
4264,131.921700075,6599.499495999971,43.68769999999992,0.2875,86.79670007499999,honest,honest,0.0
4265,134.75763775000001,5052.866287333325,59.24913333333343,0.2875,89.63263775000001,honest,honest,0.0
4266,112.136456775,4456.55006533333,45.65390000000015,0.2875,67.011456775,honest,honest,0.0
4267,110.66436605,3226.505388333334,43.2779999999999,0.2875,65.53936605,honest,honest,0.0
4268,111.879527925,1455.499539000003,42.821266666666496,0.2875,66.754527925,honest,honest,0.0
4269,106.694948075,531.4368159999983,46.67146666666658,0.2875,61.569948075,honest,honest,0.0
4270,103.2499167,126.81112333333328,52.16903333333339,0.2875,58.1249167,honest,honest,0.0
4271,56.772884075,0.9889776666666664,55.94346666666687,0.2651016612270843,11.647884075,honest,honest,0.0
4272,37.538790375,0.4249333333333333,63.04829999999999,0.30502908030603165,0.0,honest,honest,0.0
4273,37.57358215,2.526599666666667,68.33270000000002,0.34477338477971586,0.0,honest,honest,0.0
4274,37.56475555,0.4249333333333333,71.58373333333303,0.38456414504287373,0.0,honest,honest,0.0
4275,37.975331675,0.2144443333333333,75.72983333333308,0.4221939783323474,0.0,honest,honest,0.0
4276,51.759381024999996,0.7109333333333333,75.6510666666666,0.3965360835955053,1.7593810249999962,honest,honest,0.0
4277,86.328381175,1.163155333333333,76.97933333333333,0.33199519944407985,36.328381175000004,honest,hide_information,0.0
4278,107.1447738,11.655645000000003,66.0567333333334,0.16653342624057144,57.144773799999996,honest,honest,0.0
4279,112.88176659999999,289.82519233333363,63.93099999999984,0.2875,90.74041561429142,honest,honest,0.0
4280,96.03959259999999,781.1788873333318,48.667833333333306,0.2875,50.91459259999999,hide_information,honest,0.0
4281,118.386236375,1005.8725160000016,61.15189999999972,0.2875,73.261236375,hide_information,honest,0.0
4282,126.64305892499999,2228.499670333335,78.06509999999986,0.2875,81.51805892499999,hide_information,honest,0.0
4283,131.88800265,2679.423199666669,73.92746666666652,0.2875,86.76300265,hide_information,honest,0.0
4284,109.84403757500002,3217.1600159999857,54.60003333333338,0.2875,64.71903757500002,hide_information,honest,0.0
4285,106.436591375,4379.923711666665,53.70626666666664,0.2875,61.311591375000006,hide_information,honest,0.0
4286,105.3731338,5116.774082333336,21.715366666666704,0.2875,60.248133800000005,hide_information,honest,0.0
4287,129.1747551,6319.005233333309,47.14160000000009,0.2875,84.0497551,hide_information,honest,0.0
4288,134.52110664999998,5147.576777000011,48.37359999999991,0.2875,89.39610664999998,hide_information,honest,0.0
4289,138.989369125,4338.607280000001,50.057000000000016,0.2875,93.864369125,hide_information,honest,0.0
4290,116.04291574999999,4476.8836066666645,47.580833333333445,0.2875,70.91791574999999,honest,honest,0.0
4291,114.8967594,3018.0696329999973,48.96953333333337,0.2875,69.7717594,honest,honest,0.0
4292,113.887974075,1537.21907366667,51.630600000000015,0.2875,68.762974075,honest,honest,0.0
4293,108.106849125,514.4687796666669,38.79613333333331,0.2875,62.981849125,honest,honest,0.0
4294,104.1299736,102.52164733333328,37.37956666666661,0.2875,59.0049736,honest,honest,0.0
4295,56.754113200000006,2.58355,34.27510000000003,0.16984029980000012,11.629113200000006,honest,honest,0.0
4296,37.513378975,1.2556336666666668,33.99603333333333,0.1474127386882501,14.743722012999982,honest,honest,0.0
4297,37.57781625,0.0,37.92946666666669,0.13958533614531252,19.069395899232475,honest,honest,0.0
4298,37.597395275,0.0,39.8423333333333,0.14151422164822774,20.57618140739062,honest,honest,0.0
4299,38.009497075,0.6123999999999999,36.5707000000001,0.12866619893127604,20.621794961836727,honest,honest,0.0
4300,51.781997024999995,0.751111,37.41583333333328,0.10331756249999993,36.835419228057546,honest,hide_information,9.893224894724248
4301,86.40613905000001,14.137166333333337,38.76660000000002,0.05000000000000001,76.27580217500002,honest,honest,23.372035841666673
4302,107.47011417499999,33.50987566666673,42.350400000000064,0.05,107.47011417499999,honest,honest,31.609838508333198
4303,113.183046925,337.9152360000002,43.05719999999993,0.2875,113.183046925,honest,honest,0.0
4304,95.588451475,502.375929,46.8798999999999,0.2875,50.463451475,hide_information,honest,0.0
4305,118.9906757,1827.098211666668,44.05616666666663,0.2875,73.8656757,hide_information,honest,0.0
4306,128.4685751,3191.761183999988,43.44933333333334,0.2875,83.34357510000001,hide_information,honest,0.0
4307,135.002130025,4868.288409000001,40.38020000000013,0.2875,89.87713002500001,hide_information,honest,0.0
4308,115.261759575,5927.991017333327,49.87643333333328,0.2875,70.136759575,hide_information,honest,0.0
4309,112.9600909,6710.1759010000005,37.29406666666657,0.2875,67.8350909,hide_information,honest,0.0
4310,112.3932223,6817.912712666648,29.32676666666664,0.2875,67.2682223,hide_information,honest,0.0
4311,136.48628705,6784.413673666663,30.043266666666707,0.2875,91.36128704999999,hide_information,honest,0.0
4312,140.53144425,6436.901919666641,25.76866666666671,0.2875,95.40644424999999,hide_information,honest,0.0
4313,145.27527905,5700.457015999979,21.37266666666657,0.2875,100.15027905,hide_information,honest,0.0
4314,121.7413636,4536.368033999995,28.36243333333327,0.2875,76.6163636,honest,honest,0.0
4315,119.385835875,3152.951665333332,24.555266666666608,0.2875,74.260835875,honest,honest,0.0
4316,119.0572075,1521.0267990000032,20.79540000000006,0.2875,73.9322075,honest,honest,0.0
4317,113.14289199999999,408.1459893333333,18.37243333333334,0.2875,68.01789199999999,honest,honest,0.0
4318,109.955613,127.91730033333336,24.029199999999907,0.2875,64.830613,honest,honest,0.0
4319,61.240454125,0.9587166666666672,22.05916666666672,0.08278653873958358,16.115454125,honest,honest,0.0
4320,37.64116085,0.0,30.07856666666666,0.0928619575,31.41171848947912,honest,hide_information,10.35672182281246
4321,37.687840975,0.0,22.503799999999988,0.05000000000000001,29.544069050000004,honest,honest,7.040269050000017
4322,37.698504774999996,0.0,19.58830000000003,0.07791332750000005,37.698504774999996,honest,hide_information,23.986694774999975
4323,39.757332225,0.2022223333333333,22.37546666666671,0.08188504000000008,34.45379999999999,honest,hide_information,18.58875099999996
4324,53.4844095,0.0,24.770699999999955,0.05000000000000001,47.42625189999998,honest,honest,22.655551900000027
4325,87.271347175,27.253311333333333,23.67873333333332,0.05,87.271347175,honest,honest,36.33930250833335
4326,108.147063475,66.43292166666667,29.870699999999943,0.05,108.147063475,honest,honest,11.843441808333381
4327,108.78055140000001,309.25227233333385,41.26299999999989,0.2875,108.78055140000001,honest,honest,0.0
4328,93.69316277499999,407.9400673333332,46.80336666666653,0.2875,48.56816277499999,honest,honest,0.0
4329,119.96693972499999,1689.8920436666665,50.326666666666505,0.2875,74.84193972499999,honest,honest,0.0
4330,131.59698907499998,3217.550257666668,38.74883333333328,0.2875,86.47198907499998,honest,honest,0.0
4331,140.193605175,4875.328735000001,60.6297000000001,0.2875,95.06860517499999,honest,honest,0.0
4332,123.332605875,5872.134380000003,66.05076666666636,0.2875,78.207605875,honest,honest,0.0
4333,117.45528497500001,6630.600558000003,59.67003333333332,0.2875,72.33028497500001,honest,honest,0.0
4334,118.01909015,6248.46255533331,62.71629999999977,0.2875,72.89409015,honest,honest,0.0
4335,146.32758067499998,6449.928619999995,49.452100000000016,0.2875,101.20258067499998,honest,honest,0.0
4336,153.515706575,5973.982549666674,39.77383333333336,0.2875,108.390706575,honest,honest,0.0
4337,144.92561892499998,5091.14372833332,51.67626666666683,0.2875,99.80061892499998,honest,honest,0.0
4338,114.38814815,3772.143622999981,42.6459666666668,0.2875,69.26314815,honest,honest,0.0
4339,116.001445825,3178.545189666662,20.672266666666697,0.2875,70.876445825,honest,honest,0.0
4340,116.472932,1453.1265650000016,34.6139333333333,0.2875,71.347932,honest,honest,0.0
4341,109.7896475,446.3030573333333,24.455399999999997,0.2875,64.6646475,honest,honest,0.0
4342,103.843641725,100.39154166666654,23.965666666666632,0.2875,58.718641725,honest,honest,0.0
4343,56.788843050000004,17.892477333333336,24.358333333333324,0.1952880961791666,11.663843050000004,honest,honest,0.0
4344,37.530959075,0.0,22.525666666666638,0.1098473678621144,9.926220800958344,honest,honest,0.0
4345,37.556823125,2.7803,23.16199999999993,0.05,26.185823231198267,honest,honest,0.24352323119833486
4346,37.55386955,0.482,13.118133333333324,0.06869333999999999,37.55386955,honest,hide_information,27.889176216666677
4347,37.9536449,1.975,21.75566666666666,0.081001825,34.401910300000004,honest,hide_information,17.19794363333334
4348,51.590657074999996,0.2406999999999999,20.73490000000005,0.05,45.700310325,honest,honest,24.724710324999947
4349,86.1505354,0.97,23.682000000000027,0.05,86.1505354,honest,honest,61.498535399999966
4350,104.86308657500001,236.69896699999995,24.61589999999992,0.2875,104.86308657500001,honest,honest,0.0
4351,105.68470897499999,190.97170333333327,39.3682666666666,0.2875,60.55970897499999,honest,honest,0.0
4352,87.453597675,545.0716210000007,39.80106666666663,0.2875,42.328597675,honest,hide_information,0.0
4353,109.66186309999999,890.528802666666,47.37743333333333,0.2875,64.53686309999999,honest,honest,0.0
4354,117.33144602499999,1447.2028320000009,53.674033333333455,0.2875,72.20644602499999,honest,honest,0.0
4355,119.167576375,2087.736000666667,61.25503333333318,0.2875,74.042576375,honest,honest,0.0
4356,100.981862875,5442.221168,64.10410000000002,0.2875,55.856862875000004,honest,honest,0.0
4357,100.763110325,5439.924747666684,67.00310000000036,0.2875,55.638110325,honest,honest,0.0
4358,100.910299875,5068.676210666668,75.32230000000007,0.2875,55.78529987500001,honest,honest,0.0
4359,122.33611574999999,6285.462452333303,77.24639999999998,0.2875,77.21111574999999,honest,honest,0.0
4360,124.0149068,3685.01183266665,79.39730000000009,0.2875,78.8899068,honest,honest,0.0
4361,128.045975925,4399.214694999992,57.9081,0.2875,82.920975925,honest,honest,0.0
4362,106.77969715,3459.710258333332,74.24589999999985,0.2875,61.654697150000004,honest,honest,0.0
4363,104.157264575,3365.093177999983,68.3099333333333,0.2875,59.032264575,honest,honest,0.0
4364,108.33237787499999,918.0870580000004,60.57493333333363,0.2875,63.20737787499999,honest,honest,0.0
4365,102.685255875,449.5726653333345,53.12539999999987,0.2875,57.560255874999996,honest,honest,0.0
4366,98.84926885,117.0292409999994,53.59166666666663,0.2875,53.72426885,honest,honest,0.0
4367,56.5627171,1.9253496666666667,45.71890000000017,0.2219810296916675,11.4377171,honest,honest,0.0
4368,37.300800175,0.0,36.91406666666669,0.2033758951321467,4.624404533583174,honest,honest,0.0
4369,37.32788775,2.9278,36.29169999999991,0.19740690354426196,8.186467674892128,honest,honest,0.0
4370,37.345158125000005,0.1475,27.818333333333268,0.13848293768827946,9.337846451590238,honest,honest,0.0
4371,37.7513958,0.0,16.206199999999995,0.05000000000000002,20.939637639226902,honest,honest,4.733437639226906
4372,51.462458250000005,4.613899666666666,18.65056666666667,0.05,51.462458250000005,honest,honest,28.19799191666667
4373,86.1028368,51.547922333333325,24.26513333333327,0.05,86.1028368,honest,honest,10.289781133333406
4374,104.90202845,52.57341099999999,21.11643333333335,0.05,104.90202845,honest,honest,31.212184116666663
4375,109.817007375,329.83114333333185,15.777966666666668,0.2875,109.817007375,honest,honest,0.0
4376,95.435468375,545.0691196666679,15.97783333333334,0.2875,50.310468375,honest,honest,0.0
4377,124.17139695,1300.1757833333315,12.921266666666662,0.2875,79.04639695,honest,honest,0.0
4378,131.499852325,1289.2011996666677,8.464166666666651,0.2875,86.374852325,honest,honest,0.0
4379,136.937929325,1282.6746233333324,6.655699999999984,0.2875,91.812929325,honest,honest,0.0
4380,118.976983225,2531.039242333332,5.91040000000001,0.2875,73.851983225,honest,honest,0.0
4381,116.08688545,2286.4182773333323,5.4900000000000055,0.2875,70.96188545,honest,honest,0.0
4382,114.518638,3924.6597389999993,6.35009999999999,0.2875,69.393638,honest,honest,0.0
4383,139.79169375,4420.06874666668,7.621333333333337,0.2875,94.66669375000001,honest,honest,0.0
4384,140.28767595,3548.3332689999984,10.07783333333333,0.2875,95.16267595,honest,honest,0.0
4385,139.879549925,4406.319878000007,8.147866666666669,0.2875,94.75454992499999,honest,honest,0.0
4386,118.10433834999999,3557.164623666667,8.250733333333319,0.2875,72.97933834999999,honest,honest,0.0
4387,118.398006125,1105.918834,16.940166666666666,0.2875,73.273006125,honest,honest,0.0
4388,117.70418315,913.9580763333324,13.455099999999984,0.2875,72.57918315,honest,honest,0.0
4389,111.962548425,534.6779193333317,8.801033333333297,0.2875,66.837548425,honest,honest,0.0
4390,110.74432865,161.8362436666659,9.741099999999951,0.2875,65.61932865,honest,honest,0.0
4391,62.5992647,12.932299,13.614433333333306,0.0930942212583332,17.4742647,honest,honest,0.0
4392,37.6195607,0.0,8.933533333333324,0.05,29.431658660916693,honest,honest,20.498125327583367
4393,37.68353905,2.5548333333333333,10.690499999999997,0.06523396249999999,37.68353905,honest,hide_information,27.64535571666667
4394,37.6723607,0.0,10.117199999999976,0.06441700999999997,34.777907825,honest,hide_information,27.69586782500002
4395,38.09634165,0.0,9.946133333333302,0.06417323999999996,35.357109750000006,honest,hide_information,28.394816416666696
4396,52.01528565,1.5844666666666667,10.090399999999963,0.05,49.32237005000001,honest,honest,37.64750338333338
4397,86.583949275,9.959999666666668,10.689166666666686,0.05,86.583949275,honest,honest,65.93478294166664
4398,114.26304975000001,197.5665326666663,9.66646666666668,0.2875,114.26304975000001,honest,honest,0.0
4399,123.13912545000001,609.1124996666667,9.295966666666702,0.2875,78.01412545000001,honest,honest,0.0
4400,113.66427959999999,1063.7769259999982,9.29953333333332,0.2875,68.53927959999999,honest,honest,0.0
4401,144.95612305,2039.827812666668,6.527300000000002,0.2875,99.83112305,honest,honest,0.0
4402,161.891164125,3510.6359676666684,4.914399999999987,0.2875,116.76616412499999,honest,honest,0.0
4403,164.96913917499998,5315.047673333332,3.2700666666666742,0.2875,119.84413917499998,honest,honest,0.0
4404,145.243753075,4007.518093999996,4.061499999999997,0.2875,100.118753075,honest,honest,0.0
4405,143.85268805,4939.253158666662,4.977766666666668,0.2875,98.72768805000001,hide_information,honest,0.0
4406,143.47801405,6798.747267666668,3.1477333333333397,0.2875,98.35301405000001,honest,honest,0.0
4407,166.910408475,6639.03922533331,2.741033333333337,0.2875,121.785408475,honest,honest,0.0
4408,168.811673875,4982.276886000008,5.047766666666661,0.2875,123.686673875,honest,honest,0.0
4409,169.08320262499998,5268.619580666662,5.054900000000007,0.2875,123.95820262499998,honest,honest,0.0
4410,150.15246015,2808.204464666671,12.158266666666666,0.2875,105.02746015,honest,honest,0.0
4411,150.023284025,2822.113610666669,7.91450000000001,0.2875,104.89828402500001,honest,honest,0.0
4412,153.9534919,1048.5706600000012,7.794133333333325,0.2875,108.82849189999999,honest,honest,0.0
4413,146.46902445,334.97679066666666,10.42596666666666,0.2875,101.34402445,honest,honest,0.0
4414,138.496326375,96.1963656666668,5.847366666666669,0.09119392830208399,93.371326375,honest,honest,0.0
4415,81.822578225,0.403289,9.932933333333365,0.05000000000000001,73.99573184760405,honest,honest,63.65950951427068
4416,37.84029135,0.0,18.284433333333325,0.0760553175,37.84029135,honest,hide_information,25.041188016666673
4417,37.88069835,0.0,5.796899999999976,0.05826058249999997,32.93018802500001,honest,hide_information,28.872358025000025
4418,37.864706925,0.0,4.5216999999999885,0.056443422499999986,36.295196250000004,honest,hide_information,33.13000625000001
4419,38.315163225,0.133889,11.12669999999999,0.0658555475,37.09091295,honest,hide_information,29.16833395000001
4420,65.05220647499999,0.0,3.861599999999996,0.05,62.03965244999999,honest,honest,58.178052449999996
4421,108.28521082500001,23.3031,7.689499999999998,0.05,108.28521082500001,honest,honest,77.29261082500001
4422,148.36379705000002,235.065499,3.87423333333333,0.2875,148.36379705000002,honest,honest,0.0
4423,156.84076695,549.9950380000009,4.1816999999999975,0.2875,111.71576694999999,honest,honest,0.0
4424,130.503674725,977.7976803333374,9.35763333333333,0.2875,85.378674725,honest,honest,0.0
4425,160.69184289999998,1838.960366333333,4.536000000000009,0.2875,115.56684289999998,honest,honest,0.0
4426,169.86079695,2876.3333893333333,3.244900000000013,0.2875,124.73579695000001,honest,honest,0.0
4427,170.10121957500002,4523.48322866665,3.726133333333348,0.2875,124.97621957500002,honest,honest,0.0
4428,150.90271805,5210.821511,3.250766666666681,0.2875,105.77771805,honest,honest,0.0
4429,129.70195627500001,6359.086184000018,4.301399999999997,0.2875,84.57695627500001,honest,honest,0.0
4430,116.43353572500001,5066.720036999997,7.724933333333335,0.2875,71.30853572500001,honest,honest,0.0
4431,143.495999325,4265.854573,5.102833333333342,0.2875,98.37099932500001,honest,honest,0.0
4432,152.709864325,4421.865158000013,6.20230000000003,0.2875,107.58486432500001,honest,honest,0.0
4433,161.985932525,5293.224638999978,7.509733333333371,0.2875,116.86093252500001,honest,honest,0.0
4434,140.493132025,3910.055935999993,8.87323333333337,0.2875,95.368132025,honest,honest,0.0
4435,138.876217325,3142.787836999997,12.18406666666671,0.2875,93.751217325,honest,honest,0.0
4436,134.32605145,1405.1617496666695,16.900033333333305,0.2875,89.20105145,honest,honest,0.0
4437,126.0283039,422.1221746666681,21.20813333333337,0.2875,80.9033039,honest,honest,0.0
4438,122.3475713,113.26284366666644,32.30989999999999,0.2875,77.2225713,honest,honest,0.0
4439,69.85884622500001,2.7099333333333333,32.19253333333337,0.09830094709791681,24.733846225000008,honest,honest,0.0
4440,37.76664765,0.5392333333333333,45.94550000000002,0.13500251175170336,28.589467701395808,honest,honest,0.0
4441,37.817815025,0.0,41.35286666666655,0.1435062621538284,21.667337792176365,honest,honest,0.0
4442,37.842188525,0.0,45.92526666666665,0.1727840227667467,20.075998715772606,honest,honest,0.0
4443,38.30977695,0.0,47.09306666666678,0.2025332067011561,14.980812624318126,honest,honest,0.0
4444,59.26949335,9.633633333333334,46.17746666666684,0.17123385063529423,30.288184076780336,honest,hide_information,0.0
4445,97.88305525,52.77930033333334,37.89980000000004,0.1251947643441866,74.8486236292941,honest,honest,0.0
4446,128.750381975,139.4355770000001,35.630333333333354,0.2875,114.46337674960455,honest,honest,0.0
4447,136.56690684999998,410.4416309999986,34.67489999999998,0.2875,91.44190684999998,honest,honest,0.0
4448,121.615842425,549.2191033333332,23.74320000000001,0.2875,76.490842425,hide_information,honest,0.0
4449,147.177909675,1221.4950196666682,22.35093333333337,0.2875,102.052909675,hide_information,honest,0.0
4450,160.08891739999999,3211.7607916666643,15.3388,0.2875,114.96391739999999,hide_information,honest,0.0
4451,167.0924713,4583.581738000001,11.691099999999986,0.2875,121.9674713,hide_information,honest,0.0
4452,147.68063185,5264.158266000018,10.487599999999995,0.2875,102.55563185,hide_information,honest,0.0
4453,146.9518557,5596.245682666688,14.27486666666663,0.2875,101.82685570000001,hide_information,honest,0.0
4454,147.994619175,5522.158761333337,17.121800000000047,0.2875,102.869619175,hide_information,honest,0.0
4455,172.5887403,5143.516028666668,17.346233333333338,0.2875,127.46374030000001,hide_information,honest,0.0
4456,174.147488475,4006.321799,24.907333333333245,0.2875,129.022488475,hide_information,honest,0.0
4457,173.64682670000002,3054.2407799999955,16.264799999999994,0.2875,128.52182670000002,hide_information,honest,0.0
4458,152.8551045,2169.720288333333,29.61510000000008,0.2875,107.73010450000001,honest,honest,0.0
4459,150.706817725,1803.045423,26.778266666666703,0.2875,105.58181772500001,honest,honest,0.0
4460,149.696493825,964.8810510000004,33.84956666666663,0.2875,104.571493825,honest,honest,0.0
4461,141.2918129,289.8097193333333,17.902266666666705,0.2875,96.1668129,honest,honest,0.0
4462,136.736026875,54.54135099999989,42.40880000000004,0.07536083959374973,91.611026875,honest,honest,0.0
4463,82.808843475,2.6424226666666666,33.1345,0.05,77.99028395218755,honest,honest,42.21336128552088
4464,37.842876475,0.4037,47.51216666666651,0.1177048374999998,37.842876475,honest,hide_information,4.180659808333445
4465,37.872861175,0.0891666666666666,43.232133333333216,0.13698370026249926,25.008942050000037,honest,honest,0.0
4466,37.89014725,0.0,48.24846666666676,0.1777048067160727,21.36324420012514,honest,honest,0.0
4467,38.345879100000005,0.0,36.43583333333332,0.15618087066958886,14.081965823946192,honest,honest,0.0
4468,64.331370975,0.7417333333333332,34.08379999999997,0.09856941499999998,44.15700554777811,honest,hide_information,19.556612214444804
4469,107.519055,3.903255333333333,54.4559,0.05,98.29086615,honest,honest,39.931710816666666
4470,145.103825575,92.23496133333376,47.481366666666574,0.05,145.103825575,honest,honest,5.387497574999685
4471,148.89947682500002,428.39166233333447,22.5932,0.2875,148.89947682500002,hide_information,honest,0.0
4472,125.372948275,1001.7456646666676,39.57993333333332,0.2875,80.247948275,hide_information,honest,0.0
4473,130.251395775,1862.5574736666672,27.653233333333336,0.2875,85.12639577499999,hide_information,honest,0.0
4474,133.1860571,2419.23895266666,21.990599999999898,0.2875,88.0610571,hide_information,honest,0.0
4475,147.84859125,3879.6346146666574,29.535333333333384,0.2875,102.72359125,hide_information,honest,0.0
4476,136.3545487,4822.613042333352,8.427466666666692,0.2875,91.22954870000001,hide_information,honest,0.0
4477,125.92675235,5936.1897860000045,7.618966666666665,0.2875,80.80175235,hide_information,honest,0.0
4478,113.66465590000001,6580.783112666664,5.866900000000015,0.2875,68.53965590000001,hide_information,honest,0.0
4479,132.261758325,6305.17088200001,8.860166666666668,0.2875,87.13675832499999,hide_information,honest,0.0
4480,143.571264025,5780.390304666661,18.867733333333334,0.2875,98.446264025,hide_information,honest,0.0
4481,154.285352525,3003.7852413333367,16.05863333333337,0.2875,109.16035252500001,hide_information,honest,0.0
4482,132.2846754,2860.7318786666647,16.86179999999999,0.2875,87.1596754,hide_information,honest,0.0
4483,130.011533725,1432.1747133333338,19.542466666666638,0.2875,84.88653372499999,honest,honest,0.0
4484,127.548732575,619.1143036666678,28.28736666666664,0.2875,82.423732575,honest,honest,0.0
4485,121.993602525,265.2596333333331,21.165566666666606,0.2875,76.868602525,honest,honest,0.0
4486,116.64865605,63.84373833333335,19.193633333333423,0.10469014917916716,71.52365605,honest,honest,0.0
4487,61.513489899999996,1.0971220000000002,19.2209666666667,0.05,51.122361555958236,honest,honest,30.804272889291536
4488,37.694128375,0.0,19.458800000000064,0.0777287900000001,37.694128375,honest,hide_information,24.072968374999952
4489,37.749897575000006,0.0,19.005599999999948,0.07708297999999994,32.48142747499999,honest,hide_information,19.177507475000027
4490,37.746299,0.0,17.76486666666666,0.075314935,32.60053280000001,honest,hide_information,20.165126133333352
4491,39.751188375,0.196111,18.560233333333365,0.07644833250000004,34.941350725,honest,hide_information,21.753076391666646
4492,53.651281675,0.196111,19.995400000000064,0.05,48.6260985,honest,honest,28.434587499999935
4493,90.30409184999999,1.4600333333333333,20.64386666666664,0.05,90.30409184999999,honest,honest,68.20019185000002
4494,127.286161625,3.096022333333333,16.616099999999992,0.05,127.286161625,honest,honest,107.57403929166668
4495,135.989072825,15.870532333333331,22.14829999999995,0.05,135.989072825,honest,honest,97.97024049166671
4496,121.46585645,262.00687400000044,29.418166666666625,0.2875,121.46585645,honest,honest,0.0
4497,146.835915575,404.37077966666686,22.76443333333324,0.2875,101.710915575,honest,honest,0.0
4498,156.96738855,564.1470543333334,23.672566666666604,0.2875,111.84238855000001,honest,honest,0.0
4499,161.461823525,1058.3790630000003,26.40499999999996,0.2875,116.336823525,honest,honest,0.0
4500,135.61931512499999,1452.113963333331,27.606633333333438,0.2875,90.49431512499999,honest,honest,0.0
4501,133.036958875,1346.9403983333343,31.31373333333341,0.2875,87.91195887500001,hide_information,honest,0.0
4502,131.342489075,2315.256108666661,32.472333333333324,0.2875,86.217489075,hide_information,honest,0.0
4503,154.07423574999999,2498.396147,30.58639999999997,0.2875,108.94923574999999,hide_information,honest,0.0
4504,155.91783807500002,3863.383543666653,31.48086666666661,0.2875,110.79283807500002,hide_information,honest,0.0
4505,158.06412410000002,2611.8863809999907,31.092100000000038,0.2875,112.93912410000002,honest,honest,0.0
4506,133.9583539,2833.500712999994,16.134166666666662,0.2875,88.83335389999999,honest,honest,0.0
4507,134.27565545,3052.258609666653,33.72316666666665,0.2875,89.15065544999999,honest,honest,0.0
4508,130.32631742499998,1165.8258400000025,41.259600000000034,0.2875,85.20131742499998,honest,honest,0.0
4509,119.64046850000001,274.53148333333417,45.4879666666667,0.2875,74.51546850000001,honest,honest,0.0
4510,114.678202625,49.59159999999996,49.09539999999984,0.18838553753124904,69.553202625,honest,honest,0.0
4511,63.7027303,12.26224333333333,50.12793333333318,0.1686583178636182,37.40947816906268,honest,hide_information,0.0
4512,37.64720865,0.0,55.55850000000018,0.24216776578441626,15.102128255912547,honest,honest,0.0
4513,37.683017475,0.0,56.12323333333336,0.2875,1.1711419759609143,honest,honest,0.0
4514,37.693167775,0.0,66.84976666666672,0.3266149064473684,0.0,honest,honest,0.0
4515,38.101734775,0.0,73.97319999999998,0.3635794602631579,0.0,honest,honest,0.0
4516,51.890881625,0.0,79.4355333333331,0.3379215655263158,1.8908816249999987,honest,honest,0.0
4517,86.456222925,0.1633333333333333,77.08106666666683,0.2685075118957244,36.456222925000006,honest,hide_information,0.0
4518,113.055954375,120.33745433333333,68.0320666666667,0.2875,71.53952711481236,honest,honest,0.0
4519,116.58454300000001,368.0609960000005,53.000466666666654,0.2875,71.45954300000001,honest,honest,0.0
4520,97.426235375,820.3076296666666,54.47353333333327,0.2875,52.301235375000005,hide_information,honest,0.0
4521,117.374880975,1990.3010989999975,51.09206666666659,0.2875,72.249880975,honest,honest,0.0
4522,123.80853985,2049.895699333338,49.51283333333308,0.2875,78.68353985,honest,honest,0.0
4523,124.703812125,2873.298875666668,47.61706666666674,0.2875,79.578812125,honest,honest,0.0
4524,104.497242025,4625.645483666688,46.35223333333345,0.2875,59.372242025000006,honest,honest,0.0
4525,102.3522925,5896.960333666665,57.79266666666663,0.2875,57.227292500000004,hide_information,honest,0.0
4526,101.157336,6134.033605333337,54.39196666666655,0.2875,56.032336,hide_information,honest,0.0
4527,122.4888739,6026.417688666667,56.16930000000025,0.2875,77.3638739,hide_information,honest,0.0
4528,122.320459225,3572.6418886666584,50.47433333333336,0.2875,77.195459225,hide_information,honest,0.0
4529,126.73526844999999,1604.698231,57.8779333333334,0.2875,81.61026844999999,honest,honest,0.0
4530,106.7906088,1928.178647666667,61.62193333333317,0.2875,61.6656088,honest,honest,0.0
4531,103.536780675,1821.521870333335,56.298966666666544,0.2875,58.411780675,honest,honest,0.0
4532,107.82692175,729.5397666666679,50.57653333333348,0.2875,62.70192175,honest,honest,0.0
4533,102.75370132500001,397.64252166666734,47.475299999999805,0.2875,57.62870132500001,honest,honest,0.0
4534,99.24916207500002,57.37874200000003,26.396299999999982,0.19084167964374998,54.124162075000015,honest,honest,0.0
4535,56.574826099999996,3.2173556666666667,42.99090000000003,0.12786840632015123,29.814906967687495,honest,honest,0.0
4536,37.307612075,0.0,34.62396666666663,0.10752892101435296,22.51261487417127,honest,honest,0.0
4537,37.35631685,2.1354666666666664,33.63816666666657,0.09440210451128644,26.425821857272936,honest,honest,0.0
4538,37.368048175,0.0,31.37180000000009,0.06159072049018645,28.931648317855576,honest,honest,0.0
4539,37.7515759,1.0125666666666666,33.68269999999995,0.09799784749999993,35.54933900686457,honest,hide_information,10.958882340197942
4540,51.432402350000004,0.0,41.04586666666668,0.10849036000000004,42.31281132500002,honest,hide_information,13.580704658333342
4541,86.076174525,0.331111,37.9817666666666,0.05,74.96300612499999,honest,honest,36.65012845833339
4542,104.86381875,71.9238166666665,35.493900000000046,0.06213101510416608,104.86381875,honest,honest,0.0
4543,106.321733225,111.59514266666648,21.48100000000001,0.18803168597942577,104.01684035520844,honest,honest,0.0
4544,86.9010812,395.1755059999994,37.92139999999999,0.2875,60.675060863909096,honest,honest,0.0
4545,109.7611904,653.6152913333328,59.49916666666657,0.2875,64.6361904,honest,honest,0.0
4546,114.60373932499999,956.339482333333,38.38806666666666,0.2875,69.47873932499999,honest,honest,0.0
4547,116.569835575,1070.5809723333336,35.80216666666668,0.2875,71.444835575,honest,honest,0.0
4548,97.114522,1585.5547629999974,18.832233333333345,0.2875,51.989521999999994,honest,honest,0.0
4549,95.907416075,1352.4875253333314,24.955766666666623,0.2875,50.782416075,hide_information,honest,0.0
4550,96.485379975,967.3219509999982,28.463933333333376,0.2875,51.360379975,hide_information,honest,0.0
4551,121.609947475,1198.545958000001,24.742566666666534,0.2875,76.484947475,honest,honest,0.0
4552,120.911810575,1396.010444333334,20.470833333333324,0.2875,75.786810575,honest,honest,0.0
4553,120.543221425,699.4176366666686,17.145400000000013,0.2875,75.418221425,honest,honest,0.0
4554,99.41865425,318.3650823333339,15.6094,0.2875,54.29365425,honest,honest,0.0
4555,98.59824904999999,230.23914933333367,15.383466666666616,0.2875,53.47324904999999,honest,honest,0.0
4556,99.984928875,209.53866700000023,15.8136,0.2875,54.859928874999994,honest,honest,0.0
4557,98.2992326,55.59584466666667,15.31883333333338,0.13426711565000027,53.174232599999996,honest,honest,0.0
4558,99.15173775,3.782911,23.28440000000009,0.05,83.14098577649995,honest,honest,56.07367477649986
4559,56.662714799999996,4.626878,24.12476666666661,0.05,56.662714799999996,honest,honest,27.91107013333339
4560,37.430823075,0.0,32.839200000000005,0.09679586000000001,37.430823075,honest,hide_information,14.443383074999996
4561,37.492307024999995,0.3469,17.080933333333405,0.05000000000000001,28.601093624999997,honest,honest,11.17326029166659
4562,37.5139371,0.0,17.158400000000036,0.07445072000000005,37.5139371,honest,hide_information,25.503057099999975
4563,37.97497095,0.0,15.820333333333329,0.072543975,33.329334149999994,honest,hide_information,22.255100816666662
4564,51.800469324999995,0.0,15.88089999999996,0.05,47.517114074999995,honest,honest,31.636214075000034
4565,86.34962099999998,2.0822556666666667,16.327566666666673,0.05,86.34962099999998,honest,honest,67.93979866666665
4566,105.81271004999999,59.35451366666664,16.54956666666674,0.05,105.81271004999999,honest,honest,29.90862971666661
4567,107.08025055,83.44342866666648,18.970666666666705,0.05,107.08025055,honest,honest,4.666155216666823
4568,86.631980975,168.8244453333334,18.549299999999967,0.2875,86.631980975,honest,honest,0.0
4569,107.402689825,337.0027669999994,16.64506666666668,0.2875,62.277689824999996,honest,honest,0.0
4570,116.138299975,717.2004443333353,16.102500000000024,0.2875,71.013299975,honest,honest,0.0
4571,121.505443025,1072.280170666667,14.911600000000009,0.2875,76.380443025,honest,honest,0.0
4572,102.266331025,1298.672918333332,19.78436666666665,0.2875,57.141331025,honest,honest,0.0
4573,99.62699157499999,1570.4513269999986,20.321799999999943,0.2875,54.50199157499999,honest,honest,0.0
4574,96.45458384999999,891.0827929999986,19.10456666666668,0.2875,51.32958384999999,honest,honest,0.0
4575,121.84429775,1986.3226303333315,13.852566666666632,0.2875,76.71929775,honest,honest,0.0
4576,125.666065675,1478.7696610000016,15.223633333333344,0.2875,80.541065675,honest,honest,0.0
4577,127.062023725,2197.609817333332,11.555633333333336,0.2875,81.937023725,honest,honest,0.0
4578,105.197680525,2571.31366433333,19.95633333333329,0.2875,60.072680524999996,honest,honest,0.0
4579,105.195812575,1306.827341,12.763699999999996,0.2875,60.070812575000005,honest,honest,0.0
4580,106.48863755,712.5251419999998,14.989700000000008,0.2875,61.36363755000001,honest,honest,0.0
4581,101.59679235,319.3295173333329,19.140600000000084,0.2875,56.47179235,honest,honest,0.0
4582,100.09692827500001,83.51104699999976,20.59053333333333,0.2833658472770821,54.97192827500001,honest,honest,0.0
4583,56.726971925,1.5679003333333332,20.725300000000058,0.0970522621071502,12.387460942354402,honest,honest,0.0
4584,37.508719175,0.3141333333333333,17.29876666666666,0.05,28.568789374641465,honest,honest,10.955889374641473
4585,37.573869375,2.2016663333333333,21.054833333333235,0.08000313749999986,37.573869375,honest,hide_information,20.633819708333405
4586,37.593970025000004,0.0,21.74556666666664,0.08098743249999997,31.893373900000032,honest,hide_information,16.671477233333384
4587,39.529428925,0.9875,26.459499999999974,0.08770478749999996,33.641816750000004,honest,hide_information,14.132666750000023
4588,53.343626,0.0,32.26383333333332,0.05,46.179716375000005,honest,honest,13.915883041666689
4589,87.19173415,4.040011,35.38880000000004,0.05,87.19173415,honest,honest,47.76292314999996
4590,107.06298340000001,19.954966999999996,32.99993333333331,0.05,107.06298340000001,honest,honest,54.1080830666667
4591,113.92893430000001,548.3685009999992,30.89363333333323,0.2875,113.92893430000001,honest,honest,0.0
4592,100.40607095,961.122873000002,22.08310000000002,0.2875,55.28107095,honest,honest,0.0
4593,123.42971072499999,960.4369333333334,31.645900000000097,0.2875,78.30471072499999,honest,honest,0.0
4594,133.712876425,920.600097333335,39.405666666666605,0.2875,88.58787642499999,honest,honest,0.0
4595,141.948145675,1563.819010333332,37.581466666666735,0.2875,96.823145675,honest,honest,0.0
4596,119.00214052500002,2237.7375570000027,29.659333333333358,0.2875,73.87714052500002,honest,honest,0.0
4597,117.389681525,2421.818954666663,37.49220000000006,0.2875,72.264681525,honest,honest,0.0
4598,116.89635525,2819.171633000013,37.016466666666666,0.2875,71.77135525,honest,honest,0.0
4599,141.013770725,2371.575423333333,35.14473333333333,0.2875,95.888770725,honest,honest,0.0
4600,144.82836989999998,3472.271501666679,37.05829999999999,0.2875,99.70336989999998,honest,honest,0.0
4601,146.75168095,3424.4923166666817,29.24883333333332,0.2875,101.62668095000001,honest,honest,0.0
4602,120.59325235,2934.067373333336,18.98700000000001,0.2875,75.46825235,honest,honest,0.0
4603,115.63580265,1623.3503006666674,26.06233333333329,0.2875,70.51080265,honest,honest,0.0
4604,113.906226825,375.4505626666689,24.856833333333416,0.2875,68.781226825,honest,honest,0.0
4605,110.189076325,243.42630333333287,17.982966666666677,0.2875,65.064076325,honest,honest,0.0
4606,108.829215175,35.013614333333344,18.962233333333398,0.05,63.704215175,honest,honest,9.728367508333264
4607,57.461939900000004,1.7393886666666667,16.741399999999988,0.05,57.461939900000004,honest,honest,38.98115123333335
4608,37.53028025,1.3100333333333334,13.6293333333333,0.06942179999999995,37.53028025,honest,hide_information,26.679713583333353
4609,37.5728545,0.0171666666666666,11.735466666666625,0.06672303999999994,33.88271250000001,honest,hide_information,25.650719166666708
4610,37.574113775,0.0,9.37836666666667,0.06336417250000001,34.396736175000015,honest,hide_information,27.831879508333348
4611,37.994638675000004,0.0,7.377533333333332,0.060512985000000005,35.4554459,honest,hide_information,30.291172566666667
4612,51.78566992500001,3.484444666666666,12.469033333333336,0.05,49.78820277500001,honest,honest,33.834724775000005
4613,86.320310525,2.9505886666666665,5.603233333333339,0.05,86.320310525,honest,honest,77.76648852499999
4614,106.419631575,27.670765333333332,34.73023333333329,0.05,106.419631575,honest,honest,44.01863290833337
4615,109.81943530000001,133.61412966666643,18.86729999999994,0.2526444732416652,109.81943530000001,honest,honest,0.0
4616,91.330749,358.5756013333328,19.76910000000005,0.2875,52.8282990840836,honest,honest,0.0
4617,112.353533675,1435.6505816666663,20.892999999999912,0.2875,67.228533675,hide_information,honest,0.0
4618,120.773363925,3076.907019000001,17.14603333333338,0.2875,75.648363925,hide_information,honest,0.0
4619,126.6395491,4842.401126000012,11.798833333333322,0.2875,81.5145491,hide_information,honest,0.0
4620,108.632179275,4978.227875333314,10.00479999999996,0.2875,63.507179275,hide_information,honest,0.0
4621,105.94176745,3077.0611696666765,6.799866666666678,0.2875,60.81676745,hide_information,honest,0.0
4622,104.994291275,5161.600726666653,9.13256666666668,0.2875,59.869291274999995,hide_information,honest,0.0
4623,127.980511575,3728.660308333327,11.425166666666655,0.2875,82.855511575,hide_information,honest,0.0
4624,131.208854225,2591.414722333336,7.346099999999976,0.2875,86.08385422500001,hide_information,honest,0.0
4625,135.875441575,2983.852849999994,10.80366666666664,0.2875,90.750441575,hide_information,honest,0.0
4626,112.396739225,3247.714523333336,8.189600000000027,0.2875,67.271739225,honest,honest,0.0
4627,109.41490555,1570.7156556666714,10.072233333333312,0.2875,64.28990555,honest,honest,0.0
4628,109.4820277,683.9206059999989,15.952900000000003,0.2875,64.3570277,honest,honest,0.0
4629,101.085187225,364.5843926666677,10.839333333333355,0.2875,55.960187225,honest,honest,0.0
4630,99.0152683,64.8281053333333,11.405599999999964,0.15613132590833298,53.8902683,honest,honest,0.0
4631,56.641974325,1.079467,12.221466666666648,0.06741558999999998,36.477022402416736,honest,hide_information,26.842528735750083
4632,37.335244025,0.0,12.373366666666696,0.06763204750000004,34.026281925000006,honest,hide_information,25.364925258333322
4633,37.39783035,0.0,13.886433333333285,0.06978816749999993,34.04774132499999,honest,hide_information,24.327237991666692
4634,37.44240045,0.0,16.09683333333332,0.07293798749999998,33.68264862500001,honest,hide_information,22.414865291666693
4635,37.847950275,0.0,14.298066666666635,0.07037474499999996,33.48973265000001,honest,hide_information,23.481085983333365
4636,51.5247127,1.3411333333333335,15.760366666666656,0.05,47.653511150000014,honest,honest,30.552011150000027
4637,86.168965275,4.750055666666667,16.51820000000007,0.05,86.168965275,honest,honest,64.90070960833327
4638,106.273128375,116.21111966666668,34.00176666666665,0.2587138503020833,106.273128375,honest,honest,0.0
4639,115.550364375,302.74074166666657,36.27290000000001,0.2875,75.89473281760417,honest,honest,0.0
4640,100.78088344999999,666.2673823333344,40.004933333333234,0.2875,55.65588344999999,hide_information,honest,0.0
4641,125.62284482500002,1535.4718913333325,42.61499999999997,0.2875,80.49784482500002,hide_information,honest,0.0
4642,137.606187475,3112.350815000003,55.05610000000026,0.2875,92.48118747500001,hide_information,honest,0.0
4643,145.23589265,4541.101548999987,59.21119999999999,0.2875,100.11089265000001,hide_information,honest,0.0
4644,124.71860235,5790.191870666695,60.16926666666664,0.2875,79.59360235,hide_information,honest,0.0
4645,122.17545057500001,5881.1422900000025,51.00543333333328,0.2875,77.05045057500001,hide_information,honest,0.0
4646,125.86812365,6404.50513633333,40.98333333333345,0.2875,80.74312365,hide_information,honest,0.0
4647,154.19782335000002,6629.086316333339,37.08926666666672,0.2875,109.07282335000002,hide_information,honest,0.0
4648,163.4354261,4757.357402333354,29.22233333333317,0.2875,118.3104261,hide_information,honest,0.0
4649,167.59469190000002,3626.320382666667,22.46533333333328,0.2875,122.46969190000002,hide_information,honest,0.0
4650,144.94048312500001,3620.194951333333,18.074900000000017,0.2875,99.81548312500001,honest,honest,0.0
4651,142.294555425,3087.5044346666814,20.43146666666669,0.2875,97.169555425,honest,honest,0.0
4652,139.935005725,1137.3177709999993,18.64850000000003,0.2875,94.810005725,honest,honest,0.0
4653,133.24712255,357.6492519999998,17.83573333333337,0.2875,88.12212255,honest,honest,0.0
4654,130.503142575,18.073292999999996,17.87413333333329,0.05,85.378142575,honest,honest,49.430716241666715
4655,76.8035298,2.8832443333333333,18.507433333333296,0.05,76.8035298,honest,honest,55.412852133333374
4656,37.804253225000004,1.1644666666666663,18.753933333333286,0.07672435499999994,37.804253225000004,honest,hide_information,23.51203322500004
4657,37.909176375,0.0,22.097600000000057,0.08148908000000007,32.831548925000014,honest,hide_information,17.363228924999973
4658,37.95199035,0.0,23.289233333333403,0.08318715750000011,31.969065149999988,honest,hide_information,15.666601816666606
4659,40.163170324999996,0.0,26.847600000000025,0.08825783000000004,33.85761039999998,honest,hide_information,15.064290399999962
4660,67.17339704999999,0.0427776666666666,21.602000000000054,0.05,59.90440934999999,honest,honest,38.25963168333327
4661,103.423037325,12.187289,19.57276666666664,0.05,103.423037325,honest,honest,71.66298165833335
4662,135.478733925,51.95759900000001,17.514100000000038,0.05,135.478733925,honest,honest,66.00703492499996
4663,143.32830105,260.67896133333284,16.230333333333306,0.2875,143.32830105,honest,honest,0.0
4664,125.91500455,816.3458593333321,12.379533333333306,0.2875,80.79000455,honest,honest,0.0
4665,148.54792917499998,1415.7908996666663,12.152733333333323,0.2875,103.42292917499998,honest,honest,0.0
4666,161.27061187500001,2560.7143103333347,8.550333333333304,0.2875,116.14561187500001,honest,honest,0.0
4667,165.639260875,3678.621590666672,9.705166666666658,0.2875,120.51426087499999,honest,honest,0.0
4668,143.24814569999998,5110.8267009999945,6.555400000000019,0.2875,98.12314569999998,honest,honest,0.0
4669,126.87170119999999,4190.410437666684,6.70573333333334,0.2875,81.74670119999999,hide_information,honest,0.0
4670,119.590335925,4291.817768333339,7.848999999999976,0.2875,74.465335925,hide_information,honest,0.0
4671,141.929551575,6267.918355000001,11.312233333333372,0.2875,96.804551575,hide_information,honest,0.0
4672,143.463450475,5888.527804666671,23.16136666666666,0.2875,98.338450475,hide_information,honest,0.0
4673,148.29244465,4449.811414666662,27.81733333333329,0.2875,103.16744465,honest,honest,0.0
4674,125.78279137499999,4079.026905333343,23.47140000000008,0.2875,80.65779137499999,honest,honest,0.0
4675,126.218714775,2539.3998656666645,23.0445666666666,0.2875,81.093714775,honest,honest,0.0
4676,119.463201325,920.8803793333344,22.227766666666657,0.2875,74.338201325,honest,honest,0.0
4677,109.030655675,300.7160266666676,19.614466666666704,0.2875,63.905655675000006,honest,honest,0.0
4678,103.653287625,33.96047800000003,28.32213333333337,0.06783303761458362,58.528287625000004,honest,honest,0.0
4679,56.730713175,3.9849389999999993,32.52756666666671,0.05,53.34243602822911,honest,honest,16.829930361562404
4680,37.498845575000004,0.0,22.02093333333328,0.08137982999999993,37.498845575000004,honest,hide_information,22.08419224166671
4681,37.566944174999996,0.0,23.504799999999985,0.08349433999999997,31.60477647500001,honest,hide_information,15.151416475000019
4682,37.577283449999996,0.0,24.42563333333342,0.08480652750000012,31.213358850000002,honest,hide_information,14.115415516666609
4683,38.001667624999996,0.0,22.980633333333323,0.08274740249999998,31.388427399999976,honest,hide_information,15.301984066666652
4684,54.28312925,0.4594446666666667,21.844033333333357,0.05,48.06112277500001,honest,honest,25.757644774999985
4685,86.30493675,4.072355333333333,20.230600000000045,0.05,86.30493675,honest,honest,62.00198141666662
4686,107.9833467,0.7989333333333334,17.57173333333336,0.05,107.9833467,honest,honest,89.6126800333333
4687,116.11572905,7.325988333333333,16.065900000000017,0.05,116.11572905,honest,honest,92.72384071666664
4688,98.594967075,127.48983266666652,16.386933333333328,0.26508854489374917,98.594967075,honest,honest,0.0
4689,121.715899925,309.649747,12.185966666666674,0.2875,80.84907639518767,honest,honest,0.0
4690,129.30379175000002,340.8476100000002,13.993333333333355,0.2875,84.17879175000002,honest,honest,0.0
4691,130.66427585,543.2309789999993,8.430666666666653,0.2875,85.53927585,honest,honest,0.0
4692,110.76408372499999,648.3316899999987,9.315333333333305,0.2875,65.63908372499999,honest,honest,0.0
4693,110.771987425,974.5289903333328,18.915133333333287,0.2875,65.646987425,hide_information,honest,0.0
4694,113.268784125,3082.118347333333,24.950799999999955,0.2875,68.143784125,hide_information,honest,0.0
4695,139.10429885,5189.579488666689,37.972433333333456,0.2875,93.97929884999999,hide_information,honest,0.0
4696,140.2187406,4747.8569763333335,38.57700000000006,0.2875,95.09374059999999,hide_information,honest,0.0
4697,145.096977925,4600.820955333355,50.12336666666648,0.2875,99.971977925,honest,honest,0.0
4698,122.98460499999999,3935.978067666674,47.076866666666746,0.2875,77.85960499999999,honest,honest,0.0
4699,118.139237925,2491.1192410000003,37.52013333333333,0.2875,73.014237925,honest,honest,0.0
4700,122.38220135,1391.227401666668,43.96849999999984,0.2875,77.25720135,honest,honest,0.0
4701,115.50093645000001,391.886034000001,42.63593333333316,0.2875,70.37593645000001,honest,honest,0.0
4702,111.236765425,74.9294883333332,34.549233333333355,0.25599304214791613,66.111765425,honest,honest,0.0
4703,60.683313075,4.048689,34.10643333333339,0.12889981451557792,21.544635066895935,honest,honest,0.0
4704,37.649373225,0.0,30.750033333333285,0.08843521811489219,22.658408467040196,honest,honest,0.0
4705,37.70413335,0.078889,25.2603,0.08599592750000001,30.401441908170483,honest,hide_information,12.640342908170485
4706,37.717198249999996,0.5611666666666667,27.52293333333327,0.08922017999999991,30.877972024999995,honest,hide_information,11.05075202500004
4707,38.184987875,0.0468333333333333,33.13933333333332,0.09722354999999999,30.733153675000015,honest,hide_information,7.488787008333361
4708,54.69324722499999,1.3722223333333332,21.555833333333247,0.05000000000000001,45.720772724999996,honest,honest,22.792717058333416
4709,87.6818381,18.361377333333333,18.08036666666662,0.05,87.6818381,honest,honest,51.240094100000036
4710,120.13164325,205.53366866666605,12.45266666666663,0.2875,120.13164325,honest,honest,0.0
4711,128.5165027,245.4617003333333,12.005233333333372,0.2875,83.39150269999999,honest,honest,0.0
4712,111.9247302,462.4599253333318,10.437866666666643,0.2875,66.7997302,honest,honest,0.0
4713,144.36332055,1386.7217769999982,12.688166666666667,0.2875,99.23832055,honest,honest,0.0
4714,156.05212484999998,3102.382982999987,6.74993333333336,0.2875,110.92712484999998,honest,honest,0.0
4715,164.94550592500002,4114.367949333325,7.394266666666679,0.2875,119.82050592500002,honest,honest,0.0
4716,145.42858544999999,3822.782845666663,7.671066666666678,0.2875,100.30358544999999,honest,honest,0.0
4717,144.453658425,4482.572131000011,6.642900000000031,0.2875,99.32865842499999,honest,honest,0.0
4718,145.036298125,4225.023352666646,7.718100000000011,0.2875,99.911298125,honest,honest,0.0
4719,167.0829431,5866.302119666639,9.892933333333325,0.2875,121.9579431,honest,honest,0.0
4720,166.02818729999998,5903.986380333327,10.584266666666672,0.2875,120.90318729999998,honest,honest,0.0
4721,163.85109620000003,4009.261075333328,9.84803333333333,0.2875,118.72609620000003,honest,honest,0.0
4722,134.15459405000001,3163.074107000009,10.32916666666664,0.2875,89.02959405000001,honest,honest,0.0
4723,125.21829725,1438.3571816666677,9.843633333333315,0.2875,80.09329725,honest,honest,0.0
4724,117.2378689,684.7038530000008,10.948133333333349,0.2875,72.1128689,honest,honest,0.0
4725,111.835177225,310.9788963333343,13.57343333333329,0.2875,66.710177225,honest,honest,0.0
4726,111.955807275,26.46193599999996,13.21593333333334,0.05,66.830807275,honest,honest,27.1529379416667
4727,63.106804849999996,2.1283223333333336,14.161699999999987,0.05,63.106804849999996,honest,honest,46.81678251666668
4728,37.6549153,4.8901666666666666,16.295033333333375,0.07322042250000005,37.6549153,honest,hide_information,21.35822529999997
4729,37.685338075,0.0,17.703899999999955,0.07522805749999995,33.27345779999999,honest,hide_information,20.88072780000002
4730,37.7039274,0.0,22.148066666666647,0.08156099499999997,32.910596475000006,honest,hide_information,17.40694980833335
4731,38.165600025,0.0,19.02856666666672,0.07711570750000007,32.169010975000006,honest,hide_information,18.849014308333302
4732,54.6747183,0.0,18.247633333333308,0.05,49.522733874999986,honest,honest,31.275100541666678
4733,88.15986885,4.714789,19.360266666666668,0.05,88.15986885,honest,honest,64.08481318333332
4734,120.465182875,9.97666633333333,18.181899999999988,0.05,120.465182875,honest,honest,92.30661654166667
4735,133.23251134999998,183.0086610000006,16.049766666666667,0.2875,133.23251134999998,honest,honest,0.0
4736,113.5911412,441.943442,14.362466666666672,0.2875,68.4661412,honest,honest,0.0
4737,132.9835666,1348.048577666667,13.179166666666658,0.2875,87.85856659999999,honest,honest,0.0
4738,142.146955925,2969.273145333333,10.479433333333326,0.2875,97.02195592499999,honest,honest,0.0
4739,145.34179160000002,4606.604487999995,8.79419999999999,0.2875,100.21679160000002,honest,honest,0.0
4740,127.223777075,5717.460520666665,10.324666666666658,0.2875,82.098777075,honest,honest,0.0
4741,121.63200585,5554.206615333337,9.779999999999978,0.2875,76.50700585,honest,honest,0.0
4742,116.361020075,4152.032292666663,12.908333333333312,0.2875,71.236020075,honest,honest,0.0
4743,140.76255270000001,2742.100181333341,13.881366666666615,0.2875,95.63755270000001,honest,honest,0.0
4744,142.815157875,4351.438326333335,11.068533333333322,0.2875,97.69015787500001,honest,honest,0.0
4745,145.777448775,3785.763513333335,17.560766666666694,0.2875,100.65244877500001,honest,honest,0.0
4746,123.29691115,2182.077634000001,23.61219999999995,0.2875,78.17191115,honest,honest,0.0
4747,122.81160317499999,1650.7483600000007,23.07993333333324,0.2875,77.68660317499999,honest,honest,0.0
4748,120.604123625,660.2588726666654,23.50176666666676,0.2875,75.479123625,honest,honest,0.0
4749,113.433090275,310.69573533333346,17.387500000000014,0.2875,68.308090275,honest,honest,0.0
4750,107.161435275,18.8465303333333,23.071233333333332,0.05,62.036435275,honest,honest,20.118671608333372
4751,56.84073885,1.823289,25.738900000000008,0.05,56.84073885,honest,honest,29.278549849999994
4752,37.610511,0.0,33.2994,0.097451645,37.610511,honest,hide_information,14.300931000000006
4753,37.65859425,0.0,38.833400000000125,0.09840543692500059,28.6427817,honest,honest,0.0
4754,37.6854635,0.0,41.27056666666667,0.11071514686647971,28.48843048424989,honest,honest,0.0
4755,39.667365375,0.4355556666666666,51.87989999999997,0.16487384893241444,28.13148747036886,honest,honest,0.0
4756,56.159453375000005,0.8015389999999999,47.94609999999994,0.11846753038025369,34.33342207784126,honest,hide_information,0.0
4757,87.36207535,1.5564666666666669,43.673033333333166,0.05,74.3532445777518,honest,honest,29.123744577751964
4758,120.11274462499999,94.35686966666624,34.31093333333338,0.09063652728124824,120.11274462499999,honest,honest,0.0
4759,128.841452,432.3473420000003,17.644833333333327,0.2875,121.12051181656284,honest,honest,0.0
4760,116.7949639,475.51681533333226,20.23250000000001,0.2875,71.6699639,honest,honest,0.0
4761,145.2627266,1349.1484510000005,14.540900000000033,0.2875,100.13772660000001,honest,honest,0.0
4762,163.142305925,2702.735808666668,11.450066666666652,0.2875,118.01730592499999,honest,honest,0.0
4763,168.66983395,3612.809462,5.006900000000016,0.2875,123.54483395,honest,honest,0.0
4764,150.02976915,5573.141847000001,5.076466666666684,0.2875,104.90476914999999,honest,honest,0.0
4765,149.11772224999999,4892.438579666675,4.665366666666653,0.2875,103.99272224999999,honest,honest,0.0
4766,149.134004025,5286.025166333356,7.987266666666642,0.2875,104.009004025,honest,honest,0.0
4767,172.615393825,5414.037033333318,5.264900000000012,0.2875,127.49039382500001,honest,honest,0.0
4768,172.5812325,3266.399059666668,4.565299999999993,0.2875,127.4562325,honest,honest,0.0
4769,171.76382745,4208.382478666667,4.705533333333338,0.2875,126.63882745000001,honest,honest,0.0
4770,151.849641775,2742.584710666668,5.906233333333334,0.2875,106.72464177500001,honest,honest,0.0
4771,152.532640825,2375.17240866667,14.55176666666667,0.2875,107.40764082499999,honest,honest,0.0
4772,156.111700375,1296.9954550000016,14.305733333333327,0.2875,110.986700375,honest,honest,0.0
4773,148.464948175,376.57940366666656,23.79030000000001,0.2875,103.33994817499999,honest,honest,0.0
4774,140.55485185,14.561332333333327,21.12326666666669,0.05,95.42985185,honest,honest,59.745252849999986
4775,85.34749955000001,0.3862666666666666,20.4518,0.05,85.34749955000001,honest,honest,64.50943288333335
4776,37.897739125,0.0,38.8766,0.10539915500000001,37.897739125,honest,hide_information,10.684119124999999
4777,37.942517425000005,0.0,41.22956666666664,0.11561122128541654,27.416677975000006,honest,honest,0.0
4778,37.9558864,0.0,52.80673333333333,0.1797556501434217,25.489754355770856,honest,honest,0.0
4779,38.4234663,0.0,66.32006666666662,0.2875,13.769892772749877,honest,honest,0.0
4780,67.398587025,0.7083,73.68853333333334,0.2875,22.273587024999998,honest,honest,0.0
4781,102.76613305,6.225877666666666,73.63276666666683,0.1555331785958341,57.64113304999999,honest,honest,0.0
4782,134.272599875,15.56912233333333,56.84179999999987,0.05000000000000002,114.22129594179152,honest,honest,41.81037360845832
4783,140.99781852499999,194.56136533333344,31.953199999999995,0.2875,140.99781852499999,honest,honest,0.0
4784,124.93480157500001,294.8546796666658,57.99113333333338,0.2875,79.80980157500001,hide_information,honest,0.0
4785,149.990640725,1275.8743993333323,45.86446666666663,0.2875,104.86564072499999,hide_information,honest,0.0
4786,166.05994752499998,2959.634154333332,38.6730666666665,0.2875,120.93494752499998,hide_information,honest,0.0
4787,171.507454825,4525.761321666656,43.67499999999984,0.2875,126.382454825,hide_information,honest,0.0
4788,152.16133005,5848.241389000003,28.91513333333333,0.2875,107.03633005,hide_information,honest,0.0
4789,152.65251265,6474.727184999998,30.451733333333287,0.2875,107.52751265,hide_information,honest,0.0
4790,153.264862575,5470.654159666688,29.262933333333336,0.2875,108.139862575,hide_information,honest,0.0
4791,175.988897875,6683.732202666637,23.46253333333337,0.2875,130.863897875,hide_information,honest,0.0
4792,175.121026875,6054.536821999995,18.0689666666666,0.2875,129.996026875,hide_information,honest,0.0
4793,173.40615437499997,4796.379119333338,12.95533333333332,0.2875,128.28115437499997,hide_information,honest,0.0
4794,151.3481082,3382.5907570000013,25.98479999999999,0.2875,106.22310820000001,hide_information,honest,0.0
4795,148.11536022500002,2702.52641466668,18.5231,0.2875,102.99036022500002,honest,honest,0.0
4796,142.019757225,1298.4184180000004,20.28333333333337,0.2875,96.894757225,honest,honest,0.0
4797,134.527842675,314.83446366666783,22.320166666666623,0.2875,89.40284267499999,honest,honest,0.0
4798,130.902098325,41.95322199999993,25.88443333333337,0.05,85.777098325,honest,honest,17.939442991666695
4799,77.9400718,3.3957056666666667,27.849699999999974,0.05,77.9400718,honest,honest,46.69466613333336
4800,37.8493317,4.466366666666667,31.714266666666724,0.05,37.8493317,honest,honest,1.6686983666666109
4801,37.906075650000005,0.0,34.88736666666664,0.09971449749999997,37.906075650000005,honest,hide_information,13.484918983333362
4802,37.939125374999996,0.0,35.248199999999976,0.08208543846249988,28.49337085,honest,honest,0.0
4803,38.46416635,0.0,36.48286666666674,0.10198808500000012,32.367933042125024,honest,hide_information,6.82992637545831
4804,72.82314305,0.7961556666666667,38.17166666666673,0.05,62.94540689999998,honest,honest,23.977584566666586
4805,107.63000645,25.851655333333333,24.58529999999999,0.05,107.63000645,honest,honest,57.19305111666667
4806,136.29603435,222.77017800000024,36.67046666666668,0.2875,136.29603435,honest,honest,0.0
4807,138.27384535,568.8187663333322,32.67210000000005,0.2875,93.14884534999999,hide_information,honest,0.0
4808,111.25656749999999,1407.1451020000009,14.779233333333352,0.2875,66.13156749999999,hide_information,honest,0.0
4809,126.055309975,2015.6826853333296,25.5588000000001,0.2875,80.930309975,hide_information,honest,0.0
4810,134.837831425,2339.8277586666627,9.373733333333329,0.2875,89.71283142499999,hide_information,honest,0.0
4811,141.6224831,2264.851681000006,20.655899999999946,0.2875,96.49748310000001,hide_information,honest,0.0
4812,120.404415625,2622.553878666665,10.03046666666666,0.2875,75.279415625,hide_information,honest,0.0
4813,120.170684475,2599.5414856666634,7.444166666666665,0.2875,75.045684475,hide_information,honest,0.0
4814,119.355312075,2911.579433999992,11.967299999999986,0.2875,74.230312075,hide_information,honest,0.0
4815,139.7529189,2432.125028999994,10.018133333333358,0.2875,94.6279189,hide_information,honest,0.0
4816,141.152213125,2622.9015526666703,11.088433333333292,0.2875,96.027213125,hide_information,honest,0.0
4817,141.531023475,2576.743364666664,14.815200000000004,0.2875,96.40602347500001,hide_information,honest,0.0
4818,115.846659875,1804.092012333332,8.826166666666671,0.2875,70.721659875,hide_information,honest,0.0
4819,114.12570705,1329.6921126666698,16.378366666666665,0.2875,69.00070705,honest,honest,0.0
4820,113.49736755,708.5669729999988,10.1203666666667,0.2875,68.37236755,honest,honest,0.0
4821,108.0420934,209.5816963333336,11.27033333333336,0.2875,62.9170934,honest,honest,0.0
4822,103.726635425,13.727485666666649,13.932433333333329,0.05,58.601635425,honest,honest,30.94171642500002
4823,56.73548985,11.36142133333333,11.15333333333332,0.05,56.73548985,honest,honest,34.220735183333346
4824,37.481170675,0.0,17.232833333333343,0.05,37.481170675,honest,honest,20.24833734166666
4825,37.532096925,0.0891666666666666,17.643233333333345,0.05,37.532096925,honest,honest,19.799696924999985
4826,37.581003375,0.0,18.35720000000009,0.05,37.581003375,honest,honest,19.22380337499991
4827,39.5581099,0.0,16.666533333333334,0.05,39.5581099,honest,honest,22.891576566666664
4828,55.9978792,0.0,16.68580000000005,0.05,55.9978792,hide_information,honest,39.31207919999995
4829,87.118443075,1.1203,16.028833333333317,0.05,87.118443075,honest,honest,69.96930974166668
4830,107.75800585,38.30029866666668,12.661500000000018,0.05,107.75800585,honest,honest,56.79620718333331
4831,114.94700265,371.0567873333332,10.61863333333332,0.2875,114.94700265,honest,honest,0.0
4832,99.40259025,763.739203333333,11.048799999999988,0.2875,54.27759025,honest,honest,0.0
4833,122.87591015000001,1205.7929693333351,14.229833333333287,0.2875,77.75091015000001,honest,honest,0.0
4834,130.23153405,3059.1211400000125,12.71783333333336,0.2875,85.10653405,honest,honest,0.0
4835,135.94905135,2969.038019,10.48619999999998,0.2875,90.82405134999999,honest,honest,0.0
4836,114.47131392499999,3672.979749333332,9.58223333333332,0.2875,69.34631392499999,honest,honest,0.0
4837,109.9161284,3389.0462899999934,10.097533333333349,0.2875,64.7911284,hide_information,honest,0.0
4838,108.88673015,3632.646437999989,10.654799999999987,0.2875,63.761730150000005,hide_information,honest,0.0
4839,133.27190975000002,5889.563346666643,11.776066666666678,0.2875,88.14690975000002,hide_information,honest,0.0
4840,137.33688545,4126.401033333325,10.417533333333338,0.2875,92.21188545000001,hide_information,honest,0.0
4841,141.53597952500002,2703.245344000009,11.802666666666688,0.2875,96.41097952500002,honest,honest,0.0
4842,116.03721184999999,2294.5626629999933,15.99530000000001,0.2875,70.91221184999999,honest,honest,0.0
4843,113.622603525,2346.4434786666693,14.627066666666666,0.2875,68.497603525,honest,honest,0.0
4844,113.1854963,980.9087686666668,15.53146666666666,0.2875,68.0604963,honest,honest,0.0
4845,107.574802125,412.6753103333337,13.308733333333327,0.2875,62.449802125000005,honest,honest,0.0
4846,104.05248605,28.34912999999997,14.293566666666612,0.05,58.92748605,honest,honest,16.28478938333342
4847,56.72250005000001,8.885022333333332,14.133366666666664,0.05,56.72250005000001,honest,honest,33.70411105000001
4848,37.483040824999996,0.0,11.834099999999946,0.06686359249999993,37.483040824999996,honest,hide_information,29.199170825000035
4849,37.543079375000005,0.0081,11.937766666666636,0.06701131749999996,34.33899680000002,honest,hide_information,25.974460133333373
4850,37.524257575,0.0081,11.777166666666677,0.06678246250000001,34.29210725000001,honest,hide_information,26.039990583333335
4851,37.9243808,0.0081,10.786500000000006,0.06537076250000001,34.735712925,honest,hide_information,27.177062924999998
4852,54.2543303,2.6609333333333334,9.787833333333348,0.05,51.333885425,honest,honest,38.88511875833332
4853,86.30645252500001,0.7683666666666666,9.023433333333356,0.05,86.30645252500001,honest,honest,76.51465252499999
4854,106.38892245,53.471699666666666,8.293700000000007,0.05,106.38892245,honest,honest,44.62352278333332
4855,113.669010125,137.72313366666728,9.93743333333332,0.2114598951562529,113.669010125,honest,honest,0.0
4856,100.71941100000001,455.9486720000008,7.399033333333317,0.2875,70.04203092031196,honest,honest,0.0
4857,123.580666025,1153.6723683333323,6.954833333333351,0.2875,78.455666025,honest,honest,0.0
4858,130.656107175,2691.221497666655,5.908700000000012,0.2875,85.53110717499999,honest,honest,0.0
4859,134.295012575,4210.350511666666,6.5124333333333375,0.2875,89.17001257499999,honest,honest,0.0
4860,115.20499505000001,5602.267447666693,5.436766666666645,0.2875,70.07999505000001,honest,honest,0.0
4861,114.390181375,6474.955445999969,3.946166666666668,0.2875,69.265181375,hide_information,honest,0.0
4862,114.277962075,6450.468477333369,7.083866666666673,0.2875,69.152962075,hide_information,honest,0.0
4863,135.4658304,3698.192422999983,5.245666666666652,0.2875,90.34083039999999,hide_information,honest,0.0
4864,135.796759125,949.0406993333312,3.9502666666666655,0.2875,90.671759125,hide_information,honest,0.0
4865,140.9635863,764.4448669999977,4.976233333333346,0.2875,95.8385863,honest,honest,0.0
4866,120.46410695,884.2340716666641,6.0608999999999815,0.2875,75.33910695,honest,honest,0.0
4867,113.96519825,778.1664603333331,15.287733333333325,0.2875,68.84019825,honest,honest,0.0
4868,113.01451665,391.4087346666664,14.58453333333333,0.2875,67.88951665,honest,honest,0.0
4869,109.115254525,80.03887633333353,18.329199999999947,0.213294653589584,63.990254525,honest,honest,0.0
4870,103.450750325,3.871155333333333,28.955500000000047,0.05,72.42476614297904,honest,honest,39.59811080964566
4871,56.67803365,4.311722333333333,30.315333333333346,0.05,56.67803365,honest,honest,22.050977983333325
4872,37.407469925,0.0,36.077500000000015,0.10141043750000003,37.407469925,honest,hide_information,12.153219924999991
4873,37.49830335,0.3755556666666667,42.5727333333333,0.12228535168124985,27.730320224999993,honest,honest,0.0
4874,37.5352818,0.0,45.79779999999989,0.15448449134232745,23.80106498056253,honest,honest,0.0
4875,37.981995149999996,0.0,53.1712333333335,0.21644613480728464,18.129941794957784,honest,honest,0.0
4876,54.416500375,0.0,57.59373333333317,0.21530949321565696,22.791734761615913,honest,honest,0.0
4877,86.33251005,3.119128,60.07546666666661,0.0892867195562968,54.92370633902517,honest,honest,0.0
4878,108.97227262499999,7.245089333333333,67.99696666666676,0.05,101.5077959093036,honest,honest,26.26573990930349
4879,116.32121120000001,346.21992266666626,69.7903333333334,0.2875,116.32121120000001,honest,honest,0.0
4880,92.717586225,867.3677203333343,72.30713333333341,0.2875,47.592586225000005,honest,honest,0.0
4881,119.3628592,1752.7096349999977,72.45480000000006,0.2875,74.2378592,honest,honest,0.0
4882,126.116946975,1784.1045383333349,72.73770000000036,0.2875,80.991946975,honest,honest,0.0
4883,126.74523934999999,2318.703200999998,73.28233333333353,0.2875,81.62023934999999,honest,honest,0.0
4884,103.3328352,2622.8673413333254,74.0133000000002,0.2875,58.207835200000005,honest,honest,0.0
4885,97.2660739,3073.4925959999846,68.73543333333356,0.2875,52.141073899999995,hide_information,honest,0.0
4886,96.19434902500001,4969.880559666651,67.93073333333335,0.2875,51.06934902500001,hide_information,honest,0.0
4887,123.88681905,5853.624135666667,66.76973333333336,0.2875,78.76181905,hide_information,honest,0.0
4888,130.73337825,4743.458398333351,65.65576666666647,0.2875,85.60837824999999,honest,honest,0.0
4889,135.42456057500002,3277.254618666652,56.9546666666666,0.2875,90.29956057500002,honest,honest,0.0
4890,114.616001725,1496.2836666666713,26.640833333333298,0.2875,69.491001725,honest,honest,0.0
4891,118.2977638,880.9924370000001,40.98846666666662,0.2875,73.1727638,honest,honest,0.0
4892,118.63485832500001,483.0835996666659,31.795099999999948,0.2875,73.50985832500001,honest,honest,0.0
4893,114.827413775,118.5246453333334,37.39619999999991,0.2875,69.702413775,honest,honest,0.0
4894,115.73445364999999,7.307027999999999,30.48556666666665,0.05,70.60945364999999,honest,honest,32.81685898333335
4895,63.303773525000004,1.640016666666667,29.718366666666743,0.05,63.303773525000004,honest,honest,31.945390191666593
4896,37.688862275,0.0,26.506800000000105,0.08777219000000015,37.688862275,honest,hide_information,19.134102274999925
4897,37.73344465,0.0,24.303733333333263,0.08463281999999991,30.556728549999974,honest,hide_information,13.544115216666693
4898,37.72846505,0.0,23.436699999999927,0.08339729749999991,31.148229250000014,honest,hide_information,14.742539250000068
4899,38.147846775,0.0,16.58003333333339,0.07362654750000008,31.802360250000014,honest,hide_information,20.19633691666664
4900,54.60398755,0.1484723333333333,12.343833333333338,0.05,50.11494352499999,honest,honest,37.62263785833332
4901,87.63752755,6.867521999999999,9.992800000000004,0.05,87.63752755,honest,honest,70.77720554999999
4902,123.7805664,13.369844666666667,11.897433333333352,0.05,123.7805664,honest,honest,98.51328839999998
4903,129.380296425,160.64148800000018,16.17683333333335,0.27533061831458416,129.380296425,honest,honest,0.0
4904,109.76878905,451.8231993333325,16.73959999999998,0.2875,66.955971570229,honest,honest,0.0
4905,134.34841907499998,924.2065960000008,19.27583333333332,0.2875,89.22341907499998,honest,honest,0.0
4906,147.036928325,2720.677594333325,19.76343333333335,0.2875,101.91192832499999,honest,honest,0.0
4907,157.382288275,4162.302239333326,19.85176666666669,0.2875,112.25728827500001,honest,honest,0.0
4908,139.789424725,5544.583102333326,20.2705333333333,0.2875,94.664424725,honest,honest,0.0
4909,138.404854225,5470.010445333327,21.49023333333332,0.2875,93.27985422500001,hide_information,honest,0.0
4910,134.7331953,5468.218839000022,22.87446666666668,0.2875,89.6081953,hide_information,honest,0.0
4911,154.109161275,3558.927454666664,23.04790000000003,0.2875,108.98416127499999,hide_information,honest,0.0
4912,149.163051425,2229.952316999995,25.68373333333325,0.2875,104.03805142499999,hide_information,honest,0.0
4913,151.2645985,3533.2865493333247,15.497399999999995,0.2875,106.1395985,honest,honest,0.0
4914,131.803274025,2214.7236653333302,29.817333333333355,0.2875,86.67827402500001,honest,honest,0.0
4915,128.374266575,2450.5670063333373,15.823300000000014,0.2875,83.24926657500001,honest,honest,0.0
4916,119.4841684,900.3998920000002,38.22716666666681,0.2875,74.3591684,honest,honest,0.0
4917,113.27458735,365.7468670000002,47.18993333333327,0.2875,68.14958735,honest,honest,0.0
4918,110.02024242499999,15.246941666666652,39.4631666666667,0.05,64.89524242499999,honest,honest,10.18513409166664
4919,59.35679005,0.4107166666666666,54.91496666666669,0.05,59.35679005,honest,honest,4.031106716666642
4920,37.56822295,0.0474,54.35949999999984,0.12998371598749925,37.56822295,honest,hide_information,0.0
4921,37.5896828,0.0582666666666666,64.13516666666665,0.24855311871205132,22.392776762375142,honest,honest,0.0
4922,37.582190600000004,0.0,67.30086666666654,0.28825211555415653,0.0,honest,honest,0.0
4923,39.48922585,0.0,71.17189999999975,0.31791408476468286,0.0,honest,honest,0.0
4924,55.920464125,0.0,68.29730000000005,0.29225619002784076,5.920464125000002,honest,honest,0.0
4925,86.98829655,0.0,71.45756666666655,0.19486524455429238,40.95962044471026,honest,hide_information,0.0
4926,105.75752002499999,97.91121666666692,63.80559999999979,0.2875,78.23312355968443,honest,honest,0.0
4927,109.194579325,507.456513333332,56.915466666666845,0.2875,64.069579325,honest,honest,0.0
4928,92.065299475,1064.1382856666664,59.73306666666664,0.2875,46.940299475,hide_information,honest,0.0
4929,113.82701714999999,1793.3329300000005,62.714533333333215,0.2875,68.70201714999999,honest,honest,0.0
4930,120.87064415,3270.8600223333237,68.61423333333356,0.2875,75.74564415,honest,honest,0.0
4931,123.95048994999999,2522.595726000007,63.3407,0.2875,78.82548994999999,honest,honest,0.0
4932,103.522249575,3147.3170583333367,39.62856666666664,0.2875,58.397249575000004,honest,honest,0.0
4933,101.349773425,2195.2962933333342,49.09040000000009,0.2875,56.224773424999995,hide_information,honest,0.0
4934,101.07126467500001,1782.106457666667,46.74230000000014,0.2875,55.94626467500001,hide_information,honest,0.0
4935,123.551345325,1500.3832109999996,11.16026666666666,0.2875,78.426345325,hide_information,honest,0.0
4936,126.0038959,882.081601666668,33.90306666666674,0.2875,80.8788959,hide_information,honest,0.0
4937,129.118999025,1082.2506103333324,29.42276666666663,0.2875,83.993999025,honest,honest,0.0
4938,105.2648214,1407.4419383333338,36.24383333333324,0.2875,60.1398214,honest,honest,0.0
4939,105.4897752,899.5431020000001,37.13553333333329,0.2875,60.3647752,honest,honest,0.0
4940,103.10485167499999,791.5155509999985,38.87920000000008,0.2875,57.97985167499999,honest,honest,0.0
4941,98.4129885,164.9444033333336,36.92799999999994,0.2875,53.2879885,honest,honest,0.0
4942,98.476487175,4.44964200000001,27.39236666666661,0.05,53.351487175,honest,honest,21.50947850833338
4943,56.55270335,1.2967996666666668,25.31986666666673,0.05,56.55270335,honest,honest,29.936037016666603
4944,37.2932827,0.0,23.576633333333252,0.08359670249999988,37.2932827,honest,hide_information,20.789639366666723
4945,37.371032925,0.0,14.217900000000036,0.07026050750000006,30.987659450000024,honest,hide_information,21.03512945
4946,37.42259265,0.0,12.628266666666685,0.06799528000000002,33.573096224999986,honest,hide_information,24.733309558333307
4947,37.8431152,0.0,10.650833333333384,0.05,34.424012,honest,honest,23.773178666666613
4948,54.1637463,0.0,9.118866666666657,0.05,54.1637463,honest,honest,45.044879633333345
4949,86.17429440000001,1.1711113333333332,12.042599999999991,0.05,86.17429440000001,honest,honest,72.96058306666669
4950,105.21786304999999,26.245244666666643,8.786199999999997,0.05,105.21786304999999,honest,honest,70.18641838333335
4951,106.64804045,35.65283233333334,9.069033333333309,0.10080528607500003,106.64804045,hide_information,honest,72.62202448333335
4952,89.35041784999999,594.8090113333346,13.125166666666654,0.2875,79.69741349574998,hide_information,honest,0.0
4953,111.483400875,1188.6175740000012,10.408433333333322,0.2875,66.358400875,hide_information,honest,0.0
4954,118.464359775,2089.8844903333397,15.090166666666654,0.2875,73.339359775,hide_information,honest,0.0
4955,123.802511225,2741.937796000006,14.50953333333332,0.2875,78.677511225,hide_information,honest,0.0
4956,104.36682225,2731.2824070000097,15.975600000000034,0.2875,59.24182225,hide_information,honest,0.0
4957,99.82213905,2312.1202703333283,16.73363333333339,0.2875,54.697139050000004,hide_information,honest,0.0
4958,99.69450287500001,1834.3749070000008,19.10233333333325,0.2875,54.56950287500001,hide_information,honest,0.0
4959,123.193216075,1472.5801599999966,19.82730000000004,0.2875,78.068216075,hide_information,honest,0.0
4960,123.5650105,997.3728296666654,22.18620000000001,0.2875,78.4400105,hide_information,honest,0.0
4961,125.3014578,1167.5640286666676,22.3736333333333,0.2875,80.1764578,hide_information,honest,0.0
4962,102.92711887499999,978.0074679999988,15.020733333333338,0.2875,57.80211887499999,hide_information,honest,0.0
4963,105.67430744999999,594.6666576666659,26.256133333333235,0.2875,60.549307449999986,honest,honest,0.0
4964,105.46051179999999,283.7867196666672,36.11636666666666,0.2875,60.33551179999999,honest,honest,0.0
4965,99.5938779,52.30689366666656,37.76040000000007,0.2190924748916665,54.468877899999995,honest,honest,0.0
4966,98.635083775,2.101244666666666,39.748199999999976,0.05,66.50751354558335,honest,honest,24.65806887891671
4967,56.628795724999996,0.2575333333333333,39.83326666666659,0.05,56.628795724999996,honest,honest,16.537995725000073
4968,37.41156915,0.2597,33.693666666666644,0.09801347499999999,37.41156915,honest,hide_information,13.566302483333349
4969,37.481293025,0.0,39.7832,0.10426621931875,28.358732775,honest,honest,0.0
4970,37.513059174999995,0.0,42.710933333333294,0.12366516518725504,27.202477504437496,honest,honest,0.0
4971,37.9340635,0.0,44.76616666666655,0.14893530162316376,23.937682114421545,honest,honest,0.0
4972,54.25701625000001,0.0,46.32209999999998,0.11600899249999999,35.45930894159889,honest,hide_information,3.0338389415989084
4973,86.24303660000001,0.0,49.24819999999991,0.05000000000000002,73.70132802500001,honest,honest,24.453128025000098
4974,105.25688345,61.24333499999998,50.38,0.0802406448624999,105.25688345,honest,honest,0.0
4975,107.347065075,217.56885466666688,51.62693333333311,0.2875,101.60134255112501,honest,honest,0.0
4976,90.42873535,643.2398226666666,48.125233333333306,0.2875,45.30373535,hide_information,honest,0.0
4977,114.753900125,1399.3638426666682,49.75066666666666,0.2875,69.628900125,hide_information,honest,0.0
4978,124.178690775,2308.370554333332,56.72046666666672,0.2875,79.053690775,hide_information,honest,0.0
4979,130.68222072499998,3487.935587333352,60.06106666666668,0.2875,85.55722072499998,hide_information,honest,0.0
4980,109.09250122499999,4932.27438466669,61.42303333333352,0.2875,63.96750122499999,hide_information,honest,0.0
4981,103.149708275,5124.664800666677,62.87336666666671,0.2875,58.024708274999995,hide_information,honest,0.0
4982,99.5280228,5892.4104416666805,68.57090000000007,0.2875,54.4030228,hide_information,honest,0.0
4983,125.33506729999999,6804.712536000028,77.69103333333356,0.2875,80.21006729999999,hide_information,honest,0.0
4984,130.20444615,5313.577643999989,76.27523333333355,0.2875,85.07944615,hide_information,honest,0.0
4985,134.240731675,3972.390730333328,66.02543333333338,0.2875,89.115731675,hide_information,honest,0.0
4986,111.480249525,4153.978800666685,73.7089666666665,0.2875,66.355249525,hide_information,honest,0.0
4987,112.70474915,2211.1734650000008,70.4218666666668,0.2875,67.57974915,honest,honest,0.0
4988,104.0134947,971.7693336666674,70.44643333333332,0.2875,58.888494699999995,honest,honest,0.0
4989,98.6240602,302.41234633333335,51.71529999999997,0.2875,53.4990602,honest,honest,0.0
4990,98.68405965,3.809643666666671,46.55953333333331,0.05,53.559059649999995,honest,honest,3.1898826500000084
4991,56.682327425,0.794922,46.28433333333332,0.05,56.682327425,honest,honest,9.603072091666675
4992,37.456646675,0.0,62.32599999999994,0.1681294282937497,37.456646675,honest,hide_information,0.0
4993,37.526826525,1.0344443333333333,58.96169999999994,0.2633410686246921,15.082235149187557,honest,honest,0.0
4994,37.54664,0.0,60.945733333333074,0.30322717388785,0.0,honest,honest,0.0
4995,39.4650924,0.0,58.66340000000009,0.333016161256271,0.0,honest,honest,0.0
4996,55.95263765,0.0,55.777833333333305,0.3065279460152621,5.95263765,honest,honest,0.0
4997,87.0398685,8.163932666666666,51.16050000000021,0.14986815107044177,38.29955875710019,honest,hide_information,0.0
4998,105.972671475,131.6860879999998,37.36866666666666,0.2875,86.99772277161607,honest,honest,0.0
4999,109.10755295,352.58446599999945,24.555999999999976,0.2875,63.98255295,honest,honest,0.0
5000,92.470716925,711.8128740000014,35.36083333333332,0.2875,47.345716925000005,honest,honest,0.0
5001,115.55193062500001,1110.0084926666668,30.62493333333332,0.2875,70.42693062500001,honest,honest,0.0
5002,126.00999377500001,1140.341780666665,29.957166666666573,0.2875,80.88499377500001,honest,honest,0.0
5003,131.835230825,1800.5730156666657,26.80233333333342,0.2875,86.710230825,honest,honest,0.0
5004,109.4891603,1403.9685989999994,28.04559999999997,0.2875,64.3641603,honest,honest,0.0
5005,106.1042964,3211.1715416666643,32.98389999999999,0.2875,60.979296399999996,hide_information,honest,0.0
5006,104.489556025,2171.851890333332,30.15706666666667,0.2875,59.364556025,hide_information,honest,0.0
5007,128.07918045,2332.4110079999987,27.09356666666668,0.2875,82.95418045,hide_information,honest,0.0
5008,131.672839725,4512.901439333349,26.004533333333388,0.2875,86.54783972499999,hide_information,honest,0.0
5009,137.274790625,3213.814192000015,22.2421,0.2875,92.14979062500001,honest,honest,0.0
5010,112.6885352,1475.3634650000006,14.199800000000002,0.2875,67.5635352,honest,honest,0.0
5011,112.106224225,481.0396006666665,24.67133333333329,0.2875,66.981224225,honest,honest,0.0
5012,108.63156125,219.68284066666712,27.47543333333336,0.2875,63.506561250000004,honest,honest,0.0
5013,101.09844324999999,30.56612266666672,29.261566666666592,0.06830766889583328,55.97344324999999,honest,honest,0.0
5014,99.55031087500001,2.1787336666666666,31.359933333333284,0.05,96.07185378479168,honest,honest,62.53318678479173
5015,56.704182825000004,1.1857666666666666,33.455833333333324,0.05,56.704182825000004,honest,honest,22.062582825000014
5016,37.4399302,0.0,30.11746666666663,0.05,37.4399302,honest,honest,7.322463533333369
5017,37.506155175,0.0,33.183566666666565,0.05,37.506155175,honest,honest,4.322588508333439
5018,37.531822875,0.2920999999999999,30.636066666666625,0.05,37.531822875,honest,honest,6.603656208333376
5019,37.943472325,0.0,33.24543333333331,0.05,37.943472325,honest,honest,4.698038991666692
5020,54.28564395000001,0.8425003333333333,35.05139999999995,0.051200562975,54.28564395000001,hide_information,honest,18.644493716666723
5021,86.26926040000001,0.1191666666666666,30.89553333333337,0.05,86.04115343475,honest,honest,55.02645343474997
5022,105.86208167500001,55.00795433333333,27.77099999999989,0.05,105.86208167500001,honest,honest,23.083127341666795
5023,116.0427919,241.925501666666,24.198633333333333,0.2875,116.0427919,honest,honest,0.0
5024,101.769189625,396.9236763333342,21.50423333333324,0.2875,56.644189624999996,hide_information,honest,0.0
5025,124.923733775,772.649708666668,24.33963333333333,0.2875,79.798733775,honest,honest,0.0
5026,134.61256287499998,1246.551747333334,16.054833333333328,0.2875,89.48756287499998,honest,honest,0.0
5027,138.795703325,2774.412087333324,16.38283333333339,0.2875,93.670703325,honest,honest,0.0
5028,120.55689815,3296.1288353333503,16.43863333333335,0.2875,75.43189815,honest,honest,0.0
5029,118.99422795,3987.40062766667,17.055400000000056,0.2875,73.86922795,hide_information,honest,0.0
5030,117.6871011,3237.691554000002,16.50713333333339,0.2875,72.5621011,hide_information,honest,0.0
5031,139.409418875,2629.540788999998,22.102200000000025,0.2875,94.284418875,hide_information,honest,0.0
5032,140.25817415,1444.2487553333317,11.118799999999986,0.2875,95.13317415,hide_information,honest,0.0
5033,144.249283625,1321.8945126666652,10.136566666666692,0.2875,99.124283625,honest,honest,0.0
5034,123.01747217500001,656.7344056666664,18.383300000000023,0.2875,77.89247217500001,honest,honest,0.0
5035,121.46276215,324.0905496666663,23.464566666666663,0.2875,76.33776215,honest,honest,0.0
5036,122.55154340000001,106.67883300000004,22.22166666666677,0.2875,77.42654340000001,honest,honest,0.0
5037,116.8571771,28.985600666666723,24.78926666666662,0.05,71.7321771,honest,honest,17.957309766666654
5038,111.318433325,14.28374366666667,28.61526666666669,0.05,111.318433325,honest,honest,68.41942299166664
5039,57.843083,0.755111,29.724900000000066,0.05,57.843083,honest,honest,27.363071999999935
5040,37.590724075000004,0.0,39.34486666666669,0.10606643500000004,37.590724075000004,honest,hide_information,10.049317408333323
5041,37.62119365,0.208889,36.08040000000012,0.09427341050000057,26.968570999999997,honest,honest,0.0
5042,37.630534374999996,0.2233333333333333,36.231233333333314,0.08437090636166711,29.21858637999989,honest,honest,0.0
5043,38.044357524999995,0.208889,38.17733333333341,0.08264360083098826,31.513885316283247,honest,honest,0.0
5044,57.106284525,0.2472223333333333,38.50343333333329,0.050352291825,50.90400036711223,hide_information,honest,12.227511400445607
5045,86.41729485,0.303889,22.53286666666665,0.05043304182500001,86.35035940325001,hide_information,honest,63.604770436583365
5046,106.11883519999999,21.044455666666668,36.69073333333325,0.05,106.03655725325,honest,honest,48.301368253250075
5047,114.65343615,164.82908933333368,21.46143333333333,0.2875,114.65343615,honest,honest,0.0
5048,95.577988275,674.9971116666675,21.11646666666667,0.2875,50.452988274999996,honest,honest,0.0
5049,121.32502215000001,864.5314546666648,19.22770000000001,0.2875,76.20002215000001,honest,honest,0.0
5050,127.14149745,2503.388001999989,13.469666666666692,0.2875,82.01649745,honest,honest,0.0
5051,133.54548695,3783.2740713333433,15.150433333333368,0.2875,88.42048695,honest,honest,0.0
5052,114.39719372500001,5391.181844999979,13.243366666666624,0.2875,69.27219372500001,honest,honest,0.0
5053,112.81647702500001,6511.693475666683,9.227566666666664,0.2875,67.69147702500001,hide_information,honest,0.0
5054,113.059917725,6680.866026333312,9.200866666666627,0.2875,67.934917725,hide_information,honest,0.0
5055,138.6985282,4311.065414333336,8.874800000000022,0.2875,93.5735282,hide_information,honest,0.0
5056,141.732921,2247.130902333339,8.867600000000017,0.2875,96.607921,hide_information,honest,0.0
5057,141.48435825,1484.5749496666683,7.403433333333319,0.2875,96.35935825000001,honest,honest,0.0
5058,113.837460575,2678.703043666665,6.855833333333356,0.2875,68.712460575,honest,honest,0.0
5059,111.82101617500001,1241.943318000001,7.237133333333342,0.2875,66.69601617500001,honest,honest,0.0
5060,106.539807825,629.221222666666,6.929766666666657,0.2875,61.414807825,honest,honest,0.0
5061,98.54878415,152.2573273333329,6.639399999999979,0.2875,53.42378415,honest,honest,0.0
5062,98.536910425,7.525078,6.696766666666687,0.05,53.411910425,honest,honest,39.19006575833332
5063,56.70697345,1.885233333333333,6.9317666666666655,0.05,56.70697345,honest,honest,47.88997345
5064,37.492565400000004,0.0,6.86669999999999,0.059785047499999994,37.492565400000004,honest,hide_information,32.685875400000015
5065,37.49174015,1.1916666666666669,6.276366666666686,0.058943822500000034,35.632581125,honest,hide_information,30.047457791666655
5066,37.485413300000005,0.0,7.943333333333335,0.05,35.786087025,honest,honest,27.842753691666665
5067,37.910818,0.0,7.188433333333325,0.05,37.910818,honest,honest,30.722384666666674
5068,56.91710455,0.0,10.101533333333334,0.05,56.91710455,hide_information,honest,46.81557121666666
5069,86.2809124,1.0181666666666669,7.454166666666653,0.05,86.2809124,honest,honest,77.80857906666668
5070,105.42213575,106.209167666667,17.8465,0.13850927660416829,105.42213575,honest,honest,0.0
5071,107.63618385,312.61073633333234,10.742433333333333,0.2875,90.81942129520803,honest,honest,0.0
5072,88.130026475,560.6580269999995,12.76496666666664,0.2875,43.005026474999994,honest,hide_information,0.0
5073,109.249390325,1191.0195580000002,12.758433333333352,0.2875,64.124390325,honest,honest,0.0
5074,114.223003275,1884.8899959999983,10.525966666666632,0.2875,69.098003275,honest,honest,0.0
5075,117.2847804,4200.598669666662,10.644833333333327,0.2875,72.1597804,honest,honest,0.0
5076,96.52668785,5913.818302999992,9.179933333333334,0.2875,51.40168785,honest,honest,0.0
5077,95.07639527500001,5587.606026333315,8.067333333333321,0.2875,49.95139527500001,hide_information,honest,0.0
5078,95.23097204999999,6299.966251333337,6.258800000000004,0.2875,50.10597204999999,hide_information,honest,0.0
5079,117.601863525,2007.326207000002,7.182899999999989,0.2875,72.476863525,hide_information,honest,0.0
5080,119.855110975,3279.434953666655,5.89403333333334,0.2875,74.730110975,honest,honest,0.0
5081,123.638942375,3958.817396666661,6.637399999999996,0.2875,78.513942375,honest,honest,0.0
5082,101.3858536,1502.087591000001,9.051600000000018,0.2875,56.260853600000004,honest,honest,0.0
5083,102.0449183,1312.916415333333,10.384699999999992,0.2875,56.919918300000006,honest,honest,0.0
5084,100.93692165,453.93397333333417,10.74093333333338,0.2875,55.81192165,honest,honest,0.0
5085,99.516127825,62.89641766666672,13.18490000000003,0.15302840174791707,54.391127825,honest,honest,0.0
5086,101.64303394999999,2.2899833333333333,11.648599999999949,0.05000000000000002,82.06763761789574,honest,honest,68.12905428456246
5087,57.205020925,0.0021,12.927433333333358,0.05,57.205020925,honest,honest,44.27548759166664
5088,37.6387905,0.0,14.953366666666664,0.0713085475,37.6387905,honest,hide_information,27.171433833333335
5089,37.73643545,0.0166666666666666,17.07059999999998,0.07432560499999999,33.687811425,honest,hide_information,21.721724758333348
5090,37.813994575,0.0,17.517700000000016,0.07496272250000002,33.19212962500001,honest,hide_information,20.929739624999996
5091,40.086919375,0.0,13.351433333333402,0.0690257925000001,35.3440021,honest,hide_information,25.99799876666662
5092,73.9554139,0.0,18.227400000000003,0.05,70.34051332499997,honest,honest,52.11311332499997
5093,105.58848145,0.0,27.33513333333333,0.05,105.58848145,honest,honest,78.25334811666667
5094,138.16492125,1.738133333333333,41.65016666666661,0.05,138.16492125,honest,honest,94.77662125000006
5095,147.077603725,20.089377333333328,14.714433333333329,0.05,147.077603725,honest,honest,112.27379305833333
5096,132.86937745,286.83183199999985,16.978099999999987,0.2875,132.86937745,honest,honest,0.0
5097,156.378767925,647.9787256666652,11.543500000000032,0.2875,111.253767925,honest,honest,0.0
5098,167.72061247500002,1659.0611190000009,12.055166666666674,0.2875,122.59561247500002,honest,honest,0.0
5099,169.270110375,3572.901809999995,6.804733333333312,0.2875,124.145110375,honest,honest,0.0
5100,149.588427975,1938.6874990000024,7.178966666666665,0.2875,104.463427975,honest,honest,0.0
5101,147.569669375,1946.326518666668,5.872699999999982,0.2875,102.44466937499999,hide_information,honest,0.0
5102,144.02836457499998,4149.93360266665,5.445499999999985,0.2875,98.90336457499998,hide_information,honest,0.0
5103,163.0828161,6567.508237666668,7.0390666666667006,0.2875,117.9578161,hide_information,honest,0.0
5104,165.09416994999998,5471.633921333338,6.114933333333345,0.2875,119.96916994999998,hide_information,honest,0.0
5105,164.43475232499998,4083.617110666662,6.895100000000021,0.2875,119.30975232499998,honest,honest,0.0
5106,141.53174365,4242.232039000016,7.705633333333356,0.2875,96.40674365000001,honest,honest,0.0
5107,141.539404875,2540.428053333333,14.397066666666666,0.2875,96.414404875,honest,honest,0.0
5108,139.6502457,1103.0798256666665,5.682466666666678,0.2875,94.5252457,honest,honest,0.0
5109,136.35323805000002,197.14738733333405,5.746599999999984,0.2875,91.22823805000002,honest,honest,0.0
5110,131.319327725,0.5686996666666667,4.476666666666663,0.05,86.194327725,honest,honest,81.14896139166666
5111,76.5340772,0.1174776666666666,4.035733333333334,0.05,76.5340772,honest,honest,72.3808662
5112,37.796710275,0.0,3.3477999999999897,0.05477061499999999,37.796710275,honest,hide_information,35.45325027500001
5113,37.845557575,0.0,3.112066666666676,0.05443469500000002,36.939140725,honest,hide_information,34.76069405833333
5114,37.847812950000005,0.3565,3.950466666666671,0.05562941500000001,37.005220900000005,honest,hide_information,33.883394233333334
5115,38.288495575,0.6282666666666666,3.875466666666669,0.05,37.218906725,honest,honest,32.71517339166666
5116,66.92704365,0.0,3.580166666666658,0.05,66.92704365,hide_information,honest,63.346876983333345
5117,103.55621512500001,16.277988666666662,8.830633333333331,0.05,103.55621512500001,honest,honest,78.44759312500001
5118,139.50221685,19.21042166666666,10.243699999999984,0.05,139.50221685,honest,honest,110.04809518333334
5119,145.485915275,260.4488696666659,7.920599999999986,0.2875,145.485915275,hide_information,honest,0.0
5120,129.9589708,673.4435049999975,7.959966666666654,0.2875,84.8339708,hide_information,honest,0.0
5121,153.092299825,929.1038099999986,8.712266666666652,0.2875,107.967299825,hide_information,honest,0.0
5122,161.055494125,2677.059119333343,9.040966666666655,0.2875,115.930494125,hide_information,honest,0.0
5123,162.98857859999998,3949.938198666685,7.813499999999991,0.2875,117.86357859999998,hide_information,honest,0.0
5124,140.740386325,5206.3069143333205,7.7302999999999855,0.2875,95.615386325,hide_information,honest,0.0
5125,136.194216875,5106.614891999982,10.859666666666635,0.2875,91.069216875,hide_information,honest,0.0
5126,134.21203235000002,3723.50650766666,12.33833333333332,0.2875,89.08703235000002,hide_information,honest,0.0
5127,161.364271175,1696.7648193333353,12.239099999999969,0.2875,116.239271175,hide_information,honest,0.0
5128,170.72929405,1615.3220439999966,10.880266666666657,0.2875,125.60429405,hide_information,honest,0.0
5129,172.098005525,970.4006310000012,14.888599999999991,0.2875,126.97300552499999,hide_information,honest,0.0
5130,150.135253875,382.2751119999985,16.351699999999965,0.2875,105.01025387499999,hide_information,honest,0.0
5131,151.449306675,220.46996566666687,17.054200000000034,0.2875,106.324306675,honest,honest,0.0
5132,148.81447895000002,90.63778866666678,23.69619999999994,0.10056142115416686,103.68947895000002,honest,honest,0.0
5133,141.259287575,6.732632666666667,24.191200000000013,0.05,131.6526175557083,honest,honest,100.72878488904162
5134,135.42941355,5.218583000000001,38.177800000000026,0.05,135.42941355,honest,honest,92.03303054999996
5135,80.35972827500001,1.1061660000000002,37.6701333333333,0.05,80.35972827500001,honest,honest,41.58342894166671
5136,37.8317757,0.4564999999999999,37.64189999999987,0.10363970749999982,37.8317757,honest,hide_information,11.025945700000094
5137,37.876734225,0.0,35.37030000000015,0.08650427345000054,27.685189800000035,honest,honest,0.0
5138,37.89722425,0.4564999999999999,65.78090000000003,0.21756094160112566,30.961412294499898,honest,honest,0.0
5139,38.36876425,0.4564999999999999,47.26463333333333,0.24564750294084925,6.532185345786122,honest,honest,0.0
5140,68.6045101,0.0144443333333333,38.23296666666669,0.08237565067911656,31.43148454123864,honest,honest,0.0
5141,102.753464825,0.731,42.3653333333335,0.05104167500000002,96.60209119596784,hide_information,honest,53.725057862634344
5142,135.20761875,17.715632999999997,47.46280000000015,0.07524477702500003,135.00970049999998,hide_information,honest,75.14595739999983
5143,126.916221825,179.92745499999998,53.87443333333317,0.2875,122.11971419025,hide_information,honest,0.0
5144,102.04516742499999,542.1782766666668,57.32713333333332,0.2875,56.92016742499999,hide_information,honest,0.0
5145,119.94080635,812.8017590000007,71.75949999999993,0.2875,74.81580635,hide_information,honest,0.0
5146,125.537555275,2966.3504780000035,59.9503000000001,0.2875,80.412555275,hide_information,honest,0.0
5147,135.01987144999998,4478.422365666666,67.3467333333332,0.2875,89.89487144999998,hide_information,honest,0.0
5148,115.001377675,4049.6499373333286,56.12673333333328,0.2875,69.876377675,hide_information,honest,0.0
5149,114.553130125,5947.188904666687,73.22470000000038,0.2875,69.428130125,hide_information,honest,0.0
5150,114.524813825,6226.831746666664,74.19596666666658,0.2875,69.399813825,hide_information,honest,0.0
5151,137.6868065,3273.2686513333297,74.33576666666674,0.2875,92.56180649999999,hide_information,honest,0.0
5152,143.14914032500002,2603.7176103333336,74.9131333333333,0.2875,98.02414032500002,hide_information,honest,0.0
5153,145.91537112499998,2656.621541333333,74.12573333333319,0.2875,100.79037112499998,hide_information,honest,0.0
5154,115.68438775000001,718.9249203333351,73.43436666666652,0.2875,70.55938775000001,hide_information,honest,0.0
5155,113.769653,739.2640553333327,69.36669999999998,0.2875,68.644653,honest,honest,0.0
5156,111.60126157500001,270.7792033333326,65.73686666666671,0.2875,66.47626157500001,honest,honest,0.0
5157,105.88409282500001,288.83174933333254,69.82303333333327,0.2875,60.75909282500001,honest,honest,0.0
5158,104.4610318,0.983022,73.77576666666667,0.1232580951166667,59.3360318,honest,honest,0.0
5159,56.74562195,3.3019663333333336,71.87279999999984,0.2036538666636243,42.82658387783333,honest,hide_information,0.0
5160,37.5004297,0.4564999999999999,69.7804333333333,0.2875,8.306195033911383,honest,honest,0.0
5161,37.547537975,0.0,75.19189999999996,0.3273813790789474,0.0,honest,honest,0.0
5162,37.546961275,0.0,78.22583333333297,0.3672657934210526,0.0,honest,honest,0.0
5163,39.45931355,0.0,79.28806666666651,0.39708519578947366,0.0,honest,honest,0.0
5164,58.538754375,0.0,82.31629999999991,0.37142730105263155,8.538754375000003,honest,honest,0.0
5165,86.949210075,0.6345333333333333,82.08109999999999,0.32565991679287276,36.949210074999996,honest,hide_information,0.0
5166,105.695144875,15.778432666666664,73.20390000000027,0.2206161640664486,55.695144875,honest,honest,0.0
5167,108.204270175,238.0048740000007,75.3203333333333,0.28750000000000003,75.78719900237478,honest,honest,0.0
5168,88.214824975,675.403287666665,73.81463333333333,0.2875,43.08982497499999,honest,hide_information,0.0
5169,108.84142415,1064.1428736666678,64.34946666666663,0.2875,63.716424149999995,honest,honest,0.0
5170,117.17689552499999,1471.6605219999983,69.43103333333337,0.2875,72.05189552499999,honest,honest,0.0
5171,121.36729774999999,2761.600153999999,58.59833333333327,0.2875,76.24229774999999,honest,honest,0.0
5172,99.351401575,4221.0646330000045,55.41790000000002,0.2875,54.226401575,honest,honest,0.0
5173,95.06721300000001,4882.314830666653,54.911266666666855,0.2875,49.94221300000001,hide_information,honest,0.0
5174,92.63784445,5329.798567666675,41.56813333333335,0.2875,47.51284445,hide_information,honest,0.0
5175,113.91303145,2811.6104889999992,29.0637,0.2875,68.78803145,hide_information,honest,0.0
5176,117.81958940000001,1315.781826333332,29.920266666666546,0.2875,72.69458940000001,hide_information,honest,0.0
5177,123.2177171,1683.3432773333316,25.495899999999924,0.2875,78.0927171,honest,honest,0.0
5178,100.387594875,1240.6475053333345,26.396500000000028,0.2875,55.262594875000005,honest,honest,0.0
5179,101.6664057,1433.443656333333,21.887899999999995,0.2875,56.5414057,honest,honest,0.0
5180,100.793789775,668.2382053333328,23.54849999999996,0.2875,55.66878977499999,honest,honest,0.0
5181,97.971110275,72.1948766666666,21.05516666666666,0.241918682027083,52.846110275,honest,honest,0.0
5182,98.375421625,1.829888666666667,29.28059999999999,0.05000000000000002,61.91087203985423,honest,honest,30.80038337318758
5183,56.5818827,2.7441,31.540333333333315,0.05,56.5818827,honest,honest,22.297449366666683
5184,37.354418100000004,0.0,25.82973333333328,0.08680736999999993,37.354418100000004,honest,hide_information,19.273604766666708
5185,37.41902125,0.0,21.549733333333236,0.08070836999999986,30.425620950000017,honest,hide_information,15.340807616666753
5186,37.436989075,1.5331113333333333,20.81953333333332,0.07966783499999999,31.602398775000026,honest,hide_information,15.495614108333367
5187,37.8270979,0.0,22.27946666666663,0.08174823999999994,32.19020925,honest,hide_information,16.594582583333363
5188,56.8172887,0.0,17.457466666666594,0.05,50.78512310000001,honest,honest,33.327656433333416
5189,86.1032122,0.175778,14.521733333333325,0.05,86.1032122,honest,honest,71.40570086666668
5190,104.869830175,0.1650003333333333,13.831200000000036,0.05,104.869830175,honest,honest,90.87362984166663
5191,105.78079092499999,61.47614466666667,13.40666666666666,0.05,105.78079092499999,honest,honest,30.897979591666655
5192,88.209692975,370.00916800000016,17.707200000000068,0.2875,88.209692975,hide_information,honest,0.0
5193,113.4863882,649.6383099999998,18.575766666666617,0.2875,68.3613882,honest,honest,0.0
5194,121.506973125,999.4081776666656,14.484799999999945,0.2875,76.381973125,honest,honest,0.0
5195,122.935634775,1732.050262000001,12.892233333333326,0.2875,77.810634775,honest,honest,0.0
5196,103.901600075,1853.6176766666665,11.269766666666666,0.2875,58.776600075000005,honest,honest,0.0
5197,103.046971875,2010.7564839999964,24.214666666666567,0.2875,57.921971875,hide_information,honest,0.0
5198,103.28614475,2155.3752779999986,17.575733333333346,0.2875,58.161144750000005,hide_information,honest,0.0
5199,125.14995915,2327.0861943333257,11.19956666666666,0.2875,80.02495915,hide_information,honest,0.0
5200,125.81860585,3670.43917733335,13.82050000000002,0.2875,80.69360585,hide_information,honest,0.0
5201,131.544171775,2596.9565189999985,11.43806666666667,0.2875,86.419171775,honest,honest,0.0
5202,111.171425425,1444.2812270000013,13.47360000000001,0.2875,66.046425425,honest,honest,0.0
5203,109.46973542500001,771.3011063333363,13.231266666666611,0.2875,64.34473542500001,honest,honest,0.0
5204,110.909368775,355.1556079999992,12.20589999999996,0.2875,65.784368775,honest,honest,0.0
5205,107.295241775,116.46689966666668,12.76470000000001,0.2875,62.170241774999994,honest,honest,0.0
5206,104.60781044999999,1.5451106666666667,12.444500000000003,0.05,59.48281044999999,honest,honest,45.49319978333332
5207,56.769585400000004,0.9445886666666666,13.450533333333263,0.05,56.769585400000004,honest,honest,42.374463400000074
5208,37.5368623,0.0474,12.157099999999948,0.06732386749999993,37.5368623,honest,hide_information,28.97949230000004
5209,37.59108925,0.0,10.125033333333292,0.06442817249999994,34.29955442500002,honest,hide_information,27.212031091666713
5210,37.609354425,0.0,10.365499999999994,0.0647708375,34.86800165000001,honest,hide_information,27.612151650000015
5211,38.039936525,0.0,10.6149,0.0651262325,35.233477400000005,honest,hide_information,27.803047400000004
5212,57.1555433,0.0377776666666666,10.004466666666712,0.05,54.281559125,honest,honest,44.23931479166662
5213,86.41928145,0.0,9.326500000000037,0.05,86.41928145,honest,honest,77.09278144999996
5214,112.878359275,35.58127733333333,12.103366666666684,0.05,112.878359275,honest,honest,65.19371527499997
5215,120.752574625,466.504053333333,11.06676666666668,0.2875,120.752574625,honest,honest,0.0
5216,101.07599934999999,585.7626413333339,13.278633333333332,0.2875,55.95099934999999,honest,honest,0.0
5217,128.17178007500002,441.3670443333337,9.64133333333336,0.2875,83.04678007500002,honest,honest,0.0
5218,134.173141175,2335.059809999997,11.070833333333349,0.2875,89.04814117500001,honest,honest,0.0
5219,136.055555325,4164.491818999996,10.002066666666652,0.2875,90.930555325,honest,honest,0.0
5220,113.87774002500001,5386.0449563333295,29.38236666666666,0.2875,68.75274002500001,honest,honest,0.0
5221,107.932325875,5498.122847333339,27.704100000000015,0.2875,62.807325875000004,hide_information,honest,0.0
5222,107.307651275,3510.5003369999854,18.62386666666665,0.2875,62.182651275,hide_information,honest,0.0
5223,130.60008729999998,1773.8271110000014,17.255033333333316,0.2875,85.47508729999998,hide_information,honest,0.0
5224,131.77837435,912.726043666668,22.56966666666665,0.2875,86.65337435,honest,honest,0.0
5225,132.331105125,468.835824666667,17.148366666666647,0.2875,87.206105125,honest,honest,0.0
5226,108.61922145,299.8499836666661,12.4564,0.2875,63.49422145,honest,honest,0.0
5227,112.09804894999999,133.68187633333335,10.002633333333325,0.2875,66.97304894999999,honest,honest,0.0
5228,106.17526142499999,75.0351843333332,12.122500000000027,0.17401025881458293,61.05026142499999,honest,honest,0.0
5229,100.1782043,27.56504933333335,12.33910000000002,0.05000000000000002,76.61625512522926,honest,honest,36.712105791895894
5230,100.19262830000001,0.4148333333333333,12.86869999999996,0.05,100.19262830000001,honest,honest,86.90909496666671
5231,56.726254850000004,0.1456223333333333,15.386533333333295,0.05,56.726254850000004,honest,honest,41.19409918333338
5232,37.504619025000004,0.0,15.461766666666676,0.07203301750000002,37.504619025000004,honest,hide_information,26.68138235833333
5233,37.547295875,0.0,16.9180666666667,0.07410824500000004,33.36102255,honest,hide_information,21.518375883333313
5234,37.541714750000004,0.0,24.563533333333385,0.08500303500000007,32.9611482,honest,hide_information,15.766674866666627
5235,37.96129535,0.0,23.86956666666672,0.08401413250000009,31.31071869999999,honest,hide_information,14.602022033333284
5236,56.95181885,0.0,26.40386666666668,0.05,50.489133674999984,honest,honest,24.085267008333304
5237,86.290795475,0.1066333333333333,21.74316666666672,0.05,86.290795475,honest,honest,64.44099547499994
5238,107.36433812499999,30.03923633333335,23.51786666666677,0.05,107.36433812499999,honest,honest,53.80723512499987
5239,114.99354315,311.66640266666616,21.75656666666661,0.2875,114.99354315,honest,honest,0.0
5240,97.73483110000001,531.6607453333343,26.3156666666666,0.2875,52.60983110000001,honest,honest,0.0
5241,120.213667425,678.0889236666657,23.222866666666736,0.2875,75.088667425,honest,honest,0.0
5242,127.026432175,2411.1161743333346,22.160366666666587,0.2875,81.901432175,honest,honest,0.0
5243,130.15900195,3413.334510666666,22.07346666666661,0.2875,85.03400195,honest,honest,0.0
5244,110.22028195000001,3574.428921333334,17.889333333333315,0.2875,65.09528195000001,honest,honest,0.0
5245,107.506907075,5442.995679999996,16.461066666666667,0.2875,62.381907075,hide_information,honest,0.0
5246,104.663996725,4070.10434399998,20.07669999999996,0.2875,59.538996725000004,hide_information,honest,0.0
5247,126.493067125,5164.491280999999,20.09346666666668,0.2875,81.368067125,hide_information,honest,0.0
5248,129.45118887499999,5007.806706333332,19.847766666666715,0.2875,84.32618887499999,hide_information,honest,0.0
5249,132.63184222499999,3352.580126666649,17.47399999999999,0.2875,87.50684222499999,honest,honest,0.0
5250,109.0470277,2758.44505900001,20.424166666666583,0.2875,63.9220277,honest,honest,0.0
5251,114.5933615,1842.429643666669,21.44999999999996,0.2875,69.4683615,honest,honest,0.0
5252,111.42088637500001,651.6993193333305,23.938933333333328,0.2875,66.29588637500001,honest,honest,0.0
5253,105.98270167500002,133.8758233333333,31.781800000000008,0.2875,60.857701675000015,honest,honest,0.0
5254,104.80677945,4.787920333333334,33.59696666666669,0.05,59.68177944999999,honest,honest,21.296892449999973
5255,56.992450675,0.8363443333333332,41.9171333333333,0.05,56.992450675,honest,honest,14.238973008333367
5256,37.587937775,0.0,47.54293333333338,0.11774868000000008,37.587937775,honest,hide_information,4.307884441666637
5257,37.62753775,1.1916666666666669,51.61236666666664,0.18323153772083328,24.75528854999999,honest,honest,0.0
5258,37.651262325000005,0.0,53.593233333333295,0.24596582508263515,12.33727015804168,honest,honest,0.0
5259,39.655732650000004,0.105,60.79186666666672,0.2875,2.4222258842993227,honest,honest,0.0
5260,58.702810875000004,0.0,53.49476666666672,0.2396055400104169,13.577810875000004,honest,honest,0.0
5261,87.231503825,0.0,60.66156666666676,0.09491179835731833,51.20645122302079,honest,honest,0.0
5262,109.4774481,0.5084000000000001,56.31236666666671,0.05,100.94420641210952,honest,honest,44.12343974544281
5263,111.42755819999999,17.336699666666664,49.26726666666678,0.05,111.42755819999999,honest,honest,44.82359186666655
5264,92.07337965,525.9503383333323,39.983566666666704,0.2875,92.07337965,honest,honest,0.0
5265,114.73690245,514.0294323333329,35.39956666666674,0.2875,69.61190245,honest,honest,0.0
5266,123.993165175,493.0942326666684,26.667300000000008,0.2875,78.868165175,honest,honest,0.0
5267,128.89306495,202.87922500000013,25.03880000000005,0.2875,83.76806495,honest,honest,0.0
5268,107.6464297,562.1676513333325,20.10649999999997,0.2875,62.5214297,honest,honest,0.0
5269,101.0131217,347.0789006666656,21.27926666666662,0.2875,55.8881217,hide_information,honest,0.0
5270,95.44039865,209.24997300000052,20.052966666666634,0.2875,50.315398650000006,hide_information,honest,0.0
5271,119.34393585000001,15.096522333333333,15.773799999999998,0.071512544325,74.21893585000001,hide_information,honest,47.877570216666676
5272,123.85741975,27.551965666666668,14.239700000000006,0.05,119.77003632825,honest,honest,77.97837066158333
5273,128.90110425,70.30971766666657,13.920466666666696,0.05,128.90110425,honest,honest,44.67091991666673
5274,106.44719602500001,62.05006033333326,15.812700000000026,0.05,106.44719602500001,honest,honest,28.584435691666727
5275,112.348157725,120.41434900000031,13.674566666666646,0.1532686002229181,112.348157725,honest,honest,0.0
5276,106.90193095,45.35792100000001,12.322699999999992,0.05,87.28089690764556,honest,honest,29.600275907645553
5277,100.5124454,2.8113,12.59723333333332,0.05,100.5124454,honest,honest,85.10391206666668
5278,99.08403630000001,0.030411,11.016900000000042,0.05,99.08403630000001,honest,honest,88.03672529999997
5279,56.7079867,0.0144443333333333,10.966033333333344,0.05,56.7079867,honest,honest,45.72750903333332
5280,37.503876049999995,0.0,7.86006666666668,0.061200595000000024,37.503876049999995,honest,hide_information,32.001829383333316
5281,37.56079035,0.0,6.528966666666697,0.05930377750000005,35.432677299999995,honest,hide_information,30.86240063333331
5282,37.5741628,0.0,7.648666666666677,0.06089935000000002,35.80644507499999,honest,hide_information,30.452378408333317
5283,37.983799325,0.0,5.798633333333364,0.05826305250000005,35.912922824999995,honest,hide_information,31.85387949166664
5284,56.962121075,0.0,8.007233333333346,0.05,55.39214109999999,honest,honest,47.38490776666664
5285,86.286997125,0.0,6.608066666666693,0.05,86.286997125,honest,honest,79.67893045833331
5286,105.17964985,4.807855,19.76006666666667,0.05,105.17964985,honest,honest,80.61172818333333
5287,109.84969059999999,54.979543999999926,9.371866666666692,0.05,109.84969059999999,honest,honest,45.498279933333365
5288,94.795305675,669.2551373333334,19.942033333333345,0.2875,94.795305675,hide_information,honest,0.0
5289,119.57498577499999,613.8136816666649,8.43730000000002,0.2875,74.44998577499999,hide_information,honest,0.0
5290,131.341272625,2212.508475666673,7.632766666666659,0.2875,86.21627262499999,hide_information,honest,0.0
5291,139.071077275,3333.990335666668,7.576799999999995,0.2875,93.946077275,hide_information,honest,0.0
5292,119.74710195,3386.9500363333486,7.567333333333333,0.2875,74.62210195,hide_information,honest,0.0
5293,116.044407525,4888.0353369999975,7.281199999999978,0.2875,70.919407525,hide_information,honest,0.0
5294,113.62086475,5292.888163666664,9.032600000000002,0.2875,68.49586475,hide_information,honest,0.0
5295,136.5127368,4258.575950000008,9.903833333333363,0.2875,91.3877368,hide_information,honest,0.0
5296,139.362660925,4768.508657,10.169166666666696,0.2875,94.237660925,hide_information,honest,0.0
5297,142.15811235,4630.729760666682,13.13253333333335,0.2875,97.03311235000001,hide_information,honest,0.0
5298,116.977170475,3539.080432000011,11.7844333333333,0.2875,71.852170475,honest,honest,0.0
5299,120.51322462499999,2353.0484323333294,17.35226666666663,0.2875,75.38822462499999,honest,honest,0.0
5300,115.014575525,667.1143546666655,23.32966666666664,0.2875,69.889575525,honest,honest,0.0
5301,108.44417487499999,65.92921733333337,26.413200000000085,0.187860401677084,63.31917487499999,honest,honest,0.0
5302,104.527403575,0.587189,33.5904,0.05,78.33392725635403,honest,honest,44.156338256354026
5303,56.771678550000004,0.2305556666666667,36.91693333333334,0.05,56.771678550000004,honest,honest,19.624189549999997
5304,37.533366375,0.0,48.693399999999976,0.11938809499999999,37.533366375,honest,hide_information,3.4479863750000206
5305,37.573951775,0.0,51.7519000000002,0.17996800980625094,24.390213725000002,honest,honest,0.0
5306,37.5815067,0.0,55.83583333333331,0.2540041803584747,12.88758483681232,honest,honest,0.0
5307,37.9904923,0.0,56.91486666666656,0.2915542208847905,0.0,honest,honest,0.0
5308,57.072140175,0.0,56.7051333333334,0.26625940185060704,11.176838206889812,honest,honest,0.0
5309,86.31354955,4.032855666666666,47.87406666666676,0.08174263089100663,45.22426319838466,honest,honest,0.0
5310,106.32825152500001,2.4563,53.45436666666681,0.05,100.29715165570876,honest,honest,44.38648498904195
5311,114.215326625,27.913944666666666,38.49836666666673,0.05,114.215326625,honest,honest,47.8030152916666
5312,99.01477882500001,257.9361,33.79660000000004,0.2875,99.01477882500001,hide_information,honest,0.0
5313,123.15927994999998,372.0097926666679,27.36863333333342,0.2875,78.03427994999998,hide_information,honest,0.0
5314,133.288714575,2061.42295833333,14.470300000000009,0.2875,88.163714575,hide_information,honest,0.0
5315,139.310686525,4136.280134666661,7.799999999999989,0.2875,94.185686525,hide_information,honest,0.0
5316,117.86551105,5623.088175999998,5.6077666666666826,0.2875,72.74051105,hide_information,honest,0.0
5317,111.52451535,6151.193456333321,11.216366666666664,0.2875,66.39951535,hide_information,honest,0.0
5318,108.81211524999999,6561.132635333308,8.095600000000006,0.2875,63.68711524999999,hide_information,honest,0.0
5319,131.6082578,6697.870232666695,27.33563333333328,0.2875,86.48325779999999,hide_information,honest,0.0
5320,136.257546725,6111.751023000024,12.381599999999954,0.2875,91.132546725,hide_information,honest,0.0
5321,140.59808487499998,4825.90146099999,22.28169999999999,0.2875,95.47308487499998,hide_information,honest,0.0
5322,117.09524205,3917.145195666656,11.561433333333314,0.2875,71.97024205,honest,honest,0.0
5323,120.86156465,2528.6324086666623,9.925666666666642,0.2875,75.73656465,honest,honest,0.0
5324,114.8087393,578.5360153333323,16.203999999999983,0.2875,69.6837393,honest,honest,0.0
5325,109.44655879999999,45.05051033333342,15.040566666666646,0.05,64.32155879999999,honest,honest,4.230481799999922
5326,106.8417812,2.2485440000000008,26.749166666666685,0.05,106.8417812,honest,honest,77.84407053333331
5327,56.81797075,3.3249993333333334,24.753966666666653,0.05,56.81797075,honest,honest,28.739004750000014
5328,37.57115155,0.4377776666666667,15.740200000000057,0.07242978500000008,37.57115155,honest,hide_information,26.115233883333296
5329,37.60892755,0.0,15.042299999999932,0.07143527749999991,33.34726839999998,honest,hide_information,22.81765840000003
5330,37.62881085,0.4377776666666667,15.579166666666652,0.07220031249999997,33.556108125000016,honest,hide_information,22.212913791666693
5331,39.608746,0.0,16.014433333333276,0.07282056749999993,35.390686625,honest,hide_information,24.180583291666707
5332,58.759008325,1.4916666666666667,16.066766666666645,0.05,54.42310050000002,honest,honest,36.864667166666706
5333,87.22915345000001,0.1938666666666666,20.886466666666745,0.05,87.22915345000001,honest,honest,66.1488201166666
5334,109.30508975000001,28.495088,19.07463333333334,0.05,109.30508975000001,honest,honest,61.73536841666667
5335,115.594242325,54.63518866666668,24.679500000000036,0.05,115.594242325,honest,honest,36.279553658333285
5336,101.32614287499999,502.6344566666669,23.20773333333336,0.2875,101.32614287499999,honest,honest,0.0
5337,126.0311605,846.920285666666,28.251166666666663,0.2875,80.9061605,honest,honest,0.0
5338,138.767067825,1377.6157023333335,31.38346666666663,0.2875,93.642067825,honest,honest,0.0
5339,147.6893181,2784.0524243333307,12.942766666666666,0.2875,102.56431810000001,honest,honest,0.0
5340,126.340222125,3517.1314619999844,27.83483333333332,0.2875,81.215222125,honest,honest,0.0
5341,121.23805552500001,3198.717279333326,19.39046666666669,0.2875,76.11305552500001,hide_information,honest,0.0
5342,119.35530440000001,4061.678683333324,23.822733333333336,0.2875,74.23030440000001,hide_information,honest,0.0
5343,142.43806915,3861.281123666665,23.646899999999995,0.2875,97.31306914999999,hide_information,honest,0.0
5344,148.0479667,2967.213905666652,23.675399999999943,0.2875,102.92296669999999,honest,honest,0.0
5345,153.14682425,2519.887418666668,22.699066666666685,0.2875,108.02182425000001,honest,honest,0.0
5346,127.628298,1306.5805006666685,16.347466666666662,0.2875,82.503298,honest,honest,0.0
5347,131.45171019999998,558.4463486666665,15.454099999999976,0.2875,86.32671019999998,honest,honest,0.0
5348,124.24761500000001,172.4703326666666,15.610166666666652,0.2875,79.12261500000001,honest,honest,0.0
5349,116.81501402500001,8.470173666666632,14.776333333333303,0.05,71.69001402500001,honest,honest,48.44350702500007
5350,112.96738380000001,4.973923333333333,16.90073333333332,0.05,112.96738380000001,honest,honest,91.09272713333336
5351,61.918781675,2.5118886666666667,14.802499999999975,0.05,61.918781675,honest,honest,44.60439300833336
5352,37.6784983,0.0,11.951366666666663,0.0670306975,37.6784983,honest,hide_information,29.31254163333334
5353,37.724138100000005,0.0,10.671433333333288,0.06520679249999994,34.488305575000005,honest,hide_information,27.018302241666703
5354,37.746195525,0.0,17.603800000000017,0.07508541500000003,34.85690495000001,honest,hide_information,22.534244949999994
5355,38.191130924999996,0.08,10.314499999999969,0.06469816249999996,33.42490207499999,honest,hide_information,26.124752075000014
5356,57.363977899999995,0.0,9.06190000000002,0.05,54.571327025,honest,honest,45.50942702499998
5357,89.247846025,0.0,10.016433333333325,0.05,89.247846025,honest,honest,79.23141269166668
5358,117.94990390000001,6.150755333333333,11.090233333333376,0.05,117.94990390000001,honest,honest,100.7089152333333
5359,120.389251275,66.49585600000013,9.70646666666665,0.05,120.389251275,honest,honest,44.18692860833322
5360,101.036982875,461.2427279999994,11.171533333333327,0.2875,101.036982875,honest,honest,0.0
5361,123.674723225,405.3335356666661,11.63029999999998,0.2875,78.549723225,honest,honest,0.0
5362,134.03352805,1948.3284213333304,11.102733333333322,0.2875,88.90852805,honest,honest,0.0
5363,130.307880825,3794.1107523333335,11.750433333333309,0.2875,85.18288082500001,honest,honest,0.0
5364,110.117604275,5200.22385233331,12.387633333333303,0.2875,64.992604275,honest,honest,0.0
5365,109.228720425,6635.950622999963,12.421333333333356,0.2875,64.103720425,hide_information,honest,0.0
5366,104.62157447499999,6205.407328999996,13.886233333333315,0.2875,59.49657447499999,hide_information,honest,0.0
5367,125.54747655,6612.157547999991,15.81183333333337,0.2875,80.42247655,honest,honest,0.0
5368,125.71010682500001,5696.2177443333285,18.48956666666673,0.2875,80.58510682500001,honest,honest,0.0
5369,129.59480449999998,5225.261563666645,17.723933333333363,0.2875,84.46980449999998,honest,honest,0.0
5370,108.97922080000001,3800.676753666669,19.683366666666743,0.2875,63.85422080000001,honest,honest,0.0
5371,110.11846915,1908.371133333333,19.519733333333363,0.2875,64.99346915,honest,honest,0.0
5372,109.94150615000001,848.1331659999996,21.96590000000009,0.2875,64.81650615000001,honest,honest,0.0
5373,106.9247,59.09244600000003,21.052000000000028,0.1371375435000003,61.7997,honest,honest,0.0
5374,104.26812294999999,7.797155666666668,27.061033333333413,0.05000000000000002,87.71198968499993,honest,honest,52.853800684999854
5375,56.744726424999996,5.096022333333334,28.821000000000087,0.05,56.744726424999996,honest,honest,22.827704091666575
5376,37.497608525000004,0.0,28.41800000000007,0.0904956500000001,37.497608525000004,honest,hide_information,17.605008524999956
5377,37.542638225,30.952466666666663,26.090266666666697,0.17917277588958355,29.84846472499998,honest,honest,0.0
5378,37.568920375000005,0.0,29.43633333333341,0.12794864179243282,13.026092955979134,honest,honest,0.0
5379,38.002644724999996,0.9705556666666666,22.34280000000004,0.05057452619058749,23.19240278443776,honest,honest,0.0
5380,57.101024374999994,0.0,29.433966666666752,0.05,56.99186439878837,honest,honest,27.55789773212162
5381,88.97548915,0.093511,31.491833333333307,0.05,88.97548915,honest,honest,57.39014481666669
5382,105.2069501,34.277611,29.65336666666664,0.05,105.2069501,honest,honest,41.275972433333365
5383,107.1283658,39.42359999999999,20.307733333333324,0.05,107.1283658,honest,honest,47.39703246666668
5384,87.038796625,174.1284273333333,29.137833333333305,0.2875,87.038796625,honest,honest,0.0
5385,114.3996358,244.62368666666657,19.486833333333347,0.2875,69.2746358,honest,honest,0.0
5386,126.0611546,1976.404014999996,14.322333333333342,0.2875,80.9361546,honest,honest,0.0
5387,133.067728375,4323.933000666676,10.88043333333335,0.2875,87.942728375,honest,honest,0.0
5388,115.66156022499999,5974.986176999986,10.8945,0.2875,70.53656022499999,honest,honest,0.0
5389,113.6216933,6458.703500666637,9.474433333333314,0.2875,68.4966933,honest,honest,0.0
5390,111.350855725,6272.2716196666615,8.299899999999992,0.2875,66.225855725,honest,honest,0.0
5391,134.30637385,6023.598013333328,8.561533333333324,0.2875,89.18137385,honest,honest,0.0
5392,136.889234225,5527.237466333349,10.381499999999996,0.2875,91.764234225,honest,honest,0.0
5393,139.3502844,4700.471092666673,11.732033333333334,0.2875,94.22528439999999,honest,honest,0.0
5394,117.07409285,2674.8246573333267,15.34193333333332,0.2875,71.94909285,honest,honest,0.0
5395,119.86282365,1242.5538513333347,15.93476666666668,0.2875,74.73782365,honest,honest,0.0
5396,111.061159,313.008274333334,15.904566666666648,0.2875,65.936159,honest,honest,0.0
5397,103.22177885,18.06515133333332,16.168399999999988,0.05,58.09677885000001,honest,honest,23.863227516666697
5398,99.667558725,1.3499210000000006,19.59480000000008,0.05,99.667558725,honest,honest,78.72283772499992
5399,56.723488599999996,0.1987,18.55796666666673,0.05,56.723488599999996,honest,honest,37.966821933333264
5400,37.5116907,0.0,17.817833333333304,0.07539041249999996,37.5116907,honest,hide_information,25.03920736666669
5401,37.569574,0.0,15.952799999999945,0.07273273999999992,32.745395625000015,honest,hide_information,21.578435625000054
5402,37.601773775,0.3448666666666666,16.490899999999968,0.07349953249999996,33.28255317500001,honest,hide_information,21.394056508333367
5403,38.059952125,0.0,13.808099999999992,0.0696765425,33.59504095000001,honest,hide_information,23.92937095000002
5404,57.1978224,0.3448666666666666,17.691966666666627,0.05,53.459279325000004,honest,honest,35.422445991666706
5405,89.11146092499999,0.2211113333333333,14.7899,0.05,89.11146092499999,honest,honest,74.10044959166666
5406,106.72549867500001,14.456966666666666,16.13340000000002,0.05,106.72549867500001,honest,honest,76.13513200833333
5407,108.334900425,216.71473199999969,11.65356666666667,0.2875,108.334900425,honest,honest,0.0
5408,88.362432775,679.4092676666686,15.690766666666644,0.2875,43.237432775,honest,hide_information,0.0
5409,110.69538695,1130.4399626666643,12.656866666666687,0.2875,65.57038695,honest,honest,0.0
5410,119.97768135,1604.019214333334,9.697100000000024,0.2875,74.85268135,honest,honest,0.0
5411,127.26392742499999,3167.4093783333387,7.932066666666654,0.2875,82.13892742499999,honest,honest,0.0
5412,105.536111725,4293.003889666672,5.534799999999971,0.2875,60.411111725,honest,honest,0.0
5413,101.02866215,2681.342839333324,8.12073333333335,0.2875,55.90366215,honest,honest,0.0
5414,98.212937775,1644.8711560000054,8.534699999999987,0.2875,53.087937775,honest,honest,0.0
5415,121.95560602500001,534.3891556666669,7.318399999999989,0.2875,76.83060602500001,honest,honest,0.0
5416,127.59599449999999,402.42871066666646,8.43976666666664,0.2875,82.47099449999999,honest,honest,0.0
5417,134.95792914999998,271.1884376666662,8.8333666666667,0.2875,89.83292914999998,honest,honest,0.0
5418,113.55315322499999,145.96628800000002,8.418999999999977,0.2875,68.42815322499999,honest,honest,0.0
5419,120.388751625,76.87744100000018,7.810300000000008,0.0947639495312509,75.263751625,honest,honest,0.0
5420,116.8673637,39.894123,7.191899999999975,0.05000000000000001,108.36221328906232,honest,honest,61.27619028906235
5421,112.449275475,5.665498333333333,6.646233333333335,0.05,112.449275475,honest,honest,100.13754380833333
5422,109.28056249999999,2.706722,9.056366666666666,0.05,109.28056249999999,honest,honest,97.51747383333333
5423,57.065206724999996,1.012144333333333,7.145166666666659,0.05,57.065206724999996,honest,honest,48.907895725
5424,37.670188175,0.0,5.827800000000017,0.058304615000000025,37.670188175,honest,hide_information,33.59072817499999
5425,37.725420650000004,0.0,13.897666666666664,0.069804175,36.1475438,honest,hide_information,26.419177133333335
5426,37.745050275,0.0,15.956133333333334,0.07273749000000002,33.982257024999996,honest,hide_information,22.812963691666663
5427,39.7864011,0.0,9.829133333333331,0.064006515,35.466277999999996,honest,hide_information,28.585884666666665
5428,58.985865149999995,0.0,4.621466666666664,0.05,56.324627299999996,honest,honest,51.70316063333333
5429,95.32784319999999,0.0,4.993133333333318,0.05,95.32784319999999,honest,honest,90.33470986666667
5430,128.0684768,0.1066333333333333,4.587833333333333,0.05,128.0684768,honest,honest,123.37401013333334
5431,136.072472325,71.60281000000002,7.032299999999998,0.05,136.072472325,honest,honest,57.437362324999995
5432,121.336981475,351.1257223333331,3.9550666666666663,0.2875,121.336981475,hide_information,honest,0.0
5433,144.15764525,747.3551879999987,4.164666666666667,0.2875,99.03264525,hide_information,honest,0.0
5434,158.0816651,1851.715095333331,3.347100000000006,0.2875,112.95666510000001,hide_information,honest,0.0
5435,164.2123729,4109.299419333329,3.647400000000006,0.2875,119.08737289999999,hide_information,honest,0.0
5436,143.968580675,5797.85603366667,10.027566666666663,0.2875,98.843580675,hide_information,honest,0.0
5437,141.408733275,5960.953388333302,8.409000000000034,0.2875,96.283733275,hide_information,honest,0.0
5438,140.958092575,5991.952137666667,9.129233333333293,0.2875,95.833092575,hide_information,honest,0.0
5439,164.537296325,5923.798078333312,9.88579999999996,0.2875,119.412296325,hide_information,honest,0.0
5440,166.286815725,4825.654152333327,15.029699999999988,0.2875,121.161815725,hide_information,honest,0.0
5441,166.26948927499998,3228.1617006666665,9.33710000000002,0.2875,121.14448927499998,hide_information,honest,0.0
5442,144.8241176,3185.986222999988,12.007099999999962,0.2875,99.6991176,honest,honest,0.0
5443,150.509777325,1967.6517393333368,14.804166666666609,0.2875,105.38477732499999,honest,honest,0.0
5444,147.3329202,718.5967043333341,12.5862,0.2875,102.20792019999999,honest,honest,0.0
5445,140.8007537,14.34880633333332,24.86106666666676,0.05,95.6757537,honest,honest,56.46588069999992
5446,117.76801192500001,1.975495,31.189400000000067,0.05,117.76801192500001,honest,honest,84.60311692499994
5447,56.958554675,0.1831666666666666,37.61293333333342,0.05,56.958554675,honest,honest,19.162454674999914
5448,37.599386325,0.0,43.745533333333285,0.11233738499999993,37.599386325,honest,hide_information,6.9775129916667
5449,37.647010275,0.0,42.42816666666665,0.12896998282291652,25.802907125000015,honest,honest,0.0
5450,37.6733697,0.0,58.99313333333315,0.2225392867560146,22.669072963645863,honest,honest,0.0
5451,38.126773175,0.0,65.22549999999995,0.2875,5.34430869135722,honest,honest,0.0
5452,57.31060525,0.0,70.4606333333331,0.2875,12.185605250000002,honest,honest,0.0
5453,89.24519079999999,0.0,69.04663333333333,0.16840060203333337,44.12019079999999,honest,hide_information,0.0
5454,113.41566200000001,0.3999666666666666,66.16693333333363,0.05000000000000002,90.91954761366668,honest,honest,24.352647613666377
5455,119.53470265,164.8013443333334,62.08400000000004,0.2875,119.53470265,honest,honest,0.0
5456,102.7538338,602.662499333334,62.61473333333336,0.2875,57.628833799999995,honest,honest,0.0
5457,126.96288477499999,768.4592783333317,54.61976666666647,0.2875,81.83788477499999,hide_information,honest,0.0
5458,136.6533319,1872.5228393333343,49.718066666666495,0.2875,91.52833190000001,hide_information,honest,0.0
5459,141.3710487,4264.370049666655,45.64586666666678,0.2875,96.24604869999999,hide_information,honest,0.0
5460,121.409374025,4218.091595333328,40.36930000000002,0.2875,76.284374025,hide_information,honest,0.0
5461,118.00753029999998,4086.616293000008,35.972399999999986,0.2875,72.88253029999998,hide_information,honest,0.0
5462,113.68045162499999,3756.583506333335,41.87423333333317,0.2875,68.55545162499999,hide_information,honest,0.0
5463,133.6966929,2906.791531666668,46.03506666666653,0.2875,88.57169289999999,hide_information,honest,0.0
5464,135.13095435,2647.79452166666,50.11196666666663,0.2875,90.00595435,hide_information,honest,0.0
5465,136.690299375,1775.6516356666668,48.413399999999925,0.2875,91.565299375,honest,honest,0.0
5466,111.560394475,1013.1796486666678,42.01816666666661,0.2875,66.435394475,honest,honest,0.0
5467,117.3993316,514.6712799999997,37.11713333333333,0.2875,72.2743316,honest,honest,0.0
5468,108.767906975,121.87543433333327,34.71429999999999,0.2875,63.642906975,honest,honest,0.0
5469,101.116768575,3.9743543333333338,39.401666666666586,0.05,55.991768574999995,honest,honest,12.615747575000078
5470,99.048332925,0.976589,37.00766666666655,0.05,99.048332925,honest,honest,61.06407725833345
5471,56.669507,0.435822,45.07183333333335,0.05,56.669507,honest,honest,11.16185166666665
5472,37.44889775,0.0,45.58400000000003,0.11495720000000005,37.44889775,honest,hide_information,5.54009774999998
5473,37.48112945,0.6016666666666667,48.95440000000011,0.16597982477916726,25.13926144999999,honest,honest,0.0
5474,37.495941450000004,0.0,47.60399999999993,0.20268506997569807,15.459774741958228,honest,honest,0.0
5475,37.9080736,0.0,47.001866666666565,0.2309937927197337,8.897910304617366,honest,honest,0.0
5476,56.89571045,0.0,46.77633333333336,0.16527985662539313,22.506889833250604,honest,honest,0.0
5477,88.8412623,0.0,53.243300000000055,0.05,66.9380895411753,honest,honest,13.694789541175247
5478,104.9383727,0.0395,52.25676666666661,0.05,104.9383727,honest,honest,52.6421060333334
5479,106.6173593,4.963766666666667,63.24783333333341,0.05,106.6173593,honest,honest,38.40575929999993
5480,87.790531625,66.05841033333333,67.00163333333332,0.2650301821979166,87.790531625,hide_information,honest,0.0
5481,109.877093125,446.7629513333329,75.13096666666681,0.2875,69.02135850739586,hide_information,honest,0.0
5482,119.312033225,1467.443778666668,80.9979000000003,0.2875,74.187033225,hide_information,honest,0.0
5483,123.46723707500001,1468.4289966666638,84.38186666666647,0.2875,78.34223707500001,hide_information,honest,0.0
5484,102.9732561,1285.897640666666,80.11703333333337,0.2875,57.8482561,hide_information,honest,0.0
5485,99.824204775,2788.433595333322,80.24353333333342,0.2875,54.699204775,hide_information,honest,0.0
5486,97.32959467500001,4342.360126999995,83.59960000000024,0.2875,52.20459467500001,hide_information,honest,0.0
5487,120.88097285,1817.882817666664,80.82860000000022,0.2875,75.75597285,hide_information,honest,0.0
5488,125.012304925,5148.078281333333,79.42443333333364,0.2875,79.887304925,hide_information,honest,0.0
5489,127.87812737499999,2726.1881646666648,72.86923333333314,0.2875,82.75312737499999,hide_information,honest,0.0
5490,104.62929092499999,1793.4816816666691,67.69303333333332,0.2875,59.50429092499999,honest,honest,0.0
5491,112.1669241,609.2320849999996,61.15670000000003,0.2875,67.0419241,honest,honest,0.0
5492,101.929384925,306.3065079999998,58.444666666666805,0.2875,56.804384924999994,honest,honest,0.0
5493,98.02770445,58.97307000000013,56.704166666666815,0.2875,52.90270445,honest,honest,0.0
5494,98.61410452499999,3.778044333333334,50.17630000000018,0.052209889089584266,53.48910452499999,honest,honest,0.0
5495,56.677785475,1.9407113333333328,46.547733333333184,0.05,56.25790654797899,honest,honest,7.769461881312473
5496,37.466264725,0.8392666666666667,28.27216666666666,0.0902878375,37.466264725,honest,hide_information,16.836481391666673
5497,37.5465119,0.0,36.87936666666665,0.08319083348541657,29.891822775,honest,honest,0.0
5498,37.5860419,0.0,39.51223333333329,0.10630493249999996,31.27978353777085,honest,hide_information,3.6212202044375488
5499,39.547686625,0.0,34.956199999999875,0.07900564011249939,28.849749450000004,honest,honest,0.0
5500,58.5934301,0.0,31.781933333333328,0.05,53.08235847862512,honest,honest,21.30042514529179
5501,89.6213461,0.0,27.372366666666657,0.05,89.6213461,honest,honest,62.24897943333334
5502,105.10966335,0.0,33.22516666666651,0.05,105.10966335,honest,honest,71.8844966833335
5503,107.237770825,12.763754333333337,52.70283333333331,0.05,107.237770825,honest,honest,41.77118315833336
5504,88.94231195,108.6847433333334,46.44503333333333,0.2875,88.94231195,honest,honest,0.0
5505,111.21246794999999,774.7217353333335,48.49970000000002,0.2875,66.08746794999999,honest,honest,0.0
5506,119.69811802500001,1045.5922519999974,33.54313333333334,0.2875,74.57311802500001,honest,honest,0.0
5507,123.23027225000001,816.8336203333308,30.01149999999997,0.2875,78.10527225000001,honest,honest,0.0
5508,100.66517855000001,1835.2367103333315,27.7546666666667,0.2875,55.54017855000001,honest,honest,0.0
5509,96.508447225,3895.844911666647,25.293000000000067,0.2875,51.383447225,honest,honest,0.0
5510,97.17513865000001,3333.2597423333527,26.210866666666597,0.2875,52.05013865000001,honest,honest,0.0
5511,120.671017875,3527.9677476666625,25.12996666666666,0.2875,75.546017875,honest,honest,0.0
5512,122.25875934999999,3708.890521999997,20.0181,0.2875,77.13375934999999,honest,honest,0.0
5513,124.67386945,4028.008668333329,14.435833333333328,0.2875,79.54886945,honest,honest,0.0
5514,102.00569287500001,2016.153385333332,15.93033333333334,0.2875,56.88069287500001,honest,honest,0.0
5515,107.77925322499999,1151.5969676666657,23.65909999999996,0.2875,62.65425322499999,honest,honest,0.0
5516,100.134694375,360.1750633333339,28.656233333333347,0.2875,55.009694374999995,honest,honest,0.0
5517,97.770617125,68.60878333333342,30.351700000000093,0.26999561448958415,52.645617125,honest,honest,0.0
5518,98.359119375,2.791155666666667,30.23463333333332,0.05,56.559952621979015,honest,honest,23.534163621979026
5519,56.552595600000004,1.3825556666666667,32.667833333333334,0.05,56.552595600000004,honest,honest,22.5022066
5520,37.349173549999996,0.0,35.47389999999988,0.10055030749999984,37.349173549999996,honest,hide_information,12.517443550000081
5521,37.396566475,0.0,35.6023,0.08709888676249986,27.79200805000003,honest,honest,0.0
5522,37.38680135,0.8392666666666667,36.56423333333351,0.10210403250000026,30.338012865125027,honest,hide_information,3.903782865124903
5523,37.765337925,0.0,36.081100000000106,0.08902375918750075,27.86557174999995,honest,honest,0.0
5524,56.76138875,0.8392666666666667,34.878233333333434,0.05,49.34687450437486,honest,honest,13.62937450437476
5525,88.718787725,0.9760886666666666,28.461133333333347,0.05,88.718787725,honest,honest,59.281565724999986
5526,104.79569715,6.181978000000001,33.39143333333341,0.05,104.79569715,honest,honest,65.22228581666658
5527,105.424116725,47.12536633333333,28.878599999999903,0.05,105.424116725,honest,honest,29.420150391666766
5528,87.775110775,330.39433233333386,27.831466666666728,0.2875,87.775110775,honest,honest,0.0
5529,110.42796232500001,1076.222543,24.32363333333341,0.2875,65.30296232500001,honest,honest,0.0
5530,118.04108194999999,1689.927399333332,20.219499999999947,0.2875,72.91608194999999,honest,honest,0.0
5531,119.54901272500001,2723.748375999999,16.69953333333331,0.2875,74.42401272500001,honest,honest,0.0
5532,100.9959549,4298.773467333346,12.685766666666677,0.2875,55.8709549,honest,honest,0.0
5533,100.05362055,4744.184131333339,12.33969999999999,0.2875,54.928620550000005,hide_information,honest,0.0
5534,98.17032814999999,5102.259545999984,21.099500000000077,0.2875,53.04532814999999,hide_information,honest,0.0
5535,121.2618414,4064.608343333338,11.386633333333329,0.2875,76.1368414,honest,honest,0.0
5536,120.3618329,4784.466312666667,11.014233333333337,0.2875,75.2368329,honest,honest,0.0
5537,123.682700325,4238.448423333312,20.96713333333325,0.2875,78.557700325,honest,honest,0.0
5538,102.9325866,2592.557388666656,24.512366666666715,0.2875,57.80758659999999,honest,honest,0.0
5539,107.579788275,2017.0550769999968,25.38480000000007,0.2875,62.454788275,honest,honest,0.0
5540,102.4834616,363.2772916666663,24.33346666666659,0.2875,57.3584616,honest,honest,0.0
5541,98.51541615000001,7.649200333333333,25.248099999999955,0.05,53.39041615000001,honest,honest,20.493115816666716
5542,98.486354075,0.092222,26.875366666666743,0.05,98.486354075,honest,honest,71.51876540833325
5543,56.579857675,5.8694,34.39510000000016,0.05,56.579857675,honest,honest,16.315357674999838
5544,37.3507857,0.0,37.57936666666653,0.10355059749999981,37.3507857,honest,hide_information,11.045229033333435
5545,37.412920025,0.0,50.99323333333333,0.16283590245833313,27.238306500000036,honest,honest,0.0
5546,37.426866475,0.0,37.020533333333375,0.1499043195457292,15.988045007916703,honest,honest,0.0
5547,37.820300275,0.0,40.51009999999998,0.1529401970837705,18.838479561311456,honest,honest,0.0
5548,56.806037425,0.0,31.79790000000001,0.09531200750000005,37.24739997908361,honest,hide_information,14.988869979083606
5549,88.745391425,0.0,33.34246666666663,0.05,80.13610999999999,honest,honest,46.79364333333336
5550,104.877028975,1.7510223333333332,38.50483333333332,0.05,104.877028975,honest,honest,64.62117330833334
5551,106.142963075,113.49728933333334,37.07280000000003,0.2610288497270836,106.142963075,honest,honest,0.0
5552,88.633686625,415.5728766666666,37.06523333333336,0.2875,48.538205176854106,honest,honest,0.0
5553,115.47204805,710.7868330000024,21.99140000000003,0.2875,70.34704805,honest,honest,0.0
5554,123.38452125,1964.364937333336,19.310366666666656,0.2875,78.25952125,honest,honest,0.0
5555,128.317708875,4360.763776666667,30.21306666666666,0.2875,83.192708875,honest,honest,0.0
5556,109.300125475,3953.930920333327,20.99080000000001,0.2875,64.175125475,honest,honest,0.0
5557,107.87420089999999,4206.543982666662,30.691066666666718,0.2875,62.74920089999999,hide_information,honest,0.0
5558,108.650891125,4205.713324333326,28.792733333333317,0.2875,63.525891125,hide_information,honest,0.0
5559,133.190271225,4562.693871333341,30.572133333333248,0.2875,88.065271225,hide_information,honest,0.0
5560,135.513723275,3328.4078670000004,32.681366666666754,0.2875,90.38872327499999,hide_information,honest,0.0
5561,138.54323075,1231.5914166666653,27.132533333333345,0.2875,93.41823074999999,honest,honest,0.0
5562,115.743844275,1021.8219679999984,35.34326666666664,0.2875,70.618844275,honest,honest,0.0
5563,122.06465789999999,650.4159003333339,31.98079999999996,0.2875,76.93965789999999,honest,honest,0.0
5564,114.0096664,231.8378426666666,32.91903333333331,0.2875,68.8846664,honest,honest,0.0
5565,110.276761425,9.33696266666665,45.17713333333313,0.05,65.151761425,honest,honest,10.637665425000222
5566,111.033785275,1.2554663333333334,46.71373333333344,0.05,111.033785275,honest,honest,63.06458560833323
5567,59.924414475,1.583333,50.98559999999994,0.05,59.924414475,honest,honest,7.355481475000055
5568,37.653678424999995,0.0,55.80189999999996,0.13620405248124984,37.653678424999995,honest,hide_information,0.0
5569,37.698497525,0.0,57.34649999999988,0.2211271691205774,21.319727553562533,honest,honest,0.0
5570,37.709106825,0.0,58.544399999999975,0.2875,5.194944692090289,honest,honest,0.0
5571,38.16814815,1.0713,62.06190000000002,0.32411500973684204,0.0,honest,honest,0.0
5572,57.3055207,0.2716666666666666,58.81226666666661,0.29845711499999994,7.305520700000002,honest,honest,0.0
5573,89.20376222499999,0.2433333333333333,65.85916666666684,0.16450155071875083,41.996910375,honest,hide_information,0.0
5574,113.6058443,4.133311333333333,74.75413333333344,0.05000000000000002,91.85054966343735,honest,honest,12.963104996770568
5575,120.18715029999998,42.06945600000001,74.30966666666671,0.05,120.18715029999998,honest,honest,3.8080276333332677
5576,103.31866187499999,135.497856,74.22583333333334,0.2875,103.31866187499999,honest,honest,0.0
5577,125.8673304,235.1771883333332,69.40903333333326,0.2875,80.7423304,honest,honest,0.0
5578,134.92215495,1601.4894673333365,65.10596666666649,0.2875,89.79715494999999,honest,honest,0.0
5579,139.61236805000001,4536.996253333313,64.34389999999978,0.2875,94.48736805000001,honest,honest,0.0
5580,116.6946412,6138.387510333354,73.99266666666645,0.2875,71.5696412,honest,honest,0.0
5581,111.5927308,6721.569786000032,69.88509999999987,0.2875,66.4677308,hide_information,honest,0.0
5582,111.278339925,6894.683165333346,60.72479999999996,0.2875,66.153339925,hide_information,honest,0.0
5583,134.993539425,6638.980127666666,61.532999999999966,0.2875,89.868539425,hide_information,honest,0.0
5584,138.88821605,5580.303073333337,61.1671333333333,0.2875,93.76321605000001,hide_information,honest,0.0
5585,145.474571375,4848.387724000011,73.99663333333307,0.2875,100.34957137500001,honest,honest,0.0
5586,122.03036474999999,3585.81977466666,64.14843333333349,0.2875,76.90536474999999,honest,honest,0.0
5587,127.3328782,1968.223998,64.77049999999984,0.2875,82.2078782,honest,honest,0.0
5588,117.48479152499999,519.6673130000011,62.49243333333321,0.2875,72.35979152499999,honest,honest,0.0
5589,109.3723019,15.353377333333324,52.11703333333333,0.06530976664166661,64.2473019,honest,honest,0.0
5590,103.35279489999999,1.544733,62.5605999999998,0.05,100.44393923808333,honest,honest,36.33860623808353
5591,56.700047725,0.01,60.23993333333349,0.06686195663958408,56.700047725,honest,honest,0.0
5592,37.446029125,0.1698666666666666,57.08433333333321,0.15930672752347402,34.24225736347903,honest,hide_information,0.0
5593,37.465128125,0.0,63.26783333333344,0.27121217132951914,16.696849895539938,honest,honest,0.0
5594,37.447874325,0.0,63.91963333333338,0.3116180959347823,0.0,honest,honest,0.0
5595,39.253853,2.194722333333333,60.30433333333332,0.3425188696189928,0.0,honest,honest,0.0
5596,58.200790975,0.0,63.22839999999986,0.3168609748821507,8.200790974999997,honest,honest,0.0
5597,89.33710572500001,0.0,59.547866666666366,0.14970419461822376,39.337105725000015,honest,hide_information,0.0
5598,104.773297375,3.3626666666666667,58.68019999999997,0.05000000000000002,85.82950039753749,honest,honest,23.786633730870847
5599,104.938587225,27.89272166666667,53.3093666666665,0.05,104.938587225,honest,honest,23.73649889166684
5600,86.184992575,71.74424333333333,50.53470000000004,0.2214462661020835,86.184992575,honest,honest,0.0
5601,106.816487225,422.4107110000001,43.92726666666663,0.2875,74.24169666560414,honest,honest,0.0
5602,112.886804525,1296.1172443333337,39.76626666666675,0.2875,67.761804525,honest,honest,0.0
5603,116.91117974999999,4327.165706666676,37.41856666666651,0.2875,71.78617974999999,honest,honest,0.0
5604,95.74545362500001,5718.2251209999895,39.05486666666671,0.2875,50.62045362500001,honest,honest,0.0
5605,92.463335,6123.748264333336,32.63476666666668,0.2875,47.338335,hide_information,honest,0.0
5606,91.4018026,6284.589131333335,29.773066666666704,0.2875,46.276802599999996,hide_information,honest,0.0
5607,112.6929806,6245.925306666661,27.824166666666617,0.2875,67.5679806,hide_information,honest,0.0
5608,114.395752425,5331.425613666657,24.89370000000004,0.2875,69.270752425,hide_information,honest,0.0
5609,116.31526532500001,4065.5622929999854,26.505433333333247,0.2875,71.19026532500001,honest,honest,0.0
5610,92.1603487,2761.9144333333347,18.04953333333332,0.2875,47.0353487,honest,honest,0.0
5611,99.4526371,1599.299751000001,20.680933333333385,0.2875,54.327637100000004,honest,honest,0.0
5612,97.02095227499998,328.0074166666659,21.89886666666672,0.2875,51.895952274999985,honest,honest,0.0
5613,96.344857925,5.534022333333329,23.161299999999983,0.05,51.219857925,honest,honest,22.524535591666687
5614,98.157371925,0.3839446666666667,27.86556666666675,0.05,98.157371925,honest,honest,69.90786059166659
5615,56.340279725,0.0575,25.32966666666656,0.05,56.340279725,honest,honest,30.95311305833344
5616,37.144277725,0.0,23.01036666666668,0.08278977250000003,37.144277725,honest,hide_information,21.037021058333327
5617,37.209112700000006,0.0,21.953400000000038,0.08128359500000006,30.979055925,honest,hide_information,15.611675924999975
5618,37.2098841,0.0,22.66209999999997,0.08229349249999997,31.266001049999986,honest,hide_information,15.402531050000007
5619,37.5715535,0.0,21.800833333333376,0.08106618750000007,31.43578992500001,honest,hide_information,16.175206591666647
5620,56.563985325,0.0,23.23663333333329,0.05,50.661409699999986,honest,honest,27.424776366666695
5621,88.505183825,0.0,29.927133333333327,0.05,88.505183825,honest,honest,58.57805049166667
5622,104.604836425,0.1635666666666666,21.207366666666644,0.05,104.604836425,honest,honest,83.23390309166669
5623,104.67832485000001,20.006588,19.22799999999998,0.05,104.67832485000001,honest,honest,65.44373685000002
5624,86.03354115,428.9409913333324,13.970100000000023,0.2875,86.03354115,hide_information,honest,0.0
5625,104.828099275,989.7289259999992,16.999799999999983,0.2875,59.703099275,hide_information,honest,0.0
5626,108.5545042,1712.9571483333325,10.219166666666684,0.2875,63.4295042,hide_information,honest,0.0
5627,109.30643235,3264.2426636666664,23.95726666666666,0.2875,64.18143235,hide_information,honest,0.0
5628,90.54552040000002,2989.139072666679,13.042433333333358,0.2875,45.420520400000015,hide_information,honest,0.0
5629,88.70121534999998,2830.7377756666565,11.714833333333322,0.2875,43.576215349999984,honest,honest,0.0
5630,87.83729084999999,1809.3491676666652,17.957266666666612,0.2875,42.71229084999999,honest,honest,0.0
5631,108.53275515,1021.0286633333347,17.448366666666665,0.2875,63.40775515,hide_information,honest,0.0
5632,111.92354705,703.7559399999988,17.41563333333332,0.2875,66.79854705,hide_information,honest,0.0
5633,114.754892875,417.2759586666671,17.72293333333337,0.2875,69.629892875,honest,honest,0.0
5634,90.5807997,224.72286899999975,18.93423333333332,0.2875,45.4557997,honest,honest,0.0
5635,98.78241195,48.35312266666657,18.9226333333333,0.11468713423749942,53.65741195,honest,honest,0.0
5636,96.67497985,12.114723666666668,19.531366666666717,0.05,84.38442434487511,honest,honest,52.73833401154173
5637,96.2398647,3.500232,21.2963666666666,0.05,96.2398647,honest,honest,71.4432660333334
5638,98.09608175,0.6890553333333335,20.32359999999997,0.05,98.09608175,honest,honest,77.0834264166667
5639,56.324353800000004,0.5766996666666666,21.666899999999995,0.05,56.324353800000004,honest,honest,34.08075413333334
5640,37.124065875,0.0,21.06533333333331,0.08001809999999998,37.124065875,honest,hide_information,22.378332541666683
5641,37.19549135,0.0,17.743599999999965,0.07528462999999996,31.49205235,honest,hide_information,19.071532350000027
5642,37.219881875,0.0,19.226766666666684,0.07739814250000003,32.41580217500001,honest,hide_information,18.957065508333333
5643,37.582196125,0.0,19.407033333333285,0.07765502249999993,32.376549049999994,honest,hide_information,18.791625716666694
5644,56.566447100000005,0.0,19.96350000000008,0.05,51.31199282500002,honest,honest,31.348492824999937
5645,88.5331098,0.0,20.098333333333397,0.05,88.5331098,honest,honest,68.4347764666666
5646,104.61345635,1.8169666666666668,23.950433333333343,0.05,104.61345635,honest,honest,78.84605635
5647,104.696748225,109.35314399999996,18.571266666666656,0.16033139659791645,104.696748225,honest,honest,0.0
5648,86.082593,332.1157979999993,15.830799999999988,0.2875,65.11962764639588,hide_information,honest,0.0
5649,105.699043325,458.9253093333343,14.232866666666684,0.2875,60.574043325000005,hide_information,honest,0.0
5650,112.449834525,1500.4499166666662,11.2231333333333,0.2875,67.324834525,hide_information,honest,0.0
5651,117.20431075,4052.887050666684,11.210700000000038,0.2875,72.07931075,hide_information,honest,0.0
5652,98.04213322500001,5514.070593333318,12.156699999999978,0.2875,52.917133225000015,hide_information,honest,0.0
5653,96.53548334999999,4477.909064999995,11.90686666666665,0.2875,51.41048334999999,hide_information,honest,0.0
5654,95.3741683,5463.391492333324,14.404733333333317,0.2875,50.249168299999994,hide_information,honest,0.0
5655,117.20079795000001,4628.510755333314,9.493866666666674,0.2875,72.07579795000001,hide_information,honest,0.0
5656,118.63123549999999,4755.57126533333,10.097299999999974,0.2875,73.50623549999999,hide_information,honest,0.0
5657,119.10700974999999,3505.430843000001,8.27006666666667,0.2875,73.98200974999999,honest,honest,0.0
5658,95.891729625,2816.87488133333,8.348766666666668,0.2875,50.766729624999996,honest,honest,0.0
5659,103.15735997499999,1727.7441089999977,10.625933333333329,0.2875,58.03235997499999,honest,honest,0.0
5660,98.89437985,348.5444713333332,10.169599999999994,0.2875,53.76937985000001,honest,honest,0.0
5661,96.81084095,7.5680216666666595,10.201866666666657,0.05,51.68584095,honest,honest,33.91595261666669
5662,98.30207307500001,1.8126493333333336,10.844033333333329,0.05,98.30207307500001,honest,honest,85.64539040833336
5663,56.4785064,0.2881776666666666,9.75623333333332,0.05,56.4785064,honest,honest,46.43409540000002
5664,37.264922,0.0,11.26023333333338,0.06604583250000007,37.264922,honest,hide_information,29.382758666666632
5665,37.329000625,0.0,11.840533333333347,0.06687276000000003,34.28029244999999,honest,hide_information,25.991919116666647
5666,37.3324164,0.0,9.425066666666694,0.06343072000000004,34.126591999999995,honest,hide_information,27.529045333333308
5667,39.0670729,0.0,10.1224,0.06442442000000001,36.515236099999996,honest,hide_information,29.429556099999996
5668,58.0539611,1.2694443333333334,8.240633333333331,0.05,55.3133213,honest,honest,45.80324363333334
5669,91.9112231,1.3512776666666668,8.84896666666666,0.05,91.9112231,honest,honest,81.71097876666667
5670,104.70966949999999,1.2694443333333334,9.243899999999998,0.05,104.70966949999999,honest,honest,94.19632516666665
5671,104.75910089999999,70.637077,12.198666666666638,0.05,104.75910089999999,honest,honest,21.92335723333335
5672,86.060932025,487.8040366666655,6.452800000000002,0.2875,86.060932025,honest,honest,0.0
5673,104.83727502500001,928.011287666665,7.202033333333327,0.2875,59.71227502500001,honest,honest,0.0
5674,108.32504305,1770.066440333336,5.859666666666672,0.2875,63.200043050000005,honest,honest,0.0
5675,109.16435885,4480.202858666651,5.162266666666679,0.2875,64.03935885,honest,honest,0.0
5676,89.032476975,5496.24001133333,5.221900000000004,0.2875,43.907476974999994,honest,hide_information,0.0
5677,87.584430325,6251.675327999973,4.939066666666673,0.2875,42.459430325,honest,honest,0.0
5678,86.867975575,5958.035741999985,5.603400000000009,0.2875,41.742975575,honest,honest,0.0
5679,107.382289425,5288.502685333344,6.588600000000008,0.2875,62.257289424999996,honest,honest,0.0
5680,108.2904049,3856.131815333319,4.940233333333347,0.2875,63.1654049,honest,honest,0.0
5681,109.20632007500001,2114.552777000003,5.236366666666683,0.2875,64.08132007500001,honest,honest,0.0
5682,91.015276825,1508.251113333333,5.216400000000013,0.2875,45.890276825,honest,honest,0.0
5683,97.978225075,448.866237333333,7.611033333333338,0.2875,52.853225075,honest,honest,0.0
5684,96.389601075,88.94838966666677,6.069800000000014,0.2578295458104172,51.264601075,honest,honest,0.0
5685,96.34445427499999,10.900978333333336,8.18953333333334,0.05,56.85684057102071,honest,honest,37.76632890435403
5686,98.23072052500001,2.2639666666666667,6.335966666666685,0.05,98.23072052500001,honest,honest,89.63078719166666
5687,56.443320275,0.4349443333333334,14.71443333333333,0.05,56.443320275,honest,honest,41.29394260833333
5688,37.25983865,0.0,8.184600000000003,0.06166305500000001,37.25983865,honest,hide_information,31.530618649999997
5689,37.3450398,0.0,3.427100000000013,0.05488361750000002,35.12905935,honest,hide_information,32.730089349999986
5690,37.380646075,0.0,2.967166666666683,0.054228212500000025,36.45275875,honest,hide_information,34.37574208333332
5691,37.813202675,0.0,3.97933333333336,0.05567055000000004,37.009842299999995,honest,hide_information,34.22430896666664
5692,56.830126475,0.0,5.327566666666691,0.05,55.75272197499999,honest,honest,50.4251553083333
5693,91.453998025,0.0,5.5319999999999805,0.05,91.453998025,honest,honest,85.92199802500002
5694,104.80329305,1.9892333333333327,5.439500000000016,0.05,104.80329305,honest,honest,97.37455971666664
5695,104.78495860000001,35.681645333333336,7.043066666666657,0.05,104.78495860000001,honest,honest,62.06024660000002
5696,86.08715502500002,186.4968876666673,12.83049999999998,0.2875,86.08715502500002,honest,honest,0.0
5697,104.82491955,552.8967149999999,18.785400000000003,0.2875,59.699919550000004,honest,honest,0.0
5698,107.17770397500001,1266.0326129999978,13.87109999999998,0.2875,62.052703975000014,honest,honest,0.0
5699,106.87087235,3555.3664163333374,14.839333333333364,0.2875,61.74587235,honest,honest,0.0
5700,87.054303925,5725.510196999999,13.951400000000069,0.2875,41.929303925,honest,hide_information,0.0
5701,86.23880337499999,6297.776730999992,14.827200000000031,0.2875,41.11380337499999,honest,honest,0.0
5702,86.15552442500001,6331.7173393333305,12.8566333333333,0.2875,41.03052442500001,honest,honest,0.0
5703,106.117873,6203.479399999965,12.216266666666725,0.2875,60.992873,honest,honest,0.0
5704,107.082953275,5573.315827333356,10.780100000000022,0.2875,61.957953274999994,honest,honest,0.0
5705,109.246511125,4310.272872666664,11.127866666666677,0.2875,64.121511125,honest,honest,0.0
5706,92.579195475,2990.1464163333344,10.13506666666667,0.2875,47.454195475000006,honest,honest,0.0
5707,98.720193975,1404.787532,13.996699999999995,0.2875,53.595193975,honest,honest,0.0
5708,97.784494525,182.05802466666708,23.897066666666664,0.2875,52.659494525,honest,honest,0.0
5709,96.67354115,8.670556,19.837433333333312,0.05,51.548541150000005,honest,honest,23.040551816666692
5710,98.35261645,1.446356,20.674299999999988,0.05,98.35261645,honest,honest,76.23196045
5711,56.558084949999994,4.3125,28.976733333333332,0.05,56.558084949999994,honest,honest,23.268851616666666
5712,37.346445775,0.0,18.453999999999976,0.07629694999999997,37.346445775,honest,hide_information,24.428645775000017
5713,37.409632375,0.0,18.9000333333333,0.07693254749999996,32.41321187500001,honest,hide_information,19.1831885416667
5714,37.436561675,0.0,22.159366666666624,0.08157709749999995,32.31937765000001,honest,hide_information,16.80782098333337
5715,37.858484325,0.0,27.71953333333331,0.08950033499999997,31.85883580000001,honest,hide_information,12.455162466666692
5716,56.870891549999996,0.0,23.617333333333423,0.05,49.3658279,honest,honest,25.748494566666576
5717,91.49375585,0.0,23.28836666666672,0.05,91.49375585,honest,honest,68.20538918333328
5718,104.876994975,0.6866666666666666,22.785666666666614,0.05,104.876994975,honest,honest,81.40466164166672
5719,104.88192437500001,4.022322,21.82410000000002,0.05,104.88192437500001,honest,honest,79.035502375
5720,86.153422075,313.20622400000013,30.970566666666656,0.2875,86.153422075,honest,honest,0.0
5721,105.04407110000001,735.6815703333318,19.028266666666624,0.2875,59.91907110000001,honest,honest,0.0
5722,108.00892884999999,1337.3208016666688,13.928066666666666,0.2875,62.88392884999999,honest,honest,0.0
5723,107.59629875,3320.2040556666634,13.965366666666656,0.2875,62.47129875,honest,honest,0.0
5724,87.864554475,3876.956659333329,14.982599999999977,0.2875,42.739554475000006,honest,hide_information,0.0
5725,88.97524945,4073.125367333332,12.537366666666625,0.2875,43.85024945000001,honest,hide_information,0.0
5726,89.03182335,4195.84238633334,13.975433333333372,0.2875,43.906823349999996,honest,hide_information,0.0
5727,109.72254825,2866.502145999996,27.732666666666663,0.2875,64.59754825,honest,honest,0.0
5728,109.56327657499999,2569.5044623333238,8.929466666666672,0.2875,64.43827657499999,honest,honest,0.0
5729,109.901837525,1391.9953529999998,7.777766666666653,0.2875,64.776837525,honest,honest,0.0
5730,92.0765921,831.3923593333329,6.632200000000009,0.2875,46.9515921,honest,honest,0.0
5731,99.055889225,243.54712233333316,14.777333333333326,0.2875,53.930889225,honest,honest,0.0
5732,96.9273431,86.47182699999998,21.799999999999983,0.2875,51.8023431,honest,honest,0.0
5733,96.4258783,1.486422,16.222133333333325,0.05,51.300878299999994,honest,honest,33.59232296666667
5734,98.2767099,0.6581886666666666,17.374166666666657,0.05,98.2767099,honest,honest,80.24435456666667
5735,56.490425375,1.7883326666666668,22.45439999999998,0.05,56.490425375,honest,honest,32.24769270833336
5736,37.306192925000005,0.9516666666666668,25.236733333333248,0.08596234499999988,37.306192925000005,honest,hide_information,18.688812925000065
5737,37.385224725,0.0,24.158899999999928,0.0844264324999999,30.552379175000024,honest,hide_information,13.641149175000074
5738,37.419041375,0.0,22.386499999999952,0.08190076249999995,30.87801920000002,honest,hide_information,15.207469200000054
5739,37.836166874999996,0.0,19.256099999999947,0.07743994249999993,31.775022000000007,honest,hide_information,18.295752000000043
5740,56.842029375,0.0,14.489999999999958,0.05,51.628440300000015,honest,honest,37.138440300000056
5741,91.47691385,0.0,13.399033333333293,0.05,91.47691385,honest,honest,78.07788051666671
5742,104.85684129999999,1.0916446666666666,11.708499999999992,0.05,104.85684129999999,honest,honest,92.05669663333333
5743,104.85781172499999,0.0,11.762199999999996,0.05,104.85781172499999,honest,honest,93.095611725
5744,86.13744464999999,7.865821666666665,10.888166666666702,0.05,86.13744464999999,honest,honest,67.38345631666662
5745,105.123320525,432.2033809999992,13.27349999999996,0.2875,105.123320525,honest,honest,0.0
5746,109.740178025,565.7464393333338,17.531566666666635,0.2875,64.615178025,honest,honest,0.0
5747,116.396861325,1011.8662650000012,9.045333333333335,0.2875,71.271861325,honest,honest,0.0
5748,97.86929745,1524.0523059999978,8.473299999999979,0.2875,52.744297450000005,honest,honest,0.0
5749,95.489638675,1844.8043066666664,14.853099999999998,0.2875,50.364638674999995,hide_information,honest,0.0
5750,94.53860495,1109.2221229999984,10.598366666666656,0.2875,49.41360495000001,hide_information,honest,0.0
5751,119.672993525,637.5778100000002,14.260666666666657,0.2875,74.547993525,hide_information,honest,0.0
5752,122.3203721,657.0675609999998,11.722266666666645,0.2875,77.1953721,hide_information,honest,0.0
5753,123.006932275,648.676935999999,12.08720000000003,0.2875,77.881932275,honest,honest,0.0
5754,100.3865632,608.7077166666662,11.420900000000012,0.2875,55.2615632,honest,honest,0.0
5755,103.17291804999999,277.4636550000004,11.024366666666689,0.2875,58.04791804999999,honest,honest,0.0
5756,98.8139692,8.923589333333334,10.98746666666667,0.05,53.6889692,honest,honest,33.7779132
5757,96.61451265,1.7293439999999998,10.314966666666676,0.05,96.61451265,honest,honest,84.57020198333332
5758,98.317348725,0.1794666666666666,10.511833333333325,0.05,98.317348725,honest,honest,87.626048725
5759,56.515869525,0.7608,10.627866666666694,0.05,56.515869525,honest,honest,45.127202858333305
5760,37.2972035,0.0,9.913366666666668,0.0641265475,37.2972035,honest,hide_information,30.357846833333333
5761,37.35143825,0.8392666666666667,9.002333333333329,0.062828325,34.667394225,honest,hide_information,27.526494225000008
5762,37.36190435,0.0,9.622833333333334,0.0637125375,34.9245226,honest,hide_information,28.18853926666667
5763,39.1179327,1.5832113333333333,9.61673333333333,0.063703845,36.512550575,honest,hide_information,28.197625908333336
5764,58.097574275,0.0,8.359233333333323,0.05,55.493843725,honest,honest,47.134610391666676
5765,91.95523002499999,0.1157666666666666,8.61176666666665,0.05,91.95523002499999,honest,honest,83.22769669166668
5766,104.74920355,15.880288666666669,11.898233333333316,0.05,104.74920355,honest,honest,76.97068155000002
5767,104.866369775,13.724834,13.186833333333292,0.05,104.866369775,honest,honest,77.95470244166671
5768,86.56019915,83.37329933333335,15.595966666666644,0.10894306753749994,86.56019915,honest,honest,0.0
5769,108.97360495,507.0394633333315,16.56376666666665,0.2875,97.774422117875,honest,honest,0.0
5770,118.70939570000002,1179.004258333335,13.9273,0.2875,73.58439570000002,honest,honest,0.0
5771,123.32623232499999,4483.933168000004,11.94173333333334,0.2875,78.20123232499999,honest,honest,0.0
5772,104.14276799999999,6071.897144666644,20.374899999999982,0.2875,59.01776799999999,honest,honest,0.0
5773,104.03620765,6128.141683333334,26.40516666666657,0.2875,58.911207649999994,hide_information,honest,0.0
5774,104.68696100000001,5481.995982333334,24.310366666666702,0.2875,59.56196100000001,hide_information,honest,0.0
5775,130.353310275,5829.075487666665,23.810366666666592,0.2875,85.22831027500001,hide_information,honest,0.0
5776,138.276104775,5518.06705900002,23.191866666666726,0.2875,93.151104775,hide_information,honest,0.0
5777,145.309056525,3000.873622333332,8.729066666666661,0.2875,100.18405652499999,honest,honest,0.0
5778,121.05155955000001,1377.3960196666685,29.017000000000024,0.2875,75.92655955000001,honest,honest,0.0
5779,123.62776305,549.6567293333347,31.3574333333333,0.2875,78.50276305,honest,honest,0.0
5780,116.0803249,102.37999033333335,18.972500000000004,0.2875,70.9553249,honest,honest,0.0
5781,111.91456955,1.7819116666666666,39.87766666666657,0.05,66.78956955,honest,honest,25.12999121666676
5782,109.747291125,1.4383223333333333,43.16953333333343,0.05,109.747291125,honest,honest,65.13943545833324
5783,59.483484475,0.2409223333333333,45.58223333333353,0.05,59.483484475,honest,honest,13.66032880833314
5784,37.60522185,0.6472223333333333,29.55403333333332,0.09211449749999998,37.60522185,honest,hide_information,16.270176183333344
5785,37.621100175,1.5990333333333333,49.06833333333334,0.14997809982916666,29.619345650000007,honest,honest,0.0
5786,37.588273925,0.0,43.16443333333332,0.16671699228540615,18.592434957458337,honest,honest,0.0
5787,37.961712925,0.0,46.5983,0.19636087414382902,15.785484390772833,honest,honest,0.0
5788,56.92747065,0.0,59.00213333333326,0.1919453366606387,29.118904562672483,honest,honest,0.0
5789,91.36152995,0.0,54.59376666666655,0.05000000000000002,64.39191598447866,honest,honest,9.798149317812104
5790,104.774044525,0.9332553333333334,46.78039999999984,0.05,104.774044525,honest,honest,57.06038919166682
5791,104.81368312500001,18.08434433333333,57.27113333333312,0.05,104.81368312500001,honest,honest,29.458205458333566
5792,86.157717675,431.46328433333423,60.48679999999995,0.2875,86.157717675,hide_information,honest,0.0
5793,105.83210377500001,886.3011959999981,61.78003333333314,0.2875,60.70710377500001,hide_information,honest,0.0
5794,110.51259695,1471.9975756666652,62.29699999999991,0.2875,65.38759695,hide_information,honest,0.0
5795,114.783521025,1514.7016909999988,58.53056666666647,0.2875,69.658521025,hide_information,honest,0.0
5796,92.603951675,1875.3938706666704,58.53756666666674,0.2875,47.478951675000005,hide_information,honest,0.0
5797,91.768737475,1215.9649373333343,60.33066666666678,0.2875,46.643737474999995,hide_information,honest,0.0
5798,89.97247265,1287.2917126666696,56.43560000000014,0.2875,44.84747265,honest,honest,0.0
5799,109.64207717500001,1181.0382583333344,61.422833333333294,0.2875,64.51707717500001,hide_information,honest,0.0
5800,112.182053475,679.0876543333349,56.66643333333322,0.2875,67.057053475,hide_information,honest,0.0
5801,114.829314225,577.2175129999996,50.4418333333332,0.2875,69.704314225,hide_information,honest,0.0
5802,93.85049972499999,714.7112929999993,37.36286666666663,0.2875,48.72549972499999,honest,honest,0.0
5803,99.09531189999998,419.5685996666671,33.32263333333333,0.2875,53.970311899999984,honest,honest,0.0
5804,96.7798027,45.71491266666662,21.455033333333333,0.12369693067499976,51.654802700000005,honest,honest,0.0
5805,96.306192575,2.4758786666666666,35.51006666666672,0.05,82.30377574675005,honest,honest,44.317830413416665
5806,98.164876875,1.620411,27.52196666666668,0.05,98.164876875,honest,honest,69.02249920833333
5807,56.35501375,2.050933333333333,23.84,0.05,56.35501375,honest,honest,30.464080416666665
5808,37.138417775,0.0,20.060333333333315,0.07858597499999997,37.138417775,honest,hide_information,23.09618444166668
5809,37.1864488,0.0,22.88353333333331,0.08260903499999997,31.755113550000008,honest,hide_information,15.73664021666669
5810,37.204919925,0.675,12.599099999999964,0.06795371749999995,31.009203275000004,honest,hide_information,21.51483327500003
5811,37.5601121,0.675,12.035599999999976,0.06715072999999996,34.14890577500001,honest,hide_information,25.048985775000027
5812,56.531358525,0.675,10.625999999999978,0.05,53.27271982500001,honest,honest,41.97171982500003
5813,91.1455268,0.0,9.11076666666667,0.05,91.1455268,honest,honest,82.03476013333332
5814,104.558458925,0.0,13.06206666666668,0.05,104.558458925,honest,honest,91.49639225833332
5815,104.62717885,7.960211000000001,15.772833333333322,0.05,104.62717885,honest,honest,80.89413451666668
5816,85.974914975,91.82778233333296,12.729300000000023,0.18085458982499952,85.974914975,hide_information,honest,8.966167341666917
5817,104.752991625,480.8106919999986,13.335066666666687,0.2875,79.8906195582501,hide_information,honest,0.0
5818,107.160018625,831.8227520000023,10.62896666666668,0.2875,62.035018625000006,hide_information,honest,0.0
5819,107.78654015000001,1125.2050963333347,8.710199999999995,0.2875,62.66154015000001,hide_information,honest,0.0
5820,88.42914765,1021.3537439999992,9.004099999999974,0.2875,43.304147650000004,honest,honest,0.0
5821,87.9929735,2501.3005519999924,12.403333333333316,0.2875,42.867973500000005,honest,honest,0.0
5822,88.04148939999999,4089.723551999998,11.782133333333316,0.2875,42.91648939999999,honest,honest,0.0
5823,109.95015895,2636.603700666662,11.928599999999976,0.2875,64.82515895,hide_information,honest,0.0
5824,112.42437819999999,3881.221573,10.049,0.2875,67.29937819999999,hide_information,honest,0.0
5825,113.5339159,3368.2068050000034,11.626799999999983,0.2875,68.4089159,hide_information,honest,0.0
5826,93.579889975,2486.790323666673,14.61706666666668,0.2875,48.454889975,hide_information,honest,0.0
5827,99.438306375,1016.4250073333336,18.783333333333264,0.2875,54.313306374999996,honest,honest,0.0
5828,96.9610726,170.04677366666616,21.55309999999999,0.2875,51.836072599999994,honest,honest,0.0
5829,96.3166864,1.6279223333333337,21.494366666666732,0.05,51.191686399999995,honest,honest,28.06939739999993
5830,98.193231425,0.1076386666666666,23.396099999999997,0.05,98.193231425,honest,honest,74.68949275833333
5831,56.416745175,0.2045,22.29106666666673,0.05029141250000001,56.416745175,hide_information,honest,33.982528508333274
5832,37.2340277,0.0,25.69483333333327,0.05,37.178659325,honest,honest,11.483825991666727
5833,37.311743750000005,0.0,27.55536666666669,0.05,37.311743750000005,honest,honest,9.756377083333316
5834,37.339842024999996,1.346666666666667,30.612466666666613,0.05,37.339842024999996,honest,honest,5.380708691666715
5835,39.129387375,0.0,30.349433333333295,0.05,39.129387375,honest,honest,8.779954041666706
5836,58.148683475,0.0,35.34333333333336,0.05,58.148683475,hide_information,honest,22.805350141666636
5837,92.0179205,0.0,32.64186666666672,0.05,92.0179205,hide_information,honest,59.37605383333328
5838,104.83745225,1.8714446666666664,35.74776666666665,0.05,104.83745225,honest,honest,67.21824091666667
5839,105.58471967499999,31.371100333333334,25.002200000000062,0.05,105.58471967499999,honest,honest,49.21141934166659
5840,89.27538645,112.46354766666666,28.835800000000145,0.2875,89.27538645,honest,honest,0.0
5841,113.868995725,491.1237683333338,34.15043333333338,0.2875,68.743995725,honest,honest,0.0
5842,123.945230525,802.1134006666675,15.286833333333316,0.2875,78.820230525,honest,honest,0.0
5843,128.0055499,3910.90905066666,13.754699999999996,0.2875,82.8805499,honest,honest,0.0
5844,106.933227675,5504.162550666671,10.282000000000007,0.2875,61.808227675,honest,honest,0.0
5845,104.626597575,5844.177668333331,15.304133333333308,0.2875,59.501597575000005,hide_information,honest,0.0
5846,103.56463105,5980.013348666697,20.65973333333332,0.2875,58.43963105,hide_information,honest,0.0
5847,124.854506,4004.248685000013,20.224299999999968,0.2875,79.729506,hide_information,honest,0.0
5848,127.5255782,4746.761727666663,23.783933333333398,0.2875,82.4005782,hide_information,honest,0.0
5849,129.396315475,3376.441304333317,30.87183333333332,0.2875,84.271315475,honest,honest,0.0
5850,105.800510425,3359.288403000012,37.94369999999999,0.2875,60.675510425,honest,honest,0.0
5851,107.84575537500001,1265.935215666667,36.62760000000009,0.2875,62.72075537500001,honest,honest,0.0
5852,100.46280510000001,151.47401299999984,34.882766666666754,0.2875,55.33780510000001,honest,honest,0.0
5853,97.40741332500001,3.420300000000001,25.45380000000001,0.05,52.28241332500001,honest,honest,23.408313324999995
5854,98.43600802499999,2.766700333333333,31.93169999999999,0.05,98.43600802499999,honest,honest,63.73760769166667
5855,56.621458175,0.7302333333333334,36.15770000000001,0.05,56.621458175,honest,honest,19.733524841666657
5856,37.370122775,0.0,38.11073333333338,0.10430779500000008,37.370122775,honest,hide_information,10.692609441666637
5857,37.422607575,0.0,43.26816666666648,0.12677919067291588,27.104126524999984,honest,honest,0.0
5858,37.451931775,0.0,49.89170000000026,0.1783821186510578,22.863885547145983,honest,honest,0.0
5859,37.8845062,0.0,44.37113333333332,0.1966763409659129,13.491903656299016,honest,honest,0.0
5860,56.89278645,0.5088889999999999,33.03683333333338,0.07147684316756993,29.024281666476547,honest,honest,0.0
5861,91.5360126,0.0,45.1461666666666,0.05,87.45541239816173,honest,honest,42.309245731495125
5862,105.01331934999999,4.109189,44.87596666666677,0.05,105.01331934999999,honest,honest,56.02816368333322
5863,107.888050625,27.658788666666677,32.40156666666668,0.05,107.888050625,honest,honest,47.82769529166664
5864,93.35901270000001,406.1967766666664,37.19596666666669,0.2875,93.35901270000001,honest,honest,0.0
5865,117.937669675,1042.4155710000011,41.583499999999965,0.2875,72.812669675,honest,honest,0.0
5866,126.763284825,1654.6180206666672,46.147899999999936,0.2875,81.638284825,honest,honest,0.0
5867,129.869459225,3930.4464656666455,49.17996666666679,0.2875,84.74445922500001,honest,honest,0.0
5868,111.92526692499999,4324.457908999979,52.08030000000012,0.2875,66.80026692499999,honest,honest,0.0
5869,113.6915963,3318.4229836666764,48.351666666666645,0.2875,68.5665963,hide_information,honest,0.0
5870,112.359719925,3977.180534666684,35.39290000000012,0.2875,67.234719925,hide_information,honest,0.0
5871,136.64313715,4005.067241666669,34.45676666666667,0.2875,91.51813715,hide_information,honest,0.0
5872,139.167954775,4378.324031666666,33.43319999999992,0.2875,94.042954775,hide_information,honest,0.0
5873,140.81074080000002,1975.4018660000008,27.872133333333338,0.2875,95.68574080000002,honest,honest,0.0
5874,119.125898125,2659.789960666667,30.10830000000004,0.2875,74.000898125,honest,honest,0.0
5875,120.88644782499999,1012.482409000002,37.372400000000034,0.2875,75.76144782499999,honest,honest,0.0
5876,120.0001055,226.7069996666673,45.3259666666666,0.2875,74.8751055,honest,honest,0.0
5877,113.83851405,10.374567333333337,50.641900000000135,0.05,68.71351405,honest,honest,7.697046716666527
5878,109.073356625,9.136689,53.56889999999999,0.05,109.073356625,honest,honest,46.36776762500001
5879,57.010404824999995,3.500155666666667,50.46806666666662,0.05,57.010404824999995,honest,honest,3.0421824916667077
5880,37.60777235,0.0,66.67016666666669,0.18804637300416677,37.60777235,honest,hide_information,0.0
5881,37.638684,0.0,72.8954333333333,0.2875,11.40987312920831,honest,honest,0.0
5882,37.628307575,0.0,78.06326666666644,0.3269562759210526,0.0,honest,honest,0.0
5883,38.01908485,0.0,82.4514666666666,0.3643558293421052,0.0,honest,honest,0.0
5884,57.1641625,0.0,88.4580999999998,0.3386979346052631,7.164162500000003,honest,honest,0.0
5885,91.748067075,0.0,88.51156666666633,0.29766666292883603,41.748067074999994,honest,hide_information,0.0
5886,105.56184215,2.2679,78.85016666666665,0.15741122974744112,58.50517619352115,honest,honest,0.0
5887,113.33665189999999,3.985089,87.70063333333337,0.05,92.92851824798618,honest,honest,1.2427959146528025
5888,97.04447847499999,101.63818400000036,85.88583333333304,0.2875,97.04447847499999,hide_information,honest,0.0
5889,126.742645625,456.2924176666677,85.23066666666635,0.2875,81.617645625,honest,honest,0.0
5890,132.630545,595.86251,86.3815666666667,0.2875,87.50554500000001,honest,honest,0.0
5891,138.143540175,936.2859883333314,85.73080000000006,0.2875,93.018540175,honest,honest,0.0
5892,120.24138625,1046.4995503333332,72.61766666666699,0.2875,75.11638625,honest,honest,0.0
5893,116.166116725,706.3893776666671,66.91036666666668,0.2875,71.041116725,hide_information,honest,0.0
5894,114.219351175,750.887602,63.32089999999999,0.2875,69.094351175,hide_information,honest,0.0
5895,138.80071122500001,486.78379066666577,53.01406666666645,0.2875,93.67571122500001,hide_information,honest,0.0
5896,141.02994755,402.9218809999997,48.57373333333346,0.2875,95.90494755,hide_information,honest,0.0
5897,142.536576925,366.67835933333214,37.0347666666668,0.2875,97.41157692499999,honest,honest,0.0
5898,123.42974575,254.30558333333403,17.713133333333364,0.2875,78.30474575,honest,honest,0.0
5899,124.29070662499998,40.215582,17.15596666666667,0.05,79.16570662499998,honest,honest,21.794157958333315
5900,114.24235197499999,5.553344333333335,23.076766666666703,0.05,114.24235197499999,honest,honest,85.61224097499995
5901,108.030876475,0.991878,21.77813333333328,0.05,108.030876475,honest,honest,85.26086514166673
5902,107.39289927499999,1.5175556666666667,26.6653666666668,0.05,107.39289927499999,honest,honest,79.20997694166653
5903,57.411338175,0.4246336666666667,32.815166666666705,0.05,57.411338175,honest,honest,24.171537841666627
5904,37.578886325,0.0,26.215499999999928,0.0873570874999999,37.578886325,honest,hide_information,19.22803632500005
5905,37.587742225,0.0,23.78693333333337,0.08389638000000005,30.48989560000002,honest,hide_information,13.83904226666666
5906,37.609478075,0.0,22.948566666666625,0.08270170749999994,31.16916587499999,honest,hide_information,15.105169208333354
5907,38.013746425,0.0,19.235633333333325,0.0774107775,31.80042200000001,honest,hide_information,18.335478666666685
5908,57.011649225,0.0414666666666666,20.53123333333336,0.05,51.8036015,honest,honest,31.23090149999997
5909,91.665627575,0.0,26.38176666666664,0.05,91.665627575,honest,honest,65.28386090833337
5910,105.34776757499999,0.0595999999999999,35.83859999999999,0.05,105.34776757499999,honest,honest,69.449567575
5911,112.19849765,0.0,28.57846666666668,0.05,112.19849765,honest,honest,83.62003098333331
5912,91.65955347500001,14.687789,21.37019999999994,0.05,91.65955347500001,honest,honest,55.60156447500007
5913,120.7678162,87.24543266666667,23.215866666666575,0.05,120.7678162,honest,honest,10.306516866666755
5914,132.588120975,297.8216336666668,20.93783333333332,0.2875,132.588120975,honest,honest,0.0
5915,139.053300275,398.65192599999966,58.03370000000002,0.2875,93.928300275,honest,honest,0.0
5916,119.50699889999999,499.3956800000008,38.54933333333336,0.2875,74.38199889999999,honest,honest,0.0
5917,116.684315075,568.6426766666677,32.26493333333332,0.2875,71.559315075,hide_information,honest,0.0
5918,116.571192825,552.4860393333339,27.17039999999996,0.2875,71.446192825,hide_information,honest,0.0
5919,139.853227725,233.51134100000112,30.73223333333324,0.2875,94.72822772500001,hide_information,honest,0.0
5920,140.52279564999998,104.12894933333334,26.43236666666656,0.2170267216624996,95.39779564999998,hide_information,honest,0.0
5921,140.7710357,85.98055666666683,36.87846666666659,0.11565955755873969,109.03595858412507,honest,honest,0.0
5922,120.264354375,50.21434400000003,30.128199999999968,0.05,107.78903843883946,honest,honest,27.44649443883945
5923,120.45257725,2.3338886666666667,30.217733333333328,0.05,120.45257725,honest,honest,87.90095525000001
5924,110.264216675,0.8789,31.59593333333331,0.05,110.264216675,honest,honest,77.78938334166669
5925,105.92778085,0.0,23.826000000000004,0.05,105.92778085,honest,honest,82.10178085
5926,104.61678132499999,0.0582666666666666,29.47949999999996,0.05,104.61678132499999,honest,honest,75.07901465833336
5927,56.807517125000004,0.2862666666666666,24.30916666666665,0.05,56.807517125000004,honest,honest,32.212083791666686
5928,37.549557625,0.0,25.30760000000006,0.0860633300000001,37.549557625,honest,hide_information,19.834237624999957
5929,37.5659594,0.0,21.430733333333347,0.08053879500000002,30.71392669999998,honest,hide_information,15.712413366666638
5930,37.582693150000004,0.0,23.845599999999926,0.0839799799999999,31.7803221,honest,hide_information,15.088402100000053
5931,39.516270150000004,0.0,22.56103333333335,0.05,33.060073950000024,honest,honest,10.499040616666676
5932,58.617944075,0.0,21.784599999999944,0.05,58.617944075,honest,honest,36.833344075000056
5933,92.34047195000001,0.0,21.317766666666618,0.05,92.34047195000001,honest,honest,71.0227052833334
5934,105.608590075,0.0,20.003566666666657,0.05,105.608590075,honest,honest,85.60502340833334
5935,109.913366575,0.3565,15.977899999999975,0.05,109.913366575,honest,honest,93.57896657500002
5936,95.1885126,20.539510666666665,13.977166666666644,0.05,95.1885126,honest,honest,60.67183526666669
5937,119.41171052499999,155.21312199999994,14.185933333333317,0.28743988783958296,119.41171052499999,honest,honest,0.0
5938,132.64354064999998,190.87311133333364,9.9518333333333,0.2875,87.52996196047921,honest,honest,0.0
5939,144.11307825,290.9218250000005,9.000033333333297,0.2875,98.98807825,honest,honest,0.0
5940,123.517832025,472.44100566666623,13.062666666666653,0.2875,78.392832025,honest,honest,0.0
5941,116.60447955000001,591.0370043333324,10.873066666666718,0.2875,71.47947955000001,hide_information,honest,0.0
5942,111.65783017500002,675.8400896666657,13.170133333333332,0.2875,66.53283017500002,hide_information,honest,0.0
5943,132.871231125,401.3808613333342,14.756999999999993,0.2875,87.74623112500001,hide_information,honest,0.0
5944,134.557047675,303.38639133333305,15.0548333333333,0.2875,89.432047675,hide_information,honest,0.0
5945,137.280155225,124.53337433333328,18.458499999999948,0.2875,92.15515522499999,honest,honest,0.0
5946,119.78993885,46.03466233333332,22.38646666666668,0.05,74.66493885,honest,honest,6.243809849999991
5947,125.17179215,13.444511999999996,22.6396333333334,0.05,125.17179215,honest,honest,89.0876468166666
5948,119.4193981,3.468278,23.268200000000085,0.05,119.4193981,honest,honest,92.6829200999999
5949,114.80544275,2.8077,25.289533333333203,0.05,114.80544275,honest,honest,86.70820941666679
5950,112.1048443,2.3952056666666666,26.536099999999923,0.05,112.1048443,honest,honest,83.17353863333341
5951,62.0161775,0.7379666666666668,26.886299999999924,0.05,62.0161775,honest,honest,34.39191083333341
5952,37.673749225,0.0,22.358066666666662,0.081860245,37.673749225,honest,hide_information,22.02310255833334
5953,37.71787705,0.0,32.12960000000004,0.09578468000000007,31.6644305,honest,hide_information,9.173710499999977
5954,37.731937525,0.0,35.80756666666674,0.08217991212291706,29.03284832499999,honest,honest,0.0
5955,38.17880045,0.0,38.09916666666684,0.07866411022010014,32.06461714664576,honest,honest,0.0
5956,57.252077075,0.0,41.28063333333324,0.05,51.80589613318098,hide_information,honest,10.525262799847738
5957,95.47784235,0.0,43.13213333333332,0.05,95.47784235,hide_information,honest,52.34570901666668
5958,119.582364625,0.0,41.18886666666665,0.05,119.582364625,honest,honest,78.39349795833334
5959,124.98855035,3.7913110000000008,46.36113333333319,0.055402618175,124.98855035,hide_information,honest,75.9734993166668
5960,105.99537365,123.86448633333326,41.55810000000005,0.2875,104.96887619675,hide_information,honest,0.0
5961,126.78273645000002,857.8174926666663,50.636500000000005,0.2875,81.65773645000002,hide_information,honest,0.0
5962,142.038871375,1574.2562699999996,49.38596666666661,0.2875,96.91387137500001,hide_information,honest,0.0
5963,153.273010725,2074.017635333339,48.057000000000166,0.2875,108.148010725,hide_information,honest,0.0
5964,133.093724375,1553.6968693333306,46.74510000000017,0.2875,87.968724375,hide_information,honest,0.0
5965,128.39218025,1785.3531393333317,41.99186666666651,0.2875,83.26718025,hide_information,honest,0.0
5966,120.31911825,1284.3859849999983,33.965933333333375,0.2875,75.19411825,hide_information,honest,0.0
5967,134.73982185,1523.6630950000017,34.289266666666684,0.2875,89.61482185,hide_information,honest,0.0
5968,134.2808848,1739.6965626666672,30.176000000000037,0.2875,89.1558848,hide_information,honest,0.0
5969,136.466488075,1141.372369999999,31.0491333333333,0.2875,91.341488075,hide_information,honest,0.0
5970,115.8225414,600.636046,28.205033333333397,0.2875,70.6975414,hide_information,honest,0.0
5971,117.313903625,274.9932133333332,33.39133333333337,0.2875,72.188903625,honest,honest,0.0
5972,111.75090429999999,30.878481333333365,25.80063333333341,0.05,66.62590429999999,honest,honest,9.94678963333321
5973,106.67459985,7.136900000000001,26.35093333333341,0.05,106.67459985,honest,honest,73.1867665166666
5974,98.976995625,2.444444,27.365633333333403,0.05,98.976995625,honest,honest,69.1669182916666
5975,56.564504775,2.147755333333333,34.36656666666666,0.05306055135000003,56.564504775,hide_information,honest,20.694509375000017
5976,37.30747025,0.0,28.90766666666672,0.05,36.7259654935,honest,honest,7.818298826833278
5977,37.33577455,0.0,30.32986666666672,0.05,37.33577455,honest,honest,7.0059078833332755
5978,37.327348675,0.0,28.067500000000077,0.05,37.327348675,honest,honest,9.259848674999926
5979,37.679526725,0.0,24.78180000000003,0.05,37.679526725,honest,honest,12.897726724999973
5980,56.63514995,0.0,30.44273333333336,0.05,56.63514995,hide_information,honest,26.192416616666637
5981,93.88201065000001,0.0,31.40106666666675,0.05,93.88201065000001,hide_information,honest,62.48094398333326
5982,104.6008267,1.3227776666666666,34.67133333333333,0.05188495817499999,104.6008267,hide_information,honest,69.00354899999999
5983,104.57399375,5.6321113333333335,35.93473333333344,0.05,104.21585169675001,honest,honest,62.64900703008323
5984,85.8547212,144.68532899999968,36.8452666666667,0.2875,85.8547212,hide_information,honest,0.0
5985,104.586386425,628.7229806666668,35.787600000000026,0.2875,59.461386425,hide_information,honest,0.0
5986,106.4211356,1000.957040000003,26.5379333333333,0.2875,61.2961356,hide_information,honest,0.0
5987,104.85521274999999,1207.9810469999998,31.980399999999975,0.2875,59.73021274999999,hide_information,honest,0.0
5988,86.045899875,1629.2773913333317,44.598299999999966,0.2875,40.920899875,honest,honest,0.0
5989,86.039093025,2191.0330096666653,41.5494,0.2875,40.914093025,honest,honest,0.0
5990,85.9864823,996.079466333332,48.69063333333322,0.2875,40.861482300000006,honest,honest,0.0
5991,104.614603825,705.7942139999988,49.96103333333341,0.2875,59.489603825,hide_information,honest,0.0
5992,105.353730725,742.8282636666662,49.81546666666688,0.2875,60.228730725000005,hide_information,honest,0.0
5993,106.18566092500001,916.365717999999,44.707433333333256,0.2875,61.06066092500001,honest,honest,0.0
5994,91.49223297500001,580.1397720000018,39.13220000000012,0.2875,46.36723297500001,honest,honest,0.0
5995,96.66797989999999,113.37556033333315,39.95790000000012,0.2875,51.54297989999999,honest,honest,0.0
5996,96.426899325,4.944178666666667,37.77713333333326,0.05,51.301899324999994,honest,honest,8.580587325000067
5997,96.1200416,1.9904223333333333,38.04103333333331,0.05,96.1200416,honest,honest,56.08858593333335
5998,97.977013325,1.1727776666666667,39.79836666666661,0.05,97.977013325,honest,honest,57.00586899166672
5999,56.155239175,1.4191,31.93753333333336,0.05,56.155239175,honest,honest,22.798605841666642
6000,36.950486675,0.0,21.54059999999997,0.08069535499999997,36.950486675,honest,hide_information,21.87206667500002
6001,37.023162049999996,0.0,26.355833333333283,0.08755706249999992,31.191044600000005,honest,hide_information,12.741961266666706
6002,37.0290579,0.0,15.910366666666642,0.05000000000000001,29.893216025000015,honest,honest,13.982849358333374
6003,38.67125405,0.0,13.329933333333305,0.06899515499999997,38.67125405,honest,hide_information,29.34030071666669
6004,57.671645975,0.0,27.420266666666592,0.05,54.062566525,honest,honest,26.64229985833341
6005,94.217274175,0.3766663333333333,26.799633333333432,0.05,94.217274175,honest,honest,67.04097450833324
6006,104.422756525,0.0,25.82916666666677,0.05,104.422756525,honest,honest,78.59358985833323
6007,104.50524942499999,8.721811,22.05963333333332,0.05,104.50524942499999,honest,honest,73.72380509166666
6008,85.8607183,34.97441266666667,19.728133333333385,0.05,85.8607183,honest,honest,31.158172299999947
6009,104.6469793,140.6713226666666,22.084799999999955,0.2875,104.6469793,honest,honest,0.0
6010,106.48663255000001,510.8871353333335,13.454600000000012,0.2875,61.36163255000001,honest,honest,0.0
6011,105.291067825,989.3370896666678,12.447766666666675,0.2875,60.166067825,honest,honest,0.0
6012,86.14310367499999,637.3391326666674,17.497133333333302,0.2875,41.01810367499999,honest,hide_information,0.0
6013,86.120539025,1201.3606426666631,8.661866666666663,0.2875,40.995539025,honest,honest,0.0
6014,86.12346635,1562.9276963333325,21.45466666666665,0.2875,40.99846635,honest,honest,0.0
6015,106.156374325,1254.9442159999978,18.96133333333332,0.2875,61.031374325,hide_information,honest,0.0
6016,107.5148768,1431.1500543333348,11.085233333333358,0.2875,62.389876799999996,honest,honest,0.0
6017,107.95622795,1095.960344000002,10.347266666666648,0.2875,62.83122795,honest,honest,0.0
6018,91.56619715,432.0885719999979,11.660899999999966,0.2875,46.441197149999994,honest,honest,0.0
6019,96.3857245,32.36404400000003,9.693033333333362,0.05,51.260724499999995,honest,honest,9.203647166666606
6020,96.22121827499998,6.860425333333331,13.454133333333347,0.05,96.22121827499998,honest,honest,75.90665960833331
6021,96.164811425,0.1477773333333333,11.76066666666669,0.05,96.164811425,honest,honest,84.25636742499998
6022,98.00028060000001,1.0736216666666665,10.692266666666647,0.05,98.00028060000001,honest,honest,86.2343922666667
6023,56.200694075,0.0,12.135066666666674,0.05,56.200694075,honest,honest,44.06562740833333
6024,36.989009725,0.0,10.720500000000005,0.06527671250000001,36.989009725,honest,hide_information,29.484659725
6025,37.062880575,0.0,8.744000000000002,0.06246020000000001,34.160305199999996,honest,hide_information,28.039505199999994
6026,37.094282225,0.0,8.451333333333322,0.062043149999999984,34.726844225,honest,hide_information,28.810910891666676
6027,37.454894225,0.0,6.883466666666666,0.059808940000000005,35.166695725,honest,hide_information,30.34826905833333
6028,56.467366625000004,0.0,6.94386666666665,0.05,54.603668025000005,honest,honest,47.659801358333354
6029,93.73977269999999,0.0,10.146799999999986,0.05,93.73977269999999,honest,honest,83.5929727
6030,104.48729585000001,0.0,9.398299999999976,0.05,104.48729585000001,honest,honest,95.08899585000003
6031,104.6167378,1.1842553333333334,8.062366666666668,0.05,104.6167378,honest,honest,95.3701158
6032,86.027134525,165.4151676666673,5.981799999999968,0.2875,86.027134525,honest,honest,0.0
6033,104.84815335,576.4438353333321,5.582033333333354,0.2875,59.723153350000004,honest,honest,0.0
6034,108.14304235,1074.1662249999983,5.424999999999994,0.2875,63.01804235,honest,honest,0.0
6035,108.9945185,2130.781225666665,5.732733333333331,0.2875,63.8695185,honest,honest,0.0
6036,90.564901075,4084.645423999992,5.630533333333338,0.2875,45.439901074999995,honest,honest,0.0
6037,90.192840375,4293.972889333346,5.079333333333338,0.2875,45.067840375,hide_information,honest,0.0
6038,88.761866225,2603.45808900001,4.728233333333314,0.2875,43.636866225000006,honest,honest,0.0
6039,112.1836586,1312.5515979999986,5.793333333333324,0.2875,67.0586586,hide_information,honest,0.0
6040,112.462147375,1027.321077000001,4.458800000000015,0.2875,67.337147375,hide_information,honest,0.0
6041,112.70776425,3113.1121576666646,5.006999999999987,0.2875,67.58276425,honest,honest,0.0
6042,95.35629455,689.9185466666662,10.3411,0.2875,50.23129455,honest,honest,0.0
6043,97.888855525,332.05987799999923,5.838766666666689,0.2875,52.763855525,honest,honest,0.0
6044,96.63895582500001,19.386300666666664,5.368666666666653,0.05,51.51395582500001,honest,honest,26.758988491666695
6045,96.3130152,0.4914003333333333,4.266166666666657,0.05,96.3130152,honest,honest,91.5554482
6046,98.1838868,0.6867223333333333,4.271633333333338,0.05,98.1838868,honest,honest,93.22553113333332
6047,56.381600475000006,0.1976336666666666,5.00413333333332,0.05,56.381600475000006,honest,honest,51.17983347500002
6048,37.149854475,0.0,11.44863333333331,0.06631430249999998,37.149854475,honest,hide_information,29.13581114166668
6049,37.199378575000004,0.0,11.376333333333315,0.06621127499999999,34.099661100000006,honest,hide_information,26.136227766666686
6050,37.212821475,0.4672223333333333,6.48199999999998,0.05923684999999997,34.132679225000004,honest,hide_information,29.128056891666684
6051,37.5621494,0.117778,8.533333333333362,0.062160000000000035,35.80714790000001,honest,hide_information,29.71603656666666
6052,56.553901075,0.0,17.95793333333332,0.05,54.24350107499999,honest,honest,36.28556774166667
6053,93.804152475,0.117778,13.937566666666644,0.05,93.804152475,honest,honest,79.74880780833335
6054,104.570783275,0.0,8.726933333333363,0.05,104.570783275,honest,honest,95.84384994166663
6055,104.6545406,0.7292446666666667,6.832166666666696,0.05,104.6545406,honest,honest,97.09312926666664
6056,86.01855540000001,39.47969066666666,9.9016,0.05,86.01855540000001,honest,honest,36.637264733333346
6057,104.89027105,34.55298833333333,5.574499999999973,0.05,104.89027105,honest,honest,64.76278271666669
6058,108.82317085,208.98990800000044,5.2064333333333135,0.2875,108.82317085,honest,honest,0.0
6059,110.34993667500001,339.8873373333328,4.807066666666653,0.2875,65.22493667500001,honest,honest,0.0
6060,90.52118005,319.7751433333335,4.46036666666666,0.2875,45.39618005,honest,honest,0.0
6061,91.9519193,296.02221766666725,5.089399999999987,0.2875,46.8269193,hide_information,honest,0.0
6062,93.235594425,586.7028523333327,4.44629999999999,0.2875,48.110594425,hide_information,honest,0.0
6063,113.95410749999999,384.23412466666593,4.83579999999999,0.2875,68.82910749999999,hide_information,honest,0.0
6064,115.060957575,572.6665350000011,9.196866666666674,0.2875,69.935957575,hide_information,honest,0.0
6065,113.28241795,646.686856333332,7.901033333333333,0.2875,68.15741795,honest,honest,0.0
6066,94.181532,902.3386030000012,9.62456666666668,0.2875,49.056532000000004,honest,honest,0.0
6067,97.9505659,140.7023086666669,16.42176666666667,0.2875,52.8255659,honest,honest,0.0
6068,96.692296175,1.3639113333333337,8.823433333333297,0.05,51.567296174999996,honest,honest,41.37995150833336
6069,96.31476532500001,2.4766663333333336,20.536633333333334,0.05,96.31476532500001,honest,honest,73.30146565833334
6070,98.205179125,2.106322,31.26540000000002,0.05,98.205179125,honest,honest,64.83345712499998
6071,56.4353259,0.0,13.41396666666671,0.05,56.4353259,honest,honest,43.02135923333329
6072,37.204487375,0.0,11.543999999999972,0.06645019999999996,37.204487375,honest,hide_information,29.123687375000017
6073,37.247884175,0.6472223333333333,13.059799999999957,0.06861021499999995,34.12234617500001,honest,hide_information,24.333263841666707
6074,37.2707605,0.0,14.917666666666616,0.07125767499999994,33.73481965000001,honest,hide_information,23.292452983333384
6075,37.66287345,0.0,23.442233333333345,0.08340518250000001,33.62391520000001,honest,hide_information,17.21435186666667
6076,56.66036255,0.0,22.757800000000035,0.05,50.313377875,honest,honest,27.555577874999965
6077,93.9067094,0.0,19.63503333333326,0.05,93.9067094,honest,honest,74.27167606666674
6078,104.70336895000001,0.4495556666666667,20.35406666666667,0.05,104.70336895000001,honest,honest,83.89974661666668
6079,104.779903375,6.153388666666667,17.66640000000001,0.05,104.779903375,honest,honest,80.96011470833332
6080,86.165077975,30.54714000000012,15.476233333333363,0.05,86.165077975,honest,honest,40.14170464166652
6081,105.659624175,269.5410666666672,11.017166666666672,0.2875,105.659624175,honest,honest,0.0
6082,112.76513080000001,713.7726536666661,9.363599999999996,0.2875,67.64013080000001,honest,honest,0.0
6083,118.20676485,2588.5173033333413,13.89143333333334,0.2875,73.08176485,honest,honest,0.0
6084,98.38011385,2158.747559999993,13.7627333333333,0.2875,53.25511385,honest,honest,0.0
6085,95.661160575,1916.9548086666684,15.334366666666629,0.2875,50.536160575,hide_information,honest,0.0
6086,95.64618545,3333.5241606666505,14.51880000000002,0.2875,50.521185450000004,hide_information,honest,0.0
6087,116.76017555,2577.2449560000005,12.04553333333333,0.2875,71.63517555,hide_information,honest,0.0
6088,118.67770050000001,3538.334993666677,15.98749999999998,0.2875,73.55270050000001,hide_information,honest,0.0
6089,119.547973075,1456.150384666665,16.057166666666664,0.2875,74.422973075,honest,honest,0.0
6090,102.921321025,1313.417057666666,15.549366666666671,0.2875,57.796321025,honest,honest,0.0
6091,100.223078075,172.35166733333287,13.02673333333333,0.2875,55.098078075000004,honest,honest,0.0
6092,97.2853202,3.3657223333333337,15.89656666666671,0.05,52.1603202,honest,honest,32.89803119999996
6093,96.401239625,1.9497553333333333,16.83346666666674,0.05,96.401239625,honest,honest,77.61801762499994
6094,98.253967975,0.9921666666666666,16.00506666666669,0.05,98.253967975,honest,honest,81.25673464166664
6095,56.461052450000004,0.0,16.640433333333345,0.05,56.461052450000004,honest,honest,39.82061911666666
6096,37.265726825,0.0,19.570466666666608,0.07788791499999992,37.265726825,honest,hide_information,23.566400158333376
6097,37.3416716,0.0,18.130366666666625,0.07583577249999995,32.04296775000002,honest,hide_information,19.35171108333338
6098,37.36420605,0.0,19.18089999999999,0.0773327825,32.45540927500001,honest,hide_information,19.028779275000016
6099,39.234941825,0.0,17.101266666666593,0.0743693049999999,34.04171315,honest,hide_information,22.070826483333384
6100,58.291903825000006,0.0,14.336700000000004,0.05,53.661735875000026,honest,honest,39.325035875000026
6101,94.7943349,0.0,16.30773333333333,0.05,94.7943349,honest,honest,78.48660156666666
6102,104.961768375,0.1203333333333333,14.008466666666642,0.05,104.961768375,honest,honest,90.83296837500004
6103,105.652214025,2.484033333333333,14.992800000000006,0.05,105.652214025,honest,honest,88.17538069166667
6104,87.405577925,95.80964466666674,14.895033333333394,0.16067072535625065,87.405577925,honest,honest,0.0
6105,110.66571292500001,491.0672200000007,15.027333333333296,0.2875,89.63827510731238,honest,honest,0.0
6106,121.754745525,832.0088679999994,14.71010000000002,0.2875,76.629745525,honest,honest,0.0
6107,127.9099104,1884.096078666665,13.282033333333375,0.2875,82.7849104,honest,honest,0.0
6108,106.193651075,2888.604316666656,11.237333333333332,0.2875,61.068651075000005,honest,honest,0.0
6109,101.267100325,2634.941583666653,15.205833333333311,0.2875,56.142100325,hide_information,honest,0.0
6110,98.1155249,4141.967932999984,15.344,0.2875,52.9905249,hide_information,honest,0.0
6111,120.09846635000001,4541.644466333332,12.311533333333337,0.2875,74.97346635000001,hide_information,honest,0.0
6112,124.1205338,2397.4400020000003,11.873066666666668,0.2875,78.9955338,hide_information,honest,0.0
6113,126.74526999999999,2971.8040236666684,17.48549999999998,0.2875,81.62026999999999,honest,honest,0.0
6114,107.6247679,412.9731943333345,14.444400000000035,0.2875,62.499767899999995,honest,honest,0.0
6115,105.994028125,202.76138333333392,16.10993333333336,0.2875,60.869028125,honest,honest,0.0
6116,99.322409425,7.205267000000002,18.70213333333327,0.05,54.197409425000004,honest,honest,28.290009091666732
6117,96.822223175,1.1964,18.1045,0.05,96.822223175,honest,honest,77.521323175
6118,98.38557254999999,1.5921666666666667,21.10596666666672,0.05,98.38557254999999,honest,honest,75.6874392166666
6119,56.557246074999995,1.6093000000000002,24.16696666666667,0.05,56.557246074999995,honest,honest,30.780979408333323
6120,37.3415057,0.0,28.99030000000001,0.09131117750000001,37.3415057,honest,hide_information,17.048295699999994
6121,37.432207274999996,0.0,22.00133333333333,0.05000000000000001,29.583083549999998,honest,honest,7.581750216666666
6122,37.469033475,0.0,21.57756666666669,0.08074803250000004,37.469033475,honest,hide_information,22.36473680833332
6123,37.873332775,0.0,19.97873333333329,0.07846969499999995,32.0312066,honest,hide_information,18.046093266666695
6124,56.8682817,0.0,18.60456666666662,0.05,51.45903965000001,honest,honest,32.85447298333339
6125,94.10591132500001,0.0,17.01373333333332,0.05,94.10591132500001,honest,honest,77.09217799166669
6126,104.86370542499999,0.0,15.893266666666667,0.05,104.86370542499999,honest,honest,88.97043875833333
6127,105.413469875,0.8372333333333333,16.590900000000012,0.05,105.413469875,honest,honest,87.98533654166665
6128,90.7407307,204.7264106666672,16.089766666666662,0.2875,90.7407307,honest,honest,0.0
6129,117.82687062500001,669.7516783333326,15.293266666666677,0.2875,72.70187062500001,hide_information,honest,0.0
6130,127.666419325,1316.1666339999997,12.797466666666688,0.2875,82.541419325,hide_information,honest,0.0
6131,133.01862375000002,1991.6598293333316,11.998699999999976,0.2875,87.89362375000002,hide_information,honest,0.0
6132,113.44062737499999,2403.770606666672,10.97996666666664,0.2875,68.31562737499999,hide_information,honest,0.0
6133,108.59723712499999,2661.1978193333275,12.091133333333316,0.2875,63.47223712499999,hide_information,honest,0.0
6134,105.055388325,3574.9552256666566,13.251933333333325,0.2875,59.930388324999996,hide_information,honest,0.0
6135,125.45159595,3970.6056230000017,9.374766666666645,0.2875,80.32659595,hide_information,honest,0.0
6136,127.2019923,2319.312946333343,6.870500000000014,0.2875,82.0769923,hide_information,honest,0.0
6137,125.49917065000001,1577.228023333334,15.83973333333334,0.2875,80.37417065000001,hide_information,honest,0.0
6138,107.07937857499999,540.3589733333328,8.659333333333329,0.2875,61.95437857499999,honest,honest,0.0
6139,104.77753825,291.309814333333,7.376300000000016,0.2875,59.652538250000006,honest,honest,0.0
6140,98.2276246,22.443578666666703,17.3482,0.05,53.1026246,honest,honest,13.310845933333297
6141,96.40131269999999,1.42311,20.19586666666664,0.05,96.40131269999999,honest,honest,74.78233603333335
6142,98.2784672,0.786666,22.81123333333337,0.05,98.2784672,honest,honest,74.68056786666662
6143,56.4565664,0.0,21.71496666666674,0.05,56.4565664,honest,honest,34.74159973333326
6144,37.25607855,0.0,29.21590000000001,0.09163265750000002,37.25607855,honest,hide_information,16.80494854999999
6145,37.31679075,0.0,37.04726666666672,0.08629323399791693,29.406585825,honest,honest,0.0
6146,37.314991075,0.0,20.925133333333253,0.07981831499999989,30.419276615395788,honest,hide_information,15.771683282062511
6147,37.656028775,0.0,19.31056666666668,0.07751755750000003,31.990548925000024,honest,hide_information,18.47315225833335
6148,56.64042555,0.0,17.964700000000004,0.05,51.412089625,honest,honest,33.447389625
6149,93.8929682,0.0,17.831233333333323,0.05,93.8929682,honest,honest,76.06173486666668
6150,104.61375895,1.0405776666666666,18.69393333333327,0.05,104.61375895,honest,honest,84.87924795000006
6151,104.64909292499999,17.918432666666668,19.047533333333316,0.05,104.64909292499999,honest,honest,67.68312692500001
6152,86.00718755000001,90.12723399999996,19.029566666666664,0.17843130845,86.00718755000001,hide_information,honest,3.8885570833333816
6153,104.75180655000001,706.0083473333333,17.53869999999995,0.2875,80.34985794450002,hide_information,honest,0.0
6154,106.951760175,1106.3123939999982,16.28023333333326,0.2875,61.826760175000004,hide_information,honest,0.0
6155,107.69781227499999,2805.7562273333424,14.924766666666669,0.2875,62.57281227499999,hide_information,honest,0.0
6156,87.839043175,4108.600234666665,14.497466666666677,0.2875,42.714043175,honest,honest,0.0
6157,87.662707875,5936.18121300001,12.569699999999996,0.2875,42.537707874999995,honest,honest,0.0
6158,87.32310202500001,5404.575124333319,11.630866666666702,0.2875,42.19810202500001,honest,honest,0.0
6159,108.045422275,4067.890988333349,11.191766666666656,0.2875,62.92042227500001,hide_information,honest,0.0
6160,111.85594370000001,1398.332416666667,11.16780000000004,0.2875,66.73094370000001,hide_information,honest,0.0
6161,112.67236679999999,1080.706796666664,13.650233333333304,0.2875,67.54736679999999,hide_information,honest,0.0
6162,96.918183925,2229.346859666665,17.5977,0.2875,51.793183924999994,honest,honest,0.0
6163,97.39062715,925.5320800000017,24.88886666666672,0.2875,52.26562715,honest,honest,0.0
6164,96.57312435,15.149935000000008,34.38296666666666,0.05,51.44812435,honest,honest,1.915222683333333
6165,96.21579894999999,0.7761776666666667,29.4667000000001,0.05,96.21579894999999,honest,honest,65.97292128333322
6166,98.074659825,0.4664773333333333,32.265466666666704,0.05,98.074659825,honest,honest,65.34271582499997
6167,56.2781158,0.0755553333333333,35.50426666666657,0.05,56.2781158,honest,honest,20.6982938000001
6168,37.075482325,0.1729333333333333,43.52460000000005,0.11202255500000008,37.075482325,honest,hide_information,6.435328991666637
6169,37.129953025,0.0,44.24066666666664,0.1397512456854166,25.345667574999986,honest,honest,0.0
6170,37.16173445,0.0,48.93543333333328,0.18692556892692158,20.10899776977084,honest,honest,0.0
6171,38.8680932,0.0,51.26783333333331,0.23247409158987997,12.852235103884894,honest,honest,0.0
6172,57.903133975,1.385,59.3713666666667,0.2282357229452835,23.233056572922806,honest,honest,0.0
6173,94.47524545,0.8416663333333333,64.36423333333323,0.07182834748728456,60.610458090396136,honest,honest,0.0
6174,104.6533527,0.1677776666666666,59.17413333333327,0.05,100.50596667741593,honest,honest,41.16405567741599
6175,104.65827225,4.423533,48.477733333333205,0.05,104.65827225,honest,honest,51.75700591666679
6176,85.942320025,103.0236106666667,28.553600000000024,0.26676573054791697,85.942320025,honest,honest,0.0
6177,104.69553115,134.93871166666668,35.43586666666674,0.2875,63.51004234589577,honest,honest,0.0
6178,106.47057294999999,459.9241309999999,35.33030000000001,0.2875,61.34557294999999,honest,honest,0.0
6179,104.904426675,3475.747448,40.00189999999999,0.2875,59.779426674999996,honest,honest,0.0
6180,86.39970807499999,4918.928838666668,36.12706666666669,0.2875,41.27470807499999,honest,hide_information,0.0
6181,91.84344265,5189.291124333345,31.306166666666677,0.2875,46.71844265,hide_information,honest,0.0
6182,97.65294505,5775.932487666671,23.964433333333314,0.2875,52.52794505,hide_information,honest,0.0
6183,121.38489785000002,4618.0627393333325,20.99609999999999,0.2875,76.25989785000002,hide_information,honest,0.0
6184,123.4734648,3217.0603960000035,20.108933333333407,0.2875,78.3484648,hide_information,honest,0.0
6185,124.70762955,2192.192558666673,23.64396666666662,0.2875,79.58262955,honest,honest,0.0
6186,107.875409025,794.7229079999994,39.880366666666674,0.2875,62.750409024999996,honest,honest,0.0
6187,107.162035625,326.1923103333329,29.476266666666657,0.2875,62.037035625,honest,honest,0.0
6188,102.823181025,18.57438966666666,32.43236666666668,0.05,57.698181025,honest,honest,6.691424691666654
6189,100.4771125,2.812633,36.606833333333455,0.05,100.4771125,honest,honest,61.05764616666655
6190,99.077016225,0.4170333333333333,41.34480000000012,0.05,99.077016225,honest,honest,57.31518289166654
6191,56.714860375,7.062044666666666,46.22240000000004,0.05,56.714860375,honest,honest,3.4304157083332925
6192,37.542012475,0.0,56.72346666666656,0.14111190741041618,37.542012475,honest,hide_information,0.0
6193,37.60603615,0.0,56.38226666666662,0.22141559139206704,20.29477374202093,honest,honest,0.0
6194,37.630399925,0.0,65.21649999999988,0.2875,5.061437560507265,honest,honest,0.0
6195,38.105133699999996,0.0,76.6978666666664,0.3244466647368421,0.0,honest,honest,0.0
6196,57.140425725,0.0,82.2832666666666,0.29878877,7.140425725,honest,honest,0.0
6197,94.4283977,3.0558,78.81936666666687,0.2149040175166676,47.15853140000001,honest,honest,0.0
6198,105.806081375,0.0,71.62839999999997,0.05000000000000002,74.47431804683316,honest,honest,2.845918046833191
6199,109.26205672500001,2.098911,66.30140000000014,0.05,109.26205672500001,honest,honest,40.861745724999864
6200,92.098554425,53.85536633333332,54.50563333333336,0.12724661489791675,92.098554425,honest,honest,0.0
6201,114.30590355,457.45512366666577,50.66893333333338,0.2875,99.62904671939582,honest,honest,0.0
6202,120.186868675,884.0450803333326,39.02043333333334,0.2875,75.061868675,honest,honest,0.0
6203,119.64232620000001,1542.8473920000022,36.62320000000009,0.2875,74.51732620000001,honest,honest,0.0
6204,96.710441175,2162.9853643333317,28.92999999999997,0.2875,51.585441175,honest,honest,0.0
6205,92.655265525,4527.495202000017,30.12659999999989,0.2875,47.530265525000004,hide_information,honest,0.0
6206,89.299100875,4565.484510666668,24.00526666666663,0.2875,44.17410087499999,honest,honest,0.0
6207,108.48285245,2169.991285000004,28.791666666666615,0.2875,63.357852449999996,hide_information,honest,0.0
6208,108.20982745,1604.6931910000003,27.331399999999977,0.2875,63.084827450000006,hide_information,honest,0.0
6209,108.39753235,1062.9247850000008,24.758100000000034,0.2875,63.272532350000006,honest,honest,0.0
6210,95.3710718,291.7741640000005,29.43796666666661,0.2875,50.246071799999996,honest,honest,0.0
6211,96.753415,81.93379333333324,27.992433333333345,0.2875,51.628415000000004,honest,honest,0.0
6212,96.494331075,2.534189,30.204100000000125,0.05,51.369331075000005,honest,honest,18.631042074999883
6213,96.19515050000001,4.301088999999998,31.20970000000004,0.05,96.19515050000001,honest,honest,60.68436149999997
6214,98.022952025,5.419056333333334,33.47643333333333,0.05,98.022952025,honest,honest,59.12746235833333
6215,56.260354225,3.5586999999999995,21.33936666666665,0.05,56.260354225,honest,honest,31.362287558333353
6216,37.0673329,0.0,23.723766666666663,0.0838063675,37.0673329,honest,hide_information,20.460696233333334
6217,37.106581274999996,0.0,27.658333333333363,0.08941312500000004,30.683371449999996,honest,hide_information,11.322538116666642
6218,37.109589875000005,0.6344446666666667,28.201566666666626,0.05,29.621096124999998,honest,honest,0.785084791666705
6219,37.459403325,0.0,34.14749999999986,0.0986601874999998,37.459403325,honest,hide_information,13.556153325000096
6220,56.452426075000005,0.0,36.61250000000012,0.05,47.20699045000004,honest,honest,10.594490449999924
6221,93.6918487,0.0,37.48206666666663,0.05,93.6918487,honest,honest,56.20978203333336
6222,104.460485775,0.0,42.452100000000016,0.05,104.460485775,honest,honest,62.00838577499998
6223,104.5533819,23.20118800000001,33.80486666666662,0.05,104.5533819,honest,honest,47.54732723333338
6224,85.904557275,53.47763233333334,28.561633333333308,0.05,85.904557275,honest,honest,3.865291608333351
6225,104.67349675,193.4468109999997,21.87110000000008,0.2875,104.67349675,honest,honest,0.0
6226,106.5146139,518.1386436666668,18.35913333333328,0.2875,61.3896139,honest,honest,0.0
6227,105.4224565,871.0612843333342,16.457866666666636,0.2875,60.297456499999996,honest,honest,0.0
6228,86.29998945,1579.263950999997,15.3917333333333,0.2875,41.17498945,honest,hide_information,0.0
6229,86.197104775,4428.095469333331,14.76846666666667,0.2875,41.072104775,honest,honest,0.0
6230,86.21133110000001,2922.784769999997,13.387633333333335,0.2875,41.08633110000001,honest,honest,0.0
6231,106.75776139999999,4122.213726333329,12.126799999999998,0.2875,61.63276139999999,hide_information,honest,0.0
6232,107.208370025,4536.750300999995,11.942999999999984,0.2875,62.083370024999994,honest,honest,0.0
6233,107.045925775,2687.022348000002,10.380833333333362,0.2875,61.920925775,honest,honest,0.0
6234,94.48127585,458.5143356666672,13.69723333333332,0.2875,49.35627585,honest,honest,0.0
6235,96.847925375,106.13183533333294,18.63403333333336,0.2875,51.722925375,honest,honest,0.0
6236,96.60126464999999,3.866867,14.086299999999984,0.05,51.47626464999999,honest,honest,33.52309765000001
6237,96.26449535,9.360722333333332,18.604900000000026,0.05,96.26449535,honest,honest,68.29887301666665
6238,98.14688294999999,0.4050333333333333,12.736666666666697,0.05,98.14688294999999,honest,honest,85.00518294999996
6239,56.368099825,1.7112443333333331,15.9281666666667,0.05,56.368099825,honest,honest,38.72868882499997
6240,37.1501306,0.0,12.31019999999996,0.06754203499999994,37.1501306,honest,hide_information,28.532990600000026
6241,37.207962800000004,0.0,10.5818333333333,0.06507911249999995,33.874976150000016,honest,hide_information,26.467692816666705
6242,37.2181437,0.0,11.47573333333335,0.06635292000000002,34.35311232500001,honest,hide_information,26.32009899166667
6243,37.607486825,0.0,11.56786666666668,0.06648421000000002,34.500432024999995,honest,hide_information,26.40292535833332
6244,56.612599599999996,0.0,12.831966666666634,0.05,53.48059969999999,honest,honest,40.648633033333354
6245,93.868792375,0.0,15.785900000000003,0.05,93.868792375,honest,honest,78.082892375
6246,104.62549647499999,0.0,20.81063333333329,0.05,104.62549647499999,honest,honest,83.8148631416667
6247,104.638840975,0.1630333333333333,16.20243333333334,0.05,104.638840975,honest,honest,88.27337430833332
6248,85.991211675,49.235733,27.449466666666684,0.05,85.991211675,honest,honest,9.306012008333312
6249,104.7954274,316.06590900000066,17.695366666666718,0.2875,104.7954274,honest,honest,0.0
6250,107.655070975,758.871400666665,15.25356666666665,0.2875,62.530070975,honest,honest,0.0
6251,110.40854075,1488.7057529999968,12.660400000000015,0.2875,65.28354075,honest,honest,0.0
6252,89.2776484,1413.3343690000004,9.22516666666666,0.2875,44.152648400000004,honest,hide_information,0.0
6253,86.5995686,1809.275832999999,11.176866666666657,0.2875,41.4745686,honest,honest,0.0
6254,86.22462045,2200.009226999999,10.662033333333351,0.2875,41.09962045,honest,honest,0.0
6255,106.190015325,1741.8558779999996,10.667033333333308,0.2875,61.065015325000005,hide_information,honest,0.0
6256,106.774634625,1096.009910333334,9.85100000000002,0.2875,61.649634625000004,honest,honest,0.0
6257,107.3772439,1269.019310999999,9.951300000000016,0.2875,62.252243899999996,honest,honest,0.0
6258,94.45173885000001,509.78324766666645,12.80726666666666,0.2875,49.32673885000001,honest,honest,0.0
6259,96.79649384999999,69.56343466666664,12.820899999999996,0.19588599387916655,51.67149384999999,honest,honest,0.0
6260,96.540470125,4.966722333333334,11.84913333333331,0.05,68.82213128795836,honest,honest,52.006275621291714
6261,96.234597725,2.435378,11.491533333333356,0.05,96.234597725,honest,honest,82.30768639166665
6262,98.11456315,2.067744333333333,12.23603333333333,0.05,98.11456315,honest,honest,83.81078548333333
6263,56.32833665,1.8049673333333327,11.91716666666667,0.05,56.32833665,honest,honest,42.60620264999999
6264,37.12652695,0.0,13.372866666666708,0.06905633500000007,37.12652695,honest,hide_information,27.765520283333302
6265,37.19915555,0.0,17.464000000000002,0.07488620000000001,33.57845189999999,honest,hide_information,21.35365189999999
6266,37.232232925000005,0.0,22.375033333333366,0.08188442250000005,32.503854925000006,honest,hide_information,16.841331591666652
6267,38.966806875,0.0,24.787966666666662,0.0853228525,32.90876659999999,honest,hide_information,15.55718993333333
6268,58.011022475000004,0.0,17.889300000000034,0.05,51.29968050000001,honest,honest,33.410380499999974
6269,94.565038375,0.0,14.34820000000004,0.05,94.565038375,honest,honest,80.21683837499997
6270,104.714338575,0.8275776666666667,10.586299999999962,0.05,104.714338575,honest,honest,93.30046090833338
6271,104.69445307499998,4.567088666666667,13.652366666666651,0.05,104.69445307499998,honest,honest,86.47499774166667
6272,85.9245761,96.29797666666684,20.45490000000002,0.19643442769166763,85.9245761,honest,honest,0.0
6273,104.623535675,595.762515666668,14.026599999999965,0.2875,76.80099441358314,honest,honest,0.0
6274,106.337717225,967.5868340000012,12.829000000000006,0.2875,61.212717225000006,honest,honest,0.0
6275,104.64320190000001,1275.3351233333358,13.564366666666682,0.2875,59.51820190000001,honest,honest,0.0
6276,85.834788225,2467.1231529999973,11.174299999999953,0.2875,40.709788225,honest,hide_information,0.0
6277,85.83815209999999,2932.359121666664,12.55593333333333,0.2875,40.71315209999999,honest,honest,0.0
6278,85.785060625,3546.640219333316,11.135333333333284,0.2875,40.660060625,honest,honest,0.0
6279,104.38125174999999,2121.8063496666687,11.70996666666663,0.2875,59.25625174999999,honest,honest,0.0
6280,104.39101432499999,2303.643614000002,15.28063333333334,0.2875,59.266014324999986,honest,honest,0.0
6281,104.4131908,930.6533426666656,18.439633333333347,0.2875,59.288190799999995,honest,honest,0.0
6282,96.231472025,299.2239893333342,17.978366666666705,0.2875,51.106472025,honest,honest,0.0
6283,96.188855675,52.72697299999989,19.26593333333329,0.1494129906270826,51.063855675,honest,honest,0.0
6284,96.05190395,2.520056,23.715199999999964,0.05,77.1634357308543,honest,honest,50.92817973085434
6285,96.00097832499999,0.0636333333333333,27.47100000000009,0.05,96.00097832499999,honest,honest,68.46634499166657
6286,97.92991712499999,3.8256333333333328,30.77373333333336,0.05,97.92991712499999,honest,honest,63.33055045833329
6287,56.10481755000001,0.474711,36.17996666666665,0.05,56.10481755000001,honest,honest,19.450139883333357
6288,36.88757795,0.0,43.72660000000014,0.11231040500000021,36.88757795,honest,hide_information,6.278957949999906
6289,36.947653224999996,0.0,42.09053333333334,0.13066382102708357,25.108676274999958,honest,honest,0.0
6290,36.96123305,0.0,45.85103333333339,0.16502564982277654,21.63510705485412,honest,honest,0.0
6291,37.300938025,0.0,49.44619999999998,0.21150064334630575,15.446064558672457,honest,honest,0.0
6292,56.286576325000006,0.0,54.065400000000025,0.18520374307629106,25.60145408920191,honest,honest,0.0
6293,96.18166049999999,0.0,44.49300000000004,0.05000000000000002,70.49294931550469,honest,honest,25.99994931550465
6294,104.29870585,0.0,46.12846666666681,0.05,104.29870585,honest,honest,58.170239183333194
6295,104.3768376,0.3448666666666666,44.57576666666659,0.05,104.3768376,honest,honest,59.456204266666745
6296,85.73432735,43.97496633333332,33.012733333333294,0.05,85.73432735,honest,honest,8.746627683333386
6297,104.480432725,378.0455180000008,28.08183333333319,0.2875,104.480432725,hide_information,honest,0.0
6298,106.27900052499999,546.5288813333325,22.046266666666625,0.2875,61.15400052499999,hide_information,honest,0.0
6299,104.59987104999999,705.7431579999992,16.645766666666674,0.2875,59.47487104999999,hide_information,honest,0.0
6300,85.809936975,1027.0656093333337,16.903233333333297,0.2875,40.684936975,honest,honest,0.0
6301,85.81762859999999,1288.6699333333322,21.313366666666717,0.2875,40.69262859999999,honest,honest,0.0
6302,85.790547425,1532.615462666667,25.25329999999993,0.2875,40.665547425,honest,honest,0.0
6303,104.357596075,2191.7545526666668,31.497300000000045,0.2875,59.232596075000004,hide_information,honest,0.0
6304,104.3646454,2521.103048999992,36.31089999999988,0.2875,59.2396454,hide_information,honest,0.0
6305,104.36513724999999,1499.645646000003,40.27696666666679,0.2875,59.24013724999999,hide_information,honest,0.0
6306,96.54743105,916.0650669999976,43.614900000000176,0.2875,51.42243105,honest,honest,0.0
6307,96.47981705,119.4220090000004,42.20906666666658,0.2875,51.354817049999994,honest,honest,0.0
6308,96.262045625,8.621511666666667,26.657,0.05,51.137045625,honest,honest,15.858533958333332
6309,95.94959270000001,9.999078333333332,31.535266666666672,0.05,95.94959270000001,honest,honest,54.41524770000001
6310,97.87731600000001,6.472056,45.30826666666675,0.05,97.87731600000001,honest,honest,46.09699333333325
6311,56.02166685,2.3510776666666664,35.49483333333336,0.05,56.02166685,honest,honest,18.175755849999973
6312,36.81863295,0.0,49.358566666666846,0.12033595750000026,36.81863295,honest,hide_information,2.2676362833332107
6313,36.894705975,0.0,47.85423333333324,0.16553595659583312,23.53087404999995,honest,honest,0.0
6314,36.927920775000004,0.0,46.42616666666678,0.19938786881315657,14.976089021791712,honest,honest,0.0
6315,37.282536825,0.0,43.547833333333216,0.21458271001845658,8.898841750500253,honest,honest,0.0
6316,56.294027625,0.0,44.72896666666664,0.1436018562395736,25.023312721493248,honest,honest,0.0
6317,96.189277775,0.0,48.2024333333332,0.05000000000000002,78.40492508948101,honest,honest,30.202491756147815
6318,104.26913362500001,0.0,38.11466666666661,0.05,104.26913362500001,honest,honest,66.1544669583334
6319,104.33198125000001,1.1063333333333332,25.8968,0.05,104.33198125000001,honest,honest,77.32884791666669
6320,85.67923225,14.122310333333337,34.536033333333414,0.07012429222500002,85.67923225,hide_information,honest,41.25758168333325
6321,104.437773525,304.8321343333338,34.043733333333435,0.2875,100.61415800225,hide_information,honest,0.0
6322,106.2189248,693.1968499999999,31.3828,0.2875,61.093924799999996,hide_information,honest,0.0
6323,104.4889191,1402.103194333333,29.21356666666661,0.2875,59.363919100000004,hide_information,honest,0.0
6324,85.674589575,2660.10405466666,24.30626666666665,0.2875,40.549589575,honest,honest,0.0
6325,85.67182600000001,1243.1348013333345,25.604799999999937,0.2875,40.54682600000001,honest,honest,0.0
6326,85.629727925,1161.0423043333349,23.602399999999893,0.2875,40.504727925,honest,honest,0.0
6327,104.24763027499999,1049.4843773333316,18.99589999999996,0.2875,59.12263027499999,hide_information,honest,0.0
6328,104.27303847499999,842.1265776666646,16.306600000000007,0.2875,59.14803847499999,hide_information,honest,0.0
6329,104.2479623,727.3172053333329,17.144600000000093,0.2875,59.1229623,hide_information,honest,0.0
6330,96.40062855,347.6726619999996,21.66653333333335,0.2875,51.27562854999999,honest,honest,0.0
6331,96.33836262499999,50.68654133333321,24.116633333333382,0.1620516071979164,51.21336262499999,honest,honest,0.0
6332,96.13099977499999,4.478756,22.0048,0.05,74.84119440739588,honest,honest,48.357638407395875
6333,95.848771625,0.0550666666666666,28.421833333333375,0.05,95.848771625,honest,honest,67.37187162499995
6334,97.8515109,0.1110999999999999,36.01643333333334,0.0501583175,97.8515109,hide_information,honest,61.757307566666654
6335,55.986187675,0.1028,34.75876666666671,0.05014649000000002,55.956107349999996,hide_information,honest,21.12538068333329
6336,36.760796275000004,0.8291666666666667,40.90343333333341,0.10828739250000012,36.732963175,honest,hide_information,7.27139317499995
6337,36.8271476,0.0150666666666666,44.787633333333424,0.14048824563125054,25.75254302499998,honest,honest,0.0
6338,36.85696485,0.8291666666666667,45.91256666666671,0.1786182919780372,19.664198180062396,honest,honest,0.0
6339,38.502313799999996,0.0150666666666666,49.89160000000009,0.22024868462684566,14.064838324172928,honest,honest,0.0
6340,57.511050125,0.0,52.83883333333343,0.181456408115312,25.163800045899322,honest,honest,0.0
6341,96.68462162499999,0.0,48.02560000000002,0.05,71.70790408309071,honest,honest,23.682304083090692
6342,104.22497075000001,1.686,46.09743333333326,0.05,104.22497075000001,honest,honest,56.441537416666755
6343,104.26157529999999,0.9995666666666668,43.94313333333338,0.05,104.26157529999999,honest,honest,59.318875299999945
6344,85.57165124999999,20.791243666666663,35.207766666666764,0.05,85.57165124999999,honest,honest,29.572640916666558
6345,104.328099575,106.15953366666652,32.58299999999987,0.21346856193541536,104.328099575,honest,honest,0.0
6346,106.221640025,590.5183323333337,27.527033333333357,0.2875,75.16261325727108,honest,honest,0.0
6347,104.50011895,568.2917383333316,29.86266666666672,0.2875,59.37511895,honest,honest,0.0
6348,85.691325025,511.1076066666658,24.92016666666672,0.2875,40.566325025,honest,hide_information,0.0
6349,85.70834310000001,924.1924313333348,21.069533333333307,0.2875,40.58334310000001,honest,honest,0.0
6350,85.698620075,841.9438853333344,21.855633333333355,0.2875,40.573620074999994,honest,honest,0.0
6351,104.3066707,1002.4364179999988,14.714666666666687,0.2875,59.1816707,hide_information,honest,0.0
6352,104.315911275,815.2610053333325,12.492466666666669,0.2875,59.190911275000005,hide_information,honest,0.0
6353,104.313382625,227.3210540000002,11.451733333333348,0.2875,59.188382625,honest,honest,0.0
6354,96.1109169,159.76922133333355,24.36276666666669,0.2875,50.98591690000001,honest,honest,0.0
6355,96.05803610000001,46.96856766666657,27.278100000000027,0.1607397499416663,50.93303610000001,honest,honest,0.0
6356,95.92995540000001,7.721911333333333,25.06990000000001,0.05000000000000002,74.88940291108342,honest,honest,42.09759157775008
6357,95.904262725,0.6716666666666667,25.37776666666672,0.05,95.904262725,honest,honest,69.85482939166661
6358,97.86546584999999,1.4157443333333333,30.41569999999999,0.05,97.86546584999999,honest,honest,66.03402151666667
6359,56.01109927499999,1.667589,33.56713333333332,0.05,56.01109927499999,honest,honest,20.776376941666676
6360,36.796987175,0.0,40.90160000000014,0.10828478000000019,36.796987175,honest,hide_information,8.165867174999903
6361,36.876414825,0.0,44.3850999999999,0.1382682685312497,25.802306624999964,honest,honest,0.0
6362,36.924671075,0.0150666666666666,41.40846666666664,0.1510317080765361,20.153700054062558,honest,honest,0.0
6363,37.3007594,0.0,51.60313333333312,0.20911739272240615,18.104734865458138,honest,honest,0.0
6364,56.3141846,0.0,53.08000000000013,0.1782410700819722,26.081879982742826,honest,honest,0.0
6365,96.221297,0.0,47.41320000000013,0.05,71.85549368442528,honest,honest,24.442293684425152
6366,104.2992499,1.1069336666666667,23.909166666666717,0.05,104.2992499,honest,honest,79.28314956666662
6367,104.32894725,3.7632443333333327,21.629933333333323,0.05,104.32894725,honest,honest,78.93576958333334
6368,85.680881775,1.7158779999999998,28.44773333333323,0.05,85.680881775,honest,honest,55.517270441666774
6369,104.496537925,95.14171066666624,23.81019999999994,0.11866302052291436,104.496537925,honest,honest,0.0
6370,106.388472975,514.435841666665,19.38373333333333,0.2875,93.34249907564627,honest,honest,0.0
6371,104.7450197,709.3802896666647,12.498499999999945,0.2875,59.6200197,honest,honest,0.0
6372,85.91051970000001,624.162679666667,8.775966666666669,0.2875,40.78551970000001,honest,hide_information,0.0
6373,85.9185633,673.1483366666664,9.56473333333332,0.2875,40.7935633,honest,honest,0.0
6374,85.88009615000001,270.5666903333335,10.06183333333331,0.2875,40.755096150000014,honest,honest,0.0
6375,104.446832075,220.403208,11.09143333333338,0.2875,59.321832075,hide_information,honest,0.0
6376,104.416719575,179.02577466666736,13.127166666666657,0.2875,59.291719575,hide_information,honest,0.0
6377,104.42246519999999,79.89170100000014,18.80520000000002,0.23714732005000083,59.29746519999999,honest,honest,0.0
6378,96.61142935000001,21.648689666666684,18.58193333333342,0.05000000000000002,61.053438540499855,honest,honest,20.822815540499747
6379,96.55527042499999,19.816054666666677,26.089333333333368,0.05,96.55527042499999,honest,honest,50.649882424999944
6380,96.35510965,3.727821333333334,29.81456666666656,0.05,96.35510965,honest,honest,62.81272165000011
6381,96.07523145,4.406666333333334,34.61463333333327,0.05,96.07523145,honest,honest,57.0539317833334
6382,97.96346555,0.4049996666666666,37.45260000000006,0.05,97.96346555,honest,honest,60.105865883333266
6383,56.173125199999994,0.2327443333333333,31.06826666666667,0.05,56.173125199999994,honest,honest,24.87211419999999
6384,36.961634675,0.0,48.88476666666667,0.1196607925,36.961634675,honest,hide_information,2.7422980083333286
6385,37.030739675,0.0,52.431933333333205,0.18602453510833272,23.7951891,honest,honest,0.0
6386,37.055019275,0.4186333333333333,35.673199999999994,0.1681870097123536,11.210357604416782,honest,honest,0.0
6387,37.436538025,0.0,51.00353333333347,0.22110700397998312,14.981006179652816,honest,honest,0.0
6388,56.442909674999996,0.0,37.99203333333333,0.11678240846901812,23.932578918803202,honest,honest,0.0
6389,96.339314,0.0,51.82199999999989,0.05,83.65065639088655,honest,honest,31.828656390886664
6390,104.42558722499999,0.0,43.203666666666685,0.05,104.42558722499999,honest,honest,61.2219205583333
6391,104.44016495,0.028,39.97209999999989,0.05,104.44016495,honest,honest,64.4400649500001
6392,85.720541575,2.231033333333333,19.9262333333333,0.05,85.720541575,honest,honest,63.56327490833337
6393,104.51135512500001,51.62599833333334,26.62386666666661,0.05,104.51135512500001,honest,honest,26.26149012500005
6394,106.28933835,350.7806646666661,16.674466666666657,0.2875,106.28933835,honest,honest,0.0
6395,104.59708982500001,950.217597666666,10.766666666666667,0.2875,59.47208982500001,honest,honest,0.0
6396,85.791952925,849.7814783333349,5.325333333333319,0.2875,40.666952925000004,honest,hide_information,0.0
6397,85.80219400000001,1061.1872436666667,6.947499999999983,0.2875,40.677194000000014,honest,honest,0.0
6398,85.772406225,1407.761591666665,11.100466666666708,0.2875,40.647406225,honest,honest,0.0
6399,104.369877,1504.291264333334,10.942300000000005,0.2875,59.244877,hide_information,honest,0.0
6400,104.346865725,1015.409313333334,12.764399999999998,0.2875,59.221865725,hide_information,honest,0.0
6401,104.36261025,689.7814893333323,11.950166666666652,0.2875,59.23761025,honest,honest,0.0
6402,96.5542398,237.49685100000025,13.314300000000037,0.2875,51.429239800000005,honest,honest,0.0
6403,96.511399375,19.430569000000016,13.767566666666704,0.05,51.386399374999996,honest,honest,18.188263708333274
6404,96.32520872500001,4.400556000000001,13.66393333333334,0.05,96.32520872500001,honest,honest,78.26071939166667
6405,96.04202174999999,0.4992220000000001,18.775233333333397,0.05,96.04202174999999,honest,honest,76.7675664166666
6406,97.95244269999999,0.1805556666666666,20.2799333333333,0.05,97.95244269999999,honest,honest,77.49195370000002
6407,56.147696275,3.108333,20.756066666666705,0.05,56.147696275,honest,honest,32.283296608333295
6408,36.946273925,0.0,25.3332666666666,0.08609990499999991,36.946273925,honest,hide_information,19.21298725833338
6409,36.9574777,0.0,25.66933333333342,0.08657880000000012,30.098495750000016,honest,hide_information,12.129962416666622
6410,36.943451075,0.0,30.353266666666592,0.05170899106041643,29.993479074999975,honest,honest,0.0
6411,37.326660775,0.0,35.720266666666625,0.10090137999999993,37.00195247352088,honest,hide_information,11.997765806854243
6412,56.355982275,0.0,37.16433333333331,0.05000000000000001,46.684720075000016,honest,honest,9.520386741666705
6413,96.289084375,0.0,36.93399999999989,0.05,96.289084375,honest,honest,59.35508437500011
6414,104.4182608,0.0,29.446266666666716,0.05,104.4182608,honest,honest,74.97199413333328
6415,104.41505022499999,0.0,25.98603333333327,0.05,104.41505022499999,honest,honest,78.42901689166672
6416,85.71704705,13.643344333333332,20.72363333333327,0.05,85.71704705,honest,honest,51.350069383333405
6417,104.54758849999999,356.5636743333332,17.801233333333332,0.2875,104.54758849999999,honest,honest,0.0
6418,106.49523575,735.9934096666675,18.98356666666666,0.2875,61.370235750000006,honest,honest,0.0
6419,105.646524325,985.6203349999986,12.071700000000003,0.2875,60.521524325,honest,honest,0.0
6420,86.164439825,1465.515759000004,10.338033333333373,0.2875,41.039439825,honest,hide_information,0.0
6421,86.168985875,1360.956259000001,7.856800000000018,0.2875,41.043985875000004,honest,honest,0.0
6422,86.148294125,1342.7551306666676,16.2483,0.2875,41.02329412500001,honest,honest,0.0
6423,105.65401872500001,1009.1568990000007,7.100466666666642,0.2875,60.529018725000014,hide_information,honest,0.0
6424,107.00973490000001,1049.9860256666666,20.865099999999995,0.2875,61.88473490000001,honest,honest,0.0
6425,108.07160662499999,789.5902820000013,14.016299999999998,0.2875,62.94660662499999,honest,honest,0.0
6426,97.7682137,336.3867723333325,11.218,0.2875,52.643213700000004,honest,honest,0.0
6427,96.85831952499998,27.786852999999983,29.37873333333333,0.07580326733958329,51.733319524999985,honest,honest,0.0
6428,96.589043025,7.009244666666667,29.055433333333347,0.05,91.68642223047917,honest,honest,55.62174423047915
6429,96.238583325,1.2968223333333335,23.628566666666767,0.05,96.238583325,honest,honest,71.3131943249999
6430,98.10681352499999,0.2277776666666666,28.020399999999952,0.05,98.10681352499999,honest,honest,69.85863585833337
6431,56.278533875,0.6588883333333335,32.13670000000004,0.05,56.278533875,honest,honest,23.48294554166663
6432,37.060425675,0.0,37.63336666666681,0.10362754750000022,37.060425675,honest,hide_information,10.717069008333233
6433,37.089038825,0.2155553333333333,34.083733333333385,0.0851475483666671,26.899804799999963,honest,honest,0.0
6434,37.113134425,0.2155553333333333,38.46036666666664,0.10480602249999996,30.43510023533325,honest,hide_information,3.2972882353332693
6435,38.753283125,0.2155553333333333,47.82473333333316,0.14357571162916577,28.340138850000013,honest,honest,0.0
6436,57.772103875,0.0,36.41133333333333,0.10188615000000001,39.992718665458504,honest,hide_information,14.504785332125174
6437,96.95326957500001,0.2155553333333333,52.95833333333346,0.05,87.09490107500001,honest,honest,33.92101240833322
6438,104.47789295,1.293644,42.9614333333334,0.05,104.47789295,honest,honest,60.222815616666594
6439,104.539334975,1.3042999999999998,49.96959999999989,0.05,104.539334975,honest,honest,53.26543497500011
6440,85.96905550000001,19.647466,37.40936666666664,0.05,85.96905550000001,honest,honest,28.912222833333367
6441,104.85035795,243.483821666667,37.07753333333336,0.2875,104.85035795,honest,honest,0.0
6442,110.72757205,682.8390620000006,27.771499999999985,0.2875,65.60257205,honest,honest,0.0
6443,117.36318947499998,844.9523273333323,27.146033333333275,0.2875,72.23818947499998,honest,honest,0.0
6444,98.88979407500001,1590.2055740000003,26.893033333333413,0.2875,53.76479407500001,honest,honest,0.0
6445,96.71823455,3155.32363266666,30.857133333333312,0.2875,51.593234550000005,hide_information,honest,0.0
6446,95.066885375,3706.196231000004,42.03673333333317,0.2875,49.941885375,hide_information,honest,0.0
6447,116.06342014999998,2776.2315553333297,38.95346666666657,0.2875,70.93842014999998,honest,honest,0.0
6448,117.06106737500001,1488.0549179999991,43.56190000000013,0.2875,71.93606737500001,honest,honest,0.0
6449,115.735611775,680.670776333335,51.43036666666678,0.2875,70.610611775,honest,honest,0.0
6450,99.386602125,221.96076466666693,50.804700000000125,0.2875,54.261602124999996,honest,honest,0.0
6451,96.65753515,52.53765500000011,49.88240000000013,0.2875,51.53253515,honest,honest,0.0
6452,96.261578175,3.941311,49.491600000000105,0.06090758091875051,51.136578175,honest,honest,0.0
6453,96.21578825,5.387588333333333,47.00813333333336,0.05,94.14334787543741,honest,honest,41.74762620877072
6454,98.10304835,1.0861993333333333,50.24666666666683,0.05,98.10304835,honest,honest,46.77018234999983
6455,56.276269075,0.6705326666666668,43.567333333333366,0.05,56.276269075,honest,honest,12.03840307499997
6456,37.031851125,3.116111,38.892700000000026,0.10542209750000003,37.031851125,honest,hide_information,6.6908501249999865
6457,37.086001350000004,0.0208333333333333,42.09123333333348,0.12389225324791736,26.555802825,honest,honest,0.0
6458,37.12221875,0.0,40.4000000000002,0.13225721949374636,23.082690632895705,honest,honest,0.0
6459,37.4940622,0.0,39.88676666666668,0.13560248680977283,21.865190496188195,honest,honest,0.0
6460,56.49430175,1.343611,34.43903333333334,0.09907562250000004,40.22982925614316,honest,hide_information,14.778894922809826
6461,96.3995046,0.0,39.536133333333325,0.05,87.07513632499999,honest,honest,47.53900299166666
6462,104.505854625,0.0,35.46263333333336,0.05,104.505854625,honest,honest,69.04322129166664
6463,104.57711164999999,1.3868666666666665,34.210366666666665,0.05,104.57711164999999,honest,honest,68.97987831666666
6464,86.01570385000001,1.925455333333333,33.01959999999994,0.05,86.01570385000001,honest,honest,51.070648516666736
6465,105.33907102500001,13.974521,31.502466666666727,0.069913692425,105.33907102500001,hide_information,honest,64.05443965833328
6466,113.570445425,131.4928853333331,32.91173333333338,0.2875,109.78684386425,hide_information,honest,0.0
6467,119.1204422,541.6361203333335,31.570433333333405,0.2875,73.9954422,hide_information,honest,0.0
6468,100.602622575,1039.8869829999985,30.00653333333348,0.2875,55.477622575,hide_information,honest,0.0
6469,99.27635717499999,1046.1291383333332,32.44189999999993,0.2875,54.15135717499999,hide_information,honest,0.0
6470,97.304525275,881.7615449999996,30.554066666666664,0.2875,52.179525275,hide_information,honest,0.0
6471,118.62708055,785.6245290000003,31.762233333333363,0.2875,73.50208055,hide_information,honest,0.0
6472,120.059636525,690.1345209999985,29.05059999999999,0.2875,74.934636525,hide_information,honest,0.0
6473,121.445181825,147.25471700000028,30.919366666666743,0.2875,76.320181825,honest,honest,0.0
6474,103.04431770000001,51.25848833333332,31.171433333333376,0.1664253688416668,57.91931770000001,honest,honest,0.0
6475,99.63248737500001,2.110056,32.946933333333305,0.05,77.51166729508331,honest,honest,42.45467796175001
6476,96.94460545,0.5728219999999999,34.610433333333255,0.05,96.94460545,honest,honest,61.76135011666674
6477,96.356584,0.319444,37.49640000000006,0.05,96.356584,honest,honest,58.54073999999994
6478,98.22126617500001,2.4830666666666663,34.0623,0.05,98.22126617500001,honest,honest,61.675899508333345
6479,56.42018095,0.0914333333333333,43.76259999999989,0.05,56.42018095,honest,honest,12.566147616666775
6480,37.202676499999995,0.0,43.9086666666666,0.1125698499999999,37.202676499999995,honest,hide_information,6.466609833333379
6481,37.247198749999995,0.0,56.07300000000001,0.19589184556249997,25.358927250000015,honest,honest,0.0
6482,37.2637435,0.1754,61.97946666666665,0.2875,9.544292843125007,honest,honest,0.0
6483,37.6462139,0.0,48.81286666666672,0.32122314877193003,0.0,honest,honest,0.0
6484,56.634836625,0.0,66.72290000000004,0.29556525403508793,6.634836624999998,honest,honest,0.0
6485,96.554636625,0.0,59.8463333333333,0.09725820113125003,49.8972383583333,honest,honest,0.0
6486,104.68676352499999,0.0,62.09393333333362,0.05,95.70770531006248,honest,honest,33.61377197672886
6487,104.78621204999999,0.0,63.92843333333335,0.05,104.78621204999999,honest,honest,40.85777871666664
6488,86.144373475,1.1257663333333332,60.64879999999996,0.05,86.144373475,honest,honest,24.369807141666705
6489,106.05997,100.45301766666664,62.52976666666663,0.2875,106.05997,hide_information,honest,0.0
6490,115.823667425,280.7523533333324,68.9373000000001,0.2875,70.698667425,hide_information,honest,0.0
6491,124.10537095000001,410.1452083333349,70.33159999999977,0.2875,78.98037095000001,hide_information,honest,0.0
6492,107.51746075,554.4819296666676,76.87849999999986,0.2875,62.39246075,hide_information,honest,0.0
6493,105.3659467,575.6578053333341,74.63513333333326,0.2875,60.240946699999995,hide_information,honest,0.0
6494,102.603902475,654.9579349999987,74.23509999999993,0.2875,57.478902475,hide_information,honest,0.0
6495,125.073718375,601.7573369999996,73.99569999999972,0.2875,79.948718375,hide_information,honest,0.0
6496,129.0590207,527.3654200000003,63.76276666666664,0.2875,83.93402069999999,hide_information,honest,0.0
6497,134.28869692499998,87.93810566666694,67.81456666666683,0.2875,89.16369692499998,honest,honest,0.0
6498,114.83094510000001,36.91495233333333,59.74816666666664,0.1780465760249998,69.70594510000001,honest,honest,0.0
6499,109.78746577500002,5.982122666666666,62.80220000000006,0.05000000000000002,85.45861633025005,honest,honest,16.674293663583327
6500,103.813675725,0.4841,60.07546666666656,0.05,103.813675725,honest,honest,43.25410905833344
6501,98.537553525,0.1062333333333333,55.90766666666675,0.05,98.537553525,honest,honest,42.52365352499992
6502,98.5446057,1.3572333333333335,39.05966666666663,0.05,98.5446057,honest,honest,58.12770570000004
6503,56.655614549999996,0.7402776666666668,34.928966666666675,0.05,56.655614549999996,honest,honest,20.986370216666657
6504,37.401766225,0.0,42.21009999999997,0.11014939249999997,37.401766225,honest,hide_information,7.854696225000026
6505,37.4485122,6.551589,36.33950000000005,0.1301370665312502,26.020127625000008,honest,honest,0.0
6506,37.47149795,0.5555556666666667,39.77230000000005,0.13589140169862018,22.245455309062464,honest,honest,0.0
6507,39.4250209,0.0,32.98533333333325,0.09692847409133767,23.105654577262165,honest,honest,0.0
6508,58.461057624999995,0.0,23.823833333333354,0.05,49.54464754764584,hide_information,honest,25.720814214312483
6509,97.59057775000001,0.0,31.615900000000032,0.05,97.59057775000001,honest,honest,65.97467774999998
6510,104.996566,0.0,29.12666666666663,0.05,104.996566,honest,honest,75.86989933333336
6511,105.24344814999999,0.4215886666666666,30.68196666666666,0.05,105.24344814999999,honest,honest,74.13989281666667
6512,86.235243425,12.614411333333337,23.096966666666663,0.05,86.235243425,honest,honest,50.523865425
6513,106.755230725,162.1391966666671,17.724466666666665,0.2875,106.755230725,honest,honest,0.0
6514,112.49271282500001,652.3165486666669,13.872466666666678,0.2875,67.36771282500001,honest,honest,0.0
6515,112.4534334,591.911241999999,8.617499999999977,0.2875,67.3284334,honest,honest,0.0
6516,88.577095575,1562.9104409999993,7.488133333333326,0.2875,43.452095575,honest,hide_information,0.0
6517,86.910652075,3665.0511233333295,8.597499999999995,0.2875,41.785652075,honest,honest,0.0
6518,86.24130805,2935.890373333331,8.080133333333333,0.2875,41.11630805,honest,honest,0.0
6519,106.76201642500001,3248.840668666679,8.260933333333343,0.2875,61.63701642500001,honest,honest,0.0
6520,108.76553637500001,1580.4437990000013,9.005933333333328,0.2875,63.64053637500001,honest,honest,0.0
6521,114.10877727500001,547.9733306666672,11.74656666666666,0.2875,68.98377727500001,honest,honest,0.0
6522,101.37907357499999,356.8802316666672,16.522699999999997,0.2875,56.25407357499999,honest,honest,0.0
6523,101.950017725,37.32380000000001,13.652499999999954,0.05,56.825017724999995,honest,honest,5.848717725000029
6524,98.82334540000001,7.512544666666666,12.22330000000004,0.05,98.82334540000001,honest,honest,79.0875007333333
6525,97.43313345000001,5.094666666666666,11.653966666666708,0.05,97.43313345000001,honest,honest,80.68450011666664
6526,98.43853055,1.2765,10.538533333333335,0.05,98.43853055,honest,honest,86.62349721666666
6527,56.622033099999996,0.7856890000000001,11.377699999999995,0.05,56.622033099999996,honest,honest,44.4586441
6528,37.412230875,0.3222,18.69143333333333,0.07663529249999998,37.412230875,honest,hide_information,24.00602754166667
6529,37.47881815,2.1638,20.913233333333345,0.07980135750000003,32.41811257500001,honest,hide_information,15.615049241666668
6530,37.509368225,0.1068333333333333,19.184800000000056,0.07733834000000009,31.847110299999997,honest,hide_information,18.310916966666625
6531,37.936429024999995,0.0,21.22993333333337,0.08025265500000006,32.74214442499998,honest,hide_information,17.881191091666622
6532,56.974360875,0.0,20.50053333333336,0.05,51.22635642499999,honest,honest,30.72582309166663
6533,96.925827075,0.0,21.065066666666585,0.05,96.925827075,honest,honest,75.86076040833342
6534,105.021378225,0.2986,14.524933333333326,0.05,105.021378225,honest,honest,90.19784489166668
6535,105.35234790000001,0.1605666666666666,13.10996666666666,0.05,105.35234790000001,honest,honest,92.08181456666668
6536,86.66347275,2.8181443333333336,11.41393333333334,0.05,86.66347275,honest,honest,72.43139508333333
6537,109.39558017499999,82.121813,9.895500000000004,0.05,109.39558017499999,honest,honest,17.37826717499999
6538,118.661735525,561.8628536666679,10.103499999999997,0.2875,118.661735525,honest,honest,0.0
6539,122.98158889999999,1024.528861666664,4.27146666666666,0.2875,77.85658889999999,honest,honest,0.0
6540,103.7795004,1922.1313210000023,4.209166666666675,0.2875,58.6545004,honest,honest,0.0
6541,103.27987354999999,788.6770223333326,6.992633333333318,0.2875,58.15487354999999,hide_information,honest,0.0
6542,102.13394890000001,296.3920536666666,12.95716666666666,0.2875,57.00894890000001,hide_information,honest,0.0
6543,118.957924725,353.7300776666665,15.43939999999998,0.2875,73.832924725,hide_information,honest,0.0
6544,118.3371462,146.31290633333373,17.89230000000003,0.2875,73.2121462,honest,honest,0.0
6545,123.982900775,24.420221333333323,25.65373333333328,0.05,78.857900775,honest,honest,28.783946108333396
6546,105.72257962500001,8.00407633333333,28.905933333333245,0.05,105.72257962500001,honest,honest,68.81256995833343
6547,99.108532275,19.578366666666668,33.75886666666668,0.05,99.108532275,honest,honest,45.77129894166666
6548,97.17541267499999,2.4717446666666665,33.278966666666705,0.05,97.17541267499999,honest,honest,61.42470134166662
6549,96.361869025,1.1451996666666666,35.78423333333347,0.05,96.361869025,honest,honest,59.43243602499987
6550,98.161161,0.3588443333333332,29.974399999999992,0.05,98.161161,honest,honest,67.82791666666668
6551,56.3357757,0.1219553333333333,33.857866666666666,0.05,56.3357757,honest,honest,22.3559537
6552,37.08780985,0.0,39.65786666666669,0.10651246000000004,37.08780985,honest,hide_information,9.327303183333317
6553,37.1068865,0.0,43.56013333333336,0.1316554176083335,26.369519099999994,honest,honest,0.0
6554,37.083389675,0.0,45.20863333333346,0.1622889217686049,21.568860329416637,honest,honest,0.0
6555,37.406293075,0.0,45.995333333333264,0.19213869312324894,16.07139793896507,honest,honest,0.0
6556,56.382648575000005,0.0,40.85123333333333,0.10450594814581549,29.376296881582704,honest,honest,0.0
6557,96.242160625,0.0,44.50859999999993,0.05,85.88603047729505,honest,honest,41.37743047729512
6558,104.31946955000001,0.0,44.63216666666656,0.05,104.31946955000001,honest,honest,59.687302883333444
6559,104.37228147500001,0.0,40.33406666666652,0.05,104.37228147500001,honest,honest,64.03821480833349
6560,85.7045129,0.4230446666666667,34.20166666666664,0.05,85.7045129,honest,honest,51.07980156666669
6561,104.51628682500001,9.725810666666666,29.46140000000002,0.05,104.51628682500001,honest,honest,65.32907615833332
6562,106.3777164,93.74184133333328,23.959100000000035,0.10378531843333327,106.3777164,honest,honest,0.0
6563,104.74671470000001,132.43290899999997,21.95776666666673,0.2875,94.52750419766669,honest,honest,0.0
6564,85.94383730000001,354.8864636666658,20.00826666666672,0.2875,40.81883730000001,honest,hide_information,0.0
6565,85.96474347499999,1127.546771000001,20.52276666666673,0.2875,40.83974347499999,honest,honest,0.0
6566,85.93150192499999,1865.4893786666687,22.93363333333328,0.2875,40.80650192499999,honest,honest,0.0
6567,104.525891575,2501.9933473333404,21.156399999999984,0.2875,59.400891575,hide_information,honest,0.0
6568,104.51760569999999,1499.3639406666668,21.52016666666671,0.2875,59.39260569999999,honest,honest,0.0
6569,107.1147455,697.3895126666681,23.646866666666767,0.2875,61.9897455,honest,honest,0.0
6570,96.617331775,286.48977233333375,25.179933333333317,0.2875,51.492331775,honest,honest,0.0
6571,96.511062975,3.3889666666666667,29.011366666666564,0.05,51.386062975,honest,honest,18.985729641666772
6572,96.288172875,0.5767556666666667,41.32230000000008,0.05,96.288172875,honest,honest,54.38911720833326
6573,95.98161772499999,2.6670773333333337,49.07866666666667,0.05,95.98161772499999,honest,honest,44.23587372499999
6574,97.904531325,0.1245333333333333,47.29389999999997,0.05,97.904531325,honest,honest,50.48609799166669
6575,56.0520978,0.0195333333333333,52.0302333333335,0.05,56.0520978,honest,honest,4.002331133333165
6576,36.834179975,0.0,68.00103333333338,0.1980425534520836,36.834179975,honest,hide_information,0.0
6577,36.870587525,0.0,66.94143333333345,0.2875,8.742502369104113,honest,honest,0.0
6578,36.8845145,0.0,73.1994666666667,0.33087097631578943,0.0,honest,honest,0.0
6579,37.242899125,0.0,79.71490000000031,0.37235571776315785,0.0,honest,honest,0.0
6580,56.257870525,1.3331,80.38030000000005,0.34669782302631574,6.257870525000001,honest,honest,0.0
6581,96.164113225,0.0,84.47339999999997,0.26550904047072355,46.164113224999994,honest,honest,0.0
6582,106.9266174,0.0,81.67693333333308,0.12456090970816011,65.97989971056253,honest,honest,0.0
6583,104.34883167500001,1.2799446666666665,76.22526666666644,0.05,90.1822588304496,honest,honest,12.67704749711649
6584,85.720671425,31.71741,70.1443666666668,0.12667024989791725,85.720671425,honest,honest,0.0
6585,104.5260015,301.4271330000003,57.01139999999997,0.2875,89.95865401939574,honest,honest,0.0
6586,106.3904692,631.533636666666,70.09600000000025,0.2875,61.2654692,honest,honest,0.0
6587,104.7881014,849.7731549999982,65.92650000000003,0.2875,59.6631014,honest,honest,0.0
6588,85.982663375,2308.066429999993,64.08703333333314,0.2875,40.857663375,honest,hide_information,0.0
6589,85.98481675000001,4598.534255666686,66.93193333333316,0.2875,40.85981675000001,honest,honest,0.0
6590,85.95395847500001,4984.464571999978,63.42866666666648,0.2875,40.82895847500001,honest,honest,0.0
6591,104.5298722,4289.862561000005,61.4710666666667,0.2875,59.4048722,hide_information,honest,0.0
6592,104.53574652500001,1162.025642333331,57.50223333333333,0.2875,59.41074652500001,hide_information,honest,0.0
6593,107.11667855,635.3565396666663,56.23636666666686,0.2875,61.99167855,honest,honest,0.0
6594,96.62169087500001,249.07164633333275,57.69973333333336,0.2875,51.49669087500001,honest,honest,0.0
6595,96.49505305,6.927907666666661,60.057066666666856,0.1241708760958342,51.370053049999996,honest,honest,0.0
6596,96.265351575,35.57804333333333,60.77936666666671,0.11737649319524056,82.1728851167915,honest,honest,0.0
6597,95.977281375,0.6034109999999999,61.88823333333322,0.05,83.1757476679043,honest,honest,20.684103334571084
6598,97.8817631,0.0455666666666666,64.4243333333333,0.05,97.8817631,honest,honest,33.41186310000003
6599,56.0321773,1.151433333333333,66.5903333333333,0.10562054949166652,56.0321773,honest,honest,0.0
6600,36.802012325,0.0118,71.82246666666673,0.26660075403914596,26.234107921583362,honest,honest,0.0
6601,36.859517374999996,0.0,76.8783333333335,0.3101032941707249,0.0,honest,honest,0.0
6602,36.889259425,2.1966663333333334,77.0598666666668,0.35344929719704066,0.0,honest,honest,0.0
6603,38.543138475,0.0842333333333333,81.42226666666647,0.3880906736444091,0.0,honest,honest,0.0
6604,57.5628622,0.0,80.2276333333333,0.362432778907567,7.562862199999998,honest,honest,0.0
6605,96.742579925,0.0,83.43203333333354,0.27354978786030915,46.742579925,honest,honest,0.0
6606,106.915336025,0.0,84.55373333333347,0.145536070758513,64.44087633154126,honest,honest,0.0
6607,104.345219125,7.026899999999999,83.84926666666655,0.07224330468247406,86.19336568088254,honest,honest,0.0
6608,85.73332797500001,14.853344666666665,86.889333333333,0.14611899509468124,81.50710008532994,honest,honest,0.0
6609,104.553910475,158.72707233333287,85.64020000000014,0.2875,86.29130140701056,honest,honest,0.0
6610,106.450916975,674.5342416666651,82.95320000000004,0.2875,61.325916975,honest,honest,0.0
6611,104.86942577500001,1399.8131683333309,85.01696666666643,0.2875,59.74442577500001,honest,honest,0.0
6612,86.04113659999999,961.3695440000018,78.64723333333326,0.2875,40.91613659999999,honest,hide_information,0.0
6613,86.06570315,672.4839943333343,65.17076666666681,0.2875,40.940703150000004,honest,honest,0.0
6614,86.035983075,596.6951173333348,58.508699999999976,0.2875,40.910983075000004,honest,honest,0.0
6615,104.603827825,448.27829233333216,55.28829999999987,0.2875,59.478827824999996,hide_information,honest,0.0
6616,104.6007737,587.3529400000007,50.250999999999806,0.2875,59.475773700000005,honest,honest,0.0
6617,107.21575145,148.76512966666644,43.31963333333324,0.2875,62.09075145,honest,honest,0.0
6618,96.25982235000001,61.87838666666665,40.460533333333416,0.2875,51.13482235000001,honest,honest,0.0
6619,96.217129925,9.054365999999996,44.96156666666668,0.06388806302291672,51.092129924999995,honest,honest,0.0
6620,96.08523215,0.3071666666666667,34.92656666666666,0.05,93.44650017564582,honest,honest,58.2127668423125
6621,96.032174025,0.0,36.041866666666586,0.05,96.032174025,honest,honest,59.99030735833342
6622,97.9287901,0.2741666666666666,35.231633333333335,0.05,97.9287901,honest,honest,62.4229901
6623,56.106622325000004,0.1005556666666666,37.866199999999935,0.05,56.106622325000004,honest,honest,18.139866658333403
6624,36.895098675,0.0,35.132033333333275,0.10006314749999992,36.895098675,honest,hide_information,12.30267534166671
6625,36.933405975,0.0,30.849366666666707,0.0662828039041668,27.421407950000017,honest,honest,0.0
6626,36.94900145,0.0,35.99276666666672,0.10128969250000007,33.85526870820831,honest,hide_information,8.660332041541604
6627,37.3260614,0.0,44.9460666666668,0.13248397249791738,27.581019824999988,honest,honest,0.0
6628,56.34406265,0.0,49.76336666666686,0.1209127975000003,40.672107875395696,honest,hide_information,5.837751208728896
6629,96.2688852,0.0,49.89109999999989,0.05,82.79545367499995,honest,honest,32.90435367500006
6630,107.0331702,0.0,45.2547666666668,0.05,107.0331702,honest,honest,61.778403533333204
6631,104.426715475,33.351544,34.65796666666669,0.05,104.426715475,honest,honest,36.41720480833331
6632,85.77462797500002,56.28240033333336,27.5001,0.13020242047500002,85.77462797500002,hide_information,honest,18.876847741666666
6633,104.574214725,229.85717600000004,30.93580000000003,0.2875,89.33575483475,hide_information,honest,0.0
6634,106.40109062500001,954.2635123333334,29.94713333333337,0.2875,61.27609062500001,hide_information,honest,0.0
6635,104.81700529999999,2752.024301333337,33.55983333333336,0.2875,59.69200529999999,hide_information,honest,0.0
6636,86.09020105,4585.406552333318,50.81153333333316,0.2875,40.965201050000005,honest,honest,0.0
6637,86.15199645000001,5451.087024000001,47.96093333333312,0.2875,41.02699645000001,honest,honest,0.0
6638,86.0743744,4182.68864366665,45.20633333333321,0.2875,40.949374399999996,honest,honest,0.0
6639,104.56493965,2338.740587000003,39.00066666666668,0.2875,59.43993965,hide_information,honest,0.0
6640,104.549063225,1138.0294046666684,33.029800000000144,0.2875,59.424063225,hide_information,honest,0.0
6641,107.19752615000002,660.1515919999997,32.918966666666684,0.2875,62.072526150000016,hide_information,honest,0.0
6642,96.758162275,476.7931526666654,34.395,0.2875,51.633162275000004,honest,honest,0.0
6643,96.695338625,8.67717800000002,33.244600000000105,0.05,51.570338625000005,honest,honest,9.648560624999881
6644,96.476030425,4.550833333333333,30.674833333333275,0.05,96.476030425,honest,honest,61.25036375833339
6645,96.164921225,0.0979333333333333,24.385533333333324,0.05,96.164921225,honest,honest,71.68145455833334
6646,98.0274909,1.1687776666666665,30.135066666666685,0.05166550817500001,98.0274909,hide_information,honest,67.07427986666666
6647,56.189730075,1.1290663333333333,22.742466666666687,0.05,55.87328352175,honest,honest,32.001750521749976
6648,36.9377698,0.0063999999999999,19.219433333333367,0.07738769250000005,36.9377698,honest,hide_information,23.477766466666644
6649,36.9775628,0.0,18.059200000000057,0.07573436000000008,31.773901224999992,honest,hide_information,19.13246122499995
6650,36.97993635,0.0,16.964133333333365,0.07417389000000005,32.090407949999985,honest,hide_information,20.21551461666663
6651,37.305923125,0.0,15.227033333333331,0.0716985225,32.712884024999994,honest,hide_information,22.053960691666664
6652,56.28458245,0.0,14.450633333333323,0.05,52.161863175,honest,honest,37.71122984166668
6653,96.13475749999999,0.0,13.874499999999934,0.05,96.13475749999999,honest,honest,82.26025750000005
6654,106.90181955,0.1016,10.260133333333313,0.05,106.90181955,honest,honest,96.54008621666668
6655,104.34180065,9.785433,9.940466666666657,0.05,104.34180065,honest,honest,84.61590098333335
6656,85.723299825,53.99802233333335,13.133266666666657,0.12694718182500006,85.723299825,hide_information,honest,34.791417525
6657,104.48605745,140.05273200000008,11.604466666666664,0.2875,89.86609290324999,hide_information,honest,0.0
6658,106.3150095,164.62095833333254,6.312799999999979,0.2875,61.1900095,hide_information,honest,0.0
6659,104.667311475,967.0235623333352,5.4208999999999925,0.2875,59.542311475000005,hide_information,honest,0.0
6660,85.86648162499999,4879.973396333358,8.416433333333341,0.2875,40.74148162499999,honest,honest,0.0
6661,85.8767627,5588.687807000009,7.020533333333337,0.2875,40.7517627,honest,honest,0.0
6662,85.8495653,5347.545782666669,10.732466666666667,0.2875,40.724565299999995,honest,honest,0.0
6663,104.39770415,2942.700490000002,18.591,0.2875,59.272704149999996,hide_information,honest,0.0
6664,104.3608916,1316.8885906666671,9.955133333333343,0.2875,59.2358916,hide_information,honest,0.0
6665,109.64044045,455.90836699999966,10.778766666666696,0.2875,64.51544045,hide_information,honest,0.0
6666,96.51681265,476.86155366666566,13.151666666666657,0.2875,51.391812650000006,honest,honest,0.0
6667,96.43820249999999,16.527577,19.02480000000005,0.05,51.31320249999999,honest,honest,15.760825499999939
6668,96.24174105,8.009244666666666,18.977366666666644,0.05,96.24174105,honest,honest,69.25512971666669
6669,95.956288825,1.3440333333333332,30.12626666666676,0.05,95.956288825,honest,honest,64.48598882499991
6670,97.88530379999999,0.1198666666666666,36.663633333333415,0.05,97.88530379999999,honest,honest,61.10180379999991
6671,56.045075475,0.147433,41.39256666666661,0.05021009202499999,56.045075475,hide_information,honest,14.549305708333385
6672,36.828811625,1.435555666666667,47.547066666666645,0.10792020891714571,36.78889414025,honest,honest,0.0
6673,36.892028125,0.0,75.08576666666667,0.28369324662064066,25.88718843074232,honest,honest,0.0
6674,36.917512325000004,0.0,58.12216666666689,0.3268905501732722,0.0,honest,honest,0.0
6675,38.549119125,0.0,61.35543333333339,0.3615004495153774,0.0,honest,honest,0.0
6676,57.572326325,0.0,73.65799999999994,0.3358425547785353,7.572326324999999,honest,honest,0.0
6677,96.75832575,0.0,71.8778333333332,0.19200232106252593,46.75832575,honest,honest,0.0
6678,106.93305115,0.0,68.86596666666688,0.05000000000000002,79.95261014812007,honest,honest,11.086643481453194
6679,104.3449657,2.7228446666666666,59.38560000000004,0.05,104.3449657,honest,honest,42.2365210333333
6680,85.6769558,35.923310666666666,76.04000000000013,0.17486018561666727,85.6769558,honest,honest,0.0
6681,104.41248195,219.1673839999996,73.68346666666659,0.2875,80.68904668283322,honest,honest,0.0
6682,106.250452425,641.9093986666663,62.10273333333341,0.2875,61.125452425000006,honest,honest,0.0
6683,104.54922249999998,830.678042333333,77.13879999999993,0.2875,59.424222499999985,honest,honest,0.0
6684,85.74712590000001,2929.0964743333366,80.02259999999978,0.2875,40.622125900000015,honest,hide_information,0.0
6685,85.770223925,5535.534016666674,81.68086666666687,0.2875,40.645223924999996,honest,honest,0.0
6686,85.7533177,5014.240155666673,82.11259999999984,0.2875,40.6283177,honest,honest,0.0
6687,104.31290974999999,1195.4434339999973,82.25253333333353,0.2875,59.18790974999999,honest,honest,0.0
6688,104.3177715,1257.89197333333,80.65766666666663,0.2875,59.192771500000006,honest,honest,0.0
6689,109.623513,414.6264083333333,79.91193333333331,0.2875,64.498513,honest,honest,0.0
6690,96.125184025,602.4388203333315,80.83616666666657,0.2875,51.000184024999996,honest,honest,0.0
6691,96.065047425,7.7310713333333085,82.71413333333315,0.23764949689791565,50.940047425,honest,honest,0.0
6692,95.942075025,4.170532666666666,82.33503333333323,0.17453025308161843,60.288670614396025,honest,honest,0.0
6693,95.93967685000001,2.249710666666666,81.91686666666664,0.10646633070199375,72.27892876449252,honest,honest,0.0
6694,97.89558295,7.196855333333333,84.10950000000011,0.06966203227938321,87.16698011662119,honest,honest,0.0
6695,56.0526371,1.7488333333333332,85.05699999999979,0.2138226662404757,52.31685096691719,honest,honest,0.0
6696,36.80788385,0.0,88.67466666666641,0.2875,5.68157726430962,honest,honest,0.0
6697,36.87371715,0.4544443333333333,89.88393333333335,0.3309278044736842,0.0,honest,honest,0.0
6698,36.927451225,0.1088886666666666,90.15133333333308,0.37407279802631577,0.0,honest,honest,0.0
6699,37.312416750000004,0.4377776666666667,89.11829999999999,0.41519165723684204,0.0,honest,honest,0.0
6700,56.350700399999994,0.0059,89.93946666666687,0.38953376249999994,6.350700399999994,honest,honest,0.0
6701,96.274942975,0.0,83.04936666666691,0.3010543802985757,46.274942975,honest,honest,0.0
6702,107.00373087499999,0.0,67.84636666666644,0.09057909822988022,59.303398618270606,honest,honest,0.0
6703,104.369351475,0.5241333333333332,56.30666666666647,0.05,96.65932281132277,honest,honest,39.82852281132296
6704,85.679976725,24.596499999999995,49.2406333333334,0.05,85.679976725,honest,honest,11.842843391666605
6705,104.424558375,40.51734366666668,37.43843333333332,0.05,104.424558375,honest,honest,26.468781374999992
6706,106.24026775000002,99.20989766666663,24.74900000000012,0.13416349210416703,106.24026775000002,honest,honest,0.0
6707,104.517416,1005.3223376666684,17.096766666666674,0.2875,88.52635250020826,honest,honest,0.0
6708,85.707723225,4761.200953000016,15.907366666666643,0.2875,40.582723224999995,honest,hide_information,0.0
6709,85.69793647499999,5509.734509333362,15.768199999999965,0.2875,40.57293647499999,honest,honest,0.0
6710,85.65118294999999,3764.9546600000094,21.38743333333325,0.2875,40.52618294999999,honest,honest,0.0
6711,104.22330887499999,904.3578069999968,22.78300000000006,0.2875,59.09830887499999,honest,honest,0.0
6712,104.1989777,765.1946636666673,28.648166666666683,0.2875,59.0739777,honest,honest,0.0
6713,109.50818007500001,312.0730086666665,34.94253333333333,0.2875,64.38318007500001,honest,honest,0.0
6714,96.4012119,511.1001570000002,33.80850000000006,0.2875,51.27621190000001,honest,honest,0.0
6715,96.34153967499999,5.6855443333333335,30.361800000000034,0.05,51.21653967499999,honest,honest,15.169195341666622
6716,96.15011387499999,1.0149333333333332,29.55246666666654,0.05,96.15011387499999,honest,honest,65.58271387500011
6717,95.884213,0.0,28.52696666666671,0.05,95.884213,honest,honest,67.3572463333333
6718,97.8770744,1.6093333333333333,21.45200000000005,0.05,97.8770744,honest,honest,74.81574106666662
6719,56.033449024999996,0.7328,20.70889999999997,0.05,56.033449024999996,honest,honest,34.59174902500003
6720,36.825864175,0.0,24.62653333333333,0.08509280999999999,36.825864175,honest,hide_information,19.58729084166667
6721,36.901113925,0.0,18.26666666666664,0.07602999999999997,30.233480025,honest,hide_information,17.44681335833335
6722,36.924827475,0.0,15.6887333333333,0.07235644499999996,31.979127475000006,honest,hide_information,20.997014141666696
6723,37.29214385,0.0,14.426600000000064,0.0705579050000001,33.04441930000001,honest,hide_information,22.945799299999962
6724,56.310428825,0.0,11.631099999999972,0.05,52.404426874999984,honest,honest,40.77332687500001
6725,96.214712425,0.0983333333333333,12.142666666666663,0.05,96.214712425,honest,honest,83.973712425
6726,106.94080722500001,0.0,10.482266666666664,0.05,106.94080722500001,honest,honest,96.45854055833335
6727,104.3012442,3.2571666666666665,10.735533333333304,0.05,104.3012442,honest,honest,90.30854420000003
6728,85.57201247500001,16.100600333333336,8.901366666666688,0.05,85.57201247500001,honest,honest,60.570045474999986
6729,104.351856125,70.93079999999999,7.446866666666652,0.05,104.351856125,honest,honest,25.974189458333356
6730,106.205797875,198.1382333333333,7.524566666666666,0.2875,106.205797875,honest,honest,0.0
6731,104.46740535,635.2991976666679,4.612300000000013,0.2875,59.34240535000001,honest,honest,0.0
6732,85.6672438,4394.6859773333335,3.8053333333333352,0.2875,40.542243799999994,honest,hide_information,0.0
6733,85.673799825,5406.289044666678,6.403933333333345,0.2875,40.548799825,honest,hide_information,0.0
6734,85.65129665,3478.730878000016,9.250833333333336,0.2875,40.526296650000006,honest,hide_information,0.0
6735,104.255435275,1046.5592033333342,12.691766666666645,0.2875,59.130435274999996,honest,honest,0.0
6736,104.25434584999999,593.9687666666655,9.048866666666658,0.2875,59.12934584999999,honest,honest,0.0
6737,109.553646575,312.8573336666668,15.438599999999967,0.2875,64.428646575,honest,honest,0.0
6738,96.45955264999999,421.3313750000008,19.951600000000024,0.2875,51.33455264999999,honest,honest,0.0
6739,96.4139746,9.592110333333336,23.92316666666668,0.05,51.2889746,honest,honest,17.773697599999984
6740,96.23046244999999,6.582432999999999,31.22903333333336,0.05,96.23046244999999,honest,honest,58.418996116666634
6741,95.9499624,4.535766333333334,27.910566666666703,0.05,95.9499624,honest,honest,63.503629399999966
6742,97.899295925,0.1079,40.67766666666668,0.05,97.899295925,honest,honest,57.11372925833332
6743,56.0673959,1.0128,29.474566666666725,0.05,56.0673959,honest,honest,25.580029233333278
6744,36.848705824999996,0.0627776666666666,17.803566666666672,0.0753700825,36.848705824999996,honest,hide_information,24.32343149166666
6745,36.888393924999995,0.0,54.90383333333329,0.15846983664583317,32.06807824999999,honest,hide_information,0.0
6746,36.899473475,0.0,51.24676666666669,0.21604367023328117,16.2902045122917,honest,honest,0.0
6747,37.261337675,0.0,50.67926666666685,0.2635895750959538,5.713040330676581,honest,honest,0.0
6748,56.26863855,0.0,50.86580000000013,0.21710110841159896,15.68661928176877,honest,honest,0.0
6749,96.15139194999999,0.0,42.78109999999991,0.05000000000000002,64.40218135179619,honest,honest,21.621081351796278
6750,106.87563349999999,0.0,40.62903333333341,0.05,106.87563349999999,honest,honest,66.24660016666658
6751,104.26647037500001,0.2833333333333333,36.75456666666656,0.05,104.26647037500001,honest,honest,67.22857037500012
6752,85.565769325,6.835444666666666,33.381933333333286,0.05,85.565769325,honest,honest,45.34839132500005
6753,104.353975475,170.40952266666656,30.48029999999996,0.2875,104.353975475,honest,honest,0.0
6754,106.24819504999999,647.0387060000003,28.714166666666586,0.2875,61.12319504999999,honest,honest,0.0
6755,104.55847775000001,1433.7874880000008,24.560066666666675,0.2875,59.43347775000001,honest,honest,0.0
6756,85.81455135,2076.389285333337,25.688566666666684,0.2875,40.68955135,honest,hide_information,0.0
6757,85.856185075,2230.266388666669,24.3239,0.2875,40.731185075,honest,honest,0.0
6758,85.842040325,1360.994742333335,32.61453333333335,0.2875,40.717040325,honest,honest,0.0
6759,104.4222681,1058.310309333336,31.41266666666667,0.2875,59.2972681,hide_information,honest,0.0
6760,104.390716625,580.2908470000016,28.68666666666665,0.2875,59.265716624999996,honest,honest,0.0
6761,109.66300945,313.07460133333456,30.132433333333264,0.2875,64.53800945,honest,honest,0.0
6762,96.55088917500001,32.70796166666663,36.79703333333346,0.1358757526687504,51.42588917500001,honest,honest,0.0
6763,96.487487575,0.6424889999999999,40.81003333333324,0.05,80.17109456793743,honest,honest,38.718572234604196
6764,96.272935825,0.0,43.30810000000004,0.05,96.272935825,honest,honest,52.964835824999966
6765,96.008030325,0.0,43.2763666666668,0.05,96.008030325,honest,honest,52.73166365833319
6766,97.941047725,0.1699,51.145133333333305,0.05,97.941047725,honest,honest,46.6260143916667
6767,56.139491975,0.0,53.12280000000014,0.05,56.139491975,honest,honest,3.0166919749998584
6768,36.91118825,0.0,54.89193333333323,0.13540853914583284,36.91118825,honest,hide_information,0.0
6769,36.961689725,0.0,43.66883333333332,0.1589401387186974,20.73406728729176,honest,honest,0.0
6770,36.996186275,0.0,66.70543333333318,0.2875,16.297559918447497,honest,honest,0.0
6771,38.639484175,0.0,70.82809999999994,0.32163429381578945,0.0,honest,honest,0.0
6772,57.667723725,0.0,75.16606666666642,0.29597639907894735,7.667723725000002,honest,honest,0.0
6773,96.873063425,0.8322666666666667,76.28223333333345,0.17814052390000054,50.137547600000005,honest,honest,0.0
6774,107.0471304,0.0,69.60156666666686,0.05000000000000002,82.70043085899991,honest,honest,13.098864192333053
6775,104.41506105,0.0,76.07833333333338,0.05,104.41506105,honest,honest,28.33672771666663
6776,85.74251865000001,3.986822000000001,85.32096666666675,0.06693503257916704,85.74251865000001,honest,honest,0.0
6777,104.458315925,18.433288666666662,85.09666666666668,0.06087415409228161,101.24065973495826,honest,honest,0.0
6778,106.22724597499999,139.5636776666668,81.12500000000004,0.2875,104.16115669746648,honest,honest,0.0
6779,104.47883429999999,397.90813766666656,80.1823666666667,0.2875,59.35383429999999,honest,honest,0.0
6780,85.63300642499999,378.8815126666677,82.67500000000011,0.2875,40.50800642499999,honest,hide_information,0.0
6781,85.56578545,603.7881793333341,82.49840000000009,0.2875,40.44078545000001,honest,honest,0.0
6782,85.4907396,505.8394210000013,82.05953333333349,0.2875,40.3657396,honest,hide_information,0.0
6783,104.07365490000001,389.79277500000063,81.10793333333345,0.2875,58.94865490000001,honest,honest,0.0
6784,104.096034,113.54441033333356,79.7732333333334,0.2875,58.971034,honest,honest,0.0
6785,109.414682925,27.82731900000003,74.77056666666678,0.23196396302291739,64.289682925,honest,honest,0.0
6786,95.9637721,2.693445333333333,72.73433333333365,0.1166765078198511,61.3906191256457,honest,honest,0.0
6787,95.95204100000001,0.4447673333333334,68.1055000000001,0.05000000000000002,83.2835045142283,honest,honest,14.73323718089486
6788,95.85328605000001,1.4839786666666666,62.26650000000004,0.05,95.85328605000001,honest,honest,32.1028073833333
6789,95.83212292500001,0.1610333333333333,61.15570000000013,0.05,95.83212292500001,honest,honest,34.51538959166654
6790,97.83011805,0.4831,57.65680000000014,0.05,97.83011805,honest,honest,39.69021804999986
6791,55.961552925,0.4297443333333333,56.93946666666652,0.0566863758562493,55.961552925,honest,honest,0.0
6792,36.744350525,0.0,54.602466666666565,0.14086050588318116,35.473939112312635,honest,hide_information,0.0
6793,36.8049324,0.0,48.22343333333329,0.18623948599290413,19.54143628219558,honest,honest,0.0
6794,36.83884955,0.0,42.50196666666675,0.19985594241276305,10.953347211348213,honest,honest,0.0
6795,37.21007015,0.0,38.49346666666668,0.19134112148168536,8.737441091575018,honest,honest,0.0
6796,56.2166163,0.0,33.38973333333326,0.06913266804555404,29.36180321847978,honest,honest,0.0
6797,96.119278125,6.596900000000001,32.37580000000003,0.05,92.48407119634473,honest,honest,53.511371196344705
6798,106.90773594999999,0.8384333333333334,27.741800000000055,0.05,106.90773594999999,honest,honest,78.3275026166666
6799,104.31728625,0.0,25.49796666666663,0.05,104.31728625,honest,honest,78.81931958333337
6800,85.61040835,1.1204333333333334,27.23813333333329,0.05,85.61040835,honest,honest,57.251841683333375
6801,104.35302325,69.66781133333333,23.771299999999908,0.14927663115000006,104.35302325,hide_information,honest,31.814255316666774
6802,106.20582667500001,393.1598453333329,17.741233333333323,0.2875,87.3432667565,hide_information,honest,0.0
6803,104.48103005,1690.949725333335,17.944299999999995,0.2875,59.35603005,hide_information,honest,0.0
6804,85.665751275,3608.786193666684,14.829000000000011,0.2875,40.540751275000005,honest,honest,0.0
6805,85.6594348,3219.464180333347,13.977433333333298,0.2875,40.5344348,honest,honest,0.0
6806,85.6192263,1508.7679333333324,13.853866666666644,0.2875,40.494226299999994,honest,honest,0.0
6807,104.21696,1267.8733676666632,10.894266666666695,0.2875,59.09196,hide_information,honest,0.0
6808,104.22510255,852.8798139999992,11.44840000000003,0.2875,59.10010255,hide_information,honest,0.0
6809,109.538395625,627.7347669999991,9.858266666666646,0.2875,64.413395625,honest,honest,0.0
6810,96.429468775,444.8867326666661,10.822533333333324,0.2875,51.304468775000004,honest,honest,0.0
6811,96.37756725,0.2734109999999999,9.453633333333306,0.05,51.25256725,honest,honest,41.525522916666695
6812,96.18107435,6.946910333333335,11.518300000000016,0.05,96.18107435,honest,honest,77.71586401666664
6813,95.885932175,3.199933,23.75303333333334,0.05,95.885932175,honest,honest,68.93296584166666
6814,97.8496022,0.4859,21.0835,0.05,97.8496022,honest,honest,76.2802022
6815,55.97529457500001,4.307700333333334,17.742766666666643,0.05,55.97529457500001,honest,honest,33.92482757500003
6816,36.741865749999995,0.0,11.523500000000023,0.06642098750000004,36.741865749999995,honest,hide_information,28.675415749999978
6817,36.78475105,0.0,14.797466666666727,0.0710863900000001,33.66476342499999,honest,hide_information,23.30653675833328
6818,36.80604865,0.0,14.761633333333297,0.07103532749999995,32.799634549999986,honest,hide_information,22.46649121666668
6819,37.193150875,0.0,13.934066666666698,0.06985604500000006,33.19643865000001,honest,hide_information,23.442591983333323
6820,56.229466775,0.0,14.719999999999972,0.05,52.456818224999985,honest,honest,37.736818225000015
6821,96.12755455,0.0,22.35216666666668,0.05,96.12755455,honest,honest,73.77538788333332
6822,106.86817845,0.0,18.153666666666677,0.05,106.86817845,honest,honest,88.71451178333332
6823,104.241425175,0.0,19.17163333333339,0.05,104.241425175,honest,honest,85.06979184166661
6824,85.5755552,7.814922333333333,25.64670000000003,0.05,85.5755552,honest,honest,52.11393286666663
6825,104.34193985,32.39072166666667,21.15493333333337,0.096156778375,104.34193985,hide_information,honest,60.51350134999996
6826,106.23097532499999,541.7186976666667,22.89066666666668,0.2875,97.46118743374998,hide_information,honest,0.0
6827,104.56580875,966.6070210000004,34.46643333333345,0.2875,59.44080875,hide_information,honest,0.0
6828,85.769317325,951.2103386666656,41.91940000000002,0.2875,40.644317325,honest,honest,0.0
6829,85.77935835,833.7682396666672,35.41389999999991,0.2875,40.654358349999995,honest,honest,0.0
6830,85.74385715,848.1090529999999,34.22906666666663,0.2875,40.61885715,honest,honest,0.0
6831,104.329775625,787.111344333334,27.69210000000001,0.2875,59.204775624999996,hide_information,honest,0.0
6832,104.3201803,194.010513333333,20.90753333333332,0.2875,59.195180300000004,hide_information,honest,0.0
6833,109.611270275,65.15824200000006,23.205633333333274,0.1634186240270834,64.486270275,honest,honest,0.0
6834,96.44129455,3.080477666666667,24.504366666666694,0.05,74.89175598485414,honest,honest,47.30691165152078
6835,96.37211612499999,3.751467333333333,18.995766666666643,0.05,96.37211612499999,honest,honest,73.62488212500001
6836,96.177695625,4.616821666666667,23.16586666666664,0.05,96.177695625,honest,honest,68.39500729166669
6837,95.88856039999999,2.387922,21.648833333333297,0.05,95.88856039999999,honest,honest,71.85180506666669
6838,97.84391682500001,0.6563,20.45729999999997,0.05,97.84391682500001,honest,honest,76.73031682500003
6839,55.96041794999999,0.2127,22.254266666666638,0.05,55.96041794999999,honest,honest,33.49345128333336
6840,36.723914175000004,0.0,18.0566666666667,0.07573075000000004,36.723914175000004,honest,hide_information,24.084247508333313
6841,36.77826905,0.0,17.262700000000052,0.07459934750000008,31.889426549999992,honest,hide_information,19.805536549999957
6842,36.79364085,0.0,15.887366666666722,0.07263949750000008,32.11976482499999,honest,hide_information,20.998608158333283
6843,38.44332895,0.0,14.947233333333315,0.07129980749999998,34.14182442499999,honest,hide_information,23.67876109166667
6844,57.472675625,0.0,17.443833333333313,0.05,53.42571220000001,honest,honest,35.98187886666669
6845,96.66611044999999,9.728333,13.73686666666671,0.05,96.66611044999999,honest,honest,73.20091078333328
6846,106.85086587500001,0.0,13.11400000000006,0.05,106.85086587500001,honest,honest,93.73686587499995
6847,104.2748799,0.0,12.593833333333343,0.05,104.2748799,honest,honest,91.68104656666665
6848,85.6536447,21.650343666666668,10.478066666666669,0.05,85.6536447,honest,honest,53.525234366666666
6849,104.494954825,88.10555533333334,8.32360000000002,0.05,104.494954825,honest,honest,8.065799491666624
6850,106.449425725,448.1959876666669,9.400500000000022,0.2875,106.449425725,honest,honest,0.0
6851,105.281717425,782.1532323333327,8.59486666666667,0.2875,60.156717425,honest,honest,0.0
6852,86.49339335,1636.805772000002,8.925999999999979,0.2875,41.368393350000005,honest,hide_information,0.0
6853,86.2118858,1398.292934333332,16.51976666666664,0.2875,41.086885800000005,honest,hide_information,0.0
6854,86.18041310000001,1629.5930736666671,33.7952666666666,0.2875,41.05541310000001,honest,hide_information,0.0
6855,106.14234655000001,906.9316376666686,35.342433333333354,0.2875,61.01734655000001,honest,honest,0.0
6856,106.328863675,600.2541550000007,48.658066666666734,0.2875,61.203863674999994,honest,honest,0.0
6857,113.839916,512.6071656666664,25.19546666666665,0.2875,68.714916,honest,honest,0.0
6858,96.346777825,107.27579499999976,57.82536666666661,0.2875,51.221777825000004,honest,honest,0.0
6859,96.22139840000001,4.397688666666666,60.385566666666506,0.1150125704333325,51.09639840000001,honest,honest,0.0
6860,96.10595197500001,11.678789333333334,62.99716666666667,0.05,83.75356359266684,honest,honest,9.077607592666823
6861,96.1056059,2.485967,80.31999999999965,0.05,96.1056059,honest,honest,13.299638900000346
6862,97.97241955000001,0.9772333333333332,81.05526666666654,0.05,97.97241955000001,honest,honest,15.939919550000141
6863,56.171327975,3.176511333333333,73.9,0.14929962095208338,56.171327975,honest,honest,0.0
6864,36.948430875,7.872166666666667,79.00866666666649,0.2875,18.081502894104162,honest,honest,0.0
6865,37.010824025,0.0971,83.25559999999997,0.3302061893421052,0.0,honest,honest,0.0
6866,37.027169175,0.0,83.91586666666633,0.37282635157894733,0.0,honest,honest,0.0
6867,37.3950579,0.0,85.81090000000003,0.413510257368421,0.0,honest,honest,0.0
6868,56.422185425,0.0,87.26446666666678,0.3878523626315789,6.422185425000002,honest,honest,0.0
6869,96.356076625,0.0,93.59080000000024,0.349059403925988,46.356076625,honest,honest,0.0
6870,109.7454287,1.0344443333333333,91.36700000000016,0.24101758344748,59.745428700000005,honest,honest,0.0
6871,104.487623625,0.1016,91.88183333333356,0.16299846517593514,68.1942827699788,honest,honest,0.0
6872,85.84231547499999,5.375188666666666,90.3640333333335,0.19899142081503224,64.37260709157232,honest,honest,0.0
6873,104.62323742500001,11.760766333333333,90.75563333333352,0.17445727793348406,76.3148674701439,honest,honest,0.0
6874,106.477722575,151.3119140000001,92.28610000000012,0.2875,82.83083976763803,honest,honest,0.0
6875,104.895136175,277.24673166666804,92.23430000000022,0.2875,59.770136175000005,honest,honest,0.0
6876,86.08658385,303.9346316666661,89.55523333333339,0.2875,40.96158385,honest,hide_information,0.0
6877,86.0673105,197.06919099999925,89.77539999999982,0.2875,40.942310500000005,honest,hide_information,0.0
6878,85.99043567500001,94.06486566666663,79.70876666666673,0.2875,40.865435675000015,honest,hide_information,0.0
6879,104.54335925000001,52.11722399999998,78.81376666666674,0.2875,59.41835925000001,honest,honest,0.0
6880,104.49533450000001,12.531789,77.46309999999995,0.19546663387499974,59.37033450000001,honest,honest,0.0
6881,112.42122105,11.900589666666669,71.26136666666686,0.05,84.78256061375005,honest,honest,1.620604280416515
6882,96.67972915,3.175510666666667,64.79006666666679,0.05,96.67972915,honest,honest,28.714151816666543
6883,96.57619547499999,2.120166333333333,68.83013333333336,0.05,96.57619547499999,honest,honest,25.625895808333297
6884,96.34683172500002,1.1772776666666669,66.9296666666666,0.05,96.34683172500002,honest,honest,28.23988739166674
6885,96.042397575,2.9519999999999995,54.747166666666686,0.05,96.042397575,honest,honest,38.34323090833331
6886,97.9331687,1.4504666666666663,50.90546666666664,0.05,97.9331687,honest,honest,45.57723536666669
6887,56.115511775,0.6625110000000001,40.71326666666666,0.05,56.115511775,honest,honest,14.739734108333337
6888,36.885836775,0.0333333333333333,37.600466666666655,0.10358066499999999,36.885836775,honest,hide_information,10.53217677500001
6889,36.93510125,0.0,46.46566666666679,0.14362673589166725,26.754774900000005,honest,honest,0.0
6890,36.944907549999996,0.0,46.31773333333329,0.1790190516130628,19.155827730583223,honest,honest,0.0
6891,37.311286075,0.0,42.62586666666677,0.19168395189120635,12.797666268518064,honest,honest,0.0
6892,56.31796502500001,0.0,29.33586666666668,0.05000000000000002,29.3980141656708,honest,honest,0.062147499004122864
6893,96.194310425,0.1358333333333333,37.55333333333324,0.05,96.194310425,honest,honest,58.505143758333425
6894,109.55316605,0.1966,37.78590000000004,0.05,109.55316605,honest,honest,71.57066604999997
6895,104.275358925,1.009522,34.434433333333416,0.05,104.275358925,honest,honest,68.8314035916666
6896,85.581344275,16.820232999999998,27.17966666666666,0.05,85.581344275,honest,honest,41.58144460833335
6897,104.36438559999999,147.12951399999966,25.68786666666675,0.2875,104.36438559999999,honest,honest,0.0
6898,106.234316275,308.23491033333426,21.16083333333328,0.2875,61.109316275,honest,honest,0.0
6899,104.53780502500001,510.2919436666655,15.516799999999987,0.2875,59.41280502500001,honest,honest,0.0
6900,85.74935135000001,1320.112822999996,18.121633333333293,0.2875,40.62435135000001,honest,hide_information,0.0
6901,85.749721775,2885.6724363333456,16.19526666666667,0.2875,40.624721775,honest,hide_information,0.0
6902,85.70210707499999,2208.534545666668,19.313599999999997,0.2875,40.57710707499999,honest,hide_information,0.0
6903,104.26626775000001,937.004335666668,16.101100000000006,0.2875,59.14126775000001,honest,honest,0.0
6904,104.262747075,538.812698333333,15.525833333333328,0.2875,59.13774707499999,honest,honest,0.0
6905,112.1941518,178.266576,8.589766666666662,0.2875,67.0691518,honest,honest,0.0
6906,96.42232274999999,103.54768733333334,26.023933333333368,0.2875,51.29732274999999,honest,honest,0.0
6907,96.33763055,4.714566666666666,18.92219999999992,0.05,51.21263055,honest,honest,27.575863883333415
6908,96.1438819,4.967933,27.01786666666663,0.05,96.1438819,honest,honest,64.15808223333337
6909,95.84337984999999,1.3553999999999995,37.371700000000025,0.05,95.84337984999999,honest,honest,57.11627984999997
6910,97.811387975,0.0654,41.61916666666678,0.05,97.811387975,honest,honest,56.12682130833323
6911,55.919830974999996,0.8510666666666669,46.82196666666658,0.05,55.919830974999996,honest,honest,8.246797641666745
6912,36.70556335,0.0627776666666666,62.23796666666663,0.17157710967083317,36.70556335,honest,hide_information,0.0
6913,36.748810524999996,0.459422,64.34599999999975,0.2875,13.649159687541697,honest,honest,0.0
6914,36.772609825,1.1204333333333334,69.05923333333337,0.33145994828947367,0.0,honest,honest,0.0
6915,37.148094975,0.0,75.95006666666694,0.3734436589473684,0.0,honest,honest,0.0
6916,56.175425425,0.0,82.45029999999988,0.3477857642105263,6.175425425,honest,honest,0.0
6917,96.083216825,0.0,88.08023333333317,0.2841136978882668,46.083216824999994,honest,honest,0.0
6918,109.467469325,0.0,82.65740000000007,0.13393978305041107,64.98586672622932,honest,honest,0.0
6919,104.20282650000001,0.0,85.56709999999997,0.05,88.25426772042191,honest,honest,2.6871677204219395
6920,85.5721491,0.1645,88.07553333333372,0.06267245010833519,85.5721491,honest,honest,0.0
6921,104.386583575,17.567832666666668,83.38066666666671,0.05,101.97881805441632,honest,honest,1.030318721082935
6922,106.27134462500001,134.72442733333307,89.46626666666641,0.2875,106.27134462500001,honest,honest,0.0
6923,104.66117745,248.7751126666672,90.82209999999957,0.2875,59.53617745,honest,honest,0.0
6924,85.89390449999999,434.14789999999897,87.27423333333296,0.2875,40.76890449999999,honest,hide_information,0.0
6925,85.906628475,918.4754993333344,81.72433333333322,0.2875,40.781628475000005,honest,hide_information,0.0
6926,85.859860275,1221.356688333335,76.59043333333327,0.2875,40.734860275,honest,hide_information,0.0
6927,104.42192315,1268.5548970000011,80.79243333333321,0.2875,59.29692315,honest,honest,0.0
6928,104.411911475,629.5833343333306,78.92660000000015,0.2875,59.286911475,honest,honest,0.0
6929,112.28611325,315.8125326666667,77.70193333333363,0.2875,67.16111325,honest,honest,0.0
6930,96.49143817500001,9.901932999999982,77.53453333333364,0.22133263375208467,51.36643817500001,honest,honest,0.0
6931,96.425722775,0.5977666666666667,74.65593333333328,0.1040605937800062,63.87252236210391,honest,honest,0.0
6932,96.23373434999999,0.8945443333333335,74.26583333333338,0.05000000000000001,85.96222153179882,honest,honest,10.801843865132113
6933,95.94497875,0.8878666666666667,55.25423333333338,0.05,95.94497875,honest,honest,39.802878749999955
6934,97.876749,0.3025333333333333,51.08726666666665,0.05,97.876749,honest,honest,46.48694900000002
6935,56.032193750000005,0.5276,54.40139999999997,0.05,56.032193750000005,honest,honest,1.1031937500000382
6936,36.843672475,0.0,74.88586666666659,0.23070042241041633,36.843672475,honest,hide_information,0.0
6937,36.9133632,0.0,75.93749999999972,0.2875,2.5802829420208937,honest,honest,0.0
6938,36.90265895,0.0,76.33833333333331,0.3307754792105263,0.0,honest,honest,0.0
6939,38.594392975,0.0,70.38459999999996,0.36514709513157895,0.0,honest,honest,0.0
6940,57.655607325,0.0,73.70619999999977,0.33948920039473685,7.655607324999998,honest,honest,0.0
6941,96.843769525,0.0,75.43543333333332,0.21214170874747804,46.843769525,honest,honest,0.0
6942,109.655130225,0.0627776666666666,75.45256666666684,0.050000000000000044,78.84820556297917,honest,honest,3.3328612296456726
6943,104.4232642,0.0,67.47963333333334,0.05,104.42326419999999,honest,honest,36.94363086666665
6944,85.78400342500001,4.478989,55.81126666666665,0.05,85.78400342500001,honest,honest,25.493747758333363
6945,104.562615875,45.25389900000001,69.68763333333328,0.09929985317708315,104.562615875,honest,honest,0.0
6946,106.3987957,204.34368866666665,61.382400000000025,0.2875,97.0318235963542,honest,honest,0.0
6947,104.77833515,847.0991646666685,68.99610000000003,0.2875,59.653335150000004,honest,honest,0.0
6948,85.96345290000001,2712.145448000001,84.69056666666683,0.2875,40.83845290000001,honest,hide_information,0.0
6949,85.93064745,4037.526203666667,84.85946666666682,0.2875,40.805647449999995,honest,honest,0.0
6950,85.84158110000001,1023.6806023333352,84.50576666666687,0.2875,40.71658110000001,honest,honest,0.0
6951,104.382348325,373.6803106666675,69.63986666666665,0.2875,59.257348324999995,hide_information,honest,0.0
6952,104.3841569,358.5387683333327,86.91716666666676,0.2875,59.259156899999994,honest,honest,0.0
6953,112.34753395,196.325431666667,89.84596666666658,0.2875,67.22253395,honest,honest,0.0
6954,96.22898905,15.45534899999998,89.92763333333322,0.2875,51.103989049999996,honest,honest,0.0
6955,96.23055235000001,1.247065333333333,90.99593333333306,0.24540287000416533,51.10555235000001,honest,honest,0.0
6956,96.096119725,8.630377333333332,87.65793333333322,0.22726399715167533,58.96957442420858,honest,honest,7.105427357601002e-15
6957,96.06338735,3.683166333333333,91.34420000000028,0.20505965760022166,62.38322789118168,honest,honest,0.0
6958,97.965538725,1.859633,91.52279999999988,0.16817158879044947,68.50420378095788,honest,honest,0.0
6959,56.162907774999994,0.191,89.78303333333346,0.2875,33.7103059048146,honest,hide_information,0.0
6960,36.95137555,0.0,92.0189999999997,0.33051907605263153,0.0,honest,honest,0.0
6961,37.014945749999995,0.0,92.83403333333352,0.3732035721052631,0.0,honest,honest,0.0
6962,37.0467688,0.0627776666666666,92.68683333333344,0.4157205784210526,0.0,honest,honest,0.0
6963,37.42836895,0.0627776666666666,91.91596666666634,0.4562291628947368,0.0,honest,honest,0.0
6964,56.4568593,0.0,90.48346666666662,0.4305712681578947,6.456859299999998,honest,honest,0.0
6965,96.37684055,0.0,86.95303333333335,0.36015028914188607,46.37684055,honest,honest,0.0
6966,109.76663795,0.0,85.96943333333355,0.22145567247587833,59.76663795,honest,honest,0.0
6967,104.45084185,0.0,81.21770000000022,0.0943813206219812,71.87426407958313,honest,honest,0.0
6968,85.71593545,2.4144113333333337,76.28676666666667,0.056734043973838015,77.28348453182358,honest,honest,0.0
6969,104.462872425,57.4576666666668,63.84469999999996,0.1360650723343059,103.18340406997078,honest,honest,0.0
6970,106.26472265000001,467.3352253333317,72.0418666666665,0.2875,89.9123589064819,hide_information,honest,0.0
6971,104.58970409999999,789.2859553333335,69.30106666666664,0.2875,59.46470409999999,hide_information,honest,0.0
6972,85.792204025,2186.2158033333344,65.26886666666661,0.2875,40.667204025000004,honest,honest,0.0
6973,85.814064375,3120.7569466666546,66.45943333333308,0.2875,40.689064375,honest,honest,0.0
6974,85.8220642,1009.7783539999976,64.36346666666681,0.2875,40.6970642,honest,honest,0.0
6975,104.42820875000001,718.5923319999985,57.34113333333342,0.2875,59.30320875000001,hide_information,honest,0.0
6976,104.43183765,605.6774456666676,52.74226666666651,0.2875,59.306837650000006,hide_information,honest,0.0
6977,112.3498358,248.24978833333316,48.10570000000001,0.2875,67.2248358,honest,honest,0.0
6978,96.53154219999999,27.312488999999896,47.06323333333328,0.15910360563333262,51.40654219999999,honest,honest,0.0
6979,96.4545732,1.4450660000000002,45.45133333333344,0.05,75.7248881296668,honest,honest,28.82848879633336
6980,96.2586492,0.3307443333333333,42.780399999999936,0.05,96.2586492,honest,honest,53.14750486666672
6981,95.94502215,0.3580333333333333,41.91029999999992,0.05,95.94502215,honest,honest,53.67668881666675
6982,97.880113525,0.7664443333333334,39.71696666666677,0.05,97.880113525,honest,honest,57.396702524999895
6983,56.004356175,2.0773333333333337,36.39920000000005,0.05,56.004356175,honest,honest,17.527822841666612
6984,36.7814392,0.0,41.78243333333326,0.10953996749999989,36.7814392,honest,hide_information,7.533735866666721
6985,36.820229375000004,0.0822443333333333,41.35140000000008,0.12564854172083365,25.507635550000025,honest,honest,0.0
6986,36.842216575,0.4276,42.25996666666679,0.1460382218384696,22.46899364804161,honest,honest,0.0
6987,37.1918535,0.0,39.68423333333321,0.14851329941755154,18.94459135069078,honest,honest,0.0
6988,56.197790024999996,1.1044446666666663,39.91239999999996,0.10687516999999995,37.480263135665204,honest,hide_information,8.437138468998565
6989,96.1169785,0.0,34.2512333333334,0.05000000000000001,85.31069620000001,honest,honest,51.05946286666661
6990,109.510097175,1.211278,43.1694333333332,0.05,109.510097175,honest,honest,65.12938584166679
6991,104.24363104999999,0.0,47.758766666666816,0.05,104.24363104999999,honest,honest,56.484864383333175
6992,85.62567630000001,0.0624666666666666,51.740733333333374,0.05,85.62567630000001,honest,honest,33.82247629999997
6993,104.441937825,12.963743999999998,53.12133333333322,0.0684733352,104.441937825,hide_information,honest,42.24598369166678
6994,106.32805877499999,276.3816196666671,52.772266666666674,0.2875,102.81812508699998,hide_information,honest,0.0
6995,104.736924775,553.8138973333332,54.17473333333342,0.2875,59.611924775000006,hide_information,honest,0.0
6996,85.966470725,561.266910666666,53.80033333333339,0.2875,40.84147072499999,honest,honest,0.0
6997,85.98518887499999,442.4639046666669,56.71990000000004,0.2875,40.86018887499999,honest,honest,0.0
6998,85.957164775,318.1845400000004,59.48496666666678,0.2875,40.832164774999995,honest,honest,0.0
6999,104.55690302500001,248.9589206666658,60.31516666666666,0.2875,59.43190302500001,hide_information,honest,0.0
7000,104.49728199999998,102.21812066666656,58.220733333333314,0.2875,59.372281999999984,hide_information,honest,0.0
7001,112.35503332500001,15.614378666666678,71.16103333333304,0.14284054870624863,67.23003332500001,honest,honest,0.0
7002,96.559030075,1.8116446666666668,73.36359999999998,0.05000000000000002,78.91932582081276,honest,honest,3.744081154146116
7003,96.46912567499999,0.2516223333333333,71.37269999999991,0.05,96.46912567499999,honest,honest,24.844803341666747
7004,96.25671717499999,1.8693223333333333,73.42540000000022,0.05,96.25671717499999,honest,honest,20.96199484166644
7005,96.00024902499999,0.5936,75.28873333333358,0.05,96.00024902499999,honest,honest,20.11791569166641
7006,97.91247935,0.0094443333333333,77.17000000000044,0.05,97.91247935,honest,honest,20.73303501666622
7007,56.06244275,0.2088,76.14966666666699,0.14640611360416816,56.06244275,honest,honest,0.0
7008,36.8599411,0.0,79.37726666666663,0.2875,18.54277951520805,honest,honest,0.0
7009,36.938955400000005,0.0,81.1635333333333,0.33058444526315783,0.0,honest,honest,0.0
7010,36.952980700000005,0.5259666666666667,77.36899999999999,0.37359507315789464,0.0,honest,honest,0.0
7011,38.600710825,0.4191333333333333,82.63240000000003,0.407933437236842,0.0,honest,honest,0.0
7012,57.63725264999999,0.4191333333333333,78.82280000000009,0.3822755424999999,7.6372526499999935,honest,honest,0.0
7013,96.83528785,0.02,79.64133333333353,0.2750413638089921,46.83528785,honest,honest,0.0
7014,109.653306,0.0,73.66959999999982,0.08217722733761446,66.89544687629152,honest,honest,0.0
7015,104.41754085,0.0,69.54230000000015,0.05000000000000001,98.30386765585325,honest,honest,28.7615676558531
7016,85.823408175,1.2472,62.29503333333314,0.05,85.823408175,honest,honest,22.28117484166686
7017,104.68595210000001,18.03915466666667,55.50093333333334,0.05,104.68595210000001,honest,honest,31.145864099999997
7018,106.5962527,203.8109703333327,43.9822333333334,0.2875,106.5962527,honest,honest,0.0
7019,109.07802905,529.6680806666665,37.080866666666665,0.2875,63.95302905,honest,honest,0.0
7020,91.700493175,501.41581333333255,38.03466666666676,0.2875,46.575493175000005,honest,honest,0.0
7021,90.12687749999999,439.7997746666665,42.37380000000008,0.2875,45.00187749999999,hide_information,honest,0.0
7022,89.843459875,428.2285883333338,44.47406666666672,0.2875,44.71845987499999,honest,honest,0.0
7023,110.254943175,273.37058433333266,57.5966666666668,0.2875,65.129943175,hide_information,honest,0.0
7024,108.64160527499999,147.43397366666687,65.31563333333338,0.2875,63.51660527499999,hide_information,honest,0.0
7025,115.41415997499999,40.69113799999995,69.3648,0.2388921956187498,70.28915997499999,honest,honest,0.0
7026,96.68152989999999,10.884754666666664,71.73489999999983,0.1536812991875876,60.79201273243753,honest,honest,0.0
7027,96.377610075,4.2306,73.08219999999983,0.05301452466054697,76.67816322935836,honest,honest,0.0
7028,96.1852577,6.737155666666666,68.52973333333324,0.05,95.61249801449607,honest,honest,20.345609014496162
7029,96.14724217499999,6.060844333333333,71.82013333333333,0.05,96.14724217499999,honest,honest,18.26626450833332
7030,98.022782025,1.131489,70.57423333333334,0.05,98.022782025,honest,honest,26.317059691666657
7031,56.191221174999995,1.2057666666666669,73.57886666666673,0.1383187077520836,56.191221174999995,honest,honest,0.0
7032,36.95507345,0.602289,79.93310000000018,0.2875,20.174518977104118,honest,honest,0.0
7033,37.026216275,0.0627776666666666,81.01686666666662,0.3301251774999999,0.0,honest,honest,0.0
7034,37.053827749999996,0.0,85.89923333333358,0.37260503144736834,0.0,honest,honest,0.0
7035,37.39904885,0.0,89.62696666666626,0.413267932236842,0.0,honest,honest,0.0
7036,56.409021775,0.0,90.04903333333284,0.3876100374999999,6.409021774999999,honest,honest,0.0
7037,96.3061718,0.0,91.59409999999994,0.33956980171315754,46.3061718,hide_information,honest,0.0
7038,109.64739610000001,0.0,89.02753333333298,0.21596755883464708,59.64739610000001,honest,honest,0.0
7039,104.409160025,0.0,89.25370000000038,0.12779728672952076,72.87532384641706,honest,honest,0.0
7040,85.771176425,0.7131333333333333,74.59713333333329,0.07052272992130898,70.98969194639105,honest,honest,0.0
7041,104.57007585,1.9794443333333331,83.52556666666655,0.05,100.67075716495128,honest,honest,15.1657461649514
7042,106.45938505000001,4.892077666666665,77.27463333333338,0.05,106.45938505000001,honest,honest,24.29267404999996
7043,104.92084055,8.688498666666668,87.54136666666703,0.05,104.92084055,honest,honest,8.690975216666303
7044,86.094361775,14.466709333333332,87.92530000000035,0.12741382590208497,86.094361775,honest,honest,0.0
7045,86.062546625,5.533644333333333,88.4662000000004,0.1575681419912169,71.35391970360385,hide_information,honest,0.0
7046,86.079807975,13.329288333333336,89.17286666666708,0.22508639651582524,65.64186099666878,hide_information,honest,0.0
7047,104.68381962500001,12.256800333333336,84.78213333333348,0.17170226455344956,71.41740428699322,hide_information,honest,0.0
7048,104.60588615,4.539322333333334,90.41663333333342,0.1139991239636553,81.48245588484458,honest,honest,0.0
7049,112.541010025,4.491766666666665,86.48799999999994,0.05,100.3811764719055,honest,honest,9.401409805238899
7050,96.779305575,11.112489,89.85936666666633,0.0699146129354151,96.779305575,honest,honest,0.0
7051,96.675451775,0.9063446666666668,90.1553999999998,0.05,92.89167531727114,honest,honest,1.8299306506046662
7052,96.41381584999999,0.3096666666666667,88.30349999999976,0.05,96.41381584999999,honest,honest,7.800649183333562
7053,96.066763375,0.0654,86.37826666666662,0.05,96.066763375,honest,honest,9.623096708333378
7054,97.91458647500001,0.2243,81.63263333333325,0.05,97.91458647500001,honest,honest,16.057653141666762
7055,56.079491575000006,1.6461333333333334,80.29633333333314,0.1728491316854157,56.079491575000006,honest,honest,0.0
7056,36.861697825,0.0,78.8923000000001,0.2875,13.520362804771015,honest,honest,0.0
7057,36.89929215,0.1754,76.93013333333353,0.3307931992105263,0.0,honest,honest,0.0
7058,36.894233674999995,0.0,72.99623333333355,0.37411302197368423,0.0,honest,honest,0.0
7059,37.2501652,0.0,71.55523333333316,0.41555952092105264,0.0,honest,honest,0.0
7060,56.2472155,0.1754,67.2832333333335,0.38990162618421054,6.247215500000003,honest,honest,0.0
7061,96.11559952500001,0.1754,69.91416666666683,0.24062007537028585,46.11559952500001,honest,honest,0.0
7062,109.47489755,0.6233333333333333,64.8670666666667,0.05000000000000002,73.25708322964569,honest,honest,7.7666832296456505
7063,104.2279652,0.732222,59.044433333333366,0.05,104.2279652,honest,honest,44.451309866666634
7064,85.55769097500001,6.792622000000001,59.73890000000018,0.05,85.55769097500001,honest,honest,19.026168974999834
7065,104.34910690000001,130.278931,59.477,0.2875,104.34910690000001,honest,honest,0.0
7066,106.22256482499999,379.961549333334,57.56566666666656,0.2875,61.09756482499999,honest,honest,0.0
7067,104.551028625,593.273015666665,54.76986666666676,0.2875,59.426028625,honest,honest,0.0
7068,85.7411302,726.9653436666667,57.18773333333342,0.2875,40.6161302,honest,hide_information,0.0
7069,85.76164614999999,877.9512883333338,60.86609999999993,0.2875,40.63664614999999,honest,honest,0.0
7070,85.75438087500001,777.5532623333344,59.50063333333334,0.2875,40.62938087500001,honest,honest,0.0
7071,104.313552575,723.5584686666677,58.07443333333334,0.2875,59.188552575,hide_information,honest,0.0
7072,104.29058585,403.044621333332,80.80316666666673,0.2875,59.16558585,honest,honest,0.0
7073,114.8663706,161.45822133333326,86.0749000000003,0.2875,69.7413706,honest,honest,0.0
7074,96.44955655000001,2.404389,91.40863333333314,0.25182021247083236,51.32455655000001,honest,honest,0.0
7075,96.376552725,8.963466666666667,91.55763333333368,0.25182934131117785,58.030712355541844,honest,honest,0.0
7076,96.201304475,3.587011,93.32060000000024,0.23550593652708918,57.853729625876205,honest,honest,0.0
7077,95.92406912499999,0.4352,93.3417999999998,0.20722052937194702,60.67794118485305,honest,honest,0.0
7078,97.864650475,1.367822,92.59933333333336,0.17337842583526564,67.99274989433007,honest,honest,0.0
7079,56.033993625,0.0,91.72489999999998,0.2875,32.59209271629953,honest,honest,0.0
7080,36.8142524,0.0,83.9139,0.33124077684210523,0.0,honest,honest,0.0
7081,36.860003649999996,0.0,92.73799999999966,0.37474075763157894,0.0,honest,honest,0.0
7082,36.871364325,0.2995666666666667,93.02186666666648,0.4181809453947368,0.0,honest,honest,0.0
7083,37.2379357,0.0,87.20950000000019,0.4596918101315789,0.0,honest,honest,0.0
7084,56.2780595,0.0,91.06376666666628,0.4340339153947368,6.278059499999998,honest,honest,0.0
7085,96.21208877500001,0.0627776666666666,88.66873333333325,0.37284327622664426,46.21208877500001,hide_information,honest,0.0
7086,109.6076922,0.0,92.50026666666628,0.265925110206467,59.6076922,hide_information,honest,0.0
7087,104.3133862,1.0994776666666666,84.15236666666642,0.15433008809466867,63.287615260771275,honest,honest,0.0
7088,85.61003299999999,0.0,92.82943333333353,0.17845005608877273,65.78731626201295,honest,honest,0.0
7089,104.365409925,1.6679333333333333,91.9971999999999,0.11509986180970035,79.95989926813317,honest,honest,0.0
7090,106.22224775,79.94712233333334,91.4261,0.2875,93.85327400615694,honest,honest,0.0
7091,104.538246775,152.47405600000042,91.68756666666668,0.2875,59.413246775000005,honest,honest,0.0
7092,85.748331175,200.6485556666669,92.77163333333324,0.2875,40.623331175000004,honest,hide_information,0.0
7093,85.75768605,211.1331159999998,91.94916666666649,0.2875,40.632686050000004,honest,honest,0.0
7094,85.73432072499999,112.4656466666666,91.90176666666665,0.2875,40.60932072499999,honest,honest,0.0
7095,104.33318865000001,77.22497900000002,93.16106666666676,0.2875,59.20818865000001,hide_information,honest,0.0
7096,104.32556445,28.478444666666704,92.1297,0.2875,59.20056445,hide_information,honest,0.0
7097,114.93614895,1.4468333333333332,94.80243333333314,0.17558105915416572,69.81114895,honest,honest,0.0
7098,96.538046075,1.6871443333333334,92.40356666666656,0.1517120642803841,72.6776448357085,honest,honest,0.0
7099,96.47872552500002,2.1833,92.96136666666644,0.13545835843596216,77.15343331172704,honest,honest,0.0
7100,96.28883135000001,3.7086776666666665,85.14613333333327,0.09181457182595548,80.0517432471672,honest,honest,0.0
7101,96.00224797499999,2.895,87.59599999999986,0.06155922319167418,88.05747932806845,honest,honest,0.0
7102,97.93884475,0.0790333333333333,82.24949999999998,0.05,95.7425923435819,honest,honest,13.414059010248593
7103,56.132592824999996,0.0,82.85806666666669,0.17694600074791678,56.132592824999996,honest,honest,0.0
7104,36.9306708,0.0,85.75760000000005,0.2875,12.810930657895813,honest,honest,0.0
7105,37.00409795,0.0890333333333333,87.46533333333345,0.33024158973684203,0.0,honest,honest,0.0
7106,37.03901905,0.0890333333333333,88.52563333333359,0.3727993842105262,0.0,honest,honest,0.0
7107,38.698595275,0.1822223333333333,82.82983333333348,0.4066225669736841,0.0,honest,honest,0.0
7108,57.744440299999994,0.0,85.69353333333308,0.380964672236842,7.744440299999994,honest,honest,0.0
7109,96.9623011,0.0,76.70316666666659,0.25907588894166617,46.962301100000005,honest,honest,0.0
7110,109.78888789999999,0.0,77.13673333333324,0.0835932555781867,70.06446900108341,honest,honest,0.0
7111,104.4860311,0.0,70.67313333333314,0.05,98.10331254014453,honest,honest,27.43017920681139
7112,85.7572073,0.0,73.2342,0.05,85.7572073,honest,honest,12.523007300000003
7113,104.51335587499999,16.282099999999996,62.348066666666725,0.05,104.51335587499999,honest,honest,25.883189208333263
7114,106.30229865000001,58.08260966666666,56.36166666666672,0.08867439399583356,106.30229865000001,honest,honest,0.0
7115,104.632624275,154.42792599999945,52.2660999999998,0.2875,97.28448941579163,honest,honest,0.0
7116,85.838835825,459.62954533333374,42.777399999999965,0.2875,40.713835825000004,honest,hide_information,0.0
7117,85.844491375,885.6751453333336,39.68773333333335,0.2875,40.719491375000004,honest,honest,0.0
7118,85.80026515,895.7814116666655,30.33603333333335,0.2875,40.67526515,honest,honest,0.0
7119,104.3930306,705.1926536666656,22.49546666666677,0.2875,59.2680306,hide_information,honest,0.0
7120,104.38630119999999,531.3842293333347,14.798566666666677,0.2875,59.26130119999999,honest,honest,0.0
7121,114.999678175,119.7381556666666,12.38563333333334,0.2875,69.874678175,honest,honest,0.0
7122,96.246362175,1.2287333333333337,9.63926666666664,0.05,51.121362175,honest,honest,40.25336217500003
7123,96.22424817500001,1.4513223333333334,19.718566666666685,0.05,96.22424817500001,honest,honest,75.054359175
7124,96.115176525,0.9016663333333336,10.944399999999968,0.05,96.115176525,honest,honest,84.2691101916667
7125,96.0957665,1.4340106666666668,9.0704333333333,0.05,96.0957665,honest,honest,85.59132250000003
7126,97.9964358,0.2251443333333333,9.119599999999991,0.05,97.9964358,honest,honest,88.65169146666668
7127,56.2079645,0.0,6.712666666666637,0.05,56.2079645,honest,honest,49.49529783333337
7128,37.004348825,0.0,7.792366666666653,0.06110412249999998,37.004348825,honest,hide_information,31.549692158333343
7129,37.06986685,0.0,7.010966666666641,0.05999062749999996,34.960083575,honest,hide_information,30.05240690833335
7130,37.09514035,0.0,5.48716666666664,0.05781921249999997,35.19692112500001,honest,hide_information,31.355904458333363
7131,37.451343025,0.0,5.729833333333308,0.05816501249999997,35.96569265000001,honest,hide_information,31.954809316666694
7132,56.473610074999996,0.1358333333333333,10.751966666666648,0.05,54.9222577,honest,honest,44.03445770000002
7133,96.40438400000001,1.9896,9.86403333333333,0.05,96.40438400000001,honest,honest,84.55075066666667
7134,112.45006849999999,0.0,16.421733333333318,0.05,112.45006849999999,honest,honest,96.02833516666666
7135,104.497563825,0.0,6.4235666666666855,0.05,104.497563825,honest,honest,98.07399715833331
7136,85.778407525,4.919311333333334,12.260899999999989,0.05,85.778407525,honest,honest,68.59819619166669
7137,104.5369301,68.83884333333344,12.05173333333332,0.05,104.5369301,honest,honest,23.646353433333246
7138,106.30939337499998,428.7615973333347,10.142399999999988,0.2875,106.30939337499998,hide_information,honest,0.0
7139,104.66799227499999,884.9648599999988,7.375466666666655,0.2875,59.54299227499999,hide_information,honest,0.0
7140,85.90136397500001,1452.4265946666678,6.866733333333347,0.2875,40.77636397500001,honest,honest,0.0
7141,85.906129725,1749.4068846666703,7.050500000000028,0.2875,40.781129725,honest,honest,0.0
7142,85.86528817499999,1074.2057143333325,11.36286666666667,0.2875,40.74028817499999,honest,honest,0.0
7143,104.44092655,605.0420583333351,7.24483333333334,0.2875,59.31592655,hide_information,honest,0.0
7144,104.415590525,344.65325533333345,10.46063333333333,0.2875,59.290590525,hide_information,honest,0.0
7145,114.99133555,53.51802799999985,8.14540000000003,0.05,69.86633555,honest,honest,8.20290755000012
7146,96.56242465,0.8338556666666666,11.708233333333348,0.05,96.56242465,honest,honest,84.02033564999998
7147,96.4800224,0.0119333333333333,15.755933333333411,0.05,96.4800224,honest,honest,80.71215573333325
7148,96.287708625,0.1183666666666666,23.968366666666643,0.05,96.287708625,honest,honest,72.20097529166668
7149,96.01699160000001,1.8058556666666663,20.863166666666704,0.05,96.01699160000001,honest,honest,73.34796926666664
7150,97.94483389999999,0.143889,36.543733333333314,0.05,97.94483389999999,honest,honest,61.257211566666676
7151,56.118694325,0.4544776666666666,41.70070000000008,0.05,56.118694325,honest,honest,13.963516658333248
7152,36.898136324999996,0.0,35.907233333333345,0.10116780750000004,36.898136324999996,honest,hide_information,11.763072991666657
7153,36.967169475,0.9317,54.373133333333385,0.18328284959583363,27.24528604999999,honest,honest,0.0
7154,36.989084575,0.0,72.53103333333326,0.2875,11.66534315179161,honest,honest,0.0
7155,37.3459437,0.0,77.45066666666666,0.32844240157894733,0.0,honest,honest,0.0
7156,56.344104275,0.0,86.15510000000023,0.3027845068421052,6.344104274999999,honest,honest,0.0
7157,96.24336597499999,0.0,87.44639999999978,0.23635242904374898,48.214309674999996,honest,honest,0.0
7158,112.2888217,0.0,82.64406666666694,0.07737048080365141,76.8818601816877,honest,honest,0.0
7159,104.36919682499999,0.0,78.74526666666664,0.05,99.16880547230622,honest,honest,20.42353880563958
7160,85.73797259999999,3.960955333333333,69.35126666666667,0.05,85.73797259999999,honest,honest,12.425750599999986
7161,104.571986125,53.76321100000002,49.4549,0.12661257567500006,104.571986125,hide_information,honest,17.482838424999983
7162,106.46059022499999,391.88619833333377,56.23039999999984,0.2875,91.90420084674997,hide_information,honest,0.0
7163,105.015454475,441.0216266666652,53.97213333333349,0.2875,59.890454475,hide_information,honest,0.0
7164,86.154048625,1150.6740293333337,49.95696666666669,0.2875,41.029048625,honest,honest,0.0
7165,86.1735291,1423.3702246666633,39.15513333333335,0.2875,41.048529099999996,honest,honest,0.0
7166,86.12472155,889.9649226666688,54.78873333333356,0.2875,40.999721550000004,honest,honest,0.0
7167,104.69118987499999,886.2577626666665,59.024233333333264,0.2875,59.56618987499999,hide_information,honest,0.0
7168,104.6115493,411.20049833333263,61.11489999999987,0.2875,59.48654929999999,hide_information,honest,0.0
7169,115.087702775,38.34578366666664,62.486799999999945,0.19663193423541625,69.962702775,honest,honest,0.0
7170,96.62711057499999,0.2422223333333333,61.584866666666734,0.05,68.7670430702709,honest,honest,6.939954070270836
7171,96.565831725,0.9341333333333334,56.90953333333337,0.05,96.565831725,honest,honest,38.72216505833329
7172,96.36325057500001,0.0,52.864666666666615,0.05,96.36325057500001,honest,honest,43.498583908333394
7173,96.066426325,0.061,44.22726666666658,0.05,96.066426325,honest,honest,51.778159658333415
7174,98.009255275,0.5348446666666666,30.23029999999999,0.05,98.009255275,honest,honest,67.24411060833334
7175,56.232534375,0.287778,25.34563333333334,0.05,56.232534375,honest,honest,30.59912304166666
7176,37.016860675,0.0,32.92493333333336,0.09691803000000004,37.016860675,honest,hide_information,13.969407341666649
7177,37.083140175,0.0,31.63306666666666,0.0664556729104167,28.16871447499999,honest,honest,0.0
7178,37.116431125,0.0,26.427200000000013,0.08765876000000003,33.989853272020824,honest,hide_information,15.490813272020816
7179,38.772929500000004,0.0,25.91036666666664,0.08692227249999997,31.6177651,honest,hide_information,13.480508433333352
7180,57.819413725000004,0.0,28.092933333333335,0.05,50.804181950000014,honest,honest,22.71124861666668
7181,97.07734197500001,0.0,26.32786666666669,0.05,97.07734197500001,honest,honest,70.74947530833332
7182,112.54646082500001,0.0,26.06486666666664,0.05,112.54646082500001,honest,honest,86.48159415833337
7183,104.55749315,0.8625333333333333,29.804166666666685,0.05,104.55749315,honest,honest,73.89079314999998
7184,85.852926575,6.288344333333335,33.39593333333334,0.05,85.852926575,honest,honest,46.168648908333324
7185,104.68107865,29.603011666666667,38.27666666666675,0.05,104.68107865,honest,honest,36.80140031666659
7186,106.6211117,29.00820033333333,43.65986666666687,0.05,106.6211117,honest,honest,33.95304469999979
7187,106.949766325,190.547109,43.579399999999936,0.2875,106.949766325,honest,honest,0.0
7188,87.996707225,1075.605583666666,44.85609999999995,0.2875,42.871707224999994,honest,hide_information,0.0
7189,86.8220874,3030.602618000012,43.61223333333324,0.2875,41.6970874,honest,hide_information,0.0
7190,86.27252122499999,1094.2667429999992,41.93390000000008,0.2875,41.14752122499999,honest,honest,0.0
7191,106.81216275,817.5090319999981,53.484299999999976,0.2875,61.68716275,hide_information,honest,0.0
7192,106.0758528,409.2987346666657,36.46180000000006,0.2875,60.95085280000001,honest,honest,0.0
7193,116.47394815,196.43555533333304,36.910966666666674,0.2875,71.34894815,honest,honest,0.0
7194,96.33831745,10.528166666666666,32.818333333333285,0.05,51.213317450000005,honest,honest,7.866817450000056
7195,96.1826748,5.0563666666666665,32.08990000000001,0.05,96.1826748,honest,honest,59.036408133333325
7196,96.019982575,1.0320223333333334,37.04720000000003,0.05,96.019982575,honest,honest,57.94076024166664
7197,95.983333375,2.3908666666666667,30.819033333333355,0.05,95.983333375,honest,honest,62.77343337499998
7198,97.8960359,0.0842333333333333,27.400499999999937,0.05,97.8960359,honest,honest,70.41130256666673
7199,56.067178350000006,9.730188666666669,32.663233333333324,0.05,56.067178350000006,honest,honest,13.673756350000012
7200,36.878230675,1.3132333333333337,23.97316666666661,0.08416176249999993,36.878230675,honest,hide_information,18.78378067500004
7201,36.91712645,0.0,19.421733333333297,0.07767596999999996,30.42639157500001,honest,hide_information,16.831178241666706
7202,36.908509,0.6481333333333333,16.404266666666683,0.07337608000000002,31.65007470000001,honest,hide_information,19.518954700000002
7203,37.256040600000006,14.9254,14.365300000000046,0.07047055250000007,32.8145854,honest,hide_information,7.833475399999969
7204,56.270476225,0.6233333333333333,11.722466666666657,0.05,52.38107124999999,honest,honest,40.03527125
7205,96.21491985,0.0,10.401933333333364,0.05,96.21491985,honest,honest,85.81298651666664
7206,112.261727375,0.9394443333333332,9.819699999999992,0.05,112.261727375,honest,honest,101.50258304166668
7207,104.36206237500001,4.291733333333333,9.772799999999958,0.05,104.36206237500001,honest,honest,90.29752904166672
7208,85.72275834999999,18.173011,10.432600000000017,0.05,85.72275834999999,honest,honest,57.117147349999975
7209,104.549275775,98.12756566666664,13.243500000000026,0.08240350198541668,104.549275775,honest,honest,0.0
7210,106.467135925,61.41508966666667,9.666333333333364,0.05000000000000001,100.31047054777082,honest,honest,29.22904754777079
7211,104.90452562499999,605.8550746666657,8.88130000000005,0.2875,104.90452562499999,honest,honest,0.0
7212,86.085058125,2308.949751666673,18.72186666666664,0.2875,40.960058125,honest,hide_information,0.0
7213,86.09208447500001,910.516362666664,10.550200000000034,0.2875,40.96708447500001,honest,hide_information,0.0
7214,86.0535756,668.4105413333313,8.904799999999994,0.2875,40.9285756,honest,hide_information,0.0
7215,104.58339107500001,404.7992370000003,10.813033333333376,0.2875,59.45839107500001,honest,honest,0.0
7216,104.54059635,139.487866,9.478066666666663,0.2875,59.41559635,honest,honest,0.0
7217,115.10534095,90.243488,10.364733333333328,0.1954824318208333,69.98034095,honest,honest,0.0
7218,96.663268225,5.654666000000001,13.758033333333367,0.05,69.02160617904167,honest,honest,49.608906845708304
7219,96.559704025,3.377122,16.745799999999992,0.05,96.559704025,honest,honest,76.43678202500001
7220,96.34207437500001,6.654388333333333,18.46676666666667,0.05,96.34207437500001,honest,honest,71.22091937500001
7221,96.0473809,1.9021223333333332,23.8942666666667,0.05,96.0473809,honest,honest,70.25099189999996
7222,97.943044075,0.024311,26.94366666666659,0.05,97.943044075,honest,honest,70.97506640833342
7223,56.143806649999995,1.7026443333333332,24.03903333333334,0.05,56.143806649999995,honest,honest,30.402128983333323
7224,36.92391005,0.5603333333333333,38.07656666666656,0.10425910749999984,36.92391005,honest,hide_information,9.70998005000008
7225,36.967044924999996,0.6783333333333333,35.56476666666667,0.0955301061249999,26.65781450000003,honest,honest,0.0
7226,37.002492125,8.301122333333332,42.91440000000012,0.1586028142673963,28.351771961250023,honest,honest,0.0
7227,37.3865758,0.5603333333333333,52.22960000000011,0.221179988159659,16.752041089194705,honest,honest,0.0
7228,56.406643450000004,0.0,49.40056666666671,0.17121107459325913,23.882445699664792,honest,honest,0.0
7229,96.31329082500001,0.5603333333333333,53.49520000000008,0.05,73.28318665228078,honest,honest,19.22765331894736
7230,112.343923425,0.0,61.14696666666668,0.05,112.343923425,honest,honest,51.19695675833332
7231,104.4190816,0.8807666666666667,60.11016666666668,0.05,104.4190816,honest,honest,43.42814826666665
7232,85.72643655,26.851332666666668,60.28753333333326,0.05670903988749962,85.72643655,honest,honest,0.0
7233,104.56509714999999,124.86916633333313,68.54449999999996,0.2875,103.29037957137506,honest,honest,0.0
7234,106.450077375,492.68625133333234,68.3922666666665,0.2875,61.325077375000006,honest,honest,0.0
7235,104.88551467500001,1206.6735613333333,70.54426666666663,0.2875,59.76051467500001,honest,honest,0.0
7236,86.086297325,1054.2478276666668,68.59886666666672,0.2875,40.961297325000004,honest,hide_information,0.0
7237,86.0901209,722.5319906666658,65.38740000000006,0.2875,40.9651209,honest,hide_information,0.0
7238,86.057180725,597.7543603333323,60.81923333333339,0.2875,40.932180724999995,honest,hide_information,0.0
7239,104.601032825,279.1318426666666,72.5354000000002,0.2875,59.476032825000004,honest,honest,0.0
7240,104.53698635,68.47281133333323,72.01759999999992,0.2875,59.41198635000001,honest,honest,0.0
7241,115.100573875,13.73168933333333,75.11709999999998,0.1396477734270833,69.975573875,honest,honest,0.0
7242,96.7216852,2.0774776666666668,69.99683333333331,0.05000000000000002,79.68860824885417,honest,honest,7.614297248854186
7243,96.672082825,0.0,71.40196666666671,0.05,96.672082825,honest,honest,25.270116158333295
7244,96.45304189999999,1.0614333333333337,73.20406666666666,0.05,96.45304189999999,honest,honest,22.187541899999985
7245,96.12577045,2.000599666666667,71.74350000000007,0.05,96.12577045,honest,honest,22.381670783333263
7246,97.99566895,0.1790999999999999,71.49626666666666,0.05,97.99566895,honest,honest,26.320302283333334
7247,56.209049025000006,0.1790999999999999,70.74546666666672,0.11989870879791689,56.209049025000006,honest,honest,0.0
7248,36.9781502,0.0,71.04489999999991,0.27490064624011956,23.697395528395795,honest,honest,0.0
7249,37.000541325,0.0,75.51393333333328,0.317660955055909,0.0,honest,honest,0.0
7250,37.007065350000005,0.0,78.30783333333335,0.3603869268980142,0.0,honest,honest,0.0
7251,37.37919385,0.0,79.73350000000006,0.4011543276874879,0.0,honest,honest,0.0
7252,56.408294275,0.0,70.28006666666663,0.3754964329506458,6.408294275000003,honest,honest,0.0
7253,96.32698272500001,0.0,69.54316666666674,0.22261541193672063,46.32698272500001,honest,honest,0.0
7254,112.37412777499999,0.0,73.41983333333359,0.05000000000000002,79.57719950702307,honest,honest,6.157366173689482
7255,104.42968945000001,0.0891666666666666,75.4328666666667,0.05,104.42968945000001,honest,honest,28.907656116666644
7256,85.712352375,0.1721,70.04666666666662,0.05,85.712352375,honest,honest,15.49358570833337
7257,104.473580175,11.155633333333334,71.88589999999998,0.05,104.473580175,honest,honest,21.432046841666676
7258,106.3092372,192.96123066666703,72.28533333333343,0.2875,106.3092372,honest,honest,0.0
7259,104.682518875,616.6876896666663,73.47720000000024,0.2875,59.557518875,honest,honest,0.0
7260,85.9080318,1225.2189170000022,70.07423333333334,0.2875,40.7830318,honest,hide_information,0.0
7261,85.934193225,856.4785209999983,60.7495333333333,0.2875,40.809193225,honest,hide_information,0.0
7262,85.9010336,618.3946136666651,55.04976666666679,0.2875,40.776033600000005,honest,honest,0.0
7263,104.49319647499999,450.52951366666576,49.74093333333317,0.2875,59.36819647499999,hide_information,honest,0.0
7264,104.4796145,135.6115163333339,43.50103333333334,0.2875,59.3546145,honest,honest,0.0
7265,115.07589967499999,3.334067,41.10133333333332,0.05,69.95089967499999,honest,honest,25.51549934166667
7266,96.68103645000001,8.257512,41.3071333333333,0.05,96.68103645000001,honest,honest,47.11639111666671
7267,96.6260199,2.9040776666666672,43.29109999999998,0.05,96.6260199,honest,honest,50.43084223333336
7268,96.4207767,0.083711,34.85616666666665,0.05,96.4207767,honest,honest,61.48089903333335
7269,96.08590012500001,1.2177776666666666,32.99109999999989,0.05,96.08590012500001,honest,honest,61.87702245833346
7270,97.97231572499999,0.0,27.706400000000013,0.05,97.97231572499999,honest,honest,70.26591572499997
7271,56.168750125,0.1783999999999999,27.40069999999992,0.05,56.168750125,honest,honest,28.589650125000084
7272,36.950618,0.1677776666666666,25.48966666666676,0.08632277500000016,36.950618,honest,hide_information,18.940073666666603
7273,37.025297425,0.0,26.41253333333329,0.08763785999999994,30.123970174999968,honest,hide_information,11.635196841666666
7274,37.0704741,0.1358333333333333,25.828133333333422,0.05,29.91928070000001,honest,honest,3.955314033333252
7275,38.73374795,0.2504333333333333,26.762300000000007,0.08813627750000003,38.73374795,honest,hide_information,19.749704616666666
7276,57.7777326,0.0,25.3622999999999,0.05,50.531839874999996,honest,honest,25.169539875000094
7277,97.003575275,0.0,23.97113333333332,0.05,97.003575275,honest,honest,73.03244194166669
7278,112.47501630000001,0.0,26.60989999999998,0.05,112.47501630000001,honest,honest,85.86511630000003
7279,104.5290166,0.3908333333333333,27.3628999999999,0.05,104.5290166,honest,honest,76.77528326666678
7280,85.8038052,0.6261113333333334,28.492799999999928,0.05,85.8038052,honest,honest,56.68489386666674
7281,104.5663279,27.99914433333334,32.66443333333349,0.05,104.5663279,honest,honest,43.90275023333317
7282,106.43104317500001,318.43394999999856,34.56350000000002,0.2875,106.43104317500001,honest,honest,0.0
7283,104.8307606,218.88404699999964,43.61856666666682,0.2875,59.705760600000005,honest,honest,0.0
7284,86.05934897499999,356.34523033333204,42.84800000000004,0.2875,40.93434897499999,honest,hide_information,0.0
7285,86.09121702499999,336.9206479999989,37.77000000000002,0.2875,40.96621702499999,honest,hide_information,0.0
7286,86.030594075,422.3876203333324,32.57236666666668,0.2875,40.905594074999996,honest,honest,0.0
7287,104.57244035000001,343.7574319999995,29.94940000000006,0.2875,59.44744035000001,hide_information,honest,0.0
7288,107.144375225,71.85882733333347,24.52713333333324,0.21324128084791683,62.019375225000005,honest,honest,0.0
7289,115.05467942499999,1.4212113333333334,21.20630000000001,0.05,84.03883606389579,honest,honest,61.41132473056244
7290,96.25627742500001,0.1091999999999999,18.45446666666667,0.05,96.25627742500001,honest,honest,77.69261075833333
7291,96.2229619,0.0175,22.15543333333336,0.05,96.2229619,honest,honest,74.05002856666664
7292,96.100399275,1.093333,24.649766666666768,0.05,96.100399275,honest,honest,70.35729960833324
7293,96.036972375,0.1987333333333333,30.496366666666685,0.05,96.036972375,honest,honest,65.34187237499998
7294,97.925258175,0.0,32.50576666666669,0.05,97.925258175,honest,honest,65.41949150833331
7295,56.055399175,0.0,29.411566666666623,0.05,56.055399175,honest,honest,26.643832508333375
7296,36.8128894,0.0,31.84233333333344,0.09537532500000015,36.8128894,honest,hide_information,14.523256066666598
7297,36.8316114,0.0,35.24889999999991,0.08343335166249968,28.210299649999975,honest,honest,0.0
7298,36.81408275,0.0,35.10046666666662,0.07203392347957241,30.46174593412506,honest,honest,0.0
7299,37.166387975,0.0,34.292066666666656,0.056232589725730725,32.97994251388124,honest,honest,0.0
7300,56.17171635,0.0,34.50710000000001,0.05,54.98752430211116,hide_information,honest,20.480424302111153
7301,96.0625093,0.0,39.69066666666662,0.05,96.0625093,hide_information,honest,56.37184263333338
7302,112.101931675,0.0,38.08403333333329,0.05,112.101931675,honest,honest,74.01789834166672
7303,104.170554075,0.0,51.41516666666664,0.05,104.170554075,honest,honest,52.755387408333355
7304,85.4478531,1.5483333333333331,37.00043333333329,0.05,85.4478531,honest,honest,46.89908643333338
7305,104.18153645000001,156.95233333333297,39.44303333333338,0.2875,104.18153645000001,hide_information,honest,0.0
7306,106.110553575,425.93027700000033,42.392,0.2875,60.985553575,hide_information,honest,0.0
7307,104.32025519999999,450.1491479999994,24.95813333333335,0.2875,59.19525519999999,hide_information,honest,0.0
7308,85.521461875,2928.4598480000022,19.10293333333332,0.2875,40.396461875,honest,honest,0.0
7309,85.521437225,616.4623213333336,16.67226666666666,0.2875,40.396437225,honest,honest,0.0
7310,85.49097252499999,361.20871099999937,15.0835333333333,0.2875,40.36597252499999,honest,honest,0.0
7311,104.068859175,290.64923866666726,13.4906,0.2875,58.943859175,hide_information,honest,0.0
7312,106.73586747499999,138.05929366666723,14.52079999999996,0.2875,61.61086747499999,honest,honest,0.0
7313,114.6997667,9.225533333333331,12.607066666666652,0.05,69.5747667,honest,honest,47.74216670000001
7314,96.302714725,1.0294446666666666,17.78640000000001,0.05,96.302714725,honest,honest,77.48687005833332
7315,96.259306475,0.4544443333333333,17.01606666666668,0.05,96.259306475,honest,honest,78.78879547499999
7316,96.0893008,0.0,27.618566666666727,0.05,96.0893008,honest,honest,68.47073413333328
7317,95.8168891,0.3079,31.61406666666666,0.05,95.8168891,honest,honest,63.894922433333335
7318,97.8100304,0.0656,28.692433333333327,0.05,97.8100304,honest,honest,69.05199706666667
7319,55.937782575,0.0,34.52806666666669,0.05,55.937782575,honest,honest,21.40971590833331
7320,36.7183649,0.0,34.77570000000005,0.09955537250000007,36.7183649,honest,hide_information,12.375374899999965
7321,36.785200175,2.101111,41.05490000000007,0.12498507510000038,27.36967939999999,honest,honest,0.0
7322,36.820039449999996,0.0,39.927966666666656,0.13243668455691698,22.572875180999922,honest,honest,0.0
7323,37.198855125,0.0,44.6809333333333,0.15993897930220075,21.535885059185777,honest,honest,0.0
7324,56.226205775000004,0.0,36.73163333333334,0.05662070972231953,35.337799707581866,honest,honest,0.0
7325,96.13128807500001,0.0,38.19646666666669,0.05,94.87335322775931,hide_information,honest,56.67688656109262
7326,112.17050882500001,0.0,45.77226666666665,0.05,112.17050882500001,honest,honest,66.39824215833336
7327,104.23458265000001,0.0,54.99206666666664,0.05,104.23458265000001,honest,honest,49.24251598333337
7328,85.516848475,2.2197666666666667,42.79513333333326,0.05,85.516848475,honest,honest,40.50194847500008
7329,104.2532942,15.048911333333338,51.66906666666683,0.07144469865000003,104.2532942,hide_information,honest,42.04998959999983
7330,106.1594691,170.77781033333346,55.388333333333385,0.2875,102.0849763565,hide_information,honest,0.0
7331,104.44056807500002,245.2555483333339,42.26083333333337,0.2875,59.315568075000016,hide_information,honest,0.0
7332,85.64088617499999,2080.016984000006,39.4721000000001,0.2875,40.51588617499999,honest,honest,0.0
7333,85.64634247500001,760.2390796666663,33.80106666666674,0.2875,40.52134247500001,honest,honest,0.0
7334,85.60915532499999,729.1915606666662,26.79249999999994,0.2875,40.48415532499999,honest,honest,0.0
7335,104.16933155000001,399.5053573333337,20.36849999999999,0.2875,59.04433155000001,hide_information,honest,0.0
7336,106.8201508,151.46365966666673,11.933500000000008,0.2875,61.69515079999999,hide_information,honest,0.0
7337,114.76817894999999,23.719224000000004,8.163799999999997,0.05,69.64317894999999,honest,honest,37.76015494999999
7338,96.35929725,0.752222,7.856700000000034,0.05,96.35929725,honest,honest,87.75037524999996
7339,96.30288225,0.752222,20.06810000000001,0.05,96.30288225,honest,honest,75.48256024999999
7340,96.119057575,1.1711333333333334,8.156233333333384,0.05,96.119057575,honest,honest,86.79169090833328
7341,95.84176115,0.0,20.207266666666683,0.05,95.84176115,honest,honest,75.63449448333331
7342,97.814627325,0.0,10.085133333333298,0.05,97.814627325,honest,honest,87.7294939916667
7343,55.933392425,0.0,9.864699999999992,0.05,55.933392425,honest,honest,46.06869242500001
7344,36.708281825,0.0,12.016466666666629,0.06712346499999995,36.708281825,honest,hide_information,28.29675515833336
7345,36.75822005,0.0,11.004566666666662,0.0656815075,33.50476170000001,honest,hide_information,25.801565033333347
7346,36.767736975,0.0,11.748033333333328,0.0667409475,33.78825055,honest,hide_information,25.564627216666672
7347,38.418127075,0.0,12.158199999999988,0.06732543499999999,35.237347050000004,honest,hide_information,26.726607050000013
7348,57.443656625,0.0,19.960199999999983,0.05,54.151823975000006,honest,honest,34.19162397500003
7349,96.636016725,0.0,14.433966666666674,0.05,96.636016725,honest,honest,82.20205005833333
7350,112.106780425,0.0,16.501433333333285,0.05,112.106780425,honest,honest,95.60534709166672
7351,104.17485479999999,0.0,18.53626666666659,0.05,104.17485479999999,honest,honest,85.6385881333334
7352,85.455435975,0.1633333333333333,19.495133333333275,0.05,85.455435975,honest,honest,65.79696930833339
7353,104.2001561,80.04143100000002,42.90146666666669,0.13902802244166687,104.2001561,honest,honest,0.0
7354,106.104797575,298.2872776666655,38.2710666666665,0.2875,89.1894733110833,honest,honest,0.0
7355,104.3160505,675.5816440000001,37.54473333333324,0.2875,59.1910505,honest,honest,0.0
7356,85.510035425,2979.757856333331,37.00810000000008,0.2875,40.385035425,honest,hide_information,0.0
7357,85.507344625,548.542464000001,46.97520000000007,0.2875,40.382344625,honest,hide_information,0.0
7358,85.472944725,584.9060406666674,54.17899999999995,0.2875,40.347944725000005,honest,honest,0.0
7359,104.07223535,345.7132010000012,65.56890000000008,0.2875,58.94723535,hide_information,honest,0.0
7360,106.735452825,46.01810533333328,75.57069999999993,0.2875,61.610452824999996,honest,honest,0.0
7361,114.698766975,0.882389,80.54226666666662,0.10629172128541647,69.573766975,honest,honest,0.0
7362,95.94518127500001,0.2797333333333333,82.77879999999982,0.05,85.24975423077088,honest,honest,2.1912208974377165
7363,95.92342852499999,0.2881999999999999,74.37253333333321,0.05,95.92342852499999,honest,honest,21.26269519166678
7364,95.82871367499999,0.0,62.99196666666671,0.05,95.82871367499999,honest,honest,32.836747008333276
7365,95.803330225,0.446511,63.66190000000023,0.05,95.803330225,honest,honest,31.694919224999765
7366,97.80701835,2.519900333333333,55.797266666666864,0.05,97.80701835,honest,honest,39.48985134999981
7367,55.911593100000005,0.731039,49.8952666666668,0.05,55.911593100000005,honest,honest,5.2852874333332025
7368,36.69035975,0.0,52.85389999999972,0.12677681618749867,36.69035975,honest,hide_information,0.0
7369,36.7535855,1.9855553333333331,50.80213333333304,0.1954530666508828,22.165990424375252,honest,honest,0.0
7370,36.7867512,0.0,47.15553333333312,0.23052310778575402,9.150668536332265,honest,honest,0.0
7371,37.165329125,0.0,40.20129999999981,0.22734296643289215,2.865938645706734,honest,honest,0.0
7372,56.199888900000005,0.0,38.54463333333325,0.1261895632640181,22.504725277750495,honest,honest,0.0
7373,96.116139975,0.0,33.577566666666584,0.05,81.64012295483656,honest,honest,48.06255628816997
7374,112.140041075,0.0,31.51350000000012,0.05,112.140041075,honest,honest,80.62654107499988
7375,104.21008362500001,0.0,30.44883333333332,0.05,104.21008362500001,honest,honest,73.7612502916667
7376,85.500078075,0.0,31.635933333333384,0.05,85.500078075,honest,honest,53.86414474166662
7377,104.25007707500001,0.5576556666666668,31.657766666666685,0.05,104.25007707500001,honest,honest,72.03465474166666
7378,106.137346625,8.199666333333335,31.34230000000004,0.05,106.137346625,honest,honest,66.59538029166663
7379,104.3540486,46.42775600000001,25.90553333333327,0.05,104.3540486,honest,honest,32.020759266666715
7380,85.54114222500002,283.1820753333337,22.93713333333327,0.2875,85.54114222500002,honest,honest,0.0
7381,85.5431403,385.8870143333349,31.15163333333336,0.2875,40.418140300000005,honest,hide_information,0.0
7382,85.5155014,183.096694666666,30.73930000000008,0.2875,40.390501400000005,honest,honest,0.0
7383,104.102253425,42.18468933333341,32.72186666666658,0.12566418723124997,58.977253425,hide_information,honest,0.0
7384,106.74060575,57.1748,42.875300000000095,0.13147409000000004,92.3644101760625,hide_information,honest,9.466750176062419
7385,114.701382775,1.0315446666666666,46.19420000000008,0.05000000000000002,99.221305675,honest,honest,51.99556100833325
7386,96.299312025,0.1633333333333333,50.788200000000174,0.05,96.299312025,honest,honest,45.3477786916665
7387,96.2492123,0.0,54.91800000000004,0.05,96.2492123,honest,honest,41.331212299999954
7388,96.06469965000001,0.0,55.7307,0.05,96.06469965000001,honest,honest,40.33399965000001
7389,95.77692819999999,0.0,47.96093333333359,0.05,95.77692819999999,honest,honest,47.815994866666394
7390,97.78780545000001,0.752222,38.0984666666667,0.05,97.78780545000001,honest,honest,58.9371167833333
7391,55.8743791,0.0,55.69026666666649,0.05,55.8743791,honest,honest,0.18411243333351024
7392,36.650900050000004,0.0,53.78773333333318,0.1313999580958326,36.650900050000004,honest,hide_information,0.0
7393,36.713029750000004,0.0,61.45883333333312,0.24100602920232123,21.247037711791812,honest,honest,0.0
7394,36.744508925,0.0,67.88830000000004,0.2875,0.4533633765589613,honest,honest,0.0
7395,37.120202500000005,0.0,69.11873333333332,0.3296305131578947,0.0,honest,honest,0.0
7396,56.1488291,0.0,67.62250000000006,0.3039726184210526,6.1488291,honest,honest,0.0
7397,96.05729762499999,0.0,53.6097333333333,0.07758435773958322,47.802500124999995,hide_information,honest,0.0
7398,114.72274025000002,0.0,64.90009999999995,0.05,109.48171227947921,hide_information,honest,44.58161227947926
7399,104.151483125,0.0,55.72003333333336,0.05,104.151483125,hide_information,honest,48.43144979166664
7400,85.42215217500001,0.0,57.58560000000004,0.05,85.42215217500001,honest,honest,27.836552174999966
7401,104.184306475,19.822877666666677,54.45826666666671,0.05,104.184306475,honest,honest,29.903162141666613
7402,106.083325575,99.16896599999995,45.36333333333332,0.232632625352083,106.083325575,honest,honest,0.0
7403,104.277667075,268.43232366666666,35.45556666666664,0.2875,69.57746825810423,honest,honest,0.0
7404,85.46886260000001,2556.470992333336,37.37629999999991,0.2875,40.34386260000001,honest,hide_information,0.0
7405,85.4644558,953.7958613333346,21.663399999999985,0.2875,40.339455799999996,honest,hide_information,0.0
7406,85.428973525,428.3784163333321,21.38366666666667,0.2875,40.303973525,honest,honest,0.0
7407,104.01694140000001,202.11968400000083,29.54790000000001,0.2875,58.89194140000001,honest,honest,0.0
7408,106.6675308,45.92516466666663,25.15483333333326,0.0953029691999995,61.542530799999994,honest,honest,0.0
7409,114.62437225000001,1.1137113333333333,22.312099999999987,0.05000000000000001,106.0168081020001,honest,honest,82.59099676866677
7410,96.2269336,0.0627776666666666,27.659600000000065,0.05,96.2269336,honest,honest,68.50455593333326
7411,96.176364925,0.5494666666666667,17.882966666666654,0.05,96.176364925,honest,honest,77.74393159166668
7412,95.99608415,0.0625333333333333,20.931599999999957,0.05,95.99608415,honest,honest,75.0019508166667
7413,95.721809375,0.0,20.44373333333335,0.05,95.721809375,honest,honest,75.27807604166665
7414,97.744959725,0.0628,16.574933333333345,0.05,97.744959725,honest,honest,81.10722639166666
7415,55.847916475000005,0.0395,17.053500000000007,0.05,55.847916475000005,honest,honest,38.754916475
7416,55.759738625,0.0,16.53236666666671,0.05,55.759738625,hide_information,honest,39.227371958333286
7417,36.575348975000004,0.0,16.03570000000001,0.05,36.575348975000004,honest,honest,20.539648974999995
7418,36.62929905,0.0,11.858533333333297,0.05,36.62929905,honest,honest,24.770765716666702
7419,36.661884975,0.0,14.806566666666656,0.05,36.661884975,honest,honest,21.855318308333345
7420,37.039322775,0.0,31.943966666666658,0.05,37.039322775,honest,honest,5.095356108333345
7421,56.115389349999994,0.0,8.358799999999972,0.05,56.115389349999994,hide_information,honest,47.75658935000002
7422,96.017557475,0.0,12.510566666666668,0.05,96.017557475,honest,honest,83.50699080833334
7423,104.096933325,0.0,6.330133333333322,0.05,104.096933325,honest,honest,97.76679999166667
7424,104.11685882500001,0.0,4.491166666666675,0.05,104.11685882500001,honest,honest,99.62569215833334
7425,85.41365192500001,12.475933333333334,7.567866666666687,0.05,85.41365192500001,honest,honest,65.36985192499999
7426,104.14570082499999,330.5263463333323,8.560866666666692,0.2875,104.14570082499999,honest,honest,0.0
7427,106.07884052499999,484.9285076666663,12.49940000000001,0.2875,60.95384052499999,honest,honest,0.0
7428,104.28434449999999,1438.5383806666644,7.962933333333341,0.2875,59.15934449999999,honest,honest,0.0
7429,85.491253025,721.4451983333316,7.519499999999995,0.2875,40.366253025000006,honest,hide_information,0.0
7430,85.496134575,523.7607900000006,19.70196666666669,0.2875,40.371134575,honest,honest,0.0
7431,85.448986225,338.90506600000003,20.29663333333333,0.2875,40.323986225,honest,honest,0.0
7432,106.65731422500001,21.93928333333334,9.83599999999999,0.05,61.53231422500001,honest,honest,29.75703089166668
7433,114.615204225,0.0209333333333333,10.313233333333317,0.05,114.615204225,honest,honest,104.28103755833335
7434,114.63472357500001,0.0,11.942333333333362,0.05,114.63472357500001,honest,honest,102.69239024166664
7435,96.237461575,0.0,12.124833333333298,0.05,96.237461575,honest,honest,84.1126282416667
7436,96.18645674999999,0.0,12.161700000000032,0.05,96.18645674999999,honest,honest,84.02475674999997
7437,96.007290775,0.0,15.205833333333343,0.05,96.007290775,honest,honest,80.80145744166666
7438,95.72866942499999,0.0,16.41903333333335,0.05,95.72866942499999,honest,honest,79.30963609166665
7439,97.751705025,0.0,17.269466666666666,0.05,97.751705025,honest,honest,80.48223835833335
7440,55.852393125,0.0,15.55740000000004,0.05,55.852393125,honest,honest,40.29499312499996
7441,36.60768455,0.0,20.35256666666663,0.07900240749999995,36.60768455,honest,hide_information,22.360887883333362
7442,36.66301465,0.0,25.221399999999992,0.08594049499999998,31.15255722500001,honest,hide_information,13.497577225000015
7443,36.694534975,0.0,24.81026666666656,0.05,29.865840925000008,honest,honest,5.055574258333447
7444,38.358725425,0.0,24.63000000000004,0.05,38.358725425,honest,honest,13.728725424999961
7445,57.40859965,0.0,25.87449999999997,0.05,57.40859965,hide_information,honest,31.53409965000003
7446,96.601766025,0.0,28.939666666666543,0.05,96.601766025,honest,honest,67.66209935833346
7447,104.115513475,0.0,28.838000000000022,0.05,104.115513475,honest,honest,75.27751347499998
7448,104.123789425,1.7204333333333333,32.16543333333339,0.05,104.123789425,honest,honest,70.23792275833327
7449,85.40699959999999,7.652666666666664,29.39996666666667,0.05,85.40699959999999,honest,honest,48.35436626666666
7450,104.1305107,282.1851170000001,37.404666666666735,0.2875,104.1305107,honest,honest,0.0
7451,106.0576503,483.01756599999953,44.45096666666665,0.2875,60.932650300000006,honest,honest,0.0
7452,104.25838195,2726.9164323333443,45.88209999999982,0.2875,59.13338195,honest,honest,0.0
7453,85.44303597500002,1057.906398999998,44.25153333333324,0.2875,40.318035975000015,honest,hide_information,0.0
7454,85.444694025,509.7090563333313,41.22433333333342,0.2875,40.319694025000004,honest,hide_information,0.0
7455,85.41382222499999,266.1350766666669,36.06490000000013,0.2875,40.28882222499999,honest,hide_information,0.0
7456,106.622382575,66.16527766666664,31.754033333333325,0.22300416001874984,61.497382575,honest,honest,0.0
7457,114.582627175,0.02,31.824866666666654,0.05,81.71183677143753,honest,honest,49.86697010477088
7458,114.601324375,0.551811,33.04276666666677,0.05,114.601324375,honest,honest,81.00674670833322
7459,95.8485929,0.0628,33.62293333333334,0.05,95.8485929,honest,honest,62.162859566666654
7460,95.824407775,0.2440113333333333,34.50356666666671,0.05,95.824407775,honest,honest,61.07682977499996
7461,95.72788340000001,0.0,36.33000000000004,0.05,95.72788340000001,honest,honest,59.39788339999997
7462,95.713722825,0.0,32.04720000000002,0.05,95.713722825,honest,honest,63.66652282499999
7463,97.73873954999999,0.0,36.2880666666666,0.05,97.73873954999999,honest,honest,61.45067288333339
7464,55.840049025,0.0,37.50679999999986,0.05,55.840049025,honest,honest,18.333249025000136
7465,36.576905275,0.0,39.796933333333264,0.10671062999999989,36.576905275,honest,hide_information,8.719051941666716
7466,36.625712375,0.0,44.28316666666659,0.13755425146041622,25.85069267500002,honest,honest,0.0
7467,36.659553625,0.0,40.4123,0.14684325722427566,20.02424584752092,honest,honest,0.0
7468,37.03761735,0.0,39.22166666666667,0.14777527389907547,18.637398477387624,honest,honest,0.0
7469,56.115892975,0.0,38.16106666666666,0.10437952,37.538590934175666,honest,hide_information,10.825844267509002
7470,96.0209893,0.0,58.591566666666914,0.05,85.6888805,honest,honest,27.097313833333082
7471,104.09874605,0.0,67.12360000000007,0.05,104.09874605,honest,honest,36.975146049999935
7472,104.115684175,2.781511,67.35056666666672,0.053963653174999966,104.115684175,hide_information,honest,34.818059808333274
7473,85.4060889,5.949433333333333,75.15839999999997,0.0584779425,84.65299479675001,hide_information,honest,5.329991463416704
7474,104.1304023,6.273910666666665,83.56819999999989,0.05894032269999999,102.519593225,hide_information,honest,14.559655758333435
7475,106.060650075,9.87368866666666,82.7351999999999,0.06407000635,104.361988762,hide_information,honest,14.715206695333436
7476,104.259690675,245.9841923333326,90.28866666666654,0.2875,101.5863894685,hide_information,honest,0.0
7477,85.44512599999999,345.6493623333332,88.21600000000014,0.2875,40.32012599999999,honest,honest,0.0
7478,85.44809965,400.481576,69.31726666666668,0.2875,40.32309965,honest,honest,0.0
7479,85.4185728,149.79073933333396,88.68533333333302,0.2875,40.29357280000001,honest,honest,0.0
7480,106.6311655,22.36279966666668,84.95659999999977,0.26761286229166564,61.506165499999994,hide_information,honest,0.0
7481,114.594445575,1.219911,78.33106666666659,0.07993913565364458,73.24800173958351,honest,honest,0.0
7482,114.61310495,0.4716443333333333,84.9743666666668,0.05,108.92466917580752,honest,honest,23.478658175807396
7483,96.214889525,0.4609666666666667,85.73156666666637,0.05,96.214889525,honest,honest,10.022356191666972
7484,96.167351975,3.737955666666666,74.65770000000003,0.05,96.167351975,honest,honest,17.771696308333304
7485,95.99279187500001,0.0582666666666666,81.10619999999986,0.05,95.99279187500001,honest,honest,14.828325208333482
7486,95.721013,0.0684666666666666,70.55853333333332,0.05,95.721013,honest,honest,25.094013000000018
7487,97.74495082499999,0.0,61.35896666666671,0.05,97.74495082499999,honest,honest,36.38598415833328
7488,55.847406125,0.0,71.60626666666666,0.12485458757291662,55.847406125,honest,honest,0.0
7489,36.591624249999995,1.0304,79.89873333333361,0.2875,22.36925261114584,honest,honest,0.0
7490,36.6446843,0.0,79.78586666666645,0.33213324052631576,0.0,honest,honest,0.0
7491,36.67711535,0.0,79.11219999999969,0.37659579131578946,0.0,honest,honest,0.0
7492,37.053544975,0.0,75.24209999999992,0.41907713355263154,0.0,honest,honest,0.0
7493,56.122686175,0.0,73.12926666666651,0.39341923881578944,6.122686174999998,honest,honest,0.0
7494,96.025999075,0.0,72.76336666666667,0.257263840139364,46.025999075,honest,honest,0.0
7495,104.111722475,0.0,58.57320000000004,0.05,64.73159284852083,honest,honest,6.158392848520791
7496,104.133448975,0.0,65.08306666666685,0.05,104.133448975,honest,honest,39.05038230833314
7497,85.43255015,20.711256666666667,61.49686666666672,0.05,85.43255015,honest,honest,3.2244268166666075
7498,104.18474675,255.54610633333408,58.417966666666594,0.2875,104.18474675,hide_information,honest,0.0
7499,106.12750695000001,537.2813783333337,48.83126666666666,0.2875,61.00250695000001,hide_information,honest,0.0
7500,104.40969675,621.5472306666675,42.93929999999986,0.2875,59.284696749999995,hide_information,honest,0.0
7501,85.621419975,581.6041503333342,37.19976666666676,0.2875,40.496419974999995,honest,honest,0.0
7502,85.632493425,303.2354850000005,28.055966666666723,0.2875,40.50749342500001,honest,honest,0.0
7503,85.61216375000001,33.640099000000006,20.250966666666656,0.11366853410416661,40.48716375000001,honest,honest,0.0
7504,106.824305675,1.222411,15.991200000000005,0.05,94.72728419520836,honest,honest,77.51367319520836
7505,114.74093549999999,1.1626886666666667,16.096500000000027,0.05,114.74093549999999,honest,honest,97.48174683333329
7506,114.7490602,1.1359333333333332,9.457333333333368,0.05,114.7490602,honest,honest,104.1557935333333
7507,96.34611445000002,0.2366666666666666,12.514899999999963,0.05,96.34611445000002,honest,honest,83.59454778333338
7508,96.2917566,0.6255220000000001,16.721366666666693,0.05,96.2917566,honest,honest,78.94486793333331
7509,96.11024495000001,0.1163333333333333,12.070033333333386,0.05,96.11024495000001,honest,honest,83.9238782833333
7510,95.824885325,0.1766333333333333,15.102233333333356,0.05,95.824885325,honest,honest,80.54601865833331
7511,97.80807995,0.0,13.71546666666665,0.05,97.80807995,honest,honest,84.09261328333335
7512,55.94506945,0.0,12.925333333333288,0.05,55.94506945,honest,honest,43.01973611666671
7513,36.723881524999996,0.0,14.17286666666662,0.07019633499999994,36.723881524999996,honest,hide_information,26.80287485833336
7514,36.797420975,0.0,30.011000000000028,0.09276567500000005,32.96011732500001,honest,hide_information,11.952417324999995
7515,36.837119,0.0,25.287900000000008,0.05000000000000001,28.711640749999994,honest,honest,3.423740749999986
7516,38.501833475,0.0,22.271800000000017,0.08173731500000003,38.501833475,honest,hide_information,22.911573474999987
7517,57.53610075,0.1605666666666666,18.610233333333355,0.05000000000000001,51.5060109,honest,honest,32.73521089999998
7518,96.74786795,0.1103666666666666,28.490366666666663,0.05,96.74786795,honest,honest,68.14713461666668
7519,104.277556125,0.1853666666666666,33.913900000000005,0.05,104.277556125,honest,honest,70.17828945833332
7520,104.2778631,1.1644666666666663,35.92380000000008,0.05,104.2778631,honest,honest,67.18959643333326
7521,85.56808117499999,1.850189,51.79959999999989,0.05,85.56808117499999,honest,honest,31.918292175000097
7522,104.317002825,16.50221266666667,54.80406666666676,0.05,104.317002825,honest,honest,33.01072349166657
7523,106.19165875,82.72522500000005,58.63779999999986,0.21706398968749957,106.19165875,honest,honest,0.0
7524,104.471805375,1523.828468000001,55.265233333333335,0.2875,72.72964733437509,honest,honest,0.0
7525,85.658338175,408.308789666667,44.58869999999993,0.2875,40.533338175,honest,hide_information,0.0
7526,85.64221012499999,291.1004466666669,49.02226666666647,0.2875,40.51721012499999,honest,honest,0.0
7527,85.60127100000001,193.68327133333264,41.30896666666666,0.2875,40.47627100000001,honest,hide_information,0.0
7528,106.85442705,20.26028999999996,36.81780000000001,0.05,61.72942705,honest,honest,4.6513370500000235
7529,114.79322415,0.1023666666666666,33.21639999999991,0.05,114.79322415,honest,honest,81.47445748333342
7530,114.81273314999999,1.4272110000000002,33.600900000000024,0.05,114.81273314999999,honest,honest,79.78462214999996
7531,96.0618443,0.0,32.91326666666671,0.05,96.0618443,honest,honest,63.148577633333296
7532,96.05332539999999,0.7848333333333334,31.759033333333367,0.05,96.05332539999999,honest,honest,63.50945873333329
7533,95.95763675,0.0,30.48260000000002,0.05,95.95763675,honest,honest,65.47503674999999
7534,95.9499613,0.0,26.16966666666667,0.05,95.9499613,honest,honest,69.78029463333333
7535,97.90416864999999,0.0,25.44866666666664,0.05,97.90416864999999,honest,honest,72.45550198333335
7536,56.08289380000001,0.0,22.96190000000003,0.05,56.08289380000001,honest,honest,33.12099379999998
7537,36.886969125,0.0,18.898500000000023,0.07693036250000004,36.886969125,honest,hide_information,23.658019124999985
7538,36.956288074999996,0.0,19.19070000000005,0.07734674750000008,31.83951919999999,honest,hide_information,18.406029199999956
7539,36.9815496,0.0,17.27273333333334,0.074613645,31.785667574999987,honest,hide_information,19.69475424166665
7540,37.336790475,0.0,17.76123333333334,0.07530975750000002,32.660197925,honest,hide_information,20.22733459166666
7541,56.331805724999995,0.0,17.818533333333306,0.05,51.522951799999994,honest,honest,33.70441846666669
7542,96.217747125,0.1376666666666666,16.200300000000016,0.05,96.217747125,honest,honest,79.87978045833331
7543,104.28567472499999,0.0,15.87456666666665,0.05,104.28567472499999,honest,honest,88.41110805833334
7544,104.30632279999999,0.0,16.132166666666745,0.05,104.30632279999999,honest,honest,88.17415613333324
7545,85.618075825,13.229677666666667,16.132300000000036,0.05,85.618075825,honest,honest,56.2560981583333
7546,104.4151127,25.890033666666664,17.045433333333346,0.05,104.4151127,honest,honest,61.479645699999985
7547,106.2851028,197.3642196666672,17.032566666666646,0.2875,106.2851028,honest,honest,0.0
7548,104.68096897500001,2225.4117976666603,17.186966666666684,0.2875,59.55596897500001,honest,honest,0.0
7549,85.92283012499999,459.3828770000013,17.049633333333357,0.2875,40.79783012499999,honest,hide_information,0.0
7550,85.94895987499999,282.14371200000016,17.49166666666663,0.2875,40.823959874999986,honest,honest,0.0
7551,85.91070099999999,193.1065666666676,18.20283333333335,0.2875,40.78570099999999,honest,honest,0.0
7552,107.0597121,88.20280033333341,20.45173333333334,0.2719191524416671,61.9347121,honest,honest,0.0
7553,114.92827382499999,1.6701223333333337,22.24403333333336,0.05,72.76363486108323,honest,honest,48.84947919441654
7554,114.89678507500001,1.2302666666666668,20.11926666666667,0.05,114.89678507500001,honest,honest,93.54725174166667
7555,96.46461735000001,0.1186333333333333,18.139433333333304,0.05,96.46461735000001,honest,honest,78.20655068333338
7556,96.405042175,0.0,17.74689999999994,0.05,96.405042175,honest,honest,78.65814217500007
7557,96.21583692499999,1.7070556666666667,19.77013333333336,0.05,96.21583692499999,honest,honest,74.73864792499997
7558,95.910307575,3.1079106666666667,19.718566666666657,0.05,95.910307575,honest,honest,73.08383024166667
7559,97.8507277,7.032578,22.11266666666664,0.05,97.8507277,honest,honest,68.70548303333335
7560,56.007172075,0.0,18.41083333333334,0.05,56.007172075,honest,honest,37.596338741666656
7561,36.812750099999995,0.0,21.394799999999957,0.05,36.812750099999995,honest,honest,15.417950100000038
7562,36.8774285,1.0304,22.678133333333392,0.05,36.8774285,honest,honest,13.168895166666609
7563,36.911829625,0.0,27.3888,0.05,36.911829625,honest,honest,9.523029625000003
7564,37.2662268,0.0,22.20543333333332,0.05,37.2662268,honest,honest,15.060793466666677
7565,56.292685049999996,0.0,17.58503333333333,0.05,56.292685049999996,hide_information,honest,38.70765171666666
7566,96.20392989999999,0.0627776666666666,18.31593333333337,0.05,96.20392989999999,honest,honest,77.82521889999995
7567,104.266718325,0.0,14.65336666666668,0.05,104.266718325,honest,honest,89.61335165833331
7568,104.27547262499999,0.839289,13.546733333333355,0.05,104.27547262499999,honest,honest,89.88945029166663
7569,85.56807615,7.088532999999999,15.502699999999992,0.060101159525,85.56807615,hide_information,honest,65.10340305
7570,104.2977666,32.82036633333333,12.140666666666666,0.05,102.37854629025,honest,honest,57.41751329025
7571,106.14158072500001,390.2899066666665,12.990199999999986,0.2875,106.14158072500001,honest,honest,0.0
7572,104.3418384,2040.3133513333307,10.695999999999977,0.2875,59.2168384,honest,honest,0.0
7573,85.5318488,804.0480880000008,14.423699999999998,0.2875,40.406848800000006,honest,hide_information,0.0
7574,85.554118225,737.440417666669,13.495866666666684,0.2875,40.429118224999996,honest,honest,0.0
7575,85.520497725,269.40403766666594,9.481799999999968,0.2875,40.395497725,honest,honest,0.0
7576,109.37148965,101.00046666666672,13.0899,0.28675841582916695,64.24648965,honest,honest,0.0
7577,114.645593125,4.765911333333333,13.06376666666668,0.05,69.66149411745829,honest,honest,51.831816117458274
7578,114.64165775,1.263889,15.30856666666669,0.05,114.64165775,honest,honest,98.0692020833333
7579,96.24574745000001,0.2383443333333333,15.578566666666674,0.05,96.24574745000001,honest,honest,80.42883645
7580,96.198071075,0.5310556666666667,16.407966666666667,0.05,96.198071075,honest,honest,79.25904874166667
7581,96.02011967499999,0.8107666666666666,17.063566666666677,0.05,96.02011967499999,honest,honest,78.14578634166665
7582,95.740199025,0.9065666666666669,15.45966666666668,0.05,95.740199025,honest,honest,79.37396569166665
7583,97.7621546,0.0247666666666666,14.569699999999989,0.05,97.7621546,honest,honest,83.16768793333335
7584,55.86321015,0.0,15.27339999999998,0.05,55.86321015,hide_information,honest,40.58981015000002
7585,36.641648425,0.0,15.897899999999993,0.05,36.641648425,honest,honest,20.743748425000007
7586,36.70406725,0.0,16.264933333333378,0.05,36.70406725,honest,honest,20.439133916666623
7587,36.734818775,0.0,16.99196666666668,0.05,36.734818775,honest,honest,19.74285210833332
7588,37.1087899,0.0,16.034866666666648,0.05,37.1087899,honest,honest,21.07392323333335
7589,56.13953325,0.0,14.490399999999967,0.05,56.13953325,hide_information,honest,41.649133250000034
7590,96.0453406,0.0,14.180166666666652,0.05,96.0453406,hide_information,honest,81.86517393333335
7591,104.132775825,0.0,12.707833333333369,0.05,104.132775825,honest,honest,91.42494249166663
7592,104.153905275,0.0,15.116433333333337,0.05,104.153905275,honest,honest,89.03747194166667
7593,85.44140920000001,0.3029666666666666,9.537533333333371,0.05,85.44140920000001,honest,honest,75.60090919999998
7594,104.16893209999999,14.186689666666672,10.19996666666666,0.05,104.16893209999999,honest,honest,79.78227576666666
7595,106.08967344999999,33.08179933333333,6.835399999999983,0.05,106.08967344999999,honest,honest,66.17247411666668
7596,104.294341225,84.32950099999995,12.028100000000029,0.05,104.294341225,honest,honest,7.9367402250000225
7597,85.50654440000001,84.53354533333331,20.58723333333336,0.14316761276666662,85.50654440000001,honest,honest,0.0
7598,85.51821017500001,108.53784599999996,27.980266666666665,0.2875,67.81636374933335,honest,honest,0.0
7599,85.48937935,135.27397466666662,21.06596666666666,0.2875,40.36437934999999,honest,hide_information,0.0
7600,109.34688807500001,12.477998333333328,30.29403333333333,0.05,64.22188807500001,honest,honest,21.449856408333346
7601,114.649942725,0.0788666666666666,63.48403333333345,0.05,114.649942725,honest,honest,51.08704272499988
7602,114.65613465000001,0.0395,63.4214333333334,0.05,114.65613465000001,honest,honest,51.19520131666662
7603,96.25269897500002,0.0395,69.06270000000013,0.05,96.25269897500002,honest,honest,27.150498974999877
7604,96.20524317499999,0.1005556666666666,59.47013333333332,0.05,96.20524317499999,honest,honest,36.634554175000005
7605,96.02102585,0.0,67.75063333333318,0.05,96.02102585,honest,honest,28.270392516666817
7606,95.73832010000001,0.0377776666666666,60.36443333333333,0.05,95.73832010000001,honest,honest,35.336109100000016
7607,97.765930675,0.0248333333333333,73.00746666666656,0.05,97.765930675,honest,honest,24.733630675000114
7608,55.881204049999994,0.0,75.40243333333328,0.14272583909583308,55.881204049999994,hide_information,honest,0.0
7609,36.653524725,0.0,72.88709999999989,0.2875,19.035615296791715,honest,honest,0.0
7610,36.707663325,0.0,77.26463333333302,0.3318017719736842,0.0,honest,honest,0.0
7611,36.737736325,0.0,78.13563333333344,0.37594526500000003,0.0,honest,honest,0.0
7612,38.4041821,0.0,77.70413333333332,0.41131799078947373,0.0,honest,honest,0.0
7613,57.440612900000005,0.0,66.78243333333347,0.38566009605263163,7.440612900000005,honest,honest,0.0
7614,96.653230275,0.0,78.36470000000014,0.27313168250954023,46.653230275,hide_information,honest,0.0
7615,104.19861537499999,1.1916666666666669,76.5595,0.12575096210027675,61.803595698187344,honest,honest,0.0
7616,104.23308995,1.9838,79.45453333333343,0.05000000000000002,89.84040715094741,honest,honest,8.402073817613982
7617,85.552516925,1.9925,81.01303333333341,0.05,85.552516925,honest,honest,2.5469835916665886
7618,104.315841175,39.578121333333335,80.5320666666668,0.12502314741875065,104.315841175,honest,honest,0.0
7619,106.199402975,85.20989933333334,74.78923333333366,0.2875,91.94500496543738,honest,honest,0.0
7620,104.5008557,413.7392850000007,77.05200000000005,0.2875,59.3758557,honest,honest,0.0
7621,85.69361669999999,170.47935566666672,82.80370000000023,0.2875,40.56861669999999,honest,hide_information,0.0
7622,85.704670425,93.10712200000002,85.27580000000023,0.2875,40.579670425,honest,hide_information,0.0
7623,85.650024575,41.66017566666667,83.15000000000008,0.2875,40.525024575,honest,hide_information,0.0
7624,109.513128575,13.758789666666669,82.75736666666685,0.20260813185208426,64.388128575,honest,honest,0.0
7625,114.809986775,7.976488,81.45376666666675,0.06717511148192318,85.81444172310398,honest,honest,0.0
7626,114.8335906,3.9030103333333335,82.24086666666662,0.05,111.5703194184346,honest,honest,25.426442418434647
7627,96.06926189999999,0.5358,77.3596,0.05,96.06926189999999,honest,honest,18.17386189999999
7628,96.041433375,0.666289,71.99246666666657,0.05,96.041433375,honest,honest,23.382677708333418
7629,95.938545375,0.0,87.17116666666642,0.05,95.938545375,honest,honest,8.767378708333581
7630,95.916363975,0.0377776666666666,89.32723333333351,0.05,95.916363975,honest,honest,6.551352974999816
7631,97.865641975,0.0,89.58946666666695,0.05,97.865641975,honest,honest,8.276175308333052
7632,56.014645875,0.0,88.66459999999977,0.20508728209374888,56.014645875,hide_information,honest,0.0
7633,36.799129650000005,0.0,90.80469999999984,0.2875,7.332546052187716,honest,honest,0.0
7634,36.864693775,0.0,89.03043333333355,0.33097529592105257,0.0,honest,honest,0.0
7635,36.89154465,0.0,91.2016000000001,0.37430927144736836,0.0,honest,honest,0.0
7636,37.2661449,0.0,91.15530000000015,0.41567166671052624,0.0,honest,honest,0.0
7637,56.2976671,0.0,91.46713333333317,0.39001377197368414,6.297667099999998,honest,honest,0.0
7638,96.214435275,0.0,91.92949999999978,0.344002434680591,46.214435275,hide_information,honest,0.0
7639,104.32918154999999,0.0,92.3295999999998,0.261346527581248,54.32918154999999,hide_information,honest,0.0
7640,104.335487575,0.0095666666666666,89.11126666666657,0.16847063349415922,64.17964733456287,honest,honest,0.0
7641,85.62112975,4.9244666666666665,89.03963333333311,0.19654885541597766,63.111709386109744,hide_information,honest,0.0
7642,104.37229934999999,112.40999199999942,90.00186666666646,0.2875,76.52801682096424,hide_information,honest,0.0
7643,106.2074984,314.36809533333223,84.98536666666654,0.2875,61.082498400000006,hide_information,honest,0.0
7644,104.48036385,319.23643400000026,84.1583999999998,0.2875,59.35536385,hide_information,honest,0.0
7645,85.67677525,227.22806100000085,77.69266666666661,0.2875,40.551775250000006,honest,honest,0.0
7646,85.678652375,194.871456,70.77596666666668,0.2875,40.553652375,honest,honest,0.0
7647,85.643015275,13.254021666666636,67.2434,0.2399021803604165,40.518015274999996,honest,hide_information,0.0
7648,109.52426582499999,4.154555666666666,51.2836000000001,0.05,73.44285155652085,honest,honest,18.004695889854084
7649,114.81765322499999,0.0,38.98879999999994,0.05,114.81765322499999,honest,honest,75.82885322500005
7650,114.84537209999999,1.8966666666666667,35.56260000000002,0.05,114.84537209999999,honest,honest,77.38610543333331
7651,96.45627017500001,0.1646,36.3512666666667,0.05,96.45627017500001,honest,honest,59.94040350833331
7652,96.417445175,0.3017556666666666,34.46893333333337,0.05,96.417445175,honest,honest,61.646756174999965
7653,96.234106625,0.0822223333333333,28.738033333333327,0.05,96.234106625,honest,honest,67.41385095833334
7654,95.95717645,0.0081,32.77643333333339,0.050011542499999985,95.95717645,hide_information,honest,63.17507311666662
7655,97.90504139999999,0.1384666666666666,36.450000000000045,0.05019731499999999,97.902848325,hide_information,honest,61.35592165833328
7656,56.070089349999996,0.0,34.10673333333321,0.05,56.032599499999996,hide_information,honest,21.925866166666786
7657,36.857383825,0.0,29.600766666666743,0.05,36.857383825,honest,honest,7.256617158333256
7658,36.92222395,0.0,27.89989999999994,0.05,36.92222395,honest,honest,9.022323950000064
7659,36.956294575,0.0,29.61589999999987,0.05,36.956294575,honest,honest,7.340394575000133
7660,37.3366058,0.0,30.978600000000085,0.05,37.3366058,honest,honest,6.3580057999999156
7661,56.372206625,0.0,32.687166666666705,0.05,56.372206625,hide_information,honest,23.68503995833329
7662,96.294464275,0.0,31.198533333333287,0.05,96.294464275,hide_information,honest,65.09593094166671
7663,107.047353375,0.0,33.7350333333334,0.05,107.047353375,hide_information,honest,73.3123200416666
7664,104.392613275,1.5356333333333334,33.07356666666671,0.05218827750000003,104.392613275,hide_information,honest,70.24410327499996
7665,85.672709375,18.300389000000003,22.0635666666667,0.076078054325,85.25693664999999,hide_information,honest,50.38309768333329
7666,104.394319525,29.71155566666667,36.010400000000104,0.09233896682500001,99.43948920325,hide_information,honest,42.63100023658323
7667,106.20063934999999,191.9494900000004,32.57806666666671,0.2875,98.15623565325,hide_information,honest,1.4210854715202004e-14
7668,104.458137525,1031.747185333335,43.12986666666663,0.2875,59.333137525,hide_information,honest,0.0
7669,85.66657055,585.3049683333342,53.52333333333325,0.2875,40.54157055,honest,honest,0.0
7670,85.66666420000001,360.0756510000015,60.10039999999989,0.2875,40.541664200000014,honest,honest,0.0
7671,85.63943090000001,249.0334176666665,57.69946666666668,0.2875,40.51443090000001,honest,honest,0.0
7672,109.52775687500001,65.80765600000001,62.13603333333339,0.2875,64.40275687500001,hide_information,honest,0.0
7673,114.816591625,0.4673223333333334,73.16876666666644,0.0687363625312489,69.691591625,honest,honest,0.0
7674,114.839243825,1.3437329999999998,78.21880000000012,0.05,111.27933494406271,honest,honest,31.716801944062595
7675,96.440547125,0.0042666666666666,75.74069999999999,0.05,96.440547125,honest,honest,20.69558045833334
7676,96.3988694,0.0,73.2907333333334,0.05,96.3988694,honest,honest,23.10813606666659
7677,96.20642762499999,0.0,69.03660000000008,0.05,96.20642762499999,honest,honest,27.16982762499991
7678,95.920277725,0.0,67.3102666666668,0.05,95.920277725,honest,honest,28.6100110583332
7679,97.8824616,0.0625333333333333,62.85156666666684,0.05,97.8824616,honest,honest,34.968361599999824
7680,56.04547035,0.0,65.83023333333325,0.09647762417083294,56.04547035,honest,honest,0.0
7681,36.828530475,0.0,55.38996666666647,0.18011287772459245,27.997781882541744,honest,honest,0.0
7682,36.887032575,0.0122223333333333,76.3486666666667,0.2875,12.165585807327432,honest,honest,0.0
7683,36.919617775,0.0,49.36353333333332,0.32766300557017536,0.0,honest,honest,0.0
7684,38.588094975,0.0,41.5614666666667,0.3219847355263159,0.0,honest,honest,0.0
7685,57.63191615,1.9855553333333331,45.26366666666666,0.24700904357697376,7.631916150000002,honest,honest,0.0
7686,96.851747725,0.6055556666666666,32.00360000000006,0.05000000000000002,59.420029445374986,honest,honest,26.810873778708256
7687,107.04629845,0.1376666666666666,35.881366666666814,0.05,107.04629845,honest,honest,71.02726511666651
7688,104.410474725,0.0,35.523966666666745,0.05,104.410474725,honest,honest,68.88650805833325
7689,85.72403175,0.0122223333333333,37.53876666666656,0.05,85.72403175,honest,honest,48.1730427500001
7690,104.513047575,33.48546666666667,22.95633333333336,0.05,104.513047575,honest,honest,48.07124757499997
7691,106.32938217499999,525.1140180000018,42.84906666666661,0.2875,106.32938217499999,honest,honest,0.0
7692,104.6691124,422.5288720000011,46.55089999999991,0.2875,59.5441124,honest,honest,0.0
7693,85.860721125,240.50235633333315,55.56613333333336,0.2875,40.735721125,honest,hide_information,0.0
7694,85.863658725,98.57592199999996,58.471066666666765,0.2875,40.73865872499999,honest,honest,0.0
7695,85.81719637500001,97.34855400000006,53.40350000000004,0.2875,40.69219637500001,honest,hide_information,0.0
7696,109.692444775,31.70381133333333,61.84386666666668,0.18765610781875003,64.567444775,honest,honest,0.0
7697,114.96851677500001,0.2658,88.47286666666679,0.05,88.81385628943751,honest,honest,0.07518962277072205
7698,114.97554514999999,0.3625556666666666,88.56436666666703,0.05,114.97554514999999,honest,honest,26.048622816666295
7699,96.211973925,0.6345999999999999,88.09499999999987,0.05,96.211973925,honest,honest,7.482373925000118
7700,96.20171490000001,0.2220776666666666,83.80983333333342,0.05,96.20171490000001,honest,honest,12.169803899999934
7701,96.104157625,0.0,87.08793333333357,0.05,96.104157625,honest,honest,9.016224291666433
7702,96.08892214999999,0.0,85.80040000000018,0.05,96.08892214999999,honest,honest,10.288522149999807
7703,97.997737975,0.0,86.49539999999978,0.05,97.997737975,honest,honest,11.50233797500023
7704,56.216020975000006,0.0,92.71849999999978,0.2233867753687489,56.216020975000006,honest,honest,0.0
7705,37.0012092,0.0,92.6108333333336,0.2875,4.057721879937709,honest,honest,0.0
7706,37.066153675,0.0,92.1517000000003,0.3299149806578947,0.0,honest,honest,0.0
7707,37.09966385,0.0,89.86566666666637,0.37215359197368414,0.0,honest,honest,0.0
7708,37.478733075,0.0,67.70910000000005,0.41239710210526304,0.0,honest,honest,0.0
7709,56.500243049999995,0.0,87.1587000000002,0.38673920736842093,6.500243049999995,honest,honest,0.0
7710,96.376225775,0.0,81.60486666666678,0.29091735686699605,46.376225774999995,honest,honest,0.0
7711,107.03148560000001,0.0,78.33013333333355,0.13109649130579826,61.25718779527076,honest,honest,0.0
7712,104.357009575,0.0,74.71030000000017,0.05,88.94867622689834,honest,honest,14.238376226898168
7713,85.665143075,2.4070666666666662,75.95340000000023,0.05,85.665143075,honest,honest,7.304676408333108
7714,104.440736625,51.140088,71.50023333333341,0.13644802736458372,104.440736625,honest,honest,0.0
7715,106.27004382499999,33.283299666666665,72.02033333333361,0.1234288932777882,89.84491862572908,honest,honest,0.0
7716,104.57919752500001,341.9757419999986,70.01566666666652,0.2875,90.62770780222026,honest,honest,0.0
7717,85.7775582,256.96150033333345,69.78580000000025,0.2875,40.6525582,honest,hide_information,0.0
7718,85.784396275,121.80454900000012,68.12593333333312,0.2875,40.659396275000006,honest,honest,0.0
7719,85.746248175,68.53682166666667,66.72676666666682,0.2875,40.621248175000005,honest,hide_information,0.0
7720,109.57273185,27.896644333333334,63.83953333333351,0.17962011762916752,64.44773185,honest,honest,0.0
7721,114.846601725,1.8243,71.40333333333332,0.05000000000000002,90.21877937545817,honest,honest,16.991146042124853
7722,114.8448202,0.1079,70.17249999999997,0.05,114.8448202,honest,honest,44.56442020000003
7723,96.43485332499999,0.0,59.974799999999824,0.05,96.43485332499999,honest,honest,36.46005332500017
7724,96.36731275000001,2.533078,58.391699999999936,0.05,96.36731275000001,honest,honest,35.44253475000007
7725,96.1695766,9.165789000000002,55.13529999999999,0.05,96.1695766,honest,honest,31.86848760000001
7726,95.88023550000001,0.5381556666666667,52.79909999999997,0.05,95.88023550000001,honest,honest,42.542979833333376
7727,97.83725305000002,0.0219333333333333,55.23709999999998,0.05,97.83725305000002,honest,honest,42.5782197166667
7728,55.936999549999996,0.0,58.06486666666664,0.060107368804166554,55.936999549999996,honest,honest,0.0
7729,36.718218674999996,0.0,59.22850000000001,0.1660457366395104,34.79781860220835,honest,hide_information,0.0
7730,36.794294525,0.0,54.18096666666688,0.23731796999007582,14.745604563493025,honest,honest,0.0
7731,36.824010725,0.0,55.51679999999998,0.2875,1.2335964268855975,honest,honest,0.0
7732,37.204273475,0.0,50.2023333333334,0.3291880343421052,0.0,honest,honest,0.0
7733,56.251345425,0.0,50.38213333333341,0.2756513821698468,6.251345424999997,honest,honest,0.0
7734,96.1734509,0.0,58.83016666666692,0.07626977229995459,53.29968828772911,honest,honest,0.0
7735,106.929415925,0.8548,58.157299999999935,0.05,101.93815918800863,honest,honest,42.92605918800869
7736,104.3487308,0.0,59.723100000000194,0.05,104.3487308,honest,honest,44.625630799999804
7737,85.66180232500001,11.239299333333332,54.1159666666665,0.05,85.66180232500001,honest,honest,20.30653632500018
7738,104.43591355000001,10.502799666666666,56.161999999999935,0.05,104.43591355000001,honest,honest,37.77111388333341
7739,106.260132675,221.7007819999992,54.6204666666668,0.2875,106.260132675,honest,honest,0.0
7740,104.58271124999999,816.562455666667,61.86293333333341,0.2875,59.45771124999999,honest,honest,0.0
7741,85.78907135,374.7995186666662,64.41840000000015,0.2875,40.66407135,honest,hide_information,0.0
7742,85.79613182499999,206.6321160000008,70.03006666666687,0.2875,40.67113182499999,honest,hide_information,0.0
7743,85.7420157,78.97109033333358,68.01423333333337,0.2875,40.617015699999996,honest,hide_information,0.0
7744,109.575234225,2.3346113333333336,78.76689999999972,0.12909356626458196,64.450234225,honest,honest,0.0
7745,114.865517375,0.0,82.17733333333328,0.05000000000000002,99.83773978472942,honest,honest,17.660406451396142
7746,114.865289025,2.503078,93.48286666666654,0.05,114.865289025,honest,honest,18.879344358333455
7747,96.44339165,0.1747333333333333,93.95580000000008,0.05,96.44339165,honest,honest,2.3128583166665777
7748,96.375252275,0.3067333333333333,92.60043333333336,0.05,96.375252275,honest,honest,3.468085608333311
7749,96.18796215,0.4387333333333333,93.49756666666656,0.05,96.18796215,honest,honest,2.251662150000115
7750,95.888840625,0.8594666666666668,93.90313333333312,0.05,95.888840625,honest,honest,1.1262406250002215
7751,97.8717058,0.7274666666666667,92.51070000000009,0.05,97.8717058,honest,honest,4.633539133333244
7752,56.021989149999996,0.0,94.80876666666714,0.23423719320416891,56.021989149999996,honest,honest,0.0
7753,36.777821175,0.0,95.16580000000036,0.2875,1.7727544662079069,honest,honest,0.0
7754,36.8602938,0.0,95.81353333333362,0.3309984536842105,0.0,honest,honest,0.0
7755,36.930111025,0.0,96.27293333333358,0.3741294482894736,0.0,honest,honest,0.0
7756,37.3390225,0.0,97.08740000000032,0.415108277236842,0.0,honest,honest,0.0
7757,56.42226757499999,0.0,96.61266666666684,0.3894503824999999,6.422267574999992,honest,honest,0.0
7758,96.34636945,0.0,95.997633333333,0.36213599120898954,46.34636945,honest,honest,0.0
7759,107.08652880000001,0.0,95.51363333333325,0.28150684300548034,57.08652880000001,honest,honest,0.0
7760,104.44639445,0.0,94.41136666666688,0.2112685438416137,60.460094278958735,honest,honest,0.0
7761,85.74638862500001,6.690655333333333,90.60943333333296,0.25042493601497123,55.10536529509341,honest,honest,0.0
7762,104.5179053,11.366266333333334,92.23119999999992,0.22651141966184452,66.43716745715545,honest,honest,0.0
7763,106.34522015,148.62766233333363,91.60266666666683,0.2875,72.80805041424955,honest,honest,0.0
7764,104.685258,301.078826666666,84.7478333333331,0.2875,59.560258000000005,honest,honest,0.0
7765,85.87011779999999,129.0528103333333,82.3171666666665,0.2875,40.74511779999999,honest,hide_information,0.0
7766,85.843867725,39.96154533333333,76.91330000000036,0.2875,40.718867724999996,honest,honest,0.0
7767,85.75027212500001,43.474977,71.16183333333319,0.2875,40.62527212500001,honest,hide_information,0.0
7768,109.570551375,5.796499999999999,62.59553333333329,0.06874578930208315,64.445551375,honest,honest,0.0
7769,114.83058162500001,0.0345666666666666,61.92740000000013,0.05,111.26888165760421,honest,honest,49.30691499093742
7770,114.796735775,1.812489,56.41176666666655,0.05,114.796735775,honest,honest,56.57248010833345
7771,96.36155987500001,0.5275223333333334,56.7574333333334,0.05,96.36155987500001,honest,honest,39.07660420833328
7772,96.28559485,0.6476666666666667,56.341299999999976,0.05,96.28559485,honest,honest,39.296628183333354
7773,96.09238322499999,0.493189,58.709566666666845,0.05,96.09238322499999,honest,honest,36.889627558333146
7774,95.8053263,2.641111,52.04459999999982,0.05,95.8053263,honest,honest,41.119615300000184
7775,97.786190675,0.0065333333333333,52.38869999999999,0.05,97.786190675,honest,honest,45.39095734166668
7776,55.8768006,0.0,46.1983333333332,0.05,55.8768006,honest,honest,9.6784672666668
7777,36.651668,0.0,45.40386666666673,0.1147005100000001,36.651668,honest,hide_information,4.868961333333292
7778,36.713680100000005,0.0,47.90439999999989,0.16154812979999955,24.420583199999985,honest,honest,0.0
7779,36.744979225,0.0,54.95449999999998,0.2371674108257495,15.550834563000087,honest,honest,0.0
7780,38.406418525,0.0,48.85460000000001,0.26854745027648896,2.8446104681075965,honest,honest,0.0
7781,57.4330462,0.0,41.98643333333329,0.17386766275786442,15.909030647467098,honest,honest,0.0
7782,96.624042575,0.0,38.74239999999988,0.05000000000000002,73.08918665100578,honest,honest,34.34678665100589
7783,106.797238975,0.0,38.18650000000003,0.05,106.797238975,honest,honest,68.61073897499998
7784,104.1656134,0.0,38.23913333333331,0.05,104.1656134,honest,honest,65.9264800666667
7785,85.45085452500001,2.1666666666666665,37.11506666666666,0.053087499999999996,85.45085452500001,hide_information,honest,46.81912119166669
7786,104.17894105,0.4191333333333333,35.82476666666657,0.05,103.59231605000001,honest,honest,67.34841605000011
7787,106.09314499999999,0.1822223333333333,33.97246666666675,0.05,106.09314499999999,honest,honest,71.93845599999992
7788,104.295013775,8.701565666666667,33.32723333333331,0.05,104.295013775,honest,honest,62.26621477500002
7789,85.485517575,6.094210666666667,30.650666666666627,0.05,85.485517575,honest,honest,48.74064024166671
7790,85.4801908,17.873821999999997,31.67556666666666,0.07547019635000002,85.4801908,hide_information,honest,41.29294873333335
7791,85.451483975,2.1661113333333337,26.712500000000077,0.053086708649999995,80.6121466685,hide_information,honest,52.38336873516659
7792,109.32279667499999,0.1472223333333333,20.247133333333327,0.05,108.7363220315,honest,honest,88.34196636483334
7793,114.62517972500001,0.8548556666666667,13.583633333333358,0.05,114.62517972500001,honest,honest,100.18669072499998
7794,114.65062255,0.0,22.11223333333334,0.05,114.65062255,honest,honest,92.53838921666666
7795,95.906127275,0.0,22.62723333333336,0.05,95.906127275,honest,honest,73.27889394166664
7796,95.87768685,0.6978666666666667,24.056533333333316,0.05,95.87768685,honest,honest,71.12328685000003
7797,95.769681975,0.3069666666666666,25.057633333333243,0.05,95.769681975,honest,honest,70.40508197500009
7798,95.74854645,0.9023333333333332,26.906099999999917,0.05,95.74854645,honest,honest,67.94011311666675
7799,97.765175125,0.523011,29.691600000000133,0.05,97.765175125,honest,honest,67.55056412499987
7800,55.86799955,0.0,41.60976666666668,0.05,55.86799955,honest,honest,14.25823288333332
7801,36.641021825,0.0,41.04303333333332,0.10848632249999998,36.641021825,honest,hide_information,7.910898491666682
7802,36.70251965,0.0,42.264366666666646,0.12920267938541655,25.590118375000003,honest,honest,0.0
7803,36.736538425,0.0,43.04869999999989,0.15146318562658792,21.688029341770857,honest,honest,0.0
7804,37.116107125,0.0,44.20299999999987,0.17523326618424495,17.838101855948295,honest,honest,0.0
7805,56.150536425000006,0.0,44.2524666666667,0.11305976500000006,32.35621584999346,honest,hide_information,1.3794891833267755
7806,96.0637717,0.0,46.94189999999979,0.05,84.08241634999999,honest,honest,37.1405163500002
7807,106.81175547500001,0.0,47.07319999999983,0.05,106.81175547500001,honest,honest,59.73855547500018
7808,104.16558442499999,1.8207,47.86496666666649,0.05,104.16558442499999,honest,honest,54.4799177583335
7809,85.4610864,0.0,49.199000000000005,0.05,85.4610864,hide_information,honest,36.262086399999994
7810,104.20245862499999,0.6339333333333333,49.62833333333344,0.05090335499999999,104.20245862499999,hide_information,honest,54.13037195833322
7811,106.106817175,0.4264666666666666,52.038700000000205,0.05060771500000001,105.93517972500001,hide_information,honest,53.59795305833314
7812,104.321012225,1.6569666666666667,51.28023333333318,0.0523611775,104.205546375,hide_information,honest,51.76543637500015
7813,85.51169532499999,0.6037666666666667,52.31200000000017,0.05086036749999998,85.06307159999999,hide_information,honest,32.32843493333315
7814,85.51024157500001,0.0758556666666666,49.271766666666736,0.05010809432500001,85.34677175000002,hide_information,honest,36.021906116666614
7815,85.47472714999999,0.6413666666666666,40.27506666666653,0.050913947500000015,85.45418922824999,hide_information,honest,44.73016589491679
7816,109.337692,0.0248333333333333,38.0991666666668,0.05003538749999999,109.164041975,hide_information,honest,71.04749197499987
7817,114.64916869999999,0.0606666666666666,34.90306666666673,0.05,114.642445075,honest,honest,79.6787117416666
7818,114.670352925,0.0,35.74293333333326,0.05,114.670352925,honest,honest,78.92741959166673
7819,96.27255315,0.0,37.96876666666674,0.05,96.27255315,honest,honest,58.303786483333255
7820,96.2269804,0.0,44.550733333333454,0.05,96.2269804,honest,honest,51.67624706666655
7821,96.04605745,0.2155553333333333,45.90433333333324,0.05,96.04605745,honest,honest,49.92616878333343
7822,95.76710652499999,0.1693666666666666,44.57876666666664,0.05,95.76710652499999,honest,honest,51.01897319166668
7823,97.7813127,0.0,53.11909999999983,0.05,97.7813127,honest,honest,44.66221270000017
7824,55.877908649999995,0.0,59.899699999999925,0.06910350891249967,55.877908649999995,honest,honest,0.0
7825,36.6554874,0.0,63.37873333333332,0.1941763349768642,33.02582070662506,honest,hide_information,0.0
7826,36.714927625,0.0,70.79989999999982,0.2875,9.3214239793958,honest,honest,0.0
7827,36.747736875,0.0,65.48753333333326,0.33159085855263154,0.0,honest,honest,0.0
7828,37.126978925,0.0,77.34173333333338,0.3736857063157894,0.0,honest,honest,0.0
7829,56.165539300000006,0.0,87.63766666666706,0.3480278115789473,6.165539300000006,honest,honest,0.0
7830,96.084912075,0.0,87.9354999999999,0.28366020948585474,46.084912075000005,honest,honest,0.0
7831,106.813218075,0.1938666666666666,82.78546666666658,0.14766738653806682,62.41777827268759,honest,honest,0.0
7832,104.16638215,0.1853666666666666,88.69119999999977,0.06551819280477084,85.60957870776731,honest,honest,0.0
7833,85.44136702499999,4.708844333333333,88.05116666666675,0.09876872788755607,82.49291039209353,hide_information,honest,0.0
7834,104.18290915,34.52851066666667,90.06776666666633,0.19097727578935114,94.91685085136434,hide_information,honest,0.0
7835,106.09346647500001,56.92080066666666,91.35883333333364,0.2875,79.30778407502329,hide_information,honest,0.0
7836,104.28529415,153.57598033333335,90.3785333333336,0.2875,59.16029415,hide_information,honest,0.0
7837,85.4705705,440.1935870000002,89.82033333333348,0.2875,40.345570499999994,honest,honest,0.0
7838,85.4579896,374.0857019999992,91.18623333333352,0.2875,40.332989600000005,honest,honest,0.0
7839,85.4198083,225.25600966666696,92.79549999999998,0.2875,40.2948083,honest,honest,0.0
7840,109.296352475,40.67946699999992,92.4457,0.2875,64.171352475,hide_information,honest,0.0
7841,114.601828025,1.7318443333333335,91.81729999999992,0.1643435024645829,69.476828025,honest,honest,0.0
7842,114.609785775,8.937899999999999,91.47519999999992,0.08576075354303563,92.88452030672926,honest,honest,0.0
7843,96.21551142499999,6.5609,92.78893333333362,0.09716210913717438,89.42096825182323,honest,honest,0.0
7844,96.1666003,0.0,92.21503333333315,0.07379386040463237,87.20579956393686,honest,honest,0.0
7845,95.98949169999999,0.5037666666666667,90.47336666666666,0.05,91.46865822311983,honest,honest,0.4915248897865041
7846,95.717212025,0.0,90.43566666666663,0.05,95.717212025,honest,honest,5.281545358333361
7847,97.74116467500001,0.0,89.56350000000012,0.05,97.74116467500001,hide_information,honest,8.177664674999889
7848,55.84034005,0.0,87.07823333333316,0.19837999309583249,55.84034005,hide_information,honest,0.0
7849,36.589026225,0.0,84.41543333333371,0.2875,8.396827536791825,honest,honest,0.0
7850,36.641445725000004,0.0,76.91833333333336,0.3321502856578947,0.0,honest,honest,0.0
7851,36.674695650000004,0.0,71.48773333333351,0.37662557171052624,0.0,honest,honest,0.0
7852,38.338953175,0.1376666666666666,70.47143333333332,0.4123416076315789,0.0,honest,honest,0.0
7853,57.402018475,0.0,67.76509999999978,0.3866837128947368,7.402018474999998,honest,honest,0.0
7854,96.591160275,0.8322666666666667,66.01280000000004,0.2197318735183116,46.59116027499999,hide_information,honest,0.0
7855,106.751919775,0.0,63.16943333333329,0.05000000000000002,74.50286380652079,honest,honest,11.333430473187505
7856,104.116392625,0.0,55.16189999999992,0.05,104.116392625,honest,honest,48.954492625000086
7857,85.40073315000001,4.284166666666667,49.46153333333316,0.05,85.40073315000001,honest,honest,31.655033150000186
7858,104.1274609,4.282022333333334,49.55970000000006,0.05,104.1274609,honest,honest,50.28573856666661
7859,106.05615275,177.8699786666666,44.43929999999994,0.2875,106.05615275,honest,honest,0.0
7860,104.255227475,1316.1152513333348,47.14963333333324,0.2875,59.130227475,honest,honest,0.0
7861,85.44167602499999,764.4920746666654,53.01246666666668,0.2875,40.31667602499999,honest,hide_information,0.0
7862,85.440604,749.9622509999996,59.40666666666673,0.2875,40.31560399999999,honest,hide_information,0.0
7863,85.40912552500001,275.5587296666657,64.57223333333332,0.2875,40.28412552500001,honest,hide_information,0.0
7864,109.26880369999999,45.39921100000001,70.09343333333346,0.2875,64.14380369999999,honest,honest,0.0
7865,114.58120315000001,0.0,77.80919999999998,0.08967673503749984,69.45620315000001,honest,honest,0.0
7866,114.59805095,0.1260446666666666,83.22593333333334,0.05000000000000001,107.05947129287503,honest,honest,23.707493292875014
7867,95.845626675,0.3458666666666667,73.99279999999982,0.05,95.845626675,honest,honest,21.50696000833352
7868,95.820845725,0.1729333333333333,69.2311333333333,0.05,95.820845725,honest,honest,26.41677905833336
7869,95.7253727,0.0,66.62866666666665,0.05,95.7253727,honest,honest,29.096706033333348
7870,95.71214527500001,0.0,59.01679999999977,0.05,95.71214527500001,honest,honest,36.69534527500024
7871,97.73733405,0.2504,54.80816666666683,0.05,97.73733405,honest,honest,42.678767383333174
7872,55.839264775000004,0.0,46.79853333333322,0.05,55.839264775000004,hide_information,honest,9.040731441666786
7873,36.5854452,0.0,41.22920000000016,0.07205783530000076,36.5854452,honest,honest,0.0
7874,36.6418057,0.0,30.966333333333417,0.05,32.450816992999854,honest,honest,1.484483659666438
7875,36.679232425,0.0,26.148433333333216,0.05,36.679232425,honest,honest,10.530799091666786
7876,37.063583625,0.0,19.63423333333331,0.05,37.063583625,honest,honest,17.42935029166669
7877,56.1418087,0.0,19.967566666666684,0.05,56.1418087,hide_information,honest,36.174242033333314
7878,96.04334655000001,0.6394443333333334,24.88339999999991,0.05,96.04334655000001,honest,honest,70.52050221666677
7879,106.761200575,0.6055556666666666,30.072466666666667,0.05,106.761200575,honest,honest,76.08317824166667
7880,104.14647945,0.0248333333333333,22.74353333333333,0.05,104.14647945,honest,honest,81.37811278333334
7881,85.45030267499999,2.0306333333333337,27.377133333333312,0.05,85.45030267499999,honest,honest,56.04253600833334
7882,104.2073728,4.724622000000001,53.85909999999981,0.05,104.2073728,honest,honest,45.623650800000185
7883,106.11732419999998,64.14859733333334,65.17346666666644,0.16022251404999904,106.11732419999998,honest,honest,0.0
7884,104.35032257499999,445.1982279999986,72.23826666666666,0.2875,83.40804490550018,honest,honest,0.0
7885,85.53484535000001,338.353365,70.00069999999992,0.2875,40.40984535000001,honest,hide_information,0.0
7886,85.530895175,357.5287843333328,78.41829999999999,0.2875,40.405895175,honest,honest,0.0
7887,85.49508582499999,143.06072366666731,85.03999999999981,0.2875,40.37008582499999,honest,honest,0.0
7888,109.347402175,10.585489333333326,82.11959999999999,0.18529276400208328,64.222402175,honest,honest,0.0
7889,114.6350984,7.356168000000001,76.70240000000001,0.05,88.92947323960418,honest,honest,4.87090523960417
7890,114.65227354999999,1.4621336666666664,87.3634666666669,0.05,114.65227354999999,honest,honest,25.82667321666642
7891,96.25587254999999,2.056789,83.63766666666672,0.05,96.25587254999999,honest,honest,10.56141688333328
7892,96.20767602500001,0.732189,77.96243333333365,0.05,96.20767602500001,honest,honest,17.513053691666357
7893,96.02616537499999,0.3655556666666666,70.89259999999997,0.05,96.02616537499999,honest,honest,24.768009708333352
7894,95.749749325,0.0377776666666666,62.2428999999999,0.05,95.749749325,honest,honest,33.469071658333434
7895,97.76363959999999,0.0,54.9842000000002,0.05,97.76363959999999,honest,honest,42.77943959999979
7896,55.86265345,0.0,43.52076666666667,0.05,55.86265345,honest,honest,12.341886783333337
7897,36.6229239,0.0,39.04783333333344,0.10564316250000017,36.6229239,honest,hide_information,9.289440566666595
7898,36.675608225,0.0,31.275066666666667,0.07456538175416683,26.10340734999997,honest,honest,0.0
7899,36.704411050000004,0.0,30.159966666666623,0.09297795249999993,32.036988516708305,honest,hide_information,10.92501185004167
7900,37.078860649999996,0.0,25.30546666666668,0.05,28.91304967500001,honest,honest,3.6075830083333322
7901,56.137159925000006,0.0,28.699300000000022,0.05,56.137159925000006,honest,honest,27.437859924999984
7902,96.03229392499999,0.0,26.23056666666669,0.05,96.03229392499999,honest,honest,69.8017272583333
7903,106.742497375,0.0,27.341099999999933,0.05,106.742497375,honest,honest,79.40139737500007
7904,104.127728,0.0,27.752066666666536,0.05,104.127728,honest,honest,76.37566133333347
7905,85.409487025,2.739689,24.282433333333383,0.05,85.409487025,honest,honest,58.38736469166662
7906,104.159107375,15.970633333333332,24.4045333333333,0.05,104.159107375,honest,honest,63.783940708333375
7907,106.09268065,236.0630250000001,19.967800000000008,0.2875,106.09268065,honest,honest,0.0
7908,104.30947175,335.3917270000002,28.600400000000057,0.2875,59.18447175,honest,honest,0.0
7909,85.5213261,535.2938836666676,30.9425,0.2875,40.396326099999996,honest,hide_information,0.0
7910,85.53587417499999,374.0610953333341,31.56603333333326,0.2875,40.41087417499999,honest,honest,0.0
7911,85.50599605000001,51.817878666666665,17.526233333333348,0.1875748007625,40.38099605000001,honest,honest,0.0
7912,109.377555925,1.0330776666666666,21.00100000000002,0.05,83.23834378012499,honest,honest,61.2042661134583
7913,114.6645719,0.438889,43.37456666666671,0.05,114.6645719,honest,honest,70.85111623333329
7914,114.68090079999999,0.1397,34.48593333333336,0.05,114.68090079999999,honest,honest,80.05526746666663
7915,96.28771515,0.0238889999999999,56.20446666666674,0.05,96.28771515,honest,honest,40.05935948333326
7916,96.226371375,0.6039333333333333,52.68726666666666,0.05,96.226371375,honest,honest,42.93517137500001
7917,96.04472045,0.0,57.97786666666671,0.05,96.04472045,honest,honest,38.066853783333286
7918,95.77964980000002,0.3529666666666666,63.69713333333333,0.05,95.77964980000002,honest,honest,31.729549800000015
7919,97.796471275,0.0,70.9891333333333,0.05,97.796471275,honest,honest,26.807337941666702
7920,55.8952264,0.0,74.4254333333333,0.1380184829333332,55.8952264,honest,honest,0.0
7921,36.66450705,0.0,80.96023333333324,0.2875,19.940995292666695,honest,honest,0.0
7922,36.726500775000005,0.0,84.3925,0.3317026274999999,0.0,honest,honest,0.0
7923,36.757297875,0.0,88.98466666666648,0.37574316499999993,0.0,honest,honest,0.0
7924,37.13414035,0.0,88.48789999999993,0.4178003210526315,0.0,honest,honest,0.0
7925,56.166777249999996,0.0,95.3935666666671,0.3921424263157894,6.1667772499999955,honest,honest,0.0
7926,96.07951059999999,0.8080666666666666,96.85659999999989,0.3664845315789473,46.07951059999999,honest,honest,0.0
7927,109.474656525,0.0,96.92660000000028,0.2812233683483565,59.474656525,honest,honest,0.0
7928,104.183057225,0.0,96.4552333333331,0.22197192644897393,60.25061723881227,honest,honest,0.0
7929,85.4525782,0.0,95.07150000000024,0.25089454217020013,52.77791217469496,honest,honest,0.0
7930,104.17799972499999,0.4433333333333333,96.56813333333308,0.19726629228152107,66.00803671266198,honest,honest,0.0
7931,106.09909775,2.633766666666667,96.3904333333337,0.14930206447157454,78.118502216511,honest,honest,0.0
7932,104.298633875,18.060621666666663,94.59836666666692,0.17933179686268058,85.43124162540083,honest,honest,0.0
7933,85.4868863,2.490177666666667,94.16366666666704,0.2197649973269044,60.91384489609068,honest,honest,0.0
7934,85.48217895,16.682856,94.69066666666686,0.2875,53.226829457888165,honest,honest,0.0
7935,85.44887825,4.634755,95.1053000000003,0.2875,40.32387825000001,honest,hide_information,0.0
7936,109.3115034,1.5174333333333334,94.37773333333308,0.20061615051666543,64.1865034,honest,honest,0.0
7937,114.61983235,0.0,92.01606666666665,0.07856318884545713,86.00276375183357,honest,honest,0.0
7938,114.64266692500001,0.0,88.84623333333353,0.05,109.21566104436316,honest,honest,20.36942771102963
7939,96.23941392500001,0.0,90.14220000000026,0.05,96.23941392500001,honest,honest,6.09721392499975
7940,96.193551875,0.3489333333333334,81.54296666666677,0.05,96.193551875,honest,honest,14.30165187499989
7941,96.01617715,0.0,73.05506666666658,0.05,96.01617715,honest,honest,22.961110483333428
7942,95.738030625,0.0,80.06179999999972,0.05,95.738030625,honest,honest,15.676230625000272
7943,97.75607945000002,0.0,83.56899999999986,0.05,97.75607945000002,honest,honest,14.187079450000155
7944,55.85696125,0.0,82.73156666666658,0.17765437572916626,55.85696125,honest,honest,0.0
7945,36.626070625,0.0,79.57796666666674,0.2875,12.371739236458406,honest,honest,0.0
7946,36.6872894,0.0,81.3035333333335,0.33190900315789473,0.0,honest,honest,0.0
7947,36.7196027,0.0,74.1172999999999,0.37614793631578947,0.0,honest,honest,0.0
7948,38.382400525,0.0,78.18233333333316,0.4116353019736842,0.0,honest,honest,0.0
7949,57.42073145,0.0,72.30926666666664,0.3859774072368421,7.420731449999998,honest,honest,0.0
7950,96.61461084999999,0.6522333333333333,55.15073333333319,0.16646420262916606,46.61461084999999,honest,honest,0.0
7951,109.433847975,0.0,49.97553333333329,0.05000000000000002,87.30564947545847,honest,honest,37.33011614212518
7952,104.15022155000001,0.0,42.32820000000007,0.05,104.15022155000001,honest,honest,61.82202154999994
7953,85.426659225,0.0,47.94293333333323,0.05,85.426659225,honest,honest,37.483725891666765
7954,104.16383547500001,10.468989000000002,33.11530000000004,0.05,104.16383547500001,honest,honest,60.57954647499997
7955,106.0729059,100.38068933333332,32.753766666666635,0.17854236297499976,106.0729059,honest,honest,0.0
7956,104.276741575,82.55823333333335,12.276966666666643,0.12116216010368717,79.85369260975006,honest,honest,0.0
7957,85.4680183,20.381744666666663,10.260233333333316,0.05,71.94720788029943,honest,honest,41.30522988029945
7958,85.461904575,64.54722299999999,9.827999999999996,0.05,85.461904575,honest,honest,11.086681575000028
7959,85.42193920000001,17.20428933333333,10.387433333333297,0.05,85.42193920000001,honest,honest,57.830216533333385
7960,111.94040635,4.0355446666666674,10.866233333333302,0.05,111.94040635,honest,honest,97.03862835000004
7961,114.60466447499999,0.0,13.049499999999975,0.05,114.60466447499999,honest,honest,101.55516447500001
7962,114.6242513,0.2142666666666666,29.35683333333337,0.05,114.6242513,honest,honest,85.05315129999997
7963,95.8715952,0.3626223333333333,22.670833333333384,0.05,95.8715952,honest,honest,72.83813953333328
7964,95.846732925,0.1260443333333333,26.002000000000027,0.05,95.846732925,honest,honest,69.71868859166663
7965,95.745984525,0.0,32.95019999999989,0.05,95.745984525,honest,honest,62.79578452500011
7966,95.724555325,0.027489,41.35073333333328,0.05,95.724555325,honest,honest,54.34633299166671
7967,97.745874325,0.0,44.10573333333336,0.05,97.745874325,honest,honest,53.64014099166664
7968,55.844898175,0.1805556666666666,57.9214666666668,0.06072133975208398,55.844898175,honest,honest,0.0
7969,36.603454225,0.0,73.21196666666664,0.2335664432241723,34.56639967210405,honest,hide_information,0.0
7970,36.65540335,0.0,72.56056666666687,0.2875,1.777779137407265,honest,honest,0.0
7971,36.68387015,0.1790999999999999,78.0132666666663,0.33192699921052626,0.0,honest,honest,0.0
7972,37.057081275,0.0,82.59336666666627,0.3743897293421052,0.0,honest,honest,0.0
7973,56.12196515,0.0,83.12106666666642,0.3487318346052631,6.121965150000001,honest,honest,0.0
7974,96.025856375,0.0,75.62006666666662,0.2261464387538374,46.025856375000004,honest,honest,0.0
7975,109.40345024999999,0.0,79.95040000000022,0.06907017228783936,75.93562688677088,honest,honest,0.0
7976,104.13486427500001,0.3505556666666667,76.1296333333333,0.05,100.51153154031053,honest,honest,24.03134254031056
7977,85.4223792,0.0,80.04686666666653,0.05,85.4223792,honest,honest,5.375512533333463
7978,104.15607762500001,1.9095666666666664,76.81666666666662,0.052721132499999976,104.15607762500001,hide_information,honest,26.00271429166672
7979,106.079077875,13.296755333333332,77.99230000000017,0.06894787635000002,105.5620627,hide_information,honest,18.262033966666493
7980,104.28148800000001,10.739366333333336,82.57099999999996,0.065303597025,100.6813914935,hide_information,honest,10.592835060166706
7981,85.4859687,94.64137666666672,81.25056666666674,0.2875,82.57828526525,hide_information,honest,0.0
7982,85.49879105000001,16.857699666666672,80.91486666666685,0.2875,40.37379105000001,honest,honest,0.0
7983,85.47914829999999,1.891389,80.8452333333334,0.25131675165833367,40.35414829999999,honest,honest,0.0
7984,112.01463905,2.009078,73.05116666666666,0.056154995050812825,73.7644562349166,honest,honest,0.0
7985,114.670672125,9.741888666666666,69.3280333333333,0.05,113.50122306534556,honest,honest,34.43130106534559
7986,114.67861944999999,5.051533,60.28963333333334,0.05,114.67861944999999,honest,honest,49.33745311666664
7987,96.268427175,0.3594333333333333,58.86639999999985,0.05,96.268427175,honest,honest,37.042593841666815
7988,96.22620635000001,0.196111,53.28919999999992,0.05,96.22620635000001,honest,honest,42.74089535000009
7989,96.054343875,0.3445,44.218199999999975,0.05,96.054343875,honest,honest,51.49164387500003
7990,95.767951175,0.8636220000000001,42.12456666666683,0.05,95.767951175,honest,honest,52.779762508333164
7991,97.777303875,0.0866333333333333,39.37563333333341,0.05,97.777303875,honest,honest,58.31503720833326
7992,55.874222700000004,0.0,33.185100000000034,0.05,55.874222700000004,honest,honest,22.68912269999997
7993,36.6472674,0.0,31.942433333333344,0.09551796750000002,36.6472674,honest,hide_information,14.287564066666658
7994,36.709559375,0.0,29.483999999999966,0.05675855863749988,28.061145549999992,honest,honest,0.0
7995,36.741614725,0.0,23.250400000000077,0.08313182000000012,35.45748858387502,honest,hide_information,19.182208583874967
7996,37.118088025,0.0,18.83793333333329,0.07684405499999994,30.823042224999977,honest,hide_information,17.636488891666673
7997,56.152903949999995,0.0,18.92023333333333,0.05,51.05253350000001,honest,honest,32.13230016666668
7998,96.06717842500001,0.0,16.760266666666663,0.05,96.06717842500001,honest,honest,79.30691175833334
7999,109.46302879999999,0.1108,14.308766666666646,0.05,109.46302879999999,honest,honest,95.04346213333335
8000,104.2216784,3.3503333333333334,16.54020000000004,0.05,104.2216784,honest,honest,84.33114506666664
8001,85.56509335,0.338611,10.72690000000002,0.05,85.56509335,honest,honest,74.49958234999998
8002,104.34115497500001,7.944044666666667,8.846633333333314,0.05,104.34115497500001,honest,honest,87.55047697500004
8003,106.2030198,37.46887766666666,6.991966666666646,0.103393150675,106.2030198,hide_information,honest,72.9828387666667
8004,104.4877549,384.6248326666668,7.711533333333349,0.2875,94.34305627175,hide_information,honest,0.0
8005,85.676077675,465.46030566666616,9.527166666666645,0.2875,40.551077675,honest,honest,0.0
8006,85.65755664999999,149.85827799999976,15.167066666666654,0.2875,40.53255664999999,honest,honest,0.0
8007,85.595103825,20.680567333333336,17.01383333333331,0.07424471249999999,40.470103824999995,honest,hide_information,7.879853158333347
8008,112.073625325,8.458055666666667,18.31510000000005,0.05,107.46712995,honest,honest,80.69397428333329
8009,114.70854234999999,0.4872113333333333,23.49956666666656,0.05,114.70854234999999,honest,honest,90.72176435000009
8010,114.703880225,0.556111,27.963299999999972,0.05,114.703880225,honest,honest,86.18446922500003
8011,96.28940202500002,2.2848556666666666,30.85723333333331,0.05,96.28940202500002,honest,honest,63.14731302500004
8012,96.214412525,0.0,26.468599999999988,0.05,96.214412525,honest,honest,69.74581252500002
8013,96.02266415000001,0.0257553333333333,28.5855,0.05,96.02266415000001,honest,honest,67.41140881666668
8014,95.74393057500001,0.6316666666666667,30.507899999999985,0.05,95.74393057500001,honest,honest,64.60436390833335
8015,97.76299755,0.0,31.823533333333284,0.05,97.76299755,honest,honest,65.9394642166667
8016,55.863647325,0.0,34.949366666666705,0.05,55.863647325,honest,honest,20.914280658333297
8017,36.6412289,0.0,35.2705666666666,0.10026055749999992,36.6412289,honest,hide_information,11.95183223333338
8018,36.703168399999996,0.0,35.412533333333386,0.08922963657708353,27.15366247500001,honest,honest,0.0
8019,36.7360441,0.0,38.38733333333328,0.09324837086915097,29.28241315035413,honest,honest,0.0
8020,38.399887975,0.0,39.87350000000004,0.10681973750000007,30.182697509861313,honest,hide_information,2.2712475098612863
8021,57.42995205,0.1016,36.59326666666665,0.05,46.634201924999985,honest,honest,9.939335258333337
8022,96.622371725,0.0,39.77866666666673,0.05,96.622371725,honest,honest,56.84370505833326
8023,109.4428581,0.0,36.05716666666666,0.05,109.4428581,honest,honest,73.38569143333333
8024,104.1599112,2.5587,35.4006666666667,0.05,104.1599112,honest,honest,66.2005445333333
8025,85.43283165,6.948844333333333,35.54200000000004,0.05,85.43283165,honest,honest,42.941987316666626
8026,104.162826225,3.675222,29.515566666666643,0.05,104.162826225,honest,honest,70.97203755833337
8027,106.08082965,15.527756000000002,30.381699999999977,0.05,106.08082965,honest,honest,60.17137365000002
8028,104.28240349999999,22.33740133333333,31.843933333333357,0.05,104.28240349999999,honest,honest,50.1010688333333
8029,85.467864475,22.604146,28.49610000000006,0.05,85.467864475,honest,honest,34.367618474999944
8030,85.4630529,42.14205333333334,27.42293333333332,0.05,85.4630529,honest,honest,15.898066233333338
8031,85.429140225,4.777233666666666,25.79349999999999,0.05,85.429140225,honest,honest,54.85840655833334
8032,111.9419719,0.3643333333333333,30.218699999999977,0.05,111.9419719,honest,honest,81.3589385666667
8033,114.615774075,0.1800666666666666,27.721766666666603,0.05,114.615774075,honest,honest,86.71394074166673
8034,114.63242405000001,0.2339666666666666,26.75286666666661,0.05,114.63242405000001,honest,honest,87.64559071666673
8035,95.87646039999998,0.0,27.06650000000005,0.05,95.87646039999998,honest,honest,68.80996039999994
8036,95.85598725,1.0684776666666669,29.57463333333329,0.05,95.85598725,honest,honest,65.21287625000005
8037,95.751709425,3.8511893333333336,40.97996666666671,0.05,95.751709425,honest,honest,50.92055342499996
8038,95.7322968,0.392222,40.91046666666667,0.05,95.7322968,honest,honest,54.42960813333333
8039,97.75463309999999,0.0,31.63156666666673,0.05,97.75463309999999,honest,honest,66.12306643333326
8040,55.8579614,0.0,48.90606666666668,0.05,55.8579614,honest,honest,6.951894733333319
8041,36.62240355,0.0,33.25719999999998,0.09739150999999999,36.62240355,honest,hide_information,13.342363550000016
8042,36.681654425,0.0,31.028433333333343,0.06591803758958337,27.677267525,honest,honest,0.0
8043,36.7153361,0.0,29.952066666666717,0.09268169500000006,33.69090895797916,honest,hide_information,12.72446229131246
8044,37.094749775000004,0.0,29.69399999999993,0.053366668306249705,28.985227724999994,honest,honest,0.0
8045,56.147350225,1.153611,27.34636666666662,0.05,55.507683246812555,honest,honest,27.007705580145934
8046,96.05091737500001,0.1191666666666666,27.00786666666659,0.05,96.05091737500001,honest,honest,68.92388404166675
8047,109.426296225,2.0688886666666666,30.685299999999952,0.05,109.426296225,honest,honest,76.67210755833338
8048,104.1503728,1.0344443333333333,22.47269999999998,0.05,104.1503728,honest,honest,80.64322846666668
8049,85.480503975,2.358688666666667,15.618599999999988,0.05,85.480503975,honest,honest,67.50321530833335
8050,104.26499892500001,2.841733,17.04996666666661,0.05,104.26499892500001,honest,honest,84.3732992583334
8051,106.164988975,69.70817833333335,15.95386666666665,0.05,106.164988975,honest,honest,20.502943974999994
8052,104.44661500000001,482.7285346666661,13.484266666666697,0.2875,104.44661500000001,honest,honest,0.0
8053,85.643458875,536.9905196666665,12.090700000000025,0.2875,40.51845887499999,honest,hide_information,0.0
8054,85.6473379,328.70881666666656,12.181233333333328,0.2875,40.5223379,honest,hide_information,0.0
8055,85.597884225,68.3369540000001,11.06459999999996,0.23491118143125028,40.472884225,honest,hide_information,0.0
8056,112.08814715000001,20.39216733333333,11.33686666666671,0.05000000000000002,76.95502267806246,honest,honest,45.22598867806242
8057,114.725287025,2.0512000000000006,17.73786666666666,0.05,114.725287025,honest,honest,94.93622035833334
8058,114.70821485,0.3517556666666667,15.003633333333353,0.05,114.70821485,honest,honest,99.35282584999999
8059,96.304470675,0.1848333333333333,18.379300000000004,0.05,96.304470675,honest,honest,77.74033734166667
8060,96.2530275,0.7274666666666667,23.77899999999992,0.05,96.2530275,honest,honest,71.7465608333334
8061,96.0741762,0.0,30.310300000000105,0.05,96.0741762,honest,honest,65.76387619999988
8062,95.7863844,0.0,40.07569999999984,0.05,95.7863844,honest,honest,55.71068440000016
8063,97.783391725,0.0,44.59569999999985,0.05,97.783391725,honest,honest,53.18769172500015
8064,55.881203375000005,0.0,49.22350000000007,0.05,55.881203375000005,honest,honest,6.657703374999933
8065,36.654869475,0.0,63.09890000000002,0.17560914499375013,36.654869475,honest,hide_information,0.0
8066,36.714071825,0.0,71.0634999999998,0.2875,12.848334276187472,honest,honest,0.0
8067,36.74375935,0.0,75.51679999999999,0.33161179289473686,0.0,honest,honest,0.0
8068,37.118001025,0.0,81.33933333333354,0.3737538927631579,0.0,honest,honest,0.0
8069,56.156116149999995,0.0,84.80486666666641,0.3480959980263158,6.1561161499999955,honest,honest,0.0
8070,96.046214525,0.0,84.99836666666673,0.2699608259623907,46.046214524999996,honest,honest,0.0
8071,109.4121974,0.8548,83.0395999999997,0.1273051077810562,67.61964046714576,honest,honest,0.0
8072,104.1484404,1.8868333333333327,82.8976999999999,0.05,89.46046992159933,honest,honest,4.675936588266097
8073,85.45625162500001,0.0,81.75453333333363,0.05,85.45625162500001,honest,honest,3.7017182916663813
8074,104.26905935,5.869900000000001,81.87826666666656,0.05,104.26905935,honest,honest,16.520892683333443
8075,106.17446642499999,26.692689,79.56726666666688,0.050406073897917736,106.17446642499999,honest,honest,0.0
8076,104.441894525,511.401942666668,82.8669333333332,0.2875,104.36474048439563,honest,honest,0.0
8077,85.63428437500001,577.3844500000014,85.2827000000002,0.2875,40.50928437500001,honest,hide_information,0.0
8078,85.6005427,263.2205843333342,86.86770000000016,0.2875,40.475542700000005,honest,honest,0.0
8079,85.52427875,47.80550033333321,87.58693333333343,0.2875,40.39927874999999,honest,honest,0.0
8080,112.031069875,2.501733333333333,90.84119999999996,0.17557510142708316,66.906069875,honest,honest,0.0
8081,114.6611936,2.8261890000000003,92.20910000000006,0.07010848218794286,90.8019243288542,honest,honest,0.0
8082,114.643176325,0.3581999999999999,93.43010000000004,0.05,110.82256470929086,honest,honest,17.034264709290824
8083,96.24091995,0.2039333333333333,95.1265000000002,0.05,96.24091995,honest,honest,0.9104866166664607
8084,96.18828219999999,0.154,95.04696666666648,0.05,96.18828219999999,honest,honest,0.9873155333335148
8085,96.00008635,0.3581999999999999,94.33266666666674,0.05,96.00008635,honest,honest,1.3092196833332679
8086,95.72207437499999,0.3581999999999999,94.74736666666682,0.05,95.72207437499999,honest,honest,0.6165077083331738
8087,97.7449393,0.1790999999999999,94.51240000000008,0.05,97.7449393,honest,honest,3.0534392999999085
8088,55.844152275,0.0,94.9973999999998,0.23597792669374906,55.844152275,honest,honest,0.0
8089,36.603958125,0.0,94.69320000000045,0.2875,1.268152053187677,honest,honest,0.0
8090,36.656840725,0.0,94.5646000000002,0.3320692593421052,0.0,honest,honest,0.0
8091,36.68623115,0.0,95.2104333333331,0.376483832236842,0.0,honest,honest,0.0
8092,37.062347349999996,0.0,94.70166666666633,0.41891884618421044,0.0,honest,honest,0.0
8093,56.124673075000004,0.0,94.08283333333296,0.39326095144736833,6.124673075000004,honest,honest,0.0
8094,96.02689659999999,0.0,92.56950000000016,0.3511804228605271,46.026896599999986,honest,honest,0.0
8095,109.40927202499999,0.0,94.61360000000036,0.2552430860049367,59.40927202499999,honest,honest,0.0
8096,104.1357848,0.0095666666666666,94.19660000000005,0.18806619898612228,65.13959845906203,honest,honest,0.0
8097,85.42183572500001,0.0,95.10679999999988,0.22060832489122476,59.18925791763678,honest,honest,0.0
8098,104.15603109999999,1.8075000000000003,95.1043333333332,0.1695640738226631,71.74044937066729,honest,honest,0.0
8099,106.07771775,31.131698666666654,95.01576666666696,0.2532378776457881,83.36054372369402,honest,honest,0.0
8100,104.284599825,230.91301666666703,94.98050000000023,0.2875,65.66940307230027,honest,honest,0.0
8101,85.47610777499999,526.1844686666674,93.06379999999996,0.2875,40.35110777499999,honest,hide_information,0.0
8102,85.484512325,406.2636616666676,92.69663333333298,0.2875,40.359512325,honest,hide_information,0.0
8103,85.457555125,162.1900289999997,90.44463333333312,0.2875,40.332555125,honest,hide_information,0.0
8104,112.00337232500002,1.2368,90.11863333333352,0.16626603978958415,66.87837232500002,honest,honest,0.0
8105,114.67750277500001,1.0201333333333331,82.89710000000015,0.05000000000000002,92.58695521497901,honest,honest,8.669721881645529
8106,114.70943755,0.2011113333333333,91.93573333333308,0.05,114.70943755,honest,honest,22.5725928833336
8107,96.31471415,0.028,91.11213333333323,0.05,96.31471415,honest,honest,5.1745808166667615
8108,96.27232995,0.0,91.69870000000016,0.05,96.27232995,honest,honest,4.573629949999841
8109,96.09708277499999,0.3461113333333333,93.31523333333357,0.05,96.09708277499999,honest,honest,2.4357381083330836
8110,95.829033675,0.3422333333333333,93.7393666666664,0.05,95.829033675,honest,honest,1.7474336750002664
8111,97.815954075,0.5995553333333333,89.64053333333337,0.05,97.815954075,honest,honest,7.5758654083333
8112,55.929102525000005,0.01,88.83723333333351,0.20636112133958417,55.929102525000005,honest,honest,0.0
8113,36.68415505,0.0,90.17183333333352,0.2875,6.975541995479009,honest,honest,0.0
8114,36.766698975,0.0,78.43433333333331,0.33149105802631573,0.0,honest,honest,0.0
8115,36.82575245,0.0,85.27666666666659,0.3751713082894736,0.0,honest,honest,0.0
8116,38.422001625,0.0,85.4131333333334,0.41045024710526307,0.0,honest,honest,0.0
8117,57.4272611,0.0,89.57949999999988,0.38479235236842096,7.427261100000003,honest,honest,0.0
8118,96.60228222500001,1.1189333333333331,87.6051333333331,0.3217129337294944,46.60228222500001,honest,honest,0.0
8119,109.41685444999999,2.3106000000000004,83.84149999999995,0.1855474553551521,59.41685444999999,honest,honest,0.0
8120,104.1351305,0.0,81.78763333333313,0.06618096691635716,78.3811139825211,honest,honest,0.0
8121,85.414858675,3.8610666666666655,83.22583333333337,0.07254551893576248,82.34047496089214,honest,honest,0.0
8122,104.13749017500001,1.4581666666666668,82.20930000000007,0.05,99.85384157720515,honest,honest,16.186374910538404
8123,106.060839775,13.578143999999998,79.8621000000002,0.05,106.060839775,honest,honest,12.620595774999813
8124,104.257521975,10.1472,80.0354333333334,0.05,104.257521975,honest,honest,14.074888641666604
8125,85.44824327500001,26.00698866666667,81.34903333333324,0.15406194894374953,85.44824327500001,honest,honest,0.0
8126,85.44875797499999,22.820977666666664,82.6986000000003,0.23925230245715204,65.67698767568758,honest,honest,0.0
8127,85.41788117499999,3.6257556666666666,84.06003333333317,0.23157276513632896,49.45994370814111,honest,honest,0.0
8128,111.924610325,2.0306333333333337,87.87256666666636,0.10926772149178536,77.4257849490975,honest,honest,0.0
8129,114.585149325,0.0,87.92423333333316,0.05,103.32428224156078,honest,honest,15.400048908227618
8130,114.60687702499999,0.5104890000000001,87.06526666666632,0.05,114.60687702499999,honest,honest,27.031121358333664
8131,95.854078775,0.0,80.80393333333335,0.05,95.854078775,honest,honest,15.050145441666658
8132,95.83170725000001,0.0,67.9665333333333,0.05,95.83170725000001,honest,honest,27.865173916666706
8133,95.73493597500001,0.1650003333333333,67.71553333333333,0.05,95.73493597500001,honest,honest,27.85440230833335
8134,95.720682525,0.0,62.18229999999988,0.05,95.720682525,honest,honest,33.538382525000124
8135,97.74465454999999,1.093333,48.12663333333334,0.05,97.74465454999999,honest,honest,48.524688216666654
8136,55.845629425,0.0,38.18570000000001,0.05,55.845629425,hide_information,honest,17.659929424999987
8137,36.583179775,0.0,36.65236666666663,0.05032863773541651,36.583179775,honest,honest,0.0
8138,36.630857375,0.0,39.99119999999993,0.06625822302496305,36.568416205270864,honest,honest,0.0
8139,36.6628459,0.0,38.81090000000001,0.07487630325502921,33.57378352525702,honest,honest,0.0
8140,37.039648650000004,0.0,36.3955666666666,0.06939147426683019,32.31315103154446,honest,honest,0.0
8141,56.117193074999996,0.0,43.3050666666666,0.05,52.43281296430226,hide_information,honest,9.12774629763566
8142,96.02128985,0.0,43.48353333333341,0.05,96.02128985,hide_information,honest,52.53775651666659
8143,109.399834675,0.0,50.82906666666657,0.05,109.399834675,hide_information,honest,58.570768008333424
8144,104.11768355,3.5684443333333333,55.21880000000021,0.055085033175000006,104.11768355,hide_information,honest,46.40097251666646
8145,85.402563375,1.3740333333333332,62.10063333333338,0.05195799749999998,84.43640707175,hide_information,honest,21.373950405083285
8146,104.12641387500001,2.969666333333333,72.79483333333314,0.05423177452500004,103.75439435000001,hide_information,honest,28.88079458333354
8147,106.053538425,3.825566,74.41529999999982,0.05545143154999995,105.24950126524999,hide_information,honest,28.156305065250166
8148,104.250060925,1.8543553333333336,76.66959999999972,0.05264245635,103.2142889305,hide_information,honest,25.246640197166954
8149,85.440358175,5.103644333333333,76.25613333333344,0.05727269317500004,84.9382914685,hide_information,honest,5.109607101833234
8150,85.4430157,1.865033333333333,74.45533333333339,0.052657672500000016,84.06120399675,hide_information,honest,8.300347330083284
8151,85.412867675,1.0427333333333333,63.4952,0.05148589500000001,84.90790989999999,hide_information,honest,20.682796566666667
8152,111.91952049999999,0.2046333333333333,62.4450333333334,0.05029160250000002,111.63720045,hide_information,honest,49.048923783333265
8153,114.579951475,0.2162,55.97803333333331,0.05,114.524547,honest,honest,58.33031366666669
8154,114.597154825,0.1913666666666666,60.01203333333332,0.05,114.597154825,honest,honest,54.393754825000016
8155,96.2056595,0.1805556666666666,67.40453333333332,0.05,96.2056595,honest,honest,28.620570500000014
8156,96.16036737499999,0.0,71.64500000000001,0.05,96.16036737499999,honest,honest,24.515367374999983
8157,95.98661570000002,3.074333333333333,70.40276666666668,0.05,95.98661570000002,honest,honest,22.50951570000001
8158,95.714750625,0.0474,65.84206666666653,0.05,95.714750625,honest,honest,29.825283958333472
8159,97.7391163,2.0749223333333333,61.64166666666672,0.05,97.7391163,honest,honest,34.02252729999995
8160,55.838829375,0.0,69.18149999999984,0.11337768546874924,55.838829375,hide_information,honest,0.0
8161,36.569858775,0.0,73.51410000000007,0.2826835069542965,24.528098535937644,honest,honest,0.0
8162,36.612489275,0.0,71.80136666666682,0.32748619498061227,0.0,honest,honest,0.0
8163,36.641569875,1.0977666666666666,71.56923333333305,0.37213582721745436,0.0,honest,honest,0.0
8164,37.016820975,0.0,71.53226666666652,0.4148104536648228,0.0,honest,honest,0.0
8165,56.10559365,0.0,72.10623333333332,0.3891525589279807,6.105593650000003,honest,honest,0.0
8166,96.00789055,0.0,72.93893333333335,0.253917117411972,46.00789055,hide_information,honest,0.0
8167,109.38659100000001,0.6123999999999999,71.50406666666667,0.05700210788097131,70.64233869172534,hide_information,honest,0.0
8168,104.1056381,7.440866666666666,71.6650666666667,0.060603234999999984,102.77523760261545,hide_information,honest,25.901564269282076
8169,85.39181905,19.6151,72.38619999999997,0.09096445409999988,83.3772044,hide_information,honest,0.0
8170,104.116553625,17.087389,77.86986666666662,0.07434952932500001,96.33330734600001,hide_information,honest,6.502268379333387
8171,106.05088504999999,136.537677666667,77.15373333333326,0.2875,101.42447447824999,hide_information,honest,0.0
8172,104.2519008,386.7007539999995,68.91936666666663,0.2875,59.1269008,hide_information,honest,0.0
8173,85.43768139999999,351.47922133333327,64.30406666666661,0.2875,40.31268139999999,honest,honest,0.0
8174,85.43916984999998,333.5318973333332,60.77663333333323,0.2875,40.314169849999985,honest,honest,0.0
8175,85.40947862499999,90.3907536666669,63.74426666666666,0.2875,40.28447862499999,honest,honest,0.0
8176,111.913408425,16.596522,38.378466666666775,0.07365004385000001,66.788408425,hide_information,honest,16.79237635833323
8177,114.581189875,10.29489933333333,27.832766666666696,0.05,110.08768154350001,honest,honest,71.96001554349999
8178,114.597493025,9.652511333333331,23.558800000000023,0.05,114.597493025,honest,honest,81.38618169166665
8179,96.20215764999999,1.0715776666666668,17.234166666666717,0.05,96.20215764999999,honest,honest,77.89641331666661
8180,96.15642,5.848366666666667,19.381699999999984,0.05,96.15642,honest,honest,70.92635333333334
8181,95.984053675,0.2572333333333333,15.9891,0.05,95.984053675,honest,honest,79.73772034166666
8182,95.71478400000001,0.0661666666666666,16.12293333333331,0.05,95.71478400000001,honest,honest,79.52568400000003
8183,97.74094124999999,0.0580666666666666,15.531633333333296,0.05,97.74094124999999,honest,honest,82.15124125000003
8184,55.844308500000004,0.0,14.520766666666653,0.05,55.844308500000004,honest,honest,41.32354183333335
8185,36.586509525,0.0,18.244066666666733,0.0759977950000001,36.586509525,honest,hide_information,23.815662858333283
8186,36.639643825,0.0,20.00909999999996,0.07851296749999995,31.70006277499998,honest,hide_information,17.69369277500001
8187,36.67584945,0.0,19.225000000000044,0.07739562500000007,31.25838562500001,honest,hide_information,17.800885624999978
8188,38.34597955,0.0,22.831133333333373,0.08253436500000005,33.14081079999999,honest,hide_information,17.15901746666663
8189,57.4124981,0.0846,29.16766666666669,0.05,51.23096874999999,honest,honest,21.9787020833333
8190,96.6077263,0.0846,15.557766666666677,0.05,96.6077263,honest,honest,80.96535963333332
8191,109.434878175,0.0,13.82220000000002,0.05,109.434878175,honest,honest,95.61267817499997
8192,104.154824525,3.0161446666666665,13.276533333333385,0.05,104.154824525,honest,honest,87.86214652499994
8193,85.43417695000001,30.857422333333336,17.310866666666662,0.09397182682500002,85.43417695000001,hide_information,honest,46.52311465000001
8194,104.17441480000001,19.58959,14.36036666666666,0.07791516575000001,95.81976770325001,hide_information,honest,67.74668803658335
8195,106.08069495000001,100.10267200000014,8.827933333333313,0.19264630760000023,100.77681345750001,hide_information,honest,21.877009724166598
8196,104.286507,628.8038333333326,12.220499999999998,0.2875,77.18370855599996,hide_information,honest,0.0
8197,85.45395060000001,658.6783553333328,13.911266666666664,0.2875,40.32895060000001,honest,honest,0.0
8198,85.42501355,456.7890666666658,13.34830000000003,0.2875,40.30001355,honest,honest,0.0
8199,85.38763995,202.8103223333337,19.73336666666664,0.2875,40.26263994999999,honest,honest,0.0
8200,111.8940927,18.98291133333333,20.712999999999923,0.07705064865000003,66.7690927,hide_information,honest,32.76805476666675
8201,114.5493336,2.6658500000000003,22.250500000000045,0.05,109.4097103565,honest,honest,84.49336035649995
8202,114.565605925,12.561533333333331,47.90379999999996,0.05,114.565605925,honest,honest,54.10027259166671
8203,95.816685675,9.079955666666669,36.6017333333334,0.05,95.816685675,honest,honest,50.13499667499993
8204,95.79291375,2.050311333333333,37.58416666666663,0.05,95.79291375,honest,honest,56.15843575000003
8205,95.697265875,0.0,40.64006666666657,0.05,95.697265875,honest,honest,55.05719920833343
8206,95.68297795,0.1149,63.1095666666666,0.05,95.68297795,honest,honest,32.458511283333394
8207,97.70918467499999,0.0102,42.29766666666664,0.05,97.70918467499999,honest,honest,55.40131800833335
8208,55.80196965,0.0,45.47156666666661,0.05,55.80196965,honest,honest,10.330402983333386
8209,36.51484335,0.0,44.19649999999988,0.11298001249999984,36.51484335,honest,hide_information,5.577293350000087
8210,36.550767225,0.0,40.30069999999992,0.12465164196249946,24.584564850000035,honest,honest,0.0
8211,36.58293315,0.0,26.3374666666667,0.06870714107532258,22.399121177125107,honest,honest,0.0
8212,36.95973145,8.827222333333333,41.06313333333344,0.12830365984964578,33.40537464568871,honest,honest,0.0
8213,56.07496474999999,0.0,47.70286666666666,0.08090158711847198,41.1972693785673,honest,honest,0.0
8214,95.980235575,0.0,62.54573333333334,0.05,90.10893402249032,honest,honest,27.56320068915698
8215,109.33738655,0.0,62.20826666666658,0.05,109.33738655,honest,honest,47.12911988333342
8216,104.057346325,0.0,66.22306666666691,0.05,104.057346325,honest,honest,37.83427965833309
8217,85.35987457499999,0.0,68.70636666666677,0.05,85.35987457499999,honest,honest,16.653507908333225
8218,104.094550825,22.995422,70.40956666666669,0.05,104.094550825,honest,honest,10.689562158333302
8219,106.01322905,37.33877833333335,76.33439999999983,0.0863847590958326,106.01322905,honest,honest,0.0
8220,104.204619725,738.6593410000004,66.80126666666669,0.2875,97.2915154967918,honest,honest,0.0
8221,85.399232775,1366.722780333332,67.23333333333345,0.2875,40.274232775,honest,hide_information,0.0
8222,85.4053732,453.74606533333406,63.57496666666649,0.2875,40.2803732,honest,honest,0.0
8223,85.3766615,112.41916533333344,58.07106666666665,0.2875,40.2516615,honest,hide_information,0.0
8224,111.885928925,0.0,47.91989999999979,0.05,66.760928925,honest,honest,18.84102892500021
8225,114.540629825,0.3642333333333333,41.27673333333328,0.05,114.540629825,honest,honest,72.89966315833338
8226,114.559891725,0.0345666666666666,35.59733333333333,0.05,114.559891725,honest,honest,78.927991725
8227,96.167292225,0.5014333333333334,37.365533333333325,0.05,96.167292225,honest,honest,58.30032555833334
8228,96.121703425,0.6605666666666667,37.00083333333336,0.05,96.121703425,honest,honest,58.46030342499998
8229,95.95179852499999,0.4488333333333333,37.40236666666663,0.05,95.95179852499999,honest,honest,58.100598525000024
8230,95.6816097,0.849,50.60776666666669,0.05,95.6816097,honest,honest,44.22484303333331
8231,97.70937789999999,0.0219333333333333,49.31766666666667,0.05,97.70937789999999,honest,honest,48.36977789999999
8232,55.808542625,0.0,44.67420000000018,0.05,55.808542625,honest,honest,11.134342624999825
8233,36.515753225,0.0,42.81880000000002,0.11101679000000003,36.515753225,honest,hide_information,6.542593224999987
8234,36.546814925,0.0,31.0305333333334,0.07886531541458366,24.953624824999995,honest,honest,0.0
8235,36.57936505,0.0,32.96130000000005,0.09696985250000006,31.094955121229106,honest,hide_information,8.02204512122907
8236,36.95567145,0.0,28.654133333333316,0.052957985827083325,28.031399474999986,honest,honest,0.0
8237,56.081528049999996,0.0,21.67106666666668,0.05,55.519510742854166,honest,honest,33.84844407618749
8238,95.97818947500001,0.0,21.18583333333334,0.05,95.97818947500001,honest,honest,74.79235614166667
8239,109.33526432500001,0.0,25.088566666666587,0.05,109.33526432500001,honest,honest,84.24669765833343
8240,104.05619064999999,0.0,23.23853333333333,0.05,104.05619064999999,honest,honest,80.81765731666667
8241,85.34216702500001,2.1197223333333333,21.215966666666656,0.05,85.34216702500001,honest,honest,62.00647802500002
8242,104.084475675,2.045289,21.54026666666667,0.05,104.084475675,honest,honest,80.49892000833333
8243,106.01895929999999,10.3866,21.08343333333329,0.05,106.01895929999999,honest,honest,74.5489259666667
8244,104.205116425,16.768667333333333,21.99629999999999,0.05,104.205116425,honest,honest,65.44014909166668
8245,85.39858995,7.676944666666666,22.43553333333342,0.05,85.39858995,honest,honest,55.28611194999991
8246,85.4031002,10.555722333333335,29.68150000000011,0.05,85.4031002,honest,honest,45.16587786666655
8247,85.37168422500001,13.042878,30.75710000000005,0.05,85.37168422500001,honest,honest,41.57170622499996
8248,111.87653885,0.1312333333333333,45.251,0.05,111.87653885,honest,honest,66.49430551666667
8249,114.53745447499999,0.0,26.85623333333341,0.05,114.53745447499999,honest,honest,87.68122114166658
8250,114.54942000000001,0.0287333333333333,30.32423333333332,0.05,114.54942000000001,honest,honest,84.19645333333335
8251,96.16010695,0.065,35.67916666666677,0.05,96.16010695,honest,honest,60.415940283333235
8252,96.11422867499999,0.0,41.477500000000056,0.05,96.11422867499999,honest,honest,54.63672867499994
8253,95.94330389999999,0.0,42.34013333333341,0.05,95.94330389999999,honest,honest,53.60317056666658
8254,95.672736025,0.0,42.88693333333328,0.05,95.672736025,honest,honest,52.785802691666724
8255,97.69975922500001,0.0,32.361999999999995,0.05,97.69975922500001,honest,honest,65.33775922500001
8256,55.795794699999995,0.0,46.66499999999999,0.05,55.795794699999995,honest,honest,9.130794700000003
8257,36.500733325,0.0,74.83763333333356,0.2321002750395844,36.500733325,honest,hide_information,0.0
8258,36.53586815,0.0,80.23350000000023,0.2875,1.9368158924789611,honest,honest,0.0
8259,36.569244575,0.0,82.1945000000001,0.3325302917105263,0.0,honest,honest,0.0
8260,36.946028325,0.0,86.49643333333353,0.37557751105263154,0.0,honest,honest,0.0
8261,56.063428699999996,0.0,89.17466666666691,0.34991961631578944,6.063428699999996,honest,honest,0.0
8262,95.97625109999998,0.0,90.14430000000029,0.29655995385394873,45.976251099999985,honest,honest,0.0
8263,112.00299100000001,0.0,90.72219999999984,0.17143660110318795,65.15659976774975,honest,honest,0.0
8264,104.07615725,0.0044443333333333,89.3001999999998,0.0894318461414596,81.00320304039428,honest,honest,0.0
8265,85.35676047500002,0.7604,88.35436666666692,0.10343777055308512,77.86470970812269,honest,honest,0.0
8266,104.0791481,3.0043666666666664,87.4210000000002,0.05000000000000001,93.92597169491383,honest,honest,3.5006050282469516
8267,106.010792075,65.68916700000001,88.78653333333341,0.2802083142270837,106.010792075,honest,honest,0.0
8268,104.200864725,340.0208356666657,88.85373333333362,0.2875,60.461285021854096,honest,honest,0.0
8269,85.3944034,392.6616383333328,88.34489999999992,0.2875,40.2694034,honest,hide_information,0.0
8270,85.39644642500001,196.238335,89.33883333333338,0.2875,40.27144642500001,honest,hide_information,0.0
8271,85.36407240000001,10.111400333333332,89.54526666666683,0.2875,40.23907240000001,honest,hide_information,0.0
8272,111.8711568,4.405733333333333,88.76813333333324,0.1755316218666662,66.7461568,honest,honest,0.0
8273,114.53344555,0.1631333333333333,86.3748000000002,0.05,90.68243739533341,honest,honest,4.144504061999868
8274,114.55652860000001,0.2769333333333333,84.25036666666672,0.05,114.55652860000001,honest,honest,30.029228599999954
8275,96.164057125,0.0084666666666666,85.06516666666644,0.05,96.164057125,honest,honest,11.090423791666893
8276,96.12047907499999,0.0,84.12903333333348,0.05,96.12047907499999,honest,honest,11.99144574166651
8277,95.94956615,2.175555333333333,81.27176666666689,0.05,95.94956615,honest,honest,12.502244149999768
8278,95.67925455,0.0,69.0337,0.05,95.67925455,honest,honest,26.64555455
8279,97.706285125,0.0,57.30143333333337,0.05,97.706285125,honest,honest,40.40485179166662
8280,55.8028379,0.0,68.49880000000023,0.1103058199750011,55.8028379,honest,honest,0.0
8281,36.5125887,0.0,52.07170000000001,0.17833178120243848,25.054482904749797,honest,honest,0.0
8282,36.550458,0.0,49.35246666666666,0.22662897370186735,12.167419571536687,honest,honest,0.0
8283,36.5840387,0.0,51.67789999999999,0.28110348994093526,3.0245336966452,honest,honest,0.0
8284,38.253234575,0.0,56.32123333333321,0.31727067638830364,0.0,honest,honest,0.0
8285,57.3513506,0.0,39.81119999999999,0.2082970663014615,7.3513506000000035,honest,honest,0.0
8286,96.556191525,0.0,40.018900000000095,0.05000000000000002,66.47974892772231,honest,honest,26.460848927722218
8287,112.011361075,0.0,36.26243333333329,0.05,112.011361075,honest,honest,75.7489277416667
8288,104.08247064999999,0.0,22.86483333333334,0.05,104.08247064999999,honest,honest,81.21763731666665
8289,85.3661032,0.0,24.7135666666667,0.05,85.3661032,honest,honest,60.6525365333333
8290,104.08930615,2.8427003333333336,18.84646666666668,0.05,104.08930615,honest,honest,82.40013914999999
8291,106.01871009999999,1.6564333333333334,14.950466666666683,0.05,106.01871009999999,honest,honest,89.41181009999997
8292,104.209817875,41.531478666666665,18.68213333333336,0.05,104.209817875,honest,honest,43.99620587499997
8293,85.403728675,28.161522999999992,18.91256666666668,0.05,85.403728675,honest,honest,38.329639008333324
8294,85.40644455,0.5502556666666666,9.40790000000004,0.05,85.40644455,honest,honest,75.44828888333329
8295,85.3737142,7.682766333333332,20.94923333333334,0.05,85.3737142,honest,honest,56.74171453333332
8296,111.8895045,0.2756666666666666,17.418600000000012,0.05,111.8895045,honest,honest,94.19523783333332
8297,114.55021117499999,0.2444223333333333,5.017333333333316,0.05,114.55021117499999,honest,honest,109.28845550833334
8298,114.569866525,0.0,5.940333333333322,0.05,114.569866525,honest,honest,108.62953319166667
8299,95.82102302499999,0.0,8.923433333333339,0.05,95.82102302499999,honest,honest,86.89758969166665
8300,95.801503475,0.0,12.42223333333334,0.05,95.801503475,honest,honest,83.37927014166667
8301,95.707898025,0.0,19.792833333333387,0.05,95.707898025,honest,honest,75.91506469166661
8302,95.69549285000001,0.0,33.87803333333324,0.05,95.69549285000001,honest,honest,61.817459516666766
8303,97.72229445,0.0,32.83399999999997,0.05,97.72229445,honest,honest,64.88829445000005
8304,55.823537675,0.0,46.10786666666665,0.05,55.823537675,honest,honest,9.715671008333345
8305,36.550413425,0.0,34.50660000000007,0.0991719050000001,36.550413425,honest,hide_information,12.395793424999955
8306,36.596185575,0.0,49.947966666666446,0.1577986044479157,27.253523624999982,honest,honest,0.0
8307,36.630536775,0.0,50.40576666666661,0.2127205824996603,16.148801929896017,honest,honest,0.0
8308,37.010976875,0.0,45.61243333333337,0.23771224388302697,6.094066200064535,honest,honest,0.0
8309,56.10757575,0.0,41.84013333333337,0.15163994862526536,20.442249412224875,honest,honest,0.0
8310,96.01238260000001,0.0,60.203599999999966,0.05000000000000002,76.70079236119959,honest,honest,16.497192361199623
8311,112.04473485,0.0,41.809100000000136,0.05,112.04473485,honest,honest,70.23563484999985
8312,104.117103125,0.0,36.49309999999996,0.05,104.117103125,honest,honest,67.62400312500003
8313,85.399187975,0.0,31.68806666666659,0.05,85.399187975,honest,honest,53.71112130833342
8314,104.13570547500001,2.188333333333333,22.04390000000004,0.05,104.13570547500001,honest,honest,79.90347214166664
8315,106.051079025,14.934066666666668,14.978433333333395,0.05,106.051079025,honest,honest,76.13857902499994
8316,104.25524647499999,59.64525533333333,15.638666666666689,0.05,104.25524647499999,honest,honest,28.971324474999975
8317,85.44936809999999,106.82013400000002,24.30150000000001,0.2669432630250002,85.44936809999999,hide_information,honest,0.0
8318,85.453659075,47.07538866666666,23.069299999999984,0.17307368544047919,44.234439100249965,honest,honest,0.0
8319,85.41956032499999,14.321832666666664,24.52196666666668,0.05,62.03556009130895,honest,honest,23.191760757975608
8320,111.95015575,0.2115333333333333,23.89870000000008,0.05,111.95015575,honest,honest,87.83992241666658
8321,114.62402277500001,0.1857333333333333,21.7137,0.05,114.62402277500001,honest,honest,92.72458944166668
8322,114.643897925,0.2925333333333333,29.07466666666668,0.05,114.643897925,honest,honest,85.276697925
8323,96.250496,0.0,32.140499999999975,0.05,96.250496,honest,honest,64.10999600000002
8324,96.20868487499999,0.3590333333333333,35.80573333333341,0.05,96.20868487499999,honest,honest,60.043918208333245
8325,96.03107332500001,0.0,34.40073333333349,0.05,96.03107332500001,honest,honest,61.63033999166652
8326,95.75569655000001,0.679689,37.22783333333329,0.05,95.75569655000001,honest,honest,57.84817421666672
8327,97.77105595,0.0,37.334000000000046,0.05,97.77105595,honest,honest,60.43705594999996
8328,55.867362500000006,0.0,41.69189999999987,0.05,55.867362500000006,honest,honest,14.175462500000137
8329,36.634470775,0.0,41.21306666666671,0.10872862000000007,36.634470775,honest,hide_information,7.785324108333299
8330,36.6951053,0.0,43.39913333333323,0.13484671270833293,25.53666749999999,honest,honest,0.0
8331,36.729568425000004,0.0,45.28566666666679,0.16721562486718772,20.60869301041675,honest,honest,0.0
8332,37.10936925,0.0,42.15256666666671,0.17974228917180377,14.838400525234338,honest,honest,0.0
8333,56.156459125,0.0,52.06740000000021,0.1476693851338039,31.505424182357288,honest,hide_information,0.0
8334,96.07003219999999,0.0,52.76460000000007,0.05,77.51284902457725,honest,honest,24.748249024577177
8335,112.10726772499999,0.0,52.64903333333311,0.05,112.10726772499999,honest,honest,59.45823439166688
8336,104.1702754,1.5354,54.04099999999996,0.05,104.1702754,honest,honest,48.59387540000003
8337,85.442655175,3.3451,55.28296666666665,0.05,85.442655175,honest,honest,26.814588508333344
8338,104.174294675,3.689933333333333,59.72973333333352,0.05,104.174294675,honest,honest,40.75462800833314
8339,106.0965916,9.848266666666667,66.37316666666669,0.05,106.0965916,honest,honest,29.875158266666645
8340,104.310026075,16.692289333333335,69.26279999999997,0.05,104.310026075,honest,honest,18.35493674166669
8341,85.51556115,24.699800666666665,67.22336666666662,0.08519721594999997,85.51556115,hide_information,honest,1.0023340166667083
8342,85.5157586,19.49961,71.4509666666666,0.10758087321154136,78.8282875695,hide_information,honest,0.0
8343,85.47761845,9.384778000000004,74.47133333333323,0.09426457926924893,74.53725253980714,honest,honest,0.0
8344,111.965565825,14.357522,72.04839999999999,0.05000000000000001,103.55529576384271,honest,honest,17.149373763842718
8345,114.620308425,0.3497333333333333,82.02760000000022,0.05,114.620308425,honest,honest,32.24297509166645
8346,114.63095539999999,9.083433333333334,80.05923333333354,0.05,114.63095539999999,honest,honest,25.48828873333312
8347,96.227630075,0.4720999999999999,78.07326666666647,0.05,96.227630075,honest,honest,17.682263408333526
8348,96.176555475,0.4206333333333333,73.20620000000024,0.05,96.176555475,honest,honest,22.549722141666436
8349,95.995172725,0.0,70.76506666666651,0.05,95.995172725,honest,honest,25.23010605833349
8350,95.718784925,1.8602776666666667,71.22680000000001,0.05,95.718784925,honest,honest,22.63170725833332
8351,97.7413014,0.0866333333333333,50.37086666666663,0.05,97.7413014,honest,honest,47.28380140000004
8352,55.83616245,0.0,53.29266666666661,0.05,55.83616245,honest,honest,2.543495783333391
8353,36.579837350000005,0.0,49.65599999999986,0.12075979999999979,36.579837350000005,honest,hide_information,1.820637350000105
8354,36.62890305,0.0,47.3282333333333,0.164682538345833,23.18454105000004,honest,honest,0.0
8355,36.65847475,0.0,39.15763333333331,0.16537199412794745,14.868792464291737,honest,honest,0.0
8356,38.320433775,0.0,29.539833333333316,0.11241537260255582,16.399754890689984,honest,honest,0.0
8357,57.3930716,0.0,20.125099999999986,0.05,45.53415080551439,honest,honest,25.409050805514408
8358,96.5834242,0.0,21.664333333333303,0.05,96.5834242,honest,honest,74.91909086666669
8359,112.03647157500001,0.0,21.605699999999928,0.05,112.03647157500001,honest,honest,90.43077157500008
8360,104.10299289999999,0.4544443333333333,20.957666666666697,0.05,104.10299289999999,honest,honest,82.69088189999997
8361,85.39163459999999,0.940611,20.25716666666668,0.05,85.39163459999999,honest,honest,64.19385693333331
8362,104.11650457500001,2.734422,18.05930000000001,0.05,104.11650457500001,honest,honest,83.32278257499999
8363,106.04852407499999,18.394844666666668,12.971266666666684,0.05,106.04852407499999,honest,honest,74.68241274166664
8364,104.24973987499999,37.00975533333333,12.44923333333335,0.05,104.24973987499999,honest,honest,54.790751208333305
8365,85.43457045,22.93470066666667,13.510333333333366,0.05,85.43457045,honest,honest,48.98953644999996
8366,85.436003675,29.431388666666678,13.53676666666672,0.05,85.436003675,honest,honest,42.467848341666596
8367,85.406315025,19.81347700000001,13.29120000000004,0.05,85.406315025,honest,honest,52.301638024999946
8368,111.910963425,5.057622000000001,12.907033333333398,0.05,111.910963425,honest,honest,93.94630809166661
8369,114.57759279999999,2.5925666666666665,14.14223333333338,0.05,114.57759279999999,honest,honest,97.84279279999994
8370,114.596636825,1.9929776666666663,16.45243333333334,0.05,114.596636825,honest,honest,96.151225825
8371,95.842295375,0.0278333333333333,14.831799999999957,0.05,95.842295375,honest,honest,80.98266204166671
8372,95.817982425,5.9894446666666665,16.46516666666665,0.05,95.817982425,honest,honest,73.36337109166668
8373,95.72188609999999,0.01,20.51909999999999,0.05,95.72188609999999,honest,honest,75.1927861
8374,95.707530025,1.8956,21.787299999999995,0.05,95.707530025,honest,honest,72.024630025
8375,97.73204725,0.143889,22.12153333333332,0.05,97.73204725,honest,honest,75.46662491666667
8376,55.833224775000005,0.0,13.3308666666666,0.05,55.833224775000005,honest,honest,42.502358108333404
8377,36.567061775,0.0,13.95929999999998,0.06989200249999997,36.567061775,honest,hide_information,26.795551775000014
8378,36.61461835,0.0,15.34653333333326,0.07186880999999991,32.83513787500001,honest,hide_information,22.092564541666725
8379,36.647163049999996,0.0,14.297733333333252,0.07037426999999989,32.49208915000001,honest,hide_information,22.48367581666674
8380,37.02492835,0.0,13.790433333333306,0.06965136749999996,33.15381705000002,honest,hide_information,23.50051371666671
8381,56.119084575,0.0,16.65189999999994,0.05,52.38532475000001,honest,honest,35.73342475000007
8382,96.01424315,1.1483,15.377266666666657,0.05,96.01424315,honest,honest,79.48867648333334
8383,112.01832525,0.0,17.85906666666667,0.05,112.01832525,honest,honest,94.15925858333333
8384,104.091581725,0.0,18.76920000000003,0.05,104.091581725,honest,honest,85.32238172499997
8385,85.389502975,4.4366666666666665,22.95493333333331,0.05,85.389502975,honest,honest,57.99790297500002
8386,104.12341447499999,1.5124556666666669,23.00709999999997,0.05,104.12341447499999,honest,honest,79.60385880833336
8387,106.05452625,60.91348866666667,28.22353333333332,0.05,106.05452625,honest,honest,16.917504249999993
8388,104.25380265,114.3782433333333,22.746533333333325,0.20613712657916655,104.25380265,honest,honest,0.0
8389,85.44131397499999,73.82334433333332,19.183599999999924,0.22685050093978082,55.77525992495834,honest,honest,0.0
8390,85.446249225,163.74828833333322,14.551733333333338,0.2875,51.84465404644165,honest,honest,0.0
8391,85.417964875,6.062443999999999,13.721300000000028,0.06955285250000005,40.292964874999996,honest,hide_information,24.62561087499998
8392,111.9323438,5.592155333333333,14.248799999999964,0.05,108.21730182499999,honest,honest,88.3763464916667
8393,114.59125847499999,1.1082113333333332,17.601066666666686,0.05,114.59125847499999,honest,honest,95.88198047499998
8394,114.6083389,2.2994453333333333,21.17860000000002,0.05,114.6083389,honest,honest,91.13029356666665
8395,96.21786795,1.7533339999999995,20.487666666666705,0.05,96.21786795,honest,honest,73.97686728333329
8396,96.171397875,0.0,19.41939999999999,0.05,96.171397875,honest,honest,76.751997875
8397,95.994834,0.0,21.78360000000005,0.05,95.994834,honest,honest,74.21123399999995
8398,95.721713325,0.9716886666666666,25.992966666666653,0.05,95.721713325,honest,honest,68.75705799166667
8399,97.74521912499999,0.1016,25.524833333333294,0.05,97.74521912499999,honest,honest,72.1187857916667
8400,55.849537375000004,0.0,27.46840000000005,0.05,55.849537375000004,honest,honest,28.381137374999955
8401,36.599301600000004,0.0,28.554866666666637,0.09069068499999997,36.599301600000004,honest,hide_information,16.61089493333336
8402,36.64947735,0.0,30.783233333333317,0.05885868413333324,28.918247200000003,honest,honest,0.0
8403,36.6823792,0.0,39.50003333333333,0.10628754750000001,34.999229214666684,honest,hide_information,7.349205881333358
8404,37.059524275,0.0,37.2339333333333,0.10162795464583316,26.364890250000002,honest,honest,0.0
8405,56.134711800000005,0.0,37.03999999999987,0.05,46.3254004172917,honest,honest,9.285400417291832
8406,96.027686375,0.0,37.01756666666672,0.05,96.027686375,honest,honest,59.010119708333285
8407,112.04166897500001,0.0,37.53066666666666,0.05,112.04166897500001,honest,honest,74.51100230833335
8408,104.11270855,0.0,34.821066666666624,0.05,104.11270855,honest,honest,69.29164188333337
8409,85.397045575,5.973333333333334,27.916266666666623,0.05,85.397045575,honest,honest,51.50744557500005
8410,104.1596973,0.1753333333333333,30.435333333333176,0.05,104.1596973,honest,honest,73.5490306333335
8411,106.078639225,12.921911333333332,30.419666666666718,0.05,106.078639225,honest,honest,62.737061224999955
8412,104.281536075,40.34576766666667,34.11263333333342,0.05,104.281536075,honest,honest,29.82313507499991
8413,85.467948775,31.832567000000004,53.25820000000001,0.05,85.467948775,honest,honest,0.3771817749999826
8414,85.469436175,18.500889333333333,49.77896666666676,0.05,85.469436175,honest,honest,17.189580174999904
8415,85.43782050000002,4.6220886666666665,53.75939999999989,0.05,85.43782050000002,honest,honest,27.05633183333346
8416,111.95562005,0.4286333333333333,60.76629999999996,0.05,111.95562005,honest,honest,50.760686716666704
8417,114.61596970000001,0.2038666666666666,61.1441,0.05,114.61596970000001,honest,honest,53.268003033333336
8418,114.62863295,0.1540889999999999,62.01266666666657,0.05,114.62863295,honest,honest,52.46187728333343
8419,96.23740077500001,0.0,64.59616666666653,0.05,96.23740077500001,honest,honest,31.641234108333478
8420,96.18887732499999,0.0,66.34146666666675,0.05,96.18887732499999,honest,honest,29.847410658333246
8421,96.007874275,0.0102,70.85986666666672,0.05,96.007874275,honest,honest,25.13780760833329
8422,95.7276222,0.0,77.94126666666683,0.05,95.7276222,honest,honest,17.786355533333165
8423,97.74821515,0.0,77.07726666666662,0.05,97.74821515,honest,honest,20.670948483333376
8424,55.852116475,0.0,83.20760000000001,0.17993854674375004,55.852116475,honest,honest,0.0
8425,36.620553575,0.0,89.43560000000008,0.2875,11.932229693687496,honest,honest,0.0
8426,36.678309225,0.0,91.53773333333312,0.3319562672368421,0.0,honest,honest,0.0
8427,36.711462075,0.0,93.06509999999956,0.3762380457894736,0.0,honest,honest,0.0
8428,37.089579425000004,0.0,95.63846666666645,0.4185297330263157,0.0,honest,honest,0.0
8429,56.134493025000005,0.0,96.12363333333332,0.3928718382894736,6.134493025000005,honest,honest,0.0
8430,96.042673125,0.0,96.21959999999976,0.3672139435526315,46.04267312499999,honest,honest,0.0
8431,112.084261125,0.0,96.51576666666706,0.26760570013870794,62.084261125,honest,honest,0.0
8432,104.155948175,0.3403333333333333,93.97990000000028,0.1996694988772686,62.8108651486455,honest,honest,0.0
8433,85.4327807,0.0,88.63606666666698,0.2002923310784031,56.99557591331896,honest,honest,0.0
8434,104.1687293,0.662,90.85996666666658,0.12556670628992506,75.61318639510341,honest,honest,0.0
8435,106.09190305,3.391611333333333,92.9430999999998,0.07185229177248977,91.73422885491424,honest,honest,0.0
8436,104.2916072,1.9414446666666667,92.51053333333356,0.05,100.13967176322694,honest,honest,5.687693763226719
8437,85.48712164999999,2.3946,93.94873333333356,0.10156700549583446,85.48712164999999,honest,honest,0.0
8438,85.482670125,13.712866666666663,92.11620000000023,0.1931846060329084,75.68493908079145,hide_information,honest,0.0
8439,85.447026575,7.584144333333332,84.85330000000003,0.21242859129678332,58.2419514287474,honest,honest,0.0
8440,111.9723322,0.0457,85.7178333333333,0.07210000902868016,81.11089985361116,honest,honest,0.0
8441,114.628568375,0.0,90.74829999999986,0.05,110.42956665955077,honest,honest,19.681266659550914
8442,114.65085485,0.6498666666666667,87.73700000000001,0.05,114.65085485,honest,honest,26.263988183333325
8443,96.255304125,0.0,89.09046666666683,0.05,96.255304125,honest,honest,7.164837458333167
8444,96.210297325,0.0,88.62596666666668,0.05,96.210297325,honest,honest,7.5843306583333145
8445,96.031108225,0.0,88.09809999999989,0.05,96.031108225,honest,honest,7.933008225000108
8446,95.753497425,0.3266666666666666,85.54076666666641,0.05,95.753497425,honest,honest,9.886064091666924
8447,97.77068122499999,0.0,80.46503333333322,0.05,97.77068122499999,honest,honest,17.305647891666766
8448,55.866160625,0.0,76.89986666666664,0.14991010369791655,55.866160625,honest,honest,0.0
8449,36.637785324999996,0.0,75.41866666666657,0.2875,17.654865622395853,honest,honest,0.0
8450,36.69832735,0.0,74.5834666666664,0.3318509086842105,0.0,honest,honest,0.0
8451,36.73245945,0.0,70.32409999999996,0.3760221747368421,0.0,honest,honest,0.0
8452,38.397226875,0.0,72.4129666666668,0.41143150697368414,0.0,honest,honest,0.0
8453,57.43553300000001,0.0,64.10656666666665,0.38577361223684203,7.435533000000007,honest,honest,0.0
8454,96.63706975,0.0,51.694166666666725,0.1466369278541669,46.637069749999995,honest,honest,0.0
8455,112.1099461,0.4848333333333333,50.85620000000018,0.05,93.7489298077083,honest,honest,42.40789647437478
8456,104.176493475,0.0,42.27773333333317,0.05,104.176493475,honest,honest,61.898760141666834
8457,85.45185310000001,0.2433333333333333,40.396733333333465,0.05,85.45185310000001,honest,honest,44.81178643333321
8458,104.18943472500001,4.3584,31.64773333333335,0.05,104.18943472500001,honest,honest,68.18330139166666
8459,106.09202742500001,14.073033333333337,24.143500000000017,0.05,106.09202742500001,honest,honest,67.87549409166667
8460,104.303241525,8.902089333333333,22.28873333333332,0.05,104.303241525,honest,honest,73.11241885833336
8461,85.49228925,16.936867000000003,18.60523333333329,0.05,85.49228925,honest,honest,49.950188916666704
8462,85.49443242500001,5.200577333333334,18.601466666666663,0.05,85.49443242500001,honest,honest,61.69238842500002
8463,85.4476209,2.791144333333333,15.5518333333333,0.05,85.4476209,honest,honest,67.10464323333338
8464,111.9630815,0.0881666666666666,10.120133333333364,0.05,111.9630815,honest,honest,101.75478149999998
8465,114.6250974,3.5360446666666667,7.668933333333345,0.05,114.6250974,honest,honest,103.42011939999999
8466,114.64445365,0.7688886666666667,12.167300000000008,0.05,114.64445365,honest,honest,101.70826498333332
8467,95.889204975,2.4474780000000003,6.943266666666691,0.05,95.889204975,honest,honest,86.4984603083333
8468,95.85880875000001,0.1299333333333333,10.869700000000002,0.05,95.85880875000001,honest,honest,84.85917541666667
8469,95.749406025,1.5711113333333333,8.494499999999979,0.05,95.749406025,honest,honest,85.68379469166669
8470,95.726311075,1.5711113333333333,11.775533333333335,0.05,95.726311075,honest,honest,82.37966640833334
8471,97.747412275,0.0,15.00820000000001,0.05,97.747412275,honest,honest,82.739212275
8472,55.845416,0.0,9.99296666666663,0.05,55.845416,honest,honest,45.85244933333337
8473,36.600430275,0.0,9.863566666666683,0.06405558250000003,36.600430275,honest,hide_information,29.695933608333323
8474,36.654220300000006,0.0,15.45856666666668,0.07202845750000003,33.983659625,honest,hide_information,23.16266295833333
8475,36.68658755,0.0,10.03749999999998,0.06430343749999998,32.501180624999996,honest,hide_information,25.47493062500001
8476,37.062642575,0.0,11.69276666666665,0.06666219249999998,34.34498945,honest,hide_information,26.160052783333345
8477,56.126279,0.0,11.720599999999996,0.05,52.960462425,honest,honest,41.239862425000005
8478,96.0158613,0.0,12.261466666666674,0.05,96.0158613,honest,honest,83.75439463333332
8479,112.049258725,0.0,9.170166666666688,0.05,112.049258725,honest,honest,102.87909205833331
8480,104.119138375,1.5483333333333331,12.715033333333336,0.05,104.119138375,honest,honest,89.85577170833334
8481,85.403598975,0.73,10.642666666666656,0.05,85.403598975,honest,honest,74.03093230833333
8482,104.132706225,49.47104433333337,9.91036666666664,0.05,104.132706225,honest,honest,44.751295225
8483,106.06105325,394.10884533333245,11.820366666666658,0.2875,106.06105325,honest,honest,0.0
8484,104.26082215,361.7806896666677,11.92236666666667,0.2875,59.135822149999996,honest,honest,0.0
8485,85.447813825,301.4516610000001,11.5829,0.2875,40.322813825,honest,honest,0.0
8486,85.44336397500001,206.8690293333341,10.535133333333302,0.2875,40.31836397500001,honest,honest,0.0
8487,85.412110225,19.10394466666668,9.738066666666665,0.05,40.287110225000006,honest,honest,11.44509889166666
8488,111.923431975,0.2433333333333333,9.76086666666665,0.05,111.923431975,honest,honest,101.91923197500002
8489,114.588694275,0.1966666666666666,12.612566666666671,0.05,114.588694275,honest,honest,101.77946094166666
8490,114.6091474,0.1729,12.56900000000002,0.05,114.6091474,honest,honest,101.86724739999998
8491,96.213405675,0.0983333333333333,16.783266666666652,0.05,96.213405675,honest,honest,79.33180567500003
8492,96.1661881,0.1016,24.44750000000001,0.05,96.1661881,honest,honest,71.61708809999999
8493,95.98788582499999,0.0,25.66256666666676,0.05,95.98788582499999,honest,honest,70.32531915833323
8494,95.71523927499999,3.472956,39.78436666666671,0.05,95.71523927499999,honest,honest,52.45791660833328
8495,97.739333125,0.0093,34.2091333333334,0.05,97.739333125,honest,honest,63.5208997916666
8496,55.839009375,0.0,36.3298000000001,0.05,55.839009375,hide_information,honest,19.509209374999905
8497,36.581247125,0.0,36.56013333333326,0.10209818999999991,36.581247125,honest,hide_information,10.989153791666716
8498,36.632689575,0.0,38.4006333333333,0.1054163493270831,26.734033475000018,honest,honest,0.0
8499,36.666311475,0.0,37.15153333333333,0.10231805909477584,26.13720510285421,honest,honest,0.0
8500,37.044584650000004,0.0,38.95623333333339,0.10629737957886877,27.104153421992592,honest,honest,0.0
8501,56.120219999999996,0.0,40.97546666666676,0.05,45.423717880014934,hide_information,honest,4.448251213348172
8502,96.02499352500001,0.0,32.83069999999993,0.05,96.02499352500001,hide_information,honest,63.194293525000084
8503,112.05378957500001,0.0,26.77553333333339,0.05,112.05378957500001,honest,honest,85.27825624166663
8504,104.12511705,1.219566666666667,19.252966666666683,0.05,104.12511705,honest,honest,83.65258371666665
8505,85.4048136,0.4465333333333333,15.937566666666669,0.05,85.4048136,honest,honest,69.0207136
8506,104.139450175,3.659655333333333,16.626266666666698,0.05,104.139450175,honest,honest,83.85352817499997
8507,106.072355225,20.817244,14.743566666666649,0.05,106.072355225,honest,honest,70.51154455833336
8508,104.272191425,184.51373266666667,12.701633333333364,0.2875,104.272191425,honest,honest,0.0
8509,85.45599615,171.050054666666,12.99296666666672,0.2875,40.330996150000004,honest,hide_information,0.0
8510,85.45192435000001,127.33871333333316,12.61313333333337,0.2875,40.32692435000001,honest,hide_information,0.0
8511,85.41459680000001,86.75433300000002,14.25083333333334,0.2875,40.28959680000001,honest,hide_information,0.0
8512,111.9275339,0.1210333333333333,13.310733333333316,0.05,66.8025339,honest,honest,53.37076723333335
8513,114.593600825,4.723,14.343599999999972,0.05,114.593600825,honest,honest,95.52700082500002
8514,114.61501650000001,0.5830666666666666,12.82776666666662,0.05,114.61501650000001,honest,honest,101.20418316666672
8515,96.216622925,0.2032,15.526133333333291,0.05,96.216622925,honest,honest,80.48728959166671
8516,96.169935525,1.6051333333333333,17.91456666666666,0.05,96.169935525,honest,honest,76.650235525
8517,95.9912641,0.1771553333333333,18.13106666666668,0.05,95.9912641,honest,honest,77.68304209999998
8518,95.71669312499999,0.561722,17.327399999999994,0.05,95.71669312499999,honest,honest,77.82757112499999
8519,97.73964465,0.1393776666666666,15.339033333333395,0.05,97.73964465,honest,honest,82.26123364999994
8520,55.838215475000005,0.0,14.735466666666673,0.05,55.838215475000005,honest,honest,41.10274880833333
8521,36.589964949999995,0.0,13.608700000000027,0.05,36.589964949999995,honest,honest,22.981264949999968
8522,36.639241175,0.0,11.549933333333374,0.05,36.639241175,honest,honest,25.089307841666628
8523,36.66477415,0.0,11.37023333333329,0.05,36.66477415,honest,honest,25.29454081666671
8524,38.32760105,0.0,11.68976666666664,0.05,38.32760105,honest,honest,26.637834383333356
8525,57.4009651,0.0,19.621266666666653,0.05,57.4009651,hide_information,honest,37.77969843333335
8526,96.592311325,0.0,17.225533333333324,0.05,96.592311325,honest,honest,79.36677799166668
8527,112.05623127499999,0.0,17.55909999999996,0.05,112.05623127499999,honest,honest,94.49713127500003
8528,104.13007817500001,0.0,23.614966666666664,0.05,104.13007817500001,honest,honest,80.51511150833335
8529,85.41022017499999,2.128333,22.76963333333336,0.05,85.41022017499999,honest,honest,60.512253841666634
8530,104.14833610000001,6.862755000000001,16.60603333333333,0.05,104.14833610000001,honest,honest,80.67954776666667
8531,106.067843725,12.310955666666668,21.161466666666747,0.05,106.067843725,honest,honest,72.59542139166659
8532,104.26816105,50.566534,21.864033333333257,0.05,104.26816105,honest,honest,31.837593716666746
8533,85.461713725,133.35885766666715,33.24073333333331,0.2875,85.461713725,honest,honest,0.0
8534,85.457868375,268.16511366666697,41.89516666666656,0.2875,40.332868375000004,honest,hide_information,0.0
8535,85.42034625,79.1631996666668,45.7370999999998,0.2875,40.295346249999994,honest,hide_information,0.0
8536,111.94292915,3.3000006666666666,47.56253333333352,0.05,66.81792915,honest,honest,15.95539514999981
8537,114.6027344,0.2642666666666666,48.07940000000006,0.05,114.6027344,honest,honest,66.25906773333328
8538,114.6254869,0.4793776666666667,50.86663333333328,0.05,114.6254869,honest,honest,63.27947590000005
8539,95.87271147499999,3.591833333333333,49.69453333333318,0.05,95.87271147499999,honest,honest,42.58634480833347
8540,95.847332825,0.1633333333333333,47.81883333333326,0.05,95.847332825,honest,honest,47.8651661583334
8541,95.74446359999999,0.4479333333333333,46.85939999999989,0.05,95.74446359999999,honest,honest,48.43713026666677
8542,95.7252,0.6055556666666666,45.846566666666746,0.05,95.7252,honest,honest,49.27307766666659
8543,97.7461419,0.0,43.13926666666659,0.05,97.7461419,honest,honest,54.606875233333405
8544,55.84805539999999,0.8322666666666667,40.436866666666646,0.05,55.84805539999999,honest,honest,14.578922066666678
8545,36.606770974999996,0.0,34.533633333333334,0.09921042750000002,36.606770974999996,honest,hide_information,12.433227641666665
8546,36.6616157,0.0,33.80560000000002,0.08084633624375011,27.311634474999998,honest,honest,0.0
8547,36.6941642,0.0,27.83256666666674,0.05,30.833360313687482,honest,honest,3.0007936470207426
8548,37.072670849999994,0.0,22.81340000000004,0.05,37.072670849999994,honest,honest,14.259270849999954
8549,56.142567850000006,0.0,22.86906666666661,0.05,56.142567850000006,honest,honest,33.273501183333394
8550,96.033900475,0.0,21.126999999999946,0.05,96.033900475,honest,honest,74.90690047500004
8551,112.050834625,0.0,20.70349999999992,0.05,112.050834625,honest,honest,91.34733462500007
8552,104.12730675,0.4177776666666666,19.054033333333315,0.05,104.12730675,honest,honest,84.65549575000003
8553,85.4235896,0.0122223333333333,19.560033333333376,0.05,85.4235896,honest,honest,65.8513339333333
8554,104.16105737500001,1.2709446666666664,16.40433333333333,0.05,104.16105737500001,honest,honest,86.48577937500002
8555,106.069429175,132.86853566666662,15.569700000000024,0.2512518308354165,106.069429175,honest,honest,0.0
8556,104.26782834999999,281.9127513333343,14.210166666666712,0.2875,66.02998049127085,honest,honest,0.0
8557,85.459094475,210.54993266666668,15.42710000000002,0.2875,40.334094475,honest,hide_information,0.0
8558,85.459809175,124.7292356666662,11.20910000000004,0.2875,40.334809175000004,honest,hide_information,0.0
8559,85.42852322499999,10.703667333333406,10.357733333333355,0.06475977000000004,40.30352322499999,honest,hide_information,22.349442558333237
8560,111.94770587500001,0.6177779999999999,8.854700000000022,0.05,109.143349575,honest,honest,99.67087157499998
8561,114.6027689,0.0244446666666666,8.540566666666658,0.05,114.6027689,honest,honest,106.03775756666667
8562,114.6213271,0.0,12.983033333333385,0.05,114.6213271,honest,honest,101.63829376666662
8563,96.22970690000001,0.0,23.35489999999997,0.05,96.22970690000001,honest,honest,72.87480690000004
8564,96.1819974,0.703211,40.96463333333335,0.05,96.1819974,honest,honest,54.514153066666644
8565,96.002383125,0.0,47.26516666666665,0.05,96.002383125,honest,honest,48.73721645833334
8566,95.725988675,0.0,46.61349999999979,0.05,95.725988675,honest,honest,49.11248867500021
8567,97.745924025,0.0,52.28346666666678,0.05,97.745924025,honest,honest,45.46245735833321
8568,55.8540618,0.0,67.19283333333327,0.10385916478333304,55.8540618,honest,honest,0.0
8569,36.6277025,0.0,67.56123333333326,0.24554216767529108,26.39446119116672,honest,honest,0.0
8570,36.681028975,0.0,75.93706666666665,0.289984120438449,0.0,honest,honest,0.0
8571,36.709104875,0.97,80.7120333333332,0.3342783053068701,0.0,honest,honest,0.0
8572,37.084313725,1.1184333333333332,85.81116666666702,0.3765977067542385,0.0,honest,honest,0.0
8573,56.147690350000005,0.0,89.3084000000003,0.3509398120173964,6.147690350000005,honest,honest,0.0
8574,96.038562325,1.6094443333333333,84.5649666666668,0.2784271984868049,46.038562325,hide_information,honest,0.0
8575,112.057206025,0.0,85.06639999999999,0.1279492180155914,68.65603831250706,hide_information,honest,0.0
8576,104.13363177500001,0.0,87.18643333333334,0.05000000000000002,89.32328035203764,honest,honest,2.1368470187043016
8577,85.406566275,0.0,81.57336666666689,0.05,85.406566275,honest,honest,3.8331996083331177
8578,104.1661485,2.178722333333333,88.61483333333338,0.05,104.1661485,honest,honest,13.372592833333286
8579,106.0781963,17.18283333333333,85.96783333333315,0.05,106.0781963,honest,honest,2.9275296333335206
8580,104.272100225,29.337555333333334,86.59043333333351,0.10536547009791745,104.272100225,honest,honest,0.0
8581,85.45770987499999,16.736444666666664,90.07066666666685,0.20137699369045475,74.93827055639568,honest,honest,0.0
8582,85.456108025,22.66974399999999,91.25176666666688,0.2875,56.6944792238136,hide_information,honest,0.0
8583,85.41881294999999,1.9841333333333333,92.0132666666665,0.2875,40.29381294999999,honest,honest,0.0
8584,111.94216005,0.2794666666666666,91.68320000000006,0.1694411564291669,66.81716005,honest,honest,0.0
8585,114.60298085,0.0,92.26266666666636,0.0516791513064884,91.90916112845828,honest,honest,0.0
8586,114.60971535,0.310544,86.59756666666662,0.05,114.2906766017672,honest,honest,27.382565935100587
8587,96.2201754,0.5069666666666667,87.29656666666651,0.05,96.2201754,honest,honest,8.416642066666824
8588,96.174453825,0.0,87.55139999999994,0.05,96.174453825,honest,honest,8.623053825000056
8589,95.99442027500001,0.1738333333333333,81.58963333333332,0.05,95.99442027500001,honest,honest,14.230953608333351
8590,95.71901255,0.0,75.5550333333333,0.05,95.71901255,honest,honest,20.163979216666704
8591,97.74183539999999,0.3833333333333333,72.43476666666658,0.05,97.74183539999999,honest,honest,24.92373540000007
8592,55.84267745,0.0,80.04589999999997,0.1649653071124999,55.84267745,hide_information,honest,0.0
8593,36.5917431,0.0,82.39539999999992,0.2875,14.748334748625023,honest,honest,0.0
8594,36.63931015,0.0,81.4381666666663,0.3321615255263157,0.0,honest,honest,0.0
8595,36.670146474999996,0.0,79.79849999999972,0.3766607546052631,0.0,honest,honest,0.0
8596,37.046795925,0.5666666666666667,79.94069999999981,0.41917761815789467,0.0,honest,honest,0.0
8597,56.12827420000001,0.0,79.64830000000002,0.39351972342105257,6.128274200000007,honest,honest,0.0
8598,96.0215554,0.0,77.86686666666641,0.28162705720087594,46.0215554,hide_information,honest,0.0
8599,112.02929089999999,0.0,78.85333333333308,0.10145762068212272,68.02015003183357,honest,honest,0.0
8600,104.104489425,0.0,79.3593000000002,0.05000000000000001,94.32754149539669,honest,honest,14.968241495396484
8601,85.38354724999999,2.2184666666666666,77.01630000000017,0.05,85.38354724999999,honest,honest,6.148780583333149
8602,104.1314672,8.393644666666669,70.7085000000001,0.06196094365000006,104.1314672,hide_information,honest,27.54741593333324
8603,106.05890455000001,6.987799666666665,75.28689999999987,0.05995761452499995,103.78632525649999,hide_information,honest,23.607965489833447
8604,104.2581115,21.15365566666667,68.32680000000003,0.08014395932500001,102.36616474025001,hide_information,honest,19.231805773583318
8605,85.440029025,4.211333333333334,68.52766666666666,0.05600114999999996,79.71267675325,hide_information,honest,8.237076753249994
8606,85.440454075,9.840100333333336,63.39226666666669,0.06402214297500002,84.30023557500002,hide_information,honest,14.019898674999993
8607,85.4096299,3.273622666666666,61.00553333333335,0.05466491230000002,82.74542273475,hide_information,honest,19.448353534749984
8608,111.920673725,0.2239666666666666,55.11050000000007,0.05,111.034340388,honest,honest,55.69987372133326
8609,114.58117209999999,0.0,51.58463333333317,0.05,114.58117209999999,honest,honest,62.996538766666816
8610,114.59311305,0.8915333333333333,63.98616666666665,0.05,114.59311305,honest,honest,49.71541305000002
8611,96.20334120000001,0.3437333333333334,53.34080000000007,0.05,96.20334120000001,honest,honest,42.518807866666606
8612,96.158469975,0.597011,54.75219999999999,0.05,96.158469975,honest,honest,40.80925897500001
8613,95.98555955,0.0,54.38939999999984,0.05,95.98555955,honest,honest,41.596159550000166
8614,95.715040225,0.0,55.77213333333328,0.05,95.715040225,honest,honest,39.942906891666716
8615,97.740889225,1.3839,49.86196666666662,0.05,97.740889225,honest,honest,46.49502255833339
8616,55.846784375,0.0,66.72253333333312,0.10165980755208232,55.846784375,honest,honest,0.0
8617,36.6179418,0.0,66.33119999999991,0.23776095276575387,26.80257836510436,honest,honest,0.0
8618,36.6765878,0.0,69.72686666666661,0.2875,1.0020067745067607,honest,honest,0.0
8619,36.710754075,0.0,75.97693333333326,0.33178550486842107,0.0,honest,honest,0.0
8620,38.375814875,0.0,77.25526666666644,0.36730753184210524,0.0,honest,honest,0.0
8621,57.42172685,0.0,73.83299999999967,0.34164963710526314,7.421726849999999,honest,honest,0.0
8622,96.615603475,3.1983333333333333,47.27663333333332,0.09682371752883764,46.615603475,honest,honest,0.0
8623,112.08389925,0.0,57.11586666666685,0.05,103.18739291952085,honest,honest,46.071526252854
8624,104.15168075,0.0,55.21203333333331,0.05,104.15168075,honest,honest,48.93964741666669
8625,85.429760125,1.4385666666666668,47.94170000000016,0.05,85.429760125,honest,honest,36.049493458333174
8626,104.16523742500002,4.281333333333333,46.34910000000024,0.05,104.16523742500002,honest,honest,53.53480409166644
8627,106.08558125,93.94320000000008,45.3347999999999,0.20766398906249983,106.08558125,honest,honest,0.0
8628,104.285826275,874.1981246666642,43.43579999999995,0.2875,74.32966835312504,honest,honest,0.0
8629,85.47873832500001,760.9012333333329,41.59386666666658,0.2875,40.35373832500001,honest,hide_information,0.0
8630,85.47315825,489.981157666668,35.06269999999993,0.2875,40.34815825,honest,hide_information,0.0
8631,85.43867595,35.128573999999986,31.923666666666783,0.1770081824041671,40.313675950000004,honest,hide_information,0.0
8632,109.3135751,3.728822,25.49523333333333,0.05,85.18202044320824,honest,honest,55.95796510987491
8633,114.61431765,0.0,25.415733333333268,0.05,114.61431765,honest,honest,89.19858431666674
8634,114.63350417499998,0.2237556666666666,32.99223333333334,0.05,114.63350417499998,honest,honest,81.41751517499998
8635,95.87776855,0.0122223333333333,22.051133333333407,0.05,95.87776855,honest,honest,73.81441288333326
8636,95.85275295000001,0.0,22.2325000000001,0.05,95.85275295000001,honest,honest,73.62025294999991
8637,95.75145900000001,0.0,22.745933333333383,0.05,95.75145900000001,honest,honest,73.00552566666663
8638,95.72832697500002,0.0,25.310466666666745,0.05,95.72832697500002,honest,honest,70.41786030833327
8639,97.75019139999999,0.5006666666666666,34.67803333333339,0.05,97.75019139999999,honest,honest,62.571491399999935
8640,55.850318225,0.0,33.401800000000115,0.05,55.850318225,honest,honest,22.448518224999887
8641,36.60622725,0.0122333333333333,29.08673333333343,0.09144859500000015,36.60622725,honest,hide_information,16.23328058333327
8642,36.66017985,0.0,28.21856666666678,0.05000000000000001,28.78494679999997,honest,honest,0.5663801333331904
8643,36.692144400000004,0.0,29.27336666666659,0.09171454749999991,36.692144400000004,honest,hide_information,16.200787733333392
8644,37.0677943,0.0122333333333333,30.26353333333341,0.055385247860416945,29.14203027500002,honest,honest,0.0
8645,56.123433825,0.0,29.77596666666657,0.05,55.10023673152078,honest,honest,25.32427006485421
8646,96.03014979999999,0.0122333333333333,30.68166666666663,0.05,96.03014979999999,honest,honest,65.33624980000002
8647,112.06050345,0.7033333333333334,32.4390333333333,0.05,112.06050345,honest,honest,78.91813678333337
8648,104.131368625,0.0,28.74069999999993,0.05,104.131368625,honest,honest,75.39066862500006
8649,85.40825245,0.0366,29.667699999999996,0.05,85.40825245,honest,honest,55.70395245000001
8650,104.138127,6.778123000000003,28.06970000000001,0.05,104.138127,honest,honest,69.29030399999999
8651,106.0757586,47.09545366666666,22.622866666666688,0.05,106.0757586,honest,honest,36.35743826666666
8652,104.275519575,26.864591,23.44260000000006,0.05,104.275519575,honest,honest,53.968328574999944
8653,85.4539242,60.83239233333331,20.9956,0.05,85.4539242,honest,honest,3.62593186666669
8654,85.4490051,12.092516000000035,22.94430000000005,0.05,85.4490051,honest,honest,50.41218909999991
8655,85.41789592500001,5.948079,22.42743333333325,0.05,85.41789592500001,honest,honest,57.04238359166676
8656,109.279778575,3.6518666666666673,20.87179999999997,0.05,109.279778575,honest,honest,84.75611190833337
8657,114.5925249,0.0121333333333333,21.415066666666632,0.05,114.5925249,honest,honest,93.16532490000003
8658,114.60975845,0.5062776666666667,19.89416666666667,0.05,114.60975845,honest,honest,94.20931411666666
8659,96.213469475,1.1017556666666666,21.884133333333374,0.05,96.213469475,honest,honest,73.22758047499995
8660,96.167054025,2.303189,22.488466666666707,0.05,96.167054025,honest,honest,71.37539835833329
8661,95.98861,0.3980999999999999,22.00513333333342,0.05,95.98861,honest,honest,73.58537666666658
8662,95.712525575,0.0,23.28343333333341,0.05,95.712525575,honest,honest,72.4290922416666
8663,97.7358176,0.5070666666666667,22.422833333333376,0.05,97.7358176,honest,honest,74.80591759999996
8664,55.83394755,0.0,21.658366666666613,0.05,55.83394755,honest,honest,34.17558088333338
8665,36.572809575,0.0247666666666666,20.92076666666665,0.07981209249999999,36.572809575,honest,hide_information,21.90350624166668
8666,36.619062225,0.0,21.071266666666755,0.08002655500000014,30.954764650000005,honest,hide_information,16.204877983333276
8667,36.64927995,0.0,20.798700000000075,0.05,30.944234499999975,honest,honest,10.1455344999999
8668,37.02427145,0.0,21.411833333333384,0.08051186250000009,37.02427145,honest,hide_information,22.035988116666633
8669,56.108358975,0.0,20.346400000000035,0.05,50.311105099999985,honest,honest,29.96470509999995
8670,96.0108606,0.0,23.382266666666727,0.05,96.0108606,honest,honest,72.62859393333328
8671,112.03974695,0.0,22.1893333333334,0.05,112.03974695,honest,honest,89.8504136166666
8672,104.1127793,0.0,23.394433333333385,0.05,104.1127793,honest,honest,80.71834596666662
8673,85.39689750000001,1.1488556666666667,20.056866666666615,0.05,85.39689750000001,honest,honest,64.19117516666672
8674,104.12969065,5.016221999999999,22.82680000000002,0.05,104.12969065,honest,honest,76.28666864999998
8675,106.067260525,114.5981496666664,19.06090000000006,0.1810609984229158,106.067260525,honest,honest,0.0
8676,104.2745807,190.6366416666673,21.24463333333328,0.2875,79.372990999646,honest,honest,0.0
8677,85.45883529999999,242.0176636666672,23.07510000000007,0.2875,40.33383529999999,honest,hide_information,0.0
8678,85.451766725,170.6874456666666,31.866866666666716,0.2875,40.326766725,honest,hide_information,0.0
8679,85.420203525,127.64007399999996,37.98480000000007,0.2875,40.295203525000005,honest,hide_information,0.0
8680,109.29246407500001,0.2659666666666667,28.71916666666656,0.05,64.16746407500001,honest,honest,35.18233074166679
8681,114.60444355,0.0093,29.486866666666717,0.05,114.60444355,honest,honest,85.10827688333328
8682,114.62294659999999,0.0654,33.36043333333331,0.05,114.62294659999999,honest,honest,81.19711326666669
8683,96.22681399999999,0.0,33.47783333333334,0.05,96.22681399999999,honest,honest,62.74898066666665
8684,96.176248125,0.7094666666666667,32.449000000000005,0.05,96.176248125,honest,honest,63.01778145833333
8685,95.99535767500001,0.0,34.75416666666663,0.05,95.99535767500001,honest,honest,61.24119100833338
8686,95.717943875,0.0,40.63150000000002,0.05,95.717943875,honest,honest,55.086443874999986
8687,97.74105047500001,0.0,42.02649999999999,0.05,97.74105047500001,honest,honest,55.71455047500002
8688,55.84285245,0.0,43.25430000000007,0.05,55.84285245,honest,honest,12.58855244999993
8689,36.5948056,0.0,42.74190000000012,0.11090720750000019,36.5948056,honest,hide_information,6.675475599999917
8690,36.648176174999996,0.0,45.85199999999992,0.14868691793749977,25.075806749999963,honest,honest,0.0
8691,36.68032245,0.0,47.30213333333346,0.18951854513442745,17.92980804187504,honest,honest,0.0
8692,38.346898475,0.0,47.70296666666677,0.22035681089423792,11.838374899458785,honest,honest,0.0
8693,57.412159425,0.0,50.62483333333349,0.17150722289663384,25.04436535509479,honest,honest,0.0
8694,96.604668875,0.0,54.05843333333327,0.05,73.51829652463957,honest,honest,19.459863191306297
8695,112.074540025,0.0,61.34993333333303,0.05,112.074540025,honest,honest,50.72460669166698
8696,104.146289425,0.0244446666666666,66.0469666666666,0.05,104.146289425,honest,honest,38.07487809166673
8697,85.42349195,0.0122223333333333,77.22893333333326,0.05,85.42349195,honest,honest,8.182336283333413
8698,104.161980525,4.099744666666666,79.81226666666672,0.05,104.161980525,honest,honest,20.249969191666622
8699,106.072918725,13.853655666666674,82.93206666666688,0.05,106.072918725,honest,honest,9.287196391666441
8700,104.28196377500001,81.35676833333335,82.89200000000021,0.2875,104.28196377500001,honest,honest,0.0
8701,85.47563785,155.64358933333278,79.78639999999983,0.2875,40.35063785,honest,hide_information,0.0
8702,85.475257925,60.77948033333337,74.43429999999972,0.2875,40.350257924999994,honest,hide_information,0.0
8703,85.43994075,7.278711333333333,75.16930000000025,0.25013208527083447,40.314940750000005,honest,hide_information,0.0
8704,109.321408325,0.2761333333333333,67.20300000000003,0.05,71.29631212354144,honest,honest,3.817178790208075
8705,114.62662895,0.7192666666666667,71.34546666666685,0.05,114.62662895,honest,honest,42.561895616666476
8706,114.649526375,0.1155556666666666,72.05523333333353,0.05,114.649526375,honest,honest,42.478737374999795
8707,95.89857227499999,0.4682,71.05656666666681,0.05,95.89857227499999,honest,honest,24.373805608333186
8708,95.877327375,1.0853333333333337,70.36016666666696,0.05,95.877327375,honest,honest,24.4318273749997
8709,95.77463987499999,0.0,70.88236666666658,0.05,95.77463987499999,honest,honest,24.892273208333407
8710,95.750071375,1.7876,57.8317,0.05,95.750071375,honest,honest,36.13077137500001
8711,97.7635407,0.0,67.43083333333344,0.05,97.7635407,honest,honest,30.332707366666554
8712,55.85785305,0.0,70.40596666666691,0.11910353967916783,55.85785305,honest,honest,0.0
8713,36.6191951,0.0,61.0753000000001,0.22853244283544943,23.489522560958115,honest,honest,0.0
8714,36.674190625,0.0,70.69623333333347,0.2875,2.753026486264609,honest,honest,0.0
8715,36.7039293,0.0,65.12120000000007,0.33182142473684206,0.0,honest,honest,0.0
8716,37.081583475,0.0,72.64913333333354,0.37415519592105256,0.0,honest,honest,0.0
8717,56.14779622500001,0.0,71.49289999999985,0.34849730118421046,6.1477962250000076,honest,honest,0.0
8718,96.04280617500001,0.0,67.68223333333306,0.18812668544945035,46.04280617500001,honest,honest,0.0
8719,112.0626622,0.0,61.59329999999991,0.05000000000000002,85.81859196460445,honest,honest,24.225291964604544
8720,104.13889395,0.0,59.61056666666682,0.05,104.13889395,honest,honest,44.52832728333318
8721,85.43174215,0.0,57.81469999999992,0.05,85.43174215,honest,honest,27.61704215000009
8722,104.176064225,1.3075223333333337,54.66996666666672,0.05,104.176064225,honest,honest,48.198575224999956
8723,106.09150675000001,9.744822333333335,47.01676666666656,0.05,106.09150675000001,honest,honest,49.32991775000011
8724,104.29881262500001,4.132167,51.28226666666641,0.05,104.29881262500001,honest,honest,48.8843789583336
8725,85.4903727,18.825901000000005,49.90993333333319,0.05,85.4903727,honest,honest,16.754538366666793
8726,85.49174145,18.340966333333338,44.08559999999986,0.05,85.49174145,honest,honest,23.065175116666808
8727,85.4634171,3.513044666666666,37.74433333333342,0.05,85.4634171,honest,honest,44.20603909999991
8728,109.34649027500001,0.3877333333333333,31.66003333333337,0.05,109.34649027500001,honest,honest,77.2987236083333
8729,114.63666144999999,0.4500553333333333,42.97026666666668,0.05,114.63666144999999,honest,honest,71.21633944999998
8730,114.662807175,0.0444443333333333,34.04933333333335,0.05,114.662807175,honest,honest,80.56902950833332
8731,96.271128475,2.0534886666666665,44.80076666666662,0.05,96.271128475,honest,honest,49.41687314166671
8732,96.224876275,2.0492443333333337,39.36289999999988,0.05,96.224876275,honest,honest,54.81273194166678
8733,96.045481975,0.1988,40.88866666666676,0.05,96.045481975,honest,honest,54.958015308333245
8734,95.77015709999999,0.0,44.47116666666665,0.05,95.77015709999999,honest,honest,51.298990433333344
8735,97.78615565000001,2.897844333333333,36.48693333333333,0.05,97.78615565000001,honest,honest,58.40137798333335
8736,55.880862425000004,0.0,61.18883333333342,0.07521286181458373,55.880862425000004,honest,honest,0.0
8737,36.6510535,4.792033333333333,59.45766666666642,0.20384817866266064,31.860609755229095,honest,hide_information,0.0
8738,36.7102101,0.0,67.92583333333346,0.2875,7.479056154094476,honest,honest,0.0
8739,36.743276975,0.0,75.97823333333307,0.3316143317105263,0.0,honest,honest,0.0
8740,37.121371375,0.0,85.14366666666673,0.3737386928947368,0.0,honest,honest,0.0
8741,56.169253475,0.0,87.36863333333349,0.3480807981578947,6.169253474999998,honest,honest,0.0
8742,96.07251292500001,0.0,78.92090000000007,0.24095274202730294,46.07251292500001,honest,honest,0.0
8743,112.09352064999999,0.1109999999999999,88.62529999999983,0.11138805159214013,75.81249966481244,honest,honest,0.0
8744,104.16700112499998,2.3549,89.56250000000038,0.05,92.50327132249336,honest,honest,0.5858713224929772
8745,85.4419557,5.425333333333333,87.27553333333341,0.08447982709166704,85.4419557,honest,honest,0.0
8746,104.197751325,14.045189,89.29570000000007,0.07704794790647979,97.64658417758326,honest,honest,0.0
8747,106.102213375,188.3054233333338,90.0955999999998,0.2875,100.96310327276885,honest,honest,0.0
8748,104.30017415,805.6699683333353,90.36799999999972,0.2875,59.175174150000004,honest,honest,0.0
8749,85.49217687500001,434.14761066666574,86.68859999999975,0.2875,40.36717687500001,honest,hide_information,0.0
8750,85.49088015000001,331.2860763333333,89.56830000000012,0.2875,40.36588015000001,honest,hide_information,0.0
8751,85.455255375,224.87547799999984,86.94569999999982,0.2875,40.33025537499999,honest,hide_information,0.0
8752,109.3379488,29.31445566666667,84.05436666666687,0.28349039928333425,64.2129488,honest,honest,0.0
8753,114.6380387,13.346166666666669,75.44833333333354,0.13796827652821012,70.27486283616649,honest,honest,0.0
8754,114.6445627,2.607766666666667,81.62036666666651,0.05,97.93059015964008,honest,honest,13.7024568263069
8755,96.25593827499999,7.164811000000001,82.74666666666687,0.05,96.25593827499999,honest,honest,6.344460608333122
8756,96.21181135,6.230843999999999,86.6488333333331,0.05,96.21181135,honest,honest,3.332134016666899
8757,96.0314621,2.2560333333333333,85.24119999999985,0.05,96.0314621,honest,honest,8.534228766666814
8758,95.752790775,0.6231333333333333,89.41469999999974,0.05,95.752790775,honest,honest,5.714957441666925
