episode,solar_reward,wind_reward,total_reward,solar_q_mean,wind_q_mean,battery_soc_mean,grid_purchased_kwh,solar_honest,solar_hide,solar_deception,wind_honest,wind_hide,wind_deception
1,-126678.59678344511,13843.752320244896,-112834.84446320022,6.0450724487538,6.604834725904957,0.05524855919095498,161912.32963417203,2947,2947,2865,2975,2869,2915
2,-133274.55655554208,13780.171551103573,-119494.3850044385,9.340697128135918,9.552207659265541,0.05508808253225229,162258.71878864826,2940,2908,2911,2927,2937,2895
3,-124064.95881582948,13690.799219728526,-110374.15959610096,10.595320112118047,10.455729364564498,0.055114291309522605,161846.60576501506,2935,2938,2886,2898,2994,2867
4,-130087.78811307707,13446.464348899628,-116641.32376417745,10.831268659665744,11.246798794492323,0.055082026440494224,162107.7066507575,2915,2912,2932,2877,2870,3012
5,-133093.87022656112,13329.946720813901,-119763.92350574723,11.565125646683883,11.435589604927719,0.055016610988093045,161663.77537060087,2923,2909,2927,2931,2918,2910
6,-121819.29261658856,13587.096556584478,-108232.19606000408,12.068224906315951,11.799465536007041,0.05499566515472614,161954.0592807546,2916,2944,2899,2969,2933,2857
7,-126061.82087719762,13887.888131049693,-112173.93274614793,11.859798484824092,12.305588308759916,0.05513542085777217,162103.9450899698,2948,2926,2885,2939,2844,2976
8,-131079.66514929675,13569.828838311087,-117509.83631098566,11.72739156591811,12.050670473920704,0.05518850128954798,162684.46658162057,2950,2873,2936,2978,2827,2954
9,-124431.38911847478,14077.676766677685,-110353.71235179709,12.026856248779218,12.531440902529367,0.054991255727388576,162301.17205870783,2973,2941,2845,2934,2974,2851
10,-132308.0743453582,13823.08845616398,-118484.98588919423,12.288706689093372,12.315654444958664,0.05510823559935311,162075.13711286124,2878,2879,3002,2925,2979,2855
11,-130809.21384094129,14031.767314301282,-116777.44652664001,12.353343629553201,12.680109755715533,0.05513560095396592,161894.35468850695,2930,2981,2848,3021,2889,2849
12,-130973.30548114514,13705.90959925753,-117267.39588188761,12.1600250834973,12.750685381299796,0.054984723662145386,161524.33111267802,2942,2933,2884,2976,2851,2932
13,-128924.62240923064,13612.295512627416,-115312.32689660322,12.105521906165233,12.943191854102988,0.055109609575408586,162225.62639809784,2930,2916,2913,2921,2886,2952
14,-143640.46693553714,14055.852883373822,-129584.61405216332,12.23066713519646,13.274204668731686,0.05509125158000266,162304.31932965273,2934,2831,2994,2930,3019,2810
15,-129343.40804035623,13832.99417541665,-115510.41386493958,12.16268417279753,13.25700219592297,0.054988919974183814,161818.97331146372,2882,2958,2919,3007,2883,2869
16,-122880.54678001339,13799.481791169115,-109081.06498884427,12.212476566366854,13.138754957820085,0.05515595125160014,162644.62448914308,2899,3016,2844,2950,2908,2901
17,-135530.31639595944,14282.005799741994,-121248.31059621744,12.190461615505837,12.842872650219375,0.055039755435475034,161859.59565463554,2909,2933,2917,3005,2933,2821
18,-126254.85341957644,13639.179499797556,-112615.67391977888,12.518328670277237,12.826909201208448,0.05508599733858366,162203.46986017382,2840,2998,2921,3000,2843,2916
19,-134841.4803762467,13784.258549583888,-121057.22182666282,11.996454992813996,12.901732553772513,0.055159684725266514,162232.01500559982,2880,2929,2950,2906,2928,2925
20,-133228.87387045458,13926.0796696734,-119302.79420078118,12.487026173966099,12.852216325412092,0.05502807525272442,162127.13654844757,3004,2868,2887,2925,2957,2877
21,-127504.31891171116,14391.608379915477,-113112.71053179569,12.060184967353788,12.981206713995135,0.055061563031703065,161881.84157506799,2976,2893,2890,3037,2865,2857
22,-130003.96910866041,13935.928816299915,-116068.0402923605,12.200963810191364,12.964260178180075,0.05509439346740376,162182.46818181418,2916,2944,2899,2975,2929,2855
23,-124223.55571158725,14007.653149911017,-110215.90256167624,12.08508072410673,12.879634006988917,0.05511221667286474,162074.02188837895,2933,2944,2882,2999,2884,2876
24,-125508.20368714529,14082.470250595865,-111425.73343654942,12.985192754665919,12.870760628866902,0.055081912499283285,162198.29119655336,2878,2933,2948,3002,2905,2852
25,-134114.4354941157,14057.920606946136,-120056.51488716956,12.580626438200271,12.913567973121577,0.054953589835677566,162252.42034160293,2918,2915,2926,3027,2893,2839
26,-136634.14380874776,14024.63738706933,-122609.50642167842,13.05582629290613,12.880476108763066,0.05494395815064081,161685.37058787255,2919,2895,2945,2992,2953,2814
27,-132962.52392175622,14305.196410565852,-118657.32751119036,12.521452780244,13.325330174229912,0.05504473617134473,161710.40989024244,2910,2933,2916,3041,2897,2821
28,-135433.78290333675,13834.910500115137,-121598.87240322161,12.28454283076312,13.401187398215704,0.054940594024895976,162137.30261524674,2966,2874,2919,2943,2916,2900
29,-125726.86605537537,13593.6714775134,-112133.19457786197,12.19007458804965,12.977525327179984,0.05499356368424882,162145.52266053602,2934,2879,2946,2921,3000,2838
30,-122563.92392159103,14194.45336896695,-108369.47055262409,12.314509896505227,12.971215705464221,0.055121590821760214,162082.00774512734,2911,2987,2861,2964,2954,2841
31,-136151.2872495473,14164.141524676246,-121987.14572487106,12.360401944494562,13.019579169049546,0.055019513584434895,161955.24243477383,2899,2915,2945,3001,2891,2867
32,-121477.05157519018,14192.811039332853,-107284.24053585733,12.342547050843226,13.397066502895047,0.05521518866439093,162095.2089766695,2989,2948,2822,2972,2914,2873
33,-123212.12955138535,13701.052048870799,-109511.07750251456,12.33363794840727,13.296256189983836,0.05500944899021936,162059.0675948286,3001,2874,2884,2998,2879,2882
34,-125849.16425342666,14325.293517025495,-111523.87073640116,12.48460146125463,13.23956041646505,0.05494001984120902,161928.5529555187,2985,2893,2881,3053,2876,2830
35,-110175.01326390989,14085.139681226916,-96089.87358268298,11.606973377930867,12.935885677801071,0.05515956602423949,162334.6615949494,3086,2990,2683,3052,2828,2879
36,-120661.73722059214,14159.98073135556,-106501.75648923658,12.127904180838637,12.996797175904675,0.054973473822160085,161932.53506223875,2979,2925,2855,2998,2876,2885
37,-131630.94010594502,14438.31041690516,-117192.62968903985,12.836619079724445,13.311529513988816,0.05508332885419075,161793.98004027046,2982,2901,2876,3068,2847,2844
38,-117423.21970483787,14592.97115513902,-102830.24854969885,13.17613730467578,13.248725548182827,0.05500404778622174,161818.33069184053,2941,2927,2891,3062,2934,2763
39,-120255.65498163141,13907.398690869857,-106348.25629076155,13.18778202436487,12.892960620227734,0.05505209120886953,161776.78746232472,3001,2889,2869,3060,2889,2810
40,-133199.5642138922,14142.530389974378,-119057.03382391784,12.318937990056806,13.016356037674027,0.05494071660151237,161748.11216213283,2865,3007,2887,2999,2976,2784
41,-133282.80100609906,14349.681269387831,-118933.11973671123,12.389162940537117,12.899078253048005,0.05509511278597372,161915.62527795506,2956,2902,2901,3040,2893,2826
42,-126211.36532492295,14039.74922233882,-112171.61610258413,12.039686353390131,13.09763323286265,0.055051647116619876,162282.14054279326,3058,2903,2798,3082,2787,2890
43,-128576.87673400568,13955.725357494071,-114621.15137651161,12.42527358295473,13.287705682472291,0.05502166618376432,161873.4928719367,2882,2947,2930,3058,2832,2869
44,-123938.51238205332,14233.47115318303,-109705.0412288703,12.295478561795067,13.27425397686357,0.05491359709253868,161541.64199926506,2935,3046,2778,3079,2888,2792
45,-119253.29284603047,14308.243241279546,-104945.04960475092,12.237087708386484,13.501442116975545,0.05506679713140546,162157.21151638485,2997,2936,2826,3027,2855,2877
46,-133440.4788639626,14329.419852535073,-119111.05901142754,12.179411824261306,13.126196280001567,0.05511213756447358,161858.45738162802,2905,2901,2953,3161,2801,2797
47,-122100.09929422807,14286.582624025923,-107813.51667020215,12.047266832353959,13.410431575098436,0.05506008327565146,161979.89014541695,2971,2963,2825,3051,2849,2859
48,-113537.79680269214,14425.303345430044,-99112.4934572621,12.677015016087257,13.366699566497832,0.055115339618670725,162051.5699556324,2987,2932,2840,3104,2892,2763
49,-129999.07438538142,14246.570367513516,-115752.5040178679,12.65920316658784,13.601321990109472,0.05507666095075603,162018.06784969303,2912,2923,2924,3118,2800,2841
50,-120088.55864635584,13913.09716252597,-106175.46148382987,12.677168235355603,13.185825713408885,0.05498951210654704,162033.06441521624,2906,2970,2883,2968,2903,2888
51,-135329.57010652608,14105.951618497436,-121223.61848802865,12.340765173112239,13.155706995083355,0.05495697014769054,161787.74809279802,3019,2786,2954,3087,2850,2822
52,-124712.85660533282,14541.31055923592,-110171.5460460969,12.229767939401173,13.132661033729592,0.05512352584320372,162294.68620462093,2902,2982,2875,3087,2871,2801
53,-116033.0238673092,14305.372313978423,-101727.65155333077,12.516917047448263,13.216676010225713,0.05501013674061235,162229.4969173108,3040,2941,2778,3014,2886,2859
54,-120972.69861664555,14099.729608919777,-106872.96900772577,12.581960585975029,12.911001742690928,0.05509349271670176,162155.16257379935,3026,2878,2855,3097,2854,2808
55,-129304.92171567712,14541.932734948492,-114762.98898072862,12.61337623150994,13.180182920989441,0.05507480209373463,162083.18303631656,2936,2932,2891,3093,2957,2709
56,-127378.44353728087,14486.753463360059,-112891.6900739208,12.435540677829472,13.384500159487798,0.05508792081888467,162257.78929249325,2934,2967,2858,3060,2897,2802
57,-120212.5380857281,14876.565167767303,-105335.9729179608,12.585130726698928,13.263586146084087,0.054940426697989146,162019.36020036406,2950,2959,2850,3125,2945,2689
58,-121798.89580951887,14294.974415348717,-107503.92139417016,12.537525897379446,13.41262213402342,0.05500545225463857,161989.73637343277,3044,2898,2817,3036,2900,2823
59,-117474.88514497259,14570.119825099397,-102904.7653198732,12.639201902939593,13.358776137181993,0.05508239626661202,162241.46432213648,2948,2951,2860,3088,2883,2788
60,-124646.82959707697,14092.526640990962,-110554.302956086,12.484241232646472,13.412823128002325,0.055085607135023716,161500.28485639073,3026,2888,2845,3069,2903,2787
61,-124635.99351153185,13964.424558748642,-110671.56895278321,12.709435624933901,13.285057376177402,0.055030520760285896,161974.1444042009,3030,2907,2822,3016,2908,2835
62,-123223.04422640045,14068.588880780453,-109154.45534562,12.270150177841456,13.303390954540037,0.05495034974094433,161803.90213763737,2984,2907,2868,3057,2866,2836
63,-120143.04592945341,14500.619479069786,-105642.42645038362,12.584093863419195,13.606860749878761,0.05494283828650963,161771.97969819375,3022,2841,2896,3130,2849,2780
64,-129714.71840264255,14248.161900455778,-115466.55650218678,12.481507963958823,13.366478051624583,0.05492064015028784,161590.72123775881,2982,2852,2925,3062,2965,2732
65,-123757.20380163367,14500.75935187956,-109256.44444975411,12.579881248049167,13.491513484668516,0.055223011530410045,162515.6560435063,3047,2906,2806,3081,2889,2789
66,-126751.72995010742,14716.802214014791,-112034.92773609262,12.091331789663455,13.146506156028844,0.05501034757975052,162028.8504215556,2920,2986,2853,3133,2935,2691
67,-126064.05633803377,14138.25973253417,-111925.7966054996,11.875886869756554,13.456938956263372,0.05503895727961345,162438.55841150874,2950,2988,2821,3094,2835,2830
68,-118752.91866403523,14271.277981375057,-104481.64068266017,12.429954171034503,13.211680643636766,0.055149622450007055,162101.03791103463,3032,2944,2783,3110,2887,2762
69,-119134.6712234667,14150.166860690075,-104984.50436277663,12.72026363966516,12.973640094214986,0.0550696340608459,161918.7509351062,3003,2913,2843,3111,2854,2794
70,-109154.77628770997,14540.366759742667,-94614.4095279673,12.80911829396755,13.163841534305094,0.05509779236108762,162247.490477288,3049,2887,2823,3070,2931,2758
71,-114338.98654054839,14672.076397674156,-99666.91014287423,12.835856849746351,13.300741355026906,0.05495269784718777,161736.45289025255,3091,2951,2717,3163,2883,2713
72,-119949.4482640075,14584.901114681808,-105364.54714932569,12.958535105349721,13.829994562501097,0.055060834769427566,161854.61337300882,3121,2924,2714,3109,2833,2817
73,-117706.7565250635,14816.260423649264,-102890.49610141423,12.399297898786115,13.509831100977511,0.0550720566881535,161395.7988852825,3053,2910,2796,3143,2857,2759
74,-122072.82430350574,14456.162401820755,-107616.66190168499,12.110585319868916,13.606554517744547,0.055159852496820955,162172.54257400954,2997,2921,2841,3121,2810,2828
75,-121791.34801834296,14562.999519050154,-107228.34849929281,12.518071335747115,13.445851187030339,0.055029681037567245,162017.80785407688,3026,2947,2786,3132,2892,2735
76,-120130.22097331539,14615.729302528132,-105514.49167078725,12.268982180320732,13.243863440804674,0.055116753093093565,162077.56544474215,3022,2941,2796,3142,2922,2695
77,-127728.73907859511,14483.162591855029,-113245.57648674009,12.460707796550977,13.332178220931933,0.05513255308587716,162034.2629080571,2987,2917,2855,3124,2877,2758
78,-126306.91727525851,14316.89181090775,-111990.02546435077,11.960920548394924,13.166765686375067,0.054944490867020544,162186.58232252373,3067,2846,2846,3125,2846,2788
79,-122716.57384228596,14688.027711655177,-108028.54613063078,11.891844101059112,13.364218878046563,0.05503724512748877,161881.85991569894,3014,2932,2813,3163,2833,2763
80,-111812.57586432256,14365.607075920016,-97446.96878840253,12.218956740464641,13.493173240554706,0.05506034620318021,161836.85939483426,3036,2882,2841,3069,2849,2841
81,-116064.97191920855,14833.27414259805,-101231.6977766105,12.425358455262353,13.164508907233966,0.05508379632997578,161968.50765867275,3093,2911,2755,3178,2807,2774
82,-107853.75744733364,15009.241451712145,-92844.51599562149,12.642204924347354,12.861002393695422,0.055014698064135524,161970.70512495333,3052,2922,2785,3175,2869,2715
83,-122919.23331993134,14498.690487361751,-108420.5428325696,12.227249277013954,13.11805277632563,0.054929863502359254,161944.45812948517,3031,2922,2806,3034,2972,2753
84,-107138.5753171125,14682.692025232362,-92455.88329188013,12.426378190776923,13.13827137041893,0.055110681345988566,161608.59760040793,3049,2928,2782,3198,2822,2739
85,-117100.20441825234,14552.593613129504,-102547.61080512284,12.426486851846764,13.147026062731634,0.05503137948762575,161818.4205194163,3018,2995,2746,3154,2800,2805
86,-117263.94346285811,14420.04391648843,-102843.89954636968,12.597159735377812,13.508722463700572,0.05497896922218663,162194.6074102798,2949,3025,2785,3111,2819,2829
87,-123555.07015330126,14757.005279168741,-108798.06487413251,11.985122722890964,13.510902962684236,0.05490640547445025,161706.58876672105,3006,2927,2826,3230,2772,2757
88,-117558.5712399719,14662.187867192784,-102896.38337277912,12.271876044525,13.256776538351136,0.055016762684413224,161800.206395864,3029,2939,2791,3200,2868,2691
89,-114608.73816475281,14807.74439747125,-99800.99376728156,12.48644388099561,13.507189584254242,0.054909724841582234,161876.78943788403,3081,2856,2822,3192,2811,2756
90,-117294.65849759096,14521.778291372288,-102772.88020621867,12.500607134785389,13.309145545803506,0.055059030332467784,162194.93413969502,3033,2937,2789,3161,2870,2728
91,-122768.32306699031,14780.6545032329,-107987.66856375741,12.78856300401744,13.383548441621636,0.05496523746809544,161707.1473817844,3068,2889,2802,3237,2786,2736
92,-125351.1196420044,14946.684333030418,-110404.43530897397,12.54250291495604,13.45595754648835,0.055115351064281386,161703.88855501005,3094,2862,2803,3255,2828,2676
93,-122887.7525770454,14966.105811451753,-107921.64676559364,12.862672300598595,13.373606478326995,0.055209013469218776,161970.50280674166,2995,2930,2834,3213,2783,2763
94,-116934.24139245857,15213.17192356713,-101721.06946889144,12.409248543780993,13.612092049797665,0.054954453198281204,162026.6993814479,3029,2959,2771,3307,2807,2645
95,-118082.22602918271,14824.625516677323,-103257.60051250539,12.420378871627255,13.37806721294854,0.054899710863571094,162084.39916539585,3036,2937,2786,3205,2847,2707
96,-123317.80724595484,14768.908244393815,-108548.89900156103,12.200982095033897,13.326442976128037,0.055105997871947636,161454.6403483387,2981,2928,2850,3249,2827,2683
97,-115878.42796366394,14780.307695522668,-101098.12026814127,12.381314493899097,13.475457711809156,0.05504119417984338,161833.89426612863,2990,2957,2812,3251,2839,2669
98,-113469.46565701388,14850.71508329726,-98618.75057371662,12.840188519104535,13.741751144375309,0.05494066169731578,161630.2333676033,2935,2984,2840,3174,2825,2760
99,-114020.38670514296,14392.725438918387,-99627.66126622458,12.94419449232676,13.346368300830353,0.054922624040447815,161827.79515228298,3065,2901,2793,3159,2780,2820
100,-110214.34930169075,15243.54571675262,-94970.80358493813,12.435604646635216,13.354675103034802,0.0549020936171682,162067.74477473026,3112,2976,2671,3168,2906,2685
101,-111222.8309831129,15034.726664772683,-96188.10431834022,12.400141343051589,13.00426493950285,0.05481738738683825,161750.8957473025,3113,2899,2747,3285,2778,2696
102,-111752.56206723778,15054.957316527312,-96697.60475071047,12.413209748364157,13.241302163558467,0.05501144112475109,161838.57887939637,2996,2989,2774,3293,2826,2640
103,-112985.26824013509,14615.823142124647,-98369.44509801044,12.522384051583176,13.088305769630354,0.05493288778000821,162017.87036260145,3105,2871,2783,3166,2843,2750
104,-109661.19765748487,14864.435676149971,-94796.7619813349,12.483884296987704,13.387854916527631,0.05511483649043025,161908.69129925693,3045,2948,2766,3133,2899,2727
105,-120656.72491696196,14746.395289068894,-105910.32962789306,12.076335573067,12.956628669050337,0.05499849180993222,161857.71627103494,3074,2899,2786,3190,2817,2752
106,-120211.19037408546,14549.727317429491,-105661.46305665596,12.200586885844867,12.784497656643465,0.05507322997401528,162017.84743864316,2959,2988,2812,3180,2833,2746
107,-121246.50230900571,15151.963828301139,-106094.53848070456,12.123159555396022,13.134903686827892,0.054923380542514305,161491.9417475002,3019,3006,2734,3227,2869,2663
108,-123529.43790602776,14783.51282173999,-108745.92508428777,11.936382741655436,12.977447687465753,0.05516947821093452,162187.4429827231,3071,2884,2804,3194,2884,2681
109,-123979.73696344082,14570.372906725259,-109409.36405671557,12.28675310029346,13.12097296937415,0.0551113865719374,161626.4487499273,3073,2875,2811,3218,2861,2680
110,-121870.54206480464,14809.20782481003,-107061.33423999461,12.276005060303808,13.298895156480834,0.05507595721272482,162201.276960849,3033,2924,2802,3187,2836,2736
111,-109709.75013838403,14959.310532414689,-94750.43960596934,12.465383710601323,13.151861501998182,0.055016429534566015,161597.7252004977,3009,2890,2860,3328,2777,2654
112,-114902.02238442368,14571.858416286335,-100330.16396813733,12.56465370561072,13.257466575331875,0.05500757745865357,161368.43507841707,3053,2978,2728,3184,2846,2729
113,-112838.4257690028,14925.58750557068,-97912.83826343212,12.50287485932802,12.959528811675748,0.05504621177856085,161696.91198091503,3155,2801,2803,3251,2889,2619
114,-116898.37494596645,15136.972847223144,-101761.4020987433,12.107210676656198,13.534254090677898,0.055136879519867614,161807.84954709667,3066,2915,2778,3323,2753,2683
115,-116798.26186635948,15191.579539048054,-101606.68232731143,11.516955077524614,13.385713433663117,0.05503775177238138,161887.0283096288,3164,2842,2753,3230,2842,2687
116,-113942.59421338477,14886.982360388722,-99055.61185299605,12.235210472359206,12.966529542644492,0.055011387750154635,162039.98489680354,3042,2910,2807,3283,2794,2682
117,-117702.29104181199,14747.659037706871,-102954.63200410511,12.253196932883995,12.868150819629415,0.05497183738387722,162016.84292656812,2978,3017,2764,3116,2913,2730
118,-117407.46320669005,15279.102982996312,-102128.36022369374,12.415280307609065,13.343164265002953,0.055019529591146255,161884.15457075762,3062,2889,2808,3331,2771,2657
119,-112199.83128291492,15203.873059991278,-96995.95822292364,12.540373663258276,13.397776580730591,0.0550163391385158,161838.77194924167,3123,2877,2759,3305,2758,2696
120,-108561.5040560903,15231.091113382192,-93330.4129427081,12.584904074854318,13.231281266470326,0.054944760098127654,161875.97364560197,3080,2964,2715,3307,2765,2687
121,-106850.43993039457,14868.560434107969,-91981.8794962866,12.413124351778919,12.967929849420155,0.054935600909082775,161862.90394553632,3077,2927,2755,3092,2904,2763
122,-117833.53813612761,14933.732649909098,-102899.80548621851,12.409624555568643,13.086102640001206,0.05497437180641002,161408.44184633953,3047,2901,2811,3272,2864,2623
123,-115323.03481394691,15237.166047862887,-100085.86876608402,12.194715069043562,13.441088640465152,0.055061338260289215,162128.41502779024,3052,2905,2802,3278,2779,2702
124,-109978.9643747359,15107.123461206917,-94871.84091352898,11.84278784694424,13.2394969283386,0.05502087760781484,162013.9408821369,3122,2829,2808,3252,2825,2682
125,-114832.35102846027,15065.976633151009,-99766.37439530926,11.792330899674125,13.16728540840716,0.05512984824402385,161604.24132188415,3113,3010,2636,3308,2784,2667
126,-119025.28365953606,15187.679673419094,-103837.60398611697,12.14457835594543,13.392228924881024,0.05511666257171328,161982.3519538885,3002,2881,2876,3277,2822,2660
127,-110297.77719468393,15211.35441836578,-95086.42277631816,12.55070392213312,13.301200709742455,0.05498373987647489,161698.54110013528,3076,2880,2803,3234,2828,2697
128,-110965.29556797321,15377.955502066567,-95587.34006590664,12.309537596728006,13.378128941624357,0.05494651700156215,161483.6549121072,3065,2914,2780,3345,2776,2638
129,-114733.58673978086,15406.763594030968,-99326.82314574989,12.397154135383648,13.382625661487719,0.05512057625439185,161648.43772692123,3069,2945,2745,3301,2816,2642
130,-113093.3374251845,15202.021331284845,-97891.31609389964,12.357144211533415,13.290878600019644,0.055054508289141185,161922.49559213856,3154,2813,2792,3265,2843,2651
131,-110534.45785396898,15454.789281311845,-95079.66857265713,12.133133627259514,13.173420760820726,0.055128405713479066,161406.46869237092,3012,3012,2735,3300,2845,2614
132,-111117.2580094065,15319.7075567771,-95797.55045262941,12.138889840596285,13.038144038473527,0.055030952024647244,161998.0667717346,3050,2944,2765,3206,2919,2634
133,-115871.49963832274,15094.524334215745,-100776.97530410699,11.999184816607205,13.024227518332479,0.05519486081253357,161901.77256124662,3118,2886,2755,3263,2859,2637
134,-115069.05244469737,15106.705141027962,-99962.3473036694,12.139733824550941,12.837501369171534,0.055000835832437346,161612.57223963673,3129,2877,2753,3301,2861,2597
135,-112339.75968201738,15153.04594067115,-97186.71374134623,12.106295051192483,12.936284907572695,0.055035465721367,161785.64549514084,3103,2945,2711,3314,2792,2653
136,-104021.5915401908,14913.459119830803,-89108.13242036,12.593454891735888,13.109657619872754,0.054916839166292614,161618.8880463638,3126,2930,2703,3311,2746,2702
137,-120282.27406980447,15124.549832971432,-105157.72423683303,11.923306280649205,13.133357132852646,0.05502834962267023,161883.73870688854,3081,2885,2793,3263,2810,2686
138,-111380.85424626521,15729.180909471352,-95651.67333679386,11.900553960575468,13.057496766981494,0.05508273051529117,161742.90389988123,3083,2921,2755,3289,2911,2559
139,-115168.57888505231,15108.620208016726,-100059.95867703558,12.059353113217263,13.060814891426974,0.05501532337399591,162096.5768930449,3012,2932,2815,3306,2812,2641
140,-97097.57436880174,14882.37422594656,-82215.20014285517,12.209269495092702,13.111688703427268,0.05508950834061388,161848.58916576888,3150,2920,2689,3211,2741,2807
141,-116838.17239334644,15023.165337877526,-101815.00705546892,12.240446391309122,12.886297053136053,0.055099666282740795,161608.62323579495,3101,2934,2724,3240,2914,2605
142,-102497.6103805639,15082.703859530415,-87414.90652103348,12.304754930018408,12.899069755742216,0.055062055954338364,161884.01711348354,3083,2920,2756,3416,2699,2644
143,-117108.81812147895,15487.092960606982,-101621.72516087197,12.442440396284935,12.95126828178368,0.05491204138973478,161811.6264577437,3015,2960,2784,3264,2822,2673
144,-106357.21927286516,15270.74880831158,-91086.47046455358,12.239114789577568,12.980019347837974,0.055066355363579456,161216.66820530564,3092,2944,2723,3262,2903,2594
145,-113998.47724553465,15163.706766972984,-98834.77047856167,12.048182690605357,13.148014273940845,0.055101548630263286,162060.2660345126,3148,2893,2718,3284,2808,2667
146,-118737.24854490737,14866.385982362493,-103870.86256254488,11.928579750685941,13.101288213519569,0.05502889396800747,161877.29664571572,3149,2856,2754,3200,2867,2692
147,-117459.4281776063,15307.74602673888,-102151.68215086742,12.222901080705892,13.09418776115246,0.05513438650867051,161395.49863749434,3118,2946,2695,3421,2742,2596
148,-109179.78548661574,15385.613797983995,-93794.17168863174,12.162712496547906,13.267631910393396,0.05491864179207796,161439.07086252238,3196,2920,2643,3346,2864,2549
149,-107464.6539026112,15291.78993085467,-92172.86397175654,11.993965419217762,13.251821634564598,0.055051230964144646,161548.4086582035,3082,2955,2722,3375,2763,2621
150,-107272.19436787145,15347.720495722037,-91924.4738721494,12.377461094143305,12.993120056276284,0.05492355175674727,161748.69743544812,3165,2902,2692,3348,2793,2618
151,-107671.52117937914,15115.719059837284,-92555.80211954186,12.28504361921796,13.089673178388262,0.054961684485645874,161930.7201602501,3159,2876,2724,3229,2859,2671
152,-116835.01700303124,15276.497962687134,-101558.51904034411,11.912369244743633,12.90065020028276,0.055136164623821225,161728.56757861344,3149,2854,2756,3402,2758,2599
153,-112582.1559056179,15294.285803755878,-97287.87010186202,12.304158773051713,12.961355422417261,0.05503579586955336,161609.29305914656,3038,2944,2777,3351,2793,2615
154,-108210.10595486547,15364.241962244338,-92845.86399262113,12.632868947946752,13.127772376880733,0.05516129666733905,161888.61744627485,3213,2819,2727,3282,2835,2642
155,-93556.27452419262,15312.709611229955,-78243.56491296267,12.439646751110667,12.903208921825712,0.05512610993053866,161587.1624206972,3090,2967,2702,3480,2658,2621
156,-107966.24018193236,15087.43337561549,-92878.80680631686,12.228983496486629,12.775018561544663,0.05503686965128969,161613.06761452928,3098,2912,2749,3337,2756,2666
157,-113313.7300456314,15471.92003421538,-97841.81001141602,12.160157830791661,12.704340194224283,0.05505137654371301,161212.8297431548,3063,2899,2797,3406,2798,2555
158,-109631.52198499141,15212.489850315238,-94419.03213467618,12.507495170736016,12.797807149693101,0.05510559819826346,161522.7316912836,3074,2943,2742,3334,2741,2684
159,-102612.92944580651,15352.064869255082,-87260.86457655142,12.493776745191703,12.752284159585082,0.05500303756438557,161541.66755205943,3160,2907,2692,3416,2750,2593
160,-111958.09354456721,15214.174381087103,-96743.91916348011,12.573849212933665,12.8829654488856,0.05506109605459654,161786.7949700605,3048,2878,2833,3282,2817,2660
161,-107969.7258765702,14970.292098954153,-92999.43377761604,12.525210943297111,12.94185123024541,0.054955536659179016,161538.95970195314,3177,2831,2751,3336,2768,2655
162,-117792.04878721577,15588.188280543038,-102203.86050667273,12.360096568600436,12.701714016571392,0.05494044460452475,161383.6165178949,3120,2943,2696,3451,2734,2574
163,-109139.29631744283,15260.549471017071,-93878.74684642575,12.211304881153204,12.804153714833614,0.05500848547890867,161733.7810930131,3135,2967,2657,3280,2881,2598
164,-109839.62890619258,15273.931328528883,-94565.6975776637,12.114787962165613,12.940595864681717,0.05478976427394708,161836.6270601217,3194,2852,2713,3241,2838,2680
165,-104733.24428861497,15571.871868127375,-89161.37242048759,11.976755452429005,12.85079515431807,0.05486411084141471,161267.79128332032,3197,2894,2668,3359,2818,2582
166,-106016.86225773423,15634.311593214066,-90382.55066452017,11.99712447551496,12.961202308769781,0.05514502839167084,161573.87168231362,3109,2943,2707,3376,2814,2569
167,-108675.08041925794,15269.046602325841,-93406.03381693209,12.100057191090285,13.049879283869922,0.055003993095228576,161501.25860248884,3058,2962,2739,3408,2706,2645
168,-112439.13268793195,15453.01028897766,-96986.12239895429,11.94001747433537,12.915477924908874,0.055112568398255804,161827.29877265074,3120,2924,2715,3349,2815,2595
169,-112652.81235150092,15594.8272342277,-97057.98511727322,11.962673917811786,12.928701087288756,0.05481818798166573,161442.16508966693,3081,2880,2798,3358,2859,2542
170,-105308.23468644799,15548.652152194694,-89759.58253425329,12.252479146231652,12.967173557939676,0.05506449285534119,162005.73381913232,3173,2907,2679,3326,2893,2540
171,-98151.4440834977,15934.951598478568,-82216.49248501913,12.281667529662204,13.287903531891965,0.05493881282440204,161919.90091984344,3157,2943,2659,3454,2697,2608
172,-109561.83823430524,15529.726453362118,-94032.11178094312,11.921398850901019,12.835227066659943,0.05497073097206244,161482.73203091006,3036,3061,2662,3378,2831,2550
173,-106972.69962706833,15806.484898732948,-91166.21472833538,12.243837978401253,13.323900130258322,0.05501179455340754,161147.2347880175,3150,2903,2706,3452,2822,2485
174,-104270.76943349944,15366.128612974539,-88904.6408205249,12.234699687132565,13.204051549714757,0.055037441108157094,162097.26796019077,3079,3032,2648,3353,2735,2671
175,-108151.80520858575,15971.187878167531,-92180.61733041822,12.130535685914731,13.353987323275593,0.0550376537806608,161822.10208320292,3161,2970,2628,3426,2818,2515
176,-108114.77073533834,15711.603401495224,-92403.16733384313,11.572278757399802,13.147497226881693,0.05511124155905558,161902.1630390642,3043,3047,2669,3380,2771,2608
177,-101089.60167925323,15767.272795526624,-85322.32888372662,11.808469577465708,13.072491329461775,0.05504100077934217,161905.78527183837,3063,3062,2634,3378,2787,2594
178,-109237.65547471179,15734.312595775647,-93503.34287893615,12.005181766545483,12.672342458221015,0.055002790154322294,161976.56111251112,3068,2956,2735,3348,2801,2610
179,-100270.63291703227,15526.054430265109,-84744.57848676716,12.246403632608782,12.892462209512912,0.05501232554168157,161584.66431383695,3160,3001,2598,3381,2775,2603
180,-93763.25576037195,15674.428227282735,-78088.8275330892,11.975686365109134,13.040572138537106,0.054951738191694056,162011.04910702285,3137,3000,2622,3312,2816,2631
181,-99392.24082203762,15181.296772284682,-84210.94404975294,12.311198697802956,12.972818663910854,0.05481284002555352,161523.87616741177,3191,2838,2730,3439,2748,2572
182,-108501.04139422889,15120.198807113156,-93380.84258711574,12.20933156673628,12.977073088295477,0.05498815794171914,161283.51260555972,3190,2863,2706,3307,2778,2674
183,-104776.55944022455,16244.803453288587,-88531.75598693595,12.261622265857563,13.115285815247015,0.05512557734202143,161263.56643741846,3154,2913,2692,3492,2783,2484
184,-106298.47429033351,15973.08820227042,-90325.3860880631,11.896530047110481,13.354273416071582,0.05493614988841352,161733.7944297562,3059,3000,2700,3435,2763,2561
185,-102467.160978329,15670.86786577493,-86796.29311255408,12.008678401610904,13.147403063396714,0.05482975045235128,161708.72323721412,3104,2903,2752,3350,2774,2635
186,-110997.36629541325,15638.053551958265,-95359.31274345498,11.868449693423084,12.74227679164955,0.05514834461751051,161602.0068491015,3289,2805,2665,3431,2781,2547
187,-103209.84671293433,16457.415071430067,-86752.43164150427,12.1074947360408,13.010695070232826,0.05497643570520378,161334.22380049885,3057,2946,2756,3526,2796,2437
188,-108934.7968069247,15842.587228428989,-93092.2095784957,11.99351496062819,12.815718134780683,0.05506236276108861,161790.3469522658,3086,3007,2666,3447,2743,2569
189,-102883.46218671676,15522.607911684194,-87360.85427503256,11.796172599385915,12.864962978076148,0.05499007942628589,161647.58802652103,3207,2877,2675,3413,2728,2618
190,-106921.07995574229,15824.100342770938,-91096.97961297135,11.894100226094851,13.01649961917427,0.05509253969805817,162022.51875202754,3075,3027,2657,3412,2803,2544
191,-105808.69718305452,15892.746428349496,-89915.95075470503,12.025549800355076,12.82853586117141,0.055120833932824936,161438.5059028057,3228,2891,2640,3511,2767,2481
192,-103622.77716121335,15968.069370749688,-87654.70779046367,11.775222558648373,12.8233766198793,0.05501185840624001,160989.79484346323,3202,2888,2669,3424,2814,2521
193,-92285.43288650223,16056.855384641036,-76228.57750186119,12.12117892825281,12.884464613950003,0.054962319045172396,161473.99629855,3228,2910,2621,3511,2687,2561
194,-103652.41062125644,15442.916146459433,-88209.494474797,12.404044903575679,13.020331491425468,0.05501926415607769,161645.58549593072,3109,2937,2713,3465,2766,2528
195,-112319.37874586557,15475.599786376986,-96843.77895948858,12.331834449828204,12.791513140785463,0.0551467539238327,161976.28788542884,3159,2849,2751,3297,2885,2577
196,-94614.99816323769,15899.567534308064,-78715.43062892962,12.195632620938992,13.134576572259936,0.054971838456122024,162098.21929373013,3208,2871,2680,3402,2825,2532
197,-102806.50240117453,15933.205463956876,-86873.29693721764,12.110480113932075,13.261575568673171,0.05510459669649219,161534.9395105785,3101,3058,2600,3388,2844,2527
198,-103714.26385087983,16130.464860066788,-87583.79899081304,12.241796603878695,13.363450357182618,0.05497602217092207,161771.431224924,3242,2841,2676,3464,2893,2402
199,-95125.04880135041,16012.931858135602,-79112.1169432148,12.023051209286832,13.219598816951757,0.05503067959651285,161047.44684750668,3139,2906,2714,3454,2829,2476
200,-104728.38636040686,15880.067173412268,-88848.31918699459,11.961096322102879,13.151818353337472,0.05505114578520736,161218.09146182085,3245,2896,2618,3518,2675,2566
201,-109457.94963065028,15972.413177062519,-93485.53645358776,12.065850816729052,13.11010011775484,0.054997846968146406,161735.46517341564,3169,2922,2668,3452,2708,2599
202,-96847.73835105213,16026.416610630551,-80821.32174042158,11.928215054369447,12.96213766371013,0.05499829338651174,161503.78968776442,3165,2961,2633,3405,2788,2566
203,-101236.52770012725,16199.900603044336,-85036.6270970829,11.710931457980115,13.111503364966591,0.055029617175833004,161560.8049440408,3222,2895,2642,3502,2700,2557
204,-96808.39423363999,15540.33522181605,-81268.05901182393,12.35985447618727,13.305712196994829,0.05511300893997348,161837.03964971262,3182,2932,2645,3470,2742,2547
205,-107262.85421892467,15630.259354094216,-91632.59486483045,12.172055404196273,13.121360597157466,0.054980506562534316,161871.54534555823,3237,2788,2734,3411,2754,2594
206,-103764.02146635961,15717.232631479179,-88046.78883488043,12.349812510946391,12.829894355149008,0.055124893114983135,161290.94796138385,3151,2928,2680,3458,2747,2554
207,-110120.69979267036,15873.741494828875,-94246.95829784148,12.413599656568673,13.007373877705525,0.05519251245813551,161574.9671530067,3169,2834,2756,3447,2763,2549
208,-96946.10263311416,15992.115429810241,-80953.98720330393,12.243180697522682,12.806606764537815,0.05517001455593088,161705.23978071098,3175,2908,2676,3402,2857,2500
209,-98430.06777368605,16309.984240839241,-82120.08353284681,11.773747083791042,12.87128758031916,0.05519492255590975,161187.6955231327,3049,2929,2781,3552,2719,2488
210,-108345.50547605606,15892.464299746429,-92453.04117630963,11.775542925824775,13.120019282503398,0.05502292941097129,161500.3925108065,3146,2827,2786,3464,2784,2511
211,-92836.95396948615,16602.62502550962,-76234.32894397652,11.865626381584514,12.956263552463412,0.055038076892778974,161379.91288849912,3114,3000,2645,3528,2830,2401
212,-104200.5473643,15869.678755181481,-88330.86860911852,11.534943709039522,13.098670758330936,0.05507020003235689,161865.3658144773,3219,2884,2656,3465,2762,2532
213,-97531.37311656371,15977.585686174394,-81553.78743038932,11.704107083779157,12.88445004269679,0.055012612744379255,161702.9310524258,3093,2961,2705,3404,2742,2613
214,-99977.50338321613,16078.536041041623,-83898.96734217451,11.925668627053426,13.135935748810532,0.054925051747125093,162069.06124297652,3073,2905,2781,3391,2829,2539
215,-95915.17022634699,16377.760366591156,-79537.40985975583,11.818937847792093,12.730614194602074,0.05508125442784226,161521.1324299615,3164,3048,2547,3583,2721,2455
216,-104611.55375771305,15736.897254450298,-88874.65650326275,12.124328151600066,12.529173496720597,0.05515183865668705,161405.0550823812,3189,2921,2649,3446,2832,2481
217,-98696.86770286957,16366.491835108987,-82330.37586776058,11.714598437881955,13.050536600045714,0.05490952296212772,161573.7454664704,3188,2913,2658,3489,2767,2503
218,-95505.36773941312,16022.207720864077,-79483.16001854904,12.430348146874978,12.981159704094363,0.05476853726345139,161509.4060267646,3186,2981,2592,3494,2751,2514
219,-102697.90046686753,16310.52729145177,-86387.37317541576,12.31900941303491,12.931362732854868,0.05505088979616237,161565.80812896282,3219,2937,2603,3615,2653,2491
220,-107934.47397626318,16053.235289998358,-91881.23868626483,12.050899639335668,13.028664784072822,0.055038172749444995,161860.22231181295,3149,2924,2686,3495,2805,2459
221,-104675.49242050247,16213.38354286247,-88462.10887764,11.839177071929313,13.088960612934326,0.05489021454208891,161297.3912207009,3191,2926,2642,3444,2791,2524
222,-98278.43697834719,16016.696927110388,-82261.7400512368,12.315754157096839,12.686818265732763,0.055121510443835744,161515.3284768507,3216,2913,2630,3547,2737,2475
223,-105711.28611889406,16032.79122886842,-89678.49489002564,11.952218806537536,12.75051334424593,0.05509191966794557,161021.2396310297,3170,2943,2646,3457,2755,2547
224,-100144.93726049965,16005.682873545431,-84139.25438695421,11.464400401480772,12.618619004006431,0.05511895473347635,161863.82143727547,3198,3003,2558,3513,2766,2480
225,-101123.28086261527,16311.566516120361,-84811.7143464949,12.063131299408465,12.569741465916179,0.054838618983338965,161826.59554179708,3164,2935,2660,3468,2806,2485
226,-106928.38039878997,16120.084160453061,-90808.29623833692,11.855383683897472,12.541477433228604,0.05496876463567257,161531.24948305608,3137,2841,2781,3511,2770,2478
227,-104816.98248490026,16306.46386124519,-88510.51862365507,11.572403212803794,12.907121078236019,0.054955916234235874,161250.3471448539,3185,3029,2545,3601,2689,2469
228,-101851.87705625242,16234.552113014683,-85617.32494323773,11.889195463392692,12.78363945554528,0.05488670391096484,161667.9054522894,3315,2856,2588,3562,2719,2478
229,-95239.38063301893,16036.691699581383,-79202.68893343754,12.548757375221793,12.668295246937925,0.05497985561639799,161835.00497751863,3162,2974,2623,3479,2793,2487
230,-106030.32701124695,16194.059428588393,-89836.26758265856,12.101389248567711,12.649011674888841,0.05501489339305623,160921.97805845982,3132,2876,2751,3492,2818,2449
231,-101779.4954209872,16101.161519820853,-85678.33390116633,11.815027326752313,12.610394513418461,0.054935830041742136,161585.38179818675,3261,2757,2741,3543,2695,2521
232,-93480.19738073113,15854.202555229085,-77625.99482550204,11.560982584256779,12.510879358276796,0.05498646905470377,161966.5865608606,3243,2940,2576,3365,2835,2559
233,-92988.54047097778,16603.936137108976,-76384.6043338688,12.172719212160601,12.77023840840164,0.0548550657642525,161302.0269920447,3244,2905,2610,3535,2854,2370
234,-100373.40465039083,15780.6511136038,-84592.75353678703,11.950680320349948,13.007795473892426,0.054956135962372574,161389.11957378255,3181,2946,2632,3500,2733,2526
235,-104899.06016663906,15911.687594072671,-88987.37257256638,11.705379550350349,13.01616839246656,0.055088174392544924,161439.12724429762,3263,2887,2609,3513,2766,2480
236,-101826.12040986969,16551.97909646515,-85274.14131340454,11.735409208253431,12.987614186221517,0.05504861165501961,161319.50693967656,3195,2881,2683,3620,2631,2508
237,-97371.99718195038,16411.04628520584,-80960.95089674454,12.004994638677756,13.06887852312138,0.05503647978975478,161163.29627093408,3269,2900,2590,3540,2814,2405
238,-100061.79545454735,16121.423391669447,-83940.3720628779,11.973014542122822,13.153228535326946,0.054929120728285104,161515.73954729488,3288,2829,2642,3591,2716,2452
239,-98773.38289919125,15878.660012780201,-82894.72288641104,11.998803971836805,12.946131668788341,0.05493106581414598,161437.5316526665,3175,2881,2703,3418,2816,2525
240,-95094.22101614307,16189.954579895368,-78904.26643624771,11.830003118641903,12.8502090117756,0.05500679492668465,161578.67790403875,3173,2952,2634,3518,2698,2543
241,-106546.41891133942,16172.148628728082,-90374.27028261134,11.616307111883303,13.105339781086244,0.05500231393366268,161285.12483591522,3119,3073,2567,3527,2686,2546
242,-103731.02450347759,16123.514076600854,-87607.51042687673,11.667759366202256,12.989060036814298,0.0549855109599612,161695.68446738023,3150,2896,2713,3507,2705,2547
243,-95525.65456035297,16499.474192172245,-79026.18036818072,11.97865462408027,13.030075687054717,0.05503127043599611,161313.1486584048,3105,3021,2633,3598,2793,2368
244,-99290.78213315977,16521.495757776025,-82769.28637538374,11.891236021717619,12.961906857176562,0.05487962657778827,161783.35165185115,3198,2936,2625,3561,2797,2401
245,-96955.30397488755,16170.909084825096,-80784.39489006245,11.911307842794288,12.379533879855272,0.05492866253795892,161425.41111182608,3138,2893,2728,3452,2895,2412
246,-96706.36615685748,16660.2622916239,-80046.10386523357,11.632230782224175,12.612804991743976,0.05501923726706277,161417.81852604268,3198,2966,2595,3528,2801,2430
247,-111569.1350108296,16111.633353835177,-95457.50165699443,11.93405860999184,12.491768174855514,0.05495213438453907,161367.81241342638,3282,2838,2639,3542,2722,2495
248,-101178.91796966408,16012.670277112325,-85166.24769255175,11.745664185648021,12.53473800573255,0.05514895991820522,161401.26218119726,3308,2823,2628,3526,2807,2426
249,-103080.61170472938,16237.062385526278,-86843.5493192031,12.325054506870922,12.651649056782817,0.05495156205423388,161215.14370760813,3399,2829,2531,3537,2779,2443
250,-92223.95859369289,16372.614150939597,-75851.3444427533,11.902874777503063,12.72799666254073,0.0549102157239989,162020.86547584683,3261,2910,2588,3573,2710,2476
251,-102926.30046590812,16251.488975368778,-86674.81149053934,11.43109820377709,12.790281203571405,0.05491986574852033,161266.56804786957,3180,2913,2666,3581,2765,2413
252,-100107.68297607334,16381.183564301004,-83726.49941177234,12.232261189297608,12.863654509985835,0.05500541428702597,161060.4226956303,3278,2865,2616,3562,2750,2447
253,-91167.93960291261,16675.164313924044,-74492.77528898856,12.122864770319529,12.964105306579103,0.05493259317712995,161052.45053440056,3080,2944,2735,3652,2740,2367
254,-99395.82961226163,16179.14948704078,-83216.68012522085,11.94204336733082,12.958794681458471,0.055082469757679664,161149.3995648321,3181,2950,2628,3576,2656,2527
255,-92856.54964004492,16611.720718655182,-76244.82892138974,11.658874782011631,13.04513413833502,0.05502130377355922,161198.49596135705,3088,3067,2604,3606,2737,2416
256,-103011.41767615838,16587.565844630022,-86423.85183152836,11.454010111522578,12.830885731169099,0.05510770977077827,161514.608418998,3111,2966,2682,3560,2778,2421
257,-87725.63160684258,16524.841215961547,-71200.79039088104,11.65434226875462,13.001586268859334,0.05495000463571631,161117.4031029362,3195,2961,2603,3712,2663,2384
258,-103804.91972988613,16328.03743455586,-87476.88229533026,11.795790785802458,12.55471640213147,0.055004075485033,161425.0364591,3283,2739,2737,3619,2687,2453
259,-96093.83678100377,16080.451610035061,-80013.38517096872,12.058733593030116,12.87542833881044,0.05509835507801178,161438.91809253115,3251,2934,2574,3666,2648,2445
260,-94332.21730393112,16744.37302438579,-77587.84427954533,12.091664228457088,12.660847266508915,0.05494695582068785,161412.0099300277,3154,3009,2596,3662,2759,2338
261,-97428.31121217372,16251.209640683104,-81177.10157149061,11.628044199899184,12.772467446858919,0.05509153532588553,161552.48002061332,3118,2915,2726,3572,2694,2493
262,-99753.81125316108,16926.618528914303,-82827.19272424678,11.640220737568706,12.931755960907555,0.054983888608941864,161266.36643533083,3032,3086,2641,3621,2786,2352
263,-94400.10988681715,16535.79628002763,-77864.31360678952,11.752881728127056,13.134602913110804,0.05488789431047632,161546.35710280208,3240,2933,2586,3545,2720,2494
264,-101439.08498495826,16317.219167453832,-85121.86581750443,11.669892783404604,13.091529760589173,0.0550696435620216,161361.08072091735,3167,2947,2645,3506,2813,2440
265,-92396.45850463293,16468.720452371646,-75927.73805226128,11.795726757871524,12.898272783882355,0.054921334954281434,161344.62945352626,3367,2882,2510,3613,2792,2354
266,-96308.78492521713,16619.05347593264,-79689.73144928449,11.883274752153744,12.796526553747663,0.05502204785516085,161645.44601170998,3190,2947,2622,3547,2863,2349
267,-83539.99893675942,16999.60408816435,-66540.39484859508,11.732633828157985,13.022182089118846,0.054991533601551575,161433.70100159146,3245,2962,2552,3565,2836,2358
268,-99276.68418485581,16128.33387928551,-83148.3503055703,11.47266766485721,12.872189257004116,0.05493609712046774,161387.00742908727,3206,2863,2690,3524,2828,2407
269,-93670.47238815618,16484.409373730727,-77186.06301442545,11.757195316433148,12.756391878977489,0.05491725660927915,161067.31491331125,3203,2978,2578,3481,2799,2479
270,-92235.19193110395,16696.885989097165,-75538.30594200679,11.487359231195747,12.974227824292543,0.05501985947979864,161297.23637841296,3253,2914,2592,3510,2775,2474
271,-95072.26906634314,16836.27737319101,-78235.99169315213,11.604902098185077,12.897620770344735,0.05510714720795487,161326.82967830825,3108,2974,2677,3693,2715,2351
272,-101607.98761025521,16608.83824987845,-84999.14936037676,11.43904526831662,13.040078161907218,0.05492526576992932,161971.8634122754,3222,2870,2667,3681,2675,2403
273,-86197.72495368049,16179.663430018114,-70018.06152366237,11.849301059536007,12.550585697987982,0.05508596320097401,161413.54789568452,3246,2916,2597,3642,2664,2453
274,-92816.58532534467,16717.705195929022,-76098.88012941564,12.047054255263873,12.617955443759863,0.054935845465196365,161711.87017228993,3229,2997,2533,3641,2744,2374
275,-92646.0036091613,16777.892865068094,-75868.11074409321,12.093098586277016,12.456423294672607,0.05494245800445631,161175.67956947276,3081,3127,2551,3692,2743,2324
276,-90130.47428204012,16119.865828437927,-74010.60845360218,11.845568689170527,12.433703915554412,0.05505300111670348,161561.16050181072,3282,2927,2550,3670,2688,2401
277,-90868.92852854301,17262.522877359675,-73606.40565118333,11.628583029748736,12.775430061704098,0.054929428731540685,161196.3633301363,3338,2924,2497,3736,2699,2324
278,-96606.56601733033,15879.086126063432,-80727.4798912669,11.85551458929431,12.802844957058564,0.05508191393285345,161985.13555502915,3347,2886,2526,3385,2852,2522
279,-88853.99365277035,16573.654013357824,-72280.33963941253,11.619582825006674,12.91942827167417,0.05506505729703961,161590.61470334764,3192,2919,2648,3663,2764,2332
280,-96792.50751555155,16464.11821142886,-80328.38930412268,11.59227130662698,12.573294356876103,0.055105280753315285,161484.9497789213,3261,2873,2625,3642,2704,2413
281,-93347.45587708654,16790.893638232177,-76556.56223885436,11.705385153178876,12.782874863103014,0.05506381825492858,161634.2686833854,3098,3030,2631,3647,2675,2437
282,-93450.74483273184,16573.524190002016,-76877.22064272982,11.86651958129188,12.94870085622615,0.055186568062166076,161451.35321627805,3322,2805,2632,3713,2648,2398
283,-94104.98787898371,16777.052960277757,-77327.93491870596,11.97360798721861,13.16419681257355,0.0550569594565228,161343.724553945,3283,2979,2497,3706,2649,2404
284,-102859.9396035999,16534.384003081923,-86325.55560051797,11.584072958203027,12.781999406526396,0.05487777365275573,161201.4253279756,3186,2859,2714,3535,2777,2447
285,-98674.0716046474,17054.530870741764,-81619.54073390563,11.441944909383395,12.879997733024927,0.05493274833929789,161563.79829819434,3140,2923,2696,3638,2787,2334
286,-96755.81372208882,16464.37196797332,-80291.4417541155,12.245728915821413,12.729749900720904,0.05494215805761387,161197.2054443392,3174,2952,2633,3726,2623,2410
287,-91354.81690042307,16690.471142858623,-74664.34575756444,11.783180179279858,12.948108305606072,0.05505446994667637,161436.21497292095,3205,2918,2636,3536,2778,2445
288,-85144.6095630965,17240.607912511008,-67904.00165058549,11.636669905407759,13.007202049408823,0.054942027066059,161650.98939895048,3135,3007,2617,3716,2639,2404
289,-81768.67325468964,16289.199400395564,-65479.473854294076,12.071417211254909,12.866486956116749,0.05494881987829665,161597.24008398448,3351,2924,2484,3650,2537,2572
290,-93156.71654517249,16340.614750188017,-76816.10179498447,11.743709332466901,12.77762253412282,0.05510803470710585,161056.7966579128,3221,2980,2558,3694,2660,2405
291,-97643.39619756829,16654.85164170543,-80988.54455586286,11.615945204663849,12.71273557340081,0.0550047347327237,161122.18863716003,3229,2973,2557,3603,2759,2397
292,-87918.07288835978,16543.431453931935,-71374.64143442785,11.730574263913581,12.356094972328778,0.05499548225911246,161701.5648956935,3268,2871,2620,3605,2741,2413
293,-95568.08201297894,17316.965152962064,-78251.11686001687,11.98958689269323,13.171645101129437,0.05500155705485738,161508.0626349643,3297,2985,2477,3714,2713,2332
294,-89483.18164848337,17051.49701738204,-72431.68463110132,11.78549309690165,13.13674757773372,0.05496142923239742,161242.93021166438,3186,2979,2594,3732,2657,2370
295,-89829.24500965746,16843.39096750714,-72985.85404215031,11.661953536414615,12.98189449778913,0.0549298102017904,161101.91859731212,3378,2850,2531,3725,2658,2376
296,-81873.08273138663,16604.551036228335,-65268.53169515829,11.514779530888795,12.822239651880428,0.05509326533847115,161532.38509014435,3330,2904,2525,3580,2736,2443
297,-90785.96902204238,16859.72134715859,-73926.2476748838,11.627934487078823,12.551139329740883,0.054953981038836364,161441.19429921577,3304,2880,2575,3596,2763,2400
298,-93747.41277503896,16943.05806248226,-76804.3547125567,11.726784657880106,12.602377992615066,0.054990261923423545,160989.75721251202,3498,2833,2428,3794,2612,2353
299,-90134.17538652246,16922.44363911294,-73211.73174740952,11.710451455680118,12.888635274859938,0.054826090837671385,161111.39914438906,3162,3069,2528,3624,2736,2399
300,-79629.20940422147,16997.96997693407,-62631.23942728741,11.769594538295038,12.850856588530375,0.05487646072969163,161260.14436865976,3372,2826,2561,3659,2729,2371
301,-86028.20373673813,16865.011236733415,-69163.19250000472,11.602210006898298,12.84376827893478,0.055057312955455046,161504.20622325523,3171,3038,2550,3686,2742,2331
302,-93836.44856864764,16943.069539484946,-76893.3790291627,11.484599710280845,12.650319788988767,0.05508712108214932,161945.32198099224,3238,2929,2592,3609,2715,2435
303,-93437.14758991789,16927.698003501348,-76509.44958641654,11.488009818906582,12.43486677954835,0.05501902635092916,161799.72288629168,3155,3058,2546,3668,2679,2412
304,-88733.85155919577,16301.069556387913,-72432.78200280786,11.393138131865761,12.5821860792465,0.05501158486559777,161081.2833004992,3474,2724,2561,3538,2818,2403
305,-79034.40316588747,17092.291992046772,-61942.111173840705,11.346063409775473,12.82143784130417,0.054928821167582326,161539.00652828396,3219,3050,2490,3710,2690,2359
306,-83716.84249989993,16919.543099860486,-66797.29940003944,11.463987893883498,12.630247444297199,0.05515135450399978,161619.8653693748,3408,2803,2548,3581,2891,2287
307,-87494.55642222984,16705.54419589903,-70789.01222633081,11.369640743138381,12.724586765413969,0.05500280599453778,161134.56583814023,3389,2856,2514,3812,2615,2332
308,-92280.8802992416,16816.48847781656,-75464.39182142504,11.34696063924522,12.856672958870858,0.0550683807943277,160891.27137404415,3233,2980,2546,3726,2757,2276
309,-84426.59775823848,16993.227384850645,-67433.37037338784,11.708622928359071,12.62867670189594,0.05508392604034438,161341.27971723498,3314,3005,2440,3752,2686,2321
310,-96713.64413632618,16945.507051741857,-79768.13708458433,11.275153416369985,12.751031273600205,0.054963862161014225,161247.90619560648,3181,3046,2532,3709,2742,2308
311,-87887.0283803467,17123.070928914207,-70763.95745143249,11.44940144858078,12.823805131916712,0.054916815471313635,161116.13265149578,3288,2878,2593,3829,2592,2338
312,-81252.35963502036,16997.59742662227,-64254.76220839809,11.658853548920577,12.987342704834083,0.05493471059783942,161247.8735161557,3409,2865,2485,3708,2724,2327
313,-85873.06154992638,16752.65936241787,-69120.4021875085,11.378010032875538,12.868022299209661,0.055016155238685124,161605.17335273974,3118,3035,2606,3583,2745,2431
314,-104290.42106110333,16760.008781107314,-87530.41227999602,11.244290137659746,12.551548040820682,0.05507140655134214,161703.02872814715,3337,2875,2547,3600,2761,2398
315,-89060.57430724776,16959.376344793887,-72101.19796245388,11.2730304121115,12.451427674391113,0.05501554890415107,161174.9371800612,3273,2936,2550,3739,2706,2314
316,-90981.8619958627,17095.73331624844,-73886.12867961425,11.759757193405695,12.677929535483555,0.05499471201219894,161127.6948807325,3175,2963,2621,3727,2674,2358
317,-89888.57506114108,16239.144925812981,-73649.43013532809,11.630123188998587,12.362554805169076,0.055081336149973466,161480.56807666252,3417,2874,2468,3679,2628,2452
318,-97004.27954846858,16864.65469858562,-80139.62484988297,11.507869092660227,12.47551947682738,0.05503803995510463,161121.54436898354,3247,2973,2539,3836,2626,2297
319,-91962.05549287557,16983.923841297168,-74978.13165157841,11.80926894471058,12.405825456334085,0.05495901250126054,161321.55098794732,3295,2973,2491,3654,2809,2296
320,-83516.06336525557,16270.19613018808,-67245.86723506749,11.55330785991474,12.44172808930262,0.05492721477032173,160990.69966532022,3320,2863,2576,3580,2691,2488
321,-92037.84179203497,16601.91463730928,-75435.9271547257,11.324573571116252,12.363913968607456,0.05491080705294379,161933.5199949908,3376,2878,2505,3711,2625,2423
322,-78682.18582363949,17161.651864689593,-61520.5339589499,11.922011996300157,12.23260832096989,0.05501121737521394,161148.9421999907,3287,2943,2529,3833,2563,2363
323,-93772.67529314925,16992.76595836399,-76779.90933478526,11.508621126571215,12.386703940742608,0.05497349180895419,161582.2853440567,3260,2959,2540,3705,2730,2324
324,-85649.96515786723,17284.11684082835,-68365.84831703888,11.724430839719252,12.502102122646214,0.05491447981657761,161303.27057271672,3134,3091,2534,3695,2817,2247
325,-94253.28515251447,16577.32137292034,-77675.96377959412,11.789965183622543,12.616821996445648,0.05499832649456627,161129.4604904761,3438,2864,2457,3766,2623,2370
326,-92289.66270791968,17214.456946445083,-75075.20576147459,11.587762973414895,12.79008742693206,0.05499073229107216,160943.3323497981,3167,3003,2589,3755,2747,2257
327,-96869.8788010009,16825.177233720264,-80044.70156728063,11.576753826924731,12.826872450017474,0.0549567479348937,161184.0179678614,3395,2798,2566,3793,2596,2370
328,-93789.02771175155,16705.803465910172,-77083.22424584138,11.35936862675853,12.830552431917477,0.05495312739754268,161086.96978836058,3331,2815,2613,3682,2675,2402
329,-87099.53757818733,16855.602143772758,-70243.93543441457,11.67849502857944,12.531871717231358,0.05502854755270709,161637.83688426256,3257,2895,2607,3638,2768,2353
330,-93725.45706962455,17194.640807829554,-76530.816261795,11.550067942185082,12.489099372653712,0.054982867283518075,160818.30321510366,3278,2891,2590,3784,2744,2231
331,-84350.78675566643,16902.450357950387,-67448.33639771605,11.618748900750992,12.725218898418552,0.05490301442562395,161800.8277397939,3471,2793,2495,3712,2677,2370
332,-92127.8713786877,17167.22294744033,-74960.64843124738,11.686899106086003,12.462474158665625,0.0550762333303703,161439.14278478746,3432,2826,2501,3640,2835,2284
333,-85928.34602836524,16985.77168264723,-68942.574345718,11.576437123096722,12.458190982979836,0.05503669953848707,161756.68018346137,3398,2980,2381,3712,2767,2280
334,-80229.73771455116,16929.92777892706,-63299.8099356241,11.419480562144475,12.48150445491765,0.05498712939972961,160933.614522577,3343,2958,2458,3688,2727,2344
335,-81785.62914101717,17375.57832101507,-64410.0508200021,11.348705385756428,12.305894181995667,0.055194941598018854,161228.00417782273,3335,2893,2531,3732,2811,2216
336,-98363.00829438474,16864.040232631745,-81498.968061753,11.46690806583122,12.381625538952251,0.055064716637011624,161413.93552900315,3301,2821,2637,3619,2762,2378
337,-80732.19546984504,17175.127118406952,-63557.068351438094,11.532868916414454,12.254976639423145,0.05499615406695286,161473.49608576845,3328,2727,2704,3655,2754,2350
338,-86935.0445327217,16989.451579511504,-69945.5929532102,11.281764131118488,12.373213960174677,0.05487162548951922,160999.61522661653,3337,2933,2489,3753,2749,2257
339,-95184.40376240165,17056.108123964183,-78128.29563843747,11.499989204630989,12.570127559871743,0.05494741825084948,161484.95567947032,3277,2772,2710,3796,2670,2293
340,-93523.91445504743,17420.621358676537,-76103.2930963709,11.072636246993444,12.613269322611552,0.05506229119586662,161001.3894443251,3192,3020,2547,3836,2553,2370
341,-80394.18325194372,17027.763088225307,-63366.42016371841,11.641588307703502,12.37879602039106,0.05499027806181365,161261.63307253612,3458,2836,2465,3862,2584,2313
342,-84601.93067106686,17177.65203063277,-67424.27864043409,11.663541528678188,12.412521852044783,0.05508536801785753,161218.00519838804,3353,2943,2463,3766,2686,2307
343,-83154.67143769668,17076.885491878602,-66077.78594581809,11.630326051456418,12.65827254852127,0.05492521421470121,160805.79406684687,3537,2787,2435,3969,2469,2321
344,-85559.0374319884,17023.0746589939,-68535.9627729945,11.567463991764846,12.537632090561905,0.05501240390979403,161256.15887359143,3314,2976,2469,3647,2739,2373
345,-78251.05759946456,17728.2404362721,-60522.81716319246,11.189146929372702,12.959587304164762,0.0549416304281549,160937.42708527716,3183,3058,2518,3848,2626,2285
346,-79444.87149661493,16910.232772578784,-62534.638724036144,11.436641321951592,12.673566656665038,0.054922453424850484,161181.1046098678,3321,3035,2403,3692,2725,2342
347,-93071.28504444136,17359.636676284452,-75711.64836815691,11.709927960183474,12.706630222350697,0.05497575359502112,161274.9079583461,3182,2980,2597,3930,2566,2263
348,-85718.96357613202,16914.185319462922,-68804.7782566691,11.795595838036052,12.163158561149682,0.054880918208881864,160937.47896081445,3318,2859,2582,3670,2796,2293
349,-74423.52320451933,17537.46296572845,-56886.06023879087,11.56105141324264,12.322549306573467,0.054912757645037155,161161.73987809403,3466,2888,2405,3717,2865,2177
350,-95482.6217815,17525.390974265043,-77957.23080723496,11.343912902777973,12.6017864891179,0.05478701305192364,160775.8096137473,3271,2942,2546,3941,2615,2203
351,-86609.73713533238,17047.202217456997,-69562.53491787538,11.4476646015972,12.687025911703227,0.05498508070522995,161112.54030245382,3345,2945,2469,3760,2718,2281
352,-88685.92989323541,16975.83582685656,-71710.09406637885,11.367275856627867,12.232516471039622,0.0548598228453629,161448.71396975667,3270,2954,2535,3810,2643,2306
353,-87028.65149800846,16604.687693911234,-70423.96380409723,11.343675685143264,12.283793104944937,0.054924522520943285,160952.56380610942,3346,2972,2441,3845,2510,2404
354,-87637.34822940029,17264.574128821023,-70372.77410057926,11.41262099666441,12.489026891347027,0.054976280389195414,161430.25606004827,3212,2952,2595,3747,2720,2292
355,-80270.0836370774,17215.705791253822,-63054.37784582358,11.623000552171515,12.775265893911087,0.0549874572257954,161436.75535920286,3292,2953,2514,3818,2692,2249
356,-84103.14453786818,17222.19584137946,-66880.94869648872,11.494360722231354,12.587943695265531,0.05497335787268727,160982.2506644394,3414,2834,2511,3846,2628,2285
357,-80692.71033132407,17004.99386687439,-63687.71646444968,11.466839172176948,12.215044286627355,0.05496899619558756,161181.44057162246,3450,2824,2485,3838,2653,2268
358,-86123.28296532152,17414.093541814804,-68709.18942350672,11.447494698075932,12.389601200030054,0.05492984666276145,160604.43417230475,3362,2776,2621,3795,2744,2220
359,-83841.29426104222,17659.629601556317,-66181.6646594859,11.271451461169594,12.70951365016541,0.054952526028028637,161308.87976544842,3298,2953,2508,3810,2682,2267
360,-91353.78663955416,17147.33282887733,-74206.45381067683,11.31090257821253,12.40477981834326,0.054832290168032774,161467.7631322964,3217,2948,2594,3720,2675,2364
361,-80895.12944126749,17671.24306247856,-63223.88637878893,11.148461949846949,12.778178799206138,0.05497934151747123,161274.68518228867,3283,3032,2444,3838,2676,2245
362,-78842.59603361445,17237.872578740036,-61604.723454874416,11.187358603585698,12.375565101923948,0.05498516899012182,161401.55140406603,3304,2881,2574,3756,2704,2299
363,-88108.17298153407,17595.34854340803,-70512.82443812603,11.376565952784286,12.570567317551934,0.055050361934265886,161331.78474470484,3480,2822,2457,3755,2754,2250
364,-88859.69644761058,17677.885885953998,-71181.81056165657,11.48779230026088,12.528726164570342,0.0549717666666956,160911.52418465866,3375,2828,2556,3800,2750,2209
365,-81253.18274014356,17463.153866386176,-63790.02887375739,11.818789167170856,12.28186135365733,0.054892163019024394,160924.77218744517,3336,2859,2564,3757,2757,2245
366,-78013.8412688627,17935.17229583218,-60078.66897303052,11.198852356872353,12.720050711200543,0.05494196517280887,161341.74948907277,3304,3076,2379,3918,2643,2198
367,-81430.59540111102,17670.967138515713,-63759.6282625953,11.651908659720334,12.767890324559087,0.05520994811035282,160960.82284625267,3396,2846,2517,3935,2636,2188
368,-73347.3403092514,17524.234537891552,-55823.10577135986,11.378153866101803,12.730084588506767,0.054957405048001944,161353.42745342953,3308,2860,2591,3797,2665,2297
369,-75412.25618381426,17349.15895051511,-58063.09723329915,12.030795186537853,12.582805044525264,0.05496919310033708,161266.72157515824,3475,2893,2391,3862,2640,2257
370,-83444.5985106451,17597.904094541478,-65846.69441610362,11.356126451194616,12.576453599069401,0.055036609511235346,161902.83886128574,3181,2903,2675,3646,2781,2332
371,-83214.0635210938,17064.895822671282,-66149.16769842252,11.221618027319591,12.483145919802094,0.05504854494133068,161424.81100753855,3285,3031,2443,3765,2615,2379
372,-90433.70016829617,16861.870087900836,-73571.83008039533,11.275283002905871,12.527864194174791,0.054784900952840616,160941.04882551395,3292,2923,2544,3877,2565,2317
373,-84050.50670751354,17214.51127074516,-66835.99543676838,11.449583006867831,12.441399888172427,0.05486223091208743,161332.23536234692,3292,2906,2561,3821,2681,2257
374,-79488.76895415747,17187.176845875623,-62301.59210828184,11.451154415305673,12.55602454603656,0.05489271677379381,161239.49232326864,3393,2868,2498,3769,2703,2287
375,-82100.52530859143,17057.09607476038,-65043.42923383105,11.535059470419796,12.757579946195353,0.05482060808250815,161216.80832825872,3306,2979,2474,3841,2550,2368
376,-91547.97574803325,17111.999323564996,-74435.97642446824,11.625050699075489,12.581925117022632,0.055107699653890105,160705.2517285477,3405,2749,2605,3880,2597,2282
377,-76806.81108553072,17394.129026172464,-59412.68205935825,11.262445058771165,12.757757483934942,0.05492851708170001,160735.97441268258,3287,2879,2593,3883,2615,2261
378,-78268.33097303557,17271.71750789737,-60996.6134651382,11.320882779100794,12.809814661516885,0.05491289672848628,160945.89982667513,3495,2882,2382,3736,2765,2258
379,-86541.84577395082,17455.85513080526,-69085.99064314556,11.086678087659893,12.601705078609717,0.054895285713336385,160802.8163428393,3495,2752,2512,3879,2566,2314
380,-83386.29449601239,17635.89820297791,-65750.39629303447,11.20377760037903,12.542059224281886,0.054917355762956324,161281.74091014895,3460,2947,2352,3807,2683,2269
381,-83291.03614646093,17470.301381458838,-65820.7347650021,11.354535272504796,12.511259099268761,0.05504982134685975,160999.73660962636,3374,2869,2516,3805,2738,2216
382,-81267.25679415141,17555.39347426347,-63711.86331988794,11.691516695508653,12.45119751007366,0.05504290057544959,161526.06655083087,3389,2881,2489,3748,2771,2240
383,-82825.34830382175,17615.083287324545,-65210.26501649721,11.47921376344166,12.54000166386463,0.05494943067663662,160771.82311375794,3217,3072,2470,3997,2607,2155
384,-80156.73175335232,17419.505843500036,-62737.22590985228,11.23858648940093,12.373997905728036,0.054998385035522825,161335.26732101451,3423,2958,2378,3723,2729,2307
385,-82849.21081493296,17840.459125313628,-65008.75168961933,11.54905831392219,12.627423198638448,0.05472492636267729,160855.0262764429,3315,2887,2557,4006,2538,2215
386,-81820.16076030377,17576.34030341991,-64243.820456883856,11.448167097333162,12.516380454092625,0.05482042358868614,161310.06798390963,3207,3142,2410,3682,2834,2243
387,-84286.02766725066,17672.688687036098,-66613.33898021455,11.010441451030651,12.394504812216807,0.05496951395994582,161235.25099499832,3285,2954,2520,3809,2686,2264
388,-77628.79903289163,17429.72242492629,-60199.07660796534,11.474191875930503,12.401049809097492,0.054960293912471106,161219.62259383893,3509,2812,2438,3777,2705,2277
389,-73882.87249523844,17442.425932278962,-56440.44656295948,11.414270695629368,12.503663541958662,0.054802280627859044,160792.26574423845,3376,3086,2297,3926,2551,2282
390,-69802.13068281222,17225.530997693455,-52576.59968511877,11.893983242792427,12.27693855000078,0.0550041863341793,161226.47151977522,3499,2733,2527,3754,2698,2307
391,-81551.83144430467,17310.491136559336,-64241.34030774533,11.51096003922501,12.302323455739298,0.05478092027168508,160831.5115649338,3291,2861,2607,3884,2625,2250
392,-92335.33145954052,17743.923956185612,-74591.40750335492,11.196421620252666,12.585825655016135,0.054898786375674545,161042.50017866952,3229,2910,2620,3810,2723,2226
393,-86072.21370943334,17514.09503575184,-68558.1186736815,11.201048439190112,12.676275072602007,0.0550715762013189,160862.0405553785,3412,2918,2429,3903,2597,2259
394,-77487.10078942041,17247.036178528364,-60240.06461089205,11.415170244018618,12.506102880946326,0.05492034080169997,161256.8049054058,3382,2805,2572,3847,2612,2300
395,-88301.81319918887,17706.930790081886,-70594.88240910698,11.375558023893193,12.396033393805752,0.054990557954513755,161150.8821719631,3336,2912,2511,3863,2746,2150
396,-79690.6999835625,17548.58175569035,-62142.11822787215,11.630417845763079,12.30340344405615,0.055062827899968664,160750.01625308348,3418,2890,2451,3914,2676,2169
397,-77958.16820454734,17717.97040439869,-60240.19780014866,11.602024307503317,12.529458026178112,0.0550110379174214,160718.99999501754,3338,2959,2462,3866,2686,2207
398,-73661.49729366503,17357.172349851935,-56304.324943813095,11.026950848234069,12.284187154843003,0.054892573430128544,161072.42672600457,3337,2931,2491,3852,2573,2334
399,-83368.223979004,17479.896232949883,-65888.32774605413,11.08957001295732,12.393590118871014,0.05494899016021019,161060.48765355005,3028,3180,2551,3877,2649,2233
400,-82552.97953961942,17268.080781237437,-65284.89875838198,11.11827209499363,12.162144927508688,0.05511810874461334,161829.8037677721,3476,2810,2473,3790,2604,2365
401,-78874.88056926426,17167.38740795704,-61707.493161307226,11.243286547396314,12.270261941532178,0.05515892348035524,161674.44160680988,3361,2801,2597,3759,2682,2318
402,-80893.4409334198,17697.66552781917,-63195.77540560063,11.064401909039045,12.220502001440686,0.055130983839468246,161138.9495973695,3433,2895,2431,3860,2637,2262
403,-81487.71657242661,17946.41796178125,-63541.29861064536,11.134461969675101,12.709825235941553,0.05492056856646061,160950.57378700888,3340,3023,2396,3974,2602,2183
404,-86412.98042493127,17210.18417784997,-69202.7962470813,11.02143923577271,12.38000898169055,0.05495850696142922,161139.24605598458,3578,2746,2435,3809,2689,2261
405,-79890.93628714484,17584.24516514907,-62306.69112199577,11.239959747006935,12.25259349599813,0.05485786899370571,160888.25095446198,3496,2908,2355,3901,2584,2274
406,-75236.61497564687,17646.863152478654,-57589.75182316821,11.306496599685252,12.411790660044215,0.05493131675480063,161061.7214307714,3460,2838,2461,3774,2694,2291
407,-80729.72950711384,17788.81032220627,-62940.919184907565,11.497109533130887,12.44445434182112,0.05512354640641446,161727.05332408418,3410,2888,2461,3698,2858,2203
408,-75112.62793610073,17993.234881734712,-57119.393054366024,11.62333007839777,12.72996428153379,0.05470937292693692,160863.8036563544,3531,2787,2441,4018,2630,2111
409,-65998.6457561223,17585.513350091067,-48413.13240603124,11.142361804439174,12.517641157556222,0.054922639099771686,161306.07668003245,3336,3053,2370,3895,2571,2293
410,-70605.9156760915,17411.331550672967,-53194.584125418536,11.245293724329263,12.416123574250635,0.05488702576690409,161346.72743004048,3362,2950,2447,3769,2693,2297
411,-70185.82299007078,17740.35423886905,-52445.468751201726,11.520060955782983,12.363834480447132,0.05488099224688544,160950.47542932976,3323,2915,2521,3956,2635,2168
412,-86568.37491827885,17214.239390770872,-69354.13552750797,11.187567562743459,12.356844757754923,0.054979960887004145,161545.9855256553,3339,2837,2583,3804,2634,2321
413,-76760.26994554308,17518.2210755298,-59242.048870013285,11.05308734203101,12.449755956728422,0.05490775187347502,161212.15676365313,3312,3091,2356,3944,2590,2225
414,-78820.15808464677,17925.859640306677,-60894.29844434009,11.11542123303238,12.20588010170165,0.05498597855649531,161150.06281518552,3436,2820,2503,4008,2576,2175
415,-81268.77340804038,17749.872413846926,-63518.90099419345,11.126661567983506,12.381098878827364,0.05490224560178565,161213.23129908598,3392,2913,2454,3816,2824,2119
416,-84215.73245167264,17286.06063779034,-66929.6718138823,10.987113365801221,12.285084729947224,0.05487048095814201,161178.29178132472,3392,2823,2544,3998,2515,2246
417,-82686.63251747322,17987.901609686352,-64698.73090778687,10.902315533088132,12.2714863736292,0.05502810471293752,161184.57626778857,3324,3003,2432,3877,2710,2172
418,-86536.22956080361,17591.531864575652,-68944.69769622796,10.87124929504676,12.444927765657518,0.054877489195996144,160997.51340449488,3307,2841,2611,3922,2565,2272
419,-78948.9146652257,17473.86804404902,-61475.04662117668,10.996491292509154,12.280739640019295,0.0550235959259926,161504.96875330602,3553,2810,2396,3718,2849,2192
420,-74863.62529023593,17302.592201768446,-57561.03308846748,10.973400711364977,12.549957293080006,0.054997572994199995,161194.56123869473,3404,2865,2490,3897,2557,2305
421,-83456.08338717371,18064.445383601316,-65391.6380035724,11.221556407848842,12.723422533315597,0.05494758290142892,160974.91628671114,3202,2983,2574,4018,2507,2234
422,-77725.34396399412,17578.71788137745,-60146.62608261667,11.026314776021401,12.36496784347103,0.05508991351546216,161174.9010393784,3469,2733,2557,3801,2665,2293
423,-84519.20904911944,17292.027141553142,-67227.1819075663,11.39148794466206,12.14333395597405,0.05503887913774714,160847.30894540026,3426,2716,2617,3951,2612,2196
424,-68702.11326737591,17542.378376108387,-51159.73489126752,11.326354718376491,12.265334900710068,0.05486623838485364,161394.4850539529,3361,2959,2439,4001,2517,2241
425,-76856.00105604796,17441.881662331492,-59414.119393716464,11.111874910689478,12.189595873678417,0.055042718520590075,160844.75655623066,3469,2888,2402,3897,2671,2191
426,-72805.40326569429,17792.54833141184,-55012.85493428245,11.140676497148638,12.343386667312155,0.05491999245474643,161060.57053098694,3485,2902,2372,4017,2534,2208
427,-80674.08364681904,17719.13669784577,-62954.94694897327,11.42201599453434,12.308983140281162,0.05493216579880683,161015.18826566153,3501,2848,2410,3952,2537,2270
428,-69579.83292751554,17959.751182010004,-51620.08174550554,11.053582255380903,12.322097644331313,0.05491316840072375,161245.24838802952,3173,3311,2275,3870,2693,2196
429,-79375.08943236675,17446.414788411264,-61928.674643955484,11.000123855638664,12.221284391444897,0.05496880806047499,160796.2391697507,3657,2721,2381,3947,2552,2260
430,-74014.89139844613,18418.205246282447,-55596.686152163675,11.313218198086282,12.466484975899037,0.05501797010049936,161096.4320477337,3463,2852,2444,4068,2536,2155
431,-73799.18255822874,17871.46641574001,-55927.71614248873,10.999522477446975,12.719793605228906,0.05503793014600315,161338.10468979762,3412,2953,2394,4142,2463,2154
432,-80614.09007604628,17540.001292729925,-63074.08878331636,10.93327854346333,12.743771051197784,0.05492158751235993,161181.37291926862,3487,2775,2497,3848,2627,2284
433,-73533.22056275641,18643.472637309158,-54889.74792544726,11.183584775744462,12.776624205923262,0.05482877442986098,160973.86475669118,3175,3164,2420,3984,2688,2087
434,-84454.13038227316,18167.78512497528,-66286.34525729789,10.767854331336741,12.673356960219195,0.054941112568743726,161238.7732959305,3425,3095,2239,3957,2679,2123
435,-75739.11028248916,17616.02128116608,-58123.08900132308,11.174723701040026,12.522923827695307,0.05478336541292553,161179.06017940404,3296,3039,2424,3790,2710,2259
436,-83816.2761387369,17557.434088580776,-66258.84205015612,10.964338390000172,12.488951866564559,0.05497868394940151,160856.09054372046,3310,2819,2630,3739,2751,2269
437,-79370.9243304819,18422.38590011368,-60948.538430368215,11.285044217056154,12.72710639838219,0.054904695855099606,161024.2649207321,3196,2933,2630,4062,2471,2226
438,-75244.37224620192,18272.56364798212,-56971.8085982198,11.444680510420273,12.991973881080085,0.05495618530012056,161060.84544411767,3369,2869,2521,4100,2511,2148
439,-73984.8731821541,17887.377787257374,-56097.49539489673,10.914872273783516,12.758216827745754,0.05502954912400209,161121.80243115258,3171,3144,2444,3957,2526,2276
440,-73668.87439038882,18020.61154713861,-55648.26284325021,11.256297877525494,12.506988146815907,0.05509058406523203,161217.487969771,3532,2853,2374,4006,2627,2126
441,-76545.2366802351,17602.287704092898,-58942.9489761422,11.269737775275614,12.19754924203983,0.05491826926079776,161458.4567844372,3512,2911,2336,3924,2610,2225
442,-79945.92697987983,17726.378924321645,-62219.54805555819,11.597109962041031,12.177979651768615,0.05497262217574896,160761.41676820914,3379,2947,2433,3907,2675,2177
443,-75119.37600370696,17626.07722899234,-57493.29877471462,11.345540140802159,12.140782060766787,0.05505339634757908,161086.76671743684,3445,2933,2381,3864,2687,2208
444,-83913.88111012855,17725.250425087797,-66188.63068504076,11.49424525876353,12.344275186343765,0.05495336331767638,161201.77259062472,3449,2829,2481,3737,2879,2143
445,-68137.06170367704,17671.42875208968,-50465.632951587366,11.739197835634855,12.278518888660448,0.05501824422417685,160712.4409372718,3434,2921,2404,3961,2633,2165
446,-72441.95342078678,17930.216737889637,-54511.73668289714,11.20025108632723,12.148656317141128,0.05496605867370348,161284.4816977793,3458,2964,2337,3810,2744,2205
447,-62933.49334834415,18295.370833411293,-44638.12251493285,11.400047958357789,12.424783418562379,0.05482629722497848,160996.91505339503,3474,2908,2377,4041,2660,2058
448,-72191.44802405269,18466.442762878545,-53725.00526117414,11.405966984795572,12.356556605432857,0.05494468732276065,160989.11994397722,3175,3100,2484,4017,2659,2083
449,-74448.96202549731,18288.08789804483,-56160.87412745248,10.97107666168011,12.381977067977056,0.054971202632312796,160862.75830073512,3508,2801,2450,4078,2566,2115
450,-76324.53838588232,17796.421095318077,-58528.117290564245,11.302169715290743,12.186633003467808,0.05512335612301282,160668.02118820336,3447,2827,2485,4003,2603,2153
451,-66767.08908946828,17883.591370190305,-48883.49771927798,11.484122628152196,12.101610713200722,0.05482201962442636,161176.29545128864,3429,2876,2454,3924,2617,2218
452,-71102.60784347274,17865.87884356013,-53236.72899991261,11.03744070205663,12.115484427150811,0.054871758376185235,160873.37876887378,3558,2796,2405,3874,2748,2137
453,-70965.32091723994,17949.996185510274,-53015.32473172966,11.151777496631533,12.189922410565186,0.05501545228742399,161487.92310274084,3353,2976,2430,3856,2663,2240
454,-64157.93417480983,18181.76250010852,-45976.17167470131,11.268861944930523,12.412547422893073,0.054879981306369535,160982.8656047479,3441,2925,2393,3993,2642,2124
455,-66486.57960694238,17947.47151355465,-48539.10809338773,11.097651713455736,12.269476663870297,0.05489737459273746,160806.17559695555,3681,2769,2309,3970,2608,2181
456,-70683.71015334006,18058.57304525969,-52625.137108080366,10.559685978741815,12.509378918427288,0.05501848373034539,161470.8104020884,3493,2746,2520,3954,2691,2114
457,-69825.64439299311,17877.532232362093,-51948.11216063102,10.586069790303087,12.411261247602706,0.05488852005328092,160956.89348408868,3536,2788,2435,3961,2479,2319
458,-79444.65306257032,17865.393764076878,-61579.25929849344,10.84463370984537,12.460153755290582,0.054826182469653116,160604.12704082738,3441,2723,2595,4023,2625,2111
459,-73439.5814081131,17765.949266686657,-55673.63214142644,10.81220648549874,12.343603963214381,0.05482956543556189,161494.73068278152,3370,2963,2426,3829,2718,2212
460,-65399.48880975637,17743.0840940941,-47656.40471566227,11.051379081501878,12.367999700919194,0.05486239576130524,160738.55938451466,3619,2804,2336,4028,2574,2157
461,-72200.8859897295,18000.36641215249,-54200.51957757701,10.979439609213893,12.279313870424527,0.05486303056708839,161020.27929381194,3308,2977,2474,3982,2678,2099
462,-71006.30586215346,18132.45784913439,-52873.84801301907,11.244994191102847,12.19636513357892,0.05485457998225684,160628.3002599622,3322,2974,2463,4026,2617,2116
463,-69944.21398715038,18858.54140125986,-51085.67258589051,11.349993370894762,12.420987278722802,0.054800475375962276,160174.93737763102,3383,2805,2571,4134,2603,2022
464,-70274.05879735258,18061.261073112786,-52212.7977242398,11.110303308609913,12.102637097735801,0.05508034438322036,160996.33334598265,3446,2853,2460,4000,2593,2166
465,-73718.05660388594,18400.520553674498,-55317.53605021144,11.216456122516245,12.30187267561721,0.054989885982157684,161041.63913670817,3605,2776,2378,4022,2630,2107
466,-69157.16571706366,18044.608782435535,-51112.556934628126,10.956711051340102,12.151869667439456,0.054789927756131965,160965.3881125205,3471,3029,2259,3925,2757,2077
467,-82663.27774720418,17867.48678644057,-64795.79096076361,10.976441839475125,12.330886697442095,0.05483812786132851,160608.47940888282,3554,2779,2426,4071,2531,2157
468,-61488.280896633616,18474.276299761128,-43014.00459687249,11.199882450127864,12.502091424332205,0.05482871761063295,160592.03379754318,3579,2804,2376,4072,2586,2101
469,-75855.2624288271,18195.513158712984,-57659.74927011412,10.853684066779117,12.496004987020525,0.05501501677452554,160964.12879144915,3365,2903,2491,4087,2601,2071
470,-63156.25341631388,18081.4661932397,-45074.78722307418,11.231418476908201,12.59759184911924,0.054901107398120035,161080.2305393245,3505,2919,2335,3977,2541,2241
471,-70161.77087825224,17976.670024610485,-52185.10085364175,10.842504306554313,12.396165997989698,0.05489557780906208,161487.49026703084,3287,3084,2388,3842,2663,2254
472,-75282.4306683902,18098.01300691347,-57184.41766147673,11.240781452369822,12.259917628580206,0.0548926506179156,161219.31860970196,3601,2786,2372,3956,2573,2230
473,-74537.26484659254,18417.634807120736,-56119.63003947181,10.985859272767163,12.395105370243959,0.054993670858329735,161325.06727334246,3507,2828,2424,3984,2580,2195
474,-78990.08380988734,18075.994018198475,-60914.089791688864,10.874539289470048,12.295848013490867,0.05484272219752076,161395.18320975438,3340,2947,2472,4021,2508,2230
475,-61960.30529334204,17771.70177653557,-44188.60351680647,10.832597522807086,12.29321768332879,0.05498422809094878,161276.1496354571,3590,2869,2300,4005,2631,2123
476,-71855.71636328021,17942.972011703332,-53912.74435157688,10.697658970316896,12.214638258150204,0.054933559800271044,160832.6668993418,3467,2895,2397,4018,2556,2185
477,-67955.96944593157,18059.132933652985,-49896.836512278576,11.029939633796495,11.96731672057506,0.0548774805064628,160864.99713763708,3535,2788,2436,3878,2774,2107
478,-77982.13217316548,18403.85588314,-59578.276290025475,10.903549610846397,12.327580150733635,0.054887752225237986,160826.71847212248,3477,2855,2427,4011,2650,2098
479,-61384.466005882685,18324.3970668227,-43060.06893905999,11.188818744048396,12.535103223965248,0.05485294144593704,160942.96416747573,3567,2898,2294,4055,2620,2084
480,-73626.96100051765,18320.632685312405,-55306.328315205246,10.995335983526918,12.573951072137278,0.05484210322015749,160699.45307091437,3674,2743,2342,4127,2431,2201
481,-72036.49343746186,18150.452324026588,-53886.041113435276,11.047552376056466,12.390046947115446,0.05487351824704542,161105.1580803779,3575,2831,2353,3913,2644,2202
482,-66900.707059144,18103.634494256417,-48797.07256488758,11.169451867682442,12.492678481487445,0.054931034851536976,160869.20995932102,3540,2784,2435,3907,2705,2147
483,-70082.0200409324,18044.95839653117,-52037.061644401234,11.03027217888129,12.13089855617668,0.05498108976440755,161119.74781558034,3749,2742,2268,3983,2516,2260
484,-61038.52700201471,17855.669941029777,-43182.85706098493,11.216216010973161,12.163717969461617,0.0549126247618263,160708.5783763361,3552,2763,2444,3850,2796,2113
485,-52347.87506998411,18273.092186354308,-34074.7828836298,11.187936151570916,12.217084180119047,0.054987039618236346,160938.31976300603,3593,2877,2289,4088,2548,2123
486,-75700.1175604515,18339.477281059364,-57360.64027939214,10.760934639820944,12.260172601369588,0.05499078725340038,160962.2918347774,3268,3101,2390,4100,2503,2156
487,-64343.27249308985,17969.228983140234,-46374.04350994961,11.014621843602797,12.07436368126071,0.05498756714380232,161078.44215683368,3318,2977,2464,3924,2739,2096
488,-64975.21589202459,18166.66664342175,-46808.54924860284,11.087081005035959,11.990843644431838,0.05497396595282127,161393.7619670526,3429,3063,2267,3981,2616,2162
489,-68850.83083362255,18779.88481006617,-50070.946023556375,11.336154214684507,12.25820298106128,0.05500030556920155,160993.03953974118,3493,3070,2196,4033,2636,2090
490,-78769.72281792825,18131.011350416167,-60638.71146751208,10.816055291378207,12.139498963308714,0.05490707514885081,161364.515809894,3332,2945,2482,3960,2672,2127
491,-73216.50871203867,18448.952099009224,-54767.55661302945,10.753934317642726,12.234089759706169,0.05488025102601359,160738.94253255238,3507,3061,2191,4104,2546,2109
492,-64095.65325393678,18672.410871209326,-45423.24238272746,11.11764271832176,12.406553842616844,0.0549956984487269,160775.42807037453,3584,2888,2287,4287,2434,2038
493,-68370.41231793544,18597.24427503876,-49773.16804289668,10.987933637907398,12.332241305650763,0.05492678500978104,160984.26675905506,3231,3071,2457,4091,2488,2180
494,-71865.15485299536,17879.87012778344,-53985.28472521192,10.815356600022675,12.269574458856802,0.055047843351525724,161321.26387619786,3434,2894,2431,3918,2651,2190
495,-76095.35982287776,18885.70482123641,-57209.655001641346,10.744569856705468,12.590627948732983,0.054988891631676445,160466.49070649158,3302,3126,2331,4099,2654,2006
496,-66569.15795887185,18528.47384505182,-48040.684113820025,10.69568876668594,12.6326874581802,0.05500162473812684,160727.85676645188,3440,2792,2527,4182,2475,2102
497,-70099.72145650366,18179.475636558065,-51920.24581994559,11.004442648239584,12.48714842475289,0.05485529068884494,160613.02604386737,3617,2688,2454,4156,2455,2148
498,-68058.5020825199,18617.149467340976,-49441.35261517893,10.980033413958997,12.446620476073411,0.055006640166572474,160878.40430343832,3346,3006,2407,3984,2617,2158
499,-68134.98475330288,18127.35773510754,-50007.627018195344,11.226777623677396,12.02940619541939,0.05494586476134923,161006.64308195424,3531,2838,2390,4061,2597,2101
500,-70909.13575877543,17977.5406474633,-52931.595111312134,11.08508518893189,12.476508938552737,0.05489885071015771,160854.12021280295,3428,2914,2417,4008,2591,2160
501,-64404.2551667069,18365.036007595783,-46039.21915911112,11.263698948993586,12.695879132528354,0.05477480341146505,160559.68241763127,3613,2727,2419,4100,2492,2167
502,-76901.07308728083,17743.126557712672,-59157.94652956816,11.403062356764153,11.950803372205193,0.05494422603402861,160542.29099904408,3428,2784,2547,4081,2624,2054
503,-68616.14350801347,18361.010481846944,-50255.13302616653,10.447563056752502,11.97123314829938,0.055142988257832246,161130.12520754262,3274,3177,2308,4074,2589,2096
504,-74683.89022280948,19236.606399998363,-55447.28382281112,10.551259105033136,12.406197355848295,0.05498028223675414,160806.82964864915,3212,3237,2310,4237,2626,1896
505,-64447.07394836624,18388.577482217563,-46058.496466148674,10.339201932512495,12.60613639499575,0.05489331181995973,161243.24496569188,3572,2892,2295,4158,2467,2134
506,-62060.40036360132,18699.113526846457,-43361.286836754865,10.712530005617452,12.59778595716111,0.05500389117290875,161382.18825280332,3344,3044,2371,4012,2640,2107
507,-77665.31349454107,18080.99557232039,-59584.31792222068,11.078800398335321,12.154508214915182,0.05489957510521899,161022.02800045666,3305,3085,2369,3960,2588,2211
508,-66194.84476221098,18287.324461215205,-47907.52030099578,11.320884123676892,12.320219912956832,0.05495947618627253,160724.47686895847,3387,3017,2355,4119,2544,2096
509,-72582.36575921114,18172.069933251623,-54410.29582595952,11.202063041343505,12.269427060256035,0.05489780316273828,160543.09175580816,3583,2765,2411,4252,2459,2048
510,-66032.11189657862,18656.587783830666,-47375.52411274795,10.659795795929028,12.24855529211612,0.05491027750091311,160955.80022446532,3540,2843,2376,4110,2610,2039
511,-64751.07634342217,18972.70113731814,-45778.37520610403,11.09116289449607,12.293355293969881,0.054880722834486195,161194.5244434121,3369,3042,2348,4107,2567,2085
512,-70116.11324975018,18408.07745836437,-51708.03579138582,11.070590555038711,12.540818634798956,0.054924225286093024,160522.38641607543,3411,2994,2354,4218,2514,2027
513,-73019.9623763664,18417.140396397626,-54602.82197996877,10.929651425416047,12.513934709924298,0.05503444163914899,160546.33168727122,3515,2812,2432,4191,2541,2027
514,-75123.10964408588,19048.863829249156,-56074.24581483673,10.475900500671692,12.571580065465207,0.05488396224289185,161027.87263938633,3600,2816,2343,4216,2470,2073
515,-65909.67604786092,18506.255705842545,-47403.42034201838,10.870373519003923,12.44181122194644,0.054908379406118674,161103.56051960212,3538,2778,2443,4064,2628,2067
516,-71086.25916376169,18273.81364461615,-52812.445519145534,10.623214584930988,12.279518591349131,0.05497646573522342,161001.36215403542,3736,2753,2270,3960,2698,2101
517,-69371.09246631007,17922.87877762304,-51448.213688687036,10.690796734588405,12.096754225185705,0.05493113541792259,160785.16725208814,3579,2627,2553,4093,2505,2161
518,-72929.18485197442,18451.266195560187,-54477.91865641424,10.943389889964728,12.086861511491017,0.05499740765816178,161189.13028545826,3475,2917,2367,4125,2560,2074
519,-70071.95518179818,17989.47162838208,-52082.4835534161,10.448842258012162,11.813965903157522,0.055020838101951554,161734.14219000583,3558,2657,2544,3925,2726,2108
520,-73608.27130849917,18937.374232570615,-54670.89707592856,10.669580122011926,12.179108348853546,0.05494106355918453,160716.2914033435,3400,2951,2408,4030,2681,2048
521,-81336.75625239489,18715.546760557772,-62621.209491837115,10.47482022287043,12.19041382598187,0.05481666911781659,160731.51871694342,3175,3316,2268,4023,2596,2140
522,-70613.06108930556,18687.519410314304,-51925.541678991256,10.52629322562143,12.11113192955396,0.05485983596535801,160252.20838113377,3450,2772,2537,4333,2470,1956
523,-68859.05827298344,18893.503499611503,-49965.55477337194,10.6874775189448,12.441171427642857,0.05476380637715201,161197.09744102551,3551,2952,2256,4156,2519,2084
524,-72632.21931459545,18412.89887187278,-54219.320442722674,10.579470537978537,12.379603096597723,0.05483685585058233,160803.63958871918,3534,2918,2307,4186,2405,2168
525,-69148.46554011511,18028.196458154547,-51120.26908196056,11.033575199757939,12.06337779007216,0.05499311098450708,160577.15567049914,3689,2752,2318,4179,2449,2131
526,-61894.96972245885,18328.040373861888,-43566.92934859697,10.923049017416636,12.243854504283327,0.05488671620482105,160941.60599095604,3418,2877,2464,4166,2445,2148
527,-70198.91048793394,18219.02896836164,-51979.8815195723,10.718569342843423,11.896667860495647,0.05496493297148266,161037.36105735766,3641,2660,2458,4033,2703,2023
528,-65706.37044782993,18168.041924405716,-47538.32852342422,10.741958703288994,11.805542301719115,0.05487813006453185,161039.77949369833,3650,2946,2163,4081,2568,2110
529,-65110.81118203648,18182.341920817875,-46928.469261218605,10.515410996805038,11.969126226854952,0.055001763611444016,160950.09363562666,3559,2942,2258,4158,2590,2011
530,-75734.70323602781,18346.417004737625,-57388.286231290185,10.970756917068103,12.193336275858636,0.05477966756329656,160446.7227309183,3490,2878,2391,3984,2712,2063
531,-71618.1209912091,18121.45599567297,-53496.66499553613,10.700744133878528,11.984358355250455,0.05484484752906473,160968.33863751698,3343,2952,2464,4046,2594,2119
532,-67744.71508281861,18144.357687959804,-49600.35739485881,10.56031643905969,11.92691718506637,0.05480926764962953,160577.75977720335,3824,2675,2260,4148,2518,2093
533,-68364.77005612788,18359.615410214054,-50005.15464591382,10.756640211795693,12.239701322616453,0.05505518345597452,160749.01437137168,3636,2829,2294,4148,2550,2061
534,-67821.17921141708,18547.166670168896,-49274.01254124819,10.810843679242707,12.086598674297363,0.054944520401371634,160424.29067761943,3372,3106,2281,4205,2580,1974
535,-68546.59529492266,18839.745231707577,-49706.85006321508,10.889158914936337,12.02435602880707,0.05491314226808742,161381.18617819087,3331,2977,2451,4093,2519,2147
536,-68979.41925718894,18341.348806946135,-50638.07045024281,10.900534621697423,12.012673962061335,0.054845556071535594,161107.47417891456,3565,2863,2331,4076,2703,1980
537,-68915.11553217506,18357.384392523687,-50557.73113965137,11.201803442329902,12.127122086304654,0.05492748771714883,161049.5107667413,3639,2901,2219,3936,2764,2059
538,-69540.6653139647,18367.257119929407,-51173.40819403529,11.01650118913848,11.961061551196154,0.054846019925533396,160721.91154266903,3574,2832,2353,4076,2554,2129
539,-57628.95609888291,18650.862106082364,-38978.09399280055,10.644261473291689,12.40343042370896,0.054901787441875266,160915.5524996172,3388,3031,2340,4132,2471,2156
540,-61439.90808691155,18673.113960300423,-42766.79412661113,10.69901038795587,12.182934421169772,0.05502024779305108,160818.15916969132,3553,2867,2339,4020,2660,2079
541,-68714.96208200899,18254.799478615707,-50460.162603393284,11.023318760067452,12.207004176755113,0.0548039142345662,160660.54683384363,3666,2712,2381,4114,2537,2108
542,-65171.592978996334,18067.436319421457,-47104.15665957487,10.771626229664756,12.109171218128562,0.05501424326269596,160816.33187472625,3452,2840,2467,4094,2556,2109
543,-67882.41228364523,18179.97038712799,-49702.44189651724,10.99882694944176,11.852762802019669,0.05480947123704865,160719.40866233115,3688,2757,2314,4086,2657,2016
544,-58120.53962418671,18487.181885063455,-39633.357739123254,10.987766713787902,11.930033082003025,0.05497522494921875,160384.30682479482,3559,2933,2267,4209,2439,2111
545,-62843.40754394134,18298.446114055125,-44544.961429886214,10.785694735136946,11.973199349025066,0.054866074474988945,160345.3938591478,3390,3019,2350,4191,2432,2136
546,-65060.45651186483,19232.116247574042,-45828.34026429079,10.499436618132496,12.141697587796028,0.054767314041621204,160224.25270420272,3303,2934,2522,4262,2489,2008
547,-69975.54993416471,19017.12911606416,-50958.42081810055,10.572262232066262,12.256174048326146,0.054824224484629334,160137.7733816429,3566,2789,2404,4102,2669,1988
548,-57466.85558489855,18654.038251773534,-38812.817333125015,10.47453025069923,12.14561717376318,0.054717380404905105,160831.6524523307,3553,2944,2262,4257,2334,2168
549,-53970.09407738831,18994.379431700378,-34975.714645687935,10.816445594278147,12.04897998237828,0.055048799489694454,161126.71642873914,3688,2830,2241,4067,2694,1998
550,-66891.56098548246,18745.62181688731,-48145.93916859515,10.405164899981374,12.169555669156303,0.05483268548159978,160592.1053261904,3748,2720,2291,4178,2526,2055
551,-62253.52701494741,18991.52144121999,-43262.00557372742,10.427430064242504,12.298799231914556,0.05487968591205423,160664.53817417173,3614,2776,2369,4187,2466,2106
552,-64589.960414722846,18735.996130831278,-45853.96428389157,10.896630590833409,12.199525053652778,0.05488412720348786,160370.62473360405,3605,2827,2327,4301,2434,2024
553,-79574.23430559898,18313.818758901936,-61260.41554669704,10.610976466458283,12.227340007008243,0.055056828100476886,160774.09454891368,3537,2811,2411,4172,2504,2083
554,-63198.076375525125,18342.29700063078,-44855.779374894344,10.501565778231408,12.380253391054524,0.054829590084666875,160131.3273684997,3814,2733,2212,4238,2446,2075
555,-61578.9370217308,18657.943246932744,-42920.99377479806,10.551622342639973,12.251988875494655,0.054946130115051964,161278.20189147236,3347,3047,2365,4057,2570,2132
556,-69625.96709713104,18937.719809358532,-50688.24728777251,10.193133759325674,12.153149670214775,0.05481881340379946,161035.9709989456,3534,2821,2404,4063,2555,2141
557,-66530.06899295568,18899.950478843548,-47630.11851411214,10.515501577352,12.195494326382645,0.05475641953508871,160915.32986097818,3525,2686,2548,4109,2595,2055
558,-61975.12658000908,18995.450504099063,-42979.676075910014,10.618972062623778,12.294692793978802,0.05481710265530437,160621.52801970058,3709,2779,2271,4100,2614,2045
559,-70349.14152972747,19145.21857524777,-51203.9229544797,10.430969810298683,12.167183136454184,0.05495683793700744,160394.05744603096,3232,3140,2387,4241,2479,2039
560,-69260.1357650319,18784.57445425417,-50475.56131077773,10.315564208267748,12.185677632088348,0.055038348027232314,160887.7865914273,3296,2987,2476,4197,2526,2036
561,-58154.31643890096,19212.438333579725,-38941.87810532124,10.637031605875963,12.224936969942632,0.05499187788711491,161380.3343653215,3372,2966,2421,4224,2529,2006
562,-56825.17617141795,18709.67301313382,-38115.50315828413,10.823346647051688,12.451244685140423,0.05506523978973721,160574.43809960404,3658,2861,2240,4241,2554,1964
563,-60416.80059749063,18205.78754379068,-42211.01305369995,11.080675789677988,11.845811884104492,0.054946207985917886,161174.34754917453,3817,2719,2223,4066,2604,2089
564,-63502.53016574669,19117.163618539547,-44385.366547207144,10.739690523426527,12.153537718239482,0.05489983639596332,160411.68381962253,3604,2738,2417,4273,2524,1962
565,-64458.62111631736,19207.019514313848,-45251.60160200351,10.656856645984359,12.404873730596847,0.05483462600893204,160734.81160812703,3478,2916,2365,4283,2412,2064
566,-59578.662239000165,18990.266010562358,-40588.39622843781,10.929921917867391,12.256977972865165,0.054793149437280725,160558.42270095053,3632,2838,2289,4096,2597,2066
567,-68664.55990263789,18729.76260081405,-49934.79730182384,10.65536283343415,12.386012228737881,0.05492859580656217,160978.33624936768,3592,2948,2219,4016,2706,2037
568,-64640.36859701865,19142.251599144245,-45498.1169978744,10.193758221338308,12.425895477131103,0.0549090662590113,160951.6976357836,3467,2948,2344,4188,2598,1973
569,-62877.27293389527,18635.8565740358,-44241.416359859475,10.460185391208311,12.170121108654817,0.05486323007753153,160482.43466311207,3642,2862,2255,4169,2581,2009
570,-59498.81478089283,18897.21852264019,-40601.59625825264,10.396194603528233,12.146970053109067,0.05498063746625073,160381.17744124623,3547,2945,2267,4131,2571,2057
571,-66328.97821756649,18955.068988023522,-47373.909229542965,10.668892815227691,12.122097478317565,0.054992112960389194,160298.4920715933,3528,2859,2372,4286,2563,1910
572,-69249.20201329995,18801.556549813373,-50447.64546348657,10.624949906112649,12.249146338061772,0.05502744071616369,160768.10423422736,3405,2951,2403,4192,2592,1975
573,-56679.63151162321,18623.606488411686,-38056.02502321152,10.499332528273918,12.212042975613373,0.054960284162643876,160940.16900706876,3532,2867,2360,4170,2546,2043
574,-59275.112093762975,17977.349593137173,-41297.7625006258,10.65313518392417,12.137539701785148,0.05495052903917635,160986.342886214,3490,2844,2425,4010,2542,2207
575,-59410.04063145494,18825.66098379121,-40584.37964766373,10.550123469860361,12.28521251284499,0.05492802156535813,160960.51251985424,3484,3020,2255,4306,2321,2132
576,-63284.9128268235,18807.057275999818,-44477.85555082368,10.790347786932365,12.265950782967124,0.054995230400481966,160496.74252423507,3741,2904,2114,4323,2439,1997
577,-63071.41719511707,18809.38931658496,-44262.02787853211,10.640011576013706,12.050057260114725,0.054935262951715885,160356.2567659622,3510,2963,2286,4243,2512,2004
578,-66131.67612873393,18744.46301503649,-47387.21311369744,11.033090320109531,11.991386752697682,0.054957744841331334,160254.0947318451,3632,2920,2207,4174,2586,1999
579,-59601.43036525433,18787.182267240474,-40814.24809801386,10.937386315263609,12.03679426761224,0.05495345806768752,161032.22328389503,3717,2825,2217,4206,2498,2055
580,-63693.925970052696,19052.09417693835,-44641.83179311435,10.815966671261503,12.275025153948746,0.05476636644269688,160118.65675815972,3588,2867,2304,4263,2499,1997
581,-70514.15206601254,18945.386758931912,-51568.76530708063,10.433141318854952,12.005000807583931,0.0549807205029576,160783.09847905333,3478,2818,2463,4130,2579,2050
582,-59336.664588005646,18709.90541947488,-40626.75916853077,10.332399562141976,12.159461163021076,0.054890156208889616,160578.43628603924,3598,2949,2212,4114,2600,2045
583,-54626.67523726148,19007.59787967109,-35619.07735759039,10.356596120837546,12.080853151454477,0.05493984388442561,161103.50107996352,3568,2935,2256,4138,2677,1944
584,-53661.25563406762,18233.368726073073,-35427.88690799454,10.485126650373058,11.922307968473167,0.05496358560409782,160858.9695192798,3552,2807,2400,3947,2815,1997
585,-60991.106733460794,19276.524301326765,-41714.58243213403,10.372429092828439,12.103035357924218,0.054935955853490266,160840.62893871783,3486,3082,2191,4242,2518,1999
586,-68306.50179433495,19104.882861627517,-49201.61893270744,10.617766345349056,12.308770346109553,0.054936280362205325,160684.5057412943,3605,2799,2355,4337,2442,1980
587,-56445.71757905118,18881.719546062555,-37563.99803298863,10.604529420780255,12.110686767431893,0.05493634984501175,160560.4088383456,3555,2888,2316,4350,2443,1966
588,-58497.33171496978,19213.246844001853,-39284.08487096793,10.3514482029154,12.202104136405294,0.054938849390184064,160424.49994314933,3531,2989,2239,4286,2537,1936
589,-55430.283139283776,19003.67516521195,-36426.60797407183,10.585743699490228,12.167997291190629,0.05501200209499823,160831.4695867913,3392,3031,2336,4307,2408,2044
590,-62136.94973786092,19029.631648275972,-43107.31808958495,10.353596400217057,11.836870412182385,0.05485336531719112,161040.32272242918,3778,2755,2226,4011,2743,2005
591,-55589.44350571323,18535.86622882578,-37053.577276887445,10.755492244490682,11.782598034362199,0.055033737680862865,160956.15615591183,3591,2779,2389,4129,2617,2013
592,-62251.15749258485,19086.12149174854,-43165.036000836306,10.707478192210134,11.766521723252078,0.05506826167541877,160648.38657619638,3604,2756,2399,4067,2693,1999
593,-61644.012101717686,19099.018641437706,-42544.99346027998,10.329944269580444,11.880307984472694,0.055073850959382976,160893.81017258353,3511,2862,2386,4183,2702,1874
594,-62925.255613771005,18897.72973147002,-44027.525882300986,10.209241789768408,11.848366657774239,0.054885223675862876,161025.0240526681,3436,2913,2410,4197,2525,2037
595,-60967.36229579962,19781.334507205964,-41186.02778859365,10.386473070838408,12.02917836894885,0.05490669647530015,161179.6337952108,3382,2963,2414,4342,2452,1965
596,-70815.81707769756,19295.85918508037,-51519.95789261719,10.44630898983739,12.195975692048602,0.05490252155243483,160090.18757427108,3498,3015,2246,4440,2325,1994
597,-66284.40347302779,19017.20244293678,-47267.20103009101,10.232431797295408,12.433319200767528,0.05481441955882831,160807.44074491828,3547,2917,2295,4324,2411,2024
598,-61692.79407434416,19066.661035932466,-42626.13303841169,10.32362260384539,12.143917641514472,0.054764439858864575,160767.77976904437,3564,2933,2262,4355,2477,1927
599,-60528.34776584073,20027.356445701756,-40500.99132013897,10.308746615548237,12.582548943308694,0.05488634869321575,160398.6651174993,3500,3181,2078,4387,2464,1908
600,-62709.25973886713,18789.247259604705,-43920.01247926243,10.74612940310253,12.345025322173877,0.054886177684996436,160652.7287388033,3382,3095,2282,4214,2472,2073
601,-55613.61472971169,18356.253354602708,-37257.36137510899,10.581679458713491,12.179494602710292,0.05485389809923382,160747.19774807506,3615,2842,2302,4231,2383,2145
602,-55119.43033406069,19206.634034090173,-35912.79629997052,10.818938842356495,12.238217459595923,0.05471878637891908,160672.81781299823,3374,3165,2220,4252,2389,2118
603,-59583.105974886574,17987.297855253397,-41595.80811963318,10.526034475835246,11.911680864671538,0.05504483124873849,161221.96810177783,3772,2720,2267,3941,2626,2192
604,-57608.02397489658,18834.02481813814,-38773.999156758444,10.570817719899873,12.097827828087992,0.05475981780361933,160422.910353641,3593,2869,2297,4148,2563,2048
605,-60507.88859703667,18754.240340521155,-41753.64825651552,10.82710559535291,12.051455088872562,0.05492413930189256,161200.4420104863,3636,2924,2199,4106,2559,2094
606,-59104.551670029716,18712.41999974167,-40392.13167028804,10.825149538310479,12.073368312913498,0.05483960624615869,160852.72558935662,3440,3148,2171,4102,2580,2077
607,-56248.542306479765,19067.17959831001,-37181.362708169756,10.766194515721622,12.10437888441883,0.054981451211884025,161170.8099616805,3438,3025,2296,4298,2433,2028
608,-68585.79064627361,19074.411623224936,-49511.37902304868,10.689535458619764,12.233132013078434,0.05490791553625704,160553.6490396845,3580,2799,2380,4276,2661,1822
609,-63141.236949663,18718.116132195722,-44423.12081746728,10.68667443718478,12.135759503402511,0.054999070465136655,160363.84464827017,3695,2752,2312,4288,2504,1967
610,-61540.506519779665,18992.016286621107,-42548.49023315856,10.37185050333529,12.089222401459669,0.05495278211236534,160488.37719679484,3442,2986,2331,4306,2506,1947
611,-52879.892049399285,18547.09789501849,-34332.7941543808,10.5659649366389,11.989127536421258,0.054914793404147955,160536.10163679355,3687,2671,2401,4073,2633,2053
612,-61809.99901889866,19488.715077411336,-42321.28394148733,10.015971144498714,12.310494627292066,0.05499163610930914,160608.04167147054,3318,2893,2548,4418,2425,1916
613,-58729.1649287016,19236.099120737566,-39493.06580796403,10.613589467626042,12.48349721323313,0.05484198662099963,160325.997512662,3546,2865,2348,4514,2309,1936
614,-59128.168809416195,18856.594036891387,-40271.57477252481,10.597055167144593,12.196874652888935,0.05485723730289547,160505.94484318537,3678,2788,2293,4234,2489,2036
615,-60242.44017705915,18366.01588312011,-41876.42429393904,9.94878859966965,11.83022804544941,0.05506588295519526,161555.41649353344,3752,2751,2256,4001,2536,2222
616,-61131.312576687014,19411.624416351096,-41719.68816033592,10.27252480887742,12.093493613169679,0.05488371478132461,160373.70609826592,3615,2991,2153,4359,2422,1978
617,-50453.85560609853,18845.965352973624,-31607.890253124904,10.561823285933789,11.788689094280425,0.055213599755607,161161.69685264642,3596,2992,2171,4058,2753,1948
618,-50964.54041225129,19061.87479124322,-31902.665621008073,10.730635156733259,11.717666380274913,0.0550754458587616,161004.57225373035,3533,2969,2257,4307,2539,1913
619,-57726.18231131242,19212.486785373076,-38513.69552593934,10.67408056308176,12.137734199958416,0.054853620187124134,160383.893297397,3724,2732,2303,4343,2481,1935
620,-58546.83588178447,19329.252098746045,-39217.583783038426,10.579720579105453,12.2119349641952,0.05479112022507683,160556.15741600186,3460,2982,2317,4373,2334,2052
621,-63060.168544585445,19039.532744795782,-44020.63579978966,10.605251065782646,11.77473946885546,0.05495872713730442,160685.86182876414,3549,2739,2471,4298,2542,1919
622,-59388.09374433566,19451.17325305976,-39936.9204912759,10.558068874215248,11.937231486204084,0.05495460005703645,160505.12690086418,3641,2678,2440,4272,2542,1945
623,-56992.274962358475,19136.083866203255,-37856.19109615522,10.744048146401484,12.10569628687838,0.055022638883057265,160148.21385459823,3772,2756,2231,4342,2603,1814
624,-58800.86662867299,18990.629789662747,-39810.23683901025,10.532931545814307,12.04108159899796,0.05491882970660298,161038.94141804174,3530,2880,2349,4146,2690,1923
625,-61585.11321735316,18593.437473494738,-42991.67574385842,10.543003783471137,11.835859385725497,0.054777610673268994,160879.70816767117,3599,2922,2238,4195,2575,1989
626,-54649.53454973233,19376.372567293165,-35273.16198243917,10.405290179840975,11.821140499654744,0.054924885834809326,160252.7561689187,3520,2908,2331,4313,2513,1933
627,-56455.36589585337,19065.76087496472,-37389.60502088865,10.370921798530823,11.868689406740694,0.05496855558963208,160681.99263100422,3647,2712,2400,4113,2647,1999
628,-54872.45985526082,19355.32383242429,-35517.13602283654,10.348016289370067,11.914676518955616,0.054882947738406206,160354.22760953908,3445,2947,2367,4281,2458,2020
629,-53641.898007779346,19155.229491053797,-34486.66851672555,10.602389277242175,12.044869622736524,0.0548830550841506,160558.42856176273,3508,3010,2241,4359,2453,1947
630,-59170.230149355215,18200.70706501658,-40969.52308433864,10.54500924916931,11.560343671741133,0.054975542232371166,161056.67575728556,3673,2764,2322,3943,2723,2093
631,-57229.405034215655,19484.796812111686,-37744.60822210397,10.80140966770088,11.955524084075916,0.05480647148559173,160086.24178269907,3940,2635,2184,4431,2507,1821
632,-57940.53096611703,19410.11601058511,-38530.41495553192,10.563143808116445,12.137016966864918,0.05468419625051555,160606.55219911836,3668,2825,2266,4201,2481,2077
633,-53359.08128239618,19532.74695937444,-33826.33432302174,10.692503591657342,12.099721451987953,0.05484814346126073,160307.73620572226,3677,2692,2390,4356,2440,1963
634,-60735.52944257041,19013.37693745467,-41722.152505115744,10.735333574866978,11.950500819534028,0.05483084863325462,160724.18936280863,3422,2995,2342,4321,2405,2033
635,-64560.71529530532,18901.835330612616,-45658.87996469271,10.511024429224305,11.974283363151107,0.05501306397581444,160607.92162164455,3943,2608,2208,4099,2801,1859
636,-58951.01424257603,18994.70271366486,-39956.31152891117,10.78059278777577,12.041690206315966,0.05475680961106496,160272.84037865815,3847,2674,2238,4318,2552,1889
637,-45720.54567207405,19152.629130739857,-26567.91654133419,10.824036963724657,12.158182671897361,0.054849616675048445,160744.52202176736,3882,2681,2196,4372,2386,2001
638,-60429.1676735688,18887.92456519071,-41541.24310837809,10.407525419656181,12.143682254141893,0.054906933633124044,161109.8654792047,3352,2976,2431,4144,2477,2138
639,-52273.9744576023,19043.99267572943,-33229.98178187287,10.773762303910036,11.980430257242256,0.05492294383568126,160520.73305356607,3647,3038,2074,4117,2666,1976
640,-48989.38435543607,19262.11213677493,-29727.272218661143,10.436646952282555,12.322218450660504,0.05488306412916007,160851.08649726657,3433,2864,2462,4286,2449,2024
641,-59396.44115677547,19020.724556867797,-40375.716599907675,10.735064167607149,12.029981831859208,0.05491358722912846,160875.5745494799,3692,2838,2229,4282,2562,1915
642,-60505.10242007722,19068.45516301497,-41436.64725706226,10.65294829535758,12.187892521898835,0.054886619428264026,160908.11502721105,3630,2835,2294,4239,2572,1948
643,-55683.7850960465,18999.38194025362,-36684.40315579288,10.663648606105841,12.173748594178397,0.055025972890444474,161059.6413539854,3507,2962,2290,4123,2633,2003
644,-61016.16431909695,19198.41372418834,-41817.750594908604,10.46302981045876,12.149972050650906,0.054933811317896264,161059.85391759707,3683,2733,2343,4349,2417,1993
645,-60154.049790090256,19732.28287614034,-40421.76691394992,10.348601216802495,12.160252372320839,0.0548860651422094,160391.11136038016,3726,2659,2374,4284,2558,1917
646,-59543.649170552606,19483.978424997455,-40059.67074555515,10.079431196351628,12.388042108821606,0.054729055588160665,160541.36586236165,3481,3063,2215,4178,2644,1937
647,-69284.34626005168,19191.506652346303,-50092.83960770538,10.33896971379383,12.270004173819428,0.05476438812033313,160320.03791956406,3832,2768,2159,4392,2429,1938
648,-48693.51343354066,19713.65268874087,-28979.860744799793,10.64893338386129,12.246878741501286,0.05495246371811645,161024.8479612106,3617,2942,2200,4309,2529,1921
649,-54090.93093686489,20066.796605155807,-34024.13433170908,10.318465964691011,12.383612582707608,0.054859548677408464,160786.18095793657,3467,2937,2355,4569,2384,1806
650,-59450.00706529423,18732.088149055588,-40717.91891623865,10.830763529600807,11.681118387752514,0.05487103515951579,160761.75661870168,3698,2752,2309,4006,2908,1845
651,-51984.40530254445,19658.534536403255,-32325.870766141197,9.89699995836453,12.131115835231448,0.05484787202816168,160681.78547360597,3558,3030,2171,4266,2571,1922
652,-58581.968763969446,19733.92944869369,-38848.03931527576,10.513972305306776,12.188879720033405,0.05487270595401668,160613.9005155564,3424,2903,2432,4303,2612,1844
653,-61594.4962116901,19161.93172867198,-42432.56448301812,10.671716493199018,11.87282115351012,0.05486124426756287,160506.53705560014,3612,2978,2169,4253,2540,1966
654,-52006.35723094001,19446.43676712585,-32559.92046381416,10.656973077727574,12.10957091260269,0.0548607626382653,160469.51500267256,3505,2968,2286,4411,2455,1893
655,-59200.60410809419,19259.675292737866,-39940.928815356325,10.26507505852366,12.067480307900475,0.05498384728336654,160493.390142559,3940,2546,2273,4148,2746,1865
656,-53363.8759782724,19259.316252140656,-34104.559726131745,10.513819424853626,12.22652423821351,0.05482603623554606,160286.58235715752,3585,2898,2276,4294,2453,2012
657,-59024.76143649448,19577.570581461987,-39447.190855032495,10.524879476233364,12.164783147806801,0.054931781222873455,160669.28715373052,3714,2810,2235,4386,2522,1851
658,-44475.546305651784,19268.330510375607,-25207.215795276177,10.57441484331461,12.188375122718368,0.05476964831351064,161083.59788740656,3587,3024,2148,4197,2496,2066
659,-60324.08875138773,19639.706919832992,-40684.38183155474,10.272492285509173,12.113233796926197,0.05484088967564158,160129.43923978604,3617,2896,2246,4221,2653,1885
660,-64314.34830631124,19336.656733167103,-44977.69157314414,10.303232012372325,12.273367128442938,0.05473277551107439,160633.19582732997,3591,2973,2195,4300,2490,1969
661,-54189.10237604109,19695.28225322231,-34493.82012281878,10.078737103136657,12.107000976813264,0.05483906423593918,160072.9866524854,3446,2736,2577,4543,2398,1818
662,-55645.48737806718,19279.888110203054,-36365.59926786412,10.359828521712208,12.0375370641842,0.054906188433996826,160504.93361767053,3558,2997,2204,4147,2670,1942
663,-56572.37780915746,19080.804028466,-37491.573780691455,10.517921916720503,11.809045781250498,0.05508629423480709,160711.81693351243,3683,2860,2216,4178,2707,1874
664,-53303.530261517975,19006.776699472124,-34296.75356204585,10.599893306521707,11.927621516827495,0.054634016727636715,160726.37315827465,3623,2967,2169,4260,2446,2053
665,-51496.178899936574,19628.82698457904,-31867.351915357536,10.420022572830346,12.012960284012363,0.05478526708102777,160521.99115596688,3569,2969,2221,4300,2428,2031
666,-51671.3073375254,19225.734738379837,-32445.572599145566,10.388312900835597,11.928246008226706,0.05484495650808537,161337.64207541864,3550,2792,2417,4248,2504,2007
667,-53405.865127655095,19865.64358737891,-33540.22154027619,10.08769917554676,12.2339733950816,0.05483403411733108,160382.17504696618,3453,3172,2134,4402,2486,1871
668,-50593.90670158633,19213.64132317691,-31380.265378409422,10.494118075974791,11.813705489969788,0.054818363272364314,160575.3591386431,3608,3124,2027,4216,2542,2001
669,-62029.06640405754,18642.292920911663,-43386.77348314588,10.553977751107595,11.677831377179277,0.05478773651416181,160977.4369053183,3577,2929,2253,4065,2625,2069
670,-59228.57424175986,18508.089286131195,-40720.484955628664,10.177554664993618,11.60193251641722,0.05503872182079073,160693.69233570283,3651,2790,2318,4262,2563,1934
671,-55562.28815507412,19221.02136124391,-36341.26679383021,10.376825651690632,11.909000077265079,0.05486578106085134,160425.8338548218,3495,2998,2266,4301,2495,1963
672,-56411.464757073365,19417.574316099588,-36993.89044097377,10.480856949548949,11.844993739076541,0.054952508058373005,160350.18785561528,3595,2868,2296,4383,2547,1829
673,-56862.86047452901,19362.796353397614,-37500.06412113139,10.363567763166328,11.884727957412187,0.05501154471354039,160165.07947027934,3581,3090,2088,4287,2590,1882
674,-52043.64448544481,19617.164436109506,-32426.480049335307,10.349636405227955,11.895640549727883,0.054904493640225774,160936.83775442373,3565,2953,2241,4210,2671,1878
675,-57409.80131224086,19865.849385957514,-37543.95192628335,9.926342210818147,12.185506892975084,0.05487764371932042,160650.93889500547,3477,2838,2444,4204,2512,2043
676,-45728.254909124735,19810.899842007242,-25917.355067117493,10.272957599482279,12.480775137413925,0.054923853629772854,160175.51856318815,3741,2714,2304,4453,2389,1917
677,-53596.602180466296,19725.894590706885,-33870.70758975941,10.100531001184509,12.352261171719336,0.05489213592689517,160380.47158594173,3606,3004,2149,4438,2299,2022
678,-55675.44940679475,19373.617157407625,-36301.832249387124,10.194206823185468,12.185143361149386,0.05492486926221822,160510.09358656083,3589,3078,2092,4383,2432,1944
679,-59908.28148005606,19424.141601816897,-40484.13987823916,10.132553956694272,11.93182191797598,0.05495942062009561,160257.082250982,3612,2775,2372,4229,2627,1903
680,-54262.03504239536,19303.76348574389,-34958.27155665147,10.246693758928677,11.9728954054952,0.055008873533222764,160949.37168047845,3509,2796,2454,4317,2545,1897
681,-55438.7125323447,19987.199565377738,-35451.51296696697,9.892642048560836,12.284714438839206,0.05495356783821284,160382.58785984013,3554,2887,2318,4601,2236,1922
682,-60735.94860124283,19063.400922383513,-41672.54767885932,10.235513124757816,11.87686606018185,0.054933575466657156,160141.44490547013,3891,2727,2141,4246,2544,1969
683,-49133.63275926008,19695.62551605239,-29438.00724320769,10.32594599189092,12.325771956883946,0.054958216636102314,160677.61338711946,3558,2987,2214,4372,2471,1916
684,-65481.513490121986,19151.171735141623,-46330.34175498036,10.43505028540493,11.859284924344813,0.05495564713021623,161033.76977178289,3748,2548,2463,4145,2690,1924
685,-56446.29548331027,19963.120671825873,-36483.174811484394,10.30405453488293,12.160391357255921,0.05488272689825559,160200.11718506904,3631,2983,2145,4379,2450,1930
686,-50031.639531349974,19840.416250933,-30191.223280416973,10.399097344220806,12.194254568536339,0.054764467545117934,160671.25296032993,3515,2987,2257,4469,2388,1902
687,-46385.95155359657,19034.355836929455,-27351.595716667114,10.771317144077294,12.146059271037291,0.05491881181027809,161098.52137866293,3554,2873,2332,4220,2561,1978
688,-45254.74746559797,19823.745507868818,-25431.00195772915,10.637845282674816,12.03014820985413,0.054671531054669285,160419.2594073317,3896,2420,2443,4489,2432,1838
689,-48417.698225688844,19407.816364653663,-29009.88186103518,10.737063315548703,11.871408207599838,0.05471007996765397,160480.87621286575,3692,2625,2442,4388,2406,1965
690,-42892.82231521607,19469.91361337448,-23422.908701841592,10.653216310498927,12.110373225720714,0.05495745128987983,160169.83876517048,3730,2730,2299,4380,2624,1755
691,-46115.93240736061,20116.16168495844,-25999.770722402172,10.562172526608464,12.105837135885157,0.054938160503128795,160602.8860789665,3733,2888,2138,4614,2274,1871
692,-47593.47926371272,19217.53973105229,-28375.939532660428,10.830112883948697,12.145205791334284,0.05489488950976881,160340.38166512302,3788,2786,2185,4389,2451,1919
693,-48959.49991662585,19304.533452588585,-29654.966464037265,10.246979477807349,11.930656172299225,0.054887971479872386,161465.8246429923,3778,2703,2278,4397,2416,1946
694,-60815.59045222088,19121.550991301083,-41694.0394609198,10.426987019155975,11.76103282077418,0.05486715556465381,161051.2819213314,3526,2976,2257,4259,2487,2013
695,-57075.40156750298,18867.73293831002,-38207.668629192965,9.89330525314807,11.65843001739753,0.05493491734558045,161053.80720667556,3583,2765,2411,4205,2524,2030
696,-49903.765967702864,19336.449643514123,-30567.31632418874,10.310172644669764,11.761303533564101,0.05501882802158719,160517.46255970103,3492,3049,2218,4249,2605,1905
697,-55646.52009483438,19313.794899583063,-36332.72519525132,10.273817301936699,11.826353708740928,0.05503309154530288,160773.86267110874,3612,2904,2243,4351,2462,1946
698,-52486.78059854884,19681.68290805847,-32805.097690490365,10.520849139927892,12.087939632742541,0.05481957967036313,160185.92341105128,3690,2872,2197,4523,2403,1833
699,-53991.36759990321,19375.34883137337,-34616.018768529844,10.452696850408952,11.910852584152972,0.05494124000876303,160311.53299988646,3985,2652,2122,4350,2511,1898
700,-55266.28934733728,19090.454679268893,-36175.83466806839,10.6985930630951,11.723854778639152,0.054890626683298,160350.9388584215,3818,2667,2274,4306,2664,1789
701,-46780.437149824465,19830.225101453918,-26950.212048370548,10.384918449539805,11.914649309033141,0.05486405348124915,160765.75065613896,3594,2896,2269,4397,2495,1867
702,-52086.95335131427,18562.53272510904,-33524.42062620523,10.381653405308798,11.838708808876172,0.054918785883653745,160976.53198099538,3920,2824,2015,4237,2432,2090
703,-51801.87354810337,19807.244910273694,-31994.62863782968,10.595222622994633,12.002387577537615,0.05480444140405028,159811.0094826945,3513,2927,2319,4581,2308,1870
704,-46144.29953202878,19372.94930245647,-26771.350229572312,10.481814503044163,11.736781421488184,0.054839777884692784,160558.5495829962,3799,2738,2222,4401,2446,1912
705,-54473.39279094991,19284.48576000753,-35188.907030942384,10.242375445941954,11.94308585710114,0.05494039028052848,160535.57466775583,4013,2599,2147,4317,2529,1913
706,-58750.61523810258,19737.364324820526,-39013.250913282056,10.359127158432223,12.120625448308493,0.054897421824540424,160302.14896195664,3593,2786,2380,4496,2356,1907
707,-51709.027696473415,19716.218000345903,-31992.80969612751,10.546173218660797,12.188948170742185,0.054955784439386236,160504.6910425761,3534,2706,2519,4466,2365,1928
708,-61349.181406523596,20040.67424462928,-41308.50716189432,10.098391014155427,12.090485159474238,0.054702961977881326,160115.08293980046,3974,2594,2191,4607,2297,1855
709,-53452.90183599165,19238.795965874313,-34214.10587011734,10.267673642251577,12.004002393872517,0.054843757083048304,160770.15622549658,3760,2795,2204,4393,2427,1939
710,-54864.13757714667,19933.533145620542,-34930.604431526124,9.8782424019111,12.190992975198085,0.05481035260838128,161045.34116993996,3504,3045,2210,4392,2491,1876
711,-52934.80265410042,19473.190222839785,-33461.61243126064,10.417954045201745,11.943813846664863,0.054964841507122116,160462.67363637374,3634,2737,2388,4475,2407,1877
712,-52869.47035794309,20030.475713822074,-32838.99464412102,10.527261966644241,11.968288591711072,0.05494420004333027,160297.1894699518,3446,2939,2374,4529,2505,1725
713,-47683.90515096744,19361.9518740589,-28321.953276908538,10.748696131754825,12.32873331765535,0.05469588884570507,160246.66971120646,3762,2750,2247,4445,2351,1963
714,-50374.858289026735,19574.701170007294,-30800.15711901944,10.754974910954534,12.008966111459316,0.0548339006756826,160689.67717883846,3838,2783,2138,4266,2604,1889
715,-49655.98296934239,19806.13103066252,-29849.85193867987,10.664770928129158,11.900748934982271,0.054873672331261725,160185.6610957395,4046,2633,2080,4537,2335,1887
716,-54133.38864131041,20162.680417927182,-33970.70822338323,10.420263912330379,12.09461241809318,0.05481075028942131,160419.03217675857,3437,3046,2276,4401,2492,1866
717,-57640.33472963154,20090.635383210232,-37549.69934642131,10.22116016528136,12.151086024223781,0.05484273922503673,160363.16929414577,3566,2889,2304,4572,2427,1760
718,-55872.977339632234,19753.017155631824,-36119.96018400041,10.516552272358888,12.03410960674941,0.05496756567937064,160310.80730939278,3376,3131,2252,4432,2483,1844
719,-48871.75336568518,19753.337902206866,-29118.415463478315,10.226598209190575,11.983926952134244,0.054821376062085876,160231.15248594058,3733,2902,2124,4469,2452,1838
720,-44912.685055699425,19103.468453303514,-25809.21660239591,10.098791297216797,11.858452155506049,0.05485539009748703,160128.54249366568,3794,2543,2422,4298,2584,1877
721,-57173.61425774478,19855.045374455873,-37318.568883288914,10.121429876491755,12.265085200996289,0.054908017811915,160660.5920565641,3517,3051,2191,4548,2239,1972
722,-46467.94565011875,19964.33421528358,-26503.611434835173,9.801991937927744,12.201154824107117,0.05495815714054024,160329.06279860678,3621,2916,2222,4482,2460,1817
723,-46373.29445490002,19293.52040612467,-27079.774048775347,9.917060028642782,11.813560884433183,0.054940878412079036,160658.56912580066,3671,2971,2117,4331,2455,1973
724,-55564.40905005934,20553.23353108009,-35011.175518979246,10.175241634716052,12.183433586064282,0.05473754677556382,160073.14759000126,3339,2922,2498,4695,2298,1766
725,-48897.46356939452,19849.02909624332,-29048.434473151196,9.829945389771906,11.919835245184489,0.054992195123740546,160716.1358336668,3682,2833,2244,4280,2650,1829
726,-46711.85811465903,19463.367039058725,-27248.491075600305,9.894745488441714,11.922643004949128,0.05490487259904803,160866.9863742889,3578,2970,2211,4259,2492,2008
727,-51985.518680374764,20076.940953038895,-31908.57772733587,9.982881710837177,11.988228205558642,0.05477337553503936,160782.2891221404,3411,2760,2588,4694,2198,1867
728,-45694.93494222904,20035.564018031568,-25659.370924197472,10.015893147830363,11.932683684025964,0.054856960493885845,160726.7997583531,3702,2708,2349,4432,2431,1896
729,-48175.869386111044,19912.09466548204,-28263.774720629004,10.054157664907502,11.943509113543998,0.054899313047643394,160496.54399148043,3598,2703,2458,4298,2565,1896
730,-46257.16851148249,19975.690806831637,-26281.47770465085,10.21267139910231,12.13759864480955,0.05502909919813182,160899.4263686915,3331,3375,2053,4514,2304,1941
731,-48800.652513682806,19528.48870742707,-29272.163806255736,10.368106500842828,11.749835259034977,0.0548418508026827,159912.68795286003,3823,2797,2139,4511,2366,1882
732,-44882.7523405648,19950.826605590253,-24931.92573497455,10.678823788510936,12.077458565584712,0.05486129172844546,160211.54108460722,3692,2920,2147,4613,2366,1780
733,-49313.78669347904,20164.310494944108,-29149.476198534936,10.198231337858081,12.47706462197155,0.05475088772803934,160087.38309357138,3432,2948,2379,4370,2522,1867
734,-53352.52807096201,19753.311042809182,-33599.21702815283,9.839146263742153,11.990137532047537,0.054691421849674404,160597.06608965676,3512,2870,2377,4269,2486,2004
735,-52662.305377868346,18846.981715423834,-33815.32366244451,9.890531275326854,11.644663778868063,0.054987967999171446,161211.17272536826,3713,2760,2286,4213,2566,1980
736,-46641.05831735559,19736.9221363913,-26904.136180964295,9.913642312765734,11.700222456179008,0.05487201515355353,160907.43282568248,3638,2997,2124,4396,2409,1954
737,-51090.82876784047,20172.414690000987,-30918.41407783948,10.12834347401095,11.961374611448983,0.05482953022344653,160333.7702362802,3871,2581,2307,4684,2279,1796
738,-48434.559133669056,19437.51878492749,-28997.040348741564,10.292838563397018,12.052352578603376,0.05481807611000122,160420.13587414616,3579,3101,2079,4361,2392,2006
739,-56567.137467224944,20123.742055807885,-36443.39541141706,10.051553552646325,12.218442290555853,0.05496470918019676,159799.56519356128,3842,2894,2023,4523,2403,1833
740,-43737.00984821219,19738.658436325753,-23998.351411886437,9.784801924919192,11.996731058204219,0.05477196976845715,160254.83176477277,3842,2873,2044,4450,2396,1913
741,-48775.78917459815,20162.510061480727,-28613.27911311742,9.980057136620287,12.257849412887998,0.05477174578893563,159830.27876870226,3812,2871,2076,4550,2396,1813
742,-52248.683057882634,19687.90066543646,-32560.782392446174,10.033550924498435,11.932036161175512,0.054931836752213414,160489.02372240383,3520,2831,2408,4361,2619,1779
743,-45176.2942754224,19859.179745814265,-25317.114529608134,10.695787898322779,12.13591140125093,0.05486654503247539,160039.68095411698,3950,2775,2034,4527,2514,1718
744,-55186.40518081357,19827.065098937757,-35359.34008187581,10.301337533633907,12.22206163465552,0.05477682347981468,159493.80486228084,3614,2762,2383,4622,2335,1802
745,-44475.82560166769,19255.376808863373,-25220.448792804316,9.92693841882001,11.729812921574549,0.05504136298136125,161220.63116509802,3742,2952,2065,4151,2738,1870
746,-47355.02059183424,20086.177162129577,-27268.843429704662,9.910333826070085,11.838200705814726,0.05484963857942812,160552.78085821206,3501,3163,2095,4262,2626,1871
747,-46893.480704828726,20312.68367395678,-26580.797030871945,9.993974227913084,11.990430687764386,0.05485245228274897,160397.57693475412,3411,2933,2415,4491,2432,1836
748,-48490.97121214389,20191.365537859965,-28299.60567428393,10.29029999306585,11.895107335693375,0.0548839199667511,160410.6354141569,3690,2965,2104,4558,2411,1790
749,-51172.23603461301,19964.948078496935,-31207.287956116073,9.981880919128539,12.04310383328779,0.054703985673574776,160130.57989454255,3727,2858,2174,4427,2529,1803
750,-45609.111818941805,19938.7118036702,-25670.400015271603,10.296834869453528,12.230538460713548,0.05469428747428436,160106.8770930567,3630,2546,2583,4597,2399,1763
751,-54561.1379450582,19883.277051703266,-34677.86089335494,10.136786979108471,11.999859515692215,0.054892376350306527,160723.71536470027,3494,2940,2325,4532,2354,1873
752,-49802.21954295698,20282.76026901028,-29519.459273946697,9.9746602822436,12.076167717866312,0.0547847706043413,160756.0000386222,3485,2879,2395,4446,2457,1856
753,-41960.104875083605,19137.042280799786,-22823.06259428382,9.956479486914828,11.802366525348218,0.055076871867317724,160352.97180391982,3828,2905,2026,4337,2594,1828
754,-51620.61159279487,20207.900518013845,-31412.711074781026,10.130615721267434,12.04362091793446,0.05478716968718365,160091.73240847263,3882,2915,1962,4555,2285,1919
755,-46282.246823546135,20370.20930673583,-25912.037516810306,10.00061834438812,12.02566814264075,0.05484389145532669,159938.56038146126,3830,2744,2185,4754,2210,1795
756,-50897.46133379513,19554.603642727765,-31342.857691067366,10.468283231731759,11.878590610215943,0.05492807232363944,160252.19030187477,4010,2464,2285,4383,2528,1848
757,-56348.248649208945,20215.571840139473,-36132.67680906947,10.168833977707507,11.956722722476396,0.05487804063158965,160724.04222729913,3431,2998,2330,4386,2423,1950
758,-52695.97192873849,19891.858467605714,-32804.11346113277,10.116855918858445,11.664005256860287,0.05490171287956399,160303.44243537888,3489,2872,2398,4519,2490,1750
759,-46203.92949667795,19805.067907435132,-26398.861589242817,9.538679754800466,11.987177210947365,0.05484161091524225,160091.98215907218,3739,2749,2271,4632,2275,1852
760,-45596.69765772656,19729.2776151515,-25867.42004257506,9.741783694101974,11.955618704361799,0.05486011480126621,160621.4757633509,3467,2886,2406,4529,2318,1912
761,-48918.91677084887,20380.187501935015,-28538.729268913852,10.203821569063585,12.117673457557522,0.05494076257478427,160592.76694090996,3672,3013,2074,4615,2313,1831
762,-41558.3964611796,20254.232347141344,-21304.164114038253,9.899399529111307,12.04721283802624,0.05474096878782822,160710.78582647952,3799,2926,2034,4444,2452,1863
763,-54374.10154257872,19897.780639178603,-34476.32090340012,9.948357844985674,11.971683617734755,0.054688178341917776,160425.75988220703,3683,2796,2280,4359,2442,1958
764,-47748.367557668105,19782.168042360016,-27966.19951530809,10.12727726404335,11.840188033648372,0.054911968038548795,160492.5234935112,3703,2764,2292,4277,2733,1749
765,-45135.63200391251,20007.246449155264,-25128.38555475725,9.928721883708857,11.733303061370558,0.054916459013347255,159999.55870327805,3667,2924,2168,4485,2572,1702
766,-41074.91100317555,20332.32040797896,-20742.590595196587,9.98937940637439,11.783312576306313,0.05491034721713685,160495.05356796534,3836,2737,2186,4510,2424,1825
767,-54302.97220534959,20333.256524296336,-33969.71568105326,9.273135671699016,11.987156252003977,0.054785286139005795,160114.4939808425,3821,3090,1848,4706,2274,1779
768,-51954.573116514046,19669.815639248118,-32284.757477265928,10.252611982763193,11.810238078652537,0.05485223908681639,160288.36405192866,3577,2663,2519,4405,2619,1735
769,-43534.28150243665,20011.94052346964,-23522.34097896701,10.178099347276529,11.80976942247512,0.054983360631421764,160530.257325151,3708,2968,2083,4395,2608,1756
770,-47264.96859022412,20007.850289048856,-27257.118301175262,10.064261003925226,12.093127590643022,0.054988123485191824,160293.27148298235,3946,2748,2065,4594,2363,1802
771,-42241.80612024626,20555.472201529512,-21686.33391871675,9.910820690768354,12.052111653406856,0.054835672950841866,160787.3724454777,3454,3238,2067,4640,2149,1970
772,-47662.755655812696,19904.11910182818,-27758.636553984517,9.535219566969534,11.774852645405822,0.054942795709479145,160869.1118684639,3723,2792,2244,4229,2529,2001
773,-48662.132077682305,19648.679830948255,-29013.45224673405,10.074081110233447,12.020323760083166,0.05494408781769323,160346.3658926028,3804,2929,2026,4478,2435,1846
774,-49299.38912078503,19390.98600683105,-29908.40311395398,10.535761121145745,11.80469078219986,0.05499104341860313,160327.81531177275,4139,2601,2019,4670,2333,1756
775,-54893.64735608,19995.61941213314,-34898.02794394686,10.229480602793732,11.9125356981085,0.054812187909671094,159741.73991206472,3725,2950,2084,4611,2430,1718
776,-41575.653554542616,19906.16421278135,-21669.489341761266,10.048181155551678,11.869629611058174,0.05492666976030001,160409.31593375007,3403,3119,2237,4433,2533,1793
777,-47001.266575909845,19830.832136874807,-27170.434439035038,10.218124096797778,11.731064426097356,0.05497901528587149,160618.5706845149,3771,2832,2156,4378,2602,1779
778,-45276.83690369208,20079.536629967926,-25197.30027372415,10.149175862592038,11.824818398754985,0.055080019930628873,160900.34733711462,3677,2964,2118,4170,2642,1947
779,-48631.71213069147,19701.15206875667,-28930.5600619348,9.753119001634598,11.759498254061317,0.054869723578123294,160217.9112401801,3848,2794,2117,4432,2494,1833
780,-44751.17399404409,19729.28807429713,-25021.88591974696,10.350457640735335,11.748658280685378,0.0550677016578967,160610.77345153538,3700,2705,2354,4160,2850,1749
781,-48067.95758421091,19662.44230672726,-28405.515277483653,10.494041090701566,11.919306596111761,0.05479738063807223,160268.24194605133,3711,2826,2222,4368,2479,1912
782,-50645.127707788146,19748.055397448214,-30897.072310339932,10.244899108691818,11.676662897233912,0.054937807136303654,160779.85108360994,3946,2639,2174,4241,2618,1900
783,-43337.786785878874,20484.50119467243,-22853.285591206444,10.219815565790029,12.011564118890314,0.05480442714843562,160156.95431709194,3751,3005,2003,4624,2325,1810
784,-44831.82999485815,20100.591587120136,-24731.238407738012,9.908713392296974,11.7299073764994,0.05500483221245565,160316.5833314961,3722,2966,2071,4521,2438,1800
785,-50211.1924803903,19377.91091456452,-30833.281565825782,9.859376870530603,11.662733634440169,0.05490558990408748,160717.05288531203,3516,2840,2403,4283,2571,1905
786,-42413.80477687442,20032.14867448163,-22381.656102392793,9.853653161300448,11.752731210761045,0.054868671957039566,160496.5613207519,3927,2738,2094,4277,2618,1864
787,-45870.76933870182,19875.578363748347,-25995.190974953475,9.996204566327508,11.948687118635789,0.05496337940455089,160263.12573808213,4173,2423,2163,4515,2313,1931
788,-41332.07011446213,20208.534355703498,-21123.53575875863,10.24549886473301,11.746065418868023,0.054906907500824095,160392.70657866672,3800,2839,2120,4538,2358,1863
789,-39209.659216778055,20332.503975667863,-18877.15524111019,9.992582973382687,12.117322368757778,0.05483455757596291,160484.46366527016,3459,3108,2192,4711,2136,1912
790,-41005.72125441047,20128.581293460007,-20877.139960950462,9.861934738263168,11.944912266005174,0.05481451525784014,160335.208069077,3643,2812,2304,4471,2388,1900
791,-43030.86852714349,19561.199542596933,-23469.668984546555,9.488772302090574,11.539774791499795,0.05495218211857978,161285.6159341922,3767,2994,1998,4193,2588,1978
792,-46886.03252187324,19975.031067148273,-26911.001454724967,9.718762217732259,11.700311866804313,0.05491883804563935,160459.69766169917,3556,2856,2347,4452,2547,1760
793,-36701.80861043701,20443.0201249354,-16258.78848550161,10.270281850441584,11.799513478046483,0.05486446561978265,159972.29632404476,3579,3092,2088,4494,2578,1687
794,-44051.38846594248,20092.450772181237,-23958.937693761243,9.949788730120938,11.663828328777429,0.0549795845976475,160407.4943752617,3798,2653,2308,4386,2558,1815
795,-48059.32686705192,19846.915793699347,-28212.41107335257,10.133304168114089,11.629177294298112,0.05486101645003652,160521.69732353877,3417,3045,2297,4504,2458,1797
796,-45237.194548409294,20864.336049708418,-24372.858498700876,9.707483887058553,12.032638737735526,0.05473092107125258,159760.96484922912,3626,3113,2020,4755,2242,1762
797,-41263.071868945,19595.257171774243,-21667.814697170757,10.270073645308608,12.047340023035627,0.055088910531424035,160420.94806803402,3678,2648,2433,4354,2592,1813
798,-52832.466258752866,19941.27838808216,-32891.18787067071,9.73354424617615,11.810329222845388,0.05490253644710144,160654.21390913174,3585,3183,1991,4476,2451,1832
799,-37163.237411790884,20528.56039640463,-16634.677015386253,9.697731975800183,11.736839701235928,0.05486518350670446,160780.78271543403,3709,2950,2100,4456,2616,1687
800,-49551.79372835731,20607.719781212403,-28944.07394714491,10.061326983071286,11.9809479576659,0.05465250498158388,159683.49014800377,3872,2723,2164,4550,2468,1741
801,-38852.35404541441,20363.992794849008,-18488.361250565402,9.67549138579007,11.936126360362778,0.05474992991640642,160041.52025121576,3798,2915,2046,4671,2275,1813
802,-44566.23169590215,19716.787867656574,-24849.443828245574,10.019392765417937,11.877579688366652,0.05490743094123059,160037.82099740262,3816,2794,2149,4652,2250,1857
803,-46654.22331124036,20082.450013059595,-26571.773298180768,9.986677732633899,12.069505364734226,0.054795353573034646,159776.4251441769,3758,2763,2238,4715,2236,1808
804,-39010.94444312826,20401.417825987275,-18609.526617140986,9.801361279182089,12.025370777375118,0.05475078785292703,160173.70254400614,3809,2885,2065,4489,2431,1839
805,-36516.29198857693,19691.49264439923,-16824.7993441777,10.591410417361272,11.814796422080267,0.054795231172548246,160068.182848587,3801,2780,2178,4364,2657,1738
806,-41888.92049241146,20391.77472465664,-21497.14576775482,10.251614907025004,12.01087210634173,0.0548519443029161,160381.40389727382,3792,2894,2073,4669,2370,1720
807,-42302.48145420206,20032.521702898986,-22269.959751303075,10.044836962537202,11.842873930231232,0.05478900339626161,160243.34698152158,3575,2798,2386,4260,2676,1823
808,-43408.391558401425,20683.686458009703,-22724.705100391722,9.886998822935375,11.80641600081137,0.05476688263434172,160543.94467958767,3710,2918,2131,4470,2580,1709
809,-44406.94915187338,19442.838804304476,-24964.1103475689,9.873320488603868,11.739571783512545,0.0547900844754976,160235.22931493982,3948,2706,2105,4239,2565,1955
810,-53556.11971719603,20105.990060804128,-33450.1296563919,9.858666758641332,11.83908028321522,0.05479837576960765,160373.70191234813,3621,3118,2020,4370,2601,1788
811,-46004.69638859969,20201.86253389069,-25802.833854709,9.908268812895772,11.893725454576419,0.05471888695206195,159787.8527442816,3820,2906,2033,4556,2492,1711
812,-47939.15966960153,19698.69263841812,-28240.467031183412,10.046096794208864,11.6567657379777,0.054930982123793895,160623.1175097123,3922,2776,2061,4208,2696,1855
813,-38876.543466096184,19808.427005429592,-19068.11646066659,10.006988840403984,11.663303495019347,0.054898093695017976,160268.6265199804,3912,2544,2303,4379,2477,1903
814,-46975.16903718429,20034.53969755447,-26940.62933962982,10.100442689030547,11.765900834049098,0.05480673441249624,160341.70297959133,4198,2574,1987,4550,2311,1898
815,-42191.279241902834,20243.7638983876,-21947.515343515235,9.84106793258127,11.696366877421417,0.054977190829303864,160435.97603895672,3705,3015,2039,4351,2622,1786
816,-40701.40786716879,19864.44963694289,-20836.9582302259,10.189099012639211,11.764103169542258,0.05476341801948659,160115.12026266,3612,2943,2204,4605,2358,1796
817,-40271.34333559519,19962.474484633723,-20308.86885096147,9.902021814410123,11.747365280003601,0.054907345987066654,160571.8344555639,3410,3178,2171,4515,2357,1887
818,-47833.81156915392,20375.384260281662,-27458.42730887226,9.825521753779526,11.796968217604705,0.05510586605694546,160361.71335936617,3809,2858,2092,4449,2591,1719
819,-33886.02930248231,20456.989279044963,-13429.040023437348,10.10527734906331,12.002773991310184,0.054860838179033006,160054.63717085993,3527,2948,2284,4563,2353,1843
820,-37602.88865506435,20462.58214893696,-17140.306506127392,9.983110857381726,12.023718201390835,0.05476949253751791,160371.48156702623,3771,2885,2103,4838,2056,1865
821,-45418.49257862802,20014.553549539305,-25403.939029088717,9.469766782201074,11.647184885967333,0.05491652263302286,160643.8315653375,3729,2903,2127,4419,2398,1942
822,-41185.085074402115,20092.265981859102,-21092.819092543014,10.04448908284971,11.96438254000408,0.05480807938828621,160573.14517632202,3792,2721,2246,4456,2512,1791
823,-51093.711935700354,19713.342181149663,-31380.36975455069,9.973286425329237,11.894004310495353,0.05471922642845873,160888.86114004094,3673,2695,2391,4353,2462,1944
824,-39365.667483594254,19982.304415591374,-19383.36306800288,9.738141008445577,11.631754704133348,0.054869557457395156,160820.23296893234,3407,3172,2180,4311,2548,1900
825,-40546.32861968851,19706.724618308897,-20839.604001379612,9.716336747907379,11.564067560758476,0.05494251951286625,160428.5741963078,4070,2688,2001,4526,2512,1721
826,-36438.42093131368,20630.38050436075,-15808.040426952932,10.18249099940979,11.808347739851877,0.054804633825105226,159891.31984687215,3840,3057,1862,4487,2566,1706
827,-41404.454639102136,20342.884597293592,-21061.570041808543,10.647014147310626,11.78295058077562,0.055003885109165075,160096.89795830572,3836,2993,1930,4655,2451,1653
828,-48280.63583661795,20139.980986733506,-28140.654849884442,10.237893090620904,11.690208018063151,0.05480667063359988,160239.51381267334,3771,2764,2224,4654,2398,1707
829,-41441.537028027655,19873.515085133877,-21568.021942893778,10.708704517033466,11.857324042061647,0.05473023686244335,160336.11069917097,3811,2730,2218,4479,2492,1788
830,-34036.31723583765,20185.528728101304,-13850.788507736343,10.239351124269312,11.786929556557723,0.05477028982700451,160467.1470976093,3720,2847,2192,4660,2229,1870
831,-43047.571658700675,20620.14538817124,-22427.426270529435,10.338774994382824,12.051231467781081,0.054839285726261414,160883.1437293218,3671,3113,1975,4766,2197,1796
832,-42892.729013378776,19901.34825420702,-22991.380759171756,10.310766665785783,11.69831494574443,0.055011890269379346,160570.25785279364,3683,2995,2081,4323,2445,1991
833,-45582.98065056412,20208.9718485064,-25374.008802057717,10.058174945594473,11.87924141742847,0.054953556180101844,160925.01356802796,3680,2884,2195,4546,2341,1872
834,-40376.26844315052,20122.370418822775,-20253.898024327744,9.851734449482004,11.429616072477835,0.05494761902494858,161133.03576843624,3790,2858,2111,4098,2890,1771
835,-40702.176788769495,20669.521709582226,-20032.65507918727,9.796011191687839,11.818321471465904,0.05472832291898192,160688.90523537147,3718,2782,2259,4617,2463,1679
836,-36148.79641712122,20402.378418636883,-15746.41799848434,10.137847620099306,11.90868212136244,0.05474576542493928,160674.99356874128,3750,2813,2196,4650,2166,1943
837,-44056.12221413179,20048.056180089607,-24008.066034042185,9.812135991548018,11.735594071230182,0.05483974585517699,160146.84548331,3808,2643,2308,4615,2203,1941
838,-36754.25667911619,20106.683898777184,-16647.572780339004,9.966853777329096,11.725616690924408,0.0547478542192577,159993.7734868533,3827,2903,2029,4702,2271,1786
839,-43721.5498929811,19508.666932369008,-24212.882960612093,9.529906598166145,11.412792809839106,0.05490318005551273,161691.33619591797,3949,2852,1958,4167,2829,1763
840,-38087.12093341201,20554.315215134913,-17532.805718277094,10.171501901724358,11.707642174641892,0.05477240457384564,160268.31896197627,3955,2678,2126,4756,2299,1704
841,-41020.58035987752,20554.82455872673,-20465.755801150786,9.639413507714075,11.752701432316531,0.054921269886830215,160628.23905401482,3863,2940,1956,4348,2708,1703
842,-43373.5032793662,20597.86799337966,-22775.635285986544,9.903774258193511,11.963917279146598,0.05472914700960861,160758.04580517698,3730,2912,2117,4502,2412,1845
843,-40680.5941685612,19735.940971220178,-20944.65319734102,9.939126948116524,11.724075598637151,0.054803895400366155,160591.88390965207,3804,2703,2252,4543,2412,1804
844,-41970.004196467664,19757.242309253637,-22212.761887214027,9.614533857415678,11.693498758469817,0.05480287294695698,160654.9505946888,3846,2646,2267,4372,2534,1853
845,-37164.448564840764,19005.982856924682,-18158.465707916082,10.201150756671971,11.343780876086344,0.055036246775743376,161102.89722010933,3790,3023,1946,4159,2730,1870
846,-35675.14475159777,20859.409750425002,-14815.735001172769,10.12501831118852,11.831522440621734,0.054776689721726425,159984.0462300192,3543,3243,1973,4565,2567,1627
847,-41948.02312617661,20118.349520719275,-21829.673605457334,9.750806285487064,11.535215000174567,0.054935330891197155,160790.78355309973,3993,2803,1963,4347,2612,1800
848,-36190.01086692432,20353.035839911194,-15836.975027013126,9.925896381023064,12.066390002981757,0.05480145611094784,160204.55588055067,3825,2756,2178,4691,2326,1742
849,-37605.59384891222,20523.60469139275,-17081.98915751947,9.818137922683484,11.864720112856304,0.05474207038637282,160457.88171113175,3658,2756,2345,4679,2274,1806
850,-35573.3224544399,20660.6868382918,-14912.635616148098,9.77137432470484,11.823172812901092,0.05473563326271237,159766.28734379946,3850,2719,2190,4727,2330,1702
851,-41833.48559058483,20461.782947134743,-21371.702643450088,9.543003467475167,11.88499000339605,0.05483460774972292,160403.54223225606,3686,3054,2019,4583,2439,1737
852,-38241.94984841782,20559.13255396875,-17682.81729444907,9.579923616589195,11.842229024367134,0.05495272296988599,160237.89989615072,3815,3059,1885,4683,2416,1660
853,-47316.12532802384,20103.29532833551,-27212.82999968833,9.902461587445147,11.772573696093065,0.05497909958078763,160450.67683316616,3980,2667,2112,4490,2635,1634
854,-43554.60705608737,20211.23041769355,-23343.37663839382,10.047302699508803,11.612951391914605,0.05482637504744646,159846.5418169812,4129,2546,2084,4439,2610,1710
855,-46045.383636971426,20599.47579663415,-25445.907840337277,9.947079669448907,11.79309519684789,0.05487591614903662,159928.20631640687,3860,2777,2122,4705,2410,1644
856,-45547.54978265431,20543.44766743204,-25004.102115222267,9.796419088996874,11.770269912226823,0.054739855190186114,160342.26242001893,3979,2715,2065,4679,2322,1758
857,-38383.324734314825,20421.409159312327,-17961.9155750025,9.826543736227823,11.652300485525597,0.054857908889817335,160535.05131139536,3910,2773,2076,4421,2485,1853
858,-41977.7639507649,20080.674422733584,-21897.089528031316,9.859839810451616,11.615977784162547,0.05476319904604215,160016.45090232856,3724,2683,2352,4701,2243,1815
859,-35426.96112515956,21026.490525171244,-14400.470599988319,9.595641921007,11.821160314340311,0.05496100927256022,160558.9380818781,3701,3045,2013,4510,2387,1862
860,-45941.36890475999,19963.347128270914,-25978.021776489077,9.748092986766515,11.795795737067406,0.05481678820320618,159443.43301272503,4031,2620,2108,4751,2178,1830
861,-48839.9554533561,20004.247767030418,-28835.707686325684,9.662675036071152,11.776322494232272,0.05475526984674863,159794.98798136378,3794,2619,2346,4599,2411,1749
862,-46300.82332836722,19524.831562240553,-26775.99176612667,9.74543408832937,11.430467022285525,0.054816784346572195,161161.77526919817,3410,3154,2195,4348,2493,1918
863,-38014.93575852976,20435.7640018737,-17579.171756656062,9.733589416555985,11.613804033289554,0.055022380066317496,160702.68169646428,3739,2893,2127,4453,2546,1760
864,-39589.84083163205,20672.68657861667,-18917.15425301538,9.836206193877791,12.055002960902721,0.05484410491548148,160563.41078344363,3813,2928,2018,4570,2400,1789
865,-45380.852842843364,20802.08665237157,-24578.766190471793,9.477262822352372,12.010746521744855,0.05492820045306506,159895.29270670662,3220,3293,2246,4749,2243,1767
866,-39703.51243951211,19789.167838143512,-19914.344601368597,9.609043598957417,11.743760966878062,0.05475933372907409,160016.70912916624,4113,2530,2116,4670,2327,1762
867,-43947.50050700889,19836.091676874148,-24111.40883013474,9.607293632678376,11.845704020449947,0.05489810666852026,159792.2325471625,4194,2599,1966,4664,2382,1713
868,-41720.270212921205,20007.900349392534,-21712.36986352867,9.529113572310582,11.991975833428326,0.05471417713473844,160135.48046212015,3943,2847,1969,4559,2306,1894
869,-37908.1030116713,19809.072936551194,-18099.030075120107,10.166088016565931,11.661793698055593,0.05482809987044032,159905.07660282674,3975,2545,2239,4515,2520,1724
870,-36364.29428067735,20118.47857161705,-16245.815709060298,10.075282746434924,11.731068793007239,0.05489016911108366,159977.30770927542,4113,2726,1920,4633,2447,1679
871,-42144.6438464557,20179.850233287172,-21964.793613168527,9.942569888295072,11.862281979006566,0.0547680786736467,159890.59630864317,4079,2677,2003,4812,2277,1670
872,-44650.428597402584,20543.246882998337,-24107.181714404247,9.977208342918274,11.782277623903218,0.05485346859307127,160208.98213429408,3532,3151,2076,4531,2405,1823
873,-48669.94713310954,19109.80436868148,-29560.14276442806,9.795609369388004,11.123421998694797,0.05519953533858648,160742.67438362294,3880,2616,2263,4357,2634,1768
874,-49291.234026097685,21005.710865699788,-28285.523160397897,9.631024836511003,11.818380752137857,0.05478954902572884,159716.46136004137,3805,2792,2162,4567,2431,1761
875,-37743.66658078475,21035.492727134504,-16708.17385365025,9.705172807177098,11.758113506693078,0.05489354577148839,160388.33001623428,3641,3043,2075,4645,2310,1804
876,-36159.88109237804,20499.008930799253,-15660.872161578787,10.251790033131659,11.70796396425962,0.05485108532744679,160183.9377945871,3656,2711,2392,4532,2505,1722
877,-38690.52248726017,20171.63395145743,-18518.88853580274,9.88513466246954,11.59127248562795,0.054767502568932674,160640.73912132438,3615,2877,2267,4330,2643,1786
878,-42185.935831183015,20487.386222053115,-21698.5496091299,9.997173710052028,11.70026029938021,0.05475671661628989,160128.91975660293,3708,2565,2486,4579,2426,1754
879,-42465.348943743964,20236.832621225043,-22228.51632251892,9.827532678925177,11.786148614387637,0.05487405209289026,160326.38867607136,3877,2839,2043,4651,2261,1847
880,-37301.61141916208,20624.278545854904,-16677.332873307176,9.773968244258876,11.776209961541673,0.05486368834051325,160335.8320679635,3853,2813,2093,4742,2295,1722
881,-36878.390357439464,20281.31906015702,-16597.071297282444,10.120659574765202,11.771365774008698,0.0550704092681233,160727.31386030215,3933,2807,2019,4553,2464,1742
882,-40204.220950239076,21448.557905903166,-18755.66304433591,10.005056751346737,11.86813657124541,0.054834361711230385,160080.65015975063,3360,3233,2166,4663,2436,1660
883,-39643.85564312139,19826.73682929393,-19817.118813827456,10.048585234451652,11.639128645541978,0.054793092103847606,159723.605659418,3814,2878,2067,4671,2317,1771
884,-43191.069475995515,20701.254256508622,-22489.815219486893,9.431228515862895,11.707637294077168,0.054849167625248295,159923.02331470526,3623,2703,2433,4803,2273,1683
885,-47821.47880842136,20089.14731767187,-27732.33149074949,9.503724041753896,11.556110887652217,0.05480022061815642,160433.07280388218,4244,2508,2007,4671,2378,1710
886,-39678.42024480798,19689.889779973895,-19988.530464834086,9.570144634190418,11.420148840158804,0.054683868865367365,160288.17866098587,4079,2697,1983,4518,2509,1732
887,-38776.44195930254,19997.855419911608,-18778.58653939093,9.917155872458201,11.512147501828622,0.05469149365154902,160937.15780874458,4239,2384,2136,4407,2485,1867
888,-45788.469669409904,19192.0699626086,-26596.399706801305,9.714559652468758,11.446554457115884,0.05488956123879456,160333.28565271213,3932,2632,2195,4563,2370,1826
889,-40404.0455848755,20385.020180722855,-20019.025404152646,9.275561862667672,11.557377456927727,0.05496626813247672,160334.10840348736,3653,3023,2083,4301,2768,1690
890,-40966.11005455562,20384.314908189936,-20581.795146365683,9.579578102294935,11.636750823865382,0.05477311282987412,160159.8698585251,4085,2771,1903,4512,2366,1881
891,-39803.2652242825,20676.34602669574,-19126.919197586758,9.944178414455804,11.638071149063983,0.054768587230228455,160364.06471613495,3978,2489,2292,4377,2766,1616
892,-41887.35571697079,20819.219369588645,-21068.136347382148,9.559893295805587,11.809577064252176,0.05477711292961441,159870.93958027684,3499,2995,2265,4754,2242,1763
893,-39158.37313987435,20641.99212073289,-18516.381019141456,9.750017173915465,11.731612097784007,0.0549214875457705,159965.4822233202,3616,3059,2084,4728,2251,1780
894,-40610.84183352416,20451.3739901032,-20159.46784342096,9.472276418291127,11.711487614605682,0.05488250533479826,159951.3012346723,3259,3350,2150,4575,2335,1849
895,-31864.641937960358,19985.838237272837,-11878.80370068752,9.64124858874699,11.51755081589742,0.054885898874929825,160425.4950376748,3954,2443,2362,4427,2477,1855
896,-39658.04691121492,19296.94405027066,-20361.102860944262,9.666069416369577,11.312068514908042,0.05492073037116751,160332.70774901015,4364,2281,2114,4491,2455,1813
897,-34151.43893153272,20247.818654699495,-13903.620276833226,10.076518512121185,11.285218539443168,0.05484627252560677,160525.87972395032,3873,2724,2162,4497,2384,1878
898,-32109.064226626713,20615.39035421204,-11493.673872414674,10.082641702185606,11.630623632458613,0.054816389546175584,159553.09330396456,3645,2938,2176,4519,2653,1587
899,-37337.30658740651,19760.69669254074,-17576.609894865767,9.934568135531691,11.293147951181755,0.05466930860761881,160785.5345548753,3744,2718,2297,4408,2500,1851
900,-39485.26725423566,20705.532935232055,-18779.734319003604,9.772435138990048,11.64086161443396,0.05482705148560259,159992.92753711736,3650,2898,2211,4678,2328,1753
901,-33031.27558039964,19822.28896692388,-13208.986613475761,9.624554590410908,11.339157349990192,0.05476842583014002,160587.9271034892,4026,2807,1926,4301,2552,1906
902,-45395.06612638346,20180.508698039717,-25214.557428343745,9.78049878896602,11.47790070501329,0.054772221517232274,159882.08731808155,3962,2512,2285,4781,2255,1723
903,-45967.53134035234,20570.542070251497,-25396.989270100843,9.956200932877987,11.467547046478234,0.054897264270861224,159848.72231821346,4099,2551,2109,4649,2423,1687
904,-39452.55715114401,20612.03976251839,-18840.517388625616,9.841610406305149,11.647494473301638,0.05489154350167283,159933.594754911,4133,2626,2000,4832,2115,1812
905,-32929.85005466337,21515.03111386076,-11414.818940802612,9.806583816377227,11.860621307266408,0.054899131418487,159928.95300915698,3811,3007,1941,5145,1921,1693
906,-39387.63266912151,20705.66978367847,-18681.962885443038,9.781195675802328,11.801641794620572,0.054911736481908634,159994.63703976828,3826,2756,2177,4691,2437,1631
907,-38731.93215547246,20748.22629454241,-17983.705860930047,9.599607356311067,11.825362007581763,0.05474910755471747,159794.87103108995,3735,2697,2327,4876,2213,1670
908,-34701.9557391076,21051.105300262276,-13650.850438845326,10.136646203943412,11.96025115643298,0.05471025842278145,160337.8205407263,3848,2709,2202,4615,2337,1807
909,-35123.206200731656,20192.773572248178,-14930.432628483479,9.85828000932259,11.70337255517151,0.054742963985846056,160067.56849118715,3934,2623,2202,4666,2308,1785
910,-35007.23257922125,20282.204371128923,-14725.028208092328,9.697885762467152,11.555206203331062,0.054841783434260334,160416.85152012212,3702,2760,2297,4394,2500,1865
911,-42572.17483837838,20923.912817566612,-21648.262020811766,9.024088412688135,11.929974821227361,0.05463501508444456,159943.0324500795,3798,2854,2107,4899,2176,1684
912,-37058.74637339996,20408.230571434022,-16650.51580196594,9.62805631219591,11.744235499924683,0.05489268486739984,160055.05912255455,4237,2494,2028,4607,2486,1666
913,-37795.25111971285,21003.09556125549,-16792.155558457358,9.718475225751947,11.782865659821269,0.05490033087868382,159954.54280714845,3741,2829,2189,4744,2356,1659
914,-36953.64480680386,20586.45751542247,-16367.18729138139,9.591084215039357,11.867638016338484,0.05475510302376841,160562.49556323697,3896,2845,2018,4658,2311,1790
915,-30248.670375800946,20177.587025254317,-10071.083350546629,9.66191507605238,11.452874292312673,0.05490803241790194,160244.72222686792,3694,2855,2210,4460,2565,1734
916,-33447.008073010664,20538.745395188496,-12908.262677822167,9.622174793830874,11.565477178209935,0.05483024883102212,160132.79279817,3937,2763,2059,4489,2391,1879
917,-30979.609614963178,20418.23011496158,-10561.379500001596,9.851791784549375,11.616375034855912,0.05489273847853385,160025.31375618733,4172,2591,1996,4552,2505,1702
918,-35232.99775569335,20750.011672626246,-14482.986083067106,10.045675444225255,11.823873935490877,0.05466569905070773,159041.51600133782,4035,2693,2031,4876,2202,1681
919,-37733.04141435299,21534.07689691623,-16198.964517436762,9.690418224738053,12.048993108727604,0.05473938724791539,160000.10374244503,3871,3001,1887,4743,2219,1797
920,-39173.40253797429,20354.984529013374,-18818.418008960914,9.892873988826532,11.614838188981901,0.054947677017162404,160372.01450403215,4140,2456,2163,4550,2415,1794
921,-37374.56364367014,20492.775262451258,-16881.78838121888,9.833730486499359,11.96450637697262,0.05468745675765,160160.95375775453,3480,3118,2161,4634,2388,1737
922,-34150.04751298088,21133.118274817374,-13016.929238163502,9.32992678042478,11.915126784075179,0.05470367202928474,159582.49614089145,4275,2407,2077,4883,2115,1761
923,-33895.31450936979,20195.200978739536,-13700.113530630253,9.38984667247492,11.52373341025466,0.05472185670554908,160436.13955739193,3775,2958,2026,4717,2284,1758
924,-29243.986036506354,19849.64944683136,-9394.336589674993,9.545540405686578,11.534469758383482,0.05478788429839554,160760.59789552784,4085,2510,2164,4646,2231,1882
925,-35479.18835211777,21575.517575954196,-13903.670776163577,9.592011797065473,11.811127500812802,0.054996687748575836,160139.61004077407,3485,3024,2250,4699,2360,1700
926,-33748.09610181032,20877.32882542499,-12870.76727638533,9.426229937105322,11.760235063728066,0.05490184013258186,160581.66845309632,3589,2839,2331,4677,2312,1770
927,-35775.1102022183,19942.77182539919,-15832.338376819105,9.694011945404686,11.503284464414143,0.054814533446151045,159928.83658157417,3977,2599,2183,4545,2432,1782
928,-38353.2314407841,20448.597565417625,-17904.63387536647,9.361687981594072,11.54669432051431,0.0548396383896314,160654.77365410916,3904,2617,2238,4391,2646,1722
929,-34226.07813337627,21097.66753745653,-13128.41059591974,9.399828309269939,11.654108552588006,0.054782966904670966,159872.67380620266,4106,2843,1810,4836,2293,1630
930,-38441.350649301865,20605.293883769667,-17836.056765532197,9.651193747923498,11.722501994459677,0.05479026922140934,159922.6841417216,3901,2600,2258,4796,2194,1769
931,-36565.91311754308,20813.637170780457,-15752.275946762624,9.574401033080106,11.828508482426795,0.05472214941338066,160648.19637942943,3968,2762,2029,4376,2509,1874
932,-37693.089038405924,20574.275884151273,-17118.81315425465,9.505198079662417,11.657598941072699,0.05480765671409362,159834.41456319136,3687,3007,2065,4869,2195,1695
933,-26863.20949693999,20790.843633921428,-6072.365863018564,9.674897229968689,11.527312693482116,0.054900673984846333,159739.29523630493,3738,2723,2298,4807,2353,1599
934,-30973.48102030122,21176.823911525717,-9796.657108775504,9.313085757687594,11.843891201468088,0.05474366891283665,159909.02938132122,4113,2538,2108,5127,1986,1646
935,-32751.008551293726,21294.544902943726,-11456.46364835,9.873358776000693,11.98307969182287,0.05486765580959863,159751.52960122243,3656,3019,2084,4954,2178,1627
936,-34931.40645327361,19705.824646392834,-15225.581806880775,9.658763066359148,11.57315202781886,0.05498188861083905,161037.4883590052,3786,3006,1967,4261,2686,1812
937,-38370.68514602459,21048.95489872973,-17321.730247294858,9.804186422766623,11.78353574063289,0.05487837969097126,159743.29062408843,3689,3038,2032,4626,2535,1598
938,-28278.655617574215,20874.242073780417,-7404.413543793798,9.446441680863773,11.784500799107521,0.054914871875969364,160871.35768905806,4124,2738,1897,4644,2305,1810
939,-36086.66346556756,19903.57773436479,-16183.08573120277,10.135229383329564,11.446042208814573,0.05469020511453685,159770.6970782588,4164,2470,2125,4589,2519,1651
940,-27981.771546344677,21382.99741766,-6598.774128684676,9.595991771210999,11.715876500627363,0.05488903957420062,159890.30908157624,3954,2931,1874,4939,2136,1684
941,-42326.04023265817,20891.885174924788,-21434.15505773338,9.776606085346815,11.794768123630421,0.054829922628578935,160561.92831855378,3742,2615,2402,4724,2219,1816
942,-31871.015861104403,20999.43323607263,-10871.582625031773,9.722171480257925,12.040419927069403,0.05483561952939541,159207.33503862534,3834,2914,2011,5077,2019,1663
943,-34136.87436999082,20155.62870984715,-13981.245660143672,9.76437425949888,11.865007860499107,0.054897708691862813,160522.21192483764,4185,2675,1899,4405,2575,1779
944,-33358.68048718511,21137.93037211616,-12220.750115068953,9.761993750381956,11.900655276271015,0.05473156730092568,159690.02248817633,3630,3220,1909,4893,2175,1691
945,-31505.182748603413,20370.09958154613,-11135.083167057284,9.36063380706319,11.69367634262081,0.05481500622936051,160595.2744634509,3966,2809,1984,4684,2364,1711
946,-29155.590418019503,20594.59768526002,-8560.992732759481,9.952588494340242,11.527995495286053,0.05465849818794103,159783.78184448174,3780,2849,2130,4592,2538,1629
947,-31674.640834968643,20733.490931243934,-10941.149903724709,9.920959998976665,11.365762502937228,0.054903602831041544,160419.07262174372,4013,2643,2103,4749,2410,1600
948,-35550.281734216216,20730.29036534162,-14819.991368874595,9.917632960184484,11.750286642485602,0.05473563448442334,160159.13411254997,3963,2883,1913,4713,2440,1606
949,-43117.79731454768,20640.099228449897,-22477.698086097782,9.83911126995735,11.642154144219278,0.054823546825813495,160216.88675715946,4020,2587,2152,4493,2481,1785
950,-32040.96905423895,20422.55195543639,-11618.417098802562,9.923214305159702,11.521842317009414,0.05473495366526253,159658.8657024261,3957,2543,2259,4675,2434,1650
951,-37031.05170968743,20767.51706769803,-16263.534641989401,9.608585370886113,11.59852383476782,0.05462049057078105,160278.0280220038,3959,2610,2190,4639,2258,1862
952,-36445.805200208866,21126.702247413574,-15319.102952795292,9.637561329011804,11.696197804930865,0.05481460718741675,160117.8444523901,3707,2853,2199,4865,2229,1665
953,-39038.832599129775,20588.743631863024,-18450.08896726675,9.373413788141333,11.752286123782604,0.054736886551467356,159795.32784697268,3620,2972,2167,4794,2179,1786
954,-32378.51741985626,20449.299462972205,-11929.217956884055,9.48675910107964,11.596874324768212,0.05491218778779861,160083.1447595476,3936,2869,1954,4584,2488,1687
955,-35796.7061701084,20725.45014836094,-15071.256021747464,9.54528277001887,11.5478580545826,0.05482751726064107,159744.96806809053,4303,2598,1858,4877,2293,1589
956,-30403.91046272731,20473.30218251171,-9930.608280215598,9.454889748972699,11.488541156356375,0.05492905676803309,160252.077715259,3908,2902,1949,4595,2396,1768
957,-34680.79385614923,20653.98495306075,-14026.808903088477,9.511743598774881,11.414537666534349,0.05498299534000762,160203.27389669218,3924,3078,1757,4700,2429,1630
958,-42042.463001409174,20742.072354436554,-21300.39064697262,9.382141446788005,11.604605493206757,0.054906078357756974,159442.4935771693,3832,2846,2081,4762,2356,1641
959,-34992.05043456693,21005.125481626128,-13986.924952940804,9.785107808943406,11.542953398183526,0.054761038226161976,159700.87405489903,3594,2851,2314,4759,2364,1636
960,-36930.26335595769,20150.58826681017,-16779.675089147524,9.843660961553505,11.455918211236034,0.05498684655649059,160480.3091835876,3829,2849,2081,4497,2551,1711
961,-30786.354769070098,21387.83809620082,-9398.516672869278,9.511103504937802,11.884370603058033,0.054840920982391975,160038.74718553366,3631,3162,1966,4961,2221,1577
962,-31363.102792280362,21272.64690176067,-10090.455890519694,9.346199249724062,11.939467943433042,0.054770146523997525,160095.41073560904,4032,2926,1801,4887,2137,1735
963,-35176.60464049956,20810.809424943487,-14365.79521555607,9.561275571026993,11.63535687157148,0.054720398549880096,160691.7938743278,3752,3100,1907,4493,2576,1690
964,-35724.80340160667,20905.287428481897,-14819.51597312477,9.237094578128168,11.845517629863274,0.0548191503281056,159719.94643821532,3783,2981,1995,5005,2091,1663
965,-30353.483732653334,20585.927330604674,-9767.55640204866,9.479476437487007,11.613134589573795,0.05496198552198496,159751.56913474965,4161,2520,2078,4863,2309,1587
966,-39828.42206541238,20473.50248709371,-19354.91957831867,9.22740223326336,11.583687970208079,0.054836697169305136,160125.9772358569,3956,2696,2107,4655,2370,1734
967,-33373.1080012728,20503.10271059641,-12870.005290676389,9.502940925196654,11.423288881070775,0.05488221299274025,160507.32954029288,3735,2990,2034,4439,2570,1750
968,-37543.07903676677,20291.942290799074,-17251.1367459677,9.786067627639213,11.53312582201079,0.054750194574799446,159619.79352862664,3973,2714,2072,4762,2318,1679
969,-37466.21509529245,21063.677905933677,-16402.537189358773,9.862058608862432,11.711076142551857,0.05480004815222383,160136.80724292767,3837,2709,2213,4787,2277,1695
970,-31541.273214836165,20801.96049146358,-10739.312723372586,9.358533700616283,11.536021784664205,0.05475833332317796,159831.0217713798,3764,2996,1999,4732,2317,1710
971,-29049.96590055301,20052.082238955343,-8997.883661597665,9.783367079839246,11.267888600200639,0.054878620849388396,160700.1669353726,4129,2735,1895,4585,2578,1596
972,-30996.35779442114,20827.00869221511,-10169.34910220603,9.418942049012621,11.339865057759658,0.055022627514877895,160558.4765639959,4247,2672,1840,4552,2477,1730
973,-34348.805991544075,20382.518804351817,-13966.287187192258,9.860999150972825,11.24184355140272,0.054744957526617996,159907.375617551,3687,2976,2096,4455,2536,1768
974,-32934.36664908628,19913.414143516817,-13020.952505569465,9.566493549213098,11.120196114758178,0.05478969335236629,160301.45749410303,4096,2480,2183,4504,2524,1731
975,-35497.60442730709,21658.670810836647,-13838.93361647044,9.375270683706772,11.548089505711113,0.05494118257176235,159614.30902874662,3488,3175,2096,4870,2210,1679
976,-26125.87141058522,21122.604127382703,-5003.267283202516,9.604910172047122,11.527683911539857,0.0546960442143931,159822.29040545452,4276,2678,1805,4829,2281,1649
977,-30820.949679685502,21234.78237310943,-9586.167306576073,9.395046728047555,11.75526010303593,0.05487689625130761,159801.86597244264,4065,2783,1911,4803,2431,1525
978,-34654.55985129832,20689.065627036518,-13965.494224261802,9.454395092342997,11.776335402806044,0.05474254273104412,159597.30003501766,3560,3236,1963,4853,2193,1713
979,-28441.39096261924,21002.330072133158,-7439.060890486082,9.626581230657228,11.80948126941169,0.05476921184599184,159817.7428866979,3944,2683,2132,5042,2045,1672
980,-32075.3992667599,21096.895556608735,-10978.503710151166,9.571289552228166,11.924849076961971,0.05472170201517427,159313.21042025412,3763,2763,2233,4879,2361,1519
981,-34662.86303580535,20030.458181321814,-14632.404854483535,9.88822462116477,11.479370258532573,0.05491146648881225,160533.36472052737,3795,2887,2077,4341,2623,1795
982,-33240.11884798431,20772.934317173822,-12467.18453081049,9.293572928654102,11.53790043468799,0.0549407616189114,159688.80177257358,3499,2892,2368,4809,2313,1637
983,-33496.96477217873,21136.51834941491,-12360.446422763824,9.472728335178328,11.696439337603014,0.054863944438112475,159881.68371269747,4102,2715,1942,5060,2127,1572
984,-33261.02371523601,21217.741665388192,-12043.282049847821,9.046112860030842,11.577147387952408,0.05490773280653403,160278.46304792064,3954,3087,1718,4785,2300,1674
985,-30232.078681324223,20787.544395688015,-9444.534285636208,9.527128216653681,11.476347632094853,0.05491560157245136,160289.93619879975,4168,2550,2041,4609,2517,1633
986,-34009.31320108677,20664.688956339804,-13344.624244746967,9.622420255608688,11.656708827459688,0.05485350377546379,159567.33583205458,4095,2633,2031,5118,2043,1598
987,-36058.849241107695,21104.029895024767,-14954.819346082928,9.501547901865617,11.538258587372308,0.05481402428726901,159727.51533593927,3853,3018,1888,4702,2424,1633
988,-27742.72602851119,21035.90526778847,-6706.820760722723,9.338215449210777,11.650532127801565,0.05487619438612895,160388.24966276754,3987,2837,1935,4584,2468,1707
989,-26525.470593171678,20808.151917423947,-5717.318675747731,9.441666806576599,11.601606091433888,0.054836931786091794,159328.61109772525,4133,2673,1953,4751,2343,1665
990,-36970.57258669997,21332.326127182143,-15638.246459517828,9.611572531660542,11.610756350558576,0.05488433376485152,160430.71871920401,3495,3302,1962,4646,2467,1646
991,-40938.43230149074,21841.508325274877,-19096.923976215865,8.848356915069656,12.063360543541176,0.05472317580258957,159840.3520895644,3841,2890,2028,4883,2441,1435
992,-41148.16629649494,20195.008783872785,-20953.157512622158,9.461443116897673,11.678212916620883,0.054708939382696296,160417.2526909776,4007,2906,1846,4742,2338,1679
993,-29162.525355126734,21059.070773730746,-8103.4545813959885,9.264216773787917,11.477273481423342,0.0548709425995413,159643.91101355053,3790,2783,2186,4720,2497,1542
994,-37241.617943238234,21224.104301147774,-16017.51364209046,9.162402743310869,11.402182269788135,0.05481429633957515,159985.36873528713,3781,2888,2090,4692,2468,1599
995,-23223.913116918153,21188.94153577917,-2034.9715811389833,9.199575865205073,11.671372439066875,0.054746154250256564,159302.3421608884,3906,2709,2144,4882,2350,1527
996,-35454.5258645897,20986.586759373437,-14467.939105216261,9.89375540434159,11.537747574251254,0.05495966489985129,160569.60547919702,3679,2890,2190,4536,2542,1681
997,-33154.08124787668,20989.181293833233,-12164.899954043449,9.573333240495463,11.442436315074955,0.05462758328367414,160201.82138887036,4026,2809,1924,4849,2267,1643
998,-32708.496169712103,21086.326954608867,-11622.169215103237,9.268216482751999,11.6154245288117,0.05473893139028143,160039.7300767417,4136,2774,1849,4735,2214,1810
999,-32045.871463595475,20132.070942927156,-11913.80052066832,9.363675163833951,11.168496355354337,0.05491667594826132,160195.56898320484,4001,2883,1875,4507,2495,1757
1000,-40100.02701096201,21228.063109570605,-18871.963901391406,9.205630186650337,11.376363142551494,0.05496803716713141,159676.4651683462,4042,2443,2274,4703,2445,1611
1001,-38699.884436909495,20984.242262288983,-17715.642174620512,9.549969681846758,11.514089304072016,0.05475453261684714,159557.32795649488,3878,2480,2401,4723,2381,1655
1002,-32439.13817071529,21067.179432097335,-11371.958738617956,9.150240413452634,11.504287625565212,0.05500454294568089,160540.80024253926,3857,2963,1939,4499,2594,1666
1003,-27842.619343720136,20548.63744447731,-7293.981899242826,9.532404423293666,11.637891029204344,0.05474384658133728,160601.41332142992,3892,2856,2011,4671,2223,1865
1004,-32186.55475655967,21774.36646891424,-10412.188287645433,9.447005848799828,11.778272498374607,0.054809734241962026,160400.62867110362,3721,3107,1931,4775,2277,1707
1005,-34605.400039087785,21362.680329060862,-13242.719710026922,9.526723202457108,11.732314845451908,0.0547236845560101,159940.48411314478,3593,3119,2047,4483,2667,1609
1006,-30386.8135395086,20989.532216711203,-9397.281322797397,9.402767041169552,11.694117313159879,0.05473086789986099,160078.000250306,3661,2992,2106,4715,2301,1743
1007,-39981.99350563243,21003.258329139215,-18978.735176493217,9.624094493399033,11.626221080722512,0.05473550257643326,160031.56687377708,3945,2967,1847,4583,2505,1671
1008,-27335.198050267412,20503.741879965888,-6831.456170301524,9.914166916993349,11.282340161038578,0.05499587712583846,160130.97332939474,4034,2847,1878,4442,2635,1682
1009,-28923.81368139109,21603.603000912695,-7320.210680478394,9.731600904604527,11.425293289272046,0.054792827058709685,159558.37721608346,3722,3066,1971,5028,2023,1708
1010,-32161.237330409735,20862.172181589947,-11299.065148819787,9.465000719133977,11.54000816948358,0.05476960855197814,160261.26304220626,4334,2515,1910,4767,2151,1841
1011,-30106.240782885554,20274.72589060972,-9831.514892275834,9.457844372293442,11.30130648789812,0.05480418762296274,160025.80192392127,3968,2878,1913,4803,2387,1569
1012,-30192.203396593533,21556.797885413118,-8635.405511180415,9.091704360370437,11.649510596070607,0.05474844816880416,160065.10694548636,3615,2854,2290,5030,2146,1583
1013,-28137.729990081218,20621.89195446673,-7515.838035614488,9.459889419684885,11.34398832608969,0.05480054349241608,160061.28449161438,3927,2837,1995,4663,2497,1599
1014,-22827.81699849971,21620.69412388474,-1207.1228746149718,9.271340646884205,11.535021885048858,0.05483995819665892,160528.93013172928,3745,3168,1846,4804,2350,1605
1015,-30754.256507894115,21021.20859251628,-9733.047915377836,9.426241074755218,11.696475542153495,0.054709208072212995,160658.55158886287,4111,2578,2070,4810,2157,1792
1016,-32242.288174081554,20498.800575398374,-11743.48759868318,9.449046922944676,11.448464080217166,0.05470310959186322,160202.20536398445,4176,2562,2021,4636,2431,1692
1017,-33652.74229317136,21518.138702200034,-12134.603590971325,9.163603161869615,11.937142591871153,0.054697588690911965,160197.0944941475,3726,2955,2078,4805,2055,1899
1018,-25822.524992948132,20940.13262302425,-4882.392369923884,9.415129039504157,11.793490102117572,0.05484963535012139,159501.4118823874,3927,2753,2079,4962,2289,1508
1019,-27868.256609367905,20968.55068485693,-6899.705924510974,9.599861945088625,11.41046214686635,0.054866326808223856,159248.2337856914,3824,2715,2220,4778,2383,1598
1020,-29330.96386962656,20562.898882496374,-8768.064987130187,9.736536169590678,11.621120103686687,0.05471380869885064,159524.09182538613,4087,2519,2153,4780,2285,1694
1021,-24875.76418771028,20599.165918165818,-4276.598269544462,9.54418851882317,11.554677836323922,0.05484753563115481,160244.8109967374,4133,2688,1938,4608,2630,1521
1022,-23696.934786629172,21742.421510734242,-1954.5132758949294,9.20895969675037,11.751838610607859,0.05479428233196579,160278.40008493874,3437,3330,1992,4905,2298,1556
1023,-26464.648740774574,21128.67395753847,-5335.974783236103,9.336256776541065,11.761074283975871,0.05487084359034564,160526.2088118996,3711,3085,1963,4684,2283,1792
1024,-30908.90218563078,20215.622120127045,-10693.280065503735,9.39820773204214,11.407454500593095,0.05484856994270527,160196.83095668053,4032,2649,2078,4637,2350,1772
1025,-31829.10215972929,21856.344976571057,-9972.757183158232,9.441482898073712,11.66861925711106,0.05497218608503894,159711.79834316115,3854,2983,1922,4864,2394,1501
1026,-28237.314494030834,21235.92849131958,-7001.386002711253,9.441722180444245,11.566833967404298,0.054875715360260625,160470.76603452268,3989,2774,1996,4794,2382,1583
1027,-33673.88574328355,20599.988407383335,-13073.897335900216,9.284936642069509,11.510441472816787,0.0547170247000795,159814.01559572478,4153,2291,2315,4972,2123,1664
1028,-30243.19824475216,21754.45347477702,-8488.74476997514,9.502689233393648,11.795449886004006,0.05475194047420468,159990.76748500852,3740,2929,2090,4586,2494,1679
1029,-25842.343711956142,21226.828911309727,-4615.514800646415,9.551553718854098,11.688623941539314,0.054767712154736414,159149.5688461618,4186,2555,2018,4798,2465,1496
1030,-31460.92790717865,21245.178307254875,-10215.749599923776,9.36973917104555,11.589085800972379,0.05470819211913773,160135.98345416805,3627,3057,2075,4743,2293,1723
1031,-30594.2926418882,20037.997936678592,-10556.29470520961,9.509352837712587,11.295440070150839,0.05487462440797729,160151.54563449012,4063,2728,1968,4550,2508,1701
1032,-28934.422484925748,21024.86018774113,-7909.562297184617,9.278424948052827,11.41900672701163,0.05487429391853048,160352.4371494614,3929,2724,2106,4789,2377,1593
1033,-36127.9033859117,21155.619853732216,-14972.283532179481,9.043991228336568,11.818671968702,0.05483724632631737,159480.01199358894,3824,2716,2219,4883,2223,1653
1034,-29195.444618070844,20833.178660894675,-8362.265957176169,9.4906104349218,11.524999029587695,0.054806085533713474,159937.476863714,3775,2878,2106,4698,2419,1642
1035,-31272.373560764234,20437.598464830022,-10834.775095934212,9.389838268521796,11.4196445753491,0.05475289664992431,159351.2992456782,4077,2429,2253,4879,2200,1680
1036,-28648.899611948233,21638.33609707512,-7010.563514873113,9.683878593828833,11.660851631655731,0.054801283851963194,160517.6931969966,3708,3091,1960,4873,2176,1710
1037,-32322.91469870273,20793.946406098024,-11528.968292604706,9.57723699507875,11.757842534105169,0.054653527873598055,159967.33643244408,3965,2872,1922,4772,2286,1701
1038,-27272.669550104514,21257.55592829648,-6015.1136218080355,9.398601144077366,11.53489993436794,0.05481600022099733,160562.5227120537,4177,2965,1617,4504,2520,1735
1039,-37894.826047971954,21799.099881530026,-16095.726166441927,9.200174978657747,11.78078115919645,0.054673675521159974,159976.68412178112,4075,2666,2018,4720,2413,1626
1040,-28073.697134908496,21404.015333493866,-6669.68180141463,9.279940943296094,11.916802022065262,0.054697889287637635,159471.3668086658,3883,2978,1898,5052,2221,1486
1041,-24650.539340913016,21015.42450686387,-3635.1148340491454,9.700189260987448,11.793706397884648,0.054801480131657074,159057.3565736746,3902,2931,1926,4690,2533,1536
1042,-32439.286628581038,21630.363745663723,-10808.922882917315,9.42147831870568,11.761574380165092,0.054809273727900745,160306.77240734646,3647,3211,1901,4862,2248,1649
1043,-33855.56154069104,21053.86736547187,-12801.694175219167,9.258161771656674,11.71730489798898,0.05479361341489917,159808.48175911527,4056,2654,2049,4815,2130,1814
1044,-25302.114155525534,20919.560272619074,-4382.553882906461,9.710905837641347,11.674024985266419,0.05482184194509716,159472.61460994984,4520,2364,1875,5047,2074,1638
1045,-26940.78654717963,20903.07622039449,-6037.710326785138,9.451979285800876,11.591107738805343,0.05482744919233273,160135.96048624092,3900,2732,2127,4703,2439,1617
1046,-34729.21356362921,20670.167945811427,-14059.045617817781,9.68156410068179,11.487959736911366,0.05475946217756128,159858.23654232387,4051,2894,1814,4771,2343,1645
1047,-33550.04448503188,20482.664614348243,-13067.379870683639,9.430463836271727,11.416732486016754,0.05484452081006882,159761.17832545313,3889,2716,2154,4947,2196,1616
1048,-29028.189045715313,20602.149079092134,-8426.039966623179,9.445423422088247,11.180194987133532,0.05486643407533725,160333.17740082447,4267,2701,1791,4804,2425,1530
1049,-33588.787616152484,21404.81316459553,-12183.974451556955,9.125507574286837,11.354293644998787,0.05470086847340903,160168.6323215756,3690,3094,1975,4760,2400,1599
1050,-29128.461482277435,21321.181030377957,-7807.280451899478,9.403074384668129,11.585507716632378,0.054655681914898536,159739.18704665452,3906,2531,2322,4932,2146,1681
1051,-29759.953197402392,20314.057558190234,-9445.895639212158,9.476340482886334,11.608031302567612,0.0548702339571798,159913.34179193483,3988,2747,2024,4723,2240,1796
1052,-32613.190115141482,20573.899968948965,-12039.290146192518,9.599746001765537,11.7563164585588,0.054665901182197114,160100.3303166245,4108,2417,2234,4410,2627,1722
1053,-24492.78457562917,20917.017014840698,-3575.767560788474,9.51548078103643,11.642042386159662,0.054689433669787894,160111.34576838108,4057,2566,2136,4715,2394,1650
1054,-22320.216112998143,20623.468929601957,-1696.7471833961863,9.616005305974378,11.551441420086412,0.054918410902721364,160553.97277029912,4201,2704,1854,4581,2451,1727
1055,-29811.035528595854,20725.245892933457,-9085.789635662397,9.380663875864334,11.549843019897404,0.05488775816294366,160532.1188890601,4095,2255,2409,4676,2258,1825
1056,-31025.547508638578,20492.93921247434,-10532.608296164239,9.59021331933072,11.418841032723428,0.05492719643261969,159969.78491448742,3867,2546,2346,4608,2400,1751
1057,-28414.16491863332,20587.427395818893,-7826.7375228144265,9.781963655839837,11.311325343830747,0.05485736211726412,160426.73255141708,4271,2410,2078,4652,2348,1759
1058,-27576.737697489556,21514.300542865032,-6062.437154624524,9.167650705372694,11.550335963371259,0.05494295480031414,160226.62540906848,3733,2843,2183,4764,2260,1735
1059,-29400.487133369563,21290.89032185626,-8109.596811513304,9.666549978939713,11.601307544940768,0.0548595439046234,159693.76827350416,3842,2916,2001,4954,2180,1625
1060,-26893.19018917898,21528.68209315042,-5364.5080960285595,9.419102506572061,11.700659529470572,0.05498358473219877,160293.27368129417,3701,3200,1858,4575,2537,1647
1061,-31401.279948537875,21495.189267635775,-9906.0906809021,9.383715996854146,11.566951801828445,0.054955148514899084,160333.81784986783,4169,2703,1887,4558,2596,1605
1062,-22668.35733060837,20691.121792801372,-1977.2355378069988,9.36671363253456,11.356862584096428,0.0548675080702062,160204.79846293238,4067,2616,2076,4749,2342,1668
1063,-31705.748308385497,21201.045584770956,-10504.70272361454,9.1524533625239,11.281502720294796,0.05482997041962122,159861.1979201125,4058,2472,2229,4837,2313,1609
1064,-32195.989561211227,21776.153731107137,-10419.83583010409,9.431355822137608,11.6628658158505,0.05464301527270885,159910.33715796066,3846,3038,1875,4715,2497,1547
1065,-28404.046820429834,21656.30145821722,-6747.745362212612,9.886176778892134,11.717583926040497,0.05486856784201606,159825.74983530858,4092,2799,1868,4943,2291,1525
1066,-25867.136284949756,21290.919613380665,-4576.216671569091,9.751262744697115,11.574971882525858,0.05480930899531322,159842.25141641838,4052,2727,1980,5005,2134,1620
1067,-23845.874452129745,21231.286921322237,-2614.5875308075083,9.721633797486232,11.449621292437637,0.0548516203748781,159630.1750794573,4074,2575,2110,4901,2376,1482
1068,-18222.77144591207,21052.607880807354,2829.8364348952855,9.48437378974046,11.58311811325682,0.054755610240256596,159697.70142395303,4513,2316,1930,5040,2148,1571
1069,-27325.657761602837,20792.715907743168,-6532.941853859669,9.695513795905079,11.537961909114744,0.05473154376751674,159511.83836556532,4062,2757,1940,4842,2326,1591
1070,-31513.57764540298,21597.182709009507,-9916.394936393473,9.530549214617544,11.601544551240654,0.054710598806229756,159393.59819027095,4046,2969,1744,4913,2353,1493
1071,-32024.206642311743,21211.170129749058,-10813.036512562685,9.070721745620391,11.642293507443812,0.05482667238785912,160044.41504525524,3797,2596,2366,4917,2271,1571
1072,-31455.441480171616,21495.118113268956,-9960.32336690266,9.29928006018983,11.558418185298915,0.054759985860213946,159771.8723058834,3871,2893,1995,4528,2610,1621
1073,-30131.684275806394,21513.714929743182,-8617.969346063212,9.384140945799063,11.713094888200924,0.05468914715649458,160029.74003283237,4037,2733,1989,4772,2395,1592
1074,-21574.357786542154,20706.417050433116,-867.940736109038,9.793076818045424,11.323838182219161,0.05472908637065884,160367.35508201492,3935,2924,1900,4767,2224,1768
1075,-28620.06709903299,21783.611398228888,-6836.455700804101,9.369556246383027,11.53972130562399,0.054654531987261244,158987.69047082294,4354,2537,1868,5041,2168,1550
1076,-25247.435291224345,21949.071977577005,-3298.36331364734,9.066322107983895,11.730124741799397,0.05469823251894533,159545.6125982395,3965,2662,2132,5124,2040,1595
1077,-25264.424146261168,21279.966113988856,-3984.4580322723123,9.57570323743151,11.567536017871697,0.05472405344625155,159884.46002234414,4172,2517,2070,4930,2204,1625
1078,-27754.433840994447,21054.47606771345,-6699.957773280996,9.539731521515854,11.524265527421022,0.05486583356750822,160595.9682712879,4057,2761,1941,4677,2455,1627
1079,-29896.00530765701,20938.2157574825,-8957.789550174512,9.541525952453476,11.584329005662036,0.05467268281399059,159585.6252865823,3888,2850,2021,4911,2195,1653
1080,-24976.13557341137,22339.721976185167,-2636.4135972262047,9.16682606460444,11.87042546344556,0.054774409313264064,159547.69111478468,3741,3054,1964,5196,2049,1514
1081,-28257.646093014024,21080.27628009473,-7177.369812919293,9.451315178051575,11.704657846130425,0.05477089516481427,160423.3072367122,3834,2735,2190,4725,2332,1702
1082,-27692.150493205063,20995.735916257265,-6696.414576947798,9.542614331734983,11.568207021682861,0.05479348421223585,159986.5117906276,4488,2408,1863,4757,2172,1830
1083,-29267.616669484174,21670.248499878606,-7597.368169605568,9.79171256095727,11.744467573330986,0.05475605018462302,159551.1006870496,3931,2850,1978,5063,2153,1543
1084,-28340.866395300654,21843.821125555536,-6497.045269745118,9.085658507328228,11.513991147637235,0.05479949432360697,160209.05672027508,3650,3334,1775,4728,2401,1630
1085,-29803.717334095923,21820.525016850126,-7983.192317245797,9.330394446228954,11.781372070129029,0.05461375591409381,160120.36639721904,3793,2979,1987,5039,2143,1577
1086,-24062.526487176827,20085.153787457744,-3977.3726997190824,9.220471765411396,10.975058151148096,0.05500299727293952,160966.54765832747,3968,2622,2169,4578,2512,1669
1087,-25550.69806827741,21110.829636957398,-4439.86843132001,9.183749298552579,11.242358438389212,0.054817859561792574,160292.80028972283,4292,2820,1647,4780,2345,1634
1088,-31469.682139689186,21109.497635717304,-10360.184503971883,10.039791191702413,11.480286879475587,0.054733881511682306,159278.16888872065,4414,2441,1904,5116,2124,1519
1089,-31958.609342865177,20958.2324275207,-11000.376915344477,9.37848038525123,11.31445414533194,0.05493630856930114,159910.327954184,4065,2839,1855,4883,2115,1761
1090,-29752.83324113744,21071.167072631964,-8681.666168505475,9.625840733260976,11.436004175842962,0.05473141209131607,159558.30738438803,4436,2569,1754,4775,2393,1591
1091,-21651.45070200888,20741.14385144015,-910.3068505687297,9.279301548445849,11.348956665273517,0.05475764962630171,159585.94394040006,4251,2485,2023,5054,2063,1642
1092,-25630.386702794982,21404.160935457523,-4226.225767337459,9.566673602294435,11.310786165634484,0.054984343917373016,159354.7122209833,4432,2485,1842,4868,2302,1589
1093,-28882.665987950804,21109.438636649644,-7773.2273513011605,9.512080884857687,11.487711685716087,0.05476407975713791,159975.5711739067,4353,2506,1900,4815,2300,1644
1094,-27233.310967998474,20800.753130493707,-6432.557837504766,9.394217165866698,11.464636308192755,0.05485412886295415,159532.07015887887,4045,2885,1829,4806,2450,1503
1095,-33209.65854525347,21197.083222886762,-12012.575322366709,9.2217770163394,11.409212450247031,0.05477784640623459,160061.25636497475,3738,2915,2106,5057,1961,1741
1096,-27432.712627656827,21353.18227580363,-6079.530351853198,9.377596850905968,11.441525595171992,0.054755611064702905,160476.96055093894,4014,2830,1915,4572,2499,1688
1097,-27046.89635118892,22076.870379374468,-4970.025971814452,8.746553716841287,11.542682306658305,0.05483178279949463,161141.64535780318,3674,3118,1967,4812,2235,1712
1098,-27170.25993791257,20574.142681576657,-6596.117256335914,9.537747507541207,11.389895971431589,0.05479140359087576,159825.17270445378,3870,3092,1797,5005,2021,1733
1099,-20495.186389806484,20851.42860767768,356.2422178711968,9.493379582669444,11.23313145988058,0.054722659826656424,159878.35677551277,4292,2522,1945,4877,2267,1615
1100,-22897.911292740817,21261.593289672204,-1636.3180030686126,9.211212308642349,11.371142194279786,0.05471554276192769,159328.93160493445,3793,3104,1862,5062,2038,1659
1101,-32060.99273668246,21350.89624212507,-10710.09649455739,8.947604778287378,11.39968107779404,0.05493414239445451,160031.44737760746,4263,2710,1786,4928,2366,1465
1102,-29939.350784479167,21411.28722083202,-8528.063563647149,8.996501499814013,11.470051039086812,0.05486743005832893,160092.4643301987,3982,2835,1942,4657,2610,1492
1103,-22929.07553545238,20814.60960569243,-2114.46592975995,9.840711925160063,11.129984092894633,0.054707318518577956,159846.260735308,4183,2603,1973,4828,2418,1513
1104,-18101.71512483671,20707.978497299322,2606.2633724626103,9.540572845952596,11.232244734358916,0.054659518043338795,160311.7042234744,4125,2700,1934,4815,2375,1569
1105,-19148.317230234527,21331.034908050096,2182.71767781557,9.514663823944684,11.243721023301195,0.05483437889820314,159802.58756752888,4343,2557,1859,4842,2280,1637
1106,-22826.951942120653,21739.665165668124,-1087.286776452529,9.232696954684855,11.611445198569164,0.054681087586721154,159130.62770526393,3532,2961,2266,5102,2214,1443
1107,-28517.67066799972,20903.308769041632,-7614.361898958086,9.376180683636107,11.240432010019537,0.05484184739831713,160033.20446746083,4220,2677,1862,4793,2539,1427
1108,-27824.30875183936,21011.50912146614,-6812.799630373218,9.712680918744852,11.400415833678698,0.054646834851161015,159398.56805904084,4133,2549,2077,4825,2386,1548
1109,-24067.659342966497,21470.006235884346,-2597.653107082151,9.695275141859794,11.33514857006208,0.054757016787228316,160368.48719717216,4240,2579,1940,4746,2204,1809
1110,-26646.33583840166,20686.051342892995,-5960.284495508666,9.411910356968985,11.08326680496933,0.05476381769161472,161351.79480482338,4047,2676,2036,4544,2224,1991
1111,-24033.62314064513,21638.58113522934,-2395.042005415791,9.098707313441068,11.304948176825429,0.05487209891047635,159575.9822900697,3945,2684,2130,5119,2188,1452
1112,-27801.266169419814,20498.415953754826,-7302.850215664988,9.140326817552603,11.24188503836546,0.054799394137711524,159647.53526569693,4065,2630,2064,5043,2070,1646
1113,-18396.445512541224,21330.816829556177,2934.371317014953,9.187708430600926,11.40330518286757,0.05473743792420332,160616.3146560313,4423,2407,1929,4717,2469,1573
1114,-23282.70210343946,21803.715520246944,-1478.9865831925163,9.37957106621645,11.610467380552707,0.054968473505242754,159996.26016041008,3664,3230,1865,4952,2282,1525
1115,-26058.35415114353,20915.283641965427,-5143.070509178102,9.364129024858316,11.191048567349121,0.054799580627487264,159742.61177791544,4215,2455,2089,4717,2484,1558
1116,-28529.16837496102,20961.239558446116,-7567.928816514905,9.207676053892639,11.425336892181571,0.05481459366000058,159735.9791935692,4094,2650,2015,5001,2064,1694
1117,-29699.65024630103,21854.235132734742,-7845.415113566287,9.192427030744957,11.520804453768331,0.054779597775391674,159582.61308727728,3932,2872,1955,4820,2439,1500
1118,-26202.44031836003,21240.64881204743,-4961.791506312598,9.130079833814811,11.368923675603531,0.0547885101689807,160637.29272978177,3896,2829,2034,4998,2037,1724
1119,-27232.055484037213,20838.45070644391,-6393.604777593304,9.140322680494956,11.353432622322694,0.05480445929518417,160507.07030811874,4131,2691,1937,4908,2180,1671
1120,-25590.298635412382,21435.45206113935,-4154.846574273033,9.071769994852195,11.440716121108935,0.054783599953249544,160688.74246876335,4173,2643,1943,4845,2245,1669
1121,-22036.883471165544,20991.38071868086,-1045.5027524846846,9.293267045626664,11.259671949186275,0.05483162900972858,160658.39610434126,3956,2608,2195,4748,2286,1725
1122,-27054.44627195902,21863.4809683224,-5190.965303636618,9.244321059127632,11.565724843126779,0.05469370487558478,160130.74164857046,4012,2941,1806,5142,1934,1683
1123,-31839.07145887651,21262.857533475493,-10576.213925401018,9.359265778253873,11.436906355132145,0.054758867134488826,160089.8806068197,4082,2846,1831,4765,2427,1567
1124,-33147.48641923375,21181.605806132437,-11965.880613101312,8.820142848746904,11.562256543406534,0.05473396545690252,160723.16425665378,4309,2486,1964,4927,2140,1692
1125,-19188.933095967095,21430.592816675362,2241.659720708267,9.58597575968266,11.667021024112037,0.05483885748769022,159695.8866204916,3666,3225,1868,4826,2420,1513
1126,-28709.60465842503,21943.145125258387,-6766.459533166642,9.503652703211946,11.606847949062015,0.05475799780111174,159867.43568988875,3945,2833,1981,4990,2145,1624
1127,-22957.944943510287,21208.136436026743,-1749.8085074835435,9.336807808211304,11.317410882722957,0.05480568301058643,160804.41060909146,3856,2851,2052,4854,2240,1665
1128,-20239.233034624314,21779.76360640677,1540.5305717824558,8.871974053404282,11.71449314004582,0.05477579426174363,159809.98113087076,3789,2968,2002,4983,2110,1666
1129,-21926.59859299538,21572.474638655218,-354.1239543401607,9.32952743439226,11.63789788296811,0.05462692628806077,160638.1507939952,4070,2759,1930,4747,2416,1596
1130,-30622.200938114835,21171.71236475382,-9450.488573361014,9.034462507486213,11.517399065652144,0.05488902658633422,160280.36987527995,3863,2756,2140,4708,2484,1567
1131,-27110.72723783134,20799.751573997768,-6310.975663833571,9.353260404794641,11.31880944522806,0.054815442192122275,159832.447506885,4038,2607,2114,4893,2388,1478
1132,-14597.980496525837,21696.499489885984,7098.518993360147,9.403813255097758,11.58901283308795,0.05475974778904664,159952.59013793917,4403,2577,1779,4939,2452,1368
1133,-33145.79679293642,20918.29765756531,-12227.499135371108,9.401437273857313,11.429644422120623,0.05477492247711051,160137.64181235014,3951,2782,2026,4907,2267,1585
1134,-17154.640001836833,21209.652691034804,4055.0126891979708,9.558801021236135,11.310551866735654,0.05491132157124209,159887.37031261934,4319,2621,1819,4548,2664,1547
1135,-20845.294563006708,21077.535676916734,232.2411139100259,9.216113052719205,11.342336310578657,0.054763205135624146,160657.6069569273,3840,3102,1817,4561,2544,1654
1136,-26115.289972176717,20868.080001841132,-5247.209970335585,9.2785607528023,11.172922720508346,0.05484600368888571,160410.80383026652,4500,2171,2088,4782,2198,1779
1137,-26638.904869131395,21512.45852438334,-5126.446344748056,9.214776394424979,11.396783205397869,0.05482273094004701,159112.96943134762,4182,2452,2125,5065,2196,1498
1138,-22496.279258573646,22210.079747409945,-286.19951116370066,9.462567849749673,11.44715206370088,0.05467650189260552,159211.20316100187,3963,2983,1813,5079,2208,1472
1139,-27757.46633192685,20912.91426080099,-6844.552071125861,9.202649931922936,11.193430698176044,0.05482452707338692,160299.7206202355,3751,2943,2065,4678,2363,1718
1140,-26485.12679954548,21576.178621708415,-4908.948177837065,9.299709601648035,11.202707389816597,0.05485649162389401,160371.1821948168,3696,2943,2120,5001,2195,1563
1141,-19097.437758420743,22257.189244563742,3159.751486142999,9.341465344187641,11.425256627141685,0.05471663426031207,159609.8145054929,3866,2766,2127,5120,2305,1334
1142,-24018.384724906602,21272.553013524503,-2745.8317113820995,8.910358769222182,11.380228756475717,0.05488000309096613,159620.78711055135,3857,2721,2181,4883,2443,1433
1143,-30446.21142239128,21494.916230457286,-8951.295191933994,9.50060715507334,11.38458448676026,0.054701685280123216,159380.14918998166,3927,2894,1938,5173,2051,1535
1144,-24210.443771703252,21775.01707325566,-2435.4266984475908,9.184575571664256,11.633657361297255,0.054749476240546,160519.0993195529,4324,2742,1693,4932,2095,1732
1145,-22567.056671074624,22040.29146106794,-526.7652100066844,9.262375555087816,11.56581492483373,0.05484973323567967,159952.6884982724,4068,2904,1787,4879,2336,1544
1146,-21768.900919089432,21807.373101557056,38.4721824676235,9.452799637569079,11.391417771741873,0.05477089113805802,159271.93746247026,4077,2860,1822,5060,2083,1616
1147,-25982.806248279787,21427.059519442166,-4555.746728837621,8.925234946051367,11.522337319285457,0.0547983772862414,159072.9661700858,4172,2456,2131,4924,2292,1543
1148,-13365.025274828293,21546.90829636566,8181.8830215373655,9.318609895668812,11.350956040020986,0.054809218717570496,160104.50747716773,3927,2854,1978,4704,2623,1432
1149,-26084.18619130781,21377.731925285963,-4706.454266021847,9.842099735992093,11.565862355472436,0.05466172127041291,159691.39775358938,3980,2389,2390,4933,2296,1530
1150,-24428.82476620456,20348.6019176409,-4080.2228485636624,9.033459754190106,11.076543581164122,0.05474789134369128,160569.31255805193,4189,2418,2152,4610,2538,1611
1151,-14791.403862877263,21363.73029993452,6572.326437057256,9.243797684602281,11.472287431963132,0.054723329849831574,159760.68782985778,3985,2694,2080,4806,2513,1440
1152,-22382.75624330924,21290.985038994306,-1091.7712043149331,9.425240877843716,11.445546520667575,0.05490281994884615,160876.27949500657,4211,2809,1739,4497,2521,1741
1153,-22994.913037892256,22001.33105161397,-993.5819862782846,8.975082644736245,11.525287735235905,0.05489872823543588,159702.51884089215,3584,3225,1950,5137,2229,1393
1154,-25774.61134063567,22535.28281037906,-3239.328530256611,9.220791906274885,11.547635500819746,0.05480731931647585,159725.1822239378,4099,2935,1725,4999,2247,1513
1155,-23509.030773272814,22436.607254786843,-1072.4235184859717,9.057174244528293,11.65981850645282,0.05481489304775261,159515.33929706726,3952,2775,2032,5158,2073,1528
1156,-24996.7970535638,21447.149746598912,-3549.647306964889,9.040541518772125,11.346607406852266,0.05491375429471787,160261.23744786368,3809,2659,2291,4702,2456,1601
1157,-21814.513244039048,20673.456737200802,-1141.0565068382457,9.29976830225057,11.089343401702079,0.05478960959965954,160315.54012244084,4290,2498,1971,4837,2144,1778
1158,-24508.814089951862,21689.5669046628,-2819.247185289063,9.404896458510057,11.400126068162546,0.05473702493461983,159673.15139923495,3663,3080,2016,4999,2224,1536
1159,-18206.481635533404,21120.074702883805,2913.593067350401,9.48994014224897,11.31499627190913,0.05481038490544801,159908.42500682655,4114,2807,1838,4698,2334,1727
1160,-16931.524053345696,21894.91652806333,4963.392474717635,9.081784944770874,11.46388416047446,0.05486904656923027,160514.14520959693,4085,2721,1953,4652,2489,1618
1161,-21243.33333334655,21147.32456428482,-96.00876906172925,9.36869039253722,11.240771470233259,0.05486452579687003,160202.28668245586,3969,3031,1759,4872,2265,1622
1162,-17613.416731693796,22496.857820880476,4883.441089186679,9.237426659625372,11.792983555499486,0.054703145458467606,160325.58605853518,3903,2871,1985,5263,2008,1488
1163,-23093.452211220418,21186.262296985955,-1907.1899142344628,9.276446322738826,11.55574465203278,0.05473199262767072,160110.29254834386,4025,2775,1959,4803,2252,1704
1164,-21920.251840565164,21355.61679861777,-564.6350419473929,9.12266082302416,11.470356306082804,0.05471903356767948,160029.7403428944,3995,2674,2090,4976,2140,1643
1165,-23452.113946973986,22180.478565465037,-1271.6353815089496,9.077498468330669,11.492668594605123,0.05473240552282231,159598.7475750746,3846,2941,1972,5136,1949,1674
1166,-22723.576077750597,22043.40457972692,-680.1714980236757,9.297220493721378,11.64346667849055,0.05476339358004946,159927.72741954372,3871,3053,1835,4821,2299,1639
1167,-25253.34302136471,21463.51348476548,-3789.829536599231,8.762144036534975,11.088249991374372,0.0548371128097223,160053.46761912885,3987,2927,1845,4473,2745,1541
1168,-21256.458620699257,21505.929314760146,249.4706940608885,9.490073911462204,11.265983482025613,0.05484388803489619,159845.9372474992,4344,2510,1905,4845,2494,1420
1169,-20799.77793696033,21079.620395906066,279.8424589457354,9.198847488756176,11.190831085159049,0.05475229389054899,159670.0986458287,4267,2652,1840,4819,2181,1759
1170,-23893.97760569462,22500.12892509922,-1393.8486805954017,9.109186490099615,11.619337122542806,0.054747514996363204,160645.09586184664,3829,3057,1873,5274,1963,1522
1171,-22131.1545323222,22399.284174671193,268.1296423489912,9.164748308084139,11.605281637406536,0.05465617265524834,159415.05486832268,4111,3114,1534,5063,1959,1737
1172,-22271.694376008665,21583.537191856823,-688.1571841518416,8.887373997808165,11.539794841949295,0.054924583126687486,160673.99503779694,4190,2777,1792,4784,2297,1678
1173,-22926.09451076014,22394.199302042616,-531.8952087175239,8.884757823107126,11.581835358109494,0.0549341893461814,160218.70740278048,3869,2825,2065,4987,2301,1471
1174,-23711.854301653413,22907.870494557774,-803.9838070956393,8.64041233080074,11.828631795003126,0.05470378871855252,159248.95707178992,4053,2818,1888,5337,2052,1370
1175,-25380.990684458622,20511.49974245254,-4869.490942006083,8.97127383844317,11.290681086599486,0.05499276979463694,160122.36695014895,3892,2992,1875,4727,2371,1661
1176,-23529.393598681934,22363.37263724402,-1166.0209614379128,9.518689842752032,11.51249628140263,0.05472378821436279,159264.12957959337,4223,2628,1908,5322,1992,1445
1177,-23410.287270874414,21118.027656511204,-2292.259614363211,8.730344056421695,11.326633645441621,0.05471319826498418,159348.29983085732,3953,2727,2079,4785,2457,1517
1178,-24027.46691977371,22019.62130704794,-2007.8456127257705,9.226556542799969,11.514474860685503,0.054841041760350207,160031.9189508326,3820,2507,2432,5039,2225,1495
1179,-26891.406630733072,21748.266975715604,-5143.139655017469,9.184189810318735,11.323623774473532,0.054707881231501755,159402.92434348355,4213,2441,2105,5150,2129,1480
1180,-22827.137768107954,21492.680697170577,-1334.4570709373766,9.458043744559573,11.493813721482509,0.054881712579202255,159855.51009313186,3805,2671,2283,4981,2217,1561
1181,-24896.2979514467,21603.093381524744,-3293.204569921956,9.058482260337568,11.42468173371712,0.05476997375420728,159963.00450077665,4151,2735,1873,5009,2202,1548
1182,-23304.70833976385,21866.456110936684,-1438.2522288271648,9.044419206965193,11.568977674691379,0.054681632195730294,159120.46067951454,4044,2961,1754,5315,2072,1372
1183,-20901.17065929127,22045.86930908469,1144.6986497934195,8.9888346281997,11.33465079735345,0.05486514513017062,160216.118690683,3463,3066,2230,5032,2129,1598
1184,-22754.89837439243,21042.684525981815,-1712.2138484106144,8.721175369744849,11.196475404332315,0.05495546930323945,159644.69833370784,4166,2588,2005,4564,2718,1477
1185,-25103.7557926679,20774.780407509938,-4328.975385157963,9.421795915646141,11.182166079857092,0.05473160661635524,159026.36769352556,4479,2174,2106,4839,2406,1514
1186,-31028.1467884183,22134.91917342435,-8893.22761499395,8.759658029606527,11.25553306026499,0.05480157171959384,159320.89283106828,4283,2600,1876,5203,2137,1419
1187,-20627.76747162821,22180.842080500246,1553.074608872037,8.650893136065351,11.589027643054742,0.05474522890081226,159466.31750706857,4297,2324,2138,5030,2150,1579
1188,-23304.940767756285,21906.34556148744,-1398.5952062688448,8.520639196894919,11.55934473053324,0.054714481561730824,159798.8363480097,3661,2886,2212,5224,1831,1704
1189,-16289.658709670204,21609.204554044627,5319.545844374423,8.810267437058439,11.476881430017462,0.054778939111516795,160112.75413496283,3775,2727,2257,5094,1989,1676
1190,-23472.25216989351,22076.67350076642,-1395.5786691270878,8.293703589382906,11.318785889146723,0.05477941017280049,159089.98520718626,4109,3066,1584,5107,2043,1609
1191,-26435.951386395434,21812.073126185,-4623.878260210433,8.877147977413662,11.317736218639366,0.054854688403206696,159883.17298065108,4133,2672,1954,4951,2263,1545
1192,-27865.50490606197,21009.085871406718,-6856.419034655253,9.118055818228015,11.357064716340536,0.05466542386403481,160287.16433185124,4340,2560,1859,4745,2216,1798
1193,-24082.28406977309,21997.05901335717,-2085.2250564159185,9.11739191055667,11.503352037715853,0.054765601080997754,159224.29458088268,3798,3124,1837,5070,2106,1583
1194,-22892.31782848361,21162.27234211967,-1730.0454863639388,9.269371421684882,11.381349918111184,0.054825970702438484,159961.07388645344,4468,2472,1819,4763,2410,1586
1195,-23639.8635637123,22484.568106816783,-1155.2954568955174,9.19739065305825,11.5704635347823,0.054733551009787766,159214.5395598988,3487,2890,2382,4965,2234,1560
1196,-17979.77983839868,22136.33769252348,4156.5578541248,9.033122702646567,11.481935167867741,0.05474433661473813,159793.06885635603,4242,2694,1823,5148,2036,1575
1197,-22893.42633893379,20933.414497127185,-1960.011841806605,8.663345040830189,11.089518247566437,0.054900922120005885,160640.54056759493,4065,2665,2029,4523,2455,1781
1198,-23812.014832252386,22271.412870485063,-1540.6019617673228,9.209017848267838,11.278600975389669,0.05492928434985472,159903.36937867638,3414,3182,2163,5061,2201,1497
1199,-20850.749538284002,20479.84792592137,-370.90161236263157,9.101594447168935,11.041203082346998,0.05488344924756354,160229.3259571864,4722,2215,1822,4830,2151,1778
1200,-24847.08479427258,21405.79188747705,-3441.29290679553,9.021663961759657,11.197560534836086,0.054836707936977244,160410.81894844124,4025,2802,1932,5013,2282,1464
1201,-15979.753715725581,22383.541781548258,6403.788065822677,9.303357196242064,11.408945132043263,0.05479205785848718,159277.97055004546,4054,2855,1850,5249,2074,1436
1202,-23273.08352719602,21699.04619387717,-1574.0373333188509,8.777895285752104,11.336516454445807,0.054732617011630055,159974.9151465845,3965,3022,1772,4771,2412,1576
1203,-24132.961867916034,21491.288843855313,-2641.673024060721,8.992020924064803,11.216170543240036,0.05483647763418952,160418.1338423379,4006,2527,2226,4839,2330,1590
1204,-21683.886285712393,21014.67026801618,-669.2160176962134,9.158549760649132,11.097669957014869,0.054867239996926234,159837.77598270916,4117,2580,2062,4862,2217,1680
1205,-21862.898671710172,21678.47398402467,-184.42468768550316,8.505475121065356,11.120681567671534,0.05474866966376241,159522.0561122744,4011,2932,1816,4968,2115,1676
1206,-18030.53205407538,21957.165243401716,3926.6331893263377,8.734919911342605,11.365892141089851,0.05478257920881898,159630.1038876589,3654,3281,1824,4896,2140,1723
1207,-17205.251288993433,21941.239656654896,4735.988367661463,8.838172803849636,11.371051102806856,0.05467041309687638,159294.10641089885,4161,2603,1995,5228,1983,1548
1208,-16508.01463012012,22024.97982278673,5516.965192666608,9.298357924143666,11.442816310195917,0.05496746339175573,159510.04689062483,4127,2869,1763,5283,2078,1398
1209,-16783.53993284719,22091.896595790062,5308.3566629428715,8.616638359868656,11.490723976651385,0.0548660636670985,160064.94309946915,3935,3079,1745,4782,2494,1483
1210,-17762.92813231293,21707.83399347844,3944.9058611655128,8.794809735486728,11.208136967339465,0.05495724731888198,159929.6262788147,3710,2820,2229,4865,2223,1671
1211,-25685.309301625733,21962.361616253944,-3722.9476853717897,8.591559665490651,11.52885587305506,0.054602212736551366,159607.39593840396,3568,3229,1962,5044,2225,1490
1212,-20078.55294844236,21403.824438366242,1325.2714899238817,8.994664691371838,11.484109690810268,0.054833733646241535,160054.27742371173,4102,2502,2155,4714,2413,1632
1213,-16987.078591317208,21966.845564908577,4979.76697359137,9.246526539939653,11.271823882958168,0.05481660385033292,160048.97298150318,3916,2922,1921,4868,2307,1584
1214,-24369.152348189134,20446.048312405725,-3923.10403578341,9.437699885692941,11.030381849219372,0.05477871935603002,159853.9978598975,4582,2484,1693,4753,2365,1641
1215,-21121.063555028584,22481.66602849047,1360.602473461884,9.209773684296989,11.518823691691859,0.054749484166039634,159208.6834973002,3864,2895,2000,4950,2410,1399
1216,-17445.824554555806,20883.022982495822,3437.1984279400167,9.131162897072919,10.978244225508663,0.054806974374936486,159574.9766548739,4329,2208,2222,4689,2510,1560
1217,-27988.26726379444,22042.698565304752,-5945.568698489689,8.743837204663533,11.222627024478422,0.05489667727750013,159928.11868408354,3714,3016,2029,5024,2313,1422
1218,-14180.356918804637,21596.970985093118,7416.614066288481,9.2663624490334,11.304017447410759,0.05470430494907254,159433.80116294106,4092,2757,1910,5081,2087,1591
1219,-26198.97112089524,21396.391236190124,-4802.579884705116,9.36474057960529,11.32965305653957,0.054613539437275635,158509.83605688703,3807,3034,1918,5213,2157,1389
1220,-17531.13469536506,22228.710441582476,4697.575746217415,9.302678837936751,11.591449773289085,0.05462050583503063,159197.34905535274,3529,3538,1692,5162,2080,1517
1221,-24217.0723006838,21235.41406688461,-2981.658233799193,8.605633962036448,11.228694221771885,0.054909464025318495,160031.8936658271,3850,2967,1942,4866,2248,1645
1222,-23137.198695788655,21962.434022557394,-1174.7646732312605,9.06056780047485,11.543017156612466,0.05470093492897173,159566.9385145605,3924,2666,2169,5085,2101,1573
1223,-18789.75991123546,21699.2992794192,2909.5393681837413,9.20749216251647,11.246556918036697,0.054824771992736054,159444.3863293809,3948,3207,1604,5050,2240,1469
1224,-21048.07133130322,21416.256386319223,368.18505501600157,9.10208317148579,11.273086351624494,0.054975468639858235,159670.62427104815,4039,2909,1811,4917,2257,1585
1225,-23709.667466149996,21093.081112694286,-2616.58635345571,9.051845701941797,11.057128381753845,0.05488363423858826,160191.83371029422,4352,2523,1884,4535,2479,1745
1226,-17819.220994657062,22053.3821561532,4234.161161496137,9.333832584700792,11.211012726031267,0.05495843248688983,160391.25080347047,3931,3115,1713,4870,2275,1614
1227,-18741.633823567307,22801.794919524353,4060.161095957046,8.900275194618274,11.643712870429182,0.05478467909061009,160037.43245853527,3847,3101,1811,5125,2188,1446
1228,-18280.46111166301,21972.72771162716,3692.2665999641504,9.091571602950278,11.633471192074513,0.0546533759105055,159335.3809046506,4206,2598,1955,5243,2222,1294
1229,-18577.236536851968,21323.89838332862,2746.6618464766507,8.780410404425089,11.29422944708011,0.05472627487698361,160277.03541123617,4079,2791,1889,4800,2244,1715
1230,-17598.58494274447,21345.26909988887,3746.6841571443983,9.314263146938897,11.115127058877386,0.054819254667001,160236.90395788892,4070,2625,2064,4601,2587,1571
1231,-16818.412811628696,21680.024465821192,4861.611654192497,8.821005797326794,11.378740757050691,0.054682478998110885,159898.82534999083,4053,2777,1929,4876,2148,1735
1232,-19105.715879356278,21396.326848195822,2290.6109688395445,8.847801454707321,11.1237562529319,0.05490257388596308,159846.1813099955,3805,2857,2097,4948,2277,1534
1233,-25722.02710285442,21671.128969522575,-4050.8981333318443,8.693972919243135,11.123657064823066,0.054865911646721006,160288.4488626802,4024,3009,1726,4530,2686,1543
1234,-20271.321318001927,22384.38301396351,2113.0616959615836,8.78949706065224,11.520072083110149,0.05477973405990463,160458.03383655928,3899,2894,1966,4666,2391,1702
1235,-19476.94324832486,21451.492643920366,1974.5493955955062,8.730303844466158,11.121688163705736,0.05478834911159586,160607.22167249714,4016,2839,1904,4958,2177,1624
1236,-17998.367572644373,21516.888923689534,3518.5213510451613,9.063990546541906,11.16510655543339,0.05491512157137195,160341.77198328017,4069,2866,1824,4832,2373,1554
1237,-22673.435631175227,22269.440524152695,-403.99510702253247,9.04988657605227,11.393481858879055,0.05476475281821941,159766.87262998606,3805,2969,1985,4842,2353,1564
1238,-17157.961911364167,22061.463640553175,4903.501729189007,8.944711615730155,11.462875515829184,0.05483526010856593,159186.79155595147,4403,2412,1944,5001,2378,1380
1239,-24533.009474034225,21884.52083897236,-2648.4886350618654,8.212965248710029,11.441178981031722,0.05470600836853837,160426.09003527425,3840,2971,1948,5003,2056,1700
1240,-23920.492360212495,22905.329514430276,-1015.1628457822189,8.837433036559801,11.593733792708793,0.05474265807720555,159135.80857159212,3863,2889,2007,5102,2360,1297
1241,-26612.322853213936,21691.22895905398,-4921.093894159956,9.02902092428912,11.405644797571462,0.05478394933570006,159315.80041048856,4391,2491,1877,5122,2205,1432
1242,-23771.890564209927,21569.852550457526,-2202.0380137524007,9.123138956423862,11.304979699662901,0.05482154840126944,158681.2966104068,4162,2677,1920,5033,2235,1491
1243,-14075.046330798743,21810.987854793497,7735.941523994754,9.00800815828649,11.263427687660624,0.05487454342862548,160131.03261383472,3667,2970,2122,5003,2212,1544
1244,-19741.352536702183,21577.11599947784,1835.763462775656,8.831116155661201,11.332112165913864,0.054632877477182165,160150.0301369134,4098,2633,2028,5097,1984,1678
1245,-22089.45094964291,22272.266073259707,182.8151236167978,8.834194872955326,11.647055191982142,0.05463558372455044,158959.66574451866,4227,2453,2079,5209,2055,1495
1246,-17505.6454682308,21825.17594463322,4319.530476402422,9.205244410247094,11.382064189770706,0.05484769090086376,159979.68398686318,3939,2967,1853,4861,2332,1566
1247,-19305.77879548103,22519.555806607783,3213.7770111267528,8.814452048912983,11.568342668314875,0.054751700994423655,159935.6284173242,3892,2970,1897,4677,2685,1397
1248,-16945.72584038633,21930.957767807893,4985.231927421562,9.109898626417946,11.328769466160534,0.05469787028711215,159025.3312269857,4369,2292,2098,4934,2448,1377
1249,-17112.34017156919,21505.11306106078,4392.772889491589,8.887583740803281,11.222847816743554,0.054783011419441585,159760.33075955973,4086,2775,1898,4941,2177,1641
1250,-22715.109609511837,21785.173835988007,-929.93577352383,8.71950254892169,11.521792731203128,0.05466330857764398,159225.053853407,4171,2558,2030,5237,2002,1520
1251,-19369.13511013594,21846.55530321453,2477.4201930785894,9.147761100991255,11.249996519447226,0.05477488425041535,159741.51483053868,3903,2724,2132,5019,2281,1459
1252,-23165.289950927752,22031.325512798307,-1133.9644381294456,8.786284236605976,11.497204568036196,0.05480470580833304,159631.82039101963,4103,2494,2162,5286,2043,1430
1253,-22820.077116128658,21515.344528383688,-1304.7325877449694,8.85233967504575,11.393833679572822,0.05488487617652723,159416.53834507443,4327,2479,1953,4910,2340,1509
1254,-21294.022609069576,21833.860535861408,539.8379267918317,8.60563925533707,11.422615455176986,0.05478254439198144,159974.69263875144,4366,2367,2026,5013,2295,1451
1255,-20831.734118278368,21399.300313421973,567.566195143605,8.7906968544056,11.174917467284452,0.054831358433787475,160570.96728281656,4421,2625,1713,4687,2479,1593
1256,-25636.761353025624,21978.434768110976,-3658.3265849146483,8.660700496982114,11.252707011910772,0.05476741253981355,159776.11791622994,4086,2922,1751,5259,2031,1469
1257,-17529.849514671394,21634.82945895394,4104.979944282546,8.561157201321844,11.213810749189495,0.054705971944121495,159744.82352290815,3839,3014,1906,4883,2316,1560
1258,-25526.302652460665,21847.95139618999,-3678.3512562706746,8.74527304320354,11.089693166837852,0.05474170695782821,159551.53829229577,3914,2756,2089,5102,1973,1684
1259,-18381.188461995545,22227.00294592285,3845.8144839273045,8.721508420598674,11.320239612461098,0.05472092376531973,160159.9403621297,4383,2542,1834,4866,2325,1568
1260,-21533.084321323004,21096.614075157184,-436.47024616581984,9.111812482284408,11.248254929262941,0.054676683783061626,159884.10834940596,4177,2587,1995,4685,2315,1759
1261,-23209.87211933583,22359.928188059253,-849.9439312765753,8.676444802311742,11.564728782686908,0.054707374321538146,159735.52433816428,3681,2767,2311,5164,2087,1508
1262,-21749.079660276566,21625.583712577885,-123.49594769868054,8.681100110327433,11.19298459027623,0.05500616061753018,159643.58295021477,4434,2537,1788,4837,2555,1367
1263,-19290.164884954742,21680.788721094414,2390.6238361396718,8.73192370632135,11.295353642349452,0.054698947139954594,160167.14280565165,4064,2858,1837,5196,1812,1751
1264,-18563.307775588815,21631.57959361229,3068.2718180234733,9.042543421627737,11.300677004637617,0.05475640337060751,159365.57210708995,4012,2801,1946,5103,2014,1642
1265,-22809.366979199673,21640.334843003002,-1169.0321361966708,8.946700239198693,11.4620345273675,0.05472157449800989,159749.17438854548,4136,2362,2261,5124,1915,1720
1266,-17373.259474909602,21213.278017410626,3840.018542501024,9.234590987207746,11.179878021645894,0.054713402824019916,160094.37046244708,4301,2337,2121,4885,2390,1484
1267,-16493.530505225404,22339.62355106594,5846.093045840535,8.6412340190962,11.384908728310293,0.05489077053175151,159892.45989081383,4124,2766,1869,5084,2311,1364
1268,-28230.980481636525,22489.215568747364,-5741.764912889161,8.997696522365425,11.525615976494404,0.05474614332566565,158931.57577882017,3658,3054,2047,5280,2211,1268
1269,-11563.937067482857,22073.8445269167,10509.907459433842,8.91285323479286,11.653975523812209,0.05480173550504489,159429.89495018453,4316,2727,1716,5263,1981,1515
1270,-17940.287735521404,21812.38359340562,3872.0958578842146,8.682312631216611,11.442114897700012,0.054635781034674986,159316.66363330572,4007,2864,1888,5535,1754,1470
1271,-17850.62742437162,21553.290961821043,3702.6635374494217,8.94472747287073,11.088974376427547,0.05480905734586913,159461.49604171063,4336,2618,1805,5050,2225,1484
1272,-22414.5951884092,21057.685643537043,-1356.9095448721564,9.173382157368653,10.796151371497702,0.05481652164560424,160226.81849207717,4479,2274,2006,4793,2370,1596
1273,-13892.021224830847,23211.948522305745,9319.927297474898,8.317835185172497,11.473214840446595,0.054733326150270496,159297.35722478153,4069,2733,1957,5472,1867,1420
1274,-15014.296771214864,20956.64718186813,5942.350410653267,9.083289733968169,11.048820470031796,0.05467873747677609,159441.8270011421,4568,2229,1962,4945,2344,1470
1275,-16326.90166514475,21764.860158665073,5437.958493520324,9.168984197142843,11.243191198807484,0.05471944331473383,159594.15739161277,4395,2683,1681,4936,2318,1505
1276,-14468.737433251305,21560.83136466473,7092.093931413425,8.792964731770692,11.044584452702143,0.0547644306208176,160573.78005830463,3707,2992,2060,4550,2656,1553
1277,-21875.30266243383,21770.847234984718,-104.4554274491129,9.252133850843057,11.284263920665891,0.054632255895965216,159550.96921186682,4617,2601,1541,5129,2213,1417
1278,-20579.119554139077,21628.669839483904,1049.550285344827,8.80733124710423,11.265760333288176,0.054739903655481405,159101.99405423275,4136,2901,1722,5107,2197,1455
1279,-18911.715378098994,22081.028373801113,3169.312995702119,8.863103252264393,11.27273304180737,0.05466244549261193,159786.36660901745,3735,2931,2093,5021,2139,1599
1280,-13272.665870328008,21930.022236970784,8657.356366642776,9.100252899066682,11.516959146537516,0.05480451360785163,160054.7750059686,4236,2506,2017,4905,2193,1661
1281,-16926.13737004715,22106.756486654984,5180.619116607835,8.828174585102573,11.333032901499088,0.05486730570618371,159806.1574065017,3902,2780,2077,5040,2225,1494
1282,-10930.127985743437,20976.305307533956,10046.17732179052,9.026331009795841,11.210843474106174,0.0547572640484687,159974.97872352132,4645,2559,1555,4782,2207,1770
1283,-18705.140149127037,21106.90047749551,2401.760328368473,9.215182276578192,11.095228360783235,0.05478410326914799,160119.66232847393,4338,2244,2177,4845,2173,1741
1284,-15396.791071726218,21875.387955148497,6478.596883422279,9.020350311625132,11.090952566980725,0.05463486152778193,158966.2609966217,3903,2900,1956,5012,2209,1538
1285,-16665.843971898867,21688.096037274416,5022.252065375549,9.03621450529036,11.060259975757589,0.054749933621603915,159566.18296066852,3971,2604,2184,4777,2442,1540
1286,-19780.427618228245,22017.94705919125,2237.5194409630058,8.720238464185035,11.058253980766247,0.05470524323905089,159991.22181809728,3776,3132,1851,4817,2264,1678
1287,-10654.160644573347,21853.304633074316,11199.14398850097,8.773032000251263,11.103031360766048,0.05474334777224778,160105.4097852002,4314,2580,1865,5107,1920,1732
1288,-15529.578063915253,22567.67587957213,7038.097815656876,8.643062753647637,11.163682927006763,0.0548927029903308,159846.84649466086,3915,2822,2022,4976,2239,1544
1289,-16188.162411125046,22436.422191333702,6248.259780208657,8.670031468184336,11.570617587419076,0.054616777276192824,159312.84890099414,3692,3170,1897,5049,2252,1458
1290,-15393.060762196708,22360.612921457032,6967.552159260324,8.585301712037293,11.473268026054212,0.054647916670497516,159708.90939661104,3798,3171,1790,4868,2462,1429
1291,-19506.57778354908,21512.634019870788,2006.0562363217068,8.578475466938478,11.112120871901029,0.054707737451985816,160405.56945964505,3825,3048,1886,4501,2587,1671
1292,-16381.83968267226,20888.30172205783,4506.462039385569,9.003481731196503,10.983350883580167,0.05488656910375162,159476.8236963636,4448,2532,1779,4596,2593,1570
1293,-19747.437536943427,22370.795504084654,2623.3579671412263,8.534747223762091,11.258383461249686,0.05469301539941853,159469.5615412175,4245,2792,1722,4995,2333,1431
1294,-15788.103955834578,22502.186054893355,6714.082099058776,8.8942759515683,11.538649988163323,0.054794290749741674,159924.57818736395,4111,2712,1936,5303,1928,1528
1295,-16432.129769805342,21743.417005421765,5311.287235616423,8.54993778672854,11.272253214738493,0.05484247618403955,159613.11236866424,4227,2607,1925,5272,1932,1555
1296,-18408.356100321995,22437.231619340808,4028.875519018813,8.535903597917162,11.253281114365821,0.05480362490674708,160428.84453629277,4022,3105,1632,4930,2302,1527
1297,-17307.62475883876,22434.062545432884,5126.437786594124,8.973698707362137,11.355048795123846,0.05482025584696028,159097.22738378323,3487,2564,2708,5439,1876,1444
1298,-11838.77397029615,21192.450107964993,9353.676137668843,8.83740234134534,11.131029709537978,0.05482507694070934,159489.80900776444,4105,2290,2364,4945,2330,1484
1299,-18522.960749967642,21541.199701059748,3018.2389510921057,8.927742669992305,11.189492347592548,0.05484538627099099,159244.82311108074,4068,2457,2234,5190,2226,1343
1300,-16417.40590290396,21784.404364851165,5366.998461947205,8.794291761134751,11.324631253295443,0.05466352815736491,159356.17774853267,4603,2483,1673,5073,2185,1501
1301,-16190.035789300719,21583.551742201496,5393.515952900778,8.255147834961429,11.322189009609994,0.054863240636595395,159553.12424504673,4352,2532,1875,4790,2453,1516
1302,-17989.845511517233,21951.146202380543,3961.3006908633106,8.220154187890378,11.255483209779142,0.05485391357461887,159650.07457048882,4203,2780,1776,4970,2318,1471
1303,-15592.798514914015,22570.25675938638,6977.458244472364,8.05880570454086,11.462659137459694,0.05477478121702967,159942.47736438358,4167,2792,1800,5072,2271,1416
1304,-18934.864602379344,21712.612807616053,2777.7482052367086,8.390100843240841,11.227738666840555,0.05482275862888544,158965.13356585536,4418,2748,1593,5048,2287,1424
1305,-18609.649426663338,22381.885270291037,3772.235843627699,8.2203067948894,11.327552889673578,0.05463414601928953,158768.24017910883,4062,2744,1953,5203,2136,1420
1306,-20537.113096831086,20818.549722283522,281.4366254524357,8.710225441467724,10.845523669053295,0.05481945746806471,161335.34801803925,4549,2417,1793,4654,2373,1732
1307,-15622.389102439314,21761.50894482776,6139.119842388447,8.890942136930585,11.245620455055098,0.05470976754064643,159382.22017259142,3809,2892,2058,5099,2160,1500
1308,-23520.874800789763,23602.670277987996,81.79547719823313,8.442790198043456,11.573653167979359,0.05482247842154227,159608.89907781634,3758,3264,1737,5051,2349,1359
1309,-14608.53491036979,22099.64386451932,7491.108954149529,8.635684959950536,11.283967418507354,0.05471044544716688,159370.9857210403,4288,2339,2132,5069,2152,1538
1310,-17202.631676148692,21434.497205665717,4231.865529517025,8.767067802373164,10.976615802217784,0.05485593379699284,159817.31608071303,4634,2212,1913,4668,2481,1610
1311,-17491.606055644155,23260.91555149146,5769.309495847305,8.724230889430663,11.343127254058281,0.05472197429556927,159280.63719998486,3769,3082,1908,5159,2159,1441
1312,-15673.657230063513,21475.516534769933,5801.8593047064205,9.129466780167512,11.36103724889805,0.054715359851269865,159320.61781582164,4500,2053,2206,4909,2309,1541
1313,-16473.07214376803,21511.74644562689,5038.67430185886,9.157262390319937,11.187987619601854,0.054761044350372746,159732.50398668257,4340,2635,1784,4811,2328,1620
1314,-9785.810144392894,22846.80435068101,13060.994206288116,8.982542352089638,11.504589161927166,0.05462734896745114,159711.68888345276,4054,2623,2082,4959,2196,1604
1315,-12288.856322036223,22110.637256083268,9821.780934047045,9.196299919028165,11.36815587645262,0.0547379665971755,159498.13609615332,4499,2586,1674,5234,2015,1510
1316,-19361.852209407727,21632.80246947239,2270.950260064663,9.031795918801002,11.2386040711118,0.05473389689529564,159321.20069397715,4361,2428,1970,5026,2165,1568
1317,-20654.100728010962,21486.106287914594,832.0055599036314,9.193043408105007,10.93857627094715,0.054880715417273025,160599.2779623439,4097,2581,2081,4597,2756,1406
1318,-15806.086482985376,21252.54594144686,5446.459458461484,9.428128037471968,10.888803042849677,0.054686480251050364,159325.37729016048,4261,2461,2037,5124,2229,1406
1319,-17453.679134971717,22341.514417395956,4887.835282424239,9.013274686253748,11.195555369221285,0.05479260049344554,159816.83680567585,4430,2303,2026,5425,1884,1450
1320,-16410.369673449775,22388.05677637385,5977.687102924076,8.609447216716308,11.450704679043934,0.05463524705050695,159005.10655723498,4000,3180,1579,5571,1742,1446
1321,-20766.843370617655,22475.493928568507,1708.650557950852,8.625168293934337,11.400841862632788,0.05475399168126627,159335.69031460286,3966,3036,1757,5155,2190,1414
1322,-16881.585943204474,22635.952454770264,5754.36651156579,8.79813705232866,11.274716013717757,0.054859670323171864,159888.54772918706,3763,2861,2135,5122,1994,1643
1323,-18595.715840185676,21602.84679521559,3007.1309550299156,8.999747810870527,11.275078316739927,0.05486972612396309,160717.88503432414,3817,3232,1710,5094,1806,1859
1324,-17965.768374816686,21640.346679760787,3674.5783049441015,8.665526079532436,11.222744048213048,0.054912449455153174,160097.33525381587,4183,2655,1921,5029,2262,1468
1325,-17243.670494938866,23430.2769195836,6186.606424644735,8.938757119047356,11.590298292100071,0.05464973750215633,159016.52361914763,4142,2647,1970,5443,1842,1474
1326,-25546.431286426003,22741.847300186706,-2804.583986239297,8.240590721169097,11.682490927032198,0.05466826509641633,160071.60804112436,3971,2960,1828,5007,2111,1641
1327,-15532.772196567821,22320.582722326188,6787.810525758367,9.016409952635462,11.80727219646817,0.054682930741149605,160231.1157848825,3952,2673,2134,4888,2203,1668
1328,-18053.101575902816,22941.61321836969,4888.511642466874,8.417427787418392,11.60026956598071,0.054626278584727454,159623.1060476997,3824,3124,1811,5177,2020,1562
1329,-16224.567100552315,20849.18949957329,4624.622399020976,8.659832039602591,10.91800467346414,0.054750275624268444,160118.62725150213,4016,2832,1911,4505,2772,1482
1330,-14327.268936108485,22175.171736068296,7847.902799959811,8.936170169373153,11.263498380536225,0.05476047965243368,159810.93788782082,4740,2167,1852,5169,2193,1397
1331,-9340.09731379025,22086.653851397394,12746.556537607144,9.079457327382274,11.222322914343092,0.054843930207467445,159418.46786219333,3998,3156,1605,5339,1942,1478
1332,-18772.464971162008,22118.072255257943,3345.607284095935,8.781628430481582,11.309209204948878,0.05473173425754137,159541.07847642282,3953,3334,1472,5256,1966,1537
1333,-18828.120921770776,22112.87226674944,3284.751344978664,9.201248534117784,11.365877633110125,0.054849863056993464,158848.2345446364,4424,2495,1840,5403,1915,1441
1334,-19338.356634229065,22162.873497567853,2824.5168633387875,8.520852279843414,11.352455202074905,0.05464812099219028,159323.3738770735,4491,2659,1609,4808,2253,1698
1335,-24368.923959082134,21359.473114375713,-3009.450844706422,8.599985871305353,11.010786018963051,0.0547987012269249,160792.03594305148,4062,2740,1957,4572,2541,1646
1336,-16742.078364055284,23337.73166942894,6595.653305373657,8.696215062628065,11.589009888355946,0.05473438126684597,159438.8548974596,3860,3427,1472,5284,2035,1440
1337,-9213.745619959893,21972.28490197172,12758.539282011829,8.873890189179923,11.209020687336455,0.05481006037790225,159592.02339755543,3979,2540,2240,5141,2124,1494
1338,-18567.953812111202,21970.99551386412,3403.041701752918,8.818520565569974,11.279037168370861,0.054788961171487814,158920.35856310892,4293,2718,1748,5051,2190,1518
1339,-12943.297066016914,22109.312937480205,9166.01587146329,8.91762022429724,11.141739061729268,0.05473601535123217,159127.8365751236,3713,3401,1645,5325,2006,1428
1340,-12537.126939431817,23089.715115712814,10552.588176280997,8.5896608094142,11.566064025056946,0.05480644678367054,159213.78278327975,3892,3261,1606,5036,2261,1462
1341,-14308.656789222645,22095.87560266667,7787.218813444026,8.780556283265756,11.221862652102727,0.05484463660798994,159519.77548896204,4304,2345,2110,4885,2405,1469
1342,-12582.804418822563,21244.589286532548,8661.784867709985,9.227895857082457,11.029202822312842,0.05477529784308786,159329.16036540002,4421,2281,2057,5128,2187,1444
1343,-15058.537875057644,21682.941957244475,6624.404082186831,8.74136583680045,11.11400376034349,0.05474550286880044,160141.63675418132,4332,2645,1782,4797,2329,1633
1344,-15643.909904069811,21884.94535831979,6241.035454249979,8.800802439627331,11.210663642196998,0.054677867210964515,158942.97647814747,4432,2537,1790,5161,2006,1592
1345,-15470.569468203841,22145.362807590805,6674.793339386964,9.184503609692424,11.048900302583142,0.05493149915751649,159300.84087226167,4456,2207,2096,5381,1978,1400
1346,-12696.010438165262,21886.956594257987,9190.946156092725,8.841948279685267,11.004815351529048,0.05499747517397034,161173.41415212152,3632,2851,2276,4549,2571,1639
1347,-9561.123169190345,23550.95745324822,13989.834284057873,8.413481970532201,11.222730781951535,0.05479499706337942,159962.28371143385,3861,3144,1754,5114,2318,1327
1348,-12477.5306982512,21969.778157854707,9492.247459603508,9.036069451719998,11.197916531047177,0.054787972596183884,159564.15212640175,4097,2750,1912,5120,2207,1432
1349,-15661.104444965018,21423.081917280524,5761.977472315506,9.041907457663195,10.858440771801282,0.05508572409547021,160017.8874271092,4598,2545,1616,4880,2407,1472
1350,-16177.204363879267,22495.609887791965,6318.405523912697,9.057972119651673,11.16505177732657,0.054837668680156965,159404.10501627202,3923,2708,2128,5224,2037,1498
1351,-8733.842816848111,22601.204474429975,13867.361657581863,9.132065720996907,11.444358248167566,0.05466366824071972,158758.71868884703,4343,2297,2119,5275,2210,1274
1352,-15855.439504230597,22737.15769009646,6881.718185865864,8.763041150012999,11.374724955026263,0.05475858019401123,158731.50937796364,4043,2690,2026,5424,1970,1365
1353,-13685.375055854247,21189.074321850305,7503.699265996058,9.00492857893411,10.922127039511523,0.05486273542464342,159715.03516875894,4636,2275,1848,5145,2215,1399
1354,-9070.432582614198,21626.278078594794,12555.845495980597,8.905266950968363,11.109704602323916,0.05483128737850444,160409.02411412678,4070,2589,2100,4937,2170,1652
1355,-15026.342850613511,22049.170312050665,7022.827461437153,8.524398177869937,11.232127582342047,0.054828292081340955,160712.31658420913,4444,2370,1945,4867,2179,1713
1356,-9465.130854793602,20644.460512544345,11179.329657750743,8.596898247391488,10.794986624701275,0.054956576286526906,160338.90499608743,4527,2456,1776,4710,2444,1605
1357,-13564.45960541755,23081.60344360663,9517.143838189078,7.702928840524121,11.250395736990697,0.05486230069400411,160131.97002280466,3577,3147,2035,5160,2120,1479
1358,-15734.597557778705,23054.668617141233,7320.071059362528,8.337879844932491,11.48782557190547,0.05456854924749435,159141.38020037988,3718,3303,1738,5137,2089,1533
1359,-13235.219055837695,22113.57501576308,8878.355959925384,8.524960137399132,11.252395113289833,0.054730349844470255,160217.19929808567,4018,2545,2196,4768,2354,1637
1360,-13961.75851515434,22552.588206244174,8590.829691089833,8.943634658862488,11.262964742891244,0.054685302367540815,159664.0208428308,4141,3186,1432,5011,2121,1627
1361,-15604.97436821798,22483.23120105122,6878.256832833242,9.04176496476098,11.245505157164061,0.05478896235255249,159528.8399030651,4339,2757,1663,4930,2214,1615
1362,-19733.173751321516,22118.498829619766,2385.3250782982504,8.665939188797337,11.132876880837353,0.05493897578195758,159650.19880573897,3972,2687,2100,4892,2399,1468
1363,-15168.866241377504,21293.081640298187,6124.215398920684,8.854204957273561,11.010031444833595,0.054887928119885576,160259.05504239147,4388,2514,1857,4683,2588,1488
1364,-11570.191849655475,20855.7542301381,9285.562380482625,8.697408617154354,10.961731210353928,0.05470262665303738,160310.26141845123,4592,2194,1973,4899,2419,1441
1365,-13747.340676086715,21310.15873953878,7562.818063452065,9.379291933503175,10.943150271485175,0.05480083975232722,160108.37896038915,4497,2419,1843,4603,2753,1403
1366,-13095.780049365972,22080.233293386227,8984.453244020255,8.869444978710131,10.88557714536813,0.05486965620376718,159892.0830924647,4288,2635,1836,4926,2517,1316
1367,-13076.528347672196,21957.475768565186,8880.94742089299,8.268946878207128,10.89806421009861,0.054913688900142574,160538.03310779258,3646,3111,2002,4977,2282,1500
1368,-16370.924696072636,23344.48855231627,6973.563856243634,8.265789942570422,11.256733748985306,0.054727447897760954,159819.67146911295,3854,3017,1888,5172,2152,1435
1369,-19868.295297997338,23484.94761224609,3616.652314248753,8.526108073675111,11.314124423607456,0.05494435168009347,159785.20428629525,3860,3008,1891,4924,2529,1306
1370,-10948.843822962457,22953.927100009743,12005.083277047286,8.370134420744453,11.26254041893651,0.05471847198505487,159927.3816762721,4187,2607,1965,5312,1971,1476
1371,-19029.724982099367,22545.717352898282,3515.9923707989146,8.352833209778161,11.375377050172979,0.05465333198854403,159775.5823971119,4412,2482,1865,5062,2183,1514
1372,-12704.84811874156,22268.896100201637,9564.047981460077,8.860901263959393,11.367106733876433,0.05460151804751584,159197.78379669558,3804,2660,2295,5223,2182,1354
1373,-13818.215890596006,22019.97686874924,8201.760978153234,7.953465823176198,11.169193157428204,0.05484442525919934,159560.4198357943,4074,2776,1909,5213,2136,1410
1374,-10916.9893336969,21901.005602374928,10984.016268678028,8.536723974223651,11.155704278607141,0.05481573517450343,159908.7459219381,3800,2663,2296,4868,2431,1460
1375,-8876.005790812784,21537.42542213198,12661.419631319195,8.96102012189623,10.846387427860975,0.054866768061447635,160684.97010894903,4230,2746,1783,4440,2477,1842
1376,-14865.694458548413,22181.537701800044,7315.843243251631,8.801089558460154,11.1799785719834,0.05488079477974229,159695.19089368815,3994,2860,1905,5028,2143,1588
1377,-15531.5390187991,23027.01789779309,7495.4788789939885,8.308158223249302,11.192898028941785,0.05462178818221145,160252.05275962237,3832,2825,2102,5104,2026,1629
1378,-19552.27524007762,22282.280687129998,2730.005447052379,8.40835700569452,11.486007766519297,0.054665225043132384,159348.64981970235,3923,3177,1659,5115,2236,1408
1379,-20354.55717655463,21965.760001394883,1611.202824840253,8.12798361967683,11.110890445683074,0.05471124905649797,159571.96707325106,4409,2637,1713,5092,2360,1307
1380,-15451.305124659903,22354.925780341477,6903.620655681574,8.688094074049555,11.182338428855989,0.05498211789441016,159215.3094561142,3913,2627,2219,5277,2174,1308
1381,-13115.984754272695,22704.640688772477,9588.655934499782,8.785313634156196,11.462230244468211,0.0548340023987284,159620.5182987959,3925,2911,1923,5388,2065,1306
1382,-12524.320385593592,22101.870252790457,9577.549867196865,9.312549792850296,11.35868236089047,0.05474336642676773,159895.09155114437,4418,2551,1790,4964,2376,1419
1383,-13625.577026639277,21908.804932258114,8283.227905618836,8.732480478630894,11.1506228666972,0.05467003444776179,160256.96258732176,3911,2864,1984,4663,2388,1708
1384,-11698.528504086109,21438.101349268443,9739.572845182334,9.218179324193342,11.051317128493668,0.054567609891959884,160041.2932059502,4407,2187,2165,4867,2293,1599
1385,-10913.015381944218,22245.59876721278,11332.583385268563,8.524450645145325,11.140355168829007,0.054684430135147864,159238.86180449135,3939,3369,1451,5257,2026,1476
1386,-16825.515401413493,23524.307193481418,6698.791792067925,8.126492355264013,11.404789758998023,0.05463337139667604,159055.84417726644,3455,3225,2079,5188,2258,1313
1387,-11640.363887871315,20885.338468634338,9244.974580763022,8.536598442445586,10.935174972388609,0.0547735325540602,160293.65941235295,4345,2268,2146,4929,2347,1483
1388,-15185.019248079321,23041.570105170904,7856.550857091583,8.962077522418245,11.375109097032496,0.05479754324755844,159236.7644651343,3951,2965,1843,5280,2245,1234
1389,-13062.562465480383,22237.665807292982,9175.103341812599,8.591525028992844,11.089011725798974,0.054811063023448514,159886.44953083844,4489,2443,1827,4957,2219,1583
1390,-11099.095197083348,21680.86933615273,10581.77413906938,8.7596397768696,10.852199749462537,0.05476443771748404,160672.30503274876,4346,2675,1738,4704,2309,1746
1391,-16966.503423923863,22338.348701014296,5371.845277090433,8.53025911874018,10.898978354060135,0.054796194927694636,159435.6890314033,4351,2520,1888,5060,2267,1432
1392,-5232.019602285302,22276.612669764007,17044.593067478705,8.949229750489641,10.967024911667771,0.05480871190422425,160010.60009092046,3816,2828,2115,5301,1943,1515
1393,-12151.273812371619,22813.957542837823,10662.683730466204,8.063128745439457,11.17465890343004,0.05477457235239541,159726.95017179765,3663,3303,1793,5469,1824,1466
1394,-16065.180711626695,21540.352282493703,5475.171570867007,8.61522895087838,11.14729754184843,0.054596562632121724,159274.47917566937,4634,2808,1317,4922,2386,1451
1395,-12924.66393097209,21823.122463090633,8898.458532118542,9.02315004553021,11.21500454971176,0.05476115216989527,160054.46937166998,4381,2320,2058,4841,2353,1565
1396,-10244.891827433918,23045.250838524444,12800.359011090526,8.508605946879728,11.381817757220658,0.05481464429827737,160096.8890082317,4378,2638,1743,5250,2070,1439
1397,-11707.950959692727,22786.047553832173,11078.096594139446,8.43774955731594,11.538169157378109,0.0547118151730925,158894.29781262233,4212,2571,1976,5545,1786,1428
1398,-14439.733514748426,22220.03413966179,7780.300624913365,8.33049335684762,11.425824344967863,0.05463026783985089,158344.92942108898,4027,2818,1914,5591,1886,1282
1399,-11171.59858857966,23067.030532587793,11895.431944008133,8.220830475303112,11.476455190434985,0.05482967892856649,158308.6359387349,4040,2910,1809,5384,2068,1307
1400,-7870.928375521624,23170.114552662893,15299.18617714127,8.377079892268325,11.481175666093424,0.05471165338131083,158853.9457434126,4057,3042,1660,5222,2164,1373
1401,-14003.561457728307,22229.27732661488,8225.715868886573,8.257948466805125,11.080234472017077,0.05495110287826764,159904.4717256558,4115,2645,1999,5170,2131,1458
1402,-9442.25031434096,22815.565488128625,13373.315173787665,8.26851556260067,11.413681539183521,0.05464900156163745,158574.948688645,4409,2364,1986,5713,1749,1297
1403,-11265.096401531135,23123.90151993296,11858.805118401824,8.507320592981007,11.611560212265992,0.054630839117214815,158567.8657696306,3734,3163,1862,5592,1898,1269
1404,-12638.296441184948,22773.33126093965,10135.034819754701,8.728332079006158,11.223303413377158,0.054734340013350265,159180.22316560269,4359,2763,1637,5570,1886,1303
1405,-14685.235025179087,21792.3703610416,7107.135335862515,8.458591975482761,11.10976145641996,0.05470137149702326,158770.022644459,4738,2402,1619,5400,1935,1424
1406,-16679.280785768773,21952.47017585528,5273.189390086507,8.456308502031934,11.188292325671938,0.05465612796457495,159988.47305998523,4053,2676,2030,5071,2115,1573
1407,-11156.393685829431,22076.192288814327,10919.798602984896,8.331948285566282,11.036274917867617,0.05472644107638702,159765.6499971634,4153,2964,1642,4660,2529,1570
1408,-10078.334974375397,23244.645453768353,13166.310479392956,8.441895128760683,11.205350157043334,0.05485830267582556,159187.77630796595,3497,3081,2181,5347,2376,1036
1409,-9710.765996125228,22588.85964063158,12878.093644506353,8.349403050189776,11.124684694149867,0.05477002913752196,159793.13151749445,4345,2749,1665,5158,2062,1539
1410,-13920.085464685264,22236.77322392642,8316.687759241155,8.25205897473708,11.147542418929195,0.05485197809264926,158774.43960931708,4310,2356,2093,5445,2006,1308
1411,-9771.15449219523,22024.834821840315,12253.680329645085,8.660155910256242,11.171035023352193,0.05462163184942807,159659.72095518903,3968,3031,1760,5248,2052,1459
1412,-17817.34950340818,21231.085123616944,3413.735620208765,8.203719620420392,10.804887689866174,0.05476874622020239,160333.7036272841,4018,2905,1836,4989,2052,1718
1413,-10487.977426153851,22468.360086450506,11980.382660296655,8.924080434895275,11.262804979540276,0.05462547997563378,158842.03876978092,4081,2758,1920,5421,2067,1271
1414,-12182.587326542687,21711.01768938177,9528.430362839083,8.61144975846393,11.221206829123108,0.05468516311735596,159343.28835662777,4193,2520,2046,5072,2195,1492
1415,-11542.47061403288,22127.49636216135,10585.02574812847,8.69202666448888,11.189105672998819,0.05480359209037258,159137.8965482096,4752,2564,1443,4983,2329,1447
1416,-14139.46858464189,22944.89653083184,8805.42794618995,8.696422256427255,11.429925783681874,0.05474687628678398,158624.44478387275,3985,3100,1674,5735,1727,1297
1417,-11615.711522234842,22074.344528075893,10458.633005841051,8.625253187078673,11.240161864623175,0.05486274489858317,159868.51010715938,4547,2738,1474,5133,2326,1300
1418,-21439.953850417023,21863.064533977573,423.11068356054966,8.740791562717064,10.98563814522736,0.054750730599596446,159975.3104771947,4790,2371,1598,5114,2197,1448
1419,-10661.862038064748,21345.986239433656,10684.124201368908,8.643692946035271,10.75890924539891,0.05485526689840323,160317.25421924546,4336,2452,1971,4652,2737,1370
1420,-15500.813573270801,23164.168630799242,7663.355057528441,8.954874564321038,11.376716132232426,0.0548957361742085,159301.94313942463,3960,3033,1766,5327,2249,1183
1421,-13446.87814238155,22035.429658150682,8588.551515769132,8.586222010205006,11.258213731608045,0.05465333732045911,160339.2808067329,4212,2785,1762,5263,1688,1808
1422,-8100.839835214338,22448.19626920503,14347.356433990692,8.832756210665448,11.325477733831292,0.05476312117194213,159945.5706298939,4382,2750,1627,5425,1915,1419
1423,-14714.54791102729,21410.03967072064,6695.491759693348,9.038736780627426,11.082146619433606,0.05472880755100377,158350.33771499683,4696,2058,2005,5163,2244,1352
1424,-20229.373627160778,22107.874090302663,1878.5004631418851,8.187119827390385,10.982535455194332,0.054771128713694744,159541.00495782337,3678,2911,2170,5228,2156,1375
1425,-9891.653199610717,21984.736035199723,12093.082835589006,8.804606160267872,10.855432867700534,0.05473395490463148,159750.21702573728,4456,2474,1829,5218,2118,1423
1426,-4949.272616664024,22845.985178535455,17896.71256187143,8.528482023757162,11.091628291455592,0.054798596924945715,159923.29240147394,4346,2645,1768,5173,2224,1362
1427,-8669.623340651264,21182.320964919752,12512.697624268489,8.868705471751538,10.901398067518388,0.05473439193843826,160152.9371793038,4287,2484,1988,4881,2330,1548
1428,-16018.983491132163,22241.665002241705,6222.681511109542,8.354854126221092,11.048031089272012,0.0547898869224563,159135.91709525042,4223,2599,1937,5117,2090,1552
1429,-9157.663656034454,23258.84081245264,14101.177156418185,8.826241463463743,11.2487706220613,0.05476524835617885,158903.87015293914,4394,2746,1619,5484,1989,1286
1430,-11655.04636852888,22579.3938256317,10924.347457102822,8.623290406173929,11.217121512134181,0.054720169977771536,159495.14922114703,3979,3024,1756,5311,2000,1448
1431,-15377.724646145472,22007.231066940596,6629.506420795124,9.07408207886236,11.132360534993293,0.05465907747830797,159459.47801992335,4197,2514,2048,5375,1902,1482
1432,-11313.146928134885,21930.05922770524,10616.912299570353,9.302736607553918,11.052271089001927,0.05470780353383523,159956.64713212397,4179,2430,2150,5118,2172,1469
1433,-13489.93078567556,22572.98928540953,9083.05849973397,8.50055733322458,11.154608427978404,0.05474746358916341,160147.96068267958,4379,2588,1792,5101,1999,1659
1434,-10733.139660492463,21793.19142184827,11060.051761355808,8.508307875209892,11.059472155740863,0.05469584908883434,160561.28530651474,4356,2451,1952,5039,2263,1457
1435,-8256.817489577956,23161.26720318382,14904.449713605864,8.210628498376801,11.134422079209159,0.0546547785030871,160270.05551489873,3954,2874,1931,5071,2338,1350
1436,-14705.498980210137,22640.083746924945,7934.584766714808,8.416620598486384,11.311331471171775,0.05463907248898462,160335.56235149206,4162,3001,1596,5047,2308,1404
1437,-13510.495964075573,22338.064526168924,8827.568562093351,8.321494116263166,11.196396643752427,0.05469366448291131,159757.2498832767,4156,2810,1793,5253,1879,1627
1438,-7895.2207327587985,22788.241898057622,14893.021165298824,8.556029785771573,11.293547236300682,0.05465698399749766,158990.44072356448,3859,3125,1775,5464,1921,1374
1439,-15315.93196215705,22579.569310702525,7263.637348545475,8.33793903034556,11.287124973912166,0.05460210600224818,158243.84869765796,4446,2666,1647,5596,1801,1362
1440,-16561.81001455878,22240.584333704388,5678.774319145607,8.350962150326463,11.188191433383938,0.054652007339409614,160247.2672833589,3946,2893,1920,5397,1796,1566
1441,-11928.59794510664,21806.994022982362,9878.396077875723,8.618954150457798,10.882662684048933,0.05474050436924577,159834.2283602538,4552,2585,1622,5207,2190,1362
1442,-2003.7262821429379,23384.174359894285,21380.448077751345,8.44535342897298,11.227157375090664,0.05460858818433059,159312.82589172627,4045,3096,1618,5562,1689,1508
1443,-12220.912922079506,22091.186559265054,9870.273637185548,8.861455895584294,10.978067307061265,0.05484318222152499,159686.17590571588,4359,2449,1951,5254,2085,1420
1444,-9441.050991583441,22394.483288401603,12953.432296818162,8.550945601391991,10.90961043326653,0.054756140308263056,159848.26394715867,4018,3026,1715,5154,2304,1301
1445,-9328.754636548945,22270.02727419022,12941.272637641274,8.476604007566365,11.131584138688275,0.05466786548149232,159854.91012771212,4409,2583,1767,4993,2295,1471
1446,-8342.785976866178,22043.579740815432,13700.793763949254,8.685870818003025,10.920753717006592,0.054775259464618774,160437.17839120943,4494,2569,1696,4967,2270,1522
1447,-10523.048304528473,22217.286289982352,11694.23798545388,8.877282682491217,11.10959596505732,0.054729865199721735,159297.75780825966,4416,2791,1552,5260,1959,1540
1448,-11784.523138890365,22262.63680879638,10478.113669906013,8.514892218810234,10.981143598255784,0.0547794730980581,159245.29017642708,4481,2323,1955,5309,2045,1405
1449,-11441.901630403961,22285.42695934793,10843.525328943968,8.728497848183599,11.150369528717938,0.054866449676718984,158856.81615758664,4699,2523,1537,5536,1959,1264
1450,-6828.169577390806,22567.09219838575,15738.922620994945,8.71096452235719,11.243620944982704,0.05477189939963059,159047.47457946368,4218,2936,1605,5491,2023,1245
1451,-10576.021425833329,21799.383100836483,11223.361675003154,8.359701338306326,10.97339128083326,0.05469088415326863,159891.19632319696,4326,2663,1770,4972,2371,1416
1452,-11957.831717307674,23035.764145221194,11077.93242791352,8.664945217662169,11.217333109547594,0.05467434095497029,159189.43108949423,3912,2936,1911,5254,2086,1419
1453,-3524.108105822222,23566.63230008913,20042.52419426691,8.879653173444947,11.52117609604349,0.05470393762493356,158439.97498143656,4327,2792,1640,5750,1816,1193
1454,-13682.945225591984,22231.63537459469,8548.690149002707,8.19750561603107,11.16270566853981,0.05475775657031049,159673.91062301619,4606,2486,1667,4981,2469,1309
1455,-9888.233332656848,22442.685872053546,12554.452539396698,8.334402384207118,10.979449607949649,0.05487009709033368,159412.8308397221,3878,3094,1787,5108,2378,1273
1456,-5590.620311769658,23371.65256173322,17781.032249963562,8.173513927597106,11.225688167282236,0.05464711429878986,159301.93976249933,4043,2577,2139,5340,2119,1300
1457,-6033.62954589466,22805.43717278725,16771.80762689259,8.939303991580129,11.390934027145873,0.054745039796978014,159307.21889479688,4640,2538,1581,5324,2130,1305
1458,-6492.193186832205,22300.599523190886,15808.40633635868,8.572567505382862,11.105613239791666,0.05478933602216145,160190.89541519003,3947,2945,1867,4627,2587,1545
1459,-12463.364761420276,21607.994654488444,9144.629893068168,8.70502522234395,10.915437364739665,0.054783941319184196,160104.69653941135,4388,2516,1855,5069,2161,1529
1460,-5246.605322836608,22267.590221159968,17020.98489832336,8.774854568035193,10.972121542753166,0.054704344743400385,158844.82338558146,3854,2786,2119,5448,1921,1390
1461,-8115.667914118926,22376.209661949473,14260.541747830546,8.491151136561436,11.034250457361859,0.05467623262035119,159478.43137810653,4382,2540,1837,4999,2294,1466
1462,-8909.050186487802,22838.385085591002,13929.3348991032,8.221975193916292,11.148619012858589,0.05466921960641201,160122.69152627166,4086,2459,2214,5056,2088,1615
1463,-10114.34230842738,22915.80949067768,12801.467182250299,8.642342882502142,11.075499462284945,0.05466530673693534,159085.67375206758,4228,2666,1865,5195,2207,1357
1464,-12832.267259252909,21837.61711257078,9005.349853317872,8.48694067405204,10.851078172524007,0.05492985803264611,159255.43630491203,4147,2348,2264,5062,2278,1419
1465,-8706.680298865462,20998.36472505962,12291.684426194157,8.725215983320943,10.52499026698859,0.05487433074115899,159575.45207169093,4644,2034,2081,5114,2188,1457
1466,-11951.606205093802,21577.21577098149,9625.609565887687,8.466612618867805,10.634282916261407,0.054829818702803186,159832.7848275913,4169,2751,1839,4751,2648,1360
1467,-10960.257423295334,22526.854433192908,11566.597009897574,8.674732660183302,10.900189782545088,0.054697640609219084,159274.9478959482,4168,2665,1926,5263,2140,1356
1468,-9021.761111906553,22940.706327592932,13918.945215686379,8.663586185749896,11.146736100769045,0.0546829137714397,159492.2084178868,4170,2821,1768,5314,1776,1669
1469,-10719.781442578742,22499.353762815477,11779.572320236735,8.260673735659125,11.156822016167387,0.05469102813910182,160046.13290180897,4370,2780,1609,5026,2285,1448
1470,-7012.3795252469945,22128.33811924733,15115.958594000338,8.904403736892561,10.817817127833822,0.054822807556538615,160489.27776752756,4394,2357,2008,4940,2360,1459
1471,-8879.54655305415,21712.35176910998,12832.80521605583,8.670827163256108,10.943408562088813,0.05494396862103765,159944.27396468463,3905,2897,1957,5068,2384,1307
1472,-11187.485281875774,22680.64834872509,11493.163066849318,8.525465059392765,11.046460134626285,0.0546291040650834,158852.4432784519,4025,2456,2278,5358,2082,1319
1473,-9885.970484621419,21894.097846113822,12008.127361492403,8.567767600994609,10.837341433691796,0.05507306263274592,159710.81909083322,4375,2852,1532,5081,2338,1340
1474,-10264.75577573717,22018.979090031982,11754.223314294812,8.468887660572022,10.683396858351745,0.05464995622634348,159859.7632192731,4004,2429,2326,5033,2424,1302
1475,-9704.953950194493,21952.563199844088,12247.609249649595,8.723589460497482,10.901821375388293,0.05488130212989839,160004.43190492011,4281,2767,1711,5504,1784,1471
1476,-7155.602339960478,21801.80936325385,14646.207023293373,9.059614729321545,10.915725586807573,0.05455574410930467,159010.44893466833,4637,2222,1900,5253,1932,1574
1477,-12279.706926005236,22019.631567138626,9739.92464113339,8.626670929346734,10.854869581068078,0.05480716039480417,160006.72968011408,4913,2095,1751,5221,2139,1399
1478,-7336.227401753209,23828.14790968607,16491.92050793286,8.545992369142734,11.388145234179719,0.0548119929433826,158885.32344337454,4104,2938,1717,5699,1919,1141
1479,-12493.75075760515,22248.514907476838,9754.764149871688,8.605433335430128,10.986873675221247,0.05468708458236969,159358.96868721637,4177,2662,1920,5129,2338,1292
1480,-10306.309041714547,22458.474746782384,12152.165705067837,8.273495446650633,11.155899487826069,0.054934562089629865,159396.09557265637,4193,2807,1759,5301,2200,1258
1481,-15089.958711696616,23765.71958894668,8675.760877250063,8.185313497222166,11.395231391075212,0.05478503308639502,158451.31349847137,3839,3328,1592,5687,1954,1118
1482,-12434.454085777856,21746.69866435462,9312.244578576763,7.915694834883758,10.729732166649363,0.055037513276905585,160024.57773445852,4149,2415,2195,4875,2498,1386
1483,-10250.485235138116,23252.9948990937,13002.509663955585,8.089764473076116,11.197484060628224,0.05488675547079848,160731.77937600896,4458,2512,1789,5051,2271,1437
1484,-15965.249423530408,22053.32262288111,6088.073199350703,8.196875634603437,11.11470141496507,0.05468569632732343,159317.06721610157,4505,2604,1650,5166,2142,1451
1485,-8274.790356612044,22929.484701171008,14654.694344558964,8.784001539416106,11.152563721987086,0.05454597240963308,158630.79460180152,4188,2805,1766,5192,1933,1634
1486,-11566.673185794798,22748.00109549349,11181.327909698693,7.97841176732971,11.127120758774723,0.054804447723815014,159045.7162519575,4041,3131,1587,5513,1916,1330
1487,-7409.422307503143,20618.185693852018,13208.763386348874,8.602511439286092,10.85904060169535,0.05479603426698509,159584.6434403867,5321,1941,1497,4941,2111,1707
1488,-9247.221494929248,22387.61433663165,13140.392841702402,8.533950435232033,10.895926777834685,0.05472053022311174,161177.95167441003,3803,3056,1900,4724,2411,1624
1489,-11779.185212103479,22352.505010569672,10573.319798466193,8.339883529471452,10.909024944859945,0.05469950996543121,161029.23056345587,3995,2834,1930,5116,2036,1607
1490,-7925.301873728782,21869.134329605706,13943.832455876924,8.577556673509172,10.830216004623047,0.054749182735455725,159816.16416745752,4342,2587,1830,5223,1909,1627
1491,-7461.081670720347,21700.796878530764,14239.715207810417,8.581235592962482,10.83850221294396,0.054759055936473844,159720.44735944242,4532,2370,1857,5060,2193,1506
1492,-4281.351975652796,22890.39774928396,18609.045773631162,8.607051037829914,11.16280381677493,0.054638742128042816,159782.62091251163,4245,2838,1676,4966,2419,1374
1493,-8380.80104880308,21784.666130407753,13403.865081604674,8.66562689986896,11.056414152255622,0.05459361107039226,159623.31004677227,5165,2412,1182,5203,1983,1573
1494,-11716.57120764028,21654.450209645383,9937.879002005104,8.97001221522081,10.803384592504667,0.05470973844630276,159193.71533406462,4015,2785,1959,5114,2150,1495
1495,-8391.670673039493,22623.482939148373,14231.81226610888,8.513836099249136,10.866101335351539,0.05472943850360727,159584.4815790677,3959,3051,1749,5178,2101,1480
1496,-11379.201211014713,22453.98056945507,11074.779358440357,8.353600692841342,11.16328981580615,0.05465400875302084,159296.49710319508,4502,2552,1705,5356,1917,1486
1497,-10596.959271729664,23237.734829187797,12640.775557458133,9.065851864968536,11.410309787209654,0.05460690142229985,158176.87965007848,4100,2929,1730,5440,2122,1197
1498,-9734.12439512276,22723.45764255431,12989.333247431548,8.695770695855352,11.269332543260985,0.05452419977018958,158174.8363929597,4463,2206,2090,5788,1616,1355
1499,-12514.668963383705,23392.267751148418,10877.598787764713,8.371354444572411,11.238593434255025,0.054666266300496424,159501.54525230807,4078,2964,1717,5356,1984,1419
1500,-7012.141473867583,22640.746167898345,15628.604694030762,8.803994941321882,11.335858919327496,0.054561202434753465,159335.9682940025,4397,2554,1808,5378,1825,1556
1501,-6395.450533402433,23442.441498817683,17046.99096541525,8.378483256201905,11.516233749402634,0.0546700729884689,159086.46361067754,4017,2784,1958,5489,1661,1609
1502,-14440.790084276105,22745.879508653932,8305.089424377828,8.093149143846508,11.342590915682669,0.054696123144226554,159248.90751239625,4377,2483,1899,5486,1943,1330
1503,-7624.809811972886,23327.23340098216,15702.423589009275,8.515119313856054,11.323974689002972,0.054687585184038885,159510.95699260457,4755,2463,1541,5187,2130,1442
1504,-6538.7229787924625,22064.055397433363,15525.3324186409,8.668448660764076,10.912577380339567,0.054746303560831176,160000.17893438495,4620,2402,1737,5016,2160,1583
1505,-7484.286370085706,22976.55103179286,15492.264661707155,8.711889255817574,11.163376238378882,0.05479290988895303,158744.60752816417,4302,2478,1979,5507,1933,1319
1506,-4723.412815569871,21251.162548080163,16527.749732510292,8.754500339042535,10.692710575017811,0.05478209472991071,159191.68916042225,4577,2256,1926,5088,2445,1226
1507,-6457.863324551667,21487.158990179334,15029.295665627667,8.775685004809375,10.845500837914637,0.05469940974036259,159391.26455727872,4101,2859,1799,5166,2055,1538
1508,-7582.592195125358,22775.212777558343,15192.620582432985,8.699928937235525,10.985365996265196,0.05463235045392846,158487.3197630221,4059,2885,1815,5291,2157,1311
1509,-10522.939990651772,22339.275803179793,11816.335812528021,8.731303824228382,10.898257956238895,0.0548568474871871,159782.4435890184,4275,2355,2129,5071,2347,1341
1510,-7157.6751462422135,24390.466162019216,17232.791015777002,8.674558077034524,11.290736373453795,0.054641039420836555,158500.94361784955,3607,3203,1949,5626,1924,1209
1511,-10128.916420528483,22171.161069561556,12042.244649033073,8.284344376408619,10.887176185779554,0.05483039590989705,159890.23634338647,4448,2783,1528,5218,2126,1415
1512,-14884.434518356715,22300.003086071865,7415.5685677151505,8.001623236499176,11.081852499108615,0.054661319326343875,158985.26330856048,4107,2629,2023,5475,2018,1266
1513,-7764.156553944744,22825.93666478768,15061.780110842938,8.310435585739842,11.18842747285601,0.054708414049716624,158957.87496077927,4275,2626,1858,5275,2002,1482
1514,-14924.0848812079,21888.867702569587,6964.782821361687,8.154383942614402,10.85327217323499,0.05480828148017377,159717.84924546056,4633,1889,2237,4828,2460,1471
1515,-2926.608279598399,23357.752044383713,20431.143764785313,8.769985519527129,10.991832002627795,0.0547404603078033,159409.1750796359,4492,2812,1455,5263,2061,1435
1516,-11541.014691870589,21926.04868695886,10385.033995088272,8.796827025214077,10.862909712573584,0.05462257695854801,160290.17751901725,4332,2338,2089,5187,1923,1649
1517,-4513.808933123492,22227.251429128133,17713.44249600464,8.390979293172245,11.03065319372211,0.054614146560812586,160271.9818508642,3959,2687,2113,5184,2193,1382
1518,-8474.164654183693,22537.86680767292,14063.702153489226,7.937412598424658,10.984749468735822,0.05476658473092725,159874.72912936355,4502,2747,1510,5221,2087,1451
1519,-392.4513279550017,22984.074427418393,22591.62309946339,8.442546963755833,11.175271378284156,0.054710427060957204,159473.12646385506,3814,2805,2140,5091,2273,1395
1520,-5614.209104556594,22443.648951193623,16829.43984663703,8.16242578937038,10.910616988332519,0.05474835393171977,159832.90323889503,4551,2425,1783,4698,2472,1589
1521,-8396.427763549415,22685.97335924308,14289.545595693664,8.428061654680581,11.136842243948042,0.05472884182184875,159467.86626208655,3849,2896,2014,5052,2196,1511
1522,-4506.836217065623,22376.7410009529,17869.90478388728,8.383392040570321,11.265991928063869,0.054619596180254255,159817.17375656433,4393,2599,1767,5168,2185,1406
1523,-7773.105967060855,22596.76578150128,14823.659814440423,8.440185946673052,11.275061289225576,0.05475089632398747,158714.37968459105,3795,2990,1974,5529,2104,1126
1524,-4740.139162139287,24117.04703278906,19376.907870649775,8.46947694931765,11.377111203571728,0.0547310553821049,158081.82658004796,4438,2630,1691,5854,1790,1115
1525,-6374.595037294176,22173.759486069896,15799.164448775718,8.290363697642396,11.004695949692765,0.0547865572637592,159241.59477005035,4141,2983,1635,5230,2238,1291
1526,-1952.6095548197648,22795.97324316011,20843.363688340345,8.582111018700791,11.135716357149716,0.054609797622889616,158675.5469701744,3858,3393,1508,5344,2208,1207
1527,-9067.606784911695,22484.248269122414,13416.641484210719,8.59088719905573,10.952529135712675,0.05485960524772756,159459.1234834764,4307,2110,2342,5141,2432,1186
1528,-10238.122761754861,22679.757336821098,12441.634575066237,8.19431863287569,11.024790615517304,0.05471328738217464,159377.02586041627,4104,2674,1981,5401,1937,1421
1529,-11643.784494603256,23646.430834843857,12002.6463402406,8.175628602349333,11.431672863650771,0.054585632380506496,159240.89441257739,3731,3215,1813,5405,1999,1355
1530,-9610.270856024996,24280.016746963833,14669.745890938837,7.935711440188475,11.559174807657318,0.05447524305788519,159771.01947513572,3746,3225,1788,5574,1809,1376
1531,-6422.990192024526,21754.86044870689,15331.870256682367,8.679189816022578,11.055365050009813,0.05486191014044512,159726.54049248924,4229,2309,2221,5020,2357,1382
1532,-7087.822569217923,22030.249404719987,14942.426835502065,8.47948811284792,10.995249239926649,0.054601698158795446,160753.77306993195,4154,2843,1762,4758,2309,1692
1533,-14967.963317630507,21165.060882805337,6197.09756517483,8.601151811590395,10.667324869792944,0.05486422476388175,159855.01354940655,4732,2342,1685,4802,2611,1346
1534,-6564.288798568395,22647.766070048518,16083.477271480122,8.5033740817445,11.026229081611863,0.05472019516208037,159904.24210473587,3846,2738,2175,5261,2055,1443
1535,-5399.44034855652,23008.466439699972,17609.026091143453,8.533182473501613,11.127808237732783,0.054809390415596744,159568.91871483016,3857,2803,2099,5286,2209,1264
1536,-5635.226508966564,22065.94725562538,16430.720746658815,8.534954743616687,11.177429951644017,0.054649040271665325,159146.67701971295,4544,2684,1531,5307,2009,1443
1537,-4026.1356201402127,22082.78491299291,18056.649292852697,8.68582982391902,10.958287595025707,0.05466977287616706,158914.20195096268,4743,2275,1741,5467,1950,1342
1538,-13288.006445043153,23607.996852969314,10319.990407926161,8.012625478435314,11.213565301042195,0.054807189121888665,159871.73129589905,4188,2901,1670,4986,2343,1430
1539,-5034.547134126996,22887.107864448273,17852.56073032128,8.092655617764104,11.244868901634025,0.05468940951110078,159431.86604014508,4539,2601,1619,4984,2511,1264
1540,-8097.888405319386,22658.25007330919,14560.361667989804,8.229905975025249,11.003031599565272,0.054792643728037965,159595.5588540854,4545,2341,1873,5228,2319,1212
1541,-6236.083935656085,23526.69162304337,17290.607687387288,8.60530952038597,11.215612308517649,0.05472154718742633,158993.36416001606,4307,2988,1464,5445,1896,1418
1542,-4412.58562337198,21727.70889432242,17315.12327095044,8.073873872265233,10.674900891660272,0.05489870856165222,160619.16191588016,4340,2674,1745,4701,2552,1506
1543,-10383.917793236424,22878.922906622338,12495.005113385914,7.837038164961545,10.872035900554966,0.05467269376592029,159389.3744209449,4365,2872,1522,5151,2199,1409
1544,-5923.514749753638,22437.0426641928,16513.52791443916,8.4801861068068,10.917104637972084,0.05453642872168517,159104.95436810583,4448,2512,1799,5273,1829,1657
1545,-10626.304665586566,21645.603985102276,11019.29931951571,8.343419007207832,10.714568031622981,0.05478341384276565,160401.1237633984,4573,2630,1556,4796,2409,1554
1546,-4165.909435532465,22793.91967530145,18628.010239768984,8.563524787353469,10.995440492152293,0.05468018980510199,159480.44160085492,3936,2630,2193,5143,2113,1503
1547,-5795.440702969018,21969.349064485996,16173.908361516977,8.717525652886545,10.803785389461037,0.05468669120774403,159437.68647214348,4596,2162,2001,5380,1931,1448
1548,-3411.3579265093326,22529.343789525312,19117.98586301598,8.850868076692267,10.988105931407686,0.05477996461160476,158729.7929003417,4313,2843,1603,5543,2020,1196
1549,-6026.913678286109,24155.57801386461,18128.6643355785,8.352692097916481,11.415785995401855,0.05464587677476421,158368.84119912868,3857,3221,1681,5534,1946,1279
1550,-11724.984061546045,22046.522857471864,10321.538795925819,8.34581364651624,10.884511152244544,0.054913442563707116,160580.26491526898,4267,2549,1943,4924,2207,1628
1551,-8694.469422979968,22721.274324084563,14026.804901104595,8.000148994971083,10.990867393325736,0.054895508857370615,159351.2206417779,4469,2339,1951,5036,2312,1411
1552,-14865.079393805077,21114.3688332133,6249.289439408221,8.172549548347282,10.697804303501545,0.054872061696658744,160487.62977229498,4302,2464,1993,5092,2061,1606
1553,-6927.533395927809,23211.56341251788,16284.030016590072,8.648446121536606,11.070118045482975,0.05465361552807965,159006.90748357706,4256,2964,1539,5315,1880,1564
1554,-2184.4063586428506,23174.579520407922,20990.173161765073,9.023452073351496,11.236104783094923,0.05446624218170684,158245.88738119733,4318,2524,1917,5672,1847,1240
1555,-6849.298536031447,22925.43331832373,16076.134782292282,8.521851536005753,11.093395038301834,0.05472189072080733,159442.97732541076,4091,3132,1536,5402,2023,1334
1556,-8036.2860907241375,22185.26076408838,14148.974673364242,8.620029495682877,10.899379132444253,0.0548084657964426,158950.55579800394,3808,3002,1949,5102,2247,1410
1557,-10804.533928066654,21879.26490407965,11074.730976012996,8.153556936029538,10.829826182305247,0.05484236440002962,160431.20331660652,4609,2201,1949,4928,2379,1452
1558,-5416.024206775355,23040.659129280513,17624.63492250516,8.550762850376056,11.05057758860825,0.05469705371691518,159627.91296231348,4193,2559,2007,5509,1853,1397
1559,-4304.302213492618,21992.363758882577,17688.06154538996,8.287542791160995,10.814065106249178,0.05476715046860765,161090.5333807918,4179,2506,2074,4739,2608,1412
1560,-10310.924312717749,23124.52931647978,12813.605003762032,8.0675103571871,11.129760782892436,0.05461602212663663,158906.67720354538,4371,2476,1912,5650,1844,1265
1561,-6444.898599959931,22524.058272881954,16079.159672922022,8.205423061609768,11.163394696562813,0.05473588942628706,159492.227065388,4409,2516,1834,5064,2355,1340
1562,-2210.8241484617492,22916.569937587512,20705.74578912576,8.52694955401435,11.125720363158742,0.05462303024350785,158627.74712481364,4433,2547,1779,5406,2010,1343
1563,-9510.002421113368,23099.460908030283,13589.458486916916,8.476641395305805,11.093327470343375,0.05464840337363907,158579.63216687753,4046,3211,1502,5297,2075,1387
1564,-6888.287742172266,22042.674660551456,15154.38691837919,8.752421182286982,10.7737034513206,0.05472676089467843,159983.651057947,4273,2460,2026,5189,1975,1595
1565,-5402.897753557323,21913.01905811386,16510.12130455654,8.079333141822246,10.631604767561537,0.0546968441353028,160629.39026862397,4527,2308,1924,4820,2227,1712
1566,-4786.897466699684,22748.235132366994,17961.33766566731,8.585810715459607,11.06319426742073,0.05466936687136624,159192.9410623082,3911,2831,2017,5483,1787,1489
1567,-4071.037672580325,21801.38901179745,17730.351339217126,8.497478824429175,10.625309631285367,0.054826618337597124,160327.1717769697,4423,2187,2149,5181,2024,1554
1568,-9527.331469677501,23279.27856104982,13751.94709137232,7.856718805892084,11.133792564502334,0.05475026222141578,161109.06239878165,4322,2940,1497,5111,1979,1669
1569,-6239.208407018246,21949.640483240175,15710.432076221929,8.31161091338563,10.774734636959536,0.05468818207103352,159351.22623479,4062,2435,2262,5111,2343,1305
1570,-11834.129490531854,23399.0949150498,11564.965424517948,8.148546866316668,11.007918982405013,0.05467288596090698,158580.9821968997,4164,2948,1647,5625,2135,999
1571,-9856.802282412295,23913.10925069458,14056.306968282284,8.178253352924576,11.237613139207982,0.05474691637348857,158866.73487909252,4171,3085,1503,5432,2235,1092
1572,-6949.148441521725,23139.923287714042,16190.774846192318,8.000836893082916,10.945743368285612,0.054837641005146355,160911.38975238972,3816,2888,2055,4963,2375,1421
1573,-6265.133438624345,23580.04892021812,17314.915481593773,8.350160665517333,11.13823659224329,0.05469018547536216,159071.10705384798,4343,2552,1864,5568,1899,1292
1574,-12543.202156752246,23725.34146018662,11182.139303434375,8.000172263810056,11.296221508614128,0.054647030145224915,158892.7529905565,3882,3087,1790,5568,1704,1487
1575,-11258.710542101022,22378.28892233132,11119.5783802303,8.096487289923795,10.926232909935562,0.054726679908262965,160321.74782702743,4299,2530,1930,4980,2226,1553
1576,-5680.245878815554,23995.39789279168,18315.152013976127,7.941504167743746,11.29061363708707,0.05453933479229443,158913.93166664077,3981,2964,1814,5255,2032,1472
1577,-8155.5930619765495,22213.837852159497,14058.244790182947,8.018809971998168,11.062013040797416,0.05475295527430046,158877.8205317758,5009,2216,1534,5383,1942,1434
1578,-8170.467883469652,23709.574524572294,15539.10664110264,8.522917298922792,11.20998180584705,0.05470770571242264,159150.38315579266,3508,3512,1739,5569,1734,1456
1579,-6533.50816053689,22475.872715432513,15942.364554895623,8.301623457021481,10.96695828527491,0.05477564799727755,159386.99980912567,4168,2302,2289,5348,2109,1302
1580,-10936.899479368973,22907.08908880368,11970.189609434708,8.421702896418962,10.954988857281418,0.05467378745826599,160144.0306509702,4930,2151,1678,5134,2046,1579
1581,-5804.734673334662,24443.57020210045,18638.83552876579,8.406336012022313,11.366152664598056,0.054842317037352574,160285.0120045577,4009,2845,1905,5402,1725,1632
1582,-10905.689477005624,23429.55707332266,12523.867596317035,7.762133940295822,11.256524787535753,0.05480478003982317,160365.96691263354,3261,3444,2054,5324,1950,1485
1583,-6563.145581734362,22889.86283289767,16326.717251163307,8.612694627523535,11.15866164245015,0.05458172409178884,158386.04030707257,4373,2473,1913,5556,1830,1373
1584,-9033.531956796869,23757.190451184124,14723.658494387255,7.8808284687876755,11.210636829686445,0.05467315238101218,159545.60231713278,4256,2457,2046,5510,1765,1484
1585,-6216.1171943457975,24461.074684433657,18244.957490087858,7.904326899011779,11.384506379640612,0.05463339788562195,158617.77846211774,3365,3344,2050,5794,1549,1416
1586,-5578.338868039835,21938.053106846448,16359.714238806613,8.306893565291997,10.86147861499614,0.05472827230355825,159700.81928896147,4832,2076,1851,5171,1998,1590
1587,-1365.2561213212678,23495.908694199818,22130.65257287855,8.035152119642722,11.030414049580282,0.054705342810643896,159615.43864210002,4089,2935,1735,5148,2159,1452
1588,-8867.420393328845,22576.8925229142,13709.472129585356,7.977627405906492,10.956439008120078,0.05467523894923489,159725.35339847518,4525,2849,1385,5148,2063,1548
1589,-6939.172768420121,22871.68674932273,15932.513980902608,7.940297265513406,11.201746186544383,0.05463146181005595,158845.06280878355,3906,3160,1693,5659,1671,1429
1590,-6353.283997638087,21988.733728669307,15635.44973103122,8.489591126954503,10.899060397786894,0.054730817045416276,159620.85415999722,4696,2377,1686,5402,1905,1452
1591,-7486.825271167158,22922.622872625438,15435.79760145828,7.774307697681433,10.96214900422561,0.054746231774422366,159183.23482753034,3772,3123,1864,5228,2224,1307
1592,-7137.303109142624,22652.570465196743,15515.267356054119,8.009472780679804,10.96075023893298,0.05461319795491005,159664.48178308184,4200,2717,1842,5019,2340,1400
1593,-5671.064041270401,22640.568718396415,16969.504677126013,8.290398273541626,10.690195540213141,0.054827541943601545,159056.60223122014,3812,2893,2054,5538,1950,1271
1594,-4120.317257804474,22013.110893485693,17892.79363568122,8.004079515552823,10.91934596650237,0.05473580579726501,159632.80119754688,4055,2893,1811,4972,2429,1358
1595,-5759.125462145261,22600.049931499903,16840.924469354642,8.35060647573839,10.71618196211601,0.0546440619299181,159394.7619449646,4240,2727,1792,5576,1930,1253
1596,-1980.9213797045693,22266.319980350785,20285.398600646215,8.818639198862906,10.867375554514677,0.054681885233423745,159824.84571182495,4901,1953,1905,5154,2095,1510
1597,-15138.317558579152,23241.82756829316,8103.5100097140075,8.14228996404417,11.040048842071604,0.054793383528221364,159731.81763122976,3739,3250,1770,5308,1942,1509
1598,1728.0008018617104,23144.191593427,24872.192395288712,8.285046038142205,11.031784459676796,0.05469060448679568,159760.7286030594,3556,3417,1786,5385,1974,1400
1599,-6139.283009705998,22822.046549440274,16682.763539734275,8.689537855153421,11.210752516193258,0.05476486379375621,158857.8070929638,4066,3186,1507,5609,1814,1336
1600,-7980.760646429324,23865.507407995312,15884.746761565988,7.902753285793464,11.235709258417357,0.054604424864614795,158247.3712322607,3759,3138,1862,5801,1733,1225
1601,-7764.737686724227,23771.092178035968,16006.35449131174,8.29826110624895,11.27023551051809,0.054505122134165106,157907.32781225126,4045,2836,1878,5854,1773,1132
1602,-1804.4505412492913,23095.341834878123,21290.891293628832,8.715321968170809,11.314075204608299,0.05457966812252949,158578.10084611553,4402,2630,1727,5377,2117,1265
1603,-7118.145088710867,23474.91817451786,16356.773085806995,8.132237506677795,11.313994293655604,0.054640388569389714,160230.86801363467,4143,2841,1775,5141,2291,1327
1604,-5291.6817968185105,22388.29699449962,17096.61519768111,7.246498727675323,10.907646147298086,0.05491887714226082,161915.49469657478,4059,2999,1701,4620,2406,1733
1605,-4426.636983369466,22733.507932620607,18306.87094925114,7.963675351064444,11.077256426700092,0.054561041741654805,159040.8861364302,4486,2349,1924,4849,2541,1369
1606,-10762.031949953805,23421.03821726792,12659.006267314115,7.847713841676321,11.286549605221712,0.05458317699999086,157915.84436798026,3903,2983,1873,5579,1944,1236
1607,-5149.290615956304,23580.866734295538,18431.576118339235,8.68295052048233,11.42719465235711,0.0546959520868247,159085.21896526098,4236,3125,1398,5717,1630,1412
1608,-6254.478269789335,23366.066307840956,17111.58803805162,8.478021310594375,11.39952946823097,0.05458629873366608,157930.34265865115,4551,2898,1310,5859,1694,1206
1609,-7645.526316911835,22424.02425889366,14778.497941981825,8.364033673435134,11.148453215459005,0.054695537975919105,159446.85845594134,4548,2442,1769,5463,1857,1439
1610,-3827.0699976327883,22047.36922177621,18220.299224143422,8.124366809481659,11.146252149636824,0.054789436949087375,159523.34055721248,4457,2860,1442,5139,2232,1388
1611,-9701.742691395777,22989.000582052926,13287.257890657149,8.171470920196597,11.219968362480833,0.05460810577544554,159527.77109755803,3845,2894,2020,5294,2018,1447
1612,-1319.045454820227,23140.637775440555,21821.59232062033,8.36127221793799,11.131809867447698,0.05458192330779111,159713.00114634278,4298,2780,1681,5313,1954,1492
1613,-2233.3055997617103,23089.39287826257,20856.08727850086,8.8664904630833,11.176471386935598,0.0546182780834637,158813.6619283689,4500,2406,1853,5474,1959,1326
1614,-5264.669572704804,22967.540257060657,17702.870684355854,8.161016704421058,11.054309383735204,0.05467407608292024,158498.67698008963,4296,2985,1478,5575,1956,1228
1615,-2869.6533575335125,22587.613040018525,19717.959682485012,8.293370007108635,11.184092863011921,0.05464202517049622,159050.99261788212,4284,2292,2183,5364,2120,1275
1616,-8052.3535830929,22699.001760615887,14646.648177522988,8.011356970208794,11.149985924867336,0.05468872169127854,158403.76169558812,4704,2364,1691,5410,1955,1394
1617,-4054.0828900180704,22244.28760900964,18190.20471899157,8.45697396282503,10.904374545002877,0.05455419831602449,159297.9645331607,4807,2221,1731,5227,1955,1577
1618,-4830.01628128192,21801.508574062707,16971.492292780786,8.0236181022651,10.7141629585097,0.0547825393886032,159676.25151751278,4462,2612,1685,5174,1977,1608
1619,-3024.9831136284038,23493.15910790937,20468.175994280966,8.14464512908857,10.91040434296525,0.054841661994106575,159649.8798462633,3532,3789,1438,5420,1891,1448
1620,-7361.01508618797,22246.476203073435,14885.461116885464,7.755766242365219,10.897596990310516,0.05485941304023887,159402.46637068488,3574,3115,2070,5077,2080,1602
1621,-5018.459428270578,23105.916234090982,18087.456805820402,7.744761816922642,10.8694629412058,0.05474543191178664,159793.92372465067,3843,2910,2006,5076,2376,1307
1622,-8041.636830536152,23911.767882615608,15870.131052079456,8.277247345855644,11.265757760789906,0.05470027842400378,158859.62649961727,3649,3582,1528,5550,1911,1298
1623,-1960.3187365861768,22683.46596962381,20723.14723303763,8.418979876183405,10.891779438047937,0.05483026451852469,160061.38073132047,4001,2693,2065,5247,2027,1485
1624,-8536.532654392273,23768.911406574858,15232.378752182585,7.7180128328373545,11.243180777044335,0.05457109486381247,158574.69999643913,4059,2955,1745,5515,1963,1281
1625,624.6575252720787,23077.18936057719,23701.84688584927,7.970886806436073,10.960138969534475,0.054751786120978106,160509.52093345713,4273,2402,2084,5124,1989,1646
1626,-9319.61606050281,23203.922162928444,13884.306102425633,7.315764676892391,10.911434760208596,0.05477228699925899,159553.39900889713,4273,2597,1889,5161,1942,1656
1627,-7356.008595052291,21375.553644638,14019.545049585708,8.442724536718753,10.485303255026547,0.054919220956548595,161177.92167799815,4862,2206,1691,4747,2531,1481
1628,-7828.9528562670075,22935.775549975337,15106.82269370833,8.055695083305736,10.775612590064773,0.05478555313256156,158775.67655097874,4388,2613,1758,5496,1964,1299
1629,-5713.308561004704,22501.71581196293,16788.407250958226,8.020764065134083,10.734737097498341,0.05482673742275341,160403.48330750634,4235,2887,1637,4994,2438,1327
1630,-5722.473895418626,21960.41146591345,16237.937570494825,8.307110061624606,10.679301102175685,0.05468817858886772,159500.72567552692,3934,2770,2055,5043,2343,1373
1631,-2762.5154015621724,23480.025034669252,20717.509633107078,8.158019555453658,11.073468512207025,0.05461315233770116,158073.72432253553,3784,2915,2060,5610,1816,1333
1632,-7497.732404327954,22235.262501537527,14737.530097209572,8.027077207368377,10.83639389971699,0.054762791433872526,160033.08982914547,4156,2795,1808,5038,2376,1345
1633,-1193.0183959022638,23513.338470306157,22320.32007440389,8.395705844345944,10.875327272624261,0.05474307026503728,160204.99812117236,3651,3625,1483,4838,2556,1365
1634,-2840.783015939378,22908.80944120039,20068.02642526101,8.37104927323244,10.770210190521327,0.054755140415337855,159234.78528007574,4408,2842,1509,5247,2183,1329
1635,-3310.5911283923856,23420.192348904664,20109.60122051228,8.096520016289668,10.749470288752217,0.054932417640052175,159945.0864736921,4218,2974,1567,5233,2261,1265
1636,84.64490965624306,23343.26515310587,23427.910062762112,8.294475630699967,10.878307648004764,0.054870091126396014,159156.81424147132,4719,2136,1904,5144,2097,1518
1637,-5264.138377602519,21399.740271543014,16135.601893940497,8.546835892517848,10.513836316741706,0.05466773762945477,160737.69568677276,4847,2072,1840,4887,2182,1690
1638,-5749.585782902718,22361.48453484496,16611.89875194224,8.077577956192687,10.719577454804561,0.054541104114012105,159030.55806694293,4416,2632,1711,5284,2107,1368
1639,-6725.343073577354,23489.990641857097,16764.647568279743,8.011126206679174,10.843153068347299,0.054734180197569926,160129.43411187845,3896,3126,1737,5304,2179,1276
1640,-4343.9240906211235,22019.835599253787,17675.911508632664,8.273679262218408,10.648256390611584,0.05486676111251651,158900.24930322001,4984,2047,1728,5145,2407,1207
1641,-11906.585161744919,22640.221650972744,10733.636489227825,7.906921573107703,10.846155532210688,0.05468261492943749,159434.43340902656,4020,2917,1822,5319,2024,1416
1642,-5079.019241228989,22727.588678742373,17648.569437513383,7.896522564678969,10.887354315366911,0.054640022187670605,159630.33609963983,4408,2503,1848,5554,1717,1488
1643,-6751.101564938753,23524.9044272227,16773.80286228395,7.955999866420194,10.963769225590227,0.05486349758900138,160029.83187378882,4069,3307,1383,5121,2192,1446
1644,-3485.438890754106,21830.31236360134,18344.873472847234,7.903951070985399,10.629282301027098,0.05481472060647925,160232.46863554604,3956,3187,1616,4789,2331,1639
1645,-5973.388792351947,22569.692447189314,16596.303654837368,8.229622462502554,10.825880214244515,0.054709012901544826,159951.42241490347,4551,2377,1831,5245,2079,1435
1646,-5126.570128539368,23068.315614630446,17941.74548609108,7.779664258122089,10.934845884826288,0.05481767524313314,160526.15602099567,3600,3033,2126,5156,2156,1447
1647,-5169.229841631999,23738.128630310388,18568.898788678387,8.069531202152096,11.201828014464205,0.05462319194811709,158616.10707062372,4460,2584,1715,5606,1897,1256
1648,-3208.1721360401157,23202.711015233013,19994.538879192896,7.918646490523491,10.938359327596043,0.05477106296147658,160201.4608085361,4357,2690,1712,5183,2125,1451
1649,829.7130615428092,23818.384760988534,24648.097822531345,8.479146590501664,11.186188635569918,0.054653066630516986,158166.77321628662,4515,2515,1729,6110,1488,1161
1650,-5523.9548817926725,22976.80035843425,17452.845476641578,7.934346419498336,11.136638444619214,0.05456582520704144,159169.99371079623,4079,2997,1683,5582,1717,1460
1651,-5012.247024909346,21636.623845964925,16624.37682105558,8.035495670335893,10.579818712596014,0.054991495899724574,161762.56539599734,4202,3033,1524,4601,2465,1693
1652,-1873.7646305336548,22639.586327500354,20765.821696966697,7.9011387872849905,10.577930346382274,0.05477941697219677,158684.80065843058,4694,2387,1678,5368,2165,1226
1653,-5886.704646857552,22516.24895362648,16629.544306768927,8.341052524320157,10.650610039357613,0.054760813227313236,159493.73002806748,3772,3222,1765,5223,2375,1161
1654,-1227.2789803439828,21645.602922904276,20418.323942560295,8.543644471086202,10.552307389658138,0.05483768921400187,159118.25074028343,4566,2545,1648,5237,2198,1324
1655,-8323.839853213673,22878.13051680053,14554.290663586858,8.334220078340833,10.73988740648214,0.054641154742521514,159088.03034170208,4104,2830,1825,5277,2038,1444
1656,-104.6383632806467,21089.942173080362,20985.303809799716,7.990338780009276,10.254494699918096,0.05486127800849314,159952.49864202834,4409,2814,1536,4836,2491,1432
1657,-1838.8930012606504,23200.750634119497,21361.857632858846,8.225704251777184,10.798707576280258,0.054691085078916124,159554.0245263405,4166,3078,1515,5131,2441,1187
1658,-4710.960164284886,23176.533484713418,18465.57332042853,8.00835699953427,10.791350526244036,0.05471258535379686,159915.08147533584,3799,2986,1974,5073,2218,1468
1659,-4290.394287315025,23010.108137792104,18719.713850477077,8.137027654425676,10.979101735146186,0.05474819978883859,158984.1485579414,3930,2722,2107,5711,1585,1463
1660,-4474.781857594452,21836.149277267537,17361.367419673086,8.117391774208015,10.748107357923775,0.05467793347583355,159908.45275290913,4323,2737,1699,4746,2323,1690
1661,-5522.226809406023,21760.21388391397,16237.987074507946,7.746882425012557,10.53815428100453,0.05468085138883245,160172.87599870353,4309,2886,1564,4921,2343,1495
1662,-5358.154804530352,24181.987127467288,18823.832322936934,7.496016910294273,11.007719179688522,0.05467835232589176,159397.76852332195,4190,3305,1264,5308,2120,1331
1663,-9370.77302720616,22582.645257494398,13211.872230288238,7.8131551605905205,10.912392071605197,0.054673526321758245,158875.30858478355,4743,2364,1652,4997,2411,1351
1664,-6077.532376871195,25078.637603931427,19001.10522706023,7.8615328717427495,11.524408937958105,0.05455274461801112,158860.99366314674,3510,2926,2323,5533,2028,1198
1665,-6087.110319369556,23539.063082898185,17451.95276352863,7.815371314315752,11.306395010848535,0.05463011385621059,158088.2850786087,3384,3053,2322,5877,1763,1119
1666,-7671.444763333446,22436.838284125493,14765.393520792048,8.17340912068431,10.942357762835496,0.05480635643998593,159356.17071469492,4475,2839,1445,5695,1769,1295
1667,-4071.117251745356,22459.67578354357,18388.558531798215,8.126969947201383,10.9364879963703,0.05470302106421452,158892.29207781565,4742,2456,1561,5428,2025,1306
1668,-1572.6166908390694,21979.146530830236,20406.529839991166,8.21643185006847,10.61685198123759,0.05476619257466553,159482.12621703392,4769,2515,1475,5097,2427,1235
1669,-7057.395054700247,22060.65617409497,15003.261119394723,8.301756898430206,10.672250539481979,0.05459874534566731,159435.47335872197,4502,2555,1702,4905,2547,1307
1670,-4805.1164472164555,22733.634861353003,17928.518414136546,8.115520398609542,10.601061424333647,0.054613276870260866,159680.5992813563,4369,2834,1556,5089,2237,1433
1671,-2365.9175473595187,23031.583653315916,20665.6661059564,8.466287236332889,10.630534986053622,0.055029271895227765,160175.41453064143,3707,3280,1772,4818,2602,1339
1672,-4987.379212410482,22720.045737655953,17732.66652524547,8.303182119779311,10.771798481495019,0.054672226487722554,158712.32421937975,4195,2268,2296,5410,2064,1285
1673,-4285.5542346865295,22843.85688151763,18558.3026468311,8.3587404851176,10.805414627612166,0.054696970691031806,158848.16796739667,4210,2497,2052,5565,1926,1268
1674,-1435.3138468549678,22631.742913480484,21196.42906662552,8.1380089287571,10.797143321870152,0.05496881264578307,160396.7747952978,4150,3018,1591,5223,2238,1298
1675,-2177.508770610887,22982.760030204918,20805.25125959403,8.355732901443082,11.015432204773926,0.05456635941010726,158650.68146238718,4454,2493,1812,5522,1786,1451
1676,-6863.297796428198,23495.18947235265,16631.891675924453,8.054400716379568,11.005970074181942,0.05463144411522987,158648.4338714155,4528,2585,1646,5539,1949,1271
1677,-2688.99881906874,21847.44866675857,19158.44984768983,8.41580038903198,10.583958883452945,0.05468163688349925,159375.07638949214,4563,2630,1566,5118,2272,1369
1678,-1008.4658503430711,22897.88389723142,21889.418046888346,8.1764747036871,10.884952287251272,0.054725021181569695,158974.52627431526,4282,3176,1301,5705,1769,1285
1679,-3220.9670438915277,22024.01424642751,18803.04720253598,8.462389935212146,10.573283290757884,0.05488768861300153,159755.0237125313,4376,2982,1401,5291,2178,1290
1680,940.1700293664311,23186.53695066168,24126.706980028113,8.165417327739192,10.773017177576454,0.054730885882397974,158476.505008574,4349,2722,1688,5558,2134,1067
1681,-7440.902995762563,23800.77523328249,16359.872237519927,7.591503594111626,11.05394057250144,0.054716818142724784,158885.55405618125,4322,2331,2106,5569,1994,1196
1682,-4596.15804505508,22448.632301850095,17852.474256795016,7.706748072288039,10.820482536781848,0.054665959905083515,159199.5876859887,4858,2613,1288,5286,2001,1472
1683,-3062.63216000501,22823.935040290162,19761.30288028515,8.00857924173378,10.708766745278497,0.05452714439886363,158427.32599446576,4698,2377,1684,5309,2294,1156
1684,-7827.3611425354875,23457.97952192047,15630.618379384985,7.892893480166778,10.830154101561362,0.05472770023550237,159894.59906164897,4091,2479,2189,5465,1986,1308
1685,492.66985104030243,23379.908583694105,23872.57843473441,8.215887423196966,10.965225126197764,0.05460506747637367,158653.19987593737,3797,3067,1895,5552,2158,1049
1686,-7744.658319672119,23460.021585919763,15715.363266247645,7.93164193745476,10.900840221901777,0.054768644468951896,159960.82078676423,3826,2906,2027,5135,2262,1362
1687,-3685.1447103149185,23024.2905995797,19339.145889264782,8.161168857551017,10.849705488562098,0.05472141490888591,160082.74277645443,4452,3031,1276,4949,2293,1517
1688,-4330.128220720791,21789.60490293884,17459.47668221805,8.277422605030202,10.739660827017532,0.05468635412914369,159828.90170515236,5101,2088,1570,5241,2005,1513
1689,-678.6098338338609,22583.387456269367,21904.777622435508,8.168143058550111,10.827205052563219,0.054788659704524,159032.45600043348,4413,2300,2046,5326,2058,1375
1690,-1690.87028534388,21132.401865444306,19441.531580100425,8.362438961750613,10.175794088844034,0.05498129607933008,161270.415221851,5160,2136,1463,4357,2818,1584
1691,-9695.190338930779,21906.111136212265,12210.920797281486,7.971759250333124,10.597668379392017,0.054783451006622325,159940.80667110125,4257,2475,2027,4586,2847,1326
1692,-4333.720904190409,23131.425535170165,18797.704630979755,7.818651815653954,10.72046256847743,0.05477859899529156,159892.6622273402,4105,2959,1695,5217,2232,1310
1693,-2833.1021352082935,23613.83358966725,20780.731454458957,7.27013875849138,10.926523936795766,0.05472548029404214,159368.95315179828,3778,3025,1956,5366,1904,1489
1694,-6260.066681759606,21450.163956621156,15190.09727486155,7.960131774124077,10.557829132959547,0.054764957919015894,160412.34933605048,4403,2343,2013,5031,2331,1397
1695,-6695.267859576437,21399.78405856826,14704.516198991823,7.737387128312941,10.528781239706237,0.05477395129911653,160442.1342417946,5024,2030,1705,4993,2203,1563
1696,-4184.800701981161,23246.13902048152,19061.338318500362,7.593638058847178,10.84835204402094,0.054696788796889315,158924.96173796224,4094,2816,1849,5589,1756,1414
1697,-5192.0871467641555,23156.929481369985,17964.84233460583,7.55098202874483,10.881176523550318,0.05491229971931968,160229.67109532887,4154,2434,2171,5665,1783,1311
1698,-2019.6336081877432,22830.192524428556,20810.558916240814,7.418212929702426,10.874521832010235,0.05477343606328759,159547.53122441808,4367,2348,2044,5315,2142,1302
1699,-4061.6402972555834,23892.71144319655,19831.071145940965,7.670234711002827,10.964322549308134,0.054709258325684684,158541.84738246392,4020,2864,1875,5790,1758,1211
1700,-3539.48546929554,22454.88309271349,18915.39762341795,7.862584356198583,10.558037647858246,0.05481296581401831,159118.01444175528,4315,2702,1742,5260,2327,1172
1701,-3330.753916235015,22995.018053176897,19664.26413694188,7.570436431087906,10.757133244583622,0.054633457519965206,159727.7811143924,4144,3068,1547,5413,2091,1255
1702,-3951.6083468649754,22608.298103299374,18656.6897564344,8.118639227201069,10.786334620965803,0.054795467007108856,161023.06300542378,4226,2648,1885,4972,2295,1492
1703,-2873.7176586686314,21648.813418137368,18775.095759468735,7.864810542394533,10.338636567346116,0.054874733080930264,160449.4075356717,4953,1742,2064,5048,2133,1578
1704,-3813.7612036389846,23307.700275982996,19493.939072344012,8.453731159162412,10.858910333069115,0.054674753700383986,158431.70152107475,4240,2441,2078,5782,1862,1115
1705,-7249.82881844722,23448.727826854774,16198.899008407554,7.801101030943119,11.002507815998715,0.0546137246189236,159079.0671236902,4282,2903,1574,5588,1959,1212
1706,3306.6572632561233,22443.83694974369,25750.494212999813,7.883500277244318,10.596054260371977,0.05490656676705928,159606.2007685468,4864,2414,1481,4998,2554,1207
1707,-5881.241535892824,21912.630656525413,16031.38912063259,8.319991959718946,10.714575019138406,0.054754945594325144,159060.65400935942,4632,2240,1887,5184,2237,1338
1708,-3208.056716431985,23703.012362441532,20494.95564600955,8.126145836424572,10.951573034270073,0.054596286469973804,158441.17195720464,4200,2725,1834,5815,1689,1255
1709,2130.482254570031,23555.095317500083,25685.577572070113,8.29272342290082,11.046330510836343,0.054500555457154744,158238.63177284578,4051,2806,1902,5677,1843,1239
1710,5135.413706784201,23460.696988132055,28596.110694916257,8.312474651913925,11.012253229682456,0.05481713322148578,158373.41312650035,4362,2822,1575,5447,2153,1159
1711,-578.5629778573832,22501.299996458343,21922.73701860096,7.789893819707175,10.826886827655231,0.05480128267227913,160882.24133774443,4226,2429,2104,5156,2139,1464
1712,-1601.2068312584017,23109.53411629695,21508.327285038547,8.05460637432543,11.01019055277619,0.05459646426151313,159870.81795752308,4516,2438,1805,5270,2069,1420
1713,-1228.6004313110718,23438.736787634476,22210.136356323404,8.177946869509865,10.86882307591412,0.05480471408011515,159113.6103712886,4295,2857,1607,5585,1935,1239
1714,-3220.438918160462,22630.287410949928,19409.848492789468,7.674243422455589,10.777910102853612,0.054698303244861385,158527.74247827457,3706,3187,1866,5171,2102,1486
1715,-1463.24929139329,22472.423840751977,21009.174549358686,7.708225137693258,10.484956427611078,0.05463263528763241,159745.78497006753,4810,2349,1600,4970,2244,1545
1716,2125.7827141871676,23797.89561524235,25923.678329429516,7.866250375541102,11.15791300133288,0.05466313534442894,159767.50644810783,3621,3175,1963,5560,1852,1347
1717,-1157.621039613445,23174.37455913837,22016.753519524926,7.809746554049053,11.13401840104407,0.054650068710215285,159064.582728502,4913,2216,1630,5517,1806,1436
1718,-664.8928838798821,21736.65764486044,21071.764760980557,8.19506557359211,10.658979014225483,0.054754718769877135,160213.2701412291,4407,2117,2235,5034,2368,1357
1719,-3450.6139176997485,23842.066526752995,20391.452609053245,7.686341319466136,10.803126070693335,0.05489239614316077,160982.4951309164,3326,3268,2165,4874,2622,1263
1720,-4604.715125470095,23688.669288001463,19083.95416253137,7.503926819785022,11.035034647787613,0.05470527232179908,158243.15243314012,4497,2640,1622,5477,2146,1136
1721,-7842.649372156552,23255.42954903664,15412.780176880085,7.717511369755012,11.049646380662017,0.054725350184373696,158960.1559786537,4085,2492,2182,5689,1959,1111
1722,-4513.299174837526,22682.7046958956,18169.405521058077,7.787416016102399,10.774215905194115,0.054622883201679795,158827.5676765037,5111,1979,1669,5547,2011,1201
1723,-4964.639863528047,23591.558647149515,18626.91878362147,8.26775904788263,10.952578020371643,0.05468638750506288,159078.37583520007,4451,2858,1450,5706,1719,1334
1724,-1424.064602189104,22403.627071144692,20979.562468955588,8.337285852701767,10.984093712088907,0.05459831113817572,159553.21570920647,5246,2041,1472,5210,2088,1461
1725,-2013.9951532525274,22085.24334023457,20071.248186982044,8.195397542328788,10.661227933597086,0.05472945612303742,159194.08649065913,4174,2429,2156,5041,2291,1427
1726,4292.353551936575,23407.712640990587,27700.066192927163,7.994751877001527,10.791685037891936,0.05468285123019362,160116.78916185224,4662,2479,1618,5254,1850,1655
1727,-4538.57916681453,21834.46629725327,17295.887130438743,7.492814846689245,10.41422921228021,0.0546917805335605,160865.72369293918,4247,2656,1856,4794,2193,1772
1728,-9360.261971348955,22982.097803366712,13621.835832017758,7.31553650077445,10.864674927286082,0.05475407564332205,160640.90280756593,4471,2418,1870,5051,1987,1721
1729,-5100.3334541376125,23323.51092130839,18223.177467170775,7.472288385824125,10.916651654933379,0.05457782592363252,159788.6684079526,4455,2620,1684,5188,2051,1520
1730,-2317.7254851986104,23477.657476108958,21159.931990910347,8.03660425493791,10.84726003564186,0.05469700822910226,159077.69609968297,4657,2709,1393,5337,1921,1501
1731,259.8613450982682,23361.278715401204,23621.14006049947,8.152488060865858,10.84884620161176,0.0547870636077825,158407.22445862845,4047,2923,1789,5535,2039,1185
1732,530.1976339824996,22366.090374001808,22896.28800798431,8.021596045265385,10.716250979874298,0.0547752459073424,159149.88085129164,4547,2328,1884,5212,2162,1385
1733,-5801.3940019690035,23340.18398169301,17538.78997972401,8.367980411861957,10.758632844264667,0.05474802952740179,158495.6303239782,4473,2232,2054,5457,2232,1070
1734,-5390.147543833463,23061.714791281767,17671.567247448304,8.309139392091206,10.761683017153334,0.05471913003071158,159209.27840119015,4424,2496,1839,5145,2408,1206
1735,-858.5053254869988,23829.167409537848,22970.662084050848,7.829555206536407,10.925439749201258,0.054692085943762125,159489.02027687323,4348,2864,1547,5051,2522,1186
1736,-831.5486111828069,24144.996506809082,23313.447895626276,7.793026411527415,11.081927117574129,0.054571874478513714,159363.03195828985,4077,2679,2003,5284,2106,1369
1737,-1066.1929887869996,22763.556192456224,21697.363203669225,7.605835279035715,10.950544158884181,0.05458655621807922,158183.8336477525,4326,2424,2009,5468,2075,1216
1738,-229.98385468866556,23847.38263483208,23617.398780143416,7.382887901899578,11.043792745833239,0.05462154210538366,158574.9448470547,4458,2675,1626,5573,1698,1488
1739,-965.8983974741523,22686.73630910285,21720.837911628696,7.612394817125064,10.998267935739992,0.05465741744085533,159238.88124278406,4577,2545,1637,5722,1649,1388
1740,-6392.787682618735,21621.265372909602,15228.477690290867,7.670539000449725,10.297836552117404,0.054919011347628395,160748.1823835929,5002,2351,1406,4958,2120,1681
1741,-3617.8036046746815,22687.361199284423,19069.55759460974,7.631647618683106,10.800596374501092,0.0545488921897063,159576.72123464628,4428,2674,1657,5102,2081,1576
1742,-3437.063723510965,22487.5893265309,19050.525603019934,7.8632555372951245,10.560398116534111,0.054826814057483624,159134.59699216005,4161,2688,1910,5118,2449,1192
1743,-2899.241844920209,24673.302352301114,21774.060507380906,8.018364243468072,11.28472436421705,0.05472117094921017,158841.142440794,4066,2740,1953,5614,2041,1104
1744,-8266.293812697972,25347.62650101441,17081.332688316437,7.414206865954753,11.58818945482758,0.054616577014903404,160002.96107184078,3344,3384,2031,5895,1617,1247
1745,-5084.095786937355,22813.689365537695,17729.59357860034,7.606559916177851,11.031727035959479,0.05466894186393666,159352.4883053712,5015,2514,1230,4985,2532,1242
1746,-2498.291662381312,22787.174777675213,20288.883115293902,8.01618544390007,10.971930414727893,0.0548117384674743,160121.99509395382,4705,2604,1450,4904,2568,1287
1747,-3618.662839387769,23549.477630466088,19930.81479107832,8.216160019401537,10.954362116593211,0.054766101599560885,159217.50076379697,4070,2990,1699,5609,1731,1419
1748,-2848.3403551115102,22245.97343761885,19397.63308250734,7.478748313757542,10.5947598116503,0.05471356886457663,159565.00989288223,4776,2138,1845,5177,2253,1329
1749,-1018.4421625388312,22127.763621965714,21109.321459426883,7.652708436364323,10.653037720533352,0.05464016162836259,159604.68854300265,4445,2639,1675,5191,2072,1496
1750,-250.8019818343418,23705.12526161172,23454.323279777378,8.146006366833888,10.870910019207518,0.054515951245664405,158471.09518337878,4214,2844,1701,5491,1950,1318
1751,-1382.1926047232755,21811.060309154615,20428.867704431337,8.562139004284635,10.606789274732472,0.054650152277019574,160054.37871587058,4388,2401,1970,5073,2173,1513
1752,865.5542990018929,23687.64558210436,24553.19988110625,7.98664580171804,10.85896209523478,0.05458229369397115,158914.33254551003,4602,2309,1848,5394,2106,1259
1753,-840.7438810666135,22112.053772219413,21271.3098911528,8.339334588805066,10.532996911037523,0.05469893263524027,159822.0822463044,4517,2447,1795,5325,2097,1337
1754,-2445.7589365912413,22096.213361212063,19650.45442462082,7.556129027258104,10.346097730125505,0.05466037459525334,159843.1299643148,4248,2487,2024,4834,2300,1625
1755,-2126.59922077538,24036.2394758713,21909.64025509592,7.543940707665969,10.806256584620696,0.05471369255997241,160184.40877906684,3774,2546,2439,5532,1649,1578
1756,-4323.549957400381,23385.65151221929,19062.10155481891,8.154086901190583,10.960403725429469,0.054626532170841305,158934.78182994883,4728,2158,1873,5811,1581,1367
1757,-443.9118743495957,23687.773384934677,23243.86151058508,8.388181033126331,10.87065971612659,0.05479885464407604,159652.65740580822,4463,2906,1390,5608,1824,1327
1758,-5233.756275329391,23957.439599891222,18723.683324561833,7.5751896382632795,10.987524018022501,0.05464246478731607,159295.4262380153,4121,2788,1850,5731,1699,1329
1759,954.7222666077174,23751.590842664624,24706.31310927234,7.873238401295919,10.960356326928325,0.05469124267228546,160497.20887403516,4072,3200,1487,5176,1968,1615
1760,-2130.556463944353,21952.438196818282,19821.88173287393,8.174022913229617,10.500222690027107,0.0549427177231524,160279.17537445304,4257,2813,1689,4781,2430,1548
1761,-1394.528216779405,23242.534848860538,21848.00663208113,8.366304964088416,10.718232599412673,0.054625412230218474,158823.7956960938,4295,2816,1648,4837,2685,1237
1762,1879.1262876025883,24673.07248323171,26552.198770834297,8.020147645523116,11.08497612974718,0.054763938039414435,159003.58235666173,3691,3281,1787,5792,1902,1065
1763,1562.6014819987097,22817.620067877546,24380.221549876256,8.01349928038875,10.686421267263997,0.05490130797917137,158782.51483984926,4283,2656,1820,5358,2265,1136
1764,1296.7218727444047,23121.193587347734,24417.91546009214,7.917907744434511,10.719328566729965,0.054880673046243396,160516.31435966643,4043,2816,1900,5085,2367,1307
1765,-1913.646320613697,22387.333339759167,20473.68701914547,8.152513804393148,10.447089342441865,0.05473176021476633,161011.89662101708,4462,2527,1770,5110,2238,1411
1766,-508.1747973370848,22292.6800172081,21784.505219871015,8.078570486849245,10.500162809339633,0.05471008754897877,159694.6948425173,4184,2424,2151,5037,2505,1217
1767,1181.3436257935073,24175.569232374684,25356.91285816819,7.664485941987963,10.767621631323765,0.05477444594042624,159351.9588575619,4549,2327,1883,5251,2376,1132
1768,2762.139101419375,22965.277710782,25727.416812201376,7.6885369991594645,10.73829551442621,0.054714384744236524,159603.70054933737,4433,2276,2050,5199,2175,1385
1769,-5162.830628699674,23656.415123651,18493.584494951327,7.692039581134396,10.990955058910906,0.05462631627694636,159192.42983711814,4039,2811,1909,5668,1796,1295
1770,-892.1066777674561,22420.338859756077,21528.23218198862,8.152498807007609,10.663733113957262,0.05503298207336103,159459.5985538877,4257,2718,1784,5091,2421,1247
1771,-2883.947429992482,22754.578386195335,19870.630956202855,8.038416173522727,10.842286887057746,0.0546082981253785,159553.95283990583,5055,2419,1285,5785,1873,1101
1772,-510.74332476005685,23536.5017446618,23025.758419901744,7.963989934909057,10.82017524720023,0.05460342593588298,158355.95236520265,3915,2901,1943,5370,2254,1135
1773,-1722.433548099749,23702.333437135847,21979.899889036096,7.731034018997823,10.72623043279957,0.05470663516072893,158619.51996862717,4182,2280,2297,5561,2081,1117
1774,3557.6569310553728,22125.718661489995,25683.375592545366,7.936720585592645,10.659490658264843,0.05469249939171852,160401.53616575405,4122,2953,1684,4939,2204,1616
1775,2874.9911641063673,23472.733348739544,26347.72451284591,8.446630903857335,10.875757376562957,0.05463910495313628,161379.33249705718,4521,2844,1394,5085,2119,1555
1776,-3443.192176593047,21805.028791458797,18361.83661486575,7.723150442102821,10.453343957440456,0.054750150697576196,160368.54861943648,4952,2167,1640,5066,2177,1516
1777,-1739.7022290264786,21707.781310963215,19968.079081936736,8.184290694467013,10.111824010212306,0.05498693876698145,160568.5241834921,4913,2163,1683,4669,2877,1213
1778,12.477768668228322,22200.78578922729,22213.26355789552,8.362689082533395,10.368975478281376,0.05468796880999225,160175.21279522948,5314,1729,1716,4868,2376,1515
1779,2121.3254165415706,25553.41557375323,27674.740990294802,7.550935053988132,11.282898507046347,0.054640184526894224,158273.41633458372,3502,2985,2272,5977,1799,983
1780,2638.9610651786943,24214.29540247281,26853.256467651503,7.919163314242652,11.220098395070135,0.05465502571340489,159213.3613755327,4466,2809,1484,5656,1890,1213
1781,-3671.36312449208,23941.605075928128,20270.241951436048,7.844601500900612,11.138912178025082,0.054501692898712456,158167.8263485464,4079,2431,2249,5529,1965,1265
1782,2086.939627813896,23527.428227366283,25614.36785518018,7.556432503503912,10.936740589656159,0.05481902813195466,160334.45936932304,3987,3127,1645,5531,1747,1481
1783,-477.3656890766955,24442.936257182537,23965.570568105843,7.56596147635889,11.142215720132947,0.05451721976293109,157623.74233468669,4412,3144,1203,5961,1659,1139
1784,95.76245256247225,24055.771167608807,24151.533620171278,7.719246328077206,11.013013171283838,0.05475534748453696,160809.3342922904,3858,3487,1414,5549,1760,1450
1785,5081.514822019802,22558.37486545668,27639.889687476483,8.07598271713366,10.969090831655798,0.05461236263811176,158570.6211869294,4374,2570,1815,5447,1849,1463
1786,1975.461095573544,22856.481956732623,24831.943052306167,8.170317440932973,10.629825658267949,0.054773337267443545,159457.7577215085,4576,2146,2037,5446,1874,1439
1787,-693.6066469670639,24095.0436574403,23401.437010473237,7.958549123172178,10.995796450873685,0.05461435114443365,158239.99030925054,4509,2858,1392,5843,1858,1058
1788,-1476.1674339188999,22761.409112987996,21285.241679069095,8.211793344269083,10.613438279404344,0.05482138887639218,159387.03975105382,4124,2236,2399,5179,2319,1261
1789,-957.0803615944083,23238.679101132067,22281.598739537658,8.289266498251118,10.80738187226984,0.05464096879941294,160024.77919494334,4042,2893,1824,5270,2188,1301
1790,1096.6551761205542,22390.46693037727,23487.122106497827,8.372169383720477,10.751590010251311,0.0546668011954143,159997.84534571337,4086,2556,2117,5114,2281,1364
1791,-2185.409441284164,22841.279955041293,20655.87051375713,8.839022916299484,10.586264193256392,0.05488566304381254,158869.5431075861,4520,2744,1495,5202,2400,1157
1792,1700.0310642411541,22835.91793360702,24535.948997848172,8.180299228245653,10.793521936342644,0.05488522174207811,159553.1556824918,4411,2700,1648,5647,1805,1307
1793,-1620.097613335253,24475.901753739985,22855.804140404733,8.082097154889457,10.83621973825987,0.054997560412065716,160194.16562456358,3672,3014,2073,5096,2323,1340
1794,-728.6921375304742,22061.650244451383,21332.95810692091,7.793901256392565,10.518283482602053,0.05473650312415935,159716.5649960393,4804,2467,1488,5400,1937,1422
1795,-3271.3733664505885,23709.302202939547,20437.928836488958,7.872734096990896,10.912493113690228,0.05457509551632324,159018.23365433997,4236,2819,1704,5767,1798,1194
1796,-2372.4205827912347,23768.316955030492,21395.89637223926,7.520365140830068,10.983949194098601,0.05455731232792739,160206.7812038341,4371,2852,1536,5422,2000,1337
1797,2463.4616229190738,24162.32543670756,26625.787059626633,7.772881726598978,11.166205269973663,0.05451712186242547,159558.11235148614,3987,3013,1759,5458,1910,1391
1798,2761.623168125088,23808.267744670382,26569.89091279547,8.079270086391475,11.059362473572321,0.05457220208878108,158383.07495799634,4439,2473,1847,5949,1680,1130
1799,-2994.4220756403943,24937.251252187012,21942.829176546617,7.957769474273396,11.30013483879268,0.054682341360639306,159269.19562174572,3851,3258,1650,5345,2266,1148
1800,1808.4484497877472,22987.370897365367,24795.819347153112,8.194100805748267,10.86487759876165,0.05465594282834303,159518.54561425303,4241,2362,2156,5413,1948,1398
1801,477.930595471697,21865.697452204382,22343.62804767608,8.505938989708852,10.653502539282867,0.05453485190131113,160741.2794313145,4720,2446,1593,4588,2709,1462
1802,-3974.0980484413976,23346.65831545447,19372.560267013076,7.627299876315241,10.848805640271383,0.054627076374033065,160087.97688339071,4255,2915,1589,5072,2236,1451
1803,-2072.4644058639606,22825.295110756222,20752.83070489226,7.095453169513681,10.461521722015936,0.054868763137927774,160181.56624142217,4377,2894,1488,5190,2236,1333
1804,387.1037173517161,22186.551541743713,22573.65525909543,7.551741765397507,10.479810561701836,0.0549016276915607,158920.7618458587,4768,2211,1780,5446,2118,1195
1805,-4851.604948091291,23206.269917210542,18354.66496911925,7.874103617119461,10.685540869385525,0.05477101051974752,159416.49279604963,4334,2883,1542,5354,1989,1416
1806,715.798563104752,23434.10144109416,24149.900004198913,7.754607393936288,10.864905219047293,0.05468134764306586,159803.75485361912,3781,2885,2093,5424,1835,1500
1807,-325.34998908846563,23160.314420038765,22834.9644309503,7.753164634689652,10.700350346349719,0.054695671027233106,159207.04700485338,4422,2560,1777,4944,2513,1302
1808,665.5740614490002,23949.947468428658,24615.521529877657,7.689715024997455,10.966756065191198,0.054585463796821186,158511.8254697535,4384,2967,1408,4969,2644,1146
1809,5098.890584711112,23262.36980575551,28361.26039046662,8.236806988198378,10.812069826056183,0.05477172609365577,159059.67893917704,3755,2993,2011,5628,1947,1184
1810,397.63113221820043,22780.913783613723,23178.544915831924,8.192929672196854,10.672460750241523,0.054799321681413264,159426.2225651726,4292,2556,1911,4887,2531,1341
1811,-3697.5641057636158,23660.459925375064,19962.895819611447,7.692061755561064,10.980431912105109,0.05452334769263873,159009.18822853087,4003,2872,1884,5826,1600,1333
1812,-1459.4137116660334,23855.368467608216,22395.95475594218,7.905820859949178,10.860205324817354,0.05468176909256136,158086.7443054109,4135,2660,1964,5977,1653,1129
1813,5467.085381653256,23943.351742892533,29410.437124545788,8.015878827192415,10.90024836354762,0.05476757642641855,159669.92046910845,4010,2569,2180,5602,1844,1313
1814,-804.4308369261969,24291.938349211923,23487.507512285727,7.559928088652525,11.000378807771542,0.05455008236312882,159324.8100732905,3850,2835,2074,5840,1572,1347
1815,-1720.3126174344109,24338.688444975283,22618.375827540873,7.616948125004104,11.093957926916163,0.0545867453632069,159037.68774123662,4348,2356,2055,5592,1704,1463
1816,1129.6398692302416,23744.049327197594,24873.689196427837,8.22413436182963,10.92670116104315,0.054783768177536184,158806.89967472275,4331,2614,1814,5551,2255,953
1817,1025.0806432016548,22018.546801135162,23043.627444336817,8.394999102721636,10.545894624940365,0.05477065100330433,160218.37148053406,4845,2170,1744,5272,2120,1367
1818,2727.200876989507,23809.955559633694,26537.1564366232,8.138450525448151,10.84207345749595,0.054725093808017274,159529.0515557541,3779,2856,2124,5225,2337,1197
1819,3666.7156459990483,22764.934560200716,26431.650206199763,7.552112719891017,10.486565232489921,0.0548964401640706,160713.19133398446,4654,2691,1414,5169,2237,1353
1820,1477.5716828978598,23427.773797713056,24905.345480610915,7.595044054427178,10.78578203768106,0.05471877660321457,158507.60444977044,4187,2771,1801,5587,1890,1282
1821,39.1915352297187,23075.579793585573,23114.77132881529,7.587569755885801,10.744578938706988,0.054635291922096,158561.77257387634,4382,2738,1639,5491,2113,1155
1822,4831.084489333352,22105.36668687067,26936.451176204024,7.927230899679866,10.558474172180185,0.05464090751409558,159895.65780803945,4405,2318,2036,5006,2303,1450
1823,1967.3385502790347,22620.132602169902,24587.471152448936,8.130658248403977,10.642407661544464,0.05467141892909858,158803.4275111964,4958,2057,1744,5362,2197,1200
1824,-1185.4504805308677,22415.53410025478,21230.08361972391,7.975567569158357,10.545979181616923,0.05476493662221451,159832.03629109566,4211,2803,1745,5104,2230,1425
1825,2359.3889949804843,23896.413555297302,26255.802550277785,8.221021093159575,10.810009441651296,0.05459043134928105,159683.23900142804,4222,2572,1965,5737,1835,1187
1826,516.9874936275808,23130.089390206744,23647.076883834325,8.085992056361311,10.724890271045663,0.0546867644519708,159529.50643094,4244,2655,1860,5307,2021,1431
1827,1680.389744291344,23347.686261438434,25028.076005729778,7.757692991911739,10.795007455189824,0.05466301157004601,158947.74230727757,3989,3014,1756,5686,1678,1395
1828,-214.8701888628004,23257.72486820294,23042.854679340136,8.081564076298738,10.847386504526215,0.05446233010929451,157735.86060906854,4747,2407,1605,5809,1701,1249
1829,405.6073147290123,23249.77269875421,23655.38001348322,7.8814878326696975,10.810769882724719,0.05466153671625935,158750.48817273125,4735,2664,1360,5300,2199,1260
1830,4272.049151438933,22188.439375922215,26460.488527361147,7.9970609161505735,10.534863637474045,0.05463709520069593,159181.61308874804,4811,2381,1567,5210,1890,1659
1831,-3796.9132249365753,22236.312968290153,18439.399743353577,8.121818155876213,10.405996556583773,0.054560751098163565,159007.32910724764,4803,2605,1351,5209,2101,1449
1832,-260.9170055179039,23165.027038968597,22904.110033450692,7.9303955144418214,10.5375294242079,0.05475401850756685,159349.41123854823,4592,2534,1633,5326,2103,1330
1833,464.90400775493646,22200.44971934773,22665.353727102665,8.255538261732873,10.453007024529326,0.05464705845355977,159579.5324504154,4501,2705,1553,5099,2235,1425
1834,-6100.597547276383,24720.15406102827,18619.556513751886,7.818737618904614,11.167252739953916,0.05470195015367439,158705.76712205433,3723,3462,1574,5725,1920,1114
1835,-3915.0000973686847,22462.7635632856,18547.763465916916,7.711756502383033,10.617126956898982,0.054639412169635436,159345.8070334397,4686,1994,2079,4943,2682,1134
1836,-666.6288604105923,23075.83784424624,22409.208983835648,8.092461656905487,10.630297235294744,0.054619223082252116,158116.4652741043,4826,2138,1795,5560,2027,1172
1837,1640.3323463734228,23611.16203714977,25251.494383523193,7.833893181778697,10.759662750461459,0.054717910361666726,159585.93307393702,5186,2371,1202,5279,2121,1359
1838,386.9721232667894,22312.60232161963,22699.57444488642,7.813739625159194,10.508621228592105,0.05472089915854863,159128.188810566,4481,2063,2215,5015,2394,1350
1839,3132.901185361178,22813.1827079512,25946.083893312378,7.641761678348815,10.541495281277388,0.05466294602692617,158561.22797897193,4116,2660,1983,5742,1870,1147
1840,2587.891736277796,23129.769448863313,25717.66118514111,8.168399078995876,10.683421294085534,0.054740656559008165,158386.62503625872,4394,2515,1850,5710,1918,1131
1841,-6174.885222384855,23493.10201723271,17318.216794847856,7.01112025106096,10.872153032208663,0.05473572901239843,158938.04488592874,5136,2540,1083,5765,1804,1190
1842,2088.1292265109655,23063.50754015331,25151.636766664276,7.696845917009331,10.858368338494047,0.05462819859216005,158729.80405850057,4333,2361,2065,5480,1965,1314
1843,-2304.3242917142384,23725.251316696136,21420.9270249819,7.39075813202319,10.9192079640213,0.054756960660114436,158430.36675530346,4266,2964,1529,5695,1789,1275
1844,-408.59763586819844,25403.624525878655,24995.026890010457,7.116095869130417,11.31425005993545,0.05472440578245121,159271.93638059395,3729,3257,1773,5764,1720,1275
1845,5899.605242626565,23731.288082519113,29630.893325145676,7.543098784067859,10.906510874371726,0.054746045563779634,159680.74752164402,3917,3241,1601,5130,2462,1167
1846,-325.346831283621,23178.875454216228,22853.52862293261,7.846520479800786,10.788712816863232,0.05473547274576129,159507.89134460283,4632,2864,1263,5341,2094,1324
1847,-1755.9267546171548,23179.591597482275,21423.66484286512,7.480152113179049,10.660610939882746,0.05471600544413558,159680.4932816325,4096,2964,1699,5352,2095,1312
1848,4260.040842987225,21809.521977721626,26069.562820708852,8.29811402868218,10.633137151953933,0.05468411030794441,159826.30806063116,4704,2726,1329,5102,2339,1318
1849,-772.580014107438,22665.702342511064,21893.122328403624,8.33266681490496,10.483827187058283,0.05463385085932313,158199.02530018336,4859,2522,1378,5448,2222,1089
1850,1570.695677646725,24254.69574424446,25825.39142189118,7.352770672861266,10.753899111040232,0.054774871077596876,160209.83495454758,4142,3196,1421,5470,2151,1138
1851,4203.281385103092,23907.690225839797,28110.97161094289,7.861929549451373,10.916552467869021,0.05456317030548268,158852.05166700907,4529,2462,1768,5865,1608,1286
1852,878.4397841973067,22907.430089345205,23785.869873542513,7.517026538807813,10.59284684450386,0.054670516062667394,158782.55129641842,4543,2521,1695,5402,1966,1391
1853,2707.716743987791,22880.853935969895,25588.570679957687,7.952018195706628,10.675080644665389,0.054578764861461126,158357.1977971595,5342,2149,1268,5459,2079,1221
1854,351.9827569019,22947.695195965603,23299.677952867503,7.491315193863689,10.483324462433862,0.05452498655554714,159682.83860916414,4733,2131,1895,4978,2247,1534
1855,900.5477122921452,23155.72994884107,24056.277661133216,7.822657139273415,10.662935632068478,0.05475144922086154,159257.8758735236,4545,2698,1516,4827,2627,1305
1856,2664.2433416563085,22930.8670369308,25595.110378587106,7.6890993624376,10.667080672348137,0.054552279433040134,158398.13314667818,4615,2327,1817,5529,2108,1122
1857,2348.1355324063716,24369.62223771948,26717.75777012585,7.840937946889482,10.886904827886333,0.054723197172395543,158810.99636299087,4481,2972,1306,5680,1943,1136
1858,1529.7558723402249,24612.802890649447,26142.558762989673,8.175418578233616,11.229728252826808,0.05454978871029137,156671.33818593348,4320,2959,1480,6133,1738,888
1859,3728.133907915188,22011.689427878526,25739.823335793713,8.573082586909452,10.62896473523175,0.05480360203261053,158987.64300509245,4461,2796,1502,5008,2535,1216
1860,3699.3886328765702,22505.98836698812,26205.37699986469,8.314885660342334,10.519969705798488,0.05481295956139993,159889.03738524232,4515,2063,2181,4565,2876,1318
1861,2358.50055990003,22088.0516253665,24446.55218526653,8.2905144755101,10.313853059201884,0.054618612376118036,160400.04870841425,4927,2365,1467,4669,2660,1430
1862,-1455.0812786010968,22725.91381245752,21270.83253385642,7.775659473098442,10.383787326537353,0.054654266534910276,160113.67700728204,4624,2332,1803,5160,2101,1498
1863,2135.5873089792576,24051.450253132214,26187.037562111473,8.05202688623431,10.707534548819172,0.05477911417436001,159100.65495808728,4174,3112,1473,5663,1807,1289
1864,1526.2602161489544,23199.35100895227,24725.611225101227,7.749802069796264,10.374240753556142,0.05493509582063156,160174.69636311568,4666,2430,1663,5142,2472,1145
1865,5052.418851274122,22482.514649591118,27534.93350086524,7.56475457944405,10.570475639582396,0.05466322854819151,158466.74905778858,4628,2547,1584,5523,2127,1109
1866,888.9349492391956,22655.290396669458,23544.225345908653,7.791360913582254,10.644624386119277,0.05458641484026223,159786.5228528636,4098,3190,1471,5282,2210,1267
1867,1084.9030126438588,22408.695425486894,23493.598438130753,7.917337098277039,10.537668526621868,0.0545966939419854,159738.18662734478,4716,2508,1535,5068,2250,1441
1868,3136.130631448933,24157.13899898746,27293.269630436393,7.594832627526652,10.67225034000536,0.05465276671935448,158910.37101858176,4581,2439,1739,5499,1853,1407
1869,943.2948725144902,25012.99140432685,25956.28627684134,7.471394165544371,11.139634287472326,0.05457046995765748,160101.51056088452,3917,3111,1731,5954,1302,1503
1870,1496.6303178845844,23355.671920320437,24852.302238205022,7.964923290504092,10.765973633417962,0.05480160192624874,159673.11591750532,4761,2235,1763,5122,2313,1324
1871,2097.1248015207957,24229.503564862265,26326.62836638306,8.0181773449252,10.983936446043092,0.05461975794110332,157990.12037445913,4074,3274,1411,5733,1960,1066
1872,705.6054161996373,22865.011188671822,23570.61660487146,7.673404199066541,10.837873556357064,0.05459282698761536,158752.73873613597,4381,2850,1528,5646,1835,1278
1873,-1750.268975158643,24812.008927206847,23061.739952048203,6.906287835350187,11.063191172837119,0.05452455468538654,158794.79950185772,4122,2566,2071,5148,2328,1283
1874,-1009.1375896580387,21557.340014649653,20548.202424991614,7.609159936684208,10.395376279243319,0.05471865144357169,160136.07271606516,4941,2441,1377,5255,2044,1460
1875,2097.779542403185,22979.04756104624,25076.82710344943,7.773133521975659,10.793553111514102,0.05464653659432789,158879.1204737024,4548,2349,1862,5208,2322,1229
1876,3852.3739993913487,22322.745750401198,26175.119749792546,7.473424950696086,10.316211776319596,0.05481747366023355,159669.36000844184,3930,2742,2087,5371,2047,1341
1877,301.7353632615332,23669.566246896742,23971.301610158276,7.442779930673101,10.667003207213343,0.054637073651334016,158588.41804375898,3974,3075,1710,5765,1973,1021
1878,842.6409135831215,23714.454125629218,24557.095039212338,7.6631884133648,10.727891401677748,0.05462014651951764,158215.09457554753,4746,2392,1621,5821,1816,1122
1879,3933.3098743920345,22592.60679480982,26525.916669201855,7.763464914166707,10.308011489341185,0.054754750907917225,160059.49011950928,4651,2352,1756,5159,2343,1257
1880,5303.105351607175,23875.341853483656,29178.44720509083,7.721073221189955,10.723440919247912,0.054567692827198505,158857.3336621119,4288,2587,1884,5750,2036,973
1881,-3955.768409486831,22558.08942823041,18602.32101874358,7.868190054890524,10.33430325823701,0.0548640295821646,159263.95081356823,4383,3132,1244,4846,2831,1082
1882,7639.022778209348,22798.7827042242,30437.80548243355,8.222926270889797,10.483490690284013,0.05460041262147147,159177.44831849734,4093,2850,1816,5498,2087,1174
1883,-1794.8633314456517,21582.72800298838,19787.864671542728,7.837654518739216,10.300036941630319,0.05481870533885464,158879.4201892547,5288,2321,1150,5274,2118,1367
1884,19.171928947246894,23154.358247153956,23173.5301761012,7.413876911788352,10.51396074845887,0.05455070309239671,158619.95337129707,4910,2282,1567,5609,1792,1358
1885,651.809588395272,21814.66609890132,22466.475687296595,7.791106258946634,10.154300746932005,0.054717956949343796,160273.34562735056,4565,2826,1368,5188,2072,1499
1886,-2494.611492271526,23050.919382261472,20556.30788998995,7.512342662062287,10.499252022927944,0.054650215383864185,158830.6799608902,3709,3173,1877,5292,2229,1238
1887,-79.36226026055684,23810.900307295953,23731.538047035396,7.353659748894264,10.497542587230475,0.05489166598350539,159825.97754897678,4576,2109,2074,5370,2157,1232
1888,4350.999752147704,23324.581966061956,27675.58171820966,7.922533383145537,10.570666169285827,0.05480658508458903,160420.39112838503,4684,2594,1481,5129,2040,1590
1889,-1176.7832675793713,22856.077181784898,21679.293914205526,7.948757598199533,10.51490842531477,0.054698509603371095,159645.1941555997,4131,3204,1424,5239,2031,1489
1890,772.5266889995547,23200.51044657151,23973.037135571063,8.239403723823305,10.741856055393203,0.05459745311703745,158622.07113658026,4379,2525,1855,5841,1716,1202
1891,572.1234259709007,24809.16168380509,25381.285109775992,7.520711829246226,11.0871501640401,0.05455534220882414,158373.18186145546,3342,3845,1572,5841,1704,1214
1892,2123.876741594839,23214.964006980288,25338.840748575127,7.475441728531168,10.74115972060127,0.05473278840612603,158926.39805847508,4418,2698,1643,5433,2107,1219
1893,2855.818569862653,23158.909011293934,26014.727581156585,7.259845734960255,10.528113514327364,0.05475791042442597,159329.74862509503,5003,2420,1336,5012,2415,1332
1894,9334.165508126078,22447.738714411676,31781.904222537756,8.684858684052445,10.373530010740017,0.05474137629226504,158850.85492263315,4685,2228,1846,5325,2243,1191
1895,49.80044581938909,24048.368715156506,24098.169160975896,7.998295887888869,10.689326917887495,0.0547385254196165,157971.71332142086,3947,2357,2455,5776,2000,983
1896,4853.041129515424,23744.5996139504,28597.64074346582,7.9346586355386854,10.694338556014014,0.05475008666726013,157897.75065209062,3695,3283,1781,5709,2143,907
1897,-414.45546171522466,23337.755523962092,22923.300062246868,7.362333042045443,10.547630916023138,0.05488343592052458,160474.80665334727,4269,2922,1568,4888,2552,1319
1898,3796.1798713746393,22109.463250362467,25905.643121737106,7.859028215394515,10.350855273581022,0.05478295337256857,160481.90085257095,4958,2007,1794,5186,2009,1564
1899,3316.331814234385,23305.183012574787,26621.514826809173,7.634484143561201,10.497770197320364,0.054695582198788305,159066.65551756124,5336,1846,1577,5359,2069,1331
1900,-2086.277253738817,22726.86024478234,20640.582991043524,7.080750395637057,10.430354613860045,0.05490696506153034,158556.4705126512,4192,2754,1813,5683,1959,1117
1901,3894.0993597071697,23747.243892221457,27641.343251928625,7.59855296027728,10.67883363389027,0.05454152925688479,158425.64707824538,4479,2622,1658,5634,1983,1142
1902,446.6410127334035,22937.82823961747,23384.46925235087,7.852513161059596,10.642793117821336,0.05458812771130503,158648.94414302392,3849,3013,1897,5571,1909,1279
1903,4412.844298601321,21842.786156061215,26255.630454662536,8.192447612628298,10.238071502119382,0.05469385468513676,159216.68839603974,4492,2116,2151,5060,2537,1162
1904,3806.794311464664,24733.045429738533,28539.8397412032,7.530259827672149,10.824319884805318,0.054743681408332856,158961.33272838447,3640,3218,1901,5506,2180,1073
1905,-1351.686458184039,24002.495794542305,22650.809336358267,7.2881270662139315,10.966177044078623,0.05464354439497018,159490.1344310751,4867,2278,1614,5624,1765,1370
1906,2475.2385704885396,24211.316998600516,26686.555569089054,7.392154054677629,11.137740473556219,0.05466369011329752,158184.72777395128,3725,2632,2402,5720,1875,1164
1907,1866.6001923291697,23166.870536259736,25033.470728588905,7.667770198382238,10.858964258971753,0.054644740364966235,159189.36786955944,3695,2824,2240,5556,1858,1345
1908,8713.47020153272,23352.304048843864,32065.774250376584,8.064880705315144,10.68005949615918,0.05490132265954986,159560.12480384702,4182,2873,1704,5191,2317,1251
1909,-2861.0321093913103,23382.475984701672,20521.44387531036,7.325900069426567,10.720270286251745,0.054720034167086505,160316.9243757556,4467,2649,1643,5469,1858,1432
1910,798.3070523519428,23108.882277652996,23907.189330004938,7.456586226082727,10.749775289095862,0.0544742136154546,158148.17772180162,4834,2495,1430,5856,1620,1283
1911,3374.347501994552,23698.046924975006,27072.394426969557,7.583685846217346,10.77199602183053,0.05462825830917467,159519.02379202773,5055,2432,1272,5527,2062,1170
1912,3109.2765148044737,22414.486315895636,25523.76283070011,7.442358381358059,10.437115825197116,0.05470275913734346,160556.21220264485,4831,1947,1981,5070,1973,1716
1913,-1447.992590642018,21860.130121128546,20412.13753048653,7.598279188549892,10.091965848777901,0.05495139301838158,161503.0288879965,3662,3348,1749,4521,2620,1618
1914,5820.075445888634,23305.88234798045,29125.95779386908,8.030397338011186,10.365035365348026,0.054682704743286854,159350.43286187344,4298,2415,2046,5188,2429,1142
1915,4332.307136190354,24316.849882811548,28649.1570190019,7.963679948730518,10.780051106884201,0.05462006107102394,159495.555980361,4527,2428,1804,5387,2113,1259
1916,3048.801483808805,22172.842320485892,25221.643804294697,8.27211429859673,10.424583947312732,0.05466157605237761,159085.65791516253,4888,1944,1927,5200,2257,1302
1917,1963.9184961596573,22582.873042537867,24546.791538697526,7.395137799451524,10.47116957021179,0.054599858607847856,159942.2742218599,5061,2192,1506,5196,2031,1532
1918,5127.893471905376,24094.536714152346,29222.43018605772,7.748203911478254,10.7795198378214,0.05461524888334378,158363.31727187155,4347,3156,1256,5767,1821,1171
1919,4284.639369811651,22992.69487965004,27277.33424946169,7.905618600631518,10.565169875136363,0.05477995944014021,158977.61419989998,4123,2867,1769,5424,2332,1003
1920,-1656.0471910385875,24437.57528531058,22781.528094271995,7.429403931232596,10.973463513429788,0.054717907862744365,159428.00725720316,3997,3232,1530,5549,2099,1111
1921,1376.1011301554258,24134.945915123746,25511.04704527917,7.467104325675698,10.856365990718414,0.054640055329409895,158989.606533775,4012,2995,1752,5744,1682,1333
1922,920.2560339263247,23531.52365490904,24451.779688835366,7.800419744501361,10.652784089647009,0.05457852365351572,158629.9183882665,4714,1940,2105,5530,1859,1370
1923,3048.5093387742145,23381.514476665732,26430.02381543995,7.17888934751759,10.581090116938508,0.05477521732940138,158758.76213087374,4124,2926,1709,5451,2131,1177
1924,5593.4981502975925,23566.259799232997,29159.75794953059,7.2460768222106395,10.64359109324444,0.0547430736463237,160416.28833309838,4199,3046,1514,5463,1945,1351
1925,6231.023794828103,22547.984519897665,28779.00831472577,7.754262600315618,10.645867767959864,0.054685863823286086,159277.7493271617,4660,2264,1835,5497,1924,1338
1926,1302.749086126758,23621.732045584395,24924.481131711153,7.805095260995814,10.589560747228742,0.054585486209860826,158984.84257008214,4568,2316,1875,5631,1798,1330
1927,4985.283607406717,23990.37197588318,28975.655583289896,7.779789796789295,10.803312222917,0.05468739976500271,158907.4428930858,3854,2689,2216,5485,2113,1161
1928,4232.296464622873,23223.14620580551,27455.442670428383,7.56006700736493,10.591776217065592,0.05463282852414126,159256.8822185138,4326,3114,1319,4931,2542,1286
1929,-443.8045367904042,21662.087028574155,21218.28249178375,8.164325396093249,10.227820875192268,0.05475561804294938,159942.4826596526,5046,2054,1659,5341,2158,1260
1930,7379.636564084833,22240.922268909988,29620.558832994822,8.306586615594943,10.327457473172666,0.05460529141262421,159247.84724561844,5308,1945,1506,5158,2368,1233
1931,2855.8095824500892,23256.734375826763,26112.543958276852,7.6673148331439505,10.573275311236964,0.054542120347594716,159346.33887223707,4119,2962,1678,5449,2057,1253
1932,4255.55378036583,23429.620956049923,27685.174736415753,8.050280101196572,10.381256274388978,0.05494016177371916,158944.08875270147,4147,2655,1957,5430,2496,833
1933,2213.7333333154943,22403.664609254894,24617.397942570387,8.141688601894662,10.203487006283153,0.05461382822347037,159427.07582070192,4279,2922,1558,5003,2573,1183
1934,-67.61338152300344,23713.255633613775,23645.642252090773,7.830949827935564,10.539925955252704,0.054565789418967135,159221.01561497056,4323,2570,1866,5369,1946,1444
1935,4924.469506348314,23373.087619648966,28297.55712599728,7.925903016320572,10.57847120991965,0.05464616270140697,158973.83585865624,4426,2502,1831,5976,1550,1233
1936,7160.216620596618,22657.460219816487,29817.676840413103,7.796224640830438,10.465979922148936,0.054593431516458096,159997.12715277303,4571,2511,1677,5489,2006,1264
1937,2584.4618626261995,22768.22003478047,25352.681897406666,8.134875387161154,10.487995581865984,0.05465849901365354,159626.84502874507,4424,2609,1726,5423,2033,1303
1938,6611.023111775072,23388.54275231971,29999.56586409478,7.754213296715364,10.531770629093646,0.05439993409549315,159296.15529374138,5232,2209,1318,5579,1745,1435
1939,6139.6054154725725,23754.673732891504,29894.279148364076,7.740645089834424,10.63765589589404,0.054592871885968564,159556.57601540274,4339,2637,1783,5548,1717,1494
1940,6422.812975093687,22414.448620791638,28837.261595885324,7.724096409988759,10.410637502963956,0.054821344943140025,160211.54393057342,3844,3218,1697,5183,1957,1619
1941,5070.692486362176,22400.689535284764,27471.38202164694,7.589926545905391,10.427262574633385,0.054526185384463834,159149.46598207735,4926,2197,1636,5267,2114,1378
1942,2304.5660994220902,22732.229528857668,25036.795628279757,7.573399234597896,10.36281442934644,0.05460372207436359,159682.97201260144,5040,2313,1406,5452,1884,1423
1943,3904.107600070945,23137.95108456174,27042.058684632684,8.147802921315813,10.479272708853182,0.05461083041394269,158918.6287235973,4247,2732,1780,5511,1797,1451
1944,4275.4002605927235,24560.688703164473,28836.088963757196,8.087959588711534,10.81545946552866,0.05458245817348486,158247.03421503192,3488,3338,1933,5794,1782,1183
1945,2963.9424983173103,23711.410268559255,26675.352766876567,8.09032167513873,10.83550341188484,0.05465481586336612,157801.68704218217,4400,2481,1878,5980,1723,1056
1946,7242.127395446798,22873.693396119834,30115.82079156663,7.892717012313917,10.638215196758859,0.05464552809690386,159601.56444513783,4358,2866,1535,5391,1739,1629
1947,6451.733136144114,23898.52511512615,30350.258251270265,7.9458002816020405,10.765286451863906,0.054619193946992176,160318.0494946278,4520,2542,1697,5156,1925,1678
1948,3257.5055617233306,24598.49959618456,27856.00515790789,7.334135849234319,11.145586696461388,0.05471429172690962,159439.44479165936,3310,3563,1886,5564,1775,1420
1949,3164.1653709199977,23234.593516665183,26398.75888758518,6.914397152577554,10.760715730600268,0.054632502082294476,158602.13897770338,5050,1953,1756,5685,1878,1196
1950,5528.480594985678,22309.09417733045,27837.57477231613,7.762447111881038,10.448773990560516,0.05471158541663481,159362.88171533504,4445,2387,1927,4943,2529,1287
1951,224.91507567146436,23167.763933384973,23392.67900905644,7.60228946077075,10.363853784579522,0.05459696576900492,159462.38117707084,4545,2690,1524,4894,2588,1277
1952,3405.6604223901736,25468.863030116067,28874.52345250624,7.154157954624829,11.001816633185099,0.054558878169934676,159413.54871866357,3648,2939,2172,5505,1923,1331
1953,-5477.2442777187935,23691.876918754693,18214.6326410359,7.434205993455273,10.867868312179905,0.05465169085509186,159979.32338961912,4825,2073,1861,5363,1786,1610
1954,2647.9189237980377,23142.760141150597,25790.679064948636,7.765096688358707,10.778915072606166,0.05455662215741483,159370.8449240768,4285,2620,1854,5683,1692,1384
1955,235.0195439417239,22370.131054036607,22605.150597978332,7.553534967696595,10.306985858949306,0.0546963482969855,159623.71747573948,4696,2626,1437,5173,2219,1367
1956,-1228.7699905897807,23877.541211025986,22648.771220436203,7.2536207739297325,10.910817683127819,0.054640767308671186,158549.91126670383,4443,3031,1285,5705,1773,1281
1957,3606.765804487451,24892.649560767517,28499.41536525497,7.443263429817765,11.036467828452796,0.05451577589226935,158181.87714160437,4394,2949,1416,5975,1691,1093
1958,2424.579996101099,21967.621144102708,24392.201140203808,8.199173404779176,10.468104617359895,0.05459314126983368,159276.87278751054,5230,2227,1302,5269,2226,1264
1959,2395.4971109727276,22247.054874566238,24642.551985538965,7.794899900030947,10.286397901942435,0.05463375966595716,159581.39711337144,4832,2077,1850,5095,2391,1273
1960,480.74395024776175,23589.857217131044,24070.601167378805,7.714130523553593,10.452979931760764,0.054674876745550535,159795.7767918416,4933,2258,1568,5252,2100,1407
1961,3318.924812606625,23529.514156967514,26848.43896957414,7.547573169760978,10.407831833697301,0.054720096264583656,159067.25113224037,4324,2575,1860,5345,2288,1126
1962,2950.8972908810765,22821.587368520377,25772.484659401453,7.767854384601867,10.434881216242266,0.054551555508774344,159865.22162385244,4766,2700,1293,5384,2011,1364
1963,2936.26203018254,24135.890364126288,27072.15239430883,7.338158815465297,10.587360677748299,0.054656591240640956,160195.9359088962,4348,2670,1741,5400,1946,1413
1964,7677.475327342502,23794.503608831,31471.978936173502,7.527485987379481,10.658004070736876,0.054684769688763735,159452.7768046776,4830,2512,1417,5570,1889,1300
1965,5302.004168373818,24793.791294822277,30095.795463196097,7.747722776114828,10.877468795329698,0.05453026691146961,158939.8269426799,4425,2574,1760,5792,1761,1206
1966,978.516138185729,23831.795929625823,24810.312067811552,7.088852045046969,10.722805265682092,0.054639285554797926,158863.09764533825,4134,2449,2176,5969,1551,1239
1967,7122.18612760518,23555.449073245865,30677.635200851044,7.769650866612625,10.65360592651194,0.05454115798394193,158483.82240946707,4097,3071,1591,5358,2112,1289
1968,2705.6342669872906,22345.097893307706,25050.732160294996,7.542692039513124,10.239221408725802,0.05487557732803366,160337.9621516674,4647,2139,1973,5149,2210,1400
1969,5569.740330682905,22348.47656956626,27918.216900249165,7.366643116045175,10.01807357023328,0.05478285063674318,160507.26080675717,5208,2294,1257,5023,2169,1567
1970,7324.100130386559,22264.306057689544,29588.406188076104,7.893923967374571,10.252600091051447,0.054693737192363624,159968.7271129831,4786,2293,1680,4945,2445,1369
1971,7391.560270289911,22817.948463907112,30209.508734197025,7.773262627847872,10.232012580832105,0.054810770453302834,159060.09361818788,4910,2373,1476,5735,1729,1295
1972,881.64784268137,23210.68501716629,24092.332859847662,7.00767134472246,10.301466523290955,0.054710199710509944,159053.84837268182,3860,2921,1978,5583,2021,1155
1973,3978.3649716843106,24070.841356583198,28049.206328267508,7.875333687866976,10.641514750087444,0.05452552251549688,158937.94956012318,4012,3183,1564,5171,2462,1126
1974,3348.8732174443803,23021.83485997183,26370.70807741621,7.651222494133124,10.431613084912126,0.05477966428050759,160338.90343674747,5079,2595,1085,4978,2333,1448
1975,2573.1203309369175,23661.40780385887,26234.528134795786,7.4234059684252225,10.799167910247522,0.054615765237435214,158931.7296702697,4045,3538,1176,5539,1853,1367
1976,10447.166454154381,22072.026898859334,32519.193353013718,7.636549299525056,10.155649095767473,0.05468489821635913,160942.79301361894,5156,1961,1642,5156,2042,1561
1977,830.3950085652858,23855.867691748197,24686.262700313484,7.645553300688865,10.575196908294318,0.054761985190914776,159258.76134603634,4152,2961,1646,5641,1951,1167
1978,3437.7534127683834,23223.42735955512,26661.180772323503,8.075742911136599,10.580195353931089,0.054608940702397295,158221.971765445,4720,2656,1383,5820,1739,1200
1979,3637.4707299807715,24206.904722708816,27844.375452689586,7.543109945961933,10.71163031829954,0.05452371380639441,157567.83444408912,4963,2529,1267,5778,1888,1093
1980,1199.4455450345315,24077.2578103904,25276.703355424932,7.521111809672854,10.786347123658953,0.054664258301297806,159155.08214467685,4793,2564,1402,5668,1930,1161
1981,6667.404938843335,22824.510662721383,29491.915601564717,8.036417796856929,10.549219895353229,0.05470137374338351,160346.09632440764,4223,2882,1654,5279,2074,1406
1982,3107.316459446835,23308.214897823003,26415.53135726984,7.729502349265242,10.424665380680896,0.05473492474780116,159446.50469675128,4175,3286,1298,5250,2376,1133
1983,5159.708012875175,23168.793428920613,28328.501441795786,8.047562215880111,10.448174849832707,0.0546216324715008,159151.63075842606,4588,2547,1624,5392,2057,1310
1984,3213.245853097746,23492.98368618192,26706.229539279666,7.737904002561193,10.62567463503087,0.054737081084306756,158737.32319232012,4787,2493,1479,5691,1788,1280
1985,6423.540175633725,23673.69012962758,30097.230305261306,7.6469917762222,10.572031411579012,0.05459860346410235,159496.13259017174,4652,2382,1725,6130,1340,1289
1986,439.9921293945718,23480.406983280543,23920.399112675117,6.834367422968661,10.528463574006395,0.05478605711687542,160245.72109398415,4419,2951,1389,5403,1984,1372
1987,3617.5889183274935,22647.342838259192,26264.931756586684,8.103641471745737,10.400895403133255,0.05466095263131753,158755.2605281254,5196,2138,1425,5682,2135,942
1988,3532.175963285994,23381.482554192153,26913.658517478147,7.821296645367468,10.415199261612369,0.05477101224297265,159352.16470937853,4004,3290,1465,5167,2480,1112
1989,1702.417301190707,23903.19602550158,25605.613326692288,7.865311832897326,10.783070161407247,0.05466078817724532,159506.76333014024,4316,2694,1749,5582,1689,1488
1990,9430.221835921197,22842.074442168705,32272.296278089903,7.966174772641418,10.583574428087532,0.05462054852290984,160279.0688918754,4176,2732,1851,5324,2005,1430
1991,892.3548092680614,24399.993284706034,25292.348093974095,7.231789274888775,10.656023614733034,0.05460026681908602,158782.34077300012,4176,2928,1655,5481,1958,1320
1992,3830.2516446018008,24214.507848431957,28044.75949303376,7.919969463152336,10.921519169544377,0.05453156512510429,158126.389774804,3598,2980,2181,5983,1591,1185
1993,5079.900664056219,23065.169381937118,28145.070045993336,7.876286879740113,10.590291161962817,0.054845390405714074,159562.80936894965,4068,2195,2496,5606,1816,1337
1994,3035.8380073647463,23135.936308119148,26171.774315483894,7.756366488136788,10.651435941856503,0.054625139054058025,159132.25598376902,4429,2796,1534,5573,1868,1318
1995,4441.270462077467,23620.369582711624,28061.640044789092,7.486969165068995,10.553088624813043,0.054718733390915826,159823.02081725758,4425,3053,1281,5530,1980,1249
1996,2296.2431851183405,22745.368567411617,25041.611752529956,7.9628111505657415,10.401180444339905,0.054687224235450124,159431.20621010676,4784,2444,1531,5366,2074,1319
1997,3602.8510229406575,23780.26472751584,27383.115750456498,7.850660199678089,10.57526203133123,0.05469108033603736,159348.51608468688,3936,2772,2051,5776,1872,1111
1998,4647.085575444568,23078.837022823573,27725.922598268142,7.296173929139091,10.503200886728273,0.054633145848088836,159819.36361725858,5025,1715,2019,5128,2277,1354
1999,594.8910648283135,23662.21559801929,24257.106662847604,8.034417512030432,10.586757131598011,0.05467205433059401,159608.7356091299,4175,2510,2074,5414,1843,1502
2000,5794.84291120929,23826.831160701637,29621.674071910926,7.588370204808515,10.735055528779707,0.054491612191456956,158827.21877423357,4309,3080,1370,5636,1776,1347
2001,2744.1213205030726,23478.903672088378,26223.02499259145,7.26029444651521,10.69244100411267,0.0546907164642146,160646.66746738198,4783,2592,1384,5148,1691,1920
2002,5156.111070591422,25313.015656422318,30469.12672701374,7.583240294046862,10.966473164239778,0.05457655273081449,158276.39352956545,3714,3405,1640,5700,1915,1144
2003,4084.8815393403447,24425.403141645642,28510.284680985988,7.793742671815292,10.962247181954329,0.05473272836480013,159107.7544938332,4493,2471,1795,5563,2038,1158
2004,9295.532863789977,22686.438699245213,31981.97156303519,8.500128928802702,10.619714727224688,0.05457532705490309,158916.76602700623,5034,1993,1732,5780,1570,1409
2005,2806.6686440092762,24115.32737875606,26921.996022765336,7.583435364575369,10.648562314469341,0.0547131999978774,159166.3744213437,3801,2856,2102,5363,1887,1509
2006,8731.443387766825,23034.943338288387,31766.386726055214,8.444229294175186,10.611291911875078,0.05455773854352188,158387.5981621149,4365,2625,1769,5550,1878,1331
2007,9126.539126476628,23400.415998534514,32526.95512501114,7.972764349488201,10.542706316386523,0.054591870972111364,159667.99105592843,4164,2509,2086,5314,1896,1549
2008,7763.569433790403,23906.466308030616,31670.03574182102,7.803230327267558,10.620742646955767,0.0547943690466783,159552.83233290445,4035,3140,1584,5428,2016,1315
2009,6741.186835684191,24193.303640534315,30934.490476218507,7.828234163141346,10.8127177494619,0.05461394003689652,159662.97759708937,4150,2643,1966,5960,1518,1281
2010,4419.434797712388,22934.674117987703,27354.10891570009,7.356456213713655,10.631826684100167,0.05458926555319747,159376.22813286894,4572,2661,1526,5518,1875,1366
2011,617.2411020922257,22950.439321859674,23567.6804239519,7.158068533255821,10.447352311322176,0.05484008590649217,160596.3909450813,4339,2746,1674,5188,2226,1345
2012,82.1162705056964,23420.929145871236,23503.045416376932,7.403546778186258,10.503871256347399,0.05473031121721962,159740.06879394318,4405,2503,1851,5688,1737,1334
2013,4081.129493101109,24962.014462072944,29043.143955174055,7.722067828039185,10.826404634799083,0.05468379067033916,158847.730241446,4420,2728,1611,5690,1831,1238
2014,3529.1357182028196,24857.710304774428,28386.846022977246,6.859240783470695,10.993474318081217,0.05461154623919632,159677.71389050872,4033,3148,1578,5817,1650,1292
2015,5341.071254969726,23117.874717698694,28458.94597266842,6.857976025602786,10.599828651880063,0.054846527784955905,160202.72471922165,4771,2334,1654,5168,2138,1453
2016,3969.3126018498183,21649.360714424394,25618.673316274213,6.766144735574823,10.109520278162439,0.0548908260290785,161025.79983570683,4912,2220,1627,4706,2690,1363
2017,4112.606729973004,23412.539013107173,27525.145743080175,7.472302864448995,10.4299087470602,0.0545686876766663,158053.42549675374,4181,2800,1778,5846,1587,1326
2018,3198.3061946128487,23326.97749084989,26525.28368546274,7.031198426425716,10.377616166285451,0.05474196178564961,159238.3832350726,5151,2156,1452,5233,2216,1310
2019,4303.635222372306,23008.09144378689,27311.726666159193,7.0077829092194985,10.376633671565891,0.05473643561293072,160640.7163791995,5038,2160,1561,4870,2459,1430
2020,5622.238483471728,23966.99684177571,29589.23532524744,7.454312696346777,10.735172801055084,0.05452219882111186,159448.55655608236,4467,2611,1681,5330,2275,1154
2021,312.10864714028617,24719.711430413096,25031.82007755338,7.149634751353562,10.892080421786284,0.05464431697628268,158031.03662687022,3719,3182,1858,5840,1879,1040
2022,3854.780944937515,22360.233851098095,26215.01479603561,7.448216417451797,10.428421470167143,0.05471824427366353,159667.34023149934,4987,1805,1967,5261,1917,1581
2023,4702.80030113485,23299.846900077493,28002.64720121234,7.582800834205304,10.308699109708929,0.05455041206374627,159399.96200993826,4477,2374,1908,5428,1715,1616
2024,9220.192789348139,23190.922234415015,32411.115023763152,7.975080487650779,10.442999611190551,0.054663204881654465,158757.84866055002,4753,2178,1828,5370,1972,1417
2025,6023.903239327608,22564.275633717218,28588.178873044824,8.008331473116803,10.170074720333714,0.05474951852602099,159590.59232069348,4923,2358,1478,5284,2047,1428
2026,9788.409399248456,23429.114273570318,33217.523672818774,8.069850910701458,10.462256442746213,0.05458364487794564,157893.3391659364,5296,2383,1080,5837,1820,1102
2027,6136.97580552688,23202.014121071268,29338.989926598148,7.5296150716913,10.57668621733959,0.05454442075497858,159466.10010124318,4925,1855,1979,5512,1930,1317
2028,6628.00946239772,22129.559205630027,28757.568668027747,8.267174278051504,10.36239109223034,0.05471920925791465,159582.6294787548,5125,1838,1796,5299,2265,1195
2029,7715.1601522836845,23497.12651028927,31212.28666257295,7.9996203077613695,10.459159222256424,0.05458989860005568,159020.24470979554,5160,2111,1488,5273,2392,1094
2030,7931.540321067945,23865.159680128218,31796.700001196165,7.92187604664558,10.431287265367077,0.05476354552293076,159998.06427393443,4388,3012,1359,5469,1989,1301
2031,5038.0771183682145,23548.08873665114,28586.165855019357,7.279792661994377,10.582141309371698,0.0545386583146733,161740.3363868565,4317,2582,1860,5200,1773,1786
2032,3967.236394862909,23762.5362794476,27729.77267431051,7.566173536117645,10.72444851618859,0.05459915609294321,159282.04191810757,3573,2922,2264,5546,1995,1218
2033,8312.605254345981,22842.290451453915,31154.895705799896,8.069237690358385,10.425688679760965,0.054646659909810706,159348.3389100078,4539,2541,1679,5994,1546,1219
2034,3118.731682566787,24296.759393047407,27415.491075614194,7.773614907714978,10.837750177345177,0.05463278641872901,159170.19794340996,4319,2772,1668,5695,1865,1199
2035,4252.946236302351,25238.641946199717,29491.58818250207,7.818970445808604,11.11860066056424,0.05452757005758636,159137.25508814404,4715,2324,1720,5306,2232,1221
2036,6491.6340196455885,23063.86984450604,29555.50386415163,7.610709143094264,10.541368467751557,0.05480696156863154,158767.29889005862,3957,2913,1889,5417,2214,1128
2037,4732.978847590184,23704.14081166613,28437.119659256314,6.9630475815488655,10.508427148775203,0.05460325326182843,160391.81493474424,4204,2289,2266,5128,2013,1618
2038,3534.7508045716563,24610.8962309822,28145.64703555386,7.203759773800815,10.791847971915535,0.05453105181305439,160020.5732465319,4504,2515,1740,5232,2002,1525
2039,4057.960543521663,24639.87148145531,28697.83202497697,7.204700786336461,10.83070322365021,0.05470118653423266,159419.9557437142,4067,2692,2000,5376,2110,1273
2040,2935.275038687477,22683.134721693386,25618.409760380862,6.902514447911035,10.278046958336745,0.054766211329024594,160895.03005458886,4351,2907,1501,4862,2642,1255
2041,4282.41649288009,22879.194990253247,27161.611483133336,7.682143295555516,10.381388260504318,0.05462037732199649,159252.05222901347,5300,2264,1195,4975,2401,1383
2042,1712.328580703717,23423.123606408783,25135.4521871125,7.289476101178671,10.442075567208875,0.054744629375013995,160093.90532855887,3067,3636,2056,5162,2262,1335
2043,3031.3002944633804,24892.418943055804,27923.719237519184,7.070975152246486,10.961727627869493,0.054690002400963965,159530.16480289586,4262,3123,1374,6090,1274,1395
2044,6881.067271885384,22281.837493115683,29162.90476500107,7.588131781624992,10.358451065463894,0.05479748168127627,160006.26603696626,5212,1886,1661,5339,2086,1334
2045,6718.904628723454,24103.29737432781,30822.202003051265,7.519182872885001,10.641248204865844,0.054649291318502755,159111.6497828874,3887,3504,1368,5486,1961,1312
2046,3124.904786364514,22979.645600211046,26104.55038657556,7.425505882820517,10.339057606509853,0.054641281333154844,158480.3239494026,5022,1631,2106,5475,2055,1229
2047,3597.419262655803,23326.417424808515,26923.836687464318,7.099936335333538,10.223137813374542,0.054671369476915664,159436.37056570983,4803,2051,1905,5163,2293,1303
2048,2105.67817967397,24749.30145013298,26854.979629806952,7.179300752940151,10.769447189653889,0.054674880839902705,158798.9283408369,3633,2918,2208,5526,2278,955
2049,8836.549232108575,23869.75489455309,32706.304126661664,7.66412643545015,10.487120990470187,0.054767625617775345,159070.89158632228,4584,2759,1416,5151,2561,1047
2050,1065.0749631480526,26066.096876713502,27131.171839861556,6.715285404395409,11.142703176047029,0.05454340120302576,157880.2397536562,3707,3431,1621,6200,1804,755
2051,7134.742637062434,22934.738249849048,30069.480886911482,7.873524890381097,10.602267832077912,0.05465956626443271,159439.92373179598,4862,2073,1824,5436,2294,1029
2052,1277.126724866766,22462.267160880045,23739.39388574681,7.715334308869826,10.584465468215079,0.05456501273376496,159291.58177771297,4562,2238,1959,5601,1819,1339
2053,-740.6908797636886,23251.46794197621,22510.77706221252,7.09568243866926,10.466946272129816,0.054647880819931216,158634.11673635544,4542,2760,1457,5680,1716,1363
2054,6157.801576803094,24027.943409090276,30185.74498589337,7.233022745827174,10.755612331035993,0.05468180866377378,158170.60333804067,3643,3600,1516,5841,1895,1023
2055,7230.990437201217,24130.387362778154,31361.37779997937,7.577842154487019,10.551041195531557,0.0548584128819529,159586.2667191577,4448,2770,1541,5385,2382,992
2056,9130.041671233117,23973.419192780635,33103.46086401375,7.383709800535374,10.74504346902475,0.05453220135794038,159399.45301154675,4263,2267,2229,5344,2095,1320
2057,5820.915101043415,23084.345594877217,28905.26069592063,6.99730050410924,10.41132666760402,0.054677820564492885,159980.78721984496,3829,2820,2110,5267,1906,1586
2058,6611.210729547921,25063.844823888994,31675.055553436916,6.916577355221687,11.027129842155214,0.054598431881862315,159271.27138838283,3450,3363,1946,5829,1441,1489
2059,4596.122599279007,22874.920662357938,27471.043261636943,7.291188959564623,10.513839470291902,0.054794050943761455,158929.58042883052,4965,2743,1051,5505,2077,1177
2060,9003.33314723888,24029.230319977687,33032.56346721657,7.437637160131937,10.451478657498445,0.054824375743969776,160057.9060520796,4638,2771,1350,5391,2124,1244
2061,10316.387682005783,22435.28910528584,32751.676787291624,7.7849034100769305,10.262833658371841,0.05463642317991235,159899.98496561515,4699,2187,1873,5013,2273,1473
2062,8948.57624751279,24120.352144356944,33068.92839186973,7.65521087879555,10.57514605188258,0.05451343721306821,159058.0104908437,4639,2089,2031,5388,1947,1424
2063,10091.791689787935,23515.860427451924,33607.65211723986,7.519848559860598,10.390164511227134,0.05459531032472252,158274.74786104704,4516,2562,1681,5897,1624,1238
2064,6304.0807621035265,24967.739206253224,31271.81996835675,7.159542747819794,10.699017926331509,0.05472527230473508,159620.70862223333,4343,3128,1288,5628,1789,1342
2065,2215.0283094984898,23935.07002900211,26150.098338500597,7.02358619305414,10.726035052595131,0.05461929126132332,157747.39854325977,4428,2270,2061,5698,1722,1339
2066,7052.098332853672,25043.341344456672,32095.439677310344,7.102904337510494,10.899585228898703,0.054596077652965196,158378.291315191,3923,3202,1634,5907,1928,924
2067,8730.075357160254,22669.299988677874,31399.37534583813,7.719562875448745,10.423575189780728,0.05468111862447195,159422.6277816057,4761,2301,1697,5148,2427,1184
2068,671.8016390941974,21716.81018740193,22388.611826496126,6.739963299475699,9.935078586335468,0.054767135803083504,160324.79647874614,5050,1441,2268,4461,2834,1464
2069,8722.574614165806,24782.854654355033,33505.429268520835,7.497119150978601,10.345536109146414,0.054651242833076964,159249.61121389066,4701,2243,1815,5560,2219,980
2070,4709.248702290517,22641.3847444054,27350.633446695916,7.304445003433626,10.149400648731666,0.054759270552805675,160756.04043474744,4949,2672,1138,4811,2645,1303
2071,1272.1380003433135,25079.340140704746,26351.47814104806,6.873954375480179,10.773606935701402,0.05457672380435684,158720.87000852698,3672,2996,2091,5437,2183,1139
2072,2778.7644813545176,25246.342253798095,28025.106735152614,7.219181970611614,10.755948431795995,0.05455511806793077,159651.12808408221,3460,3447,1852,5024,2606,1129
2073,4661.76904735986,22973.23449805469,27635.00354541455,7.22787529031343,10.278943018071887,0.05462212735346216,159556.5429769035,4175,2393,2191,5085,2484,1190
2074,10043.844867781154,22657.624606129084,32701.469473910238,8.036404910206834,10.338049447717253,0.0545717113297758,159419.2604849393,5049,1815,1895,5227,2114,1418
2075,4478.985128210891,25589.10250318524,30068.08763139613,7.107057492144437,10.869484165594296,0.05458971627822763,157777.4686604813,4816,2667,1276,6122,1639,998
2076,9423.466929729319,21925.801700250773,31349.26862998009,8.037447094928947,10.12589824284169,0.0547340123329626,160430.8856150419,4814,2349,1596,4928,2453,1378
2077,1636.06112765848,23440.099917108048,25076.161044766526,7.39344398841209,10.557268024424856,0.05450850401248586,159074.8313522043,4366,2703,1690,5541,2070,1148
2078,3504.4843332851283,23709.72792464698,27214.212257932108,7.0504632955230475,10.57267641172911,0.05465103373152194,157304.57034345935,4123,2633,2003,6412,1354,993
2079,7689.572048264396,23745.259577149256,31434.83162541365,7.371210916514889,10.387428236862117,0.054872279540462664,160275.62867167054,4857,2138,1764,5698,1694,1367
2080,4328.61660135618,23075.933010549714,27404.549611905895,7.176513031608619,10.37539521602998,0.05490615204794083,161146.69557825773,4348,2881,1530,4971,2118,1670
2081,7560.793242227596,25465.486037042174,33026.27927926977,7.3141446093435265,10.934766020633978,0.05465712054948124,158393.07737218964,3834,3446,1479,5778,1847,1134
2082,6352.753607314863,24655.424950340774,31008.178557655636,7.483944537376759,10.926071705870665,0.05458221397694509,157828.281724246,3823,2604,2332,6142,1621,996
2083,8528.50296262681,26732.818025452336,35261.32098807915,7.539687762457554,11.293146710042109,0.05462506286484475,157273.8628501092,3939,3269,1551,6646,1357,756
2084,3160.020158975327,22221.383541398176,25381.403700373503,7.075637175683934,10.403775525129449,0.05490313204832607,159881.68822196528,5246,1979,1534,5036,2385,1338
2085,7713.93644185078,24214.977986753212,31928.914428603992,7.288913756447026,10.543665520926599,0.05483532799969141,158926.7013251766,3886,3082,1791,5539,2089,1131
2086,5563.1177413418445,23084.717225526485,28647.83496686833,7.24966490895184,10.378395708203819,0.05461002813912099,160252.6962836556,5040,2260,1459,4857,2570,1332
2087,6770.938596358536,24243.648093973698,31014.586690332235,6.929777178429523,10.603084091343932,0.05470828503791588,158917.04306485516,4332,2941,1486,5454,2234,1071
2088,4589.188261099005,22782.095771136224,27371.284032235228,7.202164769440058,10.247591523550385,0.05471173781119646,159244.62130392436,4604,1968,2187,5478,1857,1424
2089,4164.894522084929,24066.127449473584,28231.02197155851,6.702959745534712,10.419853511815031,0.05471043129778827,159128.59599267773,3972,3125,1662,5473,2112,1174
2090,8804.360582231668,23319.836843112967,32124.197425344635,7.161116761329844,10.421431068116012,0.054541295960219956,158758.36059483408,4276,2633,1850,5969,1692,1098
2091,7891.625544020649,23429.358847993022,31320.98439201367,7.400469431975334,10.324566996398909,0.05454038684255972,158893.27516448838,4428,2565,1766,5753,1766,1240
2092,5722.75236416962,22919.58982444355,28642.34218861317,7.0378438790882365,10.151798297066176,0.054648890981194076,159617.11642334028,4663,2387,1709,5265,2077,1417
2093,6626.369234003949,23890.30296931784,30516.67220332179,7.070538727717501,10.407789598961406,0.05459293307512109,158939.9969654088,4520,2241,1998,5529,2065,1165
2094,8649.872766181783,24484.90118381399,33134.77394999577,7.235586739813804,10.748478615592195,0.05449469380298033,157820.66951428982,4161,2583,2015,6078,1607,1074
2095,8502.426990686547,24571.004060836756,33073.4310515233,7.336790976292939,10.75554930988632,0.054529311689442826,157695.2681555948,4429,2809,1521,6103,1536,1120
2096,5660.843238339331,24977.76406704226,30638.60730538159,6.918594423771328,10.864637334465037,0.05477429775756957,159243.62802659953,3347,3647,1765,5750,1559,1450
2097,8280.945390330127,22796.197509228332,31077.142899558457,7.224568222669516,10.447199594465147,0.05470409021473339,159340.05664502372,5019,1886,1854,5349,2121,1289
2098,7079.261245106398,25467.178806435444,32546.440051541842,7.107472769252635,10.903435078459841,0.05461306137847235,158932.90663073794,3408,3380,1971,5460,2184,1115
2099,7961.751392258597,22729.541869462148,30691.293261720744,7.620928495406027,10.27649691759374,0.05461146771784301,160625.56494011398,5094,2085,1580,5132,2037,1590
2100,3660.3431826415404,25671.77734872234,29332.12053136388,6.830034623469977,11.147432939504887,0.05448254984082522,158770.92370993533,3857,3467,1435,5649,2073,1037
2101,8858.492432680285,23660.89072658804,32519.383159268327,7.340380319741497,10.687757706082797,0.05459070750307065,159237.80232466236,4693,2109,1957,5385,2201,1173
2102,6979.3721450850235,22789.001767108468,29768.373912193492,7.949080246394257,10.373596959962134,0.05455730197974785,159763.82240924542,4219,2504,2036,5089,2514,1156
2103,4578.7634784796255,24374.361577680156,28953.12505615978,7.397502549177666,10.582933842765037,0.05460096892507488,159553.27168072228,3866,3141,1752,5856,1750,1153
2104,3919.661799138405,25501.517807985278,29421.179607123682,7.036333709946362,11.039860594168209,0.05467514031643241,159170.8303001484,3677,3660,1422,6077,1695,987
2105,6031.664319363014,23266.21064105478,29297.874960417794,6.951777871665658,10.601203969470692,0.05480927114946958,160089.57563423348,5425,1719,1615,5378,1922,1459
2106,9533.715363481675,22513.234047716942,32046.949411198617,7.240625579659211,10.181165441954946,0.05470553185725398,160589.12285196266,4448,2212,2099,4971,2264,1524
2107,8391.649058194735,23762.64419512414,32154.293253318872,7.876059209443247,10.45514654477325,0.05450674930232593,158724.91967424695,4889,2644,1226,6126,1356,1277
2108,11677.999055042244,22856.03694424158,34534.03599928382,7.664938505933479,10.234968854685505,0.054628310890349,159662.17787604826,4429,2267,2063,5203,2084,1472
2109,8051.258332326059,23670.169221303895,31721.427553629954,7.739185897591497,10.522915203783766,0.05452268431334005,159464.31193454002,3947,2747,2065,5538,1681,1540
2110,3703.905718628025,23537.018020507094,27240.92373913512,7.216788548916637,10.510520922153283,0.05460797275928918,159244.13410349438,4550,2264,1945,5512,1932,1315
2111,5642.9638222079175,23233.41950031344,28876.38332252136,7.446836278913156,10.57049474462023,0.05453583685586107,159268.36583780003,5099,2149,1511,5426,1769,1564
2112,7497.173861632174,23740.43627826438,31237.610139896555,7.8339225408074835,10.57779029352865,0.05466166753423898,159220.1739820468,4473,2882,1404,5086,2390,1283
2113,5621.936610399361,23530.139793014576,29152.076403413936,6.924053159111435,10.437944115213199,0.054628055282057546,160299.18188141115,4508,2032,2219,5168,2097,1494
2114,3162.131559797384,23340.51704512859,26502.648604925973,6.901907875333694,10.350601628610313,0.05469394793090375,161590.72106051838,4329,2726,1704,4799,2668,1292
2115,6672.634837554501,24148.245650107918,30820.88048766242,6.860329220374779,10.625133898267372,0.05486453211900446,158994.1381006162,4229,2993,1537,5368,2329,1062
2116,6272.906333776398,23576.52609826809,29849.432432044487,6.731246362040161,10.31968966024488,0.054727310386338116,159750.31992457638,5041,2047,1671,5361,2200,1198
2117,6470.051354959328,24105.63533606054,30575.686691019866,6.99752569150725,10.54772006944349,0.054559232453458846,159240.00360853027,4127,2648,1984,5265,2234,1260
2118,9493.343161067085,24497.018683883565,33990.36184495065,7.240724203255359,10.536769057619559,0.05454638374875913,158665.35818210928,4769,2636,1354,5526,2015,1218
2119,3845.560902542991,23055.880678545145,26901.441581088136,7.361007469021722,10.205264436204473,0.05483808856499486,159700.44105241878,4262,3108,1389,5034,2379,1346
2120,9378.971352563041,24655.48298070369,34034.45433326673,7.574884379936996,10.439066543099228,0.05483688060491502,159206.64681377282,3168,4269,1322,5289,2526,944
2121,6157.122202444663,24875.763508693024,31032.885711137686,7.2107577475420275,10.51241426309428,0.054909862496463874,158337.83528299176,3931,2725,2103,5805,2029,925
2122,5468.649951603983,23035.45627525362,28504.106226857602,7.068993101996381,10.252065811370302,0.05495651283759587,160135.45102234054,4080,2419,2260,5253,2374,1132
2123,8051.895804838995,24563.591349018734,32615.487153857728,7.331179280172557,10.682108490466039,0.05454783244614783,157827.03598702906,3959,3228,1572,5588,2155,1016
2124,8240.329854864925,24474.997874489924,32715.32772935485,7.687802102613304,10.652891838890886,0.0545471426729548,159222.63950936994,5087,2418,1254,5732,1488,1539
2125,5415.164040818493,24089.308695727534,29504.472736546028,7.265020303070283,10.7733552120218,0.05468097435812617,158180.43116025595,4829,2336,1594,6278,1352,1129
2126,6649.061153061683,27133.386707671245,33782.44786073293,7.003027147453693,11.33634953451274,0.05449287312476266,158293.60703637323,3660,3761,1338,6543,1212,1004
2127,5026.706715134432,24552.727806220708,29579.43452135514,7.4134754003753205,10.973178813821058,0.05476725331729934,158020.94947275447,4019,2675,2065,6138,1767,854
2128,9797.4057470923,23500.405395037506,33297.81114212981,7.378871460742565,10.65733194343515,0.054597200067794775,158873.45441590672,4196,2473,2090,5878,1651,1230
2129,9905.45356775432,25252.61559560338,35158.0691633577,7.51167325015357,10.97203236433265,0.05470384798261482,158198.81286507164,4465,2835,1459,6182,1500,1077
2130,8946.380665754717,22401.488217665417,31347.868883420135,7.56779752059129,10.361889802281816,0.05477563206185936,159184.64486461296,4748,2309,1702,5272,2274,1213
2131,7970.182952045945,23887.813143605723,31857.996095651666,7.542966797264584,10.65281660877921,0.05464858928536886,158636.02901776868,4153,3023,1583,6151,1473,1135
2132,8019.9470974046335,22957.73814906274,30977.685246467376,7.501989101435855,10.427877161205412,0.054532061922538906,158116.2759473427,4737,2126,1896,6099,1389,1271
2133,10358.256253177082,22407.435422837963,32765.691676015045,7.778343179331048,10.065146755898393,0.05468233180786514,159539.35948813305,4495,2586,1678,5627,1835,1297
2134,10054.60032156882,23533.653043432885,33588.25336500171,8.19488556397618,10.455167094047601,0.05470311594193802,158767.30963307666,4337,2077,2345,6081,1644,1034
2135,9472.241092530512,24213.883789999698,33686.12488253021,7.444181633991055,10.508920747222042,0.054798156258918006,159382.16477634513,3994,2410,2355,5600,1974,1185
2136,5821.368795771433,23675.98900412207,29497.357799893503,6.855817297666044,10.34347110965874,0.05471250106068425,160178.72441801074,5225,1865,1669,5429,1883,1447
2137,3626.7037745877374,24164.26700577119,27790.97078035893,6.689682815862311,10.58785895749683,0.05452514016331828,160244.79508281327,3804,2911,2044,5446,2088,1225
2138,3441.1222319636568,24428.71059025003,27869.832822213688,7.235030411058162,10.52307245608038,0.05471209567008247,160773.69279833607,4043,2998,1718,5434,2001,1324
2139,4732.689034097387,23748.936458132754,28481.62549223014,7.398527666302652,10.562778303849138,0.05471612081249631,159509.95648651937,4445,2676,1638,4961,2652,1146
2140,7936.929617850869,25190.59291587228,33127.522533723146,7.188884679007515,10.535028948879718,0.05485189503985609,159644.01258391334,3877,3208,1674,5901,1769,1089
2141,3608.8018961345374,22938.592302046916,26547.394198181453,7.2766913826141355,10.249505483792577,0.054779522080306724,160313.74360223825,3483,3136,2140,5155,2195,1409
2142,5602.179738389983,24186.640733614775,29788.820472004758,6.781778790916883,10.528553391034054,0.05458877964936766,160245.1686318091,4394,2966,1399,5086,2313,1360
2143,7126.350302348661,23202.24709010067,30328.59739244933,7.141799958416968,10.242942757938776,0.05468477674130247,160412.07070098358,4834,2624,1301,5178,2140,1441
2144,9869.169767805814,21748.145369877828,31617.31513768364,7.633262243436767,9.899983776409885,0.05484597844768409,160766.0413806326,3735,3155,1869,5054,2415,1290
2145,7838.23486341653,26058.380379647995,33896.61524306452,7.351971435530444,10.950066685118644,0.05446121569619816,160134.48601029627,4203,3178,1378,6122,1306,1331
2146,4767.641955807533,24725.993860381786,29493.63581618932,7.1739796973588374,10.852077818117069,0.054616089497660746,158460.16759743975,4343,2442,1974,5779,1728,1252
2147,9434.679409366947,24466.192991584772,33900.87240095172,7.429108753877977,10.842007342609223,0.05461480592305716,158336.5821734034,3780,3037,1942,5550,2111,1098
2148,4372.97673999469,22740.2265656866,27113.20330568129,7.510173179542346,10.497884012883397,0.054630185886164744,159498.54796939637,4148,2888,1723,5585,1880,1294
2149,5812.7247861209535,24925.03246885437,30737.757254975324,6.544633123448162,10.67437673844586,0.054728982872709775,160005.07269266222,3580,3525,1654,5759,1708,1292
2150,3576.38372503892,24301.041185398415,27877.424910437334,6.435309243193301,10.74194275232441,0.054472641849758904,159187.3039196361,3648,3227,1884,5529,2026,1204
2151,2896.4345926330675,24735.993983687313,27632.42857632038,7.292226940158518,10.826300857305222,0.05463718438722235,157507.89459903486,3872,2867,2020,6053,1780,926
2152,8371.913176237143,23209.64885889151,31581.562035128652,7.459959631549303,10.489978896421873,0.05461724966180359,158572.1026790458,5032,2570,1157,5153,2491,1115
2153,5884.936686506094,23208.494777229374,29093.43146373547,6.86546940990715,10.335196871202445,0.054715341827964274,160137.06448014866,4867,2279,1613,5417,1956,1386
2154,9284.680403182068,22525.98985714924,31810.67026033131,7.590551729291318,10.170301115449922,0.05466813497415453,159676.98109364507,4911,2621,1227,5221,2176,1362
2155,6359.746062386795,24367.46967453704,30727.215736923834,6.8508757092694745,10.710576468425115,0.054542132366992485,160412.01683768322,4619,2985,1155,5509,1841,1409
2156,8651.77042668713,24283.52112677075,32935.29155345788,6.75337655327265,10.584613665281438,0.054518744166748616,157793.4141364893,5335,2104,1320,6043,1587,1129
2157,5300.585563978157,26965.996950929748,32266.582514907903,6.702504267873566,11.243702003783056,0.054802824257827926,157686.89605987252,3714,3095,1950,6418,1624,717
2158,3164.9824437088027,23594.490781328193,26759.473225036996,6.725159631137198,10.798039675343677,0.05465298559303495,158766.5056165392,5070,2306,1383,5553,2044,1162
2159,8021.622614231171,24797.339940591082,32818.962554822254,7.225777381968294,10.623542155265277,0.05459130257962561,158707.2039549165,3808,2992,1959,5696,1914,1149
2160,4965.437671135519,23338.79741421666,28304.23508535218,7.174939360206075,10.561111296861606,0.05460991946510889,158846.61372038742,4754,2491,1514,5499,2013,1247
2161,5580.249278183462,24508.335209327735,30088.584487511198,7.314756625856208,10.808319331452305,0.05452464142696811,158775.6040863417,4483,3040,1236,5974,1535,1250
2162,7832.886076355463,23992.442418414386,31825.32849476985,7.153187694755268,10.848757684860706,0.05465129455452855,159238.3161052387,4024,3128,1607,6048,1540,1171
2163,4889.985539810322,23716.976274671862,28606.961814482183,6.7502673090925,10.658000247283567,0.05458495416806877,158806.11890274202,4104,2974,1681,5791,1904,1064
2164,10162.922654346681,25495.996698035284,35658.91935238196,7.031987325670954,10.946059469611638,0.0545623172473551,158195.60644541317,4029,3304,1426,5889,1976,894
2165,6500.673564620998,22834.781507776795,29335.455072397795,7.064516807244236,10.422805114336576,0.05481114383303851,160062.28046821992,4926,2063,1770,5443,2206,1110
2166,3930.3549826524136,24881.722065595775,28812.07704824819,6.711205804299503,10.862792099822325,0.05448841914473043,159456.3403013875,4503,2663,1593,5529,1910,1320
2167,9799.435364107638,24213.15854485375,34012.59390896139,7.679289377813029,10.702251877846175,0.05454024802800654,157600.5516002222,4448,2780,1531,5977,1714,1068
2168,8648.398961836072,22965.957495501087,31614.35645733716,7.081620163513451,10.343780069798877,0.05496377291399399,159936.14941313388,3749,2429,2581,5236,2241,1282
2169,8189.562820205309,24668.663126345655,32858.22594655096,6.902241117448487,10.56347518102401,0.05463131991623641,160425.57473219762,3726,2998,2035,5704,1737,1318
2170,5039.564312813018,24197.635829407365,29237.200142220383,7.1010476215030955,10.670074618231954,0.05463901761286311,160009.6553024673,4035,3051,1673,5240,2517,1002
2171,11827.5740422387,24577.874742177544,36405.44878441624,7.711123194840753,10.80610565984321,0.05460021934980583,158481.07634693905,4665,2517,1577,6069,1605,1085
2172,8994.780768911642,24247.758263610525,33242.53903252217,7.452634806963433,10.764111486736164,0.05467453988458456,160168.2908054532,4387,3205,1167,5828,1594,1337
2173,7631.116017840238,25029.257563872572,32660.37358171281,7.039334508806228,10.814981793984597,0.054500998179940724,160220.93431419108,4247,2970,1542,5538,1895,1326
2174,3445.4333457195976,24747.321539042663,28192.75488476226,6.320622134420651,10.727207286619755,0.05468653088950698,158328.64355628105,4716,2824,1219,5905,1889,965
2175,3705.430510005356,23865.049858377948,27570.480368383305,6.866312726610332,10.664541127113603,0.054603597202664604,158898.43836397165,4308,2606,1845,5879,1779,1101
2176,8133.87975951021,25616.436993630465,33750.31675314067,6.64571179331256,10.739057038667118,0.054837374189551404,158899.53993726138,4484,3068,1207,5753,1849,1157
2177,7319.125076351656,25185.50460799729,32504.629684348947,6.571712566842206,11.008376795480231,0.05461048856054744,160743.045383398,3993,2636,2130,5728,1609,1422
2178,6666.055861342395,24913.706023362967,31579.76188470536,6.741013893787224,10.824146528858838,0.0546956294698146,160415.62032804635,4547,2945,1267,5308,2008,1443
2179,9564.673778624277,22870.89273082725,32435.566509451528,7.507389016690359,10.416035568448947,0.05485651525156167,160443.58624741074,4438,2354,1967,4956,2522,1281
2180,5086.85549692728,26265.413432196634,31352.268929123915,6.8028484526573845,10.990940689737322,0.054593433976568934,156893.4834704972,3916,3228,1615,6315,1565,879
2181,4599.353582408025,23905.88442677105,28505.238009179073,6.66096290134575,10.769528376569545,0.05458724969401595,159470.20764252337,5076,2315,1368,5279,2215,1265
2182,7013.6991649707,22672.441968905357,29686.14113387606,6.947941890191229,10.338154921094835,0.054705329254635705,159631.7355342976,4396,2352,2011,5026,2443,1290
2183,9491.854126294225,23284.391533978047,32776.245660272274,7.026421386489721,10.385444545982033,0.054555766512106724,159971.86865542605,4451,2821,1487,5432,2000,1327
2184,10100.90209975493,22348.031091032586,32448.933190787517,7.449451540523986,10.084041019995897,0.05477757311315284,158464.1713515582,4803,2477,1479,5671,1835,1253
2185,6939.2752060318935,23969.990751778543,30909.265957810436,7.090055128587116,10.35814148890414,0.054526232580697054,159040.10709969338,4379,2491,1889,5979,1446,1334
2186,8528.086199849677,23126.46909519407,31654.555295043745,7.399159476964554,10.344662506664163,0.0547085396314961,159181.25780929573,4728,2330,1701,4962,2555,1242
2187,5868.006078832634,24634.099229638196,30502.10530847083,6.929113243073592,10.546296723853164,0.054533776983658154,158603.61025516226,4691,2451,1617,5742,1855,1162
2188,9227.444299178154,23880.6839502996,33108.128249477755,7.516047875994966,10.56186266138828,0.05441844525220107,157876.32348100637,4298,3078,1383,5745,2087,927
2189,5985.744400109669,24686.905868562248,30672.650268671918,7.083398717157789,10.674786548514257,0.05460477331204297,158646.69373468496,4645,2191,1923,5691,1883,1185
2190,8557.750862642986,23378.319783257724,31936.070645900712,7.35084832982385,10.367820527153743,0.054605544166060595,158992.8658642246,4616,2502,1641,5495,2151,1113
2191,7396.375586656372,25223.10584078204,32619.48142743841,6.656400751936964,10.93480124693506,0.05470955903542108,158781.22661473035,3493,3269,1997,6128,1541,1090
2192,6896.805674150068,26069.149354108667,32965.95502825874,7.033718167838798,11.219605303822648,0.05441150429785445,158062.85816604612,4487,2930,1342,6427,1334,998
2193,7990.151948250314,24027.788307698556,32017.94025594887,7.199865528714284,10.807885627548053,0.054700086385831265,160918.6486349502,4439,2117,2203,5526,1919,1314
2194,4995.7561711076905,23695.312168151133,28691.068339258825,7.076952517793546,10.608497529322927,0.05460197934747399,159948.71308632422,4890,2145,1724,5156,2390,1213
2195,8601.853882621575,24430.490295986605,33032.34417860818,7.460362725931269,10.68510765668657,0.05467450522315027,158242.8498285839,4305,2994,1460,5740,1994,1025
2196,10161.134812000031,25099.425848197126,35260.56066019716,7.3454925425184605,10.958857402706004,0.05472529817643505,157185.0631365726,3831,2673,2255,6421,1559,779
2197,8375.897118297964,25794.14357138203,34170.04068967999,7.33431500272623,11.211342707443055,0.0546182507169031,158339.05015752127,4146,3151,1462,5932,1800,1027
2198,9669.77909082228,23961.74194218087,33631.52103300315,7.510427982429068,10.779424469760094,0.05463859157582796,159145.33906733236,4860,2432,1467,5638,1853,1268
2199,8454.482643668292,24879.69321962714,33334.17586329543,7.522628825231847,10.79779747363987,0.05449230107026695,157093.27673118742,4894,2434,1431,6114,1724,921
2200,10929.012934109469,23150.859389703088,34079.87232381255,7.412461395940294,10.577884121000224,0.05463890978112492,159314.87670632114,4671,2274,1814,5639,1721,1399
2201,6664.1649070983,24704.8158879317,31368.980795030002,7.316538064345644,10.746292855512204,0.054496429614961074,158331.98991162624,4297,2763,1699,5422,1935,1402
2202,9330.025855151876,23721.22366606258,33051.24952121446,7.893333155094388,10.522584142617895,0.054505341215062175,158483.20336225542,3708,3159,1892,5885,1715,1159
2203,8903.805152355448,23574.634377553248,32478.439529908697,7.222108273421928,10.316464049180409,0.05460517526863305,160267.4509393935,3841,2947,1971,5450,1953,1356
2204,3280.144444374257,23734.2682115995,27014.41265597376,6.713415862402754,10.28461469434894,0.05487263598665695,160834.16227090431,4005,3192,1562,5024,2680,1055
2205,11196.155562829632,22426.259920084296,33622.41548291393,6.971475963749497,10.036776971694046,0.055171420739026686,161084.41424949354,4641,2956,1162,4875,2737,1147
2206,10764.015631130856,23937.957113568387,34701.97274469925,6.913895835325287,10.28893767997374,0.05468581330747164,158967.77738404367,4965,2319,1475,6034,1561,1164
2207,7803.138275806116,24036.94770304276,31840.085978848874,6.295194860669136,10.50256290935149,0.05466086769342909,159504.9983760209,4030,2759,1970,5759,1693,1307
2208,10516.677654175859,24908.517328754733,35425.194982930596,6.824794970503641,10.718219539235719,0.05461651491532056,158620.25304798785,4547,2804,1408,6055,1542,1162
2209,9030.477504171386,25047.529636189924,34078.00714036131,7.054681274924241,10.833127621088916,0.05463295071502666,159212.65262834117,3974,3240,1545,5451,2072,1236
2210,7710.207245725554,23104.451094546384,30814.658340271937,7.029757859726391,10.47042602887718,0.05471311469694191,158655.44117436378,5019,2376,1364,5994,1724,1041
2211,7241.996403346286,26363.596984907075,33605.59338825336,6.839581866332749,11.102139956549681,0.05450765892021439,157869.15760788228,3764,2963,2032,6239,1555,965
2212,7409.5484125798785,23043.543102345426,30453.091514925305,7.07206531556157,10.547280105462498,0.054602911695531456,159012.39157465773,4544,2438,1777,5792,1698,1269
2213,9299.302093803683,24233.35517389449,33532.657267698174,7.13103322938546,10.618137024707838,0.054562034183729846,158195.24222506312,4145,1899,2715,5959,1655,1145
2214,3714.9966686885077,23833.165014375892,27548.1616830644,7.079654863677155,10.436574184010984,0.05486912991424384,159771.3299525234,3746,3294,1719,5435,2257,1067
2215,9703.115538448279,24587.09869197444,34290.214230422716,7.155567222176834,10.694304192752657,0.05450513632197276,158401.70611997042,3985,3272,1502,5600,2121,1038
2216,6230.921002657021,24882.348077091247,31113.26907974827,6.6963702622833035,10.753438522558811,0.05473216953144993,159853.98518658767,4155,2949,1655,5663,1871,1225
2217,9474.229167346226,23145.44372923808,32619.672896584307,7.70657744877623,10.516962468883998,0.05457093691690268,157882.95950455734,4494,2366,1899,5497,2226,1036
2218,7765.266617085437,23046.48572152405,30811.75233860949,7.559749138794197,10.378569928085273,0.05454319908594902,158722.17902607232,4822,1848,2089,5471,2095,1193
2219,12316.569473784488,22064.964326864843,34381.53380064933,7.168837101686226,10.042279361148156,0.05462111171139339,158998.09792712887,5621,1965,1173,4936,2521,1302
2220,8734.237302453204,23029.378905195663,31763.61620764887,7.419150310396753,10.039367151479064,0.054601187014184184,159245.96121001933,4339,2767,1653,5040,2570,1149
2221,9837.08915221534,23608.23181359653,33445.32096581187,7.38317992414265,10.342872488043692,0.05456672172928557,159503.64624644016,4414,2684,1661,5193,2425,1141
2222,8857.20115616248,24173.456900908877,33030.658057071356,7.303374969483867,10.305648361954802,0.0547325783811034,159568.17956586118,4517,2890,1352,5700,1927,1132
2223,8254.872889011436,22527.472670088042,30782.345559099478,7.0955537118800995,10.06615994533096,0.05474185673982379,160261.38746750352,4935,2194,1630,5086,2356,1317
2224,7860.943628829273,24219.65669651679,32080.600325346066,7.189951941148542,10.345901332083038,0.05485844490032804,160620.47317641598,3566,3402,1791,4968,2597,1194
2225,9220.977245517763,23777.730360805912,32998.707606323675,7.409077409533448,10.383744844576297,0.05455328075183874,158940.4015001205,3955,3138,1666,5428,2364,967
2226,13439.94924099581,25188.774020556175,38628.72326155198,7.287549803026345,10.676001183844512,0.05452748689818862,157992.94866427555,4446,2524,1789,5817,2137,805
2227,8608.45128889566,22558.512885042495,31166.964173938155,7.397169486081935,10.080167283475989,0.054842494746224324,159761.91692009734,4520,2378,1861,4811,2863,1085
2228,12346.518080134463,23798.403884011976,36144.92196414644,7.600253702113143,10.324755137870696,0.05453822191082625,157646.03545943016,4151,2857,1751,5851,2036,872
2229,8991.991262283362,22618.515257106785,31610.506519390146,7.27707591413217,10.173684097886257,0.05470895987048832,160459.36602875858,5006,2136,1617,5491,2017,1251
2230,12127.831462940785,23483.44742909247,35611.27889203325,7.6834876935691705,10.193912521147684,0.0545408173645366,158965.6015105627,4707,2224,1828,5313,2115,1331
2231,8184.7881648331895,23710.432927887116,31895.221092720305,7.637778203141887,10.292601287076897,0.05451746773826312,158688.7656415762,5186,2298,1275,5606,2093,1060
2232,9984.228469261017,22254.166312880345,32238.39478214136,7.510973387992794,9.88029327620701,0.05503169605995392,161147.39664256742,4505,2991,1263,4850,2867,1042
2233,8582.575646516232,23608.89370440286,32191.46935091909,6.90864320506224,10.120429721388957,0.05472429831355307,160165.80111659938,4279,2479,2001,5449,2050,1260
2234,7813.475565625083,23872.046842966098,31685.52240859118,6.682197750932817,10.33960889364605,0.054643996150224444,160717.2181786141,4715,2791,1253,5358,2131,1270
2235,12440.848014650823,22370.105996062463,34810.954010713285,7.422378313692885,9.898869175157827,0.05463787868957038,158989.84317362006,5279,1667,1813,5084,2283,1392
2236,6539.592389219076,25026.827657929636,31566.420047148713,6.980671906464785,10.443189284840662,0.054436630195221186,161777.30769297646,3871,2850,2038,5148,1950,1661
2237,10636.529266893056,22624.8459403745,33261.375207267556,7.245400053339097,10.049286908434924,0.05501124334038938,160367.22976863265,4376,2343,2040,4809,2862,1088
2238,11041.268731712451,23443.212728053568,34484.481459766015,7.120011375223668,10.077305071255399,0.0545945954160101,160412.13569295267,4760,2958,1041,4673,2751,1335
2239,5763.9986535724875,23816.91420806822,29580.91286164071,6.362015153079691,10.269923942442098,0.054587054519092335,160098.44496031487,5107,2000,1652,4937,2242,1580
2240,7057.960395714729,23068.428527956105,30126.388923670835,6.603767233038312,9.878549508450885,0.054733360990835866,160200.20899168367,4948,2056,1755,4593,2865,1301
2241,7127.020350707338,22222.42903284844,29349.449383555777,6.779532993776554,9.873333105314895,0.054654300210384865,158527.38404637534,4777,2711,1271,5208,2175,1376
2242,8938.366325758177,23469.60904542555,32407.975371183726,7.320391862926874,9.936201205753934,0.05476317013721834,159815.5114903173,4835,2653,1271,4783,2911,1065
2243,7975.536392545878,24016.76653208998,31992.302924635856,6.431141306574591,10.269593169683812,0.05445277213878595,157758.66355122282,4573,2613,1573,5692,1748,1319
2244,10168.283368705966,23557.33244927782,33725.61581798379,7.10881561158557,10.084882906296366,0.054815521919390695,158776.35597801147,4170,2517,2072,6082,1753,924
2245,1301.6464270938209,25118.64709286398,26420.2935199578,6.268464385496937,10.266606898313732,0.054837895113735234,161974.46602404545,3032,3341,2386,5043,2316,1400
2246,9891.521373225434,24962.034466168425,34853.555839393855,7.001365362048142,10.709559402113522,0.05470562175183656,159731.95002325345,4772,2209,1778,5539,2075,1145
2247,5300.415787408733,25460.79285649874,30761.208643907474,6.752342963806949,10.586353137398316,0.05446791468156935,159677.59083439174,4188,3040,1531,5580,1813,1366
2248,6976.721476684426,25782.399327805804,32759.12080449023,6.354374262596201,10.757767660436407,0.05458406216509244,157995.4689044217,3962,2437,2360,5743,1933,1083
2249,9160.606096685868,24991.10272912269,34151.70882580856,6.4091895112016015,10.8625703847346,0.05462862952913908,158862.11047925358,4125,3234,1400,5673,1942,1144
2250,11024.803775518574,23494.272714847328,34519.0764903659,7.028057685926394,10.443588308914835,0.05476119491873228,159838.34098640038,4437,2925,1397,5258,2238,1263
2251,10372.605056195936,25357.353992480083,35729.95904867602,6.980403982914129,10.806352213722878,0.05452423096819066,157388.74306250556,4432,2340,1987,6311,1511,937
2252,8445.593652883439,25093.43148873399,33539.02514161743,6.436052148001481,10.887212820896613,0.05473993690818826,158490.98737078658,4294,2916,1549,6182,1453,1124
2253,7959.098086031939,25416.71729310137,33375.81537913331,6.795751505346217,10.770356239222973,0.0547696730365998,159195.64125973446,4191,2699,1869,5859,1891,1009
2254,7769.769611701546,24004.91023477043,31774.679846471976,6.769954719606098,10.711323129812289,0.05464281307171869,159184.61544668835,5271,1978,1510,5753,1783,1223
2255,9381.709505837352,24463.025912950616,33844.73541878797,6.948351990447695,10.653313937777806,0.054567015970945626,158629.588948016,4939,2024,1796,6086,1581,1092
2256,10725.486825588714,24322.000541588972,35047.48736717769,6.566044796586462,10.616963017974602,0.05460238846245905,160111.95522060743,4145,3209,1405,5963,1503,1293
2257,6865.544177267015,23871.406290128525,30736.950467395538,7.01434948660781,10.402697331351517,0.05481253923819354,159782.2491250907,4403,3010,1346,5525,2027,1207
2258,9937.786348804402,24247.836662536745,34185.623011341144,6.781713678864757,10.351913122331053,0.05468604977817044,158835.63074275796,4124,3097,1538,5609,2087,1063
2259,10400.922824344883,23529.537085395248,33930.45990974013,6.941777123440814,10.36307277447176,0.05464944669034089,159425.30672524797,4105,2696,1958,5757,1981,1021
2260,6963.33238889442,25340.009664113284,32303.342053007706,6.783863830101217,10.678098939202819,0.05460879233376184,158776.2629761121,4159,2783,1817,6050,1633,1076
2261,6669.46810856322,24590.568403675883,31260.0365122391,6.542776727074957,10.554328562500613,0.05472222815971404,158858.7058343144,4194,3029,1536,5959,1717,1083
2262,7537.531457233737,23564.99350981371,31102.524967047448,6.5865315251274,10.400467440374443,0.054604601851948785,159030.55683610478,5150,2425,1184,5688,1869,1202
2263,11757.029547661705,24293.185404479977,36050.21495214168,6.620443832155972,10.656494347363088,0.05454843060309223,157801.41411774108,4630,2626,1503,5731,1837,1191
2264,9331.05291825633,23582.934296781368,32913.9872150377,7.2161282780958285,10.534910593106218,0.05456445598905816,157160.21035391535,4783,2146,1830,5936,1815,1008
2265,11202.686712624718,23624.139459929967,34826.82617255468,7.336011070546296,10.237384532310715,0.05480443026205258,159152.1756058402,5039,2435,1285,5608,1946,1205
2266,9241.452466245419,22433.235371127234,31674.68783737265,7.083844739915235,10.003309497506011,0.05475188139676409,159899.6304512288,5043,2371,1345,5479,2169,1111
2267,5536.711241393405,23840.96469254924,29377.675933942646,6.94685980195473,10.248587248946185,0.05464086720197778,160634.68391019356,4484,2493,1782,4977,2317,1465
2268,12740.15543387758,22465.42061342154,35205.57604729912,7.47703662715153,10.11765749962737,0.05471816340651486,159685.4489418738,5074,1481,2204,5550,1767,1442
2269,11550.056993363722,22330.74583382163,33880.802827185355,7.246609485940291,9.872616717113226,0.05474274815549062,159302.76662142205,4435,3102,1222,5458,2028,1273
2270,10602.882654468021,24263.314561350515,34866.19721581854,7.085975874600976,10.263720187830248,0.054561661450831855,159356.14071030827,4113,2651,1995,5147,2449,1163
2271,9438.740784749923,24083.209144403878,33521.9499291538,7.18077551703855,10.425501872233797,0.05454719802134994,158714.30672899235,5727,1668,1364,5628,1961,1170
2272,10574.83076814188,22916.623842956586,33491.45461109847,7.287541647448866,9.917231376506724,0.054595885615794315,159960.5569651033,4819,2294,1646,5006,2200,1553
2273,7686.801610254965,24987.11964458058,32673.921254835546,6.5886579311692275,10.656980991299536,0.054637732399653534,159508.1988318828,3836,3610,1313,5714,1842,1203
2274,7058.2462927491515,25305.39076430207,32363.63705705122,6.859905226953284,10.772084081126915,0.05455195751552415,159358.18666824602,4241,3000,1518,5891,1776,1092
2275,12542.90040011289,24243.737665328936,36786.638065441824,6.790353095649467,10.483443328262748,0.05465683923979511,157776.37504672835,4444,2879,1436,5720,2050,989
2276,5743.921226779066,22268.18402943062,28012.10525620969,7.1100356512894,10.120684227447715,0.0545380826755963,159033.44560816727,4568,2938,1253,5701,1815,1243
2277,6911.549386457588,26230.785923707623,33142.33531016521,6.9550608243893315,10.684619746328067,0.05463577958688208,158796.68983487866,3956,2819,1984,5612,2011,1136
2278,5598.109368477552,22487.085065070478,28085.19443354803,7.243948463524566,10.133576807924342,0.05460386367413753,160200.90145950243,5250,1600,1909,5339,2096,1324
2279,6526.778267530964,23207.284518742807,29734.06278627377,7.202835770049093,10.074843660966536,0.05465901980472951,160200.81569638077,5049,2153,1557,5272,2334,1153
2280,11566.762311381848,23985.24603130842,35552.00834269027,6.939889842734818,10.42611697508321,0.05453537819864511,160011.17397102714,4548,2579,1632,5667,1697,1395
2281,8930.771417252585,24625.191967956765,33555.963385209354,6.628983652665427,10.555666089523209,0.054559108829736115,157412.92091994788,4842,2467,1450,6192,1453,1114
2282,10781.071074016272,22764.38664920307,33545.45772321934,7.26078898800414,10.23558889879453,0.05459686290333584,158133.58539958752,5110,1686,1963,5926,1597,1236
2283,10765.300039597952,22051.66372911987,32816.963768717826,7.133058714578913,9.612552567084073,0.055168619855767785,161232.38956211132,5126,2242,1391,4520,2868,1371
2284,8876.591400695517,23887.033785329008,32763.625186024525,7.240712047700557,10.117826540952917,0.05490005973244952,159638.50119329157,4627,2841,1291,5246,2402,1111
2285,13817.786447037653,22095.485981669026,35913.27242870668,7.481884918281757,9.905564781901724,0.054571771153785115,159500.60545009258,5717,1420,1622,5533,2255,971
2286,12615.905373170752,24146.964940832146,36762.870314002896,7.561045679493616,10.26947974152502,0.0544750733433419,158334.856203253,4470,2261,2028,5985,1899,875
2287,8579.917705440897,24662.808167843574,33242.72587328447,7.0771012855754,10.320668943179184,0.0546339004125801,159307.52056179426,4228,2604,1927,5921,1615,1223
2288,11298.736751102399,22050.28760987409,33349.02436097649,7.326802824800091,9.805439377071973,0.05464878785706272,160145.96309047224,5663,2028,1068,5280,2193,1286
2289,10550.493500386854,23042.71199376455,33593.20549415141,7.701835352524179,9.950395000054268,0.054768577100720785,159767.9489272161,5880,1556,1323,5066,2573,1120
2290,8660.46923861754,25809.179506677814,34469.64874529535,6.5944468043757105,10.490950611594613,0.054602106341606595,158764.08035240948,4228,3164,1367,5575,2483,701
2291,10536.105431596734,24077.773033903606,34613.87846550034,6.8816159482421035,10.460697607467235,0.054454147068247055,158289.40085465604,3849,2942,1968,5937,1847,975
2292,5111.39260324637,24621.98868718609,29733.38129043246,6.4521914588864275,10.4687544638787,0.054742229073812744,159578.35816349473,3894,2314,2551,5623,1954,1182
2293,14119.82822896343,22671.9402447809,36791.768473744334,7.16796054407368,10.119363545246912,0.05458081917019277,159564.15723249485,5140,1570,2049,5092,2357,1310
2294,10602.535854982154,21967.23836714178,32569.774222123935,7.018923402634503,9.746697715919819,0.054816558926185865,160655.04179289055,4531,2753,1475,4403,3186,1170
2295,13671.626592437247,22297.349677222224,35968.97626965947,7.022466195403159,9.80444226558213,0.054568163584623415,159274.35172424716,4817,2547,1395,5385,1857,1517
2296,8545.631408107864,23249.370836614497,31795.00224472236,6.913335515383999,10.116894336040888,0.0547850808420621,159684.40308738913,4091,2903,1765,5105,2451,1203
2297,12779.368601269183,23536.579285485434,36315.94788675461,6.900422687097539,9.969155286239243,0.054743001928886294,158974.8653156318,5435,1920,1404,5731,1979,1049
2298,11119.642245713352,22543.451818677622,33663.09406439097,6.869747910408601,9.81775960083107,0.05455726468531204,160966.62269933088,5742,1635,1382,5422,1830,1507
2299,6667.232005377377,23875.184380786224,30542.4163861636,6.398597664249849,9.891384443992063,0.05488541714586658,159781.36389516108,4364,2260,2135,5448,1991,1320
2300,11325.949117717146,23530.836392666533,34856.78551038368,6.913930401463991,10.050967324012833,0.0546920825767594,159019.3303132524,4694,2341,1724,5728,1994,1037
2301,7265.312397808966,22580.09551601874,29845.40791382771,7.057923212221213,9.937690330325648,0.05457817358025831,158620.75100141056,4451,2278,2030,5735,1870,1154
2302,12437.849507319814,24560.55514868876,36998.40465600857,7.283458396989062,10.330994248202412,0.05457218584767626,159566.27327510854,4986,2490,1283,5792,1858,1109
2303,4855.772502911962,25730.094809350438,30585.8673122624,6.3105710841230955,10.618011505524889,0.05480216814082852,161103.76200603292,4055,3402,1302,5054,2210,1495
2304,9859.639719366492,23700.820530802026,33560.460250168515,6.8668721189722985,10.334497965926348,0.05481566204363198,161215.23844291168,4762,2153,1844,4945,2222,1592
2305,10083.968516741648,25678.47873242296,35762.44724916461,6.792070897001153,10.760244479973379,0.054609882490283146,158282.6223337355,3750,3142,1867,5701,2081,977
2306,10545.516897720836,24702.022928616443,35247.53982633728,7.135336862305538,10.524251812024653,0.05464082613731802,158263.57039744733,4663,2713,1383,5974,1819,966
2307,12316.127768885424,25839.605001058637,38155.732769944065,6.7615407174703215,10.933396360940002,0.05454278142260137,157711.9035693907,3551,3385,1823,5987,1799,973
2308,7922.740783914547,23932.06065228502,31854.801436199567,7.049220823483996,10.503826255100819,0.05449076808569194,159668.8471741696,4187,2772,1800,5216,2133,1410
2309,11167.599510072014,24026.47104031158,35194.07055038359,6.908180155168406,10.477263585261644,0.05460888022041441,158947.25379052263,4473,2539,1747,5449,2110,1200
2310,7922.801226874104,24348.9772901778,32271.778517051906,6.60579108429716,10.503442184399614,0.05481015217050386,159912.51973934722,3558,2915,2286,5442,2122,1195
2311,11411.362016657678,24405.918471996545,35817.28048865422,7.368272209824532,10.310730908882087,0.05465256657776431,158935.16060390224,4303,3062,1394,5824,1921,1014
2312,12130.840133717125,25452.91656306923,37583.75669678635,7.157583547561199,10.67123731794202,0.05453301853977841,158769.00958277352,3821,3125,1813,5956,1823,980
2313,8360.542854802809,24819.734808069632,33180.27766287244,6.764647534058102,10.774681454842707,0.05463257695705496,160032.5362210234,4355,2342,2062,5693,1706,1360
2314,7540.973756090673,26368.29883803447,33909.27259412514,6.365199304669601,11.093847857151495,0.05448463301144824,159258.7595294539,3925,3613,1221,5860,1666,1233
2315,12677.241138056817,24035.555153306294,36712.79629136311,7.061993151003737,10.742563956002758,0.05464134325382937,158509.05271893923,4444,2878,1437,5798,1695,1266
2316,10128.088653611198,25455.714189663955,35583.80284327515,7.190939258672105,10.842402286853128,0.054641800215518566,159632.32388954127,3556,3875,1328,5589,2074,1096
2317,10161.469920782896,24199.723955275487,34361.19387605839,6.631027846748285,10.428040289541178,0.0545868301420809,159306.7753366361,4669,2237,1853,5620,1882,1257
2318,12241.01498860906,24521.499803178114,36762.51479178717,6.761326615002144,10.616680468209546,0.05469579380581109,159357.3958492126,4215,2628,1916,5641,1911,1207
2319,12771.846118601465,23747.024707231554,36518.870825833015,7.108860303923519,10.257945802020316,0.054643830227934856,160121.54182503044,5502,1778,1479,5481,1875,1403
2320,12645.020211210754,23771.699343056025,36416.719554266776,7.418086281642273,10.28819064982704,0.054512524532762965,160023.299273063,4775,2779,1205,5392,2056,1311
2321,12177.433860437377,25495.66118787816,37673.09504831553,7.295120941661934,10.694546395874186,0.054533186750816226,158613.4043232436,3976,3323,1460,5820,1688,1251
2322,11865.872483158768,24049.272155098373,35915.144638257145,6.894700671755149,10.422921566483227,0.054543390063705656,160005.48890052762,3609,2879,2271,5438,1869,1452
2323,7455.866697814683,26390.11325329503,33845.97995110971,7.0554611977043225,10.967707742625496,0.054585212924686245,157524.15224234862,3475,3893,1391,6588,1315,856
2324,13154.925885199344,24265.472371952426,37420.39825715177,7.333264546222279,10.736742652213596,0.0546564671235467,157742.39804350233,3871,2919,1969,5955,1872,932
2325,9451.266710554417,25602.406662012527,35053.67337256695,7.139345359689232,10.801826427005919,0.05457868404317383,159440.873275349,3680,3251,1828,5099,2531,1129
2326,10890.049633564302,23719.63739749166,34609.68703105596,6.959558434577261,10.304214317428142,0.054753192941197903,161264.33559132717,4503,2468,1788,5093,2195,1471
2327,11719.589389728482,22129.168267299756,33848.75765702824,6.563329301951879,10.13605663061923,0.05475862495106241,160572.09853981098,4600,2633,1526,5066,2372,1321
2328,12025.172596878381,24558.04008753682,36583.2126844152,6.638641798541899,10.329448002022689,0.054619058079346305,157879.02361249653,4325,3002,1432,6134,1789,836
2329,10004.239483943042,25176.7130859564,35180.95256989944,6.465971446300654,10.560950395708554,0.054696551069494705,159133.91393013662,4053,2796,1910,5853,1752,1154
2330,14484.007014159864,23750.48182637686,38234.488840536724,7.569582995776353,10.256323381109095,0.05459397692813324,158139.83770615503,4768,1921,2070,5912,1802,1045
2331,11117.4671590248,24580.530812526555,35697.997971551355,7.104095499888557,10.452953353613989,0.0545089249010213,158618.07503253123,3851,2390,2518,5449,2225,1085
2332,10176.849887968163,23509.238813036485,33686.08870100465,7.414724573136107,10.226355657699814,0.054566939462500894,159287.20448182948,3813,3230,1716,5528,1991,1240
2333,10052.87122268772,24010.419285404038,34063.290508091755,6.443091441423543,10.311299730626674,0.05448530649465756,157917.127085116,4711,2741,1307,5763,1980,1016
2334,9051.349481222425,23555.20412311101,32606.553604333436,6.567267968446347,10.212951339063869,0.05452758011857924,160010.68184450004,4605,2376,1778,5077,2366,1316
2335,7111.361646365395,23761.899179527216,30873.260825892612,6.1458865849335895,10.32737911240447,0.05464189424841515,160270.0815764378,3755,2971,2033,5492,1872,1395
2336,13448.841719165133,23339.353463141204,36788.195182306335,6.057988637334394,10.184922483101937,0.05470899401259436,160033.51462133884,5522,2226,1011,5620,1887,1252
2337,9020.92471144043,25613.535130842436,34634.459842282864,6.462144876601667,10.667596156510779,0.054728565950088265,159530.0003509419,4618,2768,1373,6018,1638,1103
2338,6868.402584602399,24657.384242785876,31525.786827388274,6.455776767281736,10.543049825974776,0.054695636040597934,158943.51538365983,4218,2815,1726,5780,1785,1194
2339,14636.139256271783,22659.21449007598,37295.35374634776,6.888436772713134,10.064070695132726,0.0547298581125804,159679.966396209,4579,2349,1831,5913,1621,1225
2340,9518.190881259958,22688.732280419383,32206.92316167934,6.493146722024903,9.865470919455245,0.05471681132363805,160381.13046118125,5341,1795,1623,5661,1670,1428
2341,11398.524799248362,22784.612882638507,34183.13768188687,7.233359381530684,9.864773587861839,0.0548309288465672,159876.46823146075,4197,2354,2208,5071,2696,992
2342,6020.030928818108,22956.35960404473,28976.39053286284,6.70375691416175,9.950564654778342,0.054590437626617076,158745.69566759845,5332,1892,1535,5671,2123,965
2343,6375.861652477733,25423.9498844771,31799.811536954832,6.874263846598313,10.489668000799732,0.05454641904623049,160146.4870588226,4890,2468,1401,5823,1850,1086
2344,11818.980735259278,22916.272685103355,34735.253420362635,6.946038875363393,10.169206808590932,0.054506876651874224,159313.79036290638,5622,2052,1085,5614,1823,1322
2345,9586.526046352641,21637.392359540594,31223.918405893237,6.276577629053126,9.571845468513041,0.05514618038411474,161941.59860693582,4965,2385,1409,4457,2908,1394
2346,17512.683742696277,22823.381017368945,40336.06476006522,6.927273659015708,9.710501432563987,0.05499854114571121,159605.05735380217,4939,1919,1901,4718,2839,1202
2347,11127.334012266329,23172.59774350159,34299.93175576792,6.78618986259663,9.780371140295244,0.054733150556747455,160569.8342170282,4600,2443,1716,5352,1970,1437
2348,9292.01767708576,22584.482215550706,31876.499892636464,6.762733205152972,9.914601403999677,0.054499494442172246,159391.38925181498,4762,2520,1477,5244,2120,1395
2349,7278.098648005668,24209.166403409134,31487.2650514148,6.850013311986433,10.012505516687536,0.054556769445723984,160081.14468926718,4604,2489,1666,5368,2022,1369
2350,13389.84416322726,24955.06159183902,38344.905755066284,6.75318245110307,10.558524201394054,0.05463486537983506,158298.70988152042,4707,2759,1293,5921,1709,1129
2351,6862.568314045216,25700.693823355243,32563.26213740046,6.698832771025556,10.699204058875738,0.054600731325743945,159440.3213356876,4277,3156,1326,5990,1516,1253
2352,8780.54167069013,26515.492254349432,35296.03392503956,6.390602982029383,10.99579226532039,0.05454031682515852,158665.71419878898,4306,3434,1019,5912,1685,1162
2353,9421.655293275257,25517.187810562285,34938.84310383754,6.563397897091075,10.775672520855727,0.054744727490479705,159770.34521659816,3848,2862,2049,5730,1858,1171
2354,8508.601723488768,23345.603955696864,31854.20567918563,6.3178568306116745,10.292848776722096,0.054542778740632465,160054.8960327264,4895,2209,1655,5198,2253,1308
2355,12661.406585328295,25005.630559340552,37667.03714466885,7.278893079555803,10.541386400369467,0.05462360803587661,158991.44904529562,4586,3009,1164,5784,1659,1316
2356,12835.415061854757,23711.45403182447,36546.869093679226,6.746841782494096,10.409525956509167,0.05451141450870244,158432.64479666908,4982,2207,1570,5298,2299,1162
2357,8698.766814525437,23178.8176772728,31877.58449179824,7.301085558246984,10.24245208703098,0.05457887517867046,158925.8958493534,4801,2239,1719,5504,1986,1269
2358,9252.568479427675,24662.226943703336,33914.795423131014,6.750173114800019,10.43514461674487,0.054516721230027675,159190.28644662653,4168,3156,1435,5684,1911,1164
2359,9669.877124374492,25489.624202643176,35159.50132701767,6.706443361238284,10.553102427439038,0.05476857527365301,160160.90813246876,4114,2677,1968,5552,1999,1208
2360,10725.596902313717,25937.454620844066,36663.05152315778,6.627524335170032,10.799239123789356,0.05443764318110066,157806.02331479135,3699,3176,1884,6158,1693,908
2361,10771.043298916884,26216.525492222056,36987.56879113894,6.7660659024650345,10.865373326855844,0.05476726314402593,159302.36971592886,3014,3599,2146,6001,1569,1189
2362,10038.507148204828,24411.468905676076,34449.976053880906,6.560239339515734,10.63880065091345,0.05461955912876808,158957.28659610118,4979,2421,1359,5998,1557,1204
2363,7695.731630623652,24322.629094820913,32018.360725444567,6.893531036993593,10.478879500065792,0.05449244030462234,159488.2171716772,5247,2246,1266,5436,2151,1172
2364,10673.533142697595,25286.79308193203,35960.32622462963,6.44309607592182,10.705144763655406,0.05450708264971326,159869.15146452794,4326,3117,1316,5715,1652,1392
2365,9279.423186000904,24451.324504106884,33730.74769010779,6.4735730889393315,10.504880968418586,0.054576197477951296,159757.75621263782,4453,2196,2110,5528,1885,1346
2366,7505.300532063461,22616.876402633145,30122.176934696607,6.888053968037557,9.982212307986387,0.05484622732208677,161019.17068863253,4644,2758,1357,5096,2191,1472
2367,12761.224415514363,22705.3754145305,35466.59983004486,7.092682442175871,9.863014671430665,0.05464257526236395,159231.44616712147,4755,2825,1179,5012,2522,1225
2368,11520.255689637257,22559.268076471082,34079.52376610834,6.8331654913600435,9.839025542698698,0.05461918279112619,160516.65707844018,5310,1970,1479,4463,3021,1275
2369,12876.289779631375,23493.1797289194,36369.46950855078,7.222565324691576,9.909033878085602,0.054863315814609764,160718.5629920039,3945,2881,1933,4001,3575,1183
2370,10151.810722466727,22559.821174469544,32711.63189693627,7.479222138166221,9.706472812551763,0.05467293940601908,158677.06810406287,4399,2346,2014,5450,2086,1223
2371,11214.742656563227,24843.69378688859,36058.43644345182,7.298452710391655,10.350007142223905,0.05455107175146794,159081.8494047673,4970,2782,1007,5503,2218,1038
2372,3113.1207224567424,25693.649899068703,28806.770621525444,6.508394723561703,10.593549246905148,0.05462395619956407,158748.00366528827,4329,2723,1707,5729,1749,1281
2373,8905.20740146858,24041.87284702331,32947.08024849189,6.696052863760298,10.222265756767055,0.0544743353365509,158240.8078731633,3933,3388,1438,5582,1900,1277
2374,16020.989808740367,23752.992269304003,39773.98207804437,7.398460734278522,10.204379413730667,0.05447085205001239,157805.87871853466,4961,2233,1565,5723,1801,1235
2375,9160.405324253694,24735.16461172204,33895.569935975735,6.961413707227068,10.403455128170222,0.05457488768936991,158644.9257414668,4486,2666,1607,6179,1565,1015
2376,6811.180870644691,25029.606237112544,31840.787107757234,6.847469756927082,10.411313700701475,0.054583978096535195,158600.17626638396,4298,2695,1766,5837,1812,1110
2377,10679.497692381612,23468.397067441532,34147.894759823146,6.503965638937937,10.064739635590772,0.05481216452207125,160236.20978070868,3956,3100,1703,5002,2460,1297
2378,8939.82517503916,22748.28668531732,31688.111860356476,6.922500617252344,10.020058995343085,0.054544471904664084,159959.31598391567,5214,2308,1237,5152,2122,1485
2379,5727.602596688868,24312.93260314661,30040.53519983548,6.8244534214112065,10.22212981438758,0.05456270328329169,159679.4313519137,4406,2892,1461,5717,1828,1214
2380,5728.9662733014275,24927.573652788262,30656.53992608969,6.2368079378905374,10.527444994728642,0.05457615068889566,159061.22939320715,4643,2113,2003,5584,2078,1097
2381,8013.75942012755,26290.162769667684,34303.92218979524,6.302938831150444,10.77515109061298,0.05456927919019557,158026.58631107653,3902,2809,2048,6183,1697,879
2382,13721.75247038407,23264.835551724864,36986.58802210893,7.14400537386069,10.36521244699077,0.05453611276132769,158341.63338610728,4304,2833,1622,5785,2091,883
2383,6499.429497540103,26576.425515128685,33075.85501266879,6.336040638887246,10.901516573839224,0.054673611791725564,158529.45646157084,3949,3415,1395,5692,2002,1065
2384,12326.548246031938,23050.332943019173,35376.88118905111,7.5103218583503075,10.247579332386413,0.05464397557811498,157793.0156433782,4618,2663,1478,5921,1808,1030
2385,9535.137571862866,24076.308407614262,33611.445979477125,6.9177444619179775,10.356080331004529,0.05449942050741618,158277.2685483236,4542,2344,1873,5453,2189,1117
2386,10137.366147460178,23075.582607933124,33212.9487553933,7.3095258670865,10.015266668165816,0.05474959582098631,159239.59291492688,4398,1996,2365,5019,2691,1049
2387,13356.88137665212,24820.09955597606,38176.98093262818,6.955953423055257,10.395474662193696,0.054529662294704524,159157.79690822584,4014,2741,2004,5717,1834,1208
2388,11526.70229893511,24919.70309653263,36446.40539546774,6.901648777161346,10.486962789767224,0.05477927072414287,158882.53405505893,3818,2757,2184,5590,2256,913
2389,8584.379456580458,25034.26201100022,33618.64146758068,6.664738608438363,10.641827720999775,0.054621056817823206,158134.203347143,4091,3097,1571,6219,1729,811
2390,8564.021635913963,22983.039760475112,31547.061396389076,6.686101383499535,10.28899475117232,0.05448712576437418,159595.5807823955,5830,1353,1576,5921,1640,1198
2391,11369.319759826218,23390.99994480383,34760.31970463005,6.805961732514394,10.094920375817999,0.054655491097758684,159978.30444505776,5399,2179,1181,5536,1955,1268
2392,14306.476985935971,24049.70525497405,38356.18224091002,6.8608117313348895,10.295354228463685,0.05461559760280296,160488.55762339773,4495,2216,2048,5326,2022,1411
2393,15752.568182692283,23226.45623582284,38979.024418515124,7.215899883662516,10.09488966303833,0.05465983082559865,159198.9869749175,5435,2084,1240,5522,1953,1284
2394,9475.468198221952,25993.55692865591,35469.02512687787,6.6760900642688785,10.656539037296595,0.05470866892614209,158951.16794646284,4658,3064,1037,5691,2058,1010
2395,14802.281764203231,24585.991345287854,39388.273109491085,7.133803752505125,10.499894821057444,0.054488536415174774,158267.36724180117,4040,2694,2025,6146,1439,1174
2396,16305.043203240295,23153.36923186147,39458.41243510177,7.482303701570434,10.25250506863274,0.05443173828803469,157414.61258105395,4828,1995,1936,5894,1600,1265
2397,13001.957944982534,26664.649228051094,39666.607173033626,7.062867888950187,10.84554984917873,0.05444567073576447,158819.25585432837,3101,3399,2259,5972,1509,1278
2398,10395.642188488333,25147.26381631889,35542.90600480722,6.851814730805933,10.597085197123812,0.05467763146755785,160816.10639757445,4160,2711,1888,5821,1584,1354
2399,13232.523495255886,22945.2947263543,36177.818221610185,6.523351228887563,10.152199878815983,0.054919377518928364,161076.1747967718,4381,2639,1739,4880,2572,1307
2400,6925.79308770524,24773.626070661907,31699.41915836715,6.280794971451195,10.246969301332294,0.05469490762527747,159380.11588483676,4232,2684,1843,5748,1942,1069
2401,12493.54405032311,23029.308443725608,35522.85249404872,6.410253204234317,10.19294427612857,0.05449688887910189,159702.7389325293,4586,2401,1772,5571,1811,1377
2402,9590.916412552739,23780.591722124365,33371.508134677104,6.562780051402012,10.1676170216572,0.05448764590331516,159529.2161649446,4800,2672,1287,4872,2570,1317
2403,10517.363025890152,23911.048363909413,34428.41138979956,6.7246291700659935,10.250859462620106,0.054463114393532026,160883.6436877606,5057,2724,978,5155,2075,1529
2404,12063.46633771153,25040.229696950842,37103.696034662375,6.78315313385788,10.552856660454182,0.05457032173866852,159547.28462803437,4081,2959,1719,5854,1595,1310
2405,9994.46866972026,23546.95572968358,33541.42439940384,7.262511326789005,10.25597073006184,0.054554350629414494,158614.27091425308,5816,1648,1295,5826,1655,1278
2406,11726.26291861842,23704.428082596118,35430.69100121454,6.759631378402847,10.260842665028951,0.05454401407436738,160658.5360490904,5005,2336,1418,5179,1996,1584
2407,11923.967757803985,23030.1714484762,34954.13920628019,6.381473462044379,10.140184946875646,0.05452830165477911,159894.12742118057,5433,2284,1042,4983,2445,1331
2408,14170.973737699062,25337.18475863925,39508.158496338314,6.560833571038661,10.540365665982158,0.05456699018372727,158221.361334024,4286,2548,1925,6126,1557,1076
2409,11492.123219880485,22844.026875136005,34336.15009501649,6.691669597267121,10.063867202634931,0.054675356772807396,159932.2184919334,4380,3168,1211,5379,2055,1325
2410,9790.599682645141,24446.714424502617,34237.31410714776,6.51938400780318,10.393509689371273,0.05449167151264997,160277.1880365247,4639,2377,1743,5599,2114,1046
2411,9523.804575513475,26776.722367056886,36300.52694257036,6.6034377937718,10.984461859208027,0.054471891864525016,157631.9126895638,4455,2810,1494,6377,1549,833
2412,10658.333222983123,24177.127804973607,34835.46102795673,6.554946728962045,10.528848019185112,0.05456087383167815,160380.45722900194,4702,3076,981,5856,1586,1317
2413,11740.340630473405,23822.57249834565,35562.913128819055,6.701165115558646,10.334472544856705,0.0544855975258384,158823.67272564722,4303,2619,1837,5712,1809,1238
2414,10706.080586674736,23100.48045882706,33806.561045501796,6.852059337921178,10.135532096344642,0.054602290045871776,159993.0589974146,5335,1747,1677,5289,1897,1573
2415,13594.971818809738,23960.606777493154,37555.57859630289,7.247777959624455,10.163066863597871,0.05475203797322754,159524.35044717672,4262,2766,1731,5632,1920,1207
2416,12268.688997385696,24488.894997481042,36757.58399486674,6.743332838703699,10.181003152686113,0.054852738010052526,158664.63397316105,4944,2783,1032,5752,2176,831
2417,8677.920261775113,22940.231415455342,31618.151677230453,6.220729261013331,10.05992393135906,0.05463104012520489,159712.8972975042,5756,1834,1169,5451,2023,1285
2418,7643.706362272855,25776.69650942134,33420.4028716942,5.955737325023633,10.508149822969468,0.05459697986235572,158543.25985074247,3324,4156,1279,5929,1552,1278
2419,9831.384444707997,24814.47379590711,34645.85824061511,6.064036102510564,10.605258966992992,0.05455622649979804,159543.96344932655,3877,2753,2129,5687,1699,1373
2420,11738.756950750994,24351.421133068525,36090.17808381952,6.9254245823636955,10.338443809903735,0.05457651443948634,159585.3170858463,4797,2607,1355,5171,2092,1496
2421,10089.050890205584,23179.809768793613,33268.8606589992,7.14087545230656,10.167675266615976,0.05480705441944522,161271.466610078,4437,2617,1705,4897,2521,1341
2422,13435.926067303893,23887.30200019837,37323.22806750226,6.343713514515193,10.007933987908627,0.054665967068400205,158955.65306168847,4238,2951,1570,5595,2108,1056
2423,10485.832324638443,25899.969680448747,36385.802005087186,6.623192644126203,10.668239401176391,0.05444573712213644,159920.3375569119,4186,3242,1331,6401,1223,1135
2424,9639.81603280109,23314.768108071956,32954.58414087305,6.474171022235806,10.168964190541622,0.05466131868311873,158879.9406435771,5442,1446,1871,5962,1619,1178
2425,16689.34180857344,23860.98256260853,40550.32437118197,6.955062886819145,10.304605564215118,0.054864633176468385,160371.63377701116,3295,4003,1461,5839,1995,925
2426,13495.47780693394,25259.244643224025,38754.72245015796,7.154533304867473,10.561139414596077,0.054536337937193445,156971.70399820086,4983,2670,1106,6275,1739,745
2427,12333.8342650047,23917.02006889827,36250.85433390297,7.168777513165054,10.423794144660993,0.05445912665080081,158160.729357714,4776,2293,1690,5862,1897,1000
2428,11029.726662638055,23224.39442605156,34254.121088689615,6.549449294337436,10.052535859476881,0.05482538179031709,160237.83874576795,4287,3027,1445,5068,2450,1241
2429,12307.2919190616,23718.680439564116,36025.97235862572,7.110342914465598,10.179085058089749,0.054496078592180024,159319.0743095135,4904,1871,1984,5641,1593,1525
2430,12394.172347875032,24882.15023432749,37276.32258220253,6.768485569479333,10.25347852494443,0.054593801624763544,160809.74882522493,4230,2526,2003,5901,1478,1380
2431,11310.537694979934,22762.25444434892,34072.792139328856,7.089510792554144,9.87073946526365,0.054636957964029835,158681.19423448638,5089,1879,1791,5609,2261,889
2432,11947.347469624006,23452.82305875743,35400.17052838144,7.173875499919113,10.08170156937096,0.05456261634970168,158842.0181056576,4392,2234,2133,5468,2306,985
2433,12179.894983853781,24541.71027595313,36721.60525980691,6.754264323273271,10.18848032270599,0.05459496381620099,157905.2479291533,5015,2033,1711,5958,1771,1030
2434,14252.604152177903,24184.6272392099,38437.2313913878,7.195854673265574,10.301312418508715,0.05461185083298226,158262.52152665379,5027,2415,1317,5740,1662,1357
2435,9273.791778834175,23878.508320467306,33152.30009930148,6.617579156671178,10.222391249803417,0.05443305712577839,158008.78331441,4357,2862,1540,5640,2030,1089
2436,11780.34833820253,21423.50504806945,33203.85338627198,7.127782432370508,9.407915872531673,0.05513038912619637,161225.36677816862,4723,2368,1668,4566,3106,1087
2437,16746.51248334109,23431.62041422487,40178.132897565956,7.782262404340758,9.785500590246059,0.055148079804001854,159942.738590265,3834,3403,1522,5552,2272,935
2438,9931.458376196999,23350.791285323765,33282.249661520764,6.605756357144513,9.831380714710921,0.05468470294099044,159407.1855906269,4655,2114,1990,5823,1750,1186
2439,10542.457300081569,23705.474530682437,34247.931830764006,6.807567779499494,10.076072242208504,0.054540317958101193,159710.80261899324,4080,3157,1522,5423,1866,1470
2440,11283.297225391429,26928.740289842062,38212.03751523349,6.276900525358742,10.780719540354976,0.05455335218155396,159155.0339119269,3587,3863,1309,6239,1343,1177
2441,11559.397791840536,23281.293773557103,34840.69156539764,5.970463137037928,10.148741019559248,0.054874508106856866,161057.7526466072,4740,2530,1489,5550,1774,1435
2442,11437.418012640075,25670.498109206383,37107.91612184646,6.604181815335095,10.520521969724284,0.054678619286554035,159653.08834616345,4167,3189,1403,5664,1951,1144
2443,13328.91284033167,23271.1455801525,36600.05842048417,6.756414426659149,10.289856335522552,0.05455609552313353,159050.78436817278,5247,2388,1124,5857,1580,1322
2444,10717.334942366757,23715.243273628443,34432.5782159952,6.506405895036975,10.125694042176791,0.054733402372663685,158606.00886603678,4846,1964,1949,5341,2375,1043
2445,10892.55449677832,26630.63635321379,37523.19084999211,6.444067836193846,10.679907915029007,0.054532141273479495,159519.1505865425,3094,4018,1647,6157,1344,1258
2446,14506.192275071815,23422.666941467574,37928.85921653939,6.942028388718796,10.27888931515585,0.054518524957582616,159550.33743093468,4994,2402,1363,5710,1787,1262
2447,10566.0693616412,24647.02698455438,35213.09634619558,6.8103989748113,10.37288288005105,0.05456048736671227,158823.54040672744,5211,1879,1669,5905,1589,1265
2448,12320.907486974082,25904.28118851879,38225.18867549287,6.594362014442371,10.648615623780497,0.054721724125647464,158745.75900215257,4261,3146,1352,5623,2226,910
2449,12820.379363380482,25591.126659648344,38411.50602302882,6.295642756011709,10.63189366697483,0.05450401378292892,158965.04021062376,4711,2616,1432,5958,1595,1206
2450,11705.888295220497,23275.089968748474,34980.97826396897,6.729320121436171,10.152579166611082,0.05464543964175929,159600.5524488242,4841,1828,2090,5335,1959,1465
2451,15463.916633189656,22956.806103795785,38420.72273698544,7.119121217363674,10.028724401255639,0.054540311427151274,160021.65995074468,4762,2294,1703,5254,1833,1672
2452,15067.336966817908,24692.70890860007,39760.04587541798,7.20648070987254,10.300938804892512,0.05450165954519398,156932.6659652585,4212,2888,1659,6457,1616,686
2453,12491.82875226744,25472.35820472246,37964.1869569899,7.0412286221013165,10.654814469198087,0.054532895339062734,159041.33025409456,4664,3106,989,5944,1575,1240
2454,12114.633396685103,23409.60084003703,35524.234236722135,6.484028265262881,10.20650629423438,0.05481995228620224,161268.69466263254,4405,2741,1613,5220,2174,1365
2455,15076.231884751724,22587.387758197063,37663.61964294879,6.916849371044393,9.84108833824099,0.054717441717270436,158608.3054145953,5715,1621,1423,5486,2268,1005
2456,10021.46396366902,23280.24946001491,33301.713423683934,6.637637541108632,9.86768657473445,0.05459142237001104,159053.62518341525,5726,2087,946,5723,1824,1212
2457,12674.988864073142,24503.52885104062,37178.51771511376,6.848446785193684,10.12336819330177,0.05468145128691253,158753.7336337722,4763,2452,1544,5414,2273,1072
2458,13209.16198824332,24238.125643131447,37447.28763137477,6.843488206572566,10.201732708862812,0.05451942550126867,157786.20314867533,4731,2154,1874,5850,1870,1039
2459,11508.969017692625,23108.872188087727,34617.84120578035,6.554184525001421,9.977977797232386,0.054531099921276006,158527.7534341799,4312,2772,1675,6095,1654,1010
2460,11311.052741319327,23010.93062435497,34321.9833656743,6.375793735333591,9.887188211143641,0.054723396953455586,158997.51665157604,4757,2934,1068,5277,2482,1000
2461,9571.955869443389,25727.93293025236,35299.88879969575,6.666869095865042,10.394378253039616,0.0546114824792183,158959.90958491902,4566,2492,1701,5959,1843,957
2462,10365.747479294423,25013.048869101727,35378.79634839615,6.9435723139131715,10.555951514120425,0.05448772367743702,158061.08060863064,3616,2794,2349,5744,1950,1065
2463,12278.40203321887,24225.468675027118,36503.87070824599,6.599983648473838,10.139169286157893,0.054539360233071786,158972.2063909666,5315,1940,1504,5295,2531,933
2464,11729.254476253045,24291.049855449048,36020.30433170209,6.3998142244291,10.265277606078063,0.0546455604838023,160168.52592811096,4614,2354,1791,5037,2378,1344
2465,11721.761924907405,24638.41464379127,36360.17656869868,6.592104244194374,10.297707202922995,0.05456469220396901,159283.91888778136,3970,2636,2153,5340,2162,1257
2466,14466.849541938038,22588.257357141105,37055.10689907914,6.453826916642755,9.964843693895226,0.05463577989450231,159722.67041612903,5196,2152,1411,5034,2647,1078
2467,13802.799732253725,22851.35432095748,36654.154053211205,6.7661700623972445,9.72926206597753,0.054803592210933796,160028.0925324065,4987,2369,1403,4906,2670,1183
2468,12973.275336239078,23973.04760416493,36946.32294040401,6.684577796854241,10.154216920875141,0.054567429894845136,158057.6452954016,4851,2175,1733,5815,1955,989
2469,13376.24259528526,24649.655726657988,38025.89832194325,6.932572710950113,10.32733232728745,0.05449093344507065,158050.11882645934,4839,2574,1346,5772,1878,1109
2470,13962.488012395617,23949.941235508773,37912.429247904394,6.9179255892349305,10.08586947683882,0.05460626251914912,159157.44329631666,4249,2573,1937,5281,2299,1179
2471,14253.157287846789,21948.54308945697,36201.70037730376,7.001350197185667,9.53402568269554,0.054820144752868845,160680.32334316077,5244,1937,1578,4505,3191,1063
2472,15713.40591885342,23695.136131276864,39408.54205013029,7.371893663623742,9.992427577844516,0.05447509711528143,158737.9092929526,5115,1702,1942,5757,1851,1151
2473,19006.019247626456,22632.310902048735,41638.330149675196,7.453346839815036,9.781946449040634,0.05459248937076973,158410.06311681954,5430,1496,1833,5832,1786,1141
2474,9763.253803005404,23949.715129944827,33712.96893295023,6.80838195285472,10.0990313215729,0.05464818042203631,160212.51493768368,5122,2002,1635,5782,1529,1448
2475,11768.357357434994,25281.567702234915,37049.92505966991,6.82353596148485,10.218235826900072,0.054816190858653545,159624.9784139635,3417,3418,1924,6137,1564,1058
2476,10742.203971699235,26595.295853353597,37337.49982505283,6.092735787245277,10.80495159279215,0.054651623451579236,157663.7697428643,4133,2632,1994,6534,1287,938
2477,12385.367535369935,24699.411474100478,37084.77900947041,6.890425503918417,10.440054430029653,0.05444928857415964,158524.6351946915,4082,2927,1750,6331,1349,1079
2478,12446.5526034521,22684.89284905149,35131.44545250359,7.09065423231461,9.891249365640345,0.05455923143903994,160207.56579195277,5344,1888,1527,5558,1524,1677
2479,10845.764141055011,20910.59702507232,31756.36116612733,6.637136483017586,9.303735370006635,0.05491139573036659,161630.06309553416,5167,2345,1247,4306,2714,1739
2480,7881.288406084482,24669.009129754108,32550.29753583859,6.228890171752893,10.015714696705759,0.05452321700930212,160093.1794369424,3757,3714,1288,5575,1954,1230
2481,6813.146138761802,25559.081767296793,32372.227906058593,5.755691516484077,10.233177546965344,0.05445464777701879,159421.98174713907,4252,2476,2031,5721,1883,1155
2482,12320.681081948354,25085.339751414103,37406.02083336246,5.666361852772572,10.214345824219814,0.05467147587922943,160736.19879057613,4215,2972,1572,5128,2320,1311
2483,13439.14033322171,24015.868899568144,37455.00923278985,6.331471997532216,10.201533983725414,0.05469930699985506,159915.50708682594,4004,2804,1951,5584,1858,1317
2484,10770.887095033426,24223.98978182653,34994.876876859955,5.988679966336192,10.209615906992838,0.054494081360597364,160103.90788853492,4187,2316,2256,5596,1970,1193
2485,15377.757646607835,23820.601164831245,39198.35881143908,6.437474683738775,10.337990039546654,0.0545205482683361,159693.5945516042,5027,2426,1306,5901,1322,1536
2486,12061.800831769711,25316.519332943986,37378.320164713696,6.424797474364875,10.49244547262433,0.05457412100413631,157419.14449653175,4488,3070,1201,5997,2042,720
2487,10800.56319182431,25976.2329666299,36776.79615845421,5.907329198253243,10.705350728079411,0.054556760633272666,159383.5708773232,4521,2680,1558,6000,1696,1063
2488,13014.56618700612,24257.608802299994,37272.17498930611,6.697728427373973,10.516143527695341,0.05448338032229892,158103.1359294332,4076,2064,2619,5768,1718,1273
2489,11704.043841632127,25881.24634341212,37585.29018504424,6.728837186856951,10.738447155238521,0.054526848691463854,157873.6313738175,4525,2670,1564,5930,1742,1087
2490,11570.096161514999,28087.56778077264,39657.66394228764,6.537142140830108,11.274036107446738,0.05440085773403552,156965.07799773788,4030,3167,1562,6612,1348,799
2491,10413.039289885019,26052.46339258389,36465.50268246891,6.333189692870814,10.862043102495823,0.0546281101869416,157801.24231117056,4311,3397,1051,6122,1798,839
2492,11606.47703434675,25005.162147662384,36611.63918200914,6.545711954896569,10.731547353725697,0.054489760163451854,160510.5336948653,3953,2531,2275,5247,2060,1452
2493,15535.783183059995,22064.67524756862,37600.45843062861,6.761505273195406,10.028751436554423,0.05471318331835792,159935.37686943187,5316,1920,1523,5254,2113,1392
2494,12097.167938725848,25584.529328830406,37681.69726755626,6.7275460847895445,10.609725514255603,0.05450702381571208,159727.18513586884,4273,3261,1225,6020,1728,1011
2495,11382.942399887499,27172.732616040492,38555.67501592799,6.398470273653978,10.969883350005045,0.05462026935776824,157023.94750830746,3586,2842,2331,6542,1522,695
2496,10510.215228743897,24418.332038936052,34928.54726767995,6.200371535248395,10.591331546764934,0.05465629470978307,160078.30986743025,4452,2192,2115,5581,1805,1373
2497,11056.702781194203,22259.6261413656,33316.3289225598,6.736006687273179,9.76896472890096,0.05516361249740642,160621.08219929945,4674,2408,1677,4821,2536,1402
2498,13411.911734891502,25943.68265319726,39355.594388088764,6.59587887962916,10.350653725290512,0.05484948344973341,159114.0328975289,3580,3693,1486,6170,1814,775
2499,15114.920907878612,25148.033263308742,40262.95417118735,6.277938705752724,10.413129007556469,0.05478974236276767,161111.20517846948,3634,3226,1899,5880,1888,991
2500,12379.970642067245,24633.463455622088,37013.43409768933,6.751055209118061,10.360590466181518,0.054634790254490403,159967.9721616827,4116,2843,1800,5289,2382,1088
2501,14645.282327374469,25350.018227285407,39995.30055465987,6.31470601317353,10.55985015696114,0.05464322967137367,159722.170088728,4316,3010,1433,6183,1348,1228
2502,10798.274187868346,24473.74678058378,35272.020968452125,6.736770044539275,10.296688202038721,0.05456831750537057,160729.1014417228,4372,2723,1664,5571,1643,1545
2503,8648.541805581528,22798.938432189305,31447.480237770833,6.528759701733576,10.061056442680517,0.05473722186355561,161513.74985202175,4565,2793,1401,5046,2267,1446
2504,11911.686081517455,26270.308299348002,38181.99438086546,6.3174972276531145,10.491634510720925,0.05447910833806874,158241.91788171913,4295,2559,1905,5904,1924,931
2505,10215.520108259594,26595.328735807332,36810.848844066924,6.083392949954948,10.830798432297803,0.05451534770937451,157940.6992623214,4327,2714,1718,6070,1753,936
2506,11509.608688482615,25351.980839625754,36861.589528108365,6.694184149670888,10.714058086256022,0.05447873517081317,158411.8820391448,4385,2777,1597,6011,1606,1142
2507,12468.330585692278,24311.320219038964,36779.65080473124,6.793516165349314,10.478590237022413,0.05458719085596056,159203.5309080484,4596,2671,1492,5717,1803,1239
2508,15877.967555440951,23513.773612814286,39391.741168255234,6.951843832309546,10.303989342674313,0.054644953901687034,159545.22209243986,4686,2922,1151,5148,2215,1396
2509,13474.548939454819,23817.6484650914,37292.19740454622,6.656103289258327,10.173209206098756,0.05455692953468198,160819.13194279184,5028,2609,1122,5702,1775,1282
2510,11743.146221627825,25270.85745930891,37014.00368093674,6.488421576346767,10.529576480002989,0.05467334532115044,160237.0521529864,3723,2570,2466,5677,1904,1178
2511,11730.915599340897,23584.245607980232,35315.16120732113,6.72672638916147,10.250020569571035,0.05450646896513392,158818.73431720142,4434,2425,1900,6127,1368,1264
2512,12445.501580626285,23431.073214135875,35876.57479476216,6.720924541135407,9.99213342703859,0.05465767136531227,159847.29263042068,4081,3371,1307,5311,2156,1292
2513,10917.221273824329,22064.28837519556,32981.50964901989,6.3657555158533725,9.60091788226137,0.05509858766891367,162767.22003726545,4896,2341,1522,4593,2878,1288
2514,14064.357643024356,25321.436279520927,39385.79392254529,6.724943946617896,10.20940778869479,0.05473831058688588,157057.76970810854,4068,2996,1695,6312,1757,690
2515,11099.729080846355,24346.942182488565,35446.67126333492,5.738463467719505,10.178414697211409,0.05480282330096389,158959.90313697522,3501,3483,1775,5938,1873,948
2516,7578.534060776341,25957.568105288006,33536.102166064346,6.0725708955176545,10.638365473682581,0.054601314460285974,158681.9085400029,3709,3304,1746,6270,1596,893
2517,13145.587130950385,24369.961056308395,37515.548187258784,6.335436326418256,10.295364927875717,0.05459749929664952,159596.77664117777,4307,3477,975,5774,1890,1095
2518,10856.480577440983,24085.64710970359,34942.12768714457,6.010973330074061,10.186863206550422,0.054648577347324194,160736.70426553002,3510,3001,2248,5167,2470,1122
2519,15672.281518944614,23092.266677081003,38764.548196025615,6.35963401908325,9.9675607082053,0.05447854061731777,160461.6545343432,4763,2806,1190,5370,2103,1286
2520,15053.185290228756,22450.303707112056,37503.48899734081,6.80462464949323,9.844200697898659,0.054597419811836925,159415.59062823438,5383,1461,1915,5280,2244,1235
2521,15315.861108167986,25038.540890029966,40354.40199819795,6.800865633338738,10.233158957750064,0.05460929064830709,158474.38860932586,4935,2596,1228,5823,1700,1236
2522,10404.174998166547,24483.42353937727,34887.59853754382,6.083633043588116,10.229092629714653,0.054563362039386824,161191.6342002412,4459,2913,1387,5747,1583,1429
2523,8991.019910988374,23780.6983510217,32771.71826201007,6.832345755989271,10.122606454250644,0.054526661293491596,160196.0397233447,5464,1785,1510,5680,1621,1458
2524,14936.458234160136,22682.13488005676,37618.5931142169,7.095581634544315,9.959563954939625,0.05451908431570318,159771.01660552833,5613,1279,1867,5611,1723,1425
2525,11206.747885167479,24924.55909993105,36131.306985098534,6.742801937874834,10.261063291081243,0.054629415738964425,157680.11489623363,4139,3126,1494,6013,1953,793
2526,13384.216297209641,26217.38404592058,39601.60034313022,6.742691003110845,10.561009717535374,0.05458466273659645,157947.83659605513,3912,3393,1454,6306,1355,1098
2527,11217.172280606677,24553.139148718616,35770.311429325295,6.524201332399012,10.434635281593478,0.05447175274121182,158780.19549179348,4714,2857,1188,5671,1812,1276
2528,12998.571848686575,25114.56797699526,38113.139825681836,6.69749996595372,10.672139575681008,0.054503588145515904,157983.18094686334,4046,2595,2118,6238,1412,1109
2529,11931.135098895913,25801.707116799087,37732.842215695,6.594627209832571,10.79002688177668,0.054579560220728206,159131.2339756755,4192,3180,1387,6048,1560,1151
2530,12096.497610792192,24215.42601930692,36311.92363009911,6.727700652318651,10.38071656678727,0.05469525726330347,159956.5626886277,5121,2288,1350,5296,2079,1384
2531,15321.961708043122,24547.025240991003,39868.98694903412,6.515485093259627,10.363935959036889,0.05445518277742371,158458.2501892783,4602,2165,1992,5865,1804,1090
2532,10705.41647211648,23240.986546417418,33946.4030185339,6.856736743161229,10.173595181829628,0.054567038628394134,159579.92265836455,4712,2001,2046,5890,1572,1297
2533,15079.861047064627,23660.58629496924,38740.44734203386,6.779717366462331,10.072872699617605,0.054629315926121955,160218.49919142175,4619,2738,1402,5269,2025,1465
2534,12518.00093591412,24669.784313325792,37187.78524923991,6.565848216742527,10.22428160826515,0.05467692737376261,160389.4206858711,3520,3326,1913,5319,2355,1085
2535,13726.046205521372,23253.752570546705,36979.79877606808,6.602702740772424,10.235182953679692,0.05457584613051019,158042.79682236272,4403,2085,2271,5615,2153,991
2536,10071.736435283678,26557.45876692282,36629.195202206494,6.67158347039362,10.640003632303479,0.05444368830735554,158385.41239306144,4112,2959,1688,5811,1873,1075
2537,14695.159211921262,22739.40467436422,37434.56388628548,6.850521173268156,10.08043655147941,0.0545875150079531,160330.78665353582,5524,1643,1592,5039,2152,1568
2538,13052.489077337637,24034.021002650443,37086.51007998808,6.674209930112019,10.193351708563428,0.05454513695445363,159017.02332088858,3835,2871,2053,5810,1651,1298
2539,13798.001400953888,26692.969463930196,40490.97086488408,6.724654520752749,10.756805318173948,0.054600349259706776,158987.06376610306,4491,2649,1619,6707,1037,1015
2540,10592.152325827226,25623.345761936966,36215.498087764194,6.152332242086119,10.547652571888452,0.054550499860877476,157462.400900358,3562,3761,1436,6517,1363,879
2541,14807.308492027792,23472.181244327443,38279.48973635524,6.8722766220182345,10.174916977939063,0.054533804030477175,158860.38620064562,5179,1739,1841,5786,1836,1137
2542,16935.71799522848,23733.371799426277,40669.089794654756,7.630677990189155,10.098172292023873,0.054566656927150646,159201.3474753995,5528,2207,1024,5563,1965,1231
2543,9924.636281636787,23733.40167319893,33658.037954835716,6.4832725984871376,9.994814631233245,0.05457799695797189,159591.89684822506,4821,1729,2209,4901,2384,1474
2544,10003.190266679783,25870.444908030502,35873.63517471029,6.011363350125817,10.53641514257392,0.054718954517799456,160334.8142670392,3744,3515,1500,5485,2152,1122
2545,11675.769883102608,24071.627142158562,35747.39702526117,5.807336948591404,10.054682807276405,0.05515061311762132,161249.7883919825,4299,3110,1350,4654,3173,932
2546,17032.492374381032,23727.57289727164,40760.06527165267,6.901096121897002,10.055881918653585,0.054720324716047576,158922.53543703654,4114,1874,2771,5508,2119,1132
2547,13773.524363405048,22650.13070583891,36423.655069243956,7.026353986614731,9.798821031659601,0.054751684311493985,161418.39792255074,4037,2854,1868,4381,3000,1378
2548,15106.401692396315,24307.98039408945,39414.38208648576,6.860517004864545,9.960084161151928,0.054685944069718835,159342.1484238244,3752,3012,1995,5247,2555,957
2549,15674.869629416096,24700.88698324518,40375.75661266127,7.124656373772229,10.192850499288364,0.05450398622864052,158827.65561124933,3975,2893,1891,5981,1820,958
2550,9816.605375649158,25770.421534731417,35587.02691038058,6.580049839478286,10.684289220377988,0.05458827068632063,158081.9194181148,3008,4092,1659,5888,2104,767
2551,12341.552226662143,23262.643278057618,35604.19550471976,6.596388553062479,10.048790906427326,0.0546411868050729,159989.878469164,4521,2189,2049,5533,2089,1137
2552,12264.43871724666,24619.266321456023,36883.70503870268,6.545762086229009,10.210530842203182,0.05453299688427395,157930.55216998066,3979,2310,2470,5606,2191,962
2553,12900.967314878515,24701.291328084873,37602.25864296339,6.560694105050013,10.22169437016082,0.05453399768808901,160333.31312620282,4424,2327,2008,5702,1985,1072
2554,12670.757538188824,25346.69071866946,38017.44825685828,6.410413448106873,10.371307012069277,0.05461892396376133,159565.88071407028,4234,2984,1541,5685,2053,1021
2555,17062.16206312449,23566.522078253274,40628.684141377766,6.602527932690109,10.056539775055999,0.054863463833990746,160220.0911199015,3980,3329,1450,5085,2609,1065
2556,13708.75862857349,26555.47567956119,40264.23430813468,6.2869991132192,10.694801368365646,0.05443800446024582,159834.5371998579,4585,3044,1130,6352,1152,1255
2557,13137.08070080349,24244.950864280203,37382.03156508369,6.687499067433864,10.197288324502354,0.0546165725654005,158814.50705886495,4494,2827,1438,5930,1701,1128
2558,11448.54227145875,22120.744341051603,33569.286612510354,6.475671350276083,9.827386038185152,0.05456783729594974,161414.24083579378,4408,2858,1493,5098,2097,1564
2559,16402.278119784132,22475.96376775008,38878.24188753421,6.85964972962431,9.651568942413997,0.05466651641232272,160460.4152483172,4645,2774,1340,4623,2952,1184
2560,12420.870507281616,25390.243022832765,37811.11353011438,6.095006395298759,10.125384142374106,0.05468525130314961,159819.2471217856,3740,2841,2178,5029,2891,839
2561,12068.048876606163,22511.7762845331,34579.82516113926,6.4638470504044925,9.653926467137964,0.054488738945767536,160020.75699164585,5086,1878,1795,4475,3144,1140
2562,12958.824950604483,23504.704157415817,36463.5291080203,7.234539101739024,9.730837338051643,0.05454435227516784,159567.7575623589,4700,2335,1724,5196,2300,1263
2563,14153.587800041209,25465.496360662288,39619.084160703496,6.556768422728987,10.238471567945385,0.0545575025139539,158064.85476347466,5123,2486,1150,6258,1526,975
2564,12490.9197189662,25900.7895781707,38391.7092971369,6.331511289693425,10.453051770355788,0.05459594028097827,158436.78017114516,4099,3006,1654,5936,1916,907
2565,11496.11494804569,26568.521836769865,38064.63678481556,6.171592002869123,10.786731053133616,0.05462782449231939,158246.7408787196,3637,3617,1505,5877,1937,945
2566,15487.698477246477,23251.182593897705,38738.881071144184,6.77398672177643,10.11663075804169,0.05467524037867738,160323.5815166243,5073,2392,1294,5216,2290,1253
2567,9685.0750282122,26526.537436995663,36211.612465207865,5.899752927871076,10.646993376367782,0.05450533989336291,159736.83888759877,4111,3125,1523,5744,1827,1188
2568,15584.140382893262,23900.293416332348,39484.43379922561,6.396565656331446,10.230462572506882,0.054572024441451844,159321.29862809117,4568,2901,1290,5526,2097,1136
2569,17145.65876138363,23468.266375082807,40613.92513646644,7.042012507771795,10.195729748537968,0.05440747060892385,158805.71366707564,5401,1789,1569,5437,2207,1115
2570,16756.766262130717,22558.930863733483,39315.6971258642,7.2706156594287465,9.809725616369358,0.05449838730914977,159372.6780862757,5539,1601,1619,5132,2250,1377
2571,11702.290184662204,23676.792082001994,35379.0822666642,6.584809336758175,9.923724255025132,0.0545519516692107,158714.1375655046,4817,2288,1654,5456,2113,1190
2572,11592.95306340799,25027.450699107074,36620.40376251507,6.330656851389275,10.249242584202861,0.05452545378678152,158802.85772704432,4750,2554,1455,5634,1755,1370
2573,12761.362825462325,25621.774139261324,38383.13696472365,6.052174982373942,10.561079384983096,0.05461716492392766,157744.8470719349,4020,2482,2257,6380,1236,1143
2574,13421.14789581911,25974.676806729614,39395.82470254872,6.660104335212191,10.692098858036228,0.05448252385298896,157973.30683072945,4251,3086,1422,6390,1380,989
2575,17025.17898462986,24603.046559838378,41628.22554446824,6.96792994337304,10.557071151499711,0.05456790742990317,159489.44122861675,4574,2256,1929,5607,1917,1235
2576,9438.742902836022,24480.981403207315,33919.72430604334,6.573875173832432,10.39934841243195,0.054498975893380826,158577.20295398968,4408,2707,1644,5664,1987,1108
2577,14528.704184732627,23926.142746097834,38454.84693083046,6.897460160529283,10.161231507633486,0.0546096209268137,159360.85051899607,4661,2091,2007,5508,1674,1577
2578,13331.334452854499,25097.745248057567,38429.079700912065,6.573962722675693,10.436460759679752,0.054610197051721036,159642.68530199147,3962,3150,1647,5782,1595,1382
2579,13795.08606255321,23426.117673916506,37221.20373646972,6.8479708038661515,10.200557221020249,0.05446389905109255,159536.583845288,4883,2549,1327,5961,1457,1341
2580,13254.510922878977,26668.903424505028,39923.41434738401,6.850678807951,10.81208724220741,0.05452658921995894,158608.88490280305,4022,3088,1649,6578,1071,1110
2581,10819.076549013962,26593.345002772014,37412.42155178598,6.240513935595374,10.85757237756019,0.054538408029242987,157546.0076250824,3854,2780,2125,6640,1149,970
2582,10094.725459149111,25054.816128494906,35149.54158764402,5.98170869613958,10.539623326014715,0.054633769715533805,158604.09375762337,4153,3084,1522,6360,1314,1085
2583,10584.804626683283,26071.43437672564,36656.23900340892,6.035543913421869,10.727840032904643,0.05444824997186033,161303.8901219326,4357,2892,1510,5840,1261,1658
2584,11835.318742026662,23258.99665525466,35094.31539728132,6.543926382479361,10.092306797112288,0.05474258833657618,160064.842626718,4362,2420,1977,5254,2122,1383
2585,16018.310249191047,25552.769988717115,41571.08023790816,6.759786501887253,10.586247462464641,0.05450898678625092,159890.7515204786,3512,3870,1377,5809,1849,1101
2586,15430.50940832034,25317.80417971546,40748.3135880358,7.138054160292336,10.569311284037745,0.0545315608888288,158290.10510262937,4528,2606,1625,6677,995,1087
2587,12348.615136305312,22184.35602283705,34532.97115914236,6.865148045111395,9.801296313454738,0.054618486349171436,161515.84228687212,5186,2505,1068,5051,2035,1673
2588,16863.57341562917,23991.94092738865,40855.514343017814,7.451142620300951,10.037559631297826,0.05457433184670937,158852.72028710466,4749,2201,1809,5534,2126,1099
2589,14119.103448532693,22375.88877976653,36494.99222829922,7.0093971859795365,9.563649552676491,0.05518171664408868,162086.97434538088,4625,2526,1608,4650,2643,1466
2590,10617.634889495836,23382.780146417033,34000.41503591287,6.541538484401882,9.52646195659673,0.05546858711047723,161198.02423384227,3410,3636,1713,4851,3143,765
2591,14963.895721977586,22060.097317299398,37023.99303927698,6.956304423627983,9.484757446957106,0.0548716938063345,158919.7502798477,5199,2474,1086,5467,2340,952
2592,17263.643989584107,23592.649472807923,40856.29346239203,6.845842696800841,9.716348281089028,0.05477028977853856,159156.9679416455,4120,3360,1279,4931,2680,1148
2593,13433.000011273447,25235.518083133706,38668.518094407154,6.404582565006138,10.084029971225151,0.05478853433041254,159430.7062152322,4004,3232,1523,5533,2269,957
2594,14025.13889469051,27185.867544724617,41211.00643941513,6.2501196392667415,10.688417451072944,0.05464727946057242,158640.66721380295,3429,3216,2114,6055,1645,1059
2595,14837.125511792075,23927.85735594222,38764.982867734296,6.383706616632379,10.195979567663748,0.05459228924800732,159289.51121276588,4222,3021,1516,5896,1630,1233
2596,12185.219353546578,24674.231200472615,36859.45055401919,6.641069856014241,10.029387751622332,0.05459554127541629,159384.68948559545,4823,2702,1234,5234,2277,1248
2597,13298.560848797415,25005.351990220206,38303.91283901762,6.177854736652319,10.317341077613632,0.054544641100810996,161165.5982883826,4411,2857,1491,5467,1840,1452
2598,10113.49230246763,23857.55223314866,33971.04453561629,6.036182887494561,10.177527578226751,0.05445936027751771,159588.9660717617,3905,2307,2547,5268,1892,1599
2599,16052.138856060094,23246.001163086843,39298.14001914694,6.311489245273408,9.98228727436312,0.05481317032240119,160370.90985385008,4244,3000,1515,5217,2207,1335
2600,15197.204925229475,25024.02527160496,40221.23019683444,6.662895117477266,10.325591538600342,0.054565161460840665,156355.08300871967,4345,2312,2102,6317,1771,671
2601,15972.820378089098,24392.804507779514,40365.624885868616,6.88366405802583,10.288850181391993,0.0546131997540002,158473.79308318815,5102,2281,1376,6450,1336,973
2602,10760.510683278935,26598.470446269497,37358.98112954843,6.700156585515186,10.641949755067543,0.054525306590230194,158748.49183383663,2973,3481,2305,6448,1248,1063
2603,15976.498686011599,24417.84646582843,40394.345151840025,7.064832331926348,10.441322107931482,0.05455000612915736,158352.8476379714,4637,1424,2698,6063,1664,1032
2604,9623.719497893931,26848.04141780671,36471.760915700645,5.931164280601818,10.733542738842049,0.054548243117722835,158002.94957040792,4180,2359,2220,6332,1423,1004
2605,12182.950379539629,23927.968228114198,36110.918607653824,6.543757928451708,10.169695153358926,0.05467231365274251,159376.18469094174,5044,2074,1641,5633,2000,1126
2606,13172.99925640763,22948.252756348622,36121.25201275625,6.50447986298715,9.944603716301534,0.05465118892492393,160070.62058828896,5398,2044,1317,5399,2211,1149
2607,15525.2473146239,24420.391346381868,39945.63866100577,7.262814632580753,10.03072838900733,0.054462174196796054,159690.84046381604,4696,2909,1154,5484,2066,1209
2608,14859.47543769542,23959.378122532595,38818.85356022802,6.460288912374535,10.001835755771301,0.05485609490013731,159673.2992035052,4464,2686,1609,5646,1855,1258
2609,13417.984745774147,22409.184403693922,35827.16914946807,7.091075668356521,9.698716047611335,0.05460514258879952,160376.15989896216,5378,2533,848,5007,2348,1404
2610,15775.1585895461,27242.085054431347,43017.24364397745,6.735044639662302,10.674937173010976,0.054535707523687936,158228.46919635768,3996,2878,1885,6407,1491,861
2611,15786.313181111731,23263.082497809613,39049.39567892134,7.399622276738672,9.813870541473138,0.0550797325970055,160093.74448250866,5259,2186,1314,5108,2684,967
2612,15678.786301627135,23798.769599881933,39477.55590150907,6.995359530049188,9.878616562506368,0.0546521231474288,158441.58427362936,5622,1410,1727,5439,2333,987
2613,9791.112288506549,25318.157259419124,35109.26954792567,6.381812814952493,10.351075437377355,0.0545656590548722,158826.0864520906,3720,2394,2645,5896,1892,971
2614,15686.805736892165,23935.007538602043,39621.813275494205,6.955416180779226,10.110566098813221,0.05443189127600316,159040.60078984278,5213,1901,1645,5967,1801,991
2615,13946.873581707572,24705.842429401684,38652.71601110925,6.760366940994433,10.217332335531843,0.05461588712320663,160160.06566614256,3928,2995,1836,5565,2045,1149
2616,14233.302055785296,23342.878653096774,37576.18070888207,6.468774565400673,9.883102210552224,0.05476999563876942,162149.4059501281,3851,3242,1666,5298,2062,1399
2617,16201.632898844093,23654.612792462507,39856.2456913066,6.914501714216895,9.743167801870712,0.054463215294073816,159243.7237724719,4752,2455,1552,5311,2348,1100
2618,13496.362682906209,25067.080981095118,38563.44366400133,6.781258974432072,10.13100959790227,0.054804940052509334,160427.58180070278,3088,4061,1610,5075,2842,842
2619,10525.694839325255,26422.303556185117,36947.998395510374,6.0475366789634695,10.530548718077288,0.05455958514271677,158809.58871860354,4066,3261,1432,5994,1781,984
2620,12960.092923373764,26873.80355664298,39833.896480016745,6.301023346283578,10.729068667457177,0.0545767584478637,157875.41353158586,4237,3607,915,6700,1140,919
2621,13143.537900180614,23734.312507038965,36877.85040721958,6.397288258308907,10.256841036717093,0.05458503377084842,159441.41318796205,4186,2857,1716,5637,1956,1166
2622,8662.4981485266,24586.242796092025,33248.74094461862,6.160013272906536,10.063368699192369,0.054597116151324177,160376.0303593075,3760,3577,1422,5164,2414,1181
2623,14241.474892519567,22533.340633661683,36774.81552618125,6.794565132642784,9.887564076319586,0.05455336723692957,159997.7283531439,5353,2039,1367,5516,1954,1289
2624,15397.458205248371,23712.297047930806,39109.75525317917,6.859923264766896,9.8411320668278,0.054737400678960615,160789.60155696853,4185,2889,1685,5483,1951,1325
2625,12216.233510925244,23462.84542068578,35679.078931611024,6.02901213992234,9.76429174210136,0.05450966836074198,158550.9708055123,4070,3198,1491,5452,2406,901
2626,12713.326296358367,22362.67740142038,35076.003697778746,6.448857364482511,9.597944960827231,0.0545738354968785,159418.4980157179,4779,2078,1902,4534,3047,1178
2627,17042.66377215767,22313.89465713033,39356.558429288,6.965682582708919,9.382144204335233,0.05466724911483185,159401.55055624282,5494,1905,1360,4827,2674,1258
2628,12948.83569462269,22440.44672733752,35389.28242196021,6.66610006285388,9.515131389069051,0.05466403409548586,159675.48287441098,4788,2312,1659,5478,2198,1083
2629,17028.133784751182,21989.626908881135,39017.76069363231,6.626838017689073,9.13627339071576,0.055096332102528796,160591.4730750154,5028,1655,2076,5378,2076,1305
2630,10765.371097454177,26121.320141799388,36886.69123925357,6.075453206979081,10.04274692164359,0.05467613521236123,159481.98614314137,3383,3610,1766,5842,1632,1285
2631,15246.66283938481,23567.077718740675,38813.740558125486,7.006953768512116,9.730999130170158,0.0545461563790283,157751.09515650733,5282,2341,1136,6314,1359,1086
2632,12069.442420481799,26343.04697935185,38412.48939983365,6.541439180598955,10.353165518741942,0.05451670270491383,158496.71858036972,4747,2866,1146,6022,1896,841
2633,17640.07710899423,24610.555323349065,42250.63243234329,7.228511583641835,10.21713108189589,0.05451612456752312,157865.92653452602,4764,3036,959,5976,1813,970
2634,14958.976363376167,24514.009928215677,39472.98629159184,6.872249901332301,10.13965028791572,0.054568607239658395,159240.53297677622,4113,2513,2133,5813,1684,1262
2635,11748.596377799793,27336.52567190511,39085.12204970491,6.490548652146475,10.712878597721943,0.054494367663071,157501.1067229621,3354,3682,1723,7053,1015,691
2636,15081.06797568553,24906.500008468556,39987.567984154084,6.736743949477535,10.506202727731852,0.05452828990911336,159969.84380296274,5090,2269,1400,5984,1549,1226
2637,15818.807961864431,24889.155283911026,40707.963245775456,6.671583065427303,10.486499867575718,0.054491285559709654,158941.1030398372,5033,2677,1049,5793,1815,1151
2638,15543.182556694499,25678.593571138164,41221.776127832665,6.968122236955796,10.605753961589523,0.0545590338992462,159625.25147482334,4010,3458,1291,5859,1558,1342
2639,14631.039430585732,23905.7636807862,38536.80311137193,6.68161336956371,10.11324032041624,0.05463790798381752,160146.30632720937,5019,2564,1176,5530,1798,1431
2640,16469.346738161068,22733.821213794134,39203.1679519552,6.574276553038317,9.84229716469711,0.05467463239188812,160441.7344808006,4361,2433,1965,5068,2313,1378
2641,13816.836875128532,25502.22675837252,39319.06363350105,6.449775660509553,10.223903628076416,0.054589768188955876,160385.61381924918,3877,3849,1033,5978,1651,1130
2642,15638.219669716778,25144.670543074,40782.89021279078,6.5666852233636535,10.435029152981993,0.054580485728979285,158368.4685033121,3595,3027,2137,6252,1877,630
2643,11813.218362457012,24956.440038091663,36769.65840054867,6.47697683735582,10.380097083897596,0.054693904926097964,160844.57700713165,3804,3102,1853,5736,1841,1182
2644,15184.746936450001,22894.199760007195,38078.9466964572,6.5640907488165094,10.1528995416775,0.05459155705351947,158931.21009617712,4438,2478,1843,6046,1465,1248
2645,17118.705722261006,23726.39731158343,40845.10303384444,6.8635371502316165,9.987449782486019,0.05454715769900396,158013.47697119528,4918,2363,1478,5945,1876,938
2646,16102.424684446722,22273.366399910647,38375.79108435737,6.666414516679584,9.72635194784479,0.05459454465466175,160261.2414028792,4837,1962,1960,5585,1984,1190
2647,13242.779494989285,23213.626145909,36456.40564089829,6.531407985199331,9.723379233055251,0.054479748613772784,160296.4376244519,4149,2724,1886,5706,1672,1381
2648,14379.930735992613,24332.735993589788,38712.6667295824,6.875282515509831,9.981466611302755,0.05448145427310408,159052.46217773648,5011,2348,1400,5878,1657,1224
2649,15048.388733201145,24028.94398711693,39077.332720318074,6.834969695183262,9.846050385196348,0.0544725446517471,157752.84136886767,5230,1773,1756,6000,1800,959
2650,18187.663248331515,22703.400867671753,40891.06411600327,7.052709355252092,9.80019974112036,0.054490447993719784,159637.58961624256,5081,2035,1643,5389,1821,1549
2651,18016.530036343636,22953.754934166132,40970.28497050977,7.152353234459872,9.717374413234038,0.0546911920308016,159937.22146256815,5025,1853,1881,5633,1659,1467
2652,10762.670705946197,22919.91700712939,33682.58771307558,6.5828980712216465,9.620612401602815,0.054585747968248256,159241.89898568732,5284,1252,2223,5326,2084,1349
2653,13862.895409819139,23813.31488887178,37676.210298690916,6.591781202750148,9.682775264419464,0.05468952319827355,160380.37225100808,4032,2206,2521,5361,2206,1192
2654,16325.205797499231,23695.475958299226,40020.68175579846,6.809156679262161,9.836819086081984,0.05446403073720466,157970.9556013601,4574,2836,1349,5565,2071,1123
2655,15497.320092034504,25505.304384939638,41002.624476974146,6.811740045999926,10.29151913995502,0.05456111548647279,158307.41844874836,4299,2780,1680,6118,1653,988
2656,14708.473654817164,24287.971461255143,38996.44511607231,6.668796108845184,10.006439861843761,0.05492853702397785,160391.49746514688,3822,3707,1230,5035,2651,1073
2657,14308.133492770274,26876.372647012944,41184.50613978322,6.4123376290847975,10.656151026247727,0.054501197621130905,158061.91392569887,3876,3046,1837,6541,1302,916
2658,13638.143547086547,25077.729591810745,38715.873138897296,6.432440934076746,10.31956223713418,0.05464048202952489,159163.34065019945,4419,2359,1981,5716,1778,1265
2659,15065.271116430982,26232.037199305236,41297.30831573622,6.855721682139774,10.656472104635844,0.05457142205895453,157856.68188054045,4289,3185,1285,5711,2083,965
2660,14269.515756879939,23954.835591448926,38224.35134832886,6.490224657621753,10.247732945380127,0.05447122064480635,159636.98649140497,5392,1752,1615,5538,1832,1389
2661,15369.334411731495,26399.01007291803,41768.344484649526,6.442946226872847,10.69592693780897,0.054541063543670644,157581.3090689452,3752,3960,1047,6520,1228,1011
2662,14862.75728548441,23580.2442280151,38443.00151349951,6.962319399819643,10.146206152734653,0.05452107683105169,157555.5653067402,4360,3153,1246,6118,1865,776
2663,14213.140522639109,24181.948170095777,38395.088692734884,6.4950394550721,10.2512415134952,0.05478528157737062,159932.6370706022,4172,2505,2082,5387,2564,808
2664,14385.470302833188,23332.225289162452,37717.69559199564,6.674787828788776,9.904222078323793,0.054842835866742656,161431.9117682993,4068,2749,1942,5059,2256,1444
2665,13257.817786967384,23401.575804212534,36659.39359117992,6.330010493197621,9.796514839279762,0.05460098388965835,159148.57311862978,4944,1962,1853,5790,1830,1139
2666,15337.38322654186,23240.105739659484,38577.488966201345,6.483309169595334,9.74874183782568,0.05457590989174086,158561.90507051532,5268,2112,1379,5928,1914,917
2667,15430.237125091533,21859.090261964004,37289.327387055535,6.940448885713117,9.458842746202942,0.05486612475381566,160445.09256577413,5516,1796,1447,4965,2796,998
2668,16859.40074237689,23407.92542475048,40267.326167127365,7.041485900011756,9.525336167051965,0.05473051569206279,159327.6355637166,4191,2336,2232,5386,2270,1103
2669,14257.143373413222,26662.972399268776,40920.115772681995,6.334985707737274,10.478086915038151,0.05452114167433727,158961.05515495432,3214,4445,1100,6440,1274,1045
2670,17679.04166346818,24749.135623153637,42428.177286621816,6.267051974122959,10.282538461507917,0.05448591233106262,158243.4603825702,4540,2665,1554,6304,1272,1183
2671,14733.42500841767,24506.464292330704,39239.88930074837,6.614096837666566,10.099005480485358,0.054579340042212224,158242.9631833265,5866,1951,942,6260,1320,1179
2672,13894.691091191999,27771.63846567451,41666.329556866505,6.242189183366821,10.843422596128955,0.05456745584653297,159061.13415619946,3500,3827,1432,6412,1113,1234
2673,17103.368101122353,22669.087272409277,39772.45537353163,6.880033092632081,9.890226667065974,0.05479031624204471,159666.03503209513,5579,1272,1908,5296,2122,1341
2674,16935.107427885257,24124.13971486503,41059.24714275029,6.2023601399464,9.967412252767932,0.05445040241647378,159429.82832860216,5019,2468,1272,5874,1560,1325
2675,11399.249707338913,25977.987992493447,37377.23769983236,5.932187656507431,10.507481861893305,0.05452869914724638,159427.27578927556,4575,3315,869,5883,1275,1601
2676,20897.73454648136,24758.13116743477,45655.86571391613,6.857913201608501,10.277362178894249,0.054478481345841594,156998.7177582363,4510,2375,1874,6516,1277,966
2677,13952.589585799513,25733.461239869517,39686.05082566903,6.232696861850535,10.346308293031292,0.05467815098969712,158275.32574314176,4900,2276,1583,6319,1526,914
2678,14584.710786496105,25052.684619614385,39637.39540611049,6.236341584783106,10.284987442663116,0.05460534430330681,159372.5564917251,4424,2306,2029,5872,1839,1048
2679,10692.682707500246,25781.826191480402,36474.508898980646,5.385010354284981,10.690816324663107,0.05449305585708347,159296.89786424316,4399,2954,1406,5962,1705,1092
2680,13636.79186635344,29071.805202778487,42708.59706913192,5.849304410187143,11.25583022841398,0.054425768504760455,156169.1213223434,3842,3144,1773,7045,1215,499
2681,15431.098093691451,25507.07320309338,40938.17129678483,6.517376068084926,10.783324479491524,0.054540303933792125,157413.5787921248,4144,3190,1425,7019,908,832
2682,12078.383605685547,25491.108063231033,37569.491668916584,6.342632817241392,10.545159863355495,0.05456643431036849,158865.57962893855,3357,2931,2471,5697,2131,931
2683,14342.077021568652,23467.338888751783,37809.41591032044,6.492770800025411,10.033300474155068,0.054572860302430866,160335.20266517255,4243,2376,2140,5313,2345,1101
2684,14933.508922271243,23647.804258515254,38581.3131807865,6.545931564586564,9.94479242762177,0.054562810038063944,159785.84479740963,4548,2937,1274,4858,2583,1318
2685,14583.24233219475,24968.04974396315,39551.2920761579,6.570642943775455,10.171148172140338,0.05459235501971466,158158.32229854522,4951,2626,1182,5553,2290,916
2686,15557.566646207064,24473.61227040098,40031.17891660804,6.377550207969999,10.006582734677115,0.05454762995607031,159887.8053987023,4369,3022,1368,5887,1442,1430
2687,15066.604464716385,23395.606975095383,38462.21143981177,6.53362989604378,9.905331811133346,0.054521067299330005,158897.39004648154,4837,1654,2268,5572,1967,1220
2688,10658.454333461392,25544.209957545972,36202.664291007364,6.508931786730675,10.141459403346294,0.054575692863187794,158296.10549452485,4136,2741,1882,5887,1973,899
2689,8708.858349341102,27260.266901589195,35969.1252509303,5.303082529809836,10.86280299156668,0.054562599967314725,158308.46789948415,3678,3741,1340,6392,1631,736
2690,14198.686342296838,23957.85006975962,38156.53641205646,5.911291922722079,10.233438744675068,0.054526756788076704,159377.0759006842,4483,2360,1916,5998,1445,1316
2691,13031.042768061796,26344.624887790036,39375.66765585183,5.988348292300393,10.520978438641924,0.054677092423759795,159256.8027438566,3934,2884,1941,6102,1628,1029
2692,15324.126986913307,23523.213656835742,38847.34064374905,6.451824199392841,10.055016991047413,0.05470365756734123,160403.81717371184,4307,3278,1174,5457,2033,1269
2693,14925.666965110984,23471.55439845199,38397.221363562974,6.288173272384438,9.944177859424656,0.054414551035915824,159982.73157190825,4839,2014,1906,5114,2262,1383
2694,15020.626469068224,24367.505036881746,39388.13150594997,6.084377456397666,10.056260843344521,0.05484992041415614,160886.78356794248,4301,3271,1187,5068,2327,1364
2695,14221.330690412415,26687.250920446742,40908.58161085915,5.885986216406291,10.390024421721462,0.05456933594372967,159044.3588472038,4078,2944,1737,6556,1008,1195
2696,17732.03101384147,25098.270480922303,42830.30149476377,6.721673407182343,10.255893602042915,0.05444764746774851,158188.90633668008,4797,2701,1261,6014,1628,1117
2697,18868.624978937372,24669.38623651517,43538.01121545254,6.571702115576992,10.1766574599674,0.05445766269706127,159917.7097475866,5455,2034,1270,5382,1943,1434
2698,16638.674630419628,23798.351093402103,40437.02572382173,6.876851996894542,9.97674524896023,0.05489632533857645,160875.53215400295,4610,2270,1879,5055,2413,1291
2699,12141.546787414349,23439.446148031213,35580.99293544556,6.437856437772742,9.949147071209012,0.05461570529942812,160543.9350382928,3896,2918,1945,5275,2201,1283
2700,16347.16329551256,23630.003642241358,39977.16693775392,6.750278347366954,9.900159570206185,0.054583956999969326,159257.97781759826,5178,2522,1059,6193,1305,1261
2701,13424.287824022373,25184.301313310723,38608.589137333096,6.2044332613548345,10.123723478113149,0.05463548508860133,159144.5161545773,3969,2905,1885,6052,1699,1008
2702,15203.1652413441,23012.982988000032,38216.14822934414,6.592887525798533,9.796235101673707,0.05455556768289776,158060.3108033979,4889,2301,1569,5681,2116,962
2703,11877.254155041303,25939.48936692639,37816.74352196769,6.0155645290888415,10.280377869384308,0.05458238417232724,160287.98326218917,3447,3113,2199,5148,2255,1356
2704,15403.851922795298,24111.023777100847,39514.87569989615,6.154775806404077,10.073570445889997,0.05450349903015926,158191.33165290658,4780,2355,1624,5624,1953,1182
2705,14709.751519828491,24992.834567625705,39702.5860874542,6.196532392996643,10.057425070213126,0.054655268153898776,160580.11101925268,5001,2399,1359,5871,1776,1112
2706,17861.43207146316,21885.197545330437,39746.629616793594,6.467468313724989,9.514908429109791,0.054896873363022715,161822.4770579304,5982,1421,1356,4592,2853,1314
2707,15710.862357150416,25249.141340237107,40960.003697387525,6.2744163990476,9.981174676502677,0.05461628613076167,159041.3030044405,4329,2638,1792,6064,1715,980
2708,12733.184820021312,25044.702604493912,37777.887424515226,5.983778929120173,10.147917660237077,0.054594697684817735,160092.79792056838,4842,2568,1349,6186,1396,1177
2709,14445.501030296984,26453.503057251568,40899.00408754855,6.504681354582303,10.47977679386812,0.054547288377350345,159394.38273229144,3553,3958,1248,5998,1574,1187
2710,11852.746407157072,24118.917957965332,35971.6643651224,6.038121382668112,10.268772113743767,0.054784268403704116,159862.23152748885,4131,2969,1659,5924,1842,993
2711,15621.90069730084,23740.418207515835,39362.318904816675,6.67293777910214,9.931715101883537,0.05457008511408999,159355.71941867835,5222,1990,1547,5843,1809,1107
2712,16984.13474083835,22959.293366734157,39943.42810757251,6.969463756681957,9.833734574856335,0.05470410431689902,160550.59837339568,4075,2946,1738,5136,2618,1005
2713,11924.51810003792,27005.052800870115,38929.57090090803,6.121842741590704,10.657744390870779,0.054531557960713205,157701.29263728706,3357,3817,1585,6953,1057,749
2714,10157.86777300844,25675.012711740543,35832.88048474898,5.4510589490086705,10.424524166645005,0.05460996236666079,159893.51031149554,4661,2721,1377,6354,1207,1198
2715,13102.634062606461,24732.037726669445,37834.671789275904,5.870091781314829,10.478016484648634,0.05447348863517614,160233.3639343734,4060,2737,1962,5626,1593,1540
2716,17304.83031762688,23384.346680168608,40689.17699779548,6.652491814722108,10.014861879890494,0.05457439885909911,158857.47006239725,4977,1976,1806,5676,1986,1097
2717,16054.305251671462,21830.035303308785,37884.34055498025,6.602230279815058,9.640387889163655,0.0545428269229512,160609.86626365164,5291,2353,1115,4682,2598,1479
2718,12074.643299013951,23952.791757950352,36027.4350569643,6.811609736504529,9.784377722331058,0.05467569620341997,158966.10608202883,4413,3377,969,5423,2356,980
2719,17218.169342538473,24124.66394744028,41342.83328997875,6.85914573858923,9.820253354758819,0.05458264775897063,159089.22277682176,5315,1820,1624,5601,2156,1002
2720,17196.72179229174,24643.44895118656,41840.1707434783,6.753709515705077,9.971292756578203,0.05449873965767332,159506.20697071165,4073,3451,1235,5260,2072,1427
2721,14120.472151479384,24293.927444218243,38414.39959569763,6.438463536164038,10.050009865840654,0.05454173150204017,159629.04039296665,4106,2155,2498,5375,1934,1450
2722,15916.228669813398,24344.922988598366,40261.15165841176,6.227079750350844,10.009080605176981,0.05473747809559033,159437.22157363963,4284,2616,1859,5821,1768,1170
2723,15458.78263871839,23487.33059713618,38946.11323585457,6.5640645362186545,9.617226641871643,0.05461450871466071,159791.86118925206,4852,2191,1716,5027,2556,1176
2724,15283.90656280888,24583.012816085193,39866.919378894076,6.30681673207225,9.974960125181356,0.05452045574523263,158630.96898568945,4099,2167,2493,5255,2549,955
2725,14311.315498787453,26329.42246417462,40640.73796296207,6.965960078616087,10.343918363975817,0.054414430624139996,156675.66411126812,4019,3284,1456,6552,1613,594
2726,15683.115982905303,25240.765070929658,40923.881053834964,6.781501896957473,10.268093629414055,0.05459083279048422,157801.4204696071,4217,3296,1246,6223,1741,795
2727,18355.830621260786,24662.208639350058,43018.03926061084,6.761826045198495,10.231557957747748,0.05461918440480422,160307.47509473868,3921,3673,1165,5735,1975,1049
2728,12823.906651483108,25452.901017722816,38276.807669205926,6.526267436858386,10.236732789820998,0.05452432895687434,159679.7000984532,4108,2802,1849,5586,1976,1197
2729,13094.943098233089,24100.310198791834,37195.25329702492,6.050809758563708,10.12578544582006,0.05453331636182301,159609.87797952775,5237,2245,1277,5394,1949,1416
2730,19318.34972939109,23998.665439981793,43317.015169372884,6.808268449607059,10.0438592338421,0.0544988181936128,158287.01176860085,5204,2438,1117,5995,1787,977
2731,15970.275561227152,23834.85619532659,39805.13175655374,6.5245924871732885,9.710256139485239,0.0548172433783072,160029.2555724823,4449,2451,1859,5392,2646,721
2732,16046.778273171598,25455.47952122865,41502.25779440025,6.267918966446882,10.238187563381436,0.05446753665815483,158133.4980928249,4167,2838,1754,5801,1875,1083
2733,14213.377350682526,23517.755583388087,37731.132934070614,6.205541605543078,9.850935618000594,0.05468259510043714,159895.96155909722,4601,2557,1601,5515,1954,1290
2734,12520.674314313506,25758.570903181666,38279.245217495176,5.419743395159798,10.354054609914247,0.05454562403151074,159849.7713516397,4251,2742,1766,5781,1865,1113
2735,12134.1911370244,23393.17886991858,35527.37000694298,5.836149916743346,9.678579131446991,0.05518487275187651,162255.80237179127,4606,2386,1767,4953,2486,1320
2736,13792.254969404115,25603.810284797055,39396.06525420117,5.956559480038605,10.011036158705247,0.05467863684916117,159925.49278064142,4619,3061,1079,5756,2007,996
2737,11352.096685059296,24785.162968097233,36137.25965315653,5.675207725134253,10.141692171074647,0.054602175225181494,160773.37515631784,3452,3603,1704,5674,1851,1234
2738,14167.503130332101,24599.60946105941,38767.11259139151,6.200798581707337,10.001719373747058,0.05467094505369917,160178.5482740707,3591,3276,1892,5845,1695,1219
2739,10620.780305994975,23401.647351511645,34022.42765750662,5.955157736606787,9.772221673720683,0.05452025345767769,160228.65584353462,4450,3136,1173,5622,1842,1295
2740,14161.997523944516,26909.7503233185,41071.74784726302,6.235940161942258,10.219945239147673,0.05451833225690733,158173.2070029294,2906,4280,1573,5668,1974,1117
2741,14264.897647357071,26272.06182865993,40536.959476017,6.627032007088881,10.52898235723352,0.054472692521991134,159875.9961335772,4275,3383,1101,5965,1436,1358
2742,15115.654012797446,23548.853650183362,38664.50766298081,6.595257168395125,10.018011489530252,0.05448586621100413,159207.13577200632,4645,1849,2265,5254,2145,1360
2743,14978.706888724391,22474.013523849444,37452.720412573835,6.557672777329444,9.522972671473749,0.05469067004139136,159808.14605178637,4839,2638,1282,5207,2468,1084
2744,14386.186180579185,25477.968282884078,39864.15446346326,5.805978285330235,10.288777424814546,0.054489225193781736,157743.37320271632,4392,2054,2313,6232,1478,1049
2745,18511.125322831103,24401.532147083944,42912.65746991505,6.559589549212978,10.02303649724852,0.05452634902367726,158861.52854486875,5217,1720,1822,5669,1710,1380
2746,18725.467021909146,22543.17266199373,41268.639683902875,6.854547982654086,9.550576300564408,0.05472054813315272,159986.28487001586,4891,1745,2123,5006,2343,1410
2747,18038.791520867322,23607.716889723968,41646.50841059129,6.643128340168336,9.726042389901888,0.05447128189827531,160183.82492657757,4696,2643,1420,4424,3339,996
2748,12412.935764972683,25052.165246255376,37465.10101122806,6.10436199209022,10.018526725671496,0.05449694252986624,159320.65132157787,3595,2543,2621,5524,1908,1327
2749,12360.89251937055,23044.82309089825,35405.7156102688,6.314384767248705,9.667654141888313,0.054835434024758274,159532.4429473965,4329,2955,1475,5460,2273,1026
2750,14772.214813923743,24216.75186267126,38988.966676595,6.278304021120605,9.655087295140591,0.05489143895122365,160656.3426311266,4280,2126,2353,5395,2133,1231
2751,13534.766549003478,25704.81919127945,39239.58574028293,5.767958955288347,10.122585783177174,0.054486998910676786,159251.5901391074,3849,2608,2302,6540,1019,1200
2752,13386.004056827855,26375.688667746646,39761.6927245745,5.596956312470784,10.461676287554313,0.05451514472041505,157597.9565224318,3713,3052,1994,6719,1234,806
2753,14518.176805831432,23890.61678679762,38408.79359262905,5.9551673003638115,10.102756326386883,0.054487467061703265,158757.95488978934,4431,2315,2013,5915,1543,1301
2754,17555.543029458866,24704.48025831935,42260.02328777821,6.484442193124745,10.128209970277608,0.054538624369823575,158241.950315601,4633,3183,943,4957,2820,982
2755,14985.518023861037,25565.53151978796,40551.049543649,5.923144721197105,10.099064041248226,0.05467055805471545,160989.4231676794,3747,3335,1677,5466,1873,1420
2756,15505.534676689711,25385.68455165911,40891.21922834882,5.83270410361574,10.261866202460554,0.05450212170125356,157959.99600893306,3857,3479,1423,5965,1775,1019
2757,16423.623596433907,23638.975050062985,40062.59864649689,6.5503118651631524,9.81300623502045,0.05458022899481868,158254.96623454135,5050,1516,2193,5803,2037,919
2758,14369.838637621004,22824.20627740554,37194.04491502655,6.141812927754083,9.68482905623005,0.05466537862041719,160123.9073481257,4541,2941,1277,5160,2460,1139
2759,14865.07875965041,26015.70822132763,40880.78698097804,6.423935718745692,10.043004033504603,0.05451771649780679,157610.2300836258,4268,3110,1381,6344,1659,756
2760,17586.423798145894,24527.082029135905,42113.5058272818,6.566426348938959,10.288279776664606,0.05449918489360983,158808.75954414028,4384,2997,1378,6202,1353,1204
2761,15163.886262231887,21739.544007712437,36903.43026994432,6.274872412077516,9.478311648919703,0.054853674617035574,161892.86363101893,4972,2509,1278,4742,2581,1436
2762,16972.036513424147,24419.4586323033,41391.495145727444,6.062176443560913,9.953928280141833,0.05460045859357747,158577.40553113515,4173,2745,1841,5725,2095,939
2763,16616.698807968347,24786.320281518547,41403.019089486894,6.43513043514111,9.895616459464792,0.054553476989450726,159761.03363115844,4656,2727,1376,5766,1783,1210
2764,14109.299884184551,26391.423351046185,40500.72323523073,6.064804452879525,10.39584500761145,0.05447358911229253,159536.6726143803,4157,2465,2137,5976,1634,1149
2765,15001.996876636318,26443.138541150627,41445.13541778694,5.993062149151464,10.348725567327053,0.05452504559319829,158935.61242938598,4835,2531,1393,6304,1319,1136
2766,15825.10900878327,23439.713339332266,39264.82234811554,6.452569526922599,9.976685515795904,0.0547174832542634,161429.55826138778,4798,2234,1727,4982,2367,1410
2767,12307.649104739867,27975.22069792644,40282.869802666304,6.110027353614852,10.759080362693973,0.054446823891934566,158353.44357597697,3263,3677,1819,5858,1831,1070
2768,14812.570048524562,25392.154306297216,40204.72435482178,6.004253693352206,10.592193501731202,0.05454033921107051,159974.71823871366,4510,3148,1101,5844,1736,1179
2769,16722.54453397466,21579.885705016604,38302.43023899126,6.568101628233541,9.537564535259973,0.055073500312417714,161840.07986421106,6337,1387,1035,4421,2784,1554
2770,16625.452128106128,23497.379751184635,40122.83187929077,6.613085097251394,9.69457691736817,0.05494620207813756,161964.7909966143,4117,2856,1786,4897,2597,1265
2771,17504.898356912792,22953.42472498869,40458.323081901486,6.678984199266851,9.418384326516273,0.05504507864699362,160305.8267955582,5699,1891,1169,4904,3053,802
2772,11582.21899008134,24538.681795671844,36120.90078575318,5.919864317681956,9.871078709269927,0.05461388715638197,158563.6211062996,4245,2893,1621,5862,1856,1041
2773,16758.67798594961,22015.99988420245,38774.67787015206,5.912862808859089,9.175528679021417,0.05509613864665001,160732.24230475686,4954,2453,1352,4754,3119,886
2774,14906.76103801585,24919.092847789812,39825.85388580566,5.40394036844253,9.859602420609715,0.05494277638746951,162320.4118503991,3408,3559,1792,5341,2367,1051
2775,20486.934707868793,22413.263803566868,42900.198511435665,6.869333208863526,9.522145074200923,0.05466453848880673,160655.50276020702,5141,2478,1140,4851,2844,1064
2776,15029.916923495737,26981.081291338814,42010.99821483455,6.1893446624718145,10.287595405031809,0.05457290425955747,159770.55917861898,3233,3578,1948,6206,1398,1155
2777,16338.42109883988,20630.086151343126,36968.50725018301,6.37376052834429,9.124806231435405,0.05504778317376713,161817.11943755983,5108,1300,2351,4637,2619,1503
2778,18469.71096743185,23930.98361372654,42400.69458115839,6.651843528971365,9.769946857838029,0.054946194270363104,160886.14545887854,4975,2690,1094,5324,2325,1110
2779,16980.86476936737,24928.490329463082,41909.35509883045,6.720481655121907,9.957282846285676,0.0545913686546291,160282.46722494275,4741,2539,1479,5500,1929,1330
2780,17272.82487063919,22576.32618526268,39849.151055901864,6.485784777118969,9.670224274529678,0.054674028562457504,161063.82040891197,5057,2885,817,4707,2652,1400
2781,13508.72920318263,22378.99837152385,35887.72757470648,6.078808902832582,9.639964968351343,0.05468661996772511,161152.8892387118,4771,2397,1591,5427,1652,1680
2782,17241.902358688763,24059.845783011584,41301.748141700344,6.840298859711334,9.717193156221699,0.05451068520635634,158718.45305272378,5508,1928,1323,5873,1873,1013
2783,15885.989369267469,24067.349264514593,39953.33863378206,6.805791723777447,9.76078694886668,0.054603710918861154,159149.55089636802,4764,2748,1247,5968,1758,1033
2784,14155.713937696008,24420.368440769456,38576.082378465464,6.177555895038177,9.798670317616036,0.05480541917784364,161015.87392325368,4125,3135,1499,5121,2490,1148
2785,14791.500298858935,25108.819119503085,39900.31941836202,6.286246947519585,9.994353234147477,0.054524816488787146,160737.39913051404,4903,2593,1263,5515,2003,1241
2786,17203.877505397024,23926.19464175866,41130.07214715568,6.786444214261409,9.752965320546943,0.054573938876645994,160147.85137278357,4821,2793,1145,4694,3104,961
2787,20358.02057358858,21974.778143651634,42332.79871724021,7.29420392114601,9.483740322301415,0.05469850681648708,160918.66478640737,5227,1464,2068,4430,2958,1371
2788,19067.575691291328,24117.68209076538,43185.25778205671,6.698821323499834,9.643837097979963,0.05458901598675252,158647.63522979408,5153,2365,1241,5252,2454,1053
2789,16540.487818438098,22250.996486042288,38791.484304480386,6.360090088325512,9.358769664073924,0.055023265354364394,161457.6681248296,4454,3350,955,4494,3093,1172
2790,15259.311261329192,22586.19343878185,37845.50470011104,6.5912578861182505,9.182912645368942,0.05462204626637955,158255.7980538204,5524,1944,1291,5032,2774,953
2791,18369.342959666286,21994.80171767434,40364.14467734063,6.817833792035677,9.016735430472396,0.054849961069156454,161986.3855642798,4480,2907,1372,4707,2800,1252
2792,16853.302964314753,22125.55725100747,38978.860215322224,6.537914494958807,8.889107592883976,0.05514780308002504,161964.02629189353,4669,2112,1978,4393,3088,1278
2793,14723.818879327851,24446.957377892406,39170.776257220256,6.174174627959953,9.39267196884749,0.054921446817542956,159876.49550010607,4412,2438,1909,5329,2358,1072
2794,14964.784089637504,22141.08431117612,37105.868400813626,6.462928880836423,9.161691830403186,0.05467892911296889,159482.5205932968,4777,2805,1177,5461,2102,1196
2795,16833.65914213965,24126.015440747327,40959.674582886975,6.615630538265132,9.569666816781691,0.05445350453242178,159294.93561758546,4278,2137,2344,5908,1689,1162
2796,14589.465736867527,24260.483913785138,38849.94965065266,6.224117207212972,9.739926650316141,0.0545221054760097,159512.95226049804,4829,2157,1773,5243,2195,1321
2797,15487.050215474728,25102.4448950409,40589.49511051563,6.430934441255064,9.935071200882422,0.05452500714238469,158202.99465670722,4787,2832,1140,6139,1301,1319
2798,16886.875868309628,23109.29256874985,39996.168437059474,5.991455465046701,9.556451514326362,0.054544472499117216,158846.67417756378,5652,1223,1884,5802,1463,1494
2799,15985.191884404316,23815.32323854206,39800.51512294637,6.334922432358381,9.495724593456575,0.054784502191959766,159794.9112790509,4572,2386,1801,5249,2292,1218
2800,15434.007011869557,23661.056031264427,39095.06304313398,6.333355162857337,9.351224963579112,0.05510752844499767,159645.8679671225,4501,2611,1647,4931,2969,859
2801,15353.915008413614,23143.51204586002,38497.427054273634,6.496308601343088,9.49473819797354,0.05469582128811289,158832.02720504728,4900,2712,1147,5362,2304,1093
2802,14576.742895549056,26179.63783273797,40756.380728287026,5.943918502941556,10.09321069294642,0.05445725539601945,158708.62054612074,3932,3723,1104,6591,968,1200
2803,13988.657158240494,24326.795613875787,38315.45277211628,6.069642394254465,9.762970328214896,0.05457011169865648,159431.37424084017,3956,2859,1944,5988,1553,1218
2804,18618.750907652993,23663.14485814082,42281.895765793815,6.64228790501316,9.754658565751456,0.054437877583589624,159569.33356764232,5058,2495,1206,5727,1703,1329
2805,10243.140104190727,26225.304026839178,36468.4441310299,6.025459965124394,10.010848052621107,0.054638394028314254,158663.57442343887,4097,2943,1719,5908,2117,734
2806,16531.291794834808,23501.587253686717,40032.87904852153,6.451540070265668,9.77452880410966,0.05447962306084485,158404.01043090998,5615,2022,1122,5551,2302,906
2807,15633.458987691709,22225.465753065524,37858.92474075723,6.738014423347058,9.35276422702704,0.054822709790272595,161333.13993898116,4989,2516,1254,4386,3080,1293
2808,16303.657473217012,24368.09904469963,40671.75651791664,6.486072652469225,9.699224341687252,0.05449017092843423,156935.2500865621,4743,2728,1288,6276,1680,803
2809,16410.526343546637,25208.531452810275,41619.05779635691,6.416168695310716,10.042615078196752,0.05452131398587776,159109.92953611497,4685,2910,1164,6408,1287,1064
2810,10024.98948315152,25221.97716734136,35246.966650492875,5.411005596423427,10.00433494245761,0.05455263688253657,161251.42524503588,4700,2713,1346,5913,1388,1458
2811,17271.8094507905,24956.968356278623,42228.77780706913,6.109525694107368,10.020256597849931,0.054597307969360465,159595.34301733636,5001,2282,1476,5439,2246,1074
2812,15644.149048151246,24213.964586303824,39858.11363445507,6.609018616782345,9.898156887455082,0.05443336378180093,159266.42021841713,5642,2093,1024,5487,2112,1160
2813,15798.324141478872,22332.250198248643,38130.574339727515,6.475849271103158,9.402326818864553,0.05512004062772833,160683.3706175772,5192,2194,1373,4849,2707,1203
2814,15575.36663892516,26623.46701198615,42198.833650911314,6.333568126606251,10.095659558895134,0.05486212871823558,159030.32579479442,3416,4246,1097,6476,1643,640
2815,12015.998208226876,24396.202075803845,36412.200284030725,5.921018284104411,9.842737497594925,0.05462033591601781,160970.25295721093,5130,2524,1105,5360,2208,1191
2816,16773.988424951072,25001.788503058924,41775.77692801,6.409944053923834,10.206676540839307,0.05449057259133166,160143.7213591916,4426,2506,1827,5195,2322,1242
2817,16679.212048264973,23560.92016251624,40240.132210781216,6.627807397468068,9.929571353253145,0.05474555759698411,159438.0731544531,4463,2638,1658,5550,2179,1030
2818,15699.240030787973,24716.418024997747,40415.65805578572,6.1165961932810164,9.999127806204248,0.05452219048760444,156652.5614719337,4547,2691,1521,6105,2008,646
2819,18632.32919615537,23576.25406997423,42208.5832661296,6.9249790906317275,9.788173037627638,0.05452280668878312,158136.52235197727,5459,1873,1427,6364,1500,895
2820,17187.8444595507,23289.194479547306,40477.038939098005,6.526726350612415,9.64551677550335,0.05466285707945983,159628.23996234103,5286,2283,1190,5436,2300,1023
2821,16451.344754387792,23296.16437414905,39747.50912853684,6.7041910393951705,9.426511286833863,0.05475284336737042,161748.8042965953,4352,2340,2067,4654,2649,1456
2822,15159.04817431155,21879.972227145423,37039.020401456975,6.217938059382792,9.161174484393959,0.05495582333071839,162097.54902399,4434,1994,2331,4636,2741,1382
2823,13897.552582747594,21894.367186420805,35791.919769168395,6.682159311613983,9.147339737833521,0.05469605287362789,161665.43677081846,5784,1993,982,4701,2445,1613
2824,9796.000021570493,24674.22059136547,34470.22061293596,5.568332868399697,9.442462577205006,0.054494064025544874,159838.56091894547,4241,3165,1353,5861,1846,1052
2825,17865.13875611301,21222.14486040125,39087.283616514265,6.055848320926773,8.847800162270207,0.05506033259282169,162733.4892438912,5408,2527,824,4442,2728,1589
2826,15109.170703449336,20970.51329965429,36079.684003103626,6.194128642314118,8.847563107124435,0.054959777812361575,163767.46274750633,5042,2454,1263,4416,2462,1881
2827,19981.341322815275,23715.078057297764,43696.41938011304,6.857907158341132,9.346818485516616,0.05445240781667039,158213.9269478957,4515,1136,3108,5528,2123,1108
2828,14821.347418684309,24745.663274037368,39567.01069272168,6.356305915124052,9.480986354484973,0.054553628245803336,158438.7387456042,4005,3157,1597,5831,1857,1071
2829,17128.698191245992,21370.09841333603,38498.79660458202,6.432602229966285,8.933415210298762,0.05507424453555366,162208.03353384594,4411,2936,1412,4817,2470,1472
2830,17605.44856416804,23382.754604159316,40988.20316832735,6.485659054320065,9.37049977234272,0.05473396322406277,161632.9205987228,3585,3725,1449,5305,2037,1417
2831,14520.95015588403,26752.795574209085,41273.74573009311,5.897243559615355,10.05100106012509,0.05463562028381288,159163.39115315714,3209,4236,1314,6168,1561,1030
2832,17502.65530630823,25373.24926373843,42875.90457004666,6.169891693275708,10.096830363456235,0.05456629269347889,158306.780225026,3893,3231,1635,5922,2050,787
2833,14530.941756058866,24324.991396219084,38855.933152277954,5.838207407093597,9.98774524290178,0.05481906575381079,158714.99045296042,5091,2632,1036,5820,2195,744
2834,16259.182178625735,24235.500586011483,40494.68276463722,6.468986292331276,9.788006401001825,0.0546002808287811,158796.5541360885,4434,2962,1363,6341,1612,806
2835,12991.118037066142,23400.861556415537,36391.97959348168,5.879460205602746,9.507293373844334,0.05462316568805776,159982.2424093088,5070,2142,1547,5544,2153,1062
2836,16249.379008747133,25197.724814397614,41447.103823144746,6.283081898759964,9.866041024811103,0.054598977813077404,159928.82714067394,4132,3304,1323,5435,2053,1271
2837,16022.681628153856,20634.228189908892,36656.90981806275,6.449466091868345,8.949294265822557,0.055169734646104515,162991.55645652598,5498,1426,1835,4073,3121,1565
2838,16995.69608864245,23313.342448374406,40309.03853701685,6.154316307788322,9.22568094591469,0.05521900094747345,162374.52486827507,4074,2546,2139,4787,2676,1296
2839,15266.8938848866,25385.294651949804,40652.1885368364,6.435659919051443,9.619714194524095,0.054730608022190964,161331.4161345448,4100,3227,1432,5668,1695,1396
2840,16450.242005756616,24443.48111093545,40893.72311669207,6.367966824365285,9.707192122079123,0.05482495607370341,159237.03500802242,4662,2280,1817,5308,2510,941
2841,18220.297970929292,25333.506544677984,43553.80451560728,6.091265099916042,9.94559596929697,0.054600434006189545,159540.2708625218,3760,2804,2195,5680,2202,877
2842,15936.30294950543,24081.835771098813,40018.13872060424,6.447280412693297,9.819743025665396,0.054612779645663696,160230.13255230026,5195,1881,1683,5040,2429,1290
2843,15717.536693875862,26113.547231057815,41831.08392493368,5.830460526826843,10.263168073875722,0.054498597608534344,160799.88028658208,4130,2797,1832,5701,1860,1198
2844,18085.9162882844,23589.33627811395,41675.252566398354,6.349548841180474,9.862692733307892,0.054560724409419996,161087.99891441135,4620,2139,2000,5444,1808,1507
2845,13994.883467690648,22679.75299304509,36674.63646073574,5.980400520481826,9.541311954474917,0.05458392216452525,160978.6222716485,4348,2078,2333,5026,2279,1454
2846,16641.35066664252,25973.81721356523,42615.16788020775,5.763676486956526,10.027251432709251,0.0544425208869504,159850.94502955838,4132,3515,1112,5961,1931,867
2847,16944.944239118406,25550.715273474543,42495.659512592945,5.908821908168062,10.074452751554832,0.054744722188599985,158439.31573060312,3843,3223,1693,5505,2498,756
2848,20349.36346400631,22708.31101759992,43057.67448160623,6.165303029285261,9.555706899349094,0.054586860775268184,160356.5985395553,4328,2457,1974,5602,1963,1194
2849,19737.810678971902,23688.6997412228,43426.5104201947,7.110932087379037,9.71828537854885,0.054463427423376225,159539.21820537682,4899,2288,1572,5778,1796,1185
2850,15053.460430854875,25299.771633731485,40353.23206458636,6.590484060378774,10.113661597355255,0.05451021488811593,158200.61513348625,3690,3028,2041,6639,974,1146
2851,17796.17670769969,22277.781059979647,40073.95776767934,6.348690352356887,9.306176506349694,0.05513240477798576,161426.7817990952,4573,1891,2295,4582,2982,1195
2852,19082.917588073233,23914.362767134724,42997.28035520796,6.75242686762053,9.541011680292447,0.05475525838825485,159241.58197358742,4966,2376,1417,6396,1340,1023
2853,16626.39520119174,25377.1608889478,42003.55609013954,6.671413126743689,9.953354611877982,0.05442464282690088,159123.4218786434,4229,2474,2056,5448,2234,1077
2854,19995.157466583092,23832.190632581423,43827.34809916452,6.872199407261769,9.782075679413405,0.054586307174983195,158725.3629010765,5102,2340,1317,5485,2366,908
2855,12463.13960427996,22675.912850125966,35139.05245440593,6.161211066603985,9.420797222231291,0.05457996110557074,160892.83721520402,5094,2189,1476,5045,2404,1310
2856,15630.919885776155,24246.759061682395,39877.67894745855,5.814842099627884,9.703252762537478,0.054472994520889606,160192.8778631386,5587,2292,880,5663,1728,1368
2857,14995.656668882653,23348.955641319233,38344.61231020189,6.188536424795903,9.564847986875032,0.05448445696224186,159989.4799527529,4645,2539,1575,5934,1077,1748
2858,17979.900033224138,22709.99724028074,40689.897273504874,6.866089600121102,9.476117883446014,0.0544709221948692,159256.74325262947,5349,1457,1953,5725,1500,1534
2859,17809.800267629085,24865.479526722833,42675.27979435192,6.905410667273127,9.729657701234055,0.05445943751121913,158802.22177231393,4089,2990,1680,5331,2326,1102
2860,18625.415827942354,24509.141737621034,43134.55756556339,6.844196724080942,9.876659005679892,0.05443801860231442,158416.65503999803,4962,2362,1435,5541,2278,940
2861,17844.15028409221,25717.68838324336,43561.83866733557,6.07974257711858,9.940414557866225,0.05454035896533966,159823.97639986602,4402,3318,1039,6046,1667,1046
2862,13760.054405320288,25490.965246895554,39251.019652215844,6.280211976797145,10.06396506716265,0.05460239529220715,160165.06585813224,3710,3747,1302,5497,2194,1068
2863,15799.836898613583,23044.70730968338,38844.54420829697,6.389044230056127,9.64185640285536,0.05467369740394355,160742.10884013024,5470,2088,1201,5009,2489,1261
2864,15919.996382709962,21834.86052519205,37754.85690790201,6.1611531263446935,9.283414351040587,0.05531204435950222,162003.71773686813,4583,2801,1375,4057,3479,1223
2865,14337.778953104991,24384.734905222478,38722.51385832747,5.3520895179717005,9.649249966711201,0.054813926747382925,160810.18270325926,3852,3154,1753,5344,2165,1250
2866,18280.2413213459,22765.528952254062,41045.77027359996,6.650432920533989,9.412267060463654,0.05460590815292471,159756.00512414516,5807,1058,1894,5569,1794,1396
2867,17558.188365931455,23381.763457857563,40939.951823789015,6.3454753508633726,9.488501797264774,0.05463934809305026,158288.13087680176,4994,1922,1843,5917,1903,939
2868,10708.39881052426,21961.971585486604,32670.370396010865,5.881027872731928,9.071713709987888,0.0551610335905777,162281.30347583006,4754,2234,1771,5192,2189,1378
2869,13867.205298162753,25393.720770853462,39260.92606901622,6.010105449049871,9.78379146245901,0.05463138173685293,159008.46735052194,4085,2810,1864,6318,1377,1064
2870,15588.399246911105,26259.874969746215,41848.27421665732,6.1491495951423785,10.225396822527559,0.05447289071190596,157026.09756252583,4666,2454,1639,6522,1583,654
2871,16365.782356941088,24306.002725120805,40671.78508206189,6.134883454660331,9.75505610643658,0.054596582023413665,158933.4303759714,5231,2577,951,5998,1775,986
2872,18130.81653479343,23497.811775973838,41628.628310767264,6.263308213683193,9.584973133553376,0.05456668698591713,159176.77907931566,4370,2392,1997,5775,1961,1023
2873,15901.833981313359,24918.905855209407,40820.739836522764,6.160943467129216,9.793488278798824,0.0549020999246416,160329.65356541012,3256,3604,1899,5773,2160,826
2874,17852.532766260596,25101.76703927928,42954.29980553988,6.196374085611021,9.792922491325227,0.05497204493196293,160090.68906970782,4255,2638,1866,5283,2605,871
2875,17683.024790051273,25068.785286488637,42751.810076539914,6.49717277149931,9.989488453752942,0.05447291084663054,157988.45101649145,3832,3080,1847,5833,1839,1087
2876,15772.529218036321,23108.57749045536,38881.10670849168,5.895972489436493,9.442257208620866,0.054572249480127566,159786.37783180585,4893,2423,1443,5532,1935,1292
2877,21354.949572985166,23147.944967725012,44502.89454071018,7.042967750248004,9.498483377490567,0.05452428917695687,158121.86452150997,5457,2367,935,5179,2641,939
2878,19755.14920972554,23396.206901330122,43151.35611105566,6.902462361001087,9.569537120718985,0.05442839993579724,158265.5039997044,5231,1668,1860,5709,1790,1260
2879,16574.02523973792,22188.987723863032,38763.01296360095,6.228681492450815,9.2036824900641,0.05456664545069812,159950.2476098091,5722,1081,1956,5528,1824,1407
2880,15498.23850045518,24874.20462166872,40372.4431221239,6.04326492158361,9.701887152634011,0.05451169661967273,159673.87289668838,3444,3995,1320,5617,2057,1085
2881,16798.88871425977,22305.93236291008,39104.82107716985,6.108962517553932,9.224085714486353,0.05482661384987937,159832.47506072605,5926,1385,1448,5274,2343,1142
2882,19494.040372059124,24767.650184671344,44261.690556730464,6.452267371763563,9.666948573559793,0.05453615645912785,157788.05713371406,4883,2534,1342,5807,1823,1129
2883,16082.83951431139,22746.29217936216,38829.13169367355,6.364293921226557,9.331853909539461,0.05516731916187974,161818.72071864607,4049,2883,1827,5040,2345,1374
2884,18562.23280546796,22444.221588467262,41006.45439393522,6.743409126995246,9.431123879270103,0.05497644371499326,161144.4527771085,5381,2365,1013,4846,2921,992
2885,17466.516752811352,23408.708852994518,40875.22560580587,6.458988349947805,9.419163542845045,0.054807531040147926,160791.50361873175,3752,2703,2304,5821,1575,1363
2886,19877.34426821322,26956.526285207183,46833.870553420405,6.778994597816606,10.134267580645782,0.05446195731162168,157066.63400615496,3730,3235,1794,6847,1236,676
2887,18739.368350145916,23115.144004925987,41854.5123550719,6.750417768225387,9.407655655936248,0.05464129843591028,160031.99771527422,5260,1864,1635,4609,3012,1138
2888,15663.728458446509,25699.574480418083,41363.302938864595,6.316757216203054,10.028829989418492,0.05444580716311333,158632.196336187,4511,3055,1193,5871,1928,960
2889,18289.095858064353,23695.34363372189,41984.43949178624,7.1708650135443275,9.635792015407555,0.05458615720929881,157521.76848461505,5030,2084,1645,5924,1854,981
2890,17102.61875010033,23791.847598831777,40894.46634893211,6.930569296609513,9.442538470530367,0.05483482094519327,161330.53887916546,4311,3434,1014,5436,2467,856
2891,12500.164223165968,22976.57000325245,35476.73422641842,6.075440320926386,9.450599317703956,0.0544943859694323,161034.8638724935,4361,2821,1577,4915,2583,1261
2892,14492.679945843558,24301.925665721417,38794.60561156498,5.6844135828534315,9.576270787703937,0.05462875505744518,160311.75927719014,3459,2912,2388,5469,1816,1474
2893,16733.31870529606,22964.27237404587,39697.59107934193,6.193206786140441,9.467720283269806,0.05452827669401366,159990.03082315996,4237,3472,1050,5668,1730,1361
2894,15824.276046434086,22023.530629181816,37847.8066756159,6.021259477309096,9.24368830506643,0.05462867141750559,160556.32902631455,4334,1900,2525,5469,1872,1418
2895,17618.390709993633,25021.274311284997,42639.66502127863,6.377645868358639,9.764908442809956,0.054497089937711775,159133.22551214046,5407,2532,820,6119,1281,1359
2896,16461.984472559034,24346.586628106765,40808.571100665795,6.307005729816928,9.72044464038463,0.05445169923077086,159773.8541311327,4844,2619,1296,5350,2294,1115
2897,15374.831549492996,24272.443412812358,39647.27496230535,5.983199240413436,9.729085009759283,0.05457608724129093,158994.78858580018,4632,2362,1765,5509,2246,1004
2898,17561.220432846283,26446.335274291745,44007.55570713803,6.341989541730152,10.197142640873572,0.05449138091815697,158003.77174534928,5232,2259,1268,6421,1380,958
2899,16275.742703956905,24441.396925094297,40717.139629051206,6.595836545962298,9.851679744002645,0.054516843971216415,160837.29025909063,4840,1924,1995,5320,2054,1385
2900,14536.280764477171,25845.40013854044,40381.68090301761,5.848454130545086,10.092447292273443,0.05462158816907119,159686.0547232388,5351,2030,1378,6409,1293,1057
2901,19076.419566704626,22556.677896609162,41633.09746331379,6.172800772168999,9.330511873149227,0.055149882195248856,162763.7500571948,4254,2245,2260,4905,2795,1059
2902,19224.747397754225,24539.861015928327,43764.60841368255,6.642835336060293,9.836821277626498,0.05475399934327853,158208.20586429958,5582,2180,997,6474,1555,730
2903,15181.56604223292,27048.03336298799,42229.59940522091,6.29058763687097,10.26556508510379,0.05451834689439823,158842.2228784554,4780,2362,1617,6498,930,1331
2904,18042.768893723016,25192.93331899074,43235.70221271376,6.473730899161526,9.898079834241592,0.054486575009538185,159135.18206514083,4724,2523,1512,6327,1052,1380
2905,17605.229004059274,24069.967966088934,41675.19697014821,6.513128661619121,9.67509861122906,0.054531847374072275,159139.50325256953,4493,2342,1924,5818,1907,1034
2906,14644.931224916723,23353.65512705531,37998.58635197203,5.357019401100196,9.525969601221767,0.05468220962472412,161531.38351209104,4872,2321,1566,4722,2619,1418
2907,12908.013505338648,24505.43677215784,37413.450277496486,5.712623736521729,9.804439462301348,0.05464154589563754,159691.09642205827,4154,3179,1426,5043,2725,991
2908,15119.913674940817,25445.957597723638,40565.87127266446,5.880308329523697,9.929469913894723,0.05453846262914243,161292.57502325505,3614,3578,1567,5607,1994,1158
2909,17064.001804245196,23825.407717960796,40889.40952220599,5.789119239159482,9.716185561553885,0.05486517161869992,161953.17723435792,4468,3174,1117,4940,2744,1075
2910,15538.858787907515,24347.837471565494,39886.69625947301,5.932082446746879,9.805055523543635,0.054597127272342824,161713.8757584624,5216,2205,1338,4680,2493,1586
2911,16003.036622508942,26443.4875211852,42446.52414369414,5.621404666811511,10.11679486813382,0.05449653466677148,159509.1387863422,3803,3646,1310,5712,1720,1327
2912,17237.656715557638,25088.446922560306,42326.103638117944,5.828605489748262,10.111770415915972,0.05451525217294595,159465.40497079561,4504,3030,1225,4895,2492,1372
2913,17355.383971293275,25774.323940049104,43129.70791134238,5.887975284340672,10.073709372908057,0.05453273600689283,158798.77522951525,3417,3792,1550,6135,1736,888
2914,14677.87497831304,25641.874220348986,40319.74919866203,5.897024209676894,10.193584064524304,0.05449909700449297,158695.78096624275,3967,3074,1718,5973,1657,1129
2915,18599.990157264492,25513.63758109163,44113.627738356125,6.274745840191919,10.115170998996707,0.05451116458163974,159403.992084946,3674,3862,1223,6004,1312,1443
2916,17287.539544985688,23983.354846909737,41270.894391895425,6.510497210897734,10.050893670149653,0.05447209935206785,158526.86097165584,4760,2548,1451,5666,1885,1208
2917,15805.832997050557,23576.672458585457,39382.50545563601,6.096157282562874,9.679864611920776,0.05454008691218199,160652.05828870749,3795,2613,2351,5346,1943,1470
2918,19387.29361601594,24649.51772435493,44036.81134037087,6.550787385148052,9.857544104195963,0.054555832714544436,159462.0724201871,5502,1752,1505,5473,2331,955
2919,17291.23300178455,25167.745016352976,42458.978018137524,6.326473659649776,9.899462632106978,0.054643981135015667,159054.31379504479,4409,2977,1373,5815,2085,859
2920,17532.44252469351,25601.794370999523,43134.23689569303,6.402708236769246,10.333679331983156,0.05443093847267228,159213.46122469017,3336,4375,1048,5590,2155,1014
2921,15978.54978991346,24067.349940945813,40045.89973085927,5.968724867794738,9.873941855450292,0.05471199985456447,159438.70879291272,4062,2667,2030,5267,2634,858
2922,14405.923331867218,24818.051541238325,39223.974873105544,5.017812234527614,9.828097243406365,0.05460273552488888,159984.78768599126,4630,2260,1869,5647,1928,1184
2923,18093.10151726629,23463.10234768761,41556.2038649539,5.718095930686966,9.601060054983657,0.05459360023273518,158816.13712709327,5053,1946,1760,5472,2289,998
2924,16887.25017306853,22637.94912187276,39525.19929494129,5.889755734345661,9.242437716269956,0.0549413849977868,160208.2524105041,4479,2904,1376,4910,2793,1056
2925,18880.41313587683,24552.268726386355,43432.68186226318,6.587200258332522,9.662247504711159,0.05450437776349873,158462.24257978832,5694,1864,1201,5671,2240,848
2926,17833.421017796125,26604.692778753128,44438.11379654925,6.152541344605562,10.240770352332632,0.054568251950268445,157902.7831751292,4507,2896,1356,6106,1760,893
2927,16428.979334006854,25286.42859454462,41715.407928551474,5.591803235546083,10.090547973549919,0.05454639597556463,158551.04793994,4673,2778,1308,6220,1754,785
2928,17779.133729569105,22987.00857354892,40766.142303118024,5.912919348306482,9.513450683788562,0.05460881529706557,160078.10365182618,4522,2317,1920,4983,2662,1114
2929,15836.941322939443,24153.59074233512,39990.532065274565,6.273891660342393,9.678014445239194,0.054593685481025264,159401.9015986897,4112,2870,1777,5132,2588,1039
2930,18418.118405719597,24001.666097758283,42419.78450347788,6.651727948044529,9.77251613113086,0.05459723848287118,158641.15429255573,4624,2636,1499,5861,1863,1035
2931,18050.00963185113,23570.271422858623,41620.281054709754,6.459973440551132,9.58078668474853,0.05465556526843943,159601.2012061629,5215,2220,1324,5595,2137,1027
2932,17056.29223064017,23459.650683749547,40515.942914389714,6.042234667806495,9.470847258914636,0.05461032424561485,158937.39749677028,4808,2311,1640,5443,2234,1082
2933,18244.348809730636,24417.346340501612,42661.69515023225,6.478755761605913,9.858057653856681,0.054438852714713964,157946.1518355946,5275,2212,1272,5534,2362,863
2934,18779.501115920164,22759.677522621794,41539.178638541955,6.379973625440806,9.290608705811955,0.05476067678818079,160855.23064718882,5366,1361,2032,4651,2938,1170
2935,17765.896442954076,25407.466359248258,43173.36280220233,6.169373442194971,9.839226980335399,0.05465054905650578,160569.7016266593,4406,3125,1228,5597,2006,1156
2936,18496.35615200765,23455.829896031435,41952.18604803909,6.41521703903434,9.250444181594906,0.0552356183438284,160438.67935998875,3732,3808,1219,5126,2925,708
2937,18376.348097127015,21743.86666617426,40120.21476330128,6.048733238432584,9.049277307295306,0.05484776642392264,161640.61169659265,4268,2684,1807,5016,2366,1377
2938,17456.56719779001,21634.843045249432,39091.41024303944,6.125668740170667,8.842315294960187,0.055071333187847814,164217.56934979258,4755,2433,1571,4059,2834,1866
2939,16325.067237675083,26722.115539117523,43047.18277679261,5.970279510941029,9.911261230123595,0.05456189541434847,158990.66483935885,3693,3355,1711,6202,1466,1091
2940,16368.076005298642,22809.23188583208,39177.307891130724,5.937476342512653,9.245452905871304,0.05510114281192503,160041.36400044584,4829,1411,2519,5298,2497,964
2941,18577.573102583956,21355.30699480499,39932.880097388945,6.00014259294872,8.807848564195195,0.055448143381635374,163148.30658000737,4300,2445,2014,4506,2928,1325
2942,15917.521853340862,26620.990865427157,42538.51271876802,5.535351686624408,9.862757301142345,0.05468940691547763,158528.09602627528,3314,3568,1877,6534,1392,833
2943,20273.59720746378,24354.97773178718,44628.57493925096,6.066032283549872,9.723846527890885,0.05446885314230787,158182.21055488955,4656,2282,1821,6128,1563,1068
2944,17217.710663031692,23003.495667288706,40221.2063303204,6.159369628903893,9.309467722302134,0.05505608420571894,161750.28098867924,5212,2341,1206,4840,2712,1207
2945,15748.520083973803,23083.403096552876,38831.923180526675,6.2372643287697445,9.386925067995763,0.05450336022065709,160002.02905243187,4927,2039,1793,5529,1925,1305
2946,18624.539429156164,24714.48590046634,43339.025329622506,6.181857221828598,9.63943875158897,0.05450579233876682,157560.66263348536,4525,1890,2344,6705,1208,846
2947,19198.96925547865,24876.216746786755,44075.1860022654,6.161076592909069,9.782016655564838,0.054495985104256614,157680.80458303157,4961,2142,1656,6218,1755,786
2948,13671.615079525525,26440.332070368677,40111.9471498942,5.415113128158112,10.024358253165857,0.054476626257977195,161890.23674959128,4132,2749,1878,5543,1638,1578
2949,15581.78797546197,25436.168286352953,41017.95626181492,5.623958968332004,10.087483312750926,0.05444438510098257,159679.07616385425,3747,3817,1195,5816,1632,1311
2950,16563.653759284596,24538.123253766014,41101.77701305061,6.03299838294383,10.162013834860922,0.054572144420171484,158675.43905318927,4535,2978,1246,6484,1086,1189
2951,15192.081693715707,24821.844338472143,40013.926032187854,5.16293424852827,9.882673410689508,0.05464291575643144,161052.8643026145,4137,3772,850,5443,2124,1192
2952,14753.79311278686,23725.90375490914,38479.696867696,5.313445874698225,9.639079135294079,0.055137317840055176,162391.62119193378,4592,3007,1160,4938,2457,1364
2953,15055.485356711835,24115.092459609645,39170.57781632148,5.660922039908537,9.577862782958936,0.0547801411046203,160377.32627243592,4403,3195,1161,5515,1830,1414
2954,18685.087767828714,25831.31000481921,44516.39777264792,5.793522608585674,10.157897280384011,0.05452146540372062,157673.90666004954,4174,2874,1711,5897,1797,1065
2955,15426.378738133171,24362.381503126722,39788.76024125989,6.029492905155258,9.803000307917062,0.05481860379425644,160575.24990944227,4575,2844,1340,5269,2457,1033
2956,18218.885582444836,23984.80602858955,42203.69161103439,6.0523875747248725,9.721016876581203,0.0544860211269969,159354.03773134886,5187,2479,1093,5712,1584,1463
2957,16929.588341910265,24423.360244234944,41352.94858614521,6.280332495154756,9.921667811143193,0.05444292160375543,160037.71061153073,5202,2498,1059,5739,1362,1658
2958,15173.383644073643,26256.64726547705,41430.0309095507,5.676674058291043,10.13941144265019,0.054478032008493056,157903.81036854885,4446,2996,1317,6421,1468,870
2959,18899.569689906217,25745.991582611896,44645.56127251811,5.911842641057696,10.26105564594942,0.054566492444919165,159915.04914027188,5120,2220,1419,5945,1496,1318
2960,18886.75409111894,22585.4357812609,41472.18987237984,6.264495156046163,9.481229556657754,0.054626746454938375,161128.285769623,4905,2275,1579,4735,2348,1676
2961,17633.418648492945,25949.851028271507,43583.26967676445,6.0415368320236436,10.09613260570853,0.05446012258454433,158491.2823219107,3713,2848,2198,5776,1945,1038
2962,16484.920835691282,23660.8920489195,40145.81288461079,6.5002856600100225,9.511490663860954,0.054545966287910246,159192.67651568737,5510,1926,1323,6120,1452,1187
2963,17733.053633993593,23441.96046692659,41175.01410092018,6.337960823081315,9.352785927953706,0.055244749486969225,162647.161499998,4200,3118,1441,4695,2999,1065
2964,16018.432840241638,23061.042502997778,39079.47534323941,6.004066795073285,9.342362030622889,0.055000013702453214,161006.97430426974,4561,1913,2285,5224,2305,1230
2965,16026.673677477535,26540.22231425387,42566.895991731406,5.8712578263384705,10.026381510258902,0.05451685104167582,157323.17103486837,3989,3095,1675,6225,1701,833
2966,18700.172492756505,27952.455214789534,46652.62770754604,6.2390701944496945,10.463237086848396,0.054576760683839015,158181.18796680166,4595,2660,1504,7359,636,764
2967,17923.12181826301,25705.26377436094,43628.38559262395,6.2920191919620025,10.268396556802942,0.05454289648815352,157923.60334309028,4458,2894,1407,6646,1336,777
2968,17129.728243592217,26540.522618271923,43670.250861864144,6.001378951160927,10.416557291255332,0.05449582142772986,158002.54581122485,4899,2998,862,6425,1512,822
2969,14564.502867558138,26918.300504779974,41482.80337233811,5.585512701073879,10.592179898250105,0.054502905527115224,157332.16262298657,3666,2828,2265,6733,1323,703
2970,17461.90029156653,26335.679469134677,43797.57976070121,5.821750193278015,10.49658077782564,0.0545200472745622,159312.89231777418,4808,2445,1506,6151,1425,1183
2971,18215.81647342786,25696.81489785141,43912.631371279276,5.879909913964223,10.236346557176377,0.05461420257521647,159545.03801823684,5278,2687,794,5450,2123,1186
2972,16636.71564662445,26190.251759299936,42826.967405924384,5.874899956442863,10.296574085435235,0.05471446001868956,160187.87157151508,2881,4238,1640,5494,2203,1062
2973,17092.757363382287,24848.362322567988,41941.119685950274,6.113568184674625,10.020387489988915,0.05443542649567975,159382.06084371373,4405,1877,2477,5859,1691,1209
2974,18224.463867184644,24489.650667603615,42714.114534788256,6.171966166344731,9.87562431313952,0.05453162851400817,160292.95342422015,4753,2761,1245,5455,2072,1232
2975,12929.270520363225,25277.9385486314,38207.20906899462,5.68440213701012,9.974232945434785,0.05459970543053511,159483.39640427433,4237,3134,1388,5747,2243,769
2976,19214.689994953318,26311.299224865368,45525.989219818686,5.98071011916898,10.331966021595703,0.05450146114316412,158578.3206825031,3669,3504,1586,6002,1807,950
2977,17425.59447100931,23727.12524043147,41152.719711440775,6.1398315079245736,9.725222334357989,0.05464812068577974,158830.97529857024,4815,2845,1099,5527,2252,980
2978,18345.447516237175,23064.662603709425,41410.1101199466,6.27581900067927,9.438154765089527,0.0545642223894588,160826.9542067625,5094,1967,1698,4952,2726,1081
2979,16758.662375754553,24274.602226747877,41033.26460250243,6.032559717430222,9.558285319072487,0.0545370148517046,160625.08080667228,4970,2741,1048,5331,2065,1363
2980,21015.58856480148,21050.173108223848,42065.76167302533,6.270115790734365,8.941702696787736,0.05516398713746071,161989.73174371693,5491,1565,1703,4686,2707,1366
2981,21107.302544290156,23608.31645542442,44715.61899971458,6.768707653447894,9.17050680366493,0.054643580478705996,160013.23777610305,4547,1509,2703,5671,1705,1383
2982,17420.316665013273,24983.728421253465,42404.045086266735,6.377929080190949,9.554160467936182,0.05453801161496403,159201.78439439082,4452,2089,2218,5448,1794,1517
2983,16017.63246358832,24141.33544045572,40158.96790404404,6.020289487744755,9.476358904846652,0.05463946136187065,160537.62047504148,4257,2386,2116,5455,1798,1506
2984,13467.809613063133,25949.34838536257,39417.157998425704,5.520191921991237,9.988769788995967,0.054452398434518934,159276.39288030655,4021,3104,1634,6006,1822,931
2985,18866.537225637032,24080.875495640354,42947.41272127739,5.91483627707073,9.659403971881229,0.05450014074943138,158943.79064093373,4393,2041,2325,5873,1889,997
2986,19974.515436380865,27838.19732090199,47812.712757282854,5.9874083923551,10.382544126519953,0.05453118530865625,156522.49456243624,4693,2581,1485,6373,1896,490
2987,20433.221228288334,25284.31086342468,45717.532091713016,6.410993670464448,10.095403906034253,0.05454857092662095,156772.07809050372,4053,2692,2014,6408,1795,556
2988,16877.645204295655,22259.281904225518,39136.92710852117,5.935924249914348,9.295438619424708,0.054952269539102525,159589.9020432401,4784,1906,2069,4967,2913,879
2989,13660.984571777297,26663.95030226542,40324.934874042716,4.977084324430502,9.99674725659871,0.05459019568939142,157429.5789381974,4675,2868,1216,6341,1798,620
2990,14630.190409721357,23865.50614840761,38495.69655812897,5.3700273500193,9.707080567369882,0.05451368224003437,159124.3396284225,5283,2359,1117,5287,2468,1004
2991,18307.59036856978,23442.274908699197,41749.86527726898,5.550616385024898,9.491666408232408,0.05457797835788223,158559.19727995255,5177,1924,1658,5794,2030,935
2992,15675.104429878014,27178.82683113767,42853.931261015685,5.322058437433205,10.192417272171413,0.05444333526495338,158531.92747838775,4305,2537,1917,6325,1475,959
2993,13655.376642252917,26157.779498627624,39813.15614088054,5.342811088535861,10.18018587136636,0.0546312246052052,158880.00374030074,4756,2253,1750,5538,2196,1025
2994,18429.004245958175,24471.739786614024,42900.7440325722,5.873837098708879,9.836277761101812,0.054509889024810035,159000.3300330443,4501,2774,1484,5823,1747,1189
2995,14247.396262009304,24289.582065859766,38536.978327869074,5.974352977726734,9.76938458478485,0.05448794315677207,157568.30235267675,4517,2628,1614,5556,2080,1123
2996,18230.31353056478,25799.464100518202,44029.77763108298,6.0296210170278295,9.99719683122008,0.05451271377074011,158410.01683460202,4591,2698,1470,5872,1901,986
2997,16460.762642983987,24129.362279042038,40590.12492202602,6.163547339521316,9.843757188488992,0.054716756731149965,159907.39189965153,5149,2217,1393,5396,2438,925
2998,19794.63987711391,23571.252756572252,43365.89263368616,6.285390596896907,9.608927764856174,0.0543980800960966,157461.6272363298,5634,1275,1850,6281,1507,971
2999,20884.495951809407,24697.93738665514,45582.43333846454,6.376243584444157,9.727441065058795,0.05454079478718396,159548.67405826543,4451,2246,2062,5740,1556,1463
3000,15023.812856303122,24669.14485533846,39692.95771164158,5.6173326823890735,9.74673534786453,0.05458661261013301,160690.2620242104,4298,2518,1943,5606,1790,1363
3001,16923.224657601153,24253.39048090087,41176.61513850202,5.535276071068721,9.680295583760273,0.054567433848531896,158006.4951289517,5169,1823,1767,5790,2018,951
3002,18056.67507303581,26421.30316558221,44477.978238618016,5.781254490973252,10.267171457952658,0.054618165428573465,158992.9619767926,3591,2894,2274,5980,2008,771
3003,18246.252395036143,24552.083088566353,42798.335483602496,6.161326978393155,9.946182887701411,0.05454758167410588,159431.1401203268,5318,1776,1665,5904,1885,970
3004,16012.630507964283,25731.03125712426,41743.661765088546,5.98513217401696,10.184226926894901,0.054626991543605306,161459.48080732053,3884,3583,1292,5176,2213,1370
3005,20109.093510070903,23591.684708707966,43700.77821877887,6.481450369322516,9.872734696771978,0.0544965695062556,159274.9032518898,4486,2828,1445,5901,1396,1462
3006,21188.992401301963,21299.28435323105,42488.27675453301,6.711980766805621,9.100159481059404,0.055071025803397386,161528.91261385885,5352,1515,1892,4462,2937,1360
3007,18634.564791627487,24669.73699467397,43304.301786301454,6.422430381953051,9.667078441175809,0.054645093665830244,159079.37302550374,5071,2898,790,5478,2159,1122
3008,17841.529633629467,26181.604883954333,44023.1345175838,5.899420521679548,10.216070750342755,0.05452896839133679,159313.34246234974,4170,3727,862,5906,1618,1235
3009,16882.746025764656,23917.25781237027,40800.00383813493,6.013471794585134,9.688775687238598,0.05454403470406124,159435.70243356327,5282,1669,1808,6016,1410,1333
3010,15670.580978374066,23689.160219160676,39359.74119753474,5.871582891262149,9.499727666106718,0.05443643659160732,159707.4733707256,5219,2226,1314,5328,2102,1329
3011,16233.80124522539,26407.834278986364,42641.63552421176,5.805278509966837,9.962187550854052,0.05447961761119021,160402.91926928336,3871,3278,1610,5399,2039,1321
3012,18625.58777703782,26521.988105752742,45147.57588279057,6.065365960037336,10.130201987450786,0.05445644895547829,160928.06254114333,4066,3047,1646,5412,1702,1645
3013,17924.785817391345,24676.341513121984,42601.12733051333,6.242021310803861,9.771854663458392,0.054538922553581545,158746.70917801643,4726,2354,1679,5865,1613,1281
3014,19427.51321914595,23611.80684431968,43039.320063465624,6.309017696290709,9.464541959636998,0.055147840376403766,160952.94101882417,4488,2315,1956,4302,3425,1032
3015,18041.972810097774,23439.766194139986,41481.73900423776,5.974256803702962,9.412636941476633,0.05494984439518998,160606.70192890978,5195,1986,1578,5469,2330,960
3016,23199.821546945655,21696.325579380453,44896.147126326105,6.556576645348637,9.062936983360203,0.05515837406601358,161642.4699754421,5221,2325,1213,4443,3246,1070
3017,18214.259382233944,24289.135937315976,42503.39531954992,6.00878627367333,9.5571842150396,0.05474921249186931,160400.53015923288,4956,2672,1131,5672,1660,1427
3018,17715.056766070033,23626.63496845723,41341.69173452727,6.110093967343122,9.261856941701351,0.05451724069855949,158837.57709716528,5492,2235,1032,5563,2049,1147
3019,16276.066042522034,26757.866250078536,43033.93229260057,5.7723064898231025,9.978521502786586,0.054505905785165225,158624.79043491042,4407,2838,1514,5876,1966,917
3020,18484.001336538124,25008.92614628007,43492.927482818195,5.840494195241811,9.81034166685739,0.05451581411190117,157549.64478144856,4222,2771,1766,6020,2059,680
3021,16745.26117341385,24142.139554411424,40887.400727825276,5.950639717511829,9.670249906064509,0.054462189491668464,158993.62084946188,5398,1811,1550,5981,1667,1111
3022,16126.66554864951,26862.940896105563,42989.606444755074,5.611479440770082,10.132159145835782,0.054450422140147406,158458.92450505763,3392,3391,1976,6240,1593,926
3023,17083.950001956913,23944.48670284502,41028.436704801934,5.7828590766361785,9.701915045676792,0.05452210312997537,160691.2741040194,4934,2323,1502,5478,1913,1368
3024,19113.015731329015,23948.71743925087,43061.733170579886,5.818173086969136,9.646964429271206,0.05461287172115246,159397.32990807184,4780,2635,1344,5210,2376,1173
3025,16092.070577310838,24235.013281005424,40327.08385831626,5.374328504655138,9.64956076511302,0.05452381323363764,160749.74982681518,5083,2088,1588,5604,1709,1446
3026,20783.83683346147,23184.990824448825,43968.8276579103,6.040902530257788,9.275489118755488,0.05521913362330025,160225.6475664519,4307,2073,2379,5108,2829,822
3027,19297.131130868038,23215.828482592868,42512.9596134609,6.162832984021416,9.306617887510658,0.054756867682096796,159742.76954325772,4274,2398,2087,5460,2055,1244
3028,19310.115049712025,26194.028070323653,45504.143120035675,6.543369465296203,9.812713929606815,0.054517354875129986,159678.12977177548,4978,2541,1240,5719,1635,1405
3029,14302.546153111813,27764.57637858382,42067.12253169563,6.1117357062599735,10.438131419551231,0.054490496180973486,158279.4385084188,3785,2924,2050,6461,1350,948
3030,17153.651822039687,24337.62513923744,41491.27696127712,5.871402394869829,9.960780860258286,0.05441282336151675,158531.24926643274,4841,2532,1386,6001,1586,1172
3031,10543.220157607608,26648.925247718937,37192.14540532655,5.266150138490696,10.157633706040532,0.05455657208267277,158958.1711054345,3807,3732,1220,5915,1625,1219
3032,16228.482187031295,25146.49703547567,41374.97922250697,5.478212475400036,10.032171077573238,0.054534648975722286,160476.1078311383,4286,3594,879,5530,1795,1434
3033,15584.981011216485,25291.54125651556,40876.52226773204,5.298698168519279,10.107002876995603,0.054641247545422926,161450.60317037284,4341,2548,1870,5344,1923,1492
3034,17845.085355300787,25318.23881415955,43163.324169460335,5.598390658757584,10.050204957635449,0.05467894028916989,159021.1129488777,4854,2358,1547,6222,1512,1025
3035,18864.223755280917,24044.77535925157,42908.99911453249,5.751268420470038,9.786248631018074,0.05455582037975288,157834.22455422755,4812,1767,2180,5957,1758,1044
3036,18350.401699317033,26101.44826374714,44451.849963064175,5.8553958166680165,10.142461567894319,0.05447319023896569,158881.82642404208,3859,3417,1483,6429,1215,1115
3037,17973.59248613123,23341.81940352547,41315.4118896567,5.892604881387904,9.55360109956474,0.05452368194406048,158344.91265747696,5117,2179,1463,5964,1715,1080
3038,20033.631114012947,22160.554016483704,42194.185130496655,6.292901249420301,9.017152917700509,0.055152289030334596,161011.86529091038,4940,2192,1627,4802,2744,1213
3039,17456.319632344836,25632.14904092167,43088.46867326651,5.846554126346021,9.630534738860334,0.05487357557870674,160303.4952241822,4992,2752,1015,5964,1677,1118
3040,16056.186806823822,24161.531198911325,40217.71800573515,5.63811173625866,9.476481832181332,0.05448358690882272,160871.6412119872,3939,3874,946,5457,1835,1467
3041,20702.617068970347,21647.93609466726,42350.55316363761,6.397514234870886,9.02622595723401,0.054622214631040056,160778.20458627737,5607,2291,861,4528,2624,1607
3042,15720.701676075318,24471.081521243188,40191.78319731851,6.082410254297904,9.355553104768761,0.0545876357571836,159949.5555918886,4931,2774,1054,5621,2054,1084
3043,19366.88310235386,22595.58783726079,41962.47093961465,6.282266553797273,9.12054550159857,0.05470669750657532,161590.5885173343,4876,2736,1147,5314,2303,1142
3044,15790.542776795028,22677.048482036123,38467.59125883115,6.003174858949146,9.105306647558754,0.05464670215553118,158960.87124883846,4376,2201,2182,5509,2041,1209
3045,18636.103935301126,26325.751920837574,44961.8558561387,6.010255935609946,9.817607907452906,0.05453805469561775,158247.22505073994,3875,3391,1493,6413,1816,530
3046,20847.84126121661,22996.288513964202,43844.129775180816,6.256119669848839,9.330304819805157,0.054931324631748255,159685.40980206942,4077,2622,2060,4786,3322,651
3047,19112.963399484106,23401.702601282268,42514.666000766374,6.268716251457961,9.355043463146998,0.05460004568237852,158830.10810638423,5341,2067,1351,5106,2788,865
3048,18664.33300345806,23648.149863937782,42312.48286739584,6.408386383836804,9.342015077039296,0.05461009707926021,159921.01185660425,4109,2423,2227,5842,1499,1418
3049,20787.66191489354,23632.50254362404,44420.16445851758,6.7933324593807125,9.216293734618125,0.05458482715756767,159566.37927202595,5589,1897,1273,5795,1717,1247
3050,15734.724464135861,25732.781441703955,41467.50590583982,6.533224787394732,9.638798077670168,0.054528561060076385,160083.51382812823,4631,2605,1523,5873,1624,1262
3051,18844.229221268524,20799.26895090748,39643.498172176005,6.636835692616306,8.714177245105855,0.05506589442826413,162505.7149267522,4945,1595,2219,4798,2157,1804
3052,18866.229696928152,24022.122417953473,42888.35211488162,6.464191525361049,9.324260017049589,0.05485060399727491,159521.09723169927,3915,3608,1236,5469,2166,1124
3053,20765.316688026607,24079.901774514477,44845.21846254109,6.683358811868177,9.388570606408285,0.05455710360263833,159246.9322504585,5484,2269,1006,5739,2112,908
3054,18962.165066657377,24561.19620180201,43523.36126845938,6.107275190976553,9.552388162380815,0.05444640760747981,159279.5047526762,4251,3255,1253,5696,2040,1023
3055,19011.124261489407,23483.830416071964,42494.95467756137,6.618713410766356,9.353370095817832,0.05444348934962618,159084.15789887914,6878,768,1113,5652,1774,1333
3056,17323.646778307844,24660.723489475946,41984.37026778379,6.0159667259929375,9.534311896106201,0.05451035484273368,158933.25009248612,4090,3629,1040,5812,1837,1110
3057,18436.127725628015,23023.326512972617,41459.454238600636,5.686186964990906,9.278219635917774,0.054501950268033755,161098.68364225817,4728,2655,1376,5369,1975,1415
3058,18143.140548288982,24754.23105535001,42897.371603638996,5.484324875169689,9.616543085356998,0.05457793142685795,160604.67110654555,4374,2281,2104,5600,2038,1121
3059,16748.457432274394,27638.17927002706,44386.63670230145,5.953144201083605,10.385416281657045,0.05457881482495197,160087.4247580354,3070,3272,2417,6198,1529,1032
3060,19620.47748000755,23179.91880122037,42800.39628122792,6.322763377836559,9.582788500664622,0.05458888597493091,160263.47124419658,5047,1707,2005,5132,2265,1362
3061,17732.66166335176,27334.163885977177,45066.82554932893,5.964618110178539,10.322996288962806,0.05450214813712229,159415.85697956829,3078,4200,1481,5860,2100,799
3062,17707.68932461718,24415.050923479703,42122.74024809688,5.959763303338581,9.872649300146563,0.054478975025705624,158984.44178093996,4834,2656,1269,6322,1282,1155
3063,18573.272391974795,22597.74363045547,41171.01602243027,5.90117162282545,9.237035017915915,0.054693371890196144,160586.68684171344,4523,2115,2121,4741,2871,1147
3064,19395.253366445195,23541.465752470343,42936.71911891554,6.048676785836303,9.502116123073522,0.05456580251314655,160494.94653628216,5141,1434,2184,4839,2641,1279
3065,17417.32248177136,26807.9314203794,44225.253902150755,6.225791436041836,10.0081193116815,0.054450794510071746,158251.487017617,4174,3034,1551,6226,1469,1064
3066,17237.340320004954,23571.78263408246,40809.12295408742,6.0983881460993254,9.372373745682522,0.055145409427848326,161413.16498254973,4962,2718,1079,5522,2249,988
3067,18443.37546205655,23820.50166205938,42263.87712411593,5.97616786493206,9.397233357991391,0.05480110655138429,158993.12089747717,5081,2131,1547,5246,2656,857
3068,16018.469826267454,22550.048635197334,38568.51846146479,5.510804240596312,9.076033441268496,0.05511718808020298,160571.17288911357,5083,2199,1477,4651,3079,1029
3069,16723.47149546046,27334.902562613,44058.37405807346,5.21476578193101,10.093747818368858,0.05472950715922287,158812.97752280402,4082,2414,2263,5910,1984,865
3070,18187.210654914066,25906.362388656893,44093.573043570956,5.521011054827275,10.047847136551601,0.054440178139708376,158441.40574656476,5071,2745,943,6129,1585,1045
3071,17794.62979063695,24992.02477120913,42786.65456184608,5.612273080876851,9.871750284521895,0.05445944417556274,159471.23911044255,3945,2501,2313,5710,1849,1200
3072,21058.43895296804,22948.312997230656,44006.7519501987,6.0915910514652065,9.42030508957065,0.054486171529866845,159318.11336346477,4758,2259,1742,5345,2169,1245
3073,17453.439918499113,24145.018181415337,41598.45809991445,5.364798145870979,9.474263136768815,0.05441149850734391,158679.57186994085,4026,3721,1012,5988,1689,1082
3074,17945.37712244094,20573.004130799236,38518.38125324018,5.319671221760211,8.861875914402695,0.055168451196020485,161568.17592274773,5200,2247,1312,4775,2697,1287
3075,18909.440817289313,26076.725401698604,44986.16621898791,5.740757104732742,9.790068531753635,0.05492081525159029,159899.3992261082,3590,2940,2229,5652,1804,1303
3076,19426.30529943549,22095.93929339769,41522.24459283318,6.038032668032779,9.088664118317206,0.05487660605688046,160214.75796521956,5702,1790,1267,4830,2858,1071
3077,19402.14668680442,22477.298177534,41879.444864338424,5.685862013458611,9.012589689485877,0.05524534662894265,162212.58723321135,4463,2272,2024,4970,2944,845
3078,17827.979159345097,23860.17635235923,41688.15551170433,5.810996226759617,9.347465461893464,0.054867210433035045,159428.10918536002,4852,2598,1309,5557,2143,1059
3079,18759.461508392695,25787.806564727867,44547.26807312056,5.763718961048676,9.767879688043847,0.05439931525160308,159592.13617817417,4185,3745,829,6109,1410,1240
3080,19100.575521061943,23726.849273521322,42827.42479458326,5.881549830215762,9.505407755365805,0.05501189204847341,160465.17970333746,5145,2197,1417,5252,2202,1305
3081,16929.803121595512,27408.345941761007,44338.14906335652,4.94604986040835,10.13578738366654,0.05478733143127299,158663.21819955384,4465,2453,1841,6176,1534,1049
3082,16610.375018279417,26395.289652967476,43005.664671246894,5.041243146815823,10.175586614302762,0.05449693948210665,159974.8925838319,3769,2496,2494,6202,1115,1442
3083,20415.887259678017,25012.945587690247,45428.83284736826,5.580642565186712,9.852040370110661,0.05448602077764457,158559.47772066097,4894,2473,1392,5284,2555,920
3084,19397.73324206473,25090.798633304123,44488.53187536885,5.500886034356053,9.935685066251535,0.054493107964150606,157648.84446327554,5755,1625,1379,6069,1702,988
3085,17302.803712693294,24738.541456682728,42041.34516937602,5.5270851129896785,9.672110358004515,0.05444101047896831,160708.81862890546,4706,2316,1737,5998,1177,1584
3086,20340.105743388245,21537.30097957958,41877.406722967826,6.200279437812698,8.975314906412812,0.055106892630491844,161115.3129563538,5916,1293,1550,4682,2643,1434
3087,18082.852281473726,27000.101271341053,45082.95355281478,5.691118152495342,9.852156495182298,0.05463492035910455,158590.49530739067,4333,3289,1137,5674,2258,827
3088,18629.38419494771,25026.794505225538,43656.178700173245,5.8643886976596535,9.73359825588294,0.05448663206697023,158673.5423885365,4984,1996,1779,5898,1882,979
3089,18875.7318638854,24928.571224736836,43804.30308862224,5.450154189608982,9.73118145313449,0.05451765833635155,159166.24466645872,4780,2693,1286,6621,1065,1073
3090,16785.111394029773,24728.973664981888,41514.08505901166,6.288494183231126,9.82746892144836,0.05448562826142789,157706.26178087568,4940,2786,1033,6411,1624,724
3091,21947.611929965708,23076.371580824478,45023.98351079019,6.568162170587114,9.49248007965451,0.05448474049965435,158472.82988966166,5645,1664,1450,5554,2113,1092
3092,16831.536923131524,23990.093397789366,40821.630320920885,5.570203632962927,9.502360971547935,0.05455280126836909,161202.70526308415,4373,2841,1545,5476,1331,1952
3093,17301.507094350527,23675.736755424114,40977.24384977464,5.435992474333368,9.570224638646556,0.05463420323068041,160462.93906071212,5024,2876,859,5418,1767,1574
3094,20227.738556931687,22216.671482893245,42444.41003982493,5.8921472028475925,9.12005927049899,0.0545506311530508,159514.93417918397,5773,1616,1370,5461,1981,1317
3095,20798.93674172248,21707.223418483958,42506.16016020643,6.027275636642455,8.934911062781953,0.054626497433183534,161066.17515844438,5481,1266,2012,4780,2348,1631
3096,18640.89162643008,24231.376914216653,42872.268540646735,5.741432137002203,9.147983714803624,0.05510074149120285,160602.0489708418,4960,1963,1836,5381,2362,1016
3097,15563.260206417444,25733.14065985817,41296.40086627562,5.453622245857968,9.72360747743338,0.05485877480800497,159700.73332483188,3913,3469,1377,5914,1732,1113
3098,20188.86849886532,22264.917226085472,42453.785724950794,5.824344838018185,9.133257594038447,0.054589007328623027,160591.69451951914,5288,1721,1750,5033,2301,1425
3099,18872.159414378166,24636.409504592466,43508.56891897063,5.439429350349725,9.419286207609415,0.05455690380731173,160021.25410844,4189,2578,1992,5794,1866,1099
3100,16504.784790105983,23770.526931613218,40275.311721719205,5.39374990372584,9.465126004592594,0.054471703406706776,159844.231916113,4381,2047,2331,4985,2662,1112
3101,17009.645690902453,24050.68868310956,41060.33437401202,5.125267238128966,9.345595279668528,0.0545202938832936,159436.3267729452,4539,3087,1133,5417,2274,1068
3102,20956.467796322406,22352.6022888742,43309.07008519661,5.850789139161388,9.095473817248367,0.05511016466646887,162201.0646039717,4379,3122,1258,4719,2810,1230
3103,19847.166444019596,24128.316180284895,43975.482624304495,5.53998192942516,9.492454657202313,0.05473499318044976,160261.25642836787,4556,3162,1041,5402,2323,1034
3104,15977.070960040606,25906.732228974623,41883.80318901523,5.25116478671619,9.723613897057856,0.05451825431097045,159654.8750009298,3788,3415,1556,5973,1763,1023
3105,19376.455019870184,23630.251981277364,43006.707001147544,5.6692129669033475,9.603618407374869,0.054409295323576086,158774.43300384533,4657,2055,2047,5876,1699,1184
3106,17791.383703727613,24354.285811535992,42145.66951526361,6.011955600803428,9.587227884309382,0.05450955164741959,161677.78516361417,5115,2196,1448,5212,1757,1790
3107,19207.430862485926,25101.75469786515,44309.18556035108,6.002875808065499,9.666962615924596,0.05454253913501215,162129.68115449604,4547,3141,1071,5092,2283,1384
3108,17328.093680364487,23351.733571412162,40679.827251776645,6.289492506424394,9.457113095646589,0.05454245328200718,160494.5232628586,4610,2771,1378,5101,2341,1317
3109,20234.013625852334,24680.302059751786,44914.31568560412,6.319022705058624,9.565832921774533,0.054597236678130635,157562.82806790524,5087,2728,944,6410,1499,850
3110,20113.267494683114,26203.426862734756,46316.69435741787,6.057476226157978,9.928767422633312,0.054445572826682574,158804.52950644432,4576,2373,1810,6557,1116,1086
3111,20062.733043018645,25699.023560968453,45761.7566039871,5.910294631790561,10.019754322061745,0.05444911965917433,157296.72750126492,4730,2024,2005,6084,1857,818
3112,21909.596467000447,23932.83721998993,45842.43368699038,6.287048417118735,9.599192082404693,0.05451939619611485,158239.98326460255,5285,1664,1810,6229,1604,926
3113,17445.474655824673,25804.048053222836,43249.52270904751,6.1146390812873,9.873814213896756,0.05451224344543972,158215.06606451032,4456,2660,1643,6542,1191,1026
3114,17512.89817325728,23980.546473423372,41493.444646680655,5.944755574011986,9.655038526687306,0.054423267667652896,159008.1682054492,5673,1517,1569,5951,1318,1490
3115,20945.84050809316,23422.00492659268,44367.845434685834,6.1699929265032365,9.227219273615953,0.055123131585079393,160749.6708378487,3154,3783,1822,4933,2787,1039
3116,19843.424126603357,23648.750599246487,43492.17472584984,6.201636727713948,9.277368757775395,0.05464066657512045,158447.40009336668,4815,1930,2014,6102,1787,870
3117,19966.69559758469,23341.168135033528,43307.86373261822,6.3515063335839415,9.28140400229056,0.05440633893260786,157310.92813500957,6197,1776,786,6536,1247,976
3118,17164.364921316243,27023.843619702566,44188.20854101881,5.835143496606067,10.067766629840078,0.05444522087855929,159888.88193643038,4346,2936,1477,6292,1284,1183
3119,15581.124196378696,27188.748414590318,42769.87261096902,5.443748329761304,10.225297608083888,0.054502216895910935,158773.19451345666,3878,3730,1151,6764,1039,956
3120,17592.606986507602,26400.456468504985,43993.06345501258,5.702293154309043,10.408151180869101,0.05445158871221032,157976.44718050447,4573,2779,1407,6848,1232,679
3121,18677.425540167005,23765.976630563833,42443.40217073084,5.928945519004065,9.85684794334864,0.054535691101293665,159021.63242614063,4374,2660,1725,6407,1410,942
3122,15893.27090891433,24782.671316897016,40675.94222581135,5.66497050452537,9.777170566509877,0.05446962388733678,160537.01599132264,4174,2705,1880,5189,2229,1341
3123,15318.416782157523,26043.13414768576,41361.55092984328,5.299747002459735,10.023970400320376,0.05451089455950869,160266.16064064266,3391,3928,1440,5631,1673,1455
3124,19673.78869040204,21955.870733276046,41629.65942367809,5.762931732539808,9.206745013204756,0.05468663919855877,159560.82160787578,4818,1866,2075,4734,2968,1057
3125,15998.59351269307,26251.20824570309,42249.80175839616,5.671058199192951,9.760304072296229,0.05457635379113688,159235.52141603,3279,4170,1310,5896,1836,1027
3126,17843.33063739128,20871.559435901832,38714.89007329311,5.740796626883392,8.848180345612912,0.05510277065322308,161169.88646652084,5787,1491,1481,5024,2545,1190
3127,20484.02501105037,20891.733821704063,41375.758832754436,6.168398612278197,8.648110986508259,0.05545280733012066,162857.10494007263,4504,2020,2235,4673,2908,1178
3128,16998.724133732994,25882.13296431811,42880.8570980511,5.725411544871353,9.550997339018132,0.05481855406665669,160538.4409840857,4056,2734,1969,5358,1876,1525
3129,19887.229195109056,22400.80156254528,42288.030757654335,5.719820778571029,8.912550166799724,0.0550716991331312,161284.74401561852,5563,1632,1564,4644,2924,1191
3130,17983.589413185226,26435.35464559518,44418.944058780406,5.731151469538092,9.757493830138388,0.054603254835639194,158690.6475646112,3579,3613,1567,6106,1787,866
3131,17398.510634061782,27376.1410100287,44774.65164409048,5.699551393634151,10.027781598655881,0.054455290740354774,158902.72356425313,3575,4187,997,6756,1110,893
3132,16944.028851875057,26342.111955711694,43286.14080758675,5.7525585318345565,10.097873954118542,0.05439388145801865,158249.1369019593,4679,3132,948,6266,1332,1161
3133,16437.01920055648,23526.17790768613,39963.19710824261,5.525603002222348,9.656911257388229,0.05457335721690335,161943.22389325226,4397,3294,1068,5359,1809,1591
3134,20443.619260652125,20002.109182738182,40445.72844339031,5.84604277535081,8.614758414295615,0.055272729336812786,163710.90309326057,4399,2069,2291,3585,3757,1417
3135,18873.99591522181,24220.83711623416,43094.83303145597,5.786970955841146,9.254862247847177,0.05452000318658711,159130.28710437968,4276,2307,2176,5908,1820,1031
3136,17257.664125269413,24687.922662184486,41945.586787453896,5.852971807437164,9.355562106733341,0.05470682526158436,161551.6861431406,4815,2983,961,5631,1841,1287
3137,18896.977919233523,25653.889479461617,44550.86739869514,6.17906844302995,9.691135090565519,0.05446242327435504,158663.39914691928,4179,2884,1696,6328,1529,902
3138,20484.116424389977,21207.124314041597,41691.240738431574,6.18455393689987,8.804326790248187,0.055105634425691566,161210.35810294538,5434,2076,1249,4713,2724,1322
3139,19822.38971641834,24194.616096346796,44017.005812765135,5.805511797197109,9.140761946681318,0.05481173941906256,158710.42895081907,4192,2758,1809,5156,2809,794
3140,23660.466327126458,20168.03877712249,43828.50510424895,6.5750683778916095,8.419161435928498,0.055304897879162124,162132.51130635917,4950,2416,1393,3921,3682,1156
3141,18579.667453693928,23892.44343224312,42472.11088593704,5.9091807348582295,9.021354606399356,0.05492601991260397,161797.4037019562,4987,2550,1222,5376,2194,1189
3142,17948.780547816306,23255.664013952206,41204.44456176851,5.426873793133788,9.007838125279697,0.05496423295327976,160868.98691160625,4787,2306,1666,5311,2457,991
3143,20180.071109176264,25250.054493068248,45430.125602244516,6.082107733415935,9.454566492607904,0.054515184430991646,158092.79019103406,4162,2766,1831,5286,2499,974
3144,19734.499659937454,25320.88316148438,45055.38282142184,6.204815180020833,9.502978260948602,0.054671923038433635,158650.53809212585,5229,1619,1911,5831,2111,817
3145,17563.587071634956,26793.486670541588,44357.073742176544,6.13392930691432,9.921463012791385,0.05448266000997962,158097.63195872452,3662,2846,2251,6559,1127,1073
3146,17393.541178670483,25359.18330383948,42752.72448250996,6.117554035145123,9.91733147281233,0.05460714337415376,160374.514760957,5503,1590,1666,6577,755,1427
3147,18187.827463826467,24096.303528244407,42284.13099207087,5.725768729098278,9.56504704433018,0.05440886163573821,159348.30274029518,5584,1982,1193,5751,1583,1425
3148,17359.696311320957,26058.70539068692,43418.401702007875,5.784442873413935,9.930959009147307,0.054517805948623044,160377.59236710647,4759,2581,1419,5247,2022,1490
3149,19645.47335409024,25201.04622262382,44846.51957671406,5.868435478985083,9.654148609073987,0.055125003478321034,161014.54333963327,4560,2682,1517,5196,2681,882
3150,19282.38096668117,23399.682097409714,42682.06306409088,6.0950675303138615,9.422492692982967,0.054966871886598836,161171.03330486084,4926,1770,2063,5532,1966,1261
3151,17434.147890077515,25543.89408343359,42978.041973511106,6.099608702532063,9.545747609344653,0.05454018964659523,160993.1756811422,4595,3105,1059,5462,1896,1401
3152,19562.46581384377,25514.612570408062,45077.07838425183,6.1933034008423835,9.860819597111576,0.05460466320506617,158904.46270742262,4903,2362,1494,5422,2424,913
3153,18877.042408544406,25974.484247304907,44851.52665584932,6.166465884239095,10.095095057968209,0.05445730624476848,158462.79707135627,3841,2929,1989,5784,2035,940
3154,19725.371224940758,24136.392951630936,43861.7641765717,6.557547050411926,9.597370296592482,0.05472378147130028,158990.76224682576,4949,1996,1814,5691,2107,961
3155,17185.55488494651,29133.750288525724,46319.30517347223,5.658947848180956,10.510916898223485,0.05446667493320584,158062.5152502452,3339,3770,1650,6853,799,1107
3156,20517.054961640086,24665.74735947913,45182.80232111922,6.378708174321598,9.87675838091619,0.05458199211887588,158719.45726358326,4742,2661,1356,5866,1848,1045
3157,21272.066689686013,23154.198359070295,44426.26504875631,6.252839104919334,9.491050629957895,0.05448096963719608,160055.3985658125,5105,2950,704,4665,2914,1180
3158,13489.275076134683,26224.494267839502,39713.769343974185,5.0039254585489,9.856379992399068,0.05460497036408323,161675.5128615752,4342,3292,1125,5248,1504,2007
3159,17279.676432471042,23259.167706815297,40538.84413928634,5.376984587144973,9.441475145980194,0.054905152879165364,162065.56907184923,4406,3201,1152,4677,2400,1682
3160,21446.059986031843,21473.008679258488,42919.06866529033,6.375072155551606,8.813389294260356,0.054949229789393955,162009.72012112348,4551,1338,2870,4595,2845,1319
3161,17439.51490818708,25224.56313716763,42664.07804535471,5.667140734573145,9.390521250779178,0.05453716446336652,161519.79920218384,4064,3338,1357,5313,1957,1489
3162,22463.650191554796,23257.57932394319,45721.22951549799,6.4719477194313075,9.19681341241466,0.05449762900114194,160336.2033891575,5689,1570,1500,5533,1979,1247
3163,17617.70949095241,22896.750471506537,40514.45996245895,6.109226524078251,8.986040763586738,0.054574108296248064,158846.11465524315,5602,1765,1392,5992,1644,1123
3164,18559.398583209153,24788.559278664514,43347.95786187367,6.278483340078754,9.38895336715239,0.054419227155979154,158707.57740902627,3913,2750,2096,6250,1604,905
3165,20564.46943003175,22458.42530127227,43022.89473130402,5.85610606066353,9.091604611970133,0.05457511773029641,158750.41926956255,5395,2020,1344,5918,1554,1287
3166,18527.54343686146,22034.973344317496,40562.51678117896,5.358548157915119,8.893259213184804,0.05513536368940652,161861.86315131353,4606,2088,2065,4573,2646,1540
3167,21929.371076852327,22391.19103828775,44320.56211514008,5.975362172467948,8.835120854707174,0.055527069173774715,160841.23731802072,4899,2331,1529,4499,3293,967
3168,18230.337672226746,25699.803352320883,43930.14102454763,6.049017902826951,9.60296069435071,0.054933862037071256,159980.20468782706,4408,2942,1409,6116,1722,921
3169,17183.79545032251,22761.193764541436,39944.98921486395,5.849526736344532,9.129615307818806,0.054619081199807504,159982.7874468422,4978,2180,1601,5636,1840,1283
3170,18057.81164700685,22454.130036246508,40511.94168325336,5.7182161438281955,8.952091020141308,0.054834723950796596,162010.90500736542,4380,2560,1819,3977,3389,1393
3171,18416.819608804806,23573.154029483645,41989.97363828845,5.390106456552251,9.072016885632626,0.05445830996816048,159602.44795580817,5286,1629,1844,4355,3003,1401
3172,19860.2844190256,23181.86389412445,43042.14831315005,5.719543666644074,9.049776540460872,0.054713593657475364,160041.39757329208,3778,2881,2100,5521,1787,1451
3173,17955.657764151587,23486.592083278872,41442.24984743046,5.158514328355673,9.089819697224641,0.05514927452934152,161390.6243282707,5017,2766,976,4844,2777,1138
3174,17703.88838218057,25552.773804656426,43256.662186837,5.364753131303855,9.449708310393614,0.05492392062207882,161097.12103244665,4162,2613,1984,4917,2347,1495
3175,19319.94208773705,23045.030295496323,42364.97238323337,5.636229593385017,8.890053311570707,0.05510909918550175,162317.21504032018,4541,2152,2066,3882,3420,1457
3176,19790.636903977454,21894.248949108718,41684.885853086176,5.483339681455768,8.878556137851781,0.054785371639936874,159942.96700435443,5703,2238,818,5016,2421,1322
3177,16674.931907972128,23642.76934297581,40317.70125094794,5.407056628746229,9.06270076642522,0.054847280654004744,160733.725304272,4856,2342,1561,5602,1819,1338
3178,16571.675662280202,24670.553068985064,41242.22873126526,5.427363420194803,9.367201984733484,0.05460207188853125,160980.4555250787,4469,2746,1544,5592,2013,1154
3179,21244.433854070776,24253.389228182845,45497.82308225362,6.068742877062673,9.449074709511128,0.054493602201221555,158357.10233725506,5012,2571,1176,6074,1780,905
3180,18690.140521972553,22360.857143031993,41050.99766500454,6.071906917279719,8.886512817682599,0.05475116194992034,161080.82372991365,5310,1884,1565,5010,2299,1450
3181,18836.94628909324,23982.345073024684,42819.291362117925,5.786468043169187,9.233256892072681,0.054570586050878306,162043.83330174268,4848,2434,1477,5306,1804,1649
3182,18685.968659325335,21247.510077965122,39933.478737290454,5.888482834201699,8.65771546149814,0.055125968436960965,160761.32383869975,5546,2060,1153,4258,3555,946
3183,20880.985860944522,22557.272916227997,43438.25877717252,6.26791824040306,8.62397123138047,0.05551949532679343,160385.89227501737,4670,3077,1012,4522,3481,756
3184,19896.68766153161,27845.810449545745,47742.49811107735,5.727385503880263,9.841804352774144,0.05477185517975205,157380.82270858902,3687,4229,843,6485,1566,708
3185,16892.705361075616,24994.172907053493,41886.878268129105,5.619135948215751,9.671173287108521,0.05443071782921345,157402.74925801693,4264,2936,1559,6294,1552,913
3186,18838.40211444434,22537.429365906664,41375.831480351,5.711714058419222,9.054690832106967,0.055082202037249624,163021.0835581583,4047,3854,858,4825,2628,1306
3187,20600.410379124456,24571.049996344434,45171.46037546889,5.885184077420647,9.461092676824045,0.05511725113363178,160854.86358536882,4717,3122,920,6100,1914,745
3188,17596.48735012426,27348.255509367624,44944.74285949188,5.353080667795731,9.932277030539522,0.0544368073320053,157194.43351519888,3710,3654,1395,6746,1331,682
3189,18991.109754605728,23890.214097475495,42881.32385208122,5.25374794832123,9.458727029251932,0.05451178798886816,159765.01053042267,4696,2375,1688,6367,1005,1387
3190,21498.156153726744,21883.110278907396,43381.26643263414,5.997570736798805,8.80371972352415,0.05444525362166992,158596.19485614207,5305,2297,1157,5958,1607,1194
3191,16545.66298177529,20760.988273584622,37306.65125535992,5.471846500971031,8.583499967505423,0.05453852829710528,161138.21729284144,5289,1938,1532,5495,1565,1699
3192,20028.678385528456,22522.424711421005,42551.10309694946,5.988143184037788,8.62914433995673,0.054930030033299916,162118.26944516675,4461,2672,1626,4865,2414,1480
3193,19373.05424037254,24608.729514936804,43981.78375530934,6.0032532047434195,9.245459746707503,0.05459816896137857,159824.3064378706,4491,3096,1172,5613,2166,980
3194,19429.10443109315,24692.71814912982,44121.82258022297,5.785515472735169,9.311313134905062,0.05512946605255385,160848.34126658077,4004,3920,835,5465,2292,1002
3195,18771.13257562117,23768.035643144634,42539.1682187658,6.249268968424933,9.34161393244673,0.05477403837807646,160528.5222484499,4475,2632,1652,5702,1939,1118
3196,20243.499659367273,23614.044379352275,43857.54403871955,6.578514914057454,9.091350067698077,0.05510972904696769,160661.42632154704,4673,3021,1065,4757,3044,958
3197,21375.12987360896,21305.264568078794,42680.39444168775,6.507083495484586,8.595954366711641,0.05541392439586762,163089.65509627946,5648,1995,1116,4373,3274,1112
3198,16995.841673958017,24354.03813626905,41349.87981022707,5.692534943027449,9.40890919945075,0.05471617440980499,161533.3616332146,3736,2726,2297,5483,1595,1681
3199,17149.136261158932,23496.814645000108,40645.950906159036,5.476770513299935,9.019970357731312,0.055110475555710366,160672.7708479193,4146,2390,2223,4953,2695,1111
3200,19646.441689212123,22360.936508764607,42007.37819797673,6.095159998007415,8.983259557911662,0.05497839979467833,161308.0485941673,5681,1647,1431,4708,3012,1039
3201,20018.985658436697,22672.135447307177,42691.12110574388,6.138210138598231,8.842056440401342,0.05491654818584628,161043.24995724505,4994,1927,1838,4460,3169,1130
3202,19680.54049183185,27049.1061480996,46729.64663993145,6.07390601609547,9.604069081574618,0.05453400384585467,158740.49113632357,4590,2639,1530,6276,1545,938
3203,15206.739828165802,26884.067748360314,42090.80757652612,5.508792929006457,10.120561832319254,0.05442381529859554,158538.54495681453,4030,2681,2048,6315,1342,1102
3204,21073.950639445713,22966.31472965734,44040.26536910306,6.304826057194577,9.317353308204687,0.05481392449656561,158927.5776191307,5872,1683,1204,5603,2274,882
3205,19134.784452524265,24489.620172743096,43624.40462526736,6.172325517342369,9.315622443677306,0.05508508814598601,158447.68541861544,4499,1867,2393,6120,2023,616
3206,16769.435647733084,23224.8600614903,39994.295709223385,5.730197561615225,9.104036465426109,0.05485063118425183,159335.59677026115,5031,2880,848,5708,1876,1175
3207,19757.798422881297,21026.074070739855,40783.87249362115,6.331160348348322,8.907421196600003,0.05448573392369748,159512.6499267703,5177,1687,1895,4743,2555,1461
3208,20190.33169096865,24978.177020399016,45168.50871136767,6.155593108346167,9.171508276401847,0.05452663678473934,159147.038501045,5455,2135,1169,5830,1559,1370
3209,19874.262338272994,24110.5106252263,43984.772963499294,6.205398205009299,9.3780800385478,0.05494657665157331,159362.53835600358,3497,2978,2284,5330,2365,1064
3210,21459.03147703283,25951.83688925544,47410.86836628827,6.508352271220641,9.553093313059458,0.05452810051618265,158896.15548927282,4058,3028,1673,6022,1687,1050
3211,19902.6457775523,23483.953886187726,43386.599663740024,6.03868552879114,9.340703059839111,0.054545145454253964,160987.5620041647,4751,1856,2152,5437,1707,1615
3212,19368.43161109163,24714.36869168317,44082.8003027748,5.836487832799934,9.40545606821227,0.05447850109273318,159603.04347014343,5489,1622,1648,5645,1661,1453
3213,19889.023092172065,23747.966447462913,43636.989539634975,6.190854522949038,9.19622876263813,0.05460675905652165,159254.31194622704,4703,3291,765,5483,2132,1144
3214,15465.181804175225,25832.779647727362,41297.961451902585,5.418221797292693,9.810493414342204,0.05451626103107983,161877.05186382588,2736,3187,2836,5106,2046,1607
3215,20955.041079211747,23519.35571512765,44474.396794339395,6.014685548313488,9.215963065739814,0.0551524085801627,162090.7609295049,3648,2938,2173,3966,3667,1126
3216,19487.446270072433,23127.7049900065,42615.15126007893,5.858136853764311,8.96666550441457,0.055205967105322926,161594.03681936974,5554,2288,917,4347,3406,1006
3217,19698.650829695038,23352.085514306294,43050.73634400133,5.833593159466478,8.808907277248428,0.05554172351533053,161860.48792598685,5335,2011,1413,4464,3153,1142
3218,15308.430315978634,23853.676952830025,39162.10726880866,5.218394105735216,8.989987545289125,0.054873726809699826,160997.10400784822,3553,4330,876,6071,1140,1548
3219,16728.03772845516,21314.85149344861,38042.889221903766,5.46320746729699,8.84996061723163,0.05450843519666982,160226.62701299987,4413,3181,1165,5806,1454,1499
3220,17997.730574007604,25499.31999529258,43497.05056930018,5.66199661336877,9.497182289993859,0.05439158535871043,159385.76853526238,3963,2506,2290,6595,1015,1149
3221,19323.30590885848,22750.76890867791,42074.07481753639,5.774490904330044,9.07283808406499,0.05459683444039607,161427.5527997002,5470,1806,1483,5367,1812,1580
3222,20556.922879636444,22077.82905111815,42634.751930754595,5.871874506488974,8.903066161764892,0.05458173298264309,161341.06240022095,4381,2457,1921,5024,2177,1558
3223,18109.568604501004,25218.27078056683,43327.83938506783,5.615019919873594,9.393744252427906,0.05512377066821025,162333.44486080637,4551,3329,879,5343,2158,1258
3224,18364.946763193624,22542.536729031093,40907.48349222472,5.466988804674908,8.863436667346965,0.055331104984817074,162625.36367272586,5962,2015,782,4704,2827,1228
3225,20537.31036629582,21935.150934872127,42472.46130116795,6.02265556926904,8.7919915803862,0.0546937082658095,159830.36027808883,5417,1632,1710,4902,2554,1303
3226,20672.22034583147,23588.113190202508,44260.33353603398,5.968102465988837,8.830941248073799,0.05452215532553453,160456.75073493656,4731,2289,1739,4852,2420,1487
3227,20560.032226326697,23000.52935653788,43560.56158286458,6.532260866376435,8.83807788443874,0.05463939468804338,160838.3825483661,4872,2458,1429,3813,3790,1156
3228,17995.477662161702,23610.65352888986,41606.131191051565,6.05904141462775,8.866426329959086,0.05453373568813862,160383.76367639456,3601,2828,2330,5185,2351,1223
3229,20125.222007025706,23506.813358152416,43632.03536517812,5.943015073094067,8.95410854018257,0.055055018981029914,160685.66732673786,3257,3092,2410,5000,2937,822
3230,19208.95482393978,24482.542859040423,43691.4976829802,5.839216711921748,9.161980351802013,0.05454310391166728,159283.25168227553,4352,2274,2133,5812,1912,1035
3231,18383.38281004691,23197.817151403608,41581.19996145052,5.564460445458118,9.08753624955408,0.05440998375588451,159001.06892608333,5253,2364,1142,5676,1753,1330
3232,19631.079221881944,24468.901007564997,44099.98022944694,5.955220842912955,9.26032606534655,0.05462082521087783,158778.03089172527,4946,2370,1443,5641,2124,994
3233,22017.745095474846,23696.08894023529,45713.83403571014,6.249107466294077,9.007346203297082,0.05507794527412327,159848.5996982838,4426,2648,1685,5547,2618,594
3234,17716.139424338013,23759.790147317148,41475.92957165516,5.504598610511967,8.988051203977324,0.05534181162377225,161387.11280755073,3630,2592,2537,5483,2306,970
3235,17919.286986452542,24277.570165123743,42196.85715157629,5.413884223202694,9.28522651821873,0.05493845243159794,161809.29364459444,3905,2424,2430,5502,1824,1433
3236,17022.29786840879,25003.95307888142,42026.25094729021,5.440837639557739,9.56728365528991,0.05457059252029152,159057.19183222557,3640,2607,2512,6276,1341,1142
3237,17928.866208470394,24021.190707828908,41950.056916299305,5.517271012208645,9.19350674487503,0.055013480676424885,160157.71184010492,4666,1928,2165,5272,2449,1038
3238,17946.6636076464,23811.02657642228,41757.69018406868,5.018624830458247,9.28503840316034,0.05481424514519063,160834.87706496308,4955,2928,876,5254,2223,1282
3239,19791.70099791063,25578.65541170321,45370.35640961384,5.822377806658884,9.667547109738802,0.054464960714737706,157662.57635600495,4820,2819,1120,6511,1271,977
3240,19791.553904109434,24421.57121844906,44213.12512255849,5.899564302415782,9.405134528839959,0.054616276151437514,159152.39006126873,4573,1801,2385,5990,1608,1161
3241,19069.59178763985,24964.195972608442,44033.78776024829,6.055422719844621,9.613782676874871,0.054545246340875625,159450.44482360515,4518,2507,1734,5802,1899,1058
3242,17829.024101613704,26362.8479799039,44191.872081517606,5.954828869786703,9.757430289255986,0.054403885319602434,158076.78978514046,3624,3377,1758,6738,1154,867
3243,20399.19551692412,27040.608089550737,47439.80360647486,5.768721807112772,9.9960914738084,0.05443055663410252,157633.1333807999,4373,2338,2048,6377,1502,880
3244,21986.321941621907,23903.335176292305,45889.65711791421,6.519200501201184,9.692864426226848,0.05449779844664844,157588.98394797122,4418,2415,1926,6160,1637,962
3245,20296.022421441125,25790.646524727024,46086.66894616815,6.412928982462628,9.756553060456515,0.054523306557569214,158681.81734174557,3944,2895,1920,6696,1236,827
3246,17089.567540837903,24864.354170389153,41953.921711227056,5.884071919018861,9.800706246959091,0.05455169070053995,158627.59707213493,3706,2996,2057,6212,1788,759
3247,18969.706721916173,24236.518737013375,43206.22545892955,5.744408382257924,9.57670094871335,0.05460639582155293,160949.64576240483,4796,2017,1946,5094,2543,1122
3248,20308.702652520842,23525.866222053093,43834.56887457393,6.033033752282272,9.382702130233756,0.05449266800397102,159629.79806433857,5453,2467,839,5486,2178,1095
3249,20109.273792791308,24923.579724246134,45032.85351703744,6.09984900151068,9.445341092722792,0.0544660175951533,160150.7696077823,4402,2677,1680,5612,1871,1276
3250,18838.04663891076,26947.262841803287,45785.309480714044,5.936440771288974,9.875586467659552,0.05454196673964379,157896.8812100621,5091,3007,661,6460,1717,582
3251,19953.932376992325,26322.05739604254,46275.98977303486,5.607102750680917,10.023711533251376,0.05443573874084287,159071.45173395053,3454,3657,1648,6306,1567,886
3252,19917.29224832649,23145.382240581006,43062.67448890749,5.834418347931348,9.278147177954043,0.05488323612971111,160885.66199288747,5266,2051,1442,4826,2791,1142
3253,18816.737331179513,25266.650853527684,44083.3881847072,5.733538641153358,9.595126358260456,0.05458861335270624,159913.59235617507,3934,2943,1882,5011,2467,1281
3254,20782.90286744668,22140.780911816324,42923.683779263,6.4056433319888155,9.081589288520577,0.0545461992972157,160467.44305033123,4383,3078,1298,5255,2167,1337
3255,20461.66490789609,25593.14257141338,46054.80747930947,6.245598749588962,9.688083749012398,0.05444187606756826,157885.71470957616,4865,2426,1468,5748,2193,818
3256,19739.552098479508,26214.694603897613,45954.24670237712,6.124470523871071,9.777073471633878,0.054525826577235266,157603.60484336538,4296,2520,1943,6217,1915,627
3257,20478.404569588456,23245.08590280809,43723.490472396545,6.249105224029707,9.379936351273205,0.054607304829633246,159231.80853740175,4780,1973,2006,5943,1800,1016
3258,19053.235711040736,22500.844263670955,41554.07997471169,6.1177628321544395,8.947202283574034,0.05466405676038976,160411.0228414878,4611,1397,2751,5233,2409,1117
3259,18929.38260579958,25228.424468921465,44157.807074721044,5.835590561008957,9.403215940919578,0.0544646256135526,160235.28736385214,5423,2179,1157,5639,1656,1464
3260,21325.458551971093,24763.618038791174,46089.07659076227,5.992803778668952,9.282321432533005,0.05442504559866901,159840.3594064039,5425,2293,1041,5574,1697,1488
3261,15749.81116252956,25283.877631209816,41033.68879373938,5.138641169158306,9.441705803970375,0.054472119911116036,161437.88870998746,3220,3803,1736,5375,1563,1821
3262,21392.603815473438,24316.28549698113,45708.88931245457,5.735609731281825,9.436762761377429,0.05461049310075411,160872.55413836948,4844,2129,1786,5224,2103,1432
3263,24010.610355362125,23536.671758791148,47547.28211415328,6.464240424620772,9.290285677409114,0.05451748557099216,158095.2906625793,4876,2846,1037,5620,2146,993
3264,19621.688067572006,22460.900185670173,42082.58825324218,6.057168797680207,8.950247198768302,0.05454254898909642,159486.87221942452,5068,1892,1799,5757,1690,1312
3265,19929.914923444183,24020.56781785425,43950.48274129843,5.82244514845839,9.30225468329563,0.054474735586854874,158949.3268635602,4464,2462,1833,5943,1646,1170
3266,22317.39942379903,22362.068922139068,44679.4683459381,5.942223328712359,8.755730183176087,0.05510151348849288,160289.85469435528,5686,1665,1408,5300,2584,875
3267,20115.054966970227,22753.474109234783,42868.52907620501,5.647460668805793,8.939136157785079,0.054978752024712564,160127.22191033512,4776,1975,2008,5378,2220,1161
3268,17196.447876940896,25569.592803682786,42766.040680623686,4.9697183751982115,9.546360661600167,0.0545273526444232,158640.23902879393,3790,3072,1897,6126,1499,1134
3269,17601.390416221406,25570.74429962462,43172.13471584603,4.7605570829723804,9.597218827133904,0.05451276702760544,158485.07338246648,4918,2678,1163,6259,1549,951
3270,17626.030573013693,28277.42512058736,45903.45569360105,4.874779336460683,10.431482964490668,0.05441353277949649,157584.435680131,3053,3624,2082,6023,2023,713
3271,19060.451009872122,24822.22579943147,43882.67680930359,4.894542721698629,9.783535084410017,0.05443053474244404,157808.00450313874,5311,2201,1247,6333,1276,1150
3272,20375.271277359567,26325.972040567634,46701.243317927205,5.898252361725987,9.9096693759831,0.05447103139042745,158214.33545797967,4998,2198,1563,6617,1109,1033
3273,18919.364001000795,25880.3825605528,44799.74656155359,5.892786756273286,9.868571452614287,0.05459010576107599,159533.1952718822,3724,2819,2216,5584,1957,1218
3274,19863.132887807362,23077.311756701445,42940.44464450881,6.039004798413513,9.279517619573127,0.05457961667435708,160567.48758379504,4334,2894,1531,5090,2393,1276
3275,21146.7684722837,26848.98695430766,47995.755426591364,6.240254171000039,9.988816249058262,0.05446132076980548,159914.76517973974,4898,2673,1188,6433,1147,1179
3276,18505.24994499956,24310.793538611168,42816.04348361073,6.126549063250703,9.627568399569599,0.05447871270477557,158513.05719873868,5894,1944,921,5538,2119,1102
3277,18691.605702060155,26840.357611694715,45531.963313754866,6.202775105927597,10.024153500019484,0.05442148537864177,158460.00985363655,4062,2848,1849,6171,1653,935
3278,18624.118740232298,24825.85592682725,43449.97466705955,5.823873324930016,9.877838283857175,0.054543075918074536,159497.81775990984,4634,2892,1233,5821,1874,1064
3279,19274.6739428155,24329.159816932857,43603.83375974836,5.801751992841127,9.446154934959782,0.055136642141239395,161125.0056367992,3293,3050,2416,5270,2700,789
3280,21146.623343060302,21876.437530960233,43023.060874020535,6.392422024669093,8.967176752292731,0.05515318129053349,162043.6179620674,4429,2633,1697,4435,3135,1189
3281,19489.212020441217,23326.026606911844,42815.23862735306,5.995196734919098,8.938241593105056,0.05449202235477445,160818.34382786768,4139,3090,1530,5506,1585,1668
3282,19195.48508123281,25928.42221850995,45123.90729974276,6.007035720540197,9.67550573649224,0.05458026706783705,161366.9194881607,4183,2320,2256,5322,1874,1563
3283,18147.199702581333,26226.939191410984,44374.13889399232,5.659024670491853,9.899074671972127,0.05454037210485637,161556.98661643238,4658,2942,1159,5529,1630,1600
3284,19313.851703160315,24188.945946461183,43502.7976496215,5.90299999525408,9.625059921266084,0.05457037799583684,161286.67415934984,4520,2745,1494,5257,1980,1522
3285,20185.280339589946,27413.289973279963,47598.57031286991,5.855170676610712,10.31739022620605,0.054612698800229904,159076.22339528447,3563,2702,2494,6116,1467,1176
3286,17484.784482412917,24833.297941372562,42318.08242378548,5.714963759993499,9.907232668132213,0.054440171984903855,161067.73545880025,4197,2501,2061,5583,1536,1640
3287,17177.509020417994,25357.91293945173,42535.421959869724,5.339745467538012,9.90488210906017,0.05479607809797464,159203.53481339297,3542,2683,2534,5793,1790,1176
3288,21034.196169602365,25315.43918056463,46349.635350166995,6.0597130334684755,9.8428215982185,0.0544226256629624,158318.43430334845,5173,2642,944,6409,1167,1183
3289,17548.99154143206,25714.863850872345,43263.85539230441,5.316468690495557,9.768406321846781,0.05455289373037675,158480.0247852737,3569,3478,1712,6129,1624,1006
3290,23974.472345461163,22412.484035846424,46386.95638130759,5.887463911356273,9.189062227717775,0.05494545755786534,161039.52810438402,5220,2771,768,4761,2955,1043
3291,20834.37302579259,23625.708851271283,44460.08187706387,6.186653098425176,9.246081118684172,0.054644460897293565,159908.03395008395,4374,2155,2230,5519,2127,1113
3292,20080.267700117536,23284.279103896934,43364.54680401447,6.314061989703427,9.32297039214425,0.05449097470476121,160460.6722427325,4463,3322,974,5029,2458,1272
3293,20305.63505333645,27178.283954522976,47483.919007859426,6.234522695969456,10.046855406258981,0.0544274293886194,158157.23663327412,4054,2529,2176,6025,1939,795
3294,20344.127596597835,25757.28250762738,46101.410104225215,6.372803007199993,9.799752468799168,0.05446592885725383,159269.95718766097,4298,2474,1987,6140,1689,930
3295,17259.211779867088,27174.56457127874,44433.77635114583,5.630446328894695,10.076291547353131,0.0544107610775504,159697.3396406041,3811,2275,2673,6169,1220,1370
3296,20119.07904867621,23119.2103734893,43238.28942216551,6.487758535512348,9.324521558143445,0.05453069346966279,159192.42611241122,5770,1224,1765,5778,1628,1353
3297,20812.909043974163,24404.72776996432,45217.63681393849,6.419884844135588,9.50574554549213,0.05452762294093619,159514.81918776294,4581,2782,1396,6052,1683,1024
3298,20415.41457912237,23461.7059387135,43877.12051783587,6.196525111456887,9.351021693494138,0.055073577967671074,161406.34015338228,4300,3099,1360,5473,2006,1280
3299,21050.277714555727,24458.697142187462,45508.97485674319,6.590310546183328,9.492904997061398,0.05474930638410763,159302.63703185934,3961,2940,1858,6165,1632,962
3300,17334.068396629104,24609.977514983315,41944.04591161242,5.867543622002188,9.321463563924185,0.05442960931234483,157822.01847206484,4496,2838,1425,6818,867,1074
3301,19507.968517386784,22762.408001966338,42270.37651935312,6.140225562430612,9.34876828377094,0.054433664191497956,158220.50752700408,5156,2179,1424,6239,1380,1140
3302,21069.30845678572,23540.184210583902,44609.49266736962,6.202699444078713,9.199298577520405,0.05447273531081867,160343.74965574744,5349,1611,1799,5643,1541,1575
3303,17809.256525160414,25033.184237018213,42842.44076217862,5.748593700397877,9.417184542083817,0.05454481436380242,159301.90520689273,4288,3056,1415,5376,1858,1525
3304,20676.856419425272,22786.870129809442,43463.726549234714,5.808549908857444,9.05275674602461,0.05458014969189639,159705.85140966624,4567,2013,2179,4799,2668,1292
3305,19838.092511644754,23963.393294688656,43801.48580633341,6.112200190636326,9.04448331954167,0.05457575584867422,159406.69133112708,4110,2412,2237,4884,2754,1121
3306,21668.550024049906,24647.678271610122,46316.228295660025,6.387549715781389,9.467320706383358,0.05446367025982984,158536.1435699153,4935,2331,1493,5519,2188,1052
3307,22865.85328964749,24334.260503591202,47200.11379323869,6.527354984437958,9.422478973693545,0.05458032268874269,159828.3180556792,3923,2907,1929,5988,1707,1064
3308,19037.946549384724,23654.85600943135,42692.802558816074,6.34077347902852,9.23636700859089,0.05461218964520355,159902.1997837506,4300,1879,2580,5579,2073,1107
3309,17953.61655939071,24149.79170014712,42103.40825953783,5.582184399761872,9.155637429690469,0.05449643636290265,160304.6395126972,3619,3225,1915,5882,1467,1410
3310,19644.057169385378,21522.429684669514,41166.48685405489,5.630386101353229,8.657994083325246,0.05505048692423045,164118.1812412313,4377,2416,1966,4508,2591,1660
3311,21074.545245114034,20395.222754089602,41469.767999203636,6.198862951004765,8.343547661100922,0.054829089134103594,161265.54505472202,5425,1647,1687,4769,2444,1546
3312,17585.320220019057,21363.89602449444,38949.216244513496,5.591584993945198,8.466888816512546,0.05451982167497726,161353.67687229265,4842,2616,1301,5692,1392,1675
3313,20535.713291433247,19542.091952844996,40077.80524427824,5.754600203397773,8.30405372536217,0.054591882311919304,161377.4933692625,5923,1299,1537,5063,1951,1745
3314,19979.073680028552,22105.226445340682,42084.300125369235,5.670091680816612,8.331267536046438,0.05513653741491577,162217.20001482658,4535,2877,1347,4778,2499,1482
3315,18696.52320080242,21105.597689558308,39802.12089036073,5.859187382453593,8.15737495642901,0.05492054892869804,159274.66231376753,4001,2456,2302,5229,2168,1362
3316,19722.580123226257,19928.00732098898,39650.58744421524,5.301377912293802,8.00000771285461,0.05514724592743321,162464.456543194,4442,2233,2084,4056,3324,1379
3317,19463.229193974035,23360.480325146138,42823.70951912017,5.2204990413921735,8.527369087965981,0.054894480193811025,160899.2015109039,5192,2269,1298,4948,2538,1273
3318,19090.02969487092,25412.548824742742,44502.57851961366,5.486052203107826,9.154583313178769,0.054444928793092116,161449.32236574916,4022,3366,1371,5040,1779,1940
3319,18300.883471890094,23371.74407079681,41672.6275426869,5.082028334766328,8.748760568031585,0.05507822435448116,161742.32719840345,3557,3786,1416,5216,2222,1321
3320,18452.582859037313,24118.194642712268,42570.77750174958,5.380490998080095,9.054892034145663,0.0548525205216582,160307.41772701932,3637,2707,2415,5798,1956,1005
3321,19363.757947269813,24054.113739794346,43417.87168706416,5.462634081663201,9.14520715359064,0.05447707448568624,158974.14044205935,5457,2397,905,6023,1557,1179
3322,18978.8189533308,25531.70624753749,44510.52520086829,5.600974171282552,9.553523757043116,0.05453882041215734,160725.30600076413,3851,3189,1719,5716,1763,1280
3323,18930.7318328964,24475.263192799695,43405.995025696095,5.747977399328032,9.415504370775635,0.05456665695314625,159290.62267068555,5550,1813,1396,5832,1655,1272
3324,21650.68416668265,24913.622099757067,46564.306266439715,5.937641533608746,9.262725396887065,0.05449158864574362,158417.36326275117,5188,2250,1321,6168,1619,972
3325,20928.205880363224,23514.7965996843,44443.00248004752,6.058935338620961,9.151359100763997,0.05454142267404962,158715.5291437301,5375,1426,1958,5845,1987,927
3326,18906.028811954246,25331.864261711242,44237.89307366549,5.6005992462090814,9.298912855630524,0.05457732208397622,161171.41240042527,4769,2614,1376,5250,2080,1429
3327,18149.018650907918,22629.142295533493,40778.16094644141,5.390111556534538,8.869531422692406,0.05509478912453321,161460.64477752082,4546,2179,2034,4882,2570,1307
3328,20569.926421219156,24138.217762623044,44708.1441838422,5.43857354137067,9.182730882742517,0.05488446695430634,159725.70491656888,4623,1693,2443,5631,2099,1029
3329,19279.51788276521,22475.062861430033,41754.58074419524,5.258572507005373,8.70070116643201,0.055135557792687355,161193.88805312445,5444,2128,1187,4665,2813,1281
3330,19973.403698347945,22777.444134765497,42750.84783311344,5.63420196021885,8.596378167971219,0.05550611463786415,163759.23877743332,4716,2537,1506,4858,2207,1694
3331,18637.333113964753,26608.69667703306,45246.02979099781,5.750148668341342,9.35940881755483,0.05478453297884137,160064.2687560052,4204,2731,1824,5991,1629,1139
3332,19665.46840490453,24055.802564903577,43721.27096980811,5.955467025312285,9.119428535535812,0.05449316486903272,160145.9136581653,4983,2771,1005,5367,2049,1343
3333,18422.06460585671,24549.101718496688,42971.1663243534,5.554029088754682,9.271374843381325,0.0544760915026589,159355.6923119202,4532,2580,1647,5577,2150,1032
3334,20796.400845470118,24278.308987700155,45074.70983317027,5.349391127457253,9.133856161489073,0.054895659616585574,160839.5127020633,4119,3575,1065,4855,2770,1134
3335,19368.51484226595,26449.16024810433,45817.67509037028,5.386061927274379,9.595375771150863,0.05453004744120248,157867.4528156829,4869,2713,1177,6546,1424,789
3336,20186.61047775883,24595.032659324555,44781.64313708339,5.5313648566010984,9.405808861200233,0.05448114651773267,160260.69988265214,4581,2485,1693,5956,1597,1206
3337,15277.957933169046,26013.345611540506,41291.30354470955,5.07371060127203,9.691302715223612,0.05445135286225481,161503.83719096775,4038,2712,2009,5980,1154,1625
3338,19587.93648276564,23143.414224766933,42731.350707532576,5.287183594264378,9.179563220244885,0.05508041135828806,162521.1897907944,4164,2229,2366,4922,2340,1497
3339,18869.79651977106,23426.196436502592,42295.99295627365,5.574995826754436,9.034634373098827,0.05463999235431435,160050.68905951854,4456,2347,1956,5233,2283,1243
3340,19848.54700519641,23061.898029063665,42910.445034260076,5.569239089368566,9.125838160262928,0.054403185364299465,160629.74472097302,4917,1977,1865,5085,2073,1601
3341,20462.776346322487,22186.638560787276,42649.41490710976,5.696345308214878,8.817807466525952,0.05455023259360409,161193.95361350963,5227,1585,1947,4876,2225,1658
3342,19759.15839383973,27378.90927436981,47138.067668209536,5.7371406220369074,9.633774272068488,0.054458216176618154,157900.34524988133,4229,3555,975,5947,1994,818
3343,20985.03704492833,22123.7766615002,43108.813706428526,5.782105532034368,8.890583799164611,0.05488752033943053,160785.64239664626,4990,2032,1737,4388,3139,1232
3344,22488.53168081913,23475.53211361249,45964.063794431626,6.069682112025405,8.784815417890632,0.05518391167518431,160681.77046926453,5118,2148,1493,4851,2859,1049
3345,18496.56804882053,23392.957218598243,41889.52526741877,5.6825594730348294,8.735952967847817,0.05487411946404516,158863.68969608433,3814,3946,999,5670,2179,910
3346,14639.10946450301,24886.721495851692,39525.8309603547,4.729466615925412,9.151437224195972,0.054544939844817786,158949.01854114514,3929,3287,1543,5992,1794,973
3347,19816.8051133655,23898.013641882073,43714.81875524757,5.116370660731606,9.183953269907608,0.054525799854946856,157884.73565739446,3986,2766,2007,6101,1809,849
3348,18849.520121760554,26467.741980618084,45317.262102378634,5.004558300248754,9.744695865454586,0.05440402263932812,159676.53915647537,4378,2969,1412,6579,975,1205
3349,22635.254043205703,23666.016427794715,46301.27047100042,5.528411530482725,9.188510613242451,0.05441218806129325,158382.51666038434,5295,2718,746,5580,1973,1206
3350,21430.63001816048,24837.288508482805,46267.91852664328,5.78566203479752,9.44367126424073,0.054424605994977726,157135.04720611774,4830,2581,1348,6322,1457,980
3351,19792.330105199944,22616.631949501876,42408.96205470182,5.883588653109042,8.867810943998307,0.055072148445479634,160053.64018408087,5081,1635,2043,4949,2985,825
3352,20202.100705633813,23824.776551620904,44026.87725725472,5.886166222244764,9.140752717612026,0.05499954871445941,161428.31222126773,3857,3013,1889,5536,2154,1069
3353,18639.39602216611,26301.92455009528,44941.32057226139,5.644993722293327,9.712202588638686,0.054422153808084524,157122.5918213847,4833,2905,1021,6329,1766,664
3354,19328.744701272113,22021.167859839643,41349.912561111756,5.522691263415264,8.887854820113931,0.055029335511049014,161987.9459478314,5506,1978,1275,4665,2744,1350
3355,22463.932362336825,23258.809008500757,45722.74137083758,5.786896849014733,8.936129642289144,0.05491382829280819,160148.0710442381,5217,2772,770,5268,2342,1149
3356,17945.881871598183,23410.6457988427,41356.52767044088,5.631502458586304,8.912174811380874,0.05455429694521761,160492.86346437165,5148,1972,1639,5664,1719,1376
3357,19837.34882492191,24898.531670482324,44735.880495404235,5.971759724870057,9.300976691372373,0.054395723168842273,159269.1131731951,4717,2914,1128,5533,1839,1387
3358,19691.99613816482,24217.029012237188,43909.02515040201,5.734758808210214,9.237644844858115,0.054512019494044356,160191.72133686818,5000,2117,1642,5848,1519,1392
3359,18561.376841322264,24618.84154742046,43180.21838874272,5.404557238548666,9.258239351330452,0.055219596702758895,160085.69328294005,3133,4088,1538,5541,2591,627
3360,22624.463275330032,25223.491157072753,47847.95443240278,5.895878292969964,9.620328159347117,0.054725282659840925,158547.56930055114,5734,1894,1131,6144,1813,802
3361,23585.940694432804,23802.192217164655,47388.13291159746,5.890143342117342,9.079701101597463,0.05512751214084892,161101.94350058245,4749,2129,1881,5675,2193,891
3362,20580.000454769186,23312.113758170093,43892.11421293928,5.927605488292569,9.18883281420823,0.05480750665182159,159188.7821831717,5448,1859,1452,5575,2379,805
3363,20804.324106307453,24159.178968224664,44963.50307453211,5.705971451591434,9.228319282232743,0.05454047406376602,157319.2577960099,5332,2412,1015,6191,2008,560
3364,19078.706853145468,27441.483345388788,46520.190198534256,4.981177600908644,9.860388922342995,0.05442258257494043,157050.48074866983,3652,2623,2484,6623,1474,662
3365,19830.399584004907,25538.66634389821,45369.06592790312,5.452184503319258,9.606217220070967,0.054565591429634894,159448.86862386318,3989,2726,2044,5574,1883,1302
3366,22272.98599855294,23748.302951267775,46021.288949820715,5.7957533162896375,9.437403584459176,0.0545640619852353,160690.50333168468,4767,2531,1461,4374,3120,1265
3367,22688.113664674926,24131.572153236222,46819.685817911144,5.901722567271354,9.263801402370069,0.05440734803343247,158871.32278082677,5744,1782,1233,5198,2405,1156
3368,19776.432281832374,24389.71701747182,44166.14929930419,5.492453253782207,9.390276520777807,0.05448969167858035,160022.57598578595,4411,3027,1321,5576,2050,1133
3369,16469.283175732264,27079.543287058892,43548.826462791156,4.798020265739959,9.833542829315988,0.05447152050104533,159368.75082265053,4173,2932,1654,6001,1634,1124
3370,21079.712514044804,22448.91998123371,43528.632495278514,5.12418188164847,8.945653037099767,0.05505063329954749,162035.2855641713,4676,2681,1402,4971,2318,1470
3371,20849.926549967186,22121.163309300515,42971.0898592677,5.3172915151543565,8.858893327096332,0.05479339099661319,161319.5607213076,6306,912,1541,5265,2052,1442
3372,17313.14215376308,24049.31610165771,41362.45825542079,4.800057029738704,9.138148521661082,0.054569784631364825,157989.6908773697,4837,2759,1163,5699,1812,1248
3373,18223.121723956603,25462.73312230545,43685.85484626205,4.765647492079876,9.350903210164475,0.054403484910420165,157797.9564488994,5447,2117,1195,6229,1455,1075
3374,18968.977833031364,25410.487015007497,44379.46484803886,4.655580055905278,9.458238102709124,0.05442562708747646,160655.12054364404,3929,2479,2351,5570,1285,1904
3375,18988.203242361335,25458.492685354984,44446.69592771632,4.959387801173165,9.512994979584038,0.054562705906288214,160328.60056166485,3545,3251,1963,5395,1970,1394
3376,17845.752136258485,25569.014182471616,43414.7663187301,4.580133486630777,9.630425261753876,0.0545941856350599,160778.74534988485,3301,3395,2063,5692,2063,1004
3377,21454.61135704944,23154.61156061737,44609.22291766681,5.614584078081881,9.18942011915981,0.054543107741826344,158993.57331868302,6134,1441,1184,6271,1430,1058
3378,20807.054716104416,22405.74731674116,43212.802032845575,5.515910639286638,8.857491530516178,0.05452344997590033,159525.03951785073,6127,1534,1098,5831,1708,1220
3379,18564.754835265707,24565.929327498103,43130.684162763806,5.222884724720525,9.243692436745572,0.05446478173297069,161914.4624199833,5928,2346,485,5135,2091,1533
3380,17040.570801506445,23010.046757666478,40050.617559172926,4.771674853817885,8.819547512960048,0.0544698616306665,161645.62663378278,4310,3159,1290,5177,1820,1762
3381,21220.91909514695,22044.320256065694,43265.239351212644,5.1732593017995185,8.880190997307121,0.05510472858691755,161549.8083167939,3997,2762,2000,4399,2798,1562
3382,19019.248604318276,25685.470040088865,44704.71864440714,5.287868719354626,9.599004869608413,0.0547368197364472,161225.03788115125,2809,4101,1849,6189,1114,1456
3383,18295.379434498795,25795.94128033639,44091.32071483518,5.02410967138675,9.575604310525035,0.05452048312381047,159893.7615967607,4624,3261,874,6283,1509,967
3384,20435.570315007983,21936.68011636147,42372.25043136945,5.205577328380924,8.902980751139829,0.05449694676031391,159797.4301691633,5408,2309,1042,5364,2097,1298
3385,18372.83028779086,25716.98202323216,44089.81231102302,4.961341283696773,9.534717163010217,0.05449729832448526,158986.81561004772,4218,2703,1838,6184,1292,1283
3386,21035.74503059305,25198.299575884397,46234.044606477444,5.157641366875276,9.505733159330372,0.0546042840181126,159540.6448965229,4149,2624,1986,6042,1557,1160
3387,22940.626544478255,22884.131853229523,45824.758397707774,5.485830405652585,8.9208627369304,0.05510993364739578,162460.85730432626,4819,1930,2010,4104,3377,1278
3388,18584.306869838303,22665.630914819045,41249.93778465735,5.209437331281342,9.003872843218982,0.054763693469417285,160949.98427681637,5376,2546,837,5110,2135,1514
3389,16915.958119235045,22720.857533872266,39636.81565310731,5.107617379578043,8.865518528535059,0.05464320496219732,162263.18020650395,4778,2816,1165,5101,2037,1621
3390,19649.457801065273,23038.606440241896,42688.06424130717,5.289678178787685,8.852518935917306,0.05452009902959412,160731.72023705536,4469,2775,1515,5577,1522,1660
3391,20995.040511868945,20518.637018070636,41513.67752993958,5.433008564526865,8.7375344722894,0.05445750811522245,160079.7332737925,6000,1626,1133,5162,1946,1651
3392,21140.764159337596,22769.491838637667,43910.25599797526,5.2437572690226,8.531795255342036,0.05446468168251028,160289.43336579236,4176,2900,1683,5876,1311,1572
3393,21300.70711611086,21905.314178981575,43206.02129509243,5.5434280475192095,8.719246865305225,0.05459326073407685,161084.92643455593,4810,2555,1394,4800,2414,1545
3394,18688.066943769132,27435.903492341422,46123.970436110554,5.309075253379975,9.74580551409628,0.05443534740510666,160361.91625277372,4673,3033,1053,6067,1415,1277
3395,20424.148728563767,25818.181039877352,46242.32976844112,5.223400934297661,9.581483834626685,0.054454936157782644,158935.52589956392,4040,2941,1778,6595,1120,1044
3396,20936.834408605406,26171.1484884273,47107.98289703271,5.4656735130625815,9.63907948275409,0.0544113924066801,158015.489989538,4076,2989,1694,6047,1901,811
3397,21468.04681827782,24643.49438812087,46111.54120639869,5.5522756726662585,9.496035588863105,0.054388717341924644,158223.35282630537,4300,2550,1909,6028,1578,1153
3398,22181.38519414111,24421.33997305588,46602.725167196986,5.7346112030338325,9.378762136949764,0.05445082740322794,158276.52910687722,5083,1957,1719,6133,1695,931
3399,20878.08224691509,22840.320708992032,43718.40295590712,5.708941400312615,8.874089627928702,0.05513637950377682,161866.56429447533,5277,1423,2059,4682,2969,1108
3400,21990.20963073453,22985.09230920454,44975.301939939076,5.767833553053841,8.781437564302855,0.0554030826785859,163461.30443282725,4340,3037,1382,4582,2706,1471
3401,19280.35991989003,23592.651826340218,42873.011746230244,5.178802247932142,8.943032883491195,0.054776652810296166,161364.10256761228,4721,2306,1732,4958,2263,1538
3402,21187.86506427987,23961.073240231068,45148.93830451094,5.065414922625472,9.01629517143033,0.054494162790531056,160157.270962016,3902,2448,2409,5712,1877,1170
3403,18363.05663049617,24532.66595265887,42895.72258315504,4.74978207670381,9.22655050086908,0.054514521944503604,160525.68122670165,4927,2090,1742,5673,1927,1159
3404,16524.588924665248,22068.934670645955,38593.5235953112,4.926909725245181,8.66995914273986,0.055028877791964,163155.3340852764,5655,2178,926,4739,2546,1474
3405,18071.30483942295,24437.899062914734,42509.203902337686,4.415535941561483,9.230014225293456,0.05491198774430249,163586.88267355613,4259,2620,1880,5197,1803,1759
3406,16535.550466179302,25589.71768174895,42125.26814792825,4.274543005976402,9.512916248356664,0.05449562082264441,160623.60902794456,5255,2112,1392,5901,1242,1616
3407,21613.278284186512,27055.147414823736,48668.425699010244,5.261025339056199,9.797702656382743,0.054442813830055684,157828.7611767797,3751,2725,2283,6395,1623,741
3408,19229.372424478905,26142.104990056967,45371.47741453587,5.018829153591055,9.733976039933626,0.054414953778712916,159026.29019230852,5013,2072,1674,6580,1162,1017
3409,21345.168913338435,21930.701899642732,43275.87081298117,4.8725096327973825,8.872688212746928,0.05509369297766563,161990.7433942795,5822,1758,1179,4673,2728,1358
3410,19274.82681963805,24271.853799034267,43546.68061867231,4.765972393093406,9.294633138030433,0.054724452549823076,158948.1127544905,4864,2461,1434,5403,2632,724
3411,19726.391240910263,24179.658947858094,43906.05018876836,4.914556891793451,9.161100149053226,0.0545563897518697,160860.70461405435,4509,2719,1531,5974,1600,1185
3412,17979.30508738126,24407.347846258468,42386.65293363973,4.846012786470226,9.322978083139269,0.05455345944034152,157589.12284950778,4834,2542,1383,6270,1539,950
3413,22740.08673527767,27202.989921077326,49943.076656355,5.701128226850439,9.79769245651639,0.054444173638757656,156081.1238014063,4139,2492,2128,6780,1128,851
3414,22301.10670907386,25128.036673390514,47429.143382464375,5.5601540344549525,9.62863892418869,0.05438702251894167,157394.04780959032,4110,2022,2627,6761,1089,909
3415,21064.094707236913,24920.987600192027,45985.08230742894,5.90813892756627,9.51647279425316,0.054378716218521056,157778.95177458253,5144,1980,1635,6176,1474,1109
3416,22162.648765842623,21644.210076705782,43806.858842548405,5.767185360311686,8.737108732455992,0.05504959502500037,162513.0010569237,5711,1822,1226,4670,2397,1692
3417,20330.043987470606,24826.38030015407,45156.42428762467,5.5882086580352,9.24763301613984,0.0549336850036408,158333.665137061,4559,2945,1255,5914,2236,609
3418,21393.261155963366,24362.024494985806,45755.28565094917,5.596659460094597,9.269514500348413,0.054403258170523425,157164.04336173134,5348,1792,1619,6561,1529,669
3419,18804.86060685803,25773.533642397404,44578.394249255434,4.998871355403568,9.469408418987992,0.05463427575865949,158859.02954847217,4826,2471,1462,6229,1552,978
3420,19082.413777826045,25602.793642900768,44685.207420726816,5.343299390185114,9.73349960555913,0.05436156192139929,157360.85060239382,4273,3398,1088,6565,1375,819
3421,21408.57986227607,24754.208620405276,46162.788482681346,5.544177076960439,9.577085049291899,0.054516988764694,157839.34024860602,4414,2454,1891,6170,1540,1049
3422,20500.742900979727,22954.643103727747,43455.38600470747,5.173032148313676,9.137212169700348,0.0550697793534766,160899.66113833585,5008,1778,1973,5016,2617,1126
3423,17218.79979232887,25559.292629804473,42778.09242213334,4.59020301964279,9.288913020453798,0.0547983680016724,162319.28252213213,3894,3667,1198,5911,1312,1536
3424,18434.901414745862,23955.585436282436,42390.4868510283,4.912724871360151,9.240845812987004,0.05506660174360834,161795.34232070245,3283,3445,2031,5025,2615,1119
3425,18894.646171136403,24474.627438911786,43369.273610048185,4.969098908245342,9.397452220665508,0.05488640465534575,162296.11562769333,4706,3129,924,5840,1634,1285
3426,20926.133753967253,25789.155227499272,46715.288981466525,5.170975184741616,9.816819507765247,0.054431370014460176,158906.594506336,4954,2480,1325,5557,2179,1023
3427,19742.51237339465,26194.061779277483,45936.57415267213,5.063160187170217,9.731474993137137,0.05462577198351412,159817.99523692444,5009,2212,1538,5577,2142,1040
3428,19072.63243108704,25086.426536426156,44159.05896751319,4.82365192046642,9.548207492432615,0.0545371251890979,160958.05183830572,4466,2787,1506,5848,1454,1457
3429,21826.32380267417,22418.532751470553,44244.856554144724,5.542762124971728,9.06836648051833,0.054579088856234775,159838.42556894253,4152,2128,2479,5518,2344,897
3430,18889.045264421995,24946.531303717802,43835.5765681398,5.323216336108767,9.528505661419088,0.05448809786883297,160007.77135697275,3006,4608,1145,5855,1770,1134
3431,21362.706806107493,23823.60814474089,45186.314950848384,5.489546665990386,9.177695361354347,0.05454132925757202,157869.49130512102,4975,1400,2384,6469,1479,811
3432,21015.467748184274,24111.78565677573,45127.25340496001,5.508063752124428,9.178504782050533,0.05457221779418926,160050.79289059795,4938,2191,1630,5329,2367,1063
3433,19463.897398127025,26891.98868432765,46355.88608245467,5.251328166806847,9.90471759216661,0.05448206708378325,159312.25404126965,4039,3815,905,6171,1628,960
3434,18763.69214296187,26228.2077888534,44991.89993181527,5.36515417815715,9.792810082028165,0.05448387315578964,158727.9715328336,3744,2216,2799,6434,1488,837
3435,19257.10485336056,22533.040604018788,41790.145457379345,5.577875774315463,9.144508623384436,0.05500851701720673,161628.99487056557,4521,2820,1418,5351,2111,1297
3436,21198.34230298241,21796.87964793537,42995.22195091778,5.691069522362916,8.813434613848493,0.054856408334696544,160957.83894637992,4446,2619,1694,5150,2099,1510
3437,18100.567414967663,23988.835524914535,42089.4029398822,5.5438833882737795,9.069802742945068,0.0545335626883472,161202.92896166464,4410,2017,2332,4613,2556,1590
3438,19910.152416406974,26069.573319252,45979.72573565897,5.67259511192885,9.542534387021169,0.05444042279042094,160396.16307610495,3464,3706,1589,5318,2064,1377
3439,19380.209464618412,27112.240682899574,46492.450147517986,5.492995249757757,9.756021524582517,0.05453004703068298,158759.74084856702,4231,3288,1240,6465,1266,1028
3440,19411.505786853235,23334.297154630145,42745.80294148338,5.232288342307218,9.145222401511699,0.054466340020501644,160939.5287126103,4504,2452,1803,5653,1716,1390
3441,18522.220606180763,21882.33409865585,40404.55470483661,5.167485581063466,9.12413112338894,0.05447713581340699,159469.8054435955,4741,2107,1911,5580,1772,1407
3442,21881.881123565247,23601.04964749394,45482.93077105918,5.790537246613541,8.969510304960652,0.0544637928672843,157968.91341219316,5929,1022,1808,6310,1536,913
3443,23591.250929799226,23129.688505399525,46720.93943519875,5.952011063851424,8.903161822021127,0.05453477989445823,158297.15605262807,5332,1515,1912,6255,1663,841
3444,23165.23646749309,25519.366538847153,48684.60300634024,6.018510161228787,9.291551846906222,0.05442443758977098,157547.09599508782,4989,1895,1875,6642,1275,842
3445,21303.208916229123,22460.028299562353,43763.23721579148,5.651848920723656,8.65263777976316,0.055184394516789866,161391.1767210498,5116,2314,1329,4333,3413,1013
3446,20066.238850802765,23230.18655991335,43296.42541071611,5.379160526514969,8.619957178575616,0.054860612038024496,161490.15965801972,4016,3144,1599,3942,3722,1095
3447,18529.608531894064,23858.913541094473,42388.52207298853,4.962143238324239,9.16091098712764,0.05449533540319754,160713.20395957754,4507,3277,975,4856,2375,1528
3448,18890.980372171503,26381.599082305096,45272.579454476596,4.8076769069703404,9.50176499451441,0.054387512666116994,158645.16009421344,4143,2486,2130,6353,1324,1082
3449,20679.909862545814,24057.285704419613,44737.19556696543,5.67961971367061,9.272755065218297,0.05448782748020851,159111.4812625634,6070,1890,799,5924,1586,1249
3450,22956.55267102273,24433.732389334677,47390.285060357404,5.612445135358218,9.09624208875735,0.055184031576248745,161549.02572738155,4263,2988,1508,4869,2981,909
3451,21132.290949428923,22690.548743703737,43822.83969313266,5.362866239382406,8.84788109215116,0.05551488489705935,162058.02515486415,5176,2123,1460,4890,2941,928
3452,21765.656185954507,21859.80863879503,43625.464824749535,5.356269184668499,8.451242207813614,0.055425361116986954,164149.7141750254,5354,1814,1591,3780,3395,1584
3453,18038.7214700637,23413.1484455309,41451.8699155946,4.6418135066604105,8.658227666760517,0.054787967109806296,160674.96181243382,3971,2857,1931,4895,2392,1472
3454,21306.02480056792,22048.931591389828,43354.95639195775,5.329903015303238,8.810235460910269,0.054383485713246804,159037.40898860834,6198,1554,1007,5689,1483,1587
3455,19205.468723381986,25284.9972095648,44490.46593294678,5.6051331486517695,9.116419828244105,0.054399163914120974,158581.50247218084,4574,3577,608,6104,1263,1392
3456,21726.473801352837,21220.24547049175,42946.71927184459,5.82344997066843,8.398983115454865,0.05522488720408986,161689.49033312,4463,2714,1582,4105,3264,1390
3457,20085.444897377365,22122.348896690368,42207.79379406774,5.505986536199815,8.425660617010774,0.054816902610676434,161312.69067103163,3686,2851,2222,5110,2215,1434
3458,20206.05059082235,23680.987823109896,43887.03841393224,5.192733319288462,9.055491617637617,0.05446853564269237,158370.07898209363,4079,3124,1556,5852,1608,1299
3459,20071.646761705197,25650.602881096846,45722.24964280204,4.9655546956917656,9.321836574759628,0.054445976813086036,157941.85299250693,4884,2989,886,6444,1303,1012
3460,18981.595486535203,24624.141498755554,43605.73698529076,5.040294038297526,9.173624262039052,0.05448749325310847,158324.0724714682,4359,3431,969,6625,1031,1103
3461,22413.97255496228,22786.243020114136,45200.21557507642,5.540290800611282,8.961584162495589,0.055110798309474844,160229.38167813356,5684,2289,786,5234,2452,1073
3462,18715.963022914788,24050.768883061075,42766.73190597586,5.033700012509583,8.88504389446658,0.05484820213089402,161099.28690137266,3533,3299,1927,5392,1599,1768
3463,21001.466157017432,24673.656133679684,45675.122290697116,5.29084227348832,9.251373698038813,0.05447473549167993,159128.0534448648,4117,3250,1392,6122,1301,1336
3464,19649.548799394706,24413.94198884634,44063.49078824105,5.421736474557262,9.25401546066367,0.054499755616651054,160902.67735218545,4530,2836,1393,5870,1452,1437
3465,22764.818097995805,23415.286802343096,46180.104900338905,5.972939405205706,8.930359041087552,0.055178013016853114,160896.3780133797,4906,2110,1743,5347,2716,696
3466,19230.438217458228,24371.749477109337,43602.18769456756,5.375246131267882,9.185894690689663,0.054815315635556826,161670.94658876534,4132,2445,2182,5280,2245,1234
3467,17443.524903747417,23105.015448501985,40548.5403522494,5.0470893725473225,8.844456114645306,0.055152484300559995,161968.49285288944,5201,1773,1785,4862,2401,1496
3468,20247.412746340196,21250.77170457965,41498.18445091984,5.2962154715328005,8.526652385453646,0.05487262087765352,161210.6385589961,5144,2244,1371,5622,1861,1276
3469,20951.044822056818,26087.272654781533,47038.31747683835,5.583301228101523,9.395887616850615,0.05440707810013597,157588.73626485004,5225,2499,1035,6106,1769,884
3470,22899.964964942785,23146.577735170165,46046.54270011295,5.830752323163212,8.857147328348198,0.05510450515246355,160448.8001531959,5399,2402,958,5150,2893,716
3471,23113.88521827366,22383.58905862135,45497.47427689501,6.1238413600371295,8.771036980411946,0.05485430300976127,160080.13915038065,5473,2815,471,5265,2431,1063
3472,20135.71422335915,23487.723535788966,43623.43775914812,5.595170921756666,8.75160605913693,0.05457002777609562,160846.1850486053,5406,2281,1072,4698,2781,1280
3473,20860.67112559742,25707.226260526295,46567.89738612372,5.330941635711954,9.421054016948037,0.054800627542144535,159695.66670364977,3726,4116,917,4971,2857,931
3474,20938.73213100747,25729.134399109967,46667.86653011743,5.6112314182019185,9.414207306902531,0.05447530036032983,158437.7193482245,4693,2275,1791,5983,1479,1297
3475,20914.821188573827,23962.82282488651,44877.64401346033,5.390012595727763,9.081679053602784,0.054515790232976945,159059.67445567582,4565,3068,1126,5850,1405,1504
3476,23335.469648380404,22438.75368250688,45774.22333088728,6.221159772935897,8.765091732517869,0.055157631758156175,162616.16289254662,4547,3007,1205,4517,2905,1337
3477,17402.31601025974,22567.756654984383,39970.07266524412,5.602603180294228,8.549189453261246,0.05481443130739031,163232.05391501202,4562,2763,1434,4524,2379,1856
3478,17366.773821173036,21333.932510577273,38700.706331750305,5.5136427132897365,8.518988058548297,0.05443156955649628,159190.18533675687,4826,2328,1605,5881,1251,1627
3479,21977.420099885796,18270.20250521205,40247.622605097844,5.841398155325931,7.912886071291231,0.05457875896235034,158744.0489682184,5306,1830,1623,5294,1803,1662
3480,17874.35573647412,21267.907346738157,39142.26308321228,5.41269458941031,8.159521068012767,0.054374889675877475,160059.00153752154,3846,2871,2042,5648,1325,1786
3481,21096.372288387724,19803.011991478186,40899.38427986591,5.889915704909848,7.977851428582391,0.05517720323025636,162466.59163051078,4420,2915,1424,4536,2610,1613
3482,19384.098390364576,25657.10407369029,45041.20246405486,5.649031110442572,8.84831536103652,0.05486581453798933,162029.0246924777,3538,3815,1406,5699,1523,1537
3483,20754.20909373504,24065.998077286866,44820.2071710219,5.787086926979495,8.766928212486487,0.05512446297286786,162921.55186994054,4483,2869,1407,4832,2610,1317
3484,20773.22686008196,21471.323735806902,42244.55059588886,5.830822507989747,8.31669620777556,0.05541700310175127,164018.57902471215,4851,2118,1790,3563,4024,1172
3485,21010.997314468026,24990.944241177083,46001.94155564511,5.648880999094819,9.2064863966241,0.05489875225867836,160064.49613638644,4877,2468,1414,5065,2723,971
3486,21836.190895712334,22163.54211480478,43999.73301051711,5.872603469186788,8.495435877483242,0.05512680810582269,162458.9335715195,5328,1251,2180,5066,2200,1493
3487,22994.861322027256,23221.416105123535,46216.277427150795,5.814858351137521,8.733437649245333,0.05477045943768857,160115.15275882377,4964,2314,1481,5638,1969,1152
3488,21912.125486148456,22152.064563076477,44064.19004922493,6.050332776977141,8.425338164620705,0.054537898938895,161170.1515104502,5905,1777,1077,4966,2081,1712
3489,17807.52497056392,25450.66692893257,43258.191899496494,5.3420212542086105,9.228779741880242,0.0543834508058638,161511.54720118237,3272,3060,2427,5809,1224,1726
3490,21744.827352425957,26699.419068707633,48444.24642113359,5.504433648149434,9.502973618757233,0.05447009175594139,160120.42589715347,5217,2051,1491,6264,1300,1195
3491,22014.8627583689,22484.241092012548,44499.10385038145,5.7040697470272415,8.795651645104785,0.055181738696381086,161394.25561883033,5572,2384,803,4660,2978,1121
3492,21498.047084232705,24007.990120655933,45506.037204888635,5.376997835328754,8.948933841947259,0.05482784752215696,158502.12681292754,4564,2220,1975,5637,2193,929
3493,18175.979343954536,27402.316164743323,45578.29550869786,4.682372776768613,9.645624897255091,0.05442378293814255,158758.3239493886,3468,3782,1509,6393,1216,1150
3494,22959.953369298844,23457.049814511785,46417.00318381063,5.1203557230930805,8.963699383231326,0.055087553609901765,159610.86574161402,5277,1935,1547,5941,2086,732
3495,20561.62405867734,24514.62196682086,45076.2460254982,5.442387792727183,9.185874618098907,0.05478829248841675,159533.89294320124,4509,2922,1328,5382,2286,1091
3496,17331.762594788193,25473.551966514027,42805.31456130222,4.876989277848387,9.269489162813723,0.05447688444790054,159957.367238516,4439,2924,1396,6119,1181,1459
3497,23650.995849865732,22750.013728260987,46401.009578126715,5.677779606427222,8.844592751217904,0.05498586076657061,162081.2569200356,4973,2864,922,4786,2633,1340
3498,20284.513663207228,25365.655434027423,45650.169097234655,5.507179735062084,9.29623260842307,0.05454740557525686,160405.64421444025,3774,3601,1384,5164,2409,1186
3499,22911.707113105676,21640.790886414812,44552.49799952049,5.610817963722116,8.517119105732514,0.05519713120466974,161645.28951863453,5533,1405,1821,4290,3501,968
3500,21670.094108546677,22179.889563106128,43849.98367165281,5.764566464420252,8.568186994798472,0.05488234565180692,159197.21303153737,5177,1863,1719,5200,2643,916
3501,19719.220787675626,24839.39829963858,44558.619087314204,5.462378910264125,8.787833384730973,0.054524181189660174,158332.42555276974,3374,3798,1587,5837,1754,1168
3502,20900.56807321296,24529.61716300804,45430.185236221,5.325294216607745,9.36156237561827,0.054414919611565804,160108.2284547324,5286,2458,1015,5902,1402,1455
3503,19392.719968102527,27325.501327198053,46718.22129530058,5.092513745238817,9.756070860497688,0.054467721549633474,159696.38251122745,5200,2497,1062,6449,1182,1128
3504,17628.47165171121,27010.68042722663,44639.15207893784,4.553144216893013,9.740460617164047,0.054535587855480565,159909.3605621521,3404,4131,1224,5789,1887,1083
3505,19416.38163922642,24821.613108510777,44237.9947477372,4.522033408169626,9.5243400410955,0.05452304598602078,160892.60033250105,4931,2738,1090,5479,2203,1077
3506,21028.632912613364,23972.830567418005,45001.463480031365,4.798967288592086,9.138304315692295,0.05505217283107467,162810.44835648028,3271,2940,2548,5071,2473,1215
3507,20602.3218481514,26030.617089619987,46632.93893777139,5.165007036943899,9.591073050683251,0.05482959849186008,159599.99509059617,3370,3713,1676,5448,2282,1029
3508,21229.073183739867,25443.3117251147,46672.38490885457,5.500610787495165,9.46250257869419,0.05452831193719111,159435.84087670353,5467,2287,1005,5163,2773,823
3509,21451.27295057632,22189.49834083146,43640.77129140778,5.557819456049837,8.90038826534315,0.05507308303287237,162458.50264269335,5647,1501,1611,4504,2832,1423
3510,20939.089761111598,24129.690874620006,45068.7806357316,5.310628656039711,9.009175694149036,0.05548298617019662,162059.15056883753,4437,2964,1358,4436,3012,1311
3511,22548.259790576416,23392.858275318624,45941.11806589504,5.601381274842174,8.873527940627396,0.0548853335869799,159992.2467897941,4479,1532,2748,5347,2086,1326
3512,21731.4293160739,22352.31619070217,44083.745506776075,5.735523003267257,8.674288868275324,0.05512314824905595,161292.40941318477,5296,2171,1292,4452,3141,1166
3513,21467.764813022834,25245.25941023594,46713.02422325878,5.718433192810018,9.139252487543283,0.054944046934895734,160924.4100511575,4401,2815,1543,5394,2485,880
3514,18202.500623048687,24802.900923600304,43005.401546648995,5.30683508222314,9.348668668747276,0.05449181356509475,162051.3206233548,3910,2874,1975,5846,1251,1662
3515,23514.753860457717,22688.307832883576,46203.0616933413,5.874598486968943,8.908061568222305,0.05488044226479666,160960.3191204313,4463,2120,2176,5001,2614,1144
3516,23101.650543823656,23860.977038159883,46962.62758198354,5.680095285049574,9.087104885573833,0.05445642538124982,158945.69943064975,4961,2026,1772,5565,2039,1155
3517,21889.75063884448,23552.695036282297,45442.44567512678,5.6537475916297835,8.846010292423678,0.05445718194630647,157869.36756340042,6278,1168,1313,5375,2502,882
3518,20895.367175234183,24375.531905039716,45270.8990802739,5.240220677807429,8.980107229141089,0.05505420773698568,160693.813762853,3591,3501,1667,4613,3443,703
3519,20355.513722129035,26147.63829965146,46503.152021780494,5.765909498409705,9.558614132169827,0.05478908693156936,159369.60271593355,3656,3439,1664,5859,2088,812
3520,19890.05045618788,26271.898077428166,46161.94853361604,5.417124218275588,9.679237053586133,0.05447064561168436,159514.62092112855,5208,2553,998,6290,1440,1029
3521,18578.91589208642,23368.262929059907,41947.17882114633,5.358620916516553,9.206466902396373,0.05459769787054304,159897.3851228551,5718,1953,1088,5864,1582,1313
3522,19267.480541213805,24715.73551343974,43983.216054653545,5.390930894395003,9.213241747327555,0.05438415168886148,159519.06727400373,5262,2174,1323,5867,1334,1558
3523,20000.5315477284,24312.343950904426,44312.87549863283,5.139669806779017,9.012579405680976,0.05441307990916475,159512.15459986392,4757,2179,1823,5894,1505,1360
3524,19318.846215459478,22696.13243428224,42014.97864974172,4.90071499281463,8.899360841600808,0.05516738293127876,160529.0767181083,4118,2581,2060,4888,2835,1036
3525,21795.319507994704,26067.36983426572,47862.68934226042,5.310028113362535,9.376495792810912,0.05482830769504156,158946.6593536791,3279,4285,1195,5664,2343,752
3526,20420.231618218113,23727.21937956764,44147.45099778575,5.1830115985481084,9.046529442142585,0.05511264898948908,159790.1632254546,4520,2162,2077,5175,2963,621
3527,21330.896080420796,24013.615417507084,45344.51149792788,5.295308352917457,8.983285527648288,0.054813720694071796,158888.4744895567,4133,2562,2064,5573,2316,870
3528,22814.940118341903,20983.828124554308,43798.768242896214,5.669213359582955,8.475110251586074,0.05463049354042578,161381.57860630145,5685,1248,1826,4670,2486,1603
3529,20509.207824964382,23647.36431405799,44156.57213902238,5.7630211851795545,8.744411673311,0.05514922565554073,161553.22688884585,5534,1787,1438,5385,2271,1103
3530,22000.712622747476,21792.91714273249,43793.62976547997,6.024560080284333,8.466244703917045,0.05536995183776807,162528.67835280774,6615,907,1237,4431,3339,989
3531,20788.885082623434,24427.855633382154,45216.74071600559,5.866737938652264,8.995914500322971,0.05462118099329042,160057.35335410835,4922,2979,858,5427,1975,1357
3532,22587.324590744603,24898.078041521618,47485.402632266225,6.136489151826292,9.239524359361766,0.05443455084818412,158159.5585091794,4312,2921,1526,6212,1364,1183
3533,19289.098944060097,24896.616187641415,44185.71513170151,5.84843544180357,9.285763508038238,0.054569739065921934,161503.4750021278,5084,2188,1487,6506,736,1517
3534,20441.118442622363,23875.8192495946,44316.93769221696,5.782633352654065,9.00011537072747,0.05458615365049546,159983.95431349907,4195,1912,2652,5883,1638,1238
3535,21787.346542674397,22991.783443933007,44779.129986607404,5.302051586241685,8.758889674209831,0.054917525294676334,163346.6785641561,4175,3381,1203,4128,3341,1290
3536,17568.582076459534,27479.61338122321,45048.19545768274,4.905113580211314,9.748827734594496,0.054579017115705834,159355.5981919183,4036,3299,1424,6044,1540,1175
3537,22043.825285580733,26376.4422281792,48420.26751375993,5.1072266474655414,9.616053552831666,0.05446039820688698,159033.3197893009,5122,2136,1501,6608,1029,1122
3538,20124.12736204252,22680.4898181539,42804.61718019642,5.316684052761194,8.882141467674948,0.05504041218810641,162138.17022690157,4780,3111,868,5029,2234,1496
3539,19414.272370775423,23958.061248708753,43372.333619484176,5.579697769918009,8.97963494338862,0.054923344918610915,159498.27578068041,4788,2131,1840,5411,2225,1123
3540,21556.864162831236,25518.74575135173,47075.60991418296,5.75609679776452,9.288608579648427,0.05451477782551716,159207.23209497915,4069,3492,1198,5663,1898,1198
3541,18987.465934607466,25151.826301728317,44139.29223633578,5.915689971961205,9.356826858126194,0.05446279661093418,158299.42147817838,4897,2315,1547,5558,2111,1090
3542,21156.91450243027,23230.32714417016,44387.241646600436,6.019973942290773,8.977124804034494,0.05480298462334204,161913.75489408625,3732,3296,1731,4670,2894,1195
3543,19298.87393378572,27826.033143497665,47124.90707728338,5.523169536459767,9.914458644356989,0.05440083122877314,157563.16332954288,3028,4285,1446,6458,1496,805
3544,22780.911824814284,22654.111226152967,45435.023050967255,6.1555553014607165,9.1059701716295,0.05447313995545159,160042.3720215092,5824,1727,1208,6168,1059,1532
3545,21385.504720031513,25220.283736264693,46605.788456296206,5.862918096872771,9.257895664452823,0.0544782611313829,160326.64434571416,3893,3616,1250,5805,1544,1410
3546,22051.34179759841,22258.75661904667,44310.09841664508,5.9492983460106545,8.812737910439225,0.054527922847912094,161034.5728592791,4075,2529,2155,4475,2953,1331
3547,20732.306204787747,20794.03782420883,41526.34402899658,5.718494892626383,8.254139483511937,0.0551025894810912,163914.29276074632,6070,1883,806,4321,2886,1552
3548,20584.52748949881,22872.892011366883,43457.4195008657,5.3783207767218055,8.449426796023149,0.0548054125908701,160960.56566526115,5011,2407,1341,5322,2121,1316
3549,18005.491456217256,22815.920661202697,40821.41211741995,4.9177840263292305,8.42163294248158,0.054399581928886796,162164.3219789928,3418,2599,2742,4690,1804,2265
3550,19530.48274411122,20973.859588807692,40504.34233291891,5.093424769751957,8.318912376340775,0.05450804448887883,161202.74964125603,4321,2496,1942,5486,1115,2158
3551,18935.7264233252,21757.13427876845,40692.86070209365,4.8713067163701504,8.4529765574578,0.05441429437049742,158203.7422031119,4622,2694,1443,6121,1209,1429
3552,21935.27413795786,20450.288649660888,42385.56278761875,5.092623199609985,8.254788817966661,0.055077130550900105,161629.37083657688,3989,2622,2148,5077,2304,1378
3553,21341.198792510953,21681.280472677132,43022.479265188085,4.993023820241735,8.05731173715276,0.055339397234913684,162171.87558958176,5319,1920,1520,4269,3221,1269
3554,21074.143715225524,20861.56733141896,41935.71104664449,5.306508639657158,7.942941313887586,0.05554000937571843,164363.77245208266,4817,2613,1329,4083,3111,1565
3555,20709.303863365196,20896.435922046283,41605.73978541148,5.565107792002221,7.884199974947902,0.055556245691734715,163913.66838544703,6229,1443,1087,4219,3007,1533
3556,20235.912276855717,21330.541813971202,41566.45409082692,5.573177328599983,7.988239669252189,0.05472513699773055,161798.08132004843,3819,3255,1685,4980,2124,1655
3557,20181.576783481018,23043.947487253296,43225.52427073431,5.06696200159525,8.68905163435789,0.05446900717816239,159684.78738354336,4000,3444,1315,6129,1229,1401
3558,22185.107330937546,22900.212567260365,45085.31989819791,5.520931024117318,8.37111344411169,0.05454140091434005,157881.58313667186,6083,1597,1079,6553,1402,804
3559,21346.77032492844,23908.52115231292,45255.29147724136,5.7142108629689785,8.651256783250666,0.05442119700207082,158240.97282758285,5256,2420,1083,5675,2142,942
3560,20850.847790570468,24636.13275287043,45486.9805434409,5.5017528987844475,8.699183514146279,0.055040936931333925,160159.89063572718,3814,3196,1749,5058,3047,654
3561,21150.550236337273,22088.991286853234,43239.541523190506,5.063524592558651,8.495939216946116,0.05498012464953557,161705.00292223878,5702,1707,1350,4890,2440,1429
3562,20760.255524106757,23489.231666625306,44249.48719073206,5.2548755475126585,8.737475363541625,0.054397199249458544,159669.1977683168,4167,2975,1617,6152,1219,1388
3563,22535.145518905323,24180.16207547571,46715.30759438103,5.77399776659331,8.8692885209168,0.05452097517777928,158455.59752945343,5847,1508,1404,6304,1234,1221
3564,20733.374890429248,21809.89959908071,42543.27448950996,5.422475064818233,8.275153713842789,0.05501610667874488,163496.5457233985,5168,1672,1919,4821,2195,1743
3565,21096.435953999713,20154.01593919196,41250.45189319167,5.51605925689202,7.920333438200237,0.055409139284082615,165610.13917963047,4374,1878,2507,2910,4068,1781
3566,20405.338955387666,24735.98887214269,45141.32782753036,5.555467995027499,8.928768873064023,0.05485368605550427,160608.55394104598,5199,2388,1172,4881,2584,1294
3567,18140.176854710546,26440.145027752944,44580.32188246349,4.93329182492278,9.210336350534062,0.05450272061782411,159969.44568466494,2965,2976,2818,5655,1946,1158
3568,19811.94322769964,23276.129284356688,43088.07251205633,5.112499579209961,8.88312199602144,0.05480612921053989,161602.04821636,5011,1823,1925,4833,2695,1231
3569,21528.665502891417,23935.322575093316,45463.98807798473,5.375984111764368,8.929633124809039,0.05455642453396543,158519.18098340434,4861,2468,1430,5418,2093,1248
3570,20210.767004936915,23425.880168020696,43636.647172957615,5.13879477839071,8.725291164845475,0.055139914158638524,160953.0237240127,4875,2373,1511,4746,2979,1034
3571,18426.565795542927,25445.661712240773,43872.2275077837,5.2800991165099695,9.131168321394158,0.05479296552075084,160277.35956059798,3907,3353,1499,5860,1630,1269
3572,19723.2260372361,21245.020741816057,40968.24677905216,5.2631095659392715,8.402081470731886,0.05467771640364152,161118.29075303464,5087,1306,2366,4970,2231,1558
3573,21090.70324002062,22388.690154187654,43479.39339420827,5.261463061445293,8.451793741401788,0.05447327392309875,161170.2338599067,4514,2136,2109,4838,2542,1379
3574,20068.715421578883,22027.24713140672,42095.9625529856,5.307171238836783,8.207475737699378,0.05512432318472373,164898.23768001221,3830,2783,2146,3903,3261,1595
3575,18464.788916525893,23915.739432778213,42380.528349304106,4.757218704570785,8.772349309038653,0.0555383292266437,164194.81872481696,3230,4335,1194,4637,2803,1319
3576,17818.279234633723,23021.864330371525,40840.143565005244,4.783656180850805,8.529941782950953,0.05481564429573146,161986.59475285606,5470,2307,982,5720,1408,1631
3577,19354.279812394387,25116.018798797748,44470.298611192135,5.000754953333866,9.214955890340947,0.05439202015640114,159493.04500478695,4362,2780,1617,5934,1485,1340
3578,21467.04426295164,24309.78511889632,45776.82938184796,5.287251430100164,8.865382454308786,0.05503298114433222,161421.21364347936,4713,3427,619,5285,2324,1150
3579,19516.41444014391,25019.4875893281,44535.90202947201,5.514654169071283,9.259602442956657,0.055005352121539945,160476.4282491205,3728,2839,2192,5752,1845,1162
3580,23821.8346064766,21375.40751766544,45197.24212414204,5.916364051629818,8.426438969403032,0.05510525138729713,161081.25273579822,5746,1756,1257,5142,2488,1129
3581,20095.21843892481,22551.778534992736,42646.99697391754,5.824481518694708,8.638064078055926,0.054911797062569996,162160.5258717119,5610,1941,1208,4853,2271,1635
3582,21805.65576918233,23184.37094614332,44990.02671532565,5.8482175492423325,8.470092974869848,0.055033560341422476,160371.47517459624,5859,1640,1260,5516,2224,1019
3583,21119.394553705544,24676.79257026511,45796.18712397065,5.73364561208325,8.824326439829342,0.05481729830063289,162096.03184777734,4699,2298,1762,4989,2268,1502
3584,18361.099826408317,24225.466281278255,42586.56610768657,5.083335227981876,8.818467939797522,0.05447802542020499,158841.92166385314,5466,1930,1363,6067,1190,1502
3585,22093.5923695725,24696.894748804676,46790.487118377176,5.718989061243471,8.882781259700085,0.05446356855724276,159003.16491958834,4643,2912,1204,6015,1448,1296
3586,21829.147854261137,24881.574576881296,46710.722431142436,5.830374283775756,8.760324011099149,0.054455506226361396,157822.1405546333,3542,4177,1040,6118,1496,1145
3587,20294.39839354003,21465.13458636579,41759.53297990582,5.69690360073729,8.427761579183066,0.05442906956727787,159755.02098089264,4675,2543,1541,5473,1756,1530
3588,23874.402355646802,20790.818937944474,44665.221293591276,6.504379310580097,8.378105600586025,0.05514244504964392,159586.55127628508,4478,2867,1414,5462,2332,965
3589,23716.879803993816,24136.43464623306,47853.31445022688,6.436077406210538,8.699360093243614,0.05531094469641976,159434.7042368528,4905,1872,1982,5803,2373,583
3590,19695.916675624256,25798.396504174623,45494.313179798875,5.950369093082406,9.059855566169952,0.054397339584419675,158442.18400596338,3939,2594,2226,6865,903,991
3591,21621.002321261356,24147.208906591768,45768.21122785313,5.960915076589859,8.818447637393563,0.05450051952419785,160424.62373832482,5301,2090,1368,5620,1769,1370
3592,23349.798351611287,23848.629583137877,47198.42793474917,6.462993524888577,9.055705175340988,0.05449275832027584,159933.9072987483,5133,1673,1953,5060,2315,1384
3593,22230.62781639756,23482.841745133846,45713.469561531405,6.0771306498428155,8.792749116165284,0.054530534153451576,158605.11278766856,4593,2480,1686,5211,2477,1071
3594,21145.455336113297,21063.29627880826,42208.75161492155,6.105686509694331,8.284666348405475,0.054622537792244075,161822.76309235062,5836,1821,1102,4658,2537,1564
3595,20481.680902051983,22497.565643021382,42979.246545073365,5.761478859082698,8.474091039077075,0.054472794758091934,161240.68894937285,6646,1078,1035,5069,2036,1654
3596,22223.169667593265,24087.16843728997,46310.33810488324,5.664496124522057,8.590640119279044,0.055036258364463166,162217.71651436744,3389,4069,1301,4082,3481,1196
3597,20143.14442362722,24920.057008532778,45063.20143216,5.596097058652052,8.98145909000231,0.05481150852024293,162675.45533290232,4833,2661,1265,4963,2152,1644
3598,19214.313720242273,24804.854305534966,44019.16802577724,5.423907037450961,9.14296590123955,0.054496692988751885,161531.1241586327,3779,2736,2244,5540,1398,1821
3599,20544.159952607566,22109.357169494855,42653.51712210242,5.172122753226738,8.410500616206063,0.05502404248533499,161353.22334216916,5627,1378,1754,5077,2333,1349
3600,21835.74635026992,24736.192220032957,46571.93857030288,5.273178570838663,9.087411330660276,0.054901073019100514,160735.33733640044,4071,3316,1372,5117,2575,1067
3601,21316.302817626958,21525.467663625936,42841.7704812529,5.505518035776101,8.268407469268606,0.055127541737410676,162845.0121783579,5249,2008,1502,4778,2585,1396
3602,21321.20858019931,20917.15832722784,42238.366907427146,5.616367683790494,8.02465854733452,0.05486950907181685,161713.18914800006,4842,2062,1855,4664,2551,1544
3603,21433.47726627843,24773.400481946835,46206.87774822526,5.492219505341958,8.89435871661847,0.05442740846677567,158629.62884635795,4582,2525,1652,5247,2292,1220
3604,22716.894375888376,22731.948899066952,45448.84327495533,5.542030037304208,8.467108647653674,0.05511613666767668,163741.13013372707,5430,1929,1400,4338,2898,1523
3605,19302.471592500668,24338.82286533019,43641.29445783085,5.33089677341945,8.710041770841864,0.05482860804002939,161238.2551982766,3979,3706,1074,5143,1879,1737
3606,20775.119355807878,25519.72225867028,46294.84161447816,5.4748562735971795,9.302572327562647,0.054520767972543766,158895.17051622065,5529,2208,1022,5665,1757,1337
3607,21186.177805600128,25130.060553365285,46316.23835896541,5.615110512821783,9.140731932040886,0.05465669074264272,160303.80494789974,4484,3605,670,5514,1690,1555
3608,20467.100766798772,24501.153695782865,44968.25446258164,5.296690643323372,9.121839679525076,0.05451051020925431,160058.52884070933,5268,1901,1590,5017,2260,1482
3609,18761.526059062537,26870.115073383957,45631.64113244649,5.157334233032835,9.481141769460109,0.05447722740702989,160559.1813022058,3011,4509,1239,5493,1809,1457
3610,20397.884732127164,22295.620004526845,42693.50473665401,5.370285493534723,8.794152022599425,0.054554854327245446,161624.33767828968,5555,2324,880,4668,2513,1578
3611,20752.494318595054,24730.09469035829,45482.58900895335,5.383531037635625,9.164875417619456,0.054386572849793334,159821.77630348693,4704,1614,2441,5176,2102,1481
3612,20724.7132886742,23732.606641650294,44457.31993032449,5.653383587343423,8.931305883185642,0.054551488773645386,160222.52881461344,3810,2618,2331,5314,2182,1263
3613,23813.107995394625,21824.21589767895,45637.323893073575,5.798780154982833,8.333417109685156,0.05510429551842449,163315.12761817372,4766,3072,921,4390,3113,1256
3614,22125.04684680442,23907.98054240804,46033.02738921246,5.7047391310861615,8.731671004244156,0.05559301652089892,164150.03810454026,2218,4902,1639,4117,3434,1208
3615,24210.455294670166,20708.20927487727,44918.664569547436,6.004156328368275,8.190418833395995,0.05559609704705471,161500.25209795038,5561,1308,1890,4055,3706,998
3616,18014.50717058019,22795.28479021226,40809.79196079245,5.219799192721385,8.45680993985148,0.05489698121920823,160854.37249307754,3869,3608,1282,5218,2302,1239
3617,19965.22569794425,23103.907628285662,43069.133326229916,5.035172232379791,8.743820145255631,0.054978590956174946,162887.47166675804,3883,2835,2041,5457,1639,1663
3618,21635.874038334896,24441.91769529087,46077.79173362577,5.7557976225733665,8.93691407114909,0.054882877837441106,161730.13305517458,4619,2763,1377,5458,1954,1347
3619,22293.493751436337,23846.160601406507,46139.654352842845,6.060519154797751,8.863114569689786,0.054452368382483254,160036.4941914521,5902,1270,1587,5807,1561,1391
3620,24206.344499859577,22859.333536360646,47065.678036220226,6.352503133861044,8.435404234671026,0.05518803777758249,161220.57978190013,5334,2142,1283,4363,3360,1036
3621,19262.757554114127,24336.324868069474,43599.0824221836,5.4794075052785765,8.900497185061202,0.05481304805171248,158958.27549772497,5543,2137,1079,5518,2244,997
3622,20303.394113948038,23031.599018081208,43334.993132029245,5.962714491257448,8.755474414057597,0.05448555800309286,161194.2489575112,3735,3125,1899,5391,1835,1533
3623,21438.142668220622,24659.31051913913,46097.45318735975,6.130732502967973,8.994667299293974,0.0545509173680934,158961.50465179715,4458,2970,1331,6025,1637,1097
3624,24371.922191208174,24916.5702761014,49288.492467309574,6.208022484517996,9.090340746795832,0.0544930312168314,156210.60914652015,5311,1514,1934,6847,1281,631
3625,19138.361508417132,24241.47412782022,43379.83563623735,5.499125812527608,8.94297069465293,0.05443159746514093,159108.47511140947,5020,2347,1392,5961,1750,1048
3626,20321.543625326885,22289.542891105222,42611.08651643211,5.405874350469017,8.737122061592544,0.05465238382645989,160738.31539763266,5089,2133,1537,4945,2379,1435
3627,18270.06526152552,26759.78768129857,45029.85294282409,4.981531152871133,9.467344231383384,0.05438382158769043,160497.79273273447,4362,2885,1512,6058,1293,1408
3628,21012.795449915055,25294.45587643779,46307.251326352845,5.360654589826617,9.316407128123478,0.05447304924988778,158586.32503890787,3941,3373,1445,5614,2203,942
3629,20984.610068681613,23650.691696444388,44635.301765126,5.092020843195462,8.947511563212988,0.05443211071397085,159530.4823546087,4807,2376,1576,5767,1790,1202
3630,21660.967402573584,19944.80293799112,41605.770340564704,5.157125533880886,8.28008697304926,0.05512465846978848,161997.62295440037,6059,1789,911,4582,2471,1706
3631,23116.88455988092,21970.437022431608,45087.32158231253,5.7141270706197185,8.448595781404267,0.05493433262392019,161631.35218267955,5662,1573,1524,4976,2249,1534
3632,24298.906500848985,23707.9986683165,48006.90516916549,6.130243158649735,8.469580589510805,0.05454839505998456,158205.39982044525,5949,1986,824,5668,2338,753
3633,21428.548874983993,24203.328907228173,45631.87778221216,6.026623727070693,8.781083600249751,0.054497564622938345,158472.23340070463,5311,1632,1816,6208,1668,883
3634,22753.407390505723,23736.959688005583,46490.367078511306,6.129427751085674,8.689661334611698,0.05452036428447077,159060.78474492367,4125,3832,802,5779,2051,929
3635,20129.85112829405,21911.30919475512,42041.16032304917,5.811376383631341,8.503863375675863,0.05445455975611314,160220.9959485342,5155,2838,766,4912,2504,1343
3636,22368.56948324949,25922.048305977656,48290.617789227144,5.884599915944832,9.04622846989488,0.054408665435658414,159963.32925780799,4181,3198,1380,5784,1222,1753
3637,19194.056711024667,23117.90875749462,42311.96546851929,5.482037096266108,8.580172201722048,0.055095161674600025,162402.51602090566,6406,1484,869,4409,2827,1523
3638,22125.761011845785,21213.709369834476,43339.470381680265,6.1612925617575245,8.2401029859307,0.055483012820601654,161892.89234576252,5427,1891,1441,4497,2868,1394
3639,22420.27056222761,22317.585106697647,44737.85566892526,6.000558410068656,8.351347059728825,0.05486286045933032,160575.2621898638,6113,1623,1023,4931,2470,1358
3640,23500.848154562078,23959.17614113136,47460.02429569344,6.502571973301504,8.636608232068228,0.05441281594730082,157065.89191684258,5712,1292,1755,5938,1967,854
3641,23482.38931153071,23434.250257996566,46916.63956952728,6.232892825920348,8.378749822208274,0.055087510151130545,160426.36918451352,5989,2184,586,5380,2249,1130
3642,18665.027969266386,22434.018168868075,41099.046138134465,5.91853721823607,8.31674555337084,0.054908936668029006,162243.4671856803,3587,3659,1513,5640,1678,1441
3643,20001.02342422042,20252.626059572543,40253.649483792964,5.567429941473972,8.020721675130606,0.054577976122250696,161781.01308300628,4912,2531,1316,5210,1547,2002
3644,20699.948394637024,22055.458410089854,42755.40680472688,5.755991710016918,8.165837811907767,0.05444201720956334,162035.12382356648,4103,3067,1589,5668,1028,2063
3645,17829.002396197906,21205.79559960552,39034.79799580343,5.345178259793709,8.102789031365953,0.05442610998176039,161121.03896556635,4588,2545,1626,5517,946,2296
3646,18899.145119045104,20392.638250339158,39291.78336938426,5.4200071084073835,8.0653366311276,0.05443445865398316,162301.14563525704,4871,2350,1538,5176,1173,2410
3647,22862.567387762316,20599.70856730201,43462.275955064324,6.072053115509339,8.175863878007581,0.054462365809026504,158786.4005223471,5157,2073,1529,5879,1329,1551
3648,19172.76524442304,22944.362018455104,42117.127262878144,5.413538987082227,8.157520593521257,0.05437477521669593,160409.42773514485,4329,2200,2230,5705,1287,1767
3649,20099.575339380455,18464.434404347965,38564.00974372842,5.695373941524349,7.608960211585484,0.05441612629360293,160707.4882016264,5578,1490,1691,4628,2292,1839
3650,19867.18703618674,20374.41364963214,40241.60068581888,5.548469008507273,7.688450518459975,0.05446393328493885,160626.2792632532,4423,2003,2333,4821,2315,1623
3651,21387.437596028405,20296.49304863326,41683.93064466167,5.63922686835427,7.811230679386979,0.05443669942311884,159566.2153167505,5176,2229,1354,5173,2042,1544
3652,22358.135492101148,20992.280077535375,43350.41556963652,5.841286619747012,7.663982277968059,0.05513250908420145,163128.19896229045,4709,2619,1431,4843,2044,1872
3653,20837.812309013585,23689.355020457457,44527.16732947104,5.704328053819732,8.042971350333197,0.05482805681716995,161039.42515910888,4298,3449,1012,5619,1680,1460
3654,23030.943676318824,21749.657165840938,44780.600842159765,5.953557443070339,8.052119498972942,0.055091439695655726,162167.98490585768,5393,2351,1015,5290,2075,1394
3655,18088.55316671294,25957.801316197907,44046.35448291084,5.294417298829097,9.04113573861912,0.05479103995992728,160312.9403093782,3644,3771,1344,6305,1373,1081
3656,21944.015017947702,22945.907377658183,44889.922395605885,5.497571904445315,8.398260265431867,0.05438468045997018,157835.71231306635,5010,2274,1475,6889,666,1204
3657,22805.36795584575,24274.523282004087,47079.891237849835,5.568472142104222,8.668663655094123,0.05508910228814346,160481.45028448355,4107,2985,1667,5830,2075,854
3658,23062.108872898254,25384.68307173893,48446.79194463718,5.766705497350241,9.13754717032703,0.054902320340325605,158410.71306312658,5073,2588,1098,6469,1523,767
3659,25650.58265220787,22393.76506286977,48044.347715077645,6.163259700733248,8.33085423847711,0.05510393807672064,159915.50502069967,6489,1164,1106,4961,2980,818
3660,20773.312820173283,24722.239462556183,45495.55228272946,5.5570839637507685,8.638325532602376,0.05481567324606932,158681.10411555797,4402,3682,675,5408,2496,855
3661,22158.23477805988,21512.968698232162,43671.20347629204,6.095846826866563,8.362674434881276,0.05444147116069187,159632.85589842597,5041,2561,1157,5602,1723,1434
3662,20400.83241284927,19412.264393804955,39813.09680665423,5.948443621708842,8.12297275834166,0.05460955406831734,161020.03302153954,6988,772,999,5417,1576,1766
3663,21022.796510490512,23991.240818758924,45014.03732924943,5.895909006057516,8.443251874780499,0.05510668706991578,162203.03686306468,4935,2852,972,4932,2611,1216
3664,20998.368368721014,22816.595687459136,43814.96405618015,5.685059783873817,8.303489612760313,0.055538956481435274,163769.75525907578,4884,3002,873,4216,3461,1082
3665,22710.61723338306,23591.288178005267,46301.905411388325,5.873554804570354,8.573932200872472,0.05550360377985614,161959.26846908784,3586,3958,1215,5302,2511,946
3666,23868.13339456379,23831.305804657793,47699.43919922158,6.127031285443357,8.715181352043901,0.054796674921665574,158890.24721738725,5478,2657,624,6308,1437,1014
3667,19282.825083139924,23675.98030399479,42958.805387134715,5.592051381043716,8.5849180299614,0.05442628198146922,161102.19030213254,5048,1717,1994,5888,1024,1847
3668,23219.29938249897,19755.951494753368,42975.25087725234,6.067667707546832,8.022659525883254,0.05504826621832554,161144.27421324217,5211,1672,1876,4502,2740,1517
3669,23388.509220683623,22950.418097640817,46338.92731832444,6.502919291343697,8.289003157675054,0.05488658637026278,160045.15274014728,5187,1768,1804,4897,2407,1455
3670,18644.838840088236,23186.546471714715,41831.38531180295,5.536570823608758,8.382833721363955,0.0545070778236712,160806.7121692942,6142,1490,1127,5221,2042,1496
3671,19992.64556333436,24559.69748742346,44552.343050757816,5.204520048147527,8.840996419968256,0.05446392333811876,160251.17461445348,4764,2233,1762,5817,1774,1168
3672,19243.03031656324,24752.022825555876,43995.05314211911,4.852727985909498,9.030302232097826,0.05445113673528452,160334.03430017098,4290,2653,1816,6490,727,1542
3673,21482.96385235575,24803.756510963467,46286.72036331922,5.183040030958754,9.043121188963028,0.05448003213009359,159059.38581621525,3579,2877,2303,5921,1565,1273
3674,23781.2542070995,22143.158806948046,45924.413014047546,5.556109416807692,8.325664057158846,0.05510249547316932,161272.43521208232,5208,1985,1566,4800,2963,996
3675,21884.730181755494,23172.797108585884,45057.52729034138,5.47691394039902,8.473313256555148,0.054993892468191245,158881.39153816632,4736,2232,1791,5228,2986,545
3676,23347.273644253175,22469.718511633604,45816.99215588678,5.873955732271707,8.308865613072692,0.05506052836670556,162686.67089134923,4407,1886,2466,4912,2931,916
3677,23682.957269491,22571.465284351576,46254.422553842574,6.233726588366196,8.326361098104748,0.05499111904610022,162579.60491916313,4288,3448,1023,5058,2319,1382
3678,21127.08725439844,25180.849026180753,46307.93628057919,5.870121226631088,8.769844300253457,0.0543916225096318,159314.55068050616,3713,3442,1604,5980,1591,1188
3679,21097.127802255385,23725.61361385947,44822.741416114855,5.699273690213554,8.600523023561585,0.05454581474768411,160025.377534422,5357,2130,1272,5892,1604,1263
3680,21142.003178036255,21310.45609079042,42452.45926882667,5.70036907072138,8.146687174443448,0.05510045801734111,162695.61080451982,4217,1864,2678,3792,3655,1312
3681,23273.350003652435,22987.800972722995,46261.15097637543,5.8615115139200755,8.580276124466788,0.05475080888698425,159795.2978938236,3922,3109,1728,5476,2034,1249
3682,23590.509068275805,23372.014388698917,46962.523456974726,5.839540730072002,8.346895462142761,0.0550388257961567,159783.68620325762,5356,2440,963,5104,2803,852
3683,17500.044033008082,24219.981993080928,41720.026026089006,4.670483146641853,8.696999455587333,0.05488556299756085,161391.75686543438,4249,3392,1118,5012,2623,1124
3684,22237.59837161201,25081.872989740667,47319.47136135268,5.369012477711382,8.986535518559613,0.05454796599738508,159630.1011144762,4315,2613,1831,5623,2057,1079
3685,20884.753008872278,24979.314157250847,45864.067166123124,5.428572456679959,9.17402083654515,0.05443085742866978,159663.84615541247,5137,2260,1362,6053,1514,1192
3686,18796.22752545121,25639.621509459943,44435.84903491115,5.342336951011024,9.278597795462378,0.054420463064062896,159200.53042670287,3621,3878,1260,6313,1255,1191
3687,19873.48285447789,23787.86339943001,43661.346253907905,5.711451965270578,8.765222657512025,0.05448823844926025,159886.87323612865,4934,2784,1041,5610,1883,1266
3688,19288.559084783225,24443.712367029195,43732.27145181242,5.24758543979894,8.767833245009864,0.05445533346142108,160591.25037874017,3977,3150,1632,5415,2048,1296
3689,22973.817547010978,22735.111050094794,45708.92859710577,5.205534143790825,8.80679724190501,0.05514852516352203,159506.023513178,5446,2274,1039,5415,2363,981
3690,22685.945433356435,23358.32919372184,46044.27462707827,5.588962535549854,8.616787502357392,0.05556216641645685,161607.29528880707,4285,2244,2230,5244,2765,750
3691,19285.164212514057,25275.59062749347,44560.75484000753,5.067793395468393,9.09968398816364,0.05493743843531178,160385.79076416444,4069,3126,1564,6288,1296,1175
3692,23700.85620803591,22311.73095670505,46012.587164740966,5.6939455534753005,8.663921479718468,0.05450040412633491,160452.07835767046,6037,976,1746,5339,1913,1507
3693,22838.117821823198,24830.187875591793,47668.305697414995,5.875434783747116,8.961140602096197,0.05442686931175327,157568.17216985015,4316,2831,1612,6166,1768,825
3694,21260.86863736315,22847.76097283859,44108.62961020174,5.718219101652839,8.562771615781617,0.055153005833827505,160753.3558367017,4611,2556,1592,5071,2689,999
3695,18678.567730341107,24614.291536725854,43292.85926706696,5.218798538224695,8.719739796372856,0.054920528241863525,159031.9602033634,3930,2955,1874,6580,1075,1104
3696,18461.59710844683,21762.069097848598,40223.66620629543,4.911537750638734,8.359501979128684,0.05437996588556625,160815.166212575,4361,2929,1469,6135,929,1695
3697,20958.588680744924,20692.475676950893,41651.06435769582,4.795230362981501,8.245381914695788,0.05457352154613268,159464.16266278707,4004,2839,1916,5673,1527,1559
3698,20354.91140640043,23030.3589192794,43385.27032567983,4.913115742350278,8.790377732741234,0.05452323760131583,158399.95959015127,4458,2344,1957,5817,1832,1110
3699,21722.584147307465,25748.561174730632,47471.14532203809,4.863875242755382,8.881237591550136,0.054422630965765995,156936.60211489262,3783,3185,1791,7158,961,640
3700,21208.487735808336,20377.985300370052,41586.47303617839,5.175788294142123,8.318035472457188,0.05511336960120169,163258.8439867007,3716,3090,1953,4972,2562,1225
3701,20535.903757413882,24544.55297239723,45080.45672981111,5.0210136846834335,8.935943461919544,0.054848322244362875,161331.65349960528,4148,2456,2155,5160,2431,1168
3702,19078.784499684014,26399.30306789489,45478.0875675789,4.7359687294077455,9.26264232751766,0.05440090489707855,159042.1810988126,4426,3002,1331,6334,1011,1414
3703,20227.47827658554,26216.027179531688,46443.50545611723,4.716750553551474,9.410146698293538,0.05457883295438829,160602.8207832463,4950,2061,1748,5850,1460,1449
3704,21581.609383046674,23647.872191109924,45229.4815741566,4.784585716064505,8.92025756542541,0.055082451831347974,162668.7388046637,3889,2872,1998,4637,2798,1324
3705,20879.60093526661,22930.104664749797,43809.70560001641,4.993604031139393,8.563605650201318,0.05495413368868406,162201.54438871052,3653,3850,1256,4928,2108,1723
3706,22690.157457130063,20483.740711909843,43173.89816903991,5.52094867797254,8.330442274764321,0.055104568267217574,162538.52623270525,5144,2400,1215,4659,2352,1748
3707,21406.162654323394,22583.92140795837,43990.08406228176,5.694006437044778,8.478474595949477,0.05498600370022046,163620.52625280476,3971,2336,2452,5222,1724,1813
3708,21077.75518794229,23286.47896331401,44364.2341512563,5.450316000190481,8.707400367538938,0.05442654372066623,160133.38494283182,4180,2719,1860,4710,2455,1594
3709,20478.468880365053,26088.574399418125,46567.043279783175,5.46533938829904,9.055129966251558,0.05444255968989059,159896.2089507116,5038,2948,773,5317,1915,1527
3710,18387.109739309017,25651.37306857925,44038.48280788827,5.16063441708676,9.230006145899749,0.05449689657621392,162158.95000612387,4837,2050,1872,5603,1085,2071
3711,21391.29744886691,24153.4265764752,45544.72402534211,5.448294416842663,8.854144009506285,0.05444708808224763,160000.07340473443,5106,2516,1137,6147,1024,1588
3712,23884.104981118915,22175.26760668379,46059.3725878027,6.312187310368769,8.756463612939369,0.054479952999299246,158560.3836961763,5621,1851,1287,5859,1574,1326
3713,20323.989549694263,25112.840655227796,45436.83020492206,5.582502499177611,9.016894028342884,0.05441027284303427,161074.48907164767,5802,1841,1116,5534,1552,1673
3714,19595.18983015117,25413.459751742295,45008.64958189346,5.358155834246845,9.147675773288308,0.05439395704828858,161020.43247684723,5435,2202,1122,5655,1389,1715
3715,19500.700861799047,21688.861284488627,41189.56214628767,5.3226685259639845,8.393104610488514,0.0551288312817956,162305.9283786012,6287,1555,917,4571,2747,1441
3716,21571.637263045646,21573.460376670155,43145.0976397158,5.528446059872225,8.15463041091681,0.05493498209328695,160953.2011534543,4445,3014,1300,5177,2522,1060
3717,22333.088271280925,20433.67485601806,42766.76312729898,5.5635425985347835,8.118100511360083,0.05456016793248276,159674.0532422576,5323,1378,2058,5448,1858,1453
3718,20308.410835113973,23116.937212719855,43425.34804783383,5.416230736003095,8.267134563230346,0.054384089177476856,158375.28528780988,4855,2341,1563,5725,1452,1582
3719,21169.98735601666,20480.419606545936,41650.4069625626,5.269365674869962,8.075970211249206,0.05511283623301008,161760.8300240008,5125,1972,1662,4590,2525,1644
3720,20154.46737202565,23803.166519429564,43957.63389145522,5.226513278842367,8.37238753112707,0.05487930872482292,161897.67524900846,4467,2750,1542,5566,1413,1780
3721,22490.627349005885,18010.347537896334,40500.974886902215,5.363446347680938,7.55726352333177,0.05444008173139488,160934.26566129725,5876,1407,1476,5503,1134,2122
3722,22118.82977237911,23156.649288471403,45275.47906085051,5.87180777478997,8.12524136117354,0.054470427895063636,160152.5539323493,4730,2405,1624,5376,1640,1743
3723,19035.606861442244,21386.409816086725,40422.01667752897,5.279363898244909,8.092283401507194,0.05444496826117141,160523.52435574593,5256,2290,1213,5475,1464,1820
3724,20234.367760656496,22806.780469254834,43041.14822991133,5.324997291790482,8.333138740943019,0.05453211545546548,158693.20477724925,4642,2574,1543,5241,2330,1188
3725,22555.214949811343,23361.059285094732,45916.27423490607,5.668094135774007,8.302511716814912,0.054472208251888685,159433.65146799615,3840,2845,2074,5672,2100,987
3726,23059.440364462687,20300.20094671053,43359.64131117322,5.700366425132094,8.030314249074818,0.05507709415233693,160852.43869592945,5358,1396,2005,4503,3180,1076
3727,20134.46058084412,22478.201195178393,42612.66177602251,5.554548263163721,8.137377473833258,0.05488823759615069,161041.61753545213,3963,3700,1096,5735,1785,1239
3728,21551.048399551375,19481.765872300588,41032.81427185197,5.644386801592116,7.903190830748455,0.05443954587986092,161352.62407707263,5153,2115,1491,4779,2047,1933
3729,19856.189853405194,25035.720746296483,44891.910599701674,5.396315154901754,8.330056155924883,0.054532152296414456,159983.65835410493,3324,2776,2659,4815,2545,1399
3730,19648.449475781406,26357.41767110447,46005.86714688588,5.1017271783788445,8.829178538727833,0.05438040818995558,161840.4391798604,2919,4082,1758,4885,2264,1610
3731,22512.37014112126,22142.31461299531,44654.68475411657,5.5914243847079925,8.281706898366888,0.05514569266089294,161942.51995041696,4167,2880,1712,4292,3005,1462
3732,23370.927338601938,23010.55805831428,46381.48539691622,5.8624763007239915,8.22233649001304,0.05558716054941868,160919.2302314986,5325,1458,1976,4841,3175,743
3733,24281.625149193864,22171.760681876403,46453.38583107026,5.9160273567315915,8.241355810345272,0.054844403278308265,159184.92230128022,5431,1229,2099,5473,2200,1086
3734,22765.132703406223,22485.556113180995,45250.68881658722,5.757967032267166,8.058150471033962,0.0550679458770275,160417.47708786948,5721,1776,1262,4892,3011,856
3735,20874.955506334067,24894.766950052675,45769.72245638674,4.749465473324155,8.665428584966882,0.05485803354860251,159998.07610237433,4066,2123,2570,5565,2118,1076
3736,21492.330574164036,25742.918310083358,47235.2488842474,4.886726379256471,8.95101111835242,0.05438670110976399,158440.21349858018,3796,3979,984,5594,2002,1163
3737,21380.901751426678,22515.653071616387,43896.554823043065,5.2192489556835255,8.379887805277532,0.05439787530356852,159895.44383978832,4488,3557,714,5872,1291,1596
3738,20993.239720665875,19226.71982114659,40219.959541812466,5.519820670324594,7.914954657276941,0.05448131438673959,159793.9426925687,6173,1207,1379,5393,1645,1721
3739,22781.434392798485,23708.180264674167,46489.61465747265,5.577143965786644,8.33736262550889,0.05504415662488294,160189.97650603874,5011,2664,1084,5183,2875,701
3740,22570.521842612463,22524.772545215023,45095.29438782748,5.9591377087708315,8.30071286823433,0.0549489159806394,160946.09016430014,5132,2164,1463,5056,2698,1005
3741,19574.545843520184,23690.79172293418,43265.337566454364,4.889607342759142,8.534411434654187,0.0549464439474311,160531.14516332955,6061,1579,1119,5490,2253,1016
3742,22439.834566328882,23464.995526415834,45904.83009274471,5.283908381754879,8.61431615894,0.05485709956203637,160045.44011484596,4839,3041,879,5953,1653,1153
3743,21543.763843866196,24369.03869590119,45912.802539767385,5.542866348387805,8.786427123151237,0.05443339373622684,159487.46666733638,4767,2314,1678,5502,1953,1304
3744,22378.45290615622,24134.28713221917,46512.74003837539,5.394041895608539,8.582582027377425,0.05447689410632119,156883.78173138938,5134,2014,1611,6373,1673,713
3745,21483.490612748217,20163.546644000708,41647.037256748925,5.1079554260683775,8.142061721828277,0.05450509048791151,159805.25547357387,5478,1460,1821,4567,2793,1399
3746,19769.02097612426,20847.29694199448,40616.31791811874,4.748007685125846,7.743644828027762,0.055054235690448615,163564.83478439186,4323,2710,1726,3726,3404,1629
3747,23343.901570848833,17400.480890590898,40744.38246143973,4.850410940798021,7.362988560864063,0.05475133819608281,159939.78148586102,5036,1180,2543,4664,2304,1791
3748,20089.072065804667,23433.383408343674,43522.455474148344,4.659190919060254,8.2639094421834,0.054470348357550075,156939.29733260014,4444,2697,1618,6196,1307,1256
3749,23998.51246071501,22977.20815214899,46975.720612863995,5.242091673522031,7.96943216023368,0.055140178522883256,160846.89849074715,5804,1139,1816,5328,2551,880
3750,22088.631483200348,24929.78783059728,47018.419313797625,4.968929238305376,8.592250789530233,0.054933852252703,162240.23819845045,3454,4270,1035,4507,2979,1273
3751,20545.77073571637,23770.59665958026,44316.367395296635,5.348480028539046,8.715261103800517,0.05457878410885266,160277.3045438954,4158,2183,2418,5241,2086,1432
3752,21478.608719854892,23971.467682680952,45450.076402535844,5.502847966313993,8.627049642819998,0.05452007007281249,157805.79062321613,4932,1517,2310,6050,1747,962
3753,19656.46258622414,23748.04907115166,43404.5116573758,5.226110596328381,8.43631368198555,0.054423422682791524,159592.56871439453,4775,2916,1068,5831,1497,1431
3754,19298.495233667018,22018.29363128592,41316.788864952934,4.624604817694699,8.30430661557471,0.054441396579937615,160019.8401038534,4771,2829,1159,5548,1518,1693
3755,23780.431579027387,21769.072142050416,45549.5037210778,5.093891688177734,8.338127101481057,0.054401268677597786,159480.76473972484,6137,1622,1000,4998,2121,1640
3756,22406.08718187556,24332.98660115702,46739.07378303258,5.068150219789622,8.359431319134481,0.05453432589950141,159783.2687552425,4669,2954,1136,4874,2507,1378
3757,21202.592533685503,21617.487067593956,42820.07960127946,5.092868023471864,8.389221224881332,0.054512628823842904,160098.3854183744,5120,2273,1366,5357,1898,1504
3758,22983.3812321172,22517.517161249092,45500.8983933663,5.803492104890113,8.295821340997348,0.05464007232830963,160391.21110329567,6280,1632,847,5810,1698,1251
3759,20586.20555000935,21883.53590574652,42469.741455755866,5.0882202473070715,8.158177461085845,0.05503240941573096,160536.91748023656,3915,3524,1320,5060,2565,1134
3760,20459.631875008643,23526.0556038573,43985.68747886595,5.010139883094838,8.276885900436396,0.05490515348662399,161031.64032168698,4301,2788,1670,5217,2109,1433
3761,21055.81735957641,22607.238934779765,43663.056294356174,4.994768322505065,8.28644274016482,0.054469080648382025,159296.78162986878,5274,2054,1431,5290,2207,1262
3762,22085.43856048644,28488.2833881562,50573.72194864264,5.312264243757699,9.391380986560979,0.05441105878757427,157425.7742214326,3758,4103,898,6308,1997,454
3763,22923.38431274523,23670.657276707534,46594.04158945277,5.707725093244242,8.693312160609652,0.05448974995107207,158897.32208451556,6428,988,1343,5734,1901,1124
3764,20091.747502385653,21928.91179325842,42020.65929564407,5.69659475331733,8.379784812223573,0.054995472870846364,162337.08780435167,5153,1544,2062,4196,2779,1784
3765,19871.112993513863,23800.9415160796,43672.054509593465,5.112023409881834,8.58479239331485,0.05494039271369886,164070.1004306747,3968,2732,2059,4418,2442,1899
3766,23368.20359315742,21442.339675950272,44810.54326910769,5.303621102680144,8.236811227329557,0.05484734101935819,162819.55812708806,4909,2389,1461,4414,2882,1463
3767,21025.788964422045,22403.604054947486,43429.39301936953,5.216466904587736,8.09739990361202,0.054408000498160594,161883.37585572273,4306,2333,2120,5311,1538,1910
3768,20007.808132182956,21575.077539999227,41582.88567218218,4.824661226045233,8.134288468244476,0.05508124903057959,163840.1581381072,3922,4283,554,4644,2117,1998
3769,22265.337512944017,19413.556406616157,41678.89391956017,5.189934302381504,7.66457289027637,0.05541101594055863,164473.337580204,5956,1571,1232,3675,3417,1667
3770,22670.365620844925,21176.48765510797,43846.85327595289,5.916358846988417,7.734208807193432,0.054992381833471625,161286.88711796305,4597,1845,2317,4665,2926,1168
3771,23197.265614933847,23060.534455416564,46257.80007035041,5.998425446998845,8.41216295626748,0.05453713492523496,159382.45191131713,4884,2742,1133,4514,2995,1250
3772,22446.643398494165,24408.738824815387,46855.382223309556,6.143566439106845,8.565107198391873,0.054498270351493835,159744.48974451408,5166,2830,763,4531,3403,825
3773,24027.112497525202,22789.281868683913,46816.39436620912,6.2654091913377705,8.367775033909567,0.05443322896496012,158724.52857477372,6563,1073,1123,5699,1962,1098
3774,20489.35601268963,24582.496106124116,45071.852118813746,5.724639960112864,8.34821583506631,0.05447539214802263,161319.73521020397,4480,2974,1305,5492,1778,1489
3775,23042.754788804796,23920.041240203267,46962.79602900807,5.652814549049051,8.53209528415789,0.05444489571965808,159435.607266238,5484,1722,1553,5189,2265,1305
3776,22967.95020924529,21756.051796421423,44724.00200566671,5.7149836213583205,8.08857875066546,0.054584029424931714,160834.44593103635,5976,1945,838,4460,2853,1446
3777,23833.73466845121,26535.137035967324,50368.87170441853,5.835651153495231,9.059759321257882,0.05440950378057352,157386.88427865438,4448,3062,1249,6044,1800,915
3778,19908.399733204904,25723.486918341394,45631.8866515463,5.076144362257276,8.913053055547936,0.05437500218706547,157147.69326464704,5086,2736,937,6554,1227,978
3779,23893.456800699558,19626.917304151422,43520.374104850984,5.51589347514019,8.07014280694446,0.055052909201614104,161024.81186118402,5303,1299,2157,4455,3080,1224
3780,22856.37427480993,23944.539368928006,46800.913643737935,5.48667474500641,8.660910495015417,0.05472962609430831,161158.4298590544,4042,3695,1022,5575,1941,1243
3781,21716.303257538904,24146.507099540253,45862.81035707916,5.749886122431403,8.613798473678086,0.05446236784108537,158829.44916086853,4789,2015,1955,5462,1950,1347
3782,22690.46125551479,21793.04624304304,44483.50749855783,5.7183316692701265,8.134713638293823,0.05511530480765863,162514.19207609125,6259,1766,734,4259,3030,1470
3783,24227.258996178265,22394.63283292651,46621.891829104774,5.858468168655061,8.305292683719415,0.054820213239757276,160376.45040224408,5220,2160,1379,5117,2552,1090
3784,20325.304926773504,22301.42007096212,42626.724997735626,5.478582074132296,8.10650751476315,0.05437560179430463,161104.0639219901,4686,3352,721,4969,2084,1706
3785,21898.584665479328,24757.78254779462,46656.367213273945,5.380169799458716,9.020315803398795,0.05442836981192218,156951.51644881433,3460,3270,2029,6422,1331,1006
3786,21178.298190279198,26843.346898582222,48021.64508886142,5.287740733767557,9.280552241549085,0.05451751334890044,158453.37198802183,5448,2328,983,6312,1423,1024
3787,20423.402685542795,26075.054529818855,46498.45721536165,5.068457883569797,9.181369875135745,0.054548626382997546,162093.97634431772,5020,2855,884,5860,1295,1604
3788,21799.982560837158,22819.93237882983,44619.91493966699,5.401646843019857,8.841374310484008,0.05455413091580146,161669.27754723982,4028,2366,2365,5097,1911,1751
3789,21555.678397050644,24628.27277033582,46183.95116738646,5.159191286580744,9.045791931823192,0.0544182576405136,159864.1901659459,3919,3228,1612,5712,1774,1273
3790,24445.95874597828,22844.04290392989,47290.00164990817,5.306018988539547,8.387506856639824,0.055028861945718016,159573.57427518576,6007,1205,1547,5156,2739,864
3791,21152.25195154558,21299.34096504753,42451.59291659311,5.361875192481765,8.063445509843726,0.05477222912653508,159536.92439257645,5687,2060,1012,5025,2243,1491
3792,21916.49018877863,22025.485293211186,43941.975481989815,5.5884964428709685,8.375223989216385,0.05508701435344934,161421.61702183474,4306,2771,1682,4353,3036,1370
3793,21317.33353326082,23545.969346859765,44863.30288012058,5.490440630848402,8.452103554167927,0.05552908704427986,162831.43703726516,5512,2710,537,4897,2636,1226
3794,23353.866081490196,23230.00719657781,46583.87327806801,5.889507324877893,8.548009041120508,0.05491548082450917,160310.1991293013,4421,2748,1590,5568,1941,1250
3795,21547.396440049222,21525.133806598566,43072.53024664779,5.651435091984306,8.088297552985551,0.05511771660322826,161476.6391663629,5228,2322,1209,5009,2215,1535
3796,23547.924079571985,21581.39297885586,45129.31705842784,5.909255271794201,7.971674414616105,0.055515582011714394,161609.15281414211,6098,1487,1174,5257,2613,889
3797,19227.055484559074,22384.806464763187,41611.861949322265,5.038527477341237,8.0671793566642,0.05478218433493581,160596.50633121227,4023,3753,983,5239,1822,1698
3798,22381.661697968415,19237.754668778758,41619.41636674717,5.06635616053021,7.680692791497051,0.05444975675277798,160483.4249324698,4803,3055,901,5153,1517,2089
3799,19001.666702138315,21580.938276919915,40582.60497905823,4.739679227381234,8.156720262416746,0.054996038086123945,160997.55207086515,2705,3999,2055,4854,2307,1598
3800,20444.80747309472,23282.510843793014,43727.31831688773,4.8248050669568725,8.207620594752852,0.054869262129699656,161654.86731513301,4954,2716,1089,5973,1277,1509
3801,22488.67913121414,20426.798947308987,42915.47807852313,5.048683203018372,7.949007421005205,0.05505350124861925,161649.1846674577,4484,1938,2337,4675,2632,1452
3802,20430.147063747383,23224.232175581925,43654.37923932931,4.760678788330293,8.204980965956501,0.05495191527063088,162513.42567946928,3787,3194,1778,5443,1854,1462
3803,19585.25359479434,23834.34781532357,43419.60141011791,4.806992003406779,8.617140013770808,0.05450397948073321,159650.28239097496,4428,3258,1073,6356,1021,1382
3804,23823.775406269637,24389.930292782974,48213.70569905261,5.464079538926869,8.887339719812132,0.05437281686079029,158118.8041971187,4779,3093,887,6550,1268,941
3805,22932.363069373263,24195.013580239225,47127.37664961249,5.481964788839506,8.663412105002367,0.05442916435197911,158303.87466947417,5363,1290,2106,5693,2115,951
3806,19490.48246774938,23038.073954936706,42528.55642268609,4.918337832296314,8.43408263814736,0.054625706987998235,160393.28509621785,4368,2689,1702,5154,2051,1554
3807,22954.293670758696,20984.722956496666,43939.01662725536,5.594392712008102,8.263438572207246,0.05510310494954613,162978.55656565487,4609,2657,1493,4909,2479,1371
3808,21654.290844949694,24976.221116366338,46630.511961316035,5.182524688337512,8.837651742747946,0.05562312319737756,164340.59223751456,3143,2786,2830,4158,3538,1063
3809,18755.006393920663,23772.651040964563,42527.65743488523,4.4985220231090635,8.59849773751564,0.05488214615268188,163661.41975602327,3850,3546,1363,5409,1382,1968
3810,20878.1905309961,24270.536276039526,45148.72680703562,4.768501954796475,8.982149557130821,0.054454115831674435,161007.6805850214,4352,2861,1546,5691,1280,1788
3811,20275.088856203405,26406.541930171523,46681.630786374924,4.629530384277029,9.239209383305097,0.05440768186972561,158902.22240735908,3340,4182,1237,5148,2429,1182
3812,21315.651782685545,22837.23832788341,44152.89011056896,4.245283174638726,8.484741298256283,0.055095308633608196,161644.4589437912,4175,3351,1233,4910,2547,1302
3813,21341.921210507822,24362.498012898974,45704.419223406796,4.586373993643036,8.627515430804763,0.05481840102098713,158052.64220813633,5010,2322,1427,6247,1688,824
3814,20805.392439704865,21386.28736278792,42191.679802492785,4.797699428705572,8.543675851432582,0.054483108483203084,159606.76163482727,6194,1306,1259,5191,2172,1396
3815,24152.62050418241,24323.284995229522,48475.905499411936,5.104191547054223,8.629177711651204,0.054379308979429136,158163.87693002028,5459,2181,1119,4955,2694,1110
3816,21614.264691353495,23531.055439310512,45145.32013066401,5.03918984996207,8.532169927435282,0.05438393258748812,158311.18383150653,5967,1379,1413,4775,2710,1274
3817,20643.01417716844,24215.548497769112,44858.56267493755,5.073238575078399,8.470209224783787,0.05445431679365853,160682.4997505423,3346,3196,2217,5040,1706,2013
3818,19373.533680824556,25628.023069930332,45001.556750754884,4.828615269311165,9.081827326619331,0.05440660559303236,162249.7331584812,3257,3220,2282,5543,1249,1967
3819,19056.780062606453,24736.41819185152,43793.19825445797,4.848152489174031,8.897414719366328,0.055038524343687986,161081.32120565377,3082,4753,924,5232,2320,1207
3820,20473.155105445305,23434.689674649737,43907.84478009504,4.843709377591962,8.706923524248214,0.05482073470804348,160161.40139646654,4084,2843,1832,5475,2041,1243
3821,21420.885049216406,20897.75632674532,42318.64137596173,5.230197579027791,8.293082221748412,0.055027636965396205,163569.26602266054,4361,2481,1917,4959,2269,1531
3822,20818.295911538145,23710.748069240322,44529.04398077847,4.816259909995535,8.677842368522402,0.05555386467754688,163673.2067467039,4012,4100,647,4799,2747,1213
3823,24382.107733463297,24602.929115785122,48985.03684924842,5.415815699413634,8.901871481119846,0.05490811642564196,159380.74785123882,5808,1751,1200,6108,1646,1005
3824,19927.104241064797,24114.180318929524,44041.284559994325,5.021207663809622,8.618986748658443,0.054380654413972565,159589.46246478526,4396,3296,1067,6414,764,1581
3825,20906.249675039435,21065.37853942848,41971.62821446791,4.926580583672485,8.273889596756533,0.0551103807117033,163738.11788544655,5390,2212,1157,4496,2622,1641
3826,22752.638870768194,22906.402701396193,45659.04157216439,4.984337170576968,8.344152635481356,0.05547731111507307,162358.93559767294,5267,2984,508,4353,3397,1009
3827,19493.631097792644,21846.508443444192,41340.13954123684,5.0402248657030615,8.102987441552873,0.05556397348628157,163030.52918386602,4693,2068,1998,4540,2949,1270
3828,20560.172822655255,20821.57093713503,41381.74375979029,4.974758826410458,7.931759767030606,0.05551266057296755,165900.59198238916,6082,1468,1209,3687,2861,2211
3829,17774.316245085105,23192.80263477195,40967.11887985705,4.664520237916422,8.42261344035229,0.0549301660408726,162432.96239713638,2803,4912,1044,4992,2004,1763
3830,20514.642144879137,24797.33475536573,45311.97690024487,4.614826649283205,8.53825936691155,0.05450559031920005,158795.63825601968,3111,2966,2682,6650,1102,1007
3831,21834.239128592882,24536.048530514534,46370.28765910742,4.853033678797009,8.528756063786126,0.054461408212492214,159745.7441864961,5042,1951,1766,6451,1176,1132
3832,22218.40698341859,20765.027485548715,42983.4344689673,5.148121669478265,8.169177395654353,0.054447244683615045,160455.2927506354,3646,3214,1899,5064,2126,1569
3833,21518.835460751518,21410.372077907083,42929.2075386586,5.47672294702283,8.481157098393528,0.05453120282052451,160788.43837954826,4254,2353,2152,5421,1685,1653
3834,23356.86462827398,24393.94811709363,47750.81274536761,5.810499290053714,8.612334286940248,0.05445641207987652,159675.01439058315,5374,1997,1388,5995,1424,1340
3835,23214.232554206144,22950.767414182716,46164.99996838886,5.814357329836686,8.274022377298614,0.054564950104411945,159380.61437103403,4959,1489,2311,4733,2792,1234
3836,24711.622488441677,21125.03840585944,45836.660894301116,6.055565530298507,7.956356469347682,0.055116894819960675,162919.6285374826,4590,2033,2136,3911,3622,1226
3837,18771.34822296545,22300.552773233725,41071.900996199176,5.254031460272824,8.011854912946584,0.054861024787536225,160554.67584299837,3072,3125,2562,5757,1592,1410
3838,19606.470363297736,22145.976121841435,41752.44648513917,5.007854105965024,8.221094108064582,0.0544559469511414,158834.65539921063,3697,2743,2319,6099,1218,1442
3839,21085.788341863252,20568.06009302529,41653.84843488854,5.325933375306367,7.91235032995206,0.055104763346371176,162796.69374462424,3161,4349,1249,5146,1993,1620
3840,19575.160162094206,21186.949250103473,40762.10941219768,5.176892615056094,8.063566800046098,0.05487839200417899,160741.76724751748,4800,2555,1404,5479,1677,1603
3841,22738.390904056683,22072.34594517519,44810.73684923188,5.565900024496244,8.141945506107541,0.055088546546851594,161025.43625650677,5828,1520,1411,5416,2039,1304
3842,22855.022379119775,27146.8071098962,50001.829489015974,5.857842054738348,9.057088235028457,0.0548223661001286,157624.1233933712,5071,2057,1631,6684,1733,342
3843,24798.674392252713,24628.797535782294,49427.47192803501,6.02907637849387,8.845909125314034,0.05447132804027694,157050.56559298222,5450,1189,2120,5577,2627,555
3844,20849.02367931769,24494.204052437475,45343.22773175516,5.646006432614775,8.760820378679782,0.05450776324548687,160131.42462777154,4792,2383,1584,5086,2440,1233
3845,21937.6660745611,22691.90219019843,44629.56826475953,5.512802653541132,8.380413315722045,0.055071834051799905,161746.95915686595,3457,4162,1140,5041,2504,1214
3846,20370.595609500484,22376.6507331013,42747.246342601786,5.255857865495731,8.303159970831725,0.05557002021195146,163635.77481509617,3902,2422,2435,4639,3212,908
3847,18974.950481225715,23917.889938268392,42892.84041949411,5.022065752389452,8.597427566046335,0.055087741645674405,162696.43163191702,3738,3411,1610,5159,2442,1158
3848,23417.697441943765,23865.621709400977,47283.31915134474,5.272396571583014,8.799116867638757,0.054479283966772665,158957.37709318707,5008,1019,2732,5596,1964,1199
3849,21601.828354985788,23135.586573648758,44737.41492863455,5.636592872498487,8.492351606898735,0.05448022957482301,161785.96226721676,5325,1959,1475,4594,2480,1685
3850,22755.59994060485,24110.944920930287,46866.544861535134,5.590062185819703,8.722866059242723,0.05452229800340402,159592.85491691282,6426,1577,756,5645,1931,1183
3851,19390.18168690417,23644.76751437565,43034.949201279815,5.00227235150328,8.613412671708186,0.05452542935674845,162890.18488481638,5266,2189,1304,5164,1478,2117
3852,23528.051364718784,22256.38948786728,45784.44085258606,5.35682808414427,8.30734012859452,0.055184278549106,163207.40513566043,5189,2733,837,4146,3410,1203
3853,23547.370530238062,23833.983513072122,47381.35404331019,5.179179456348793,8.544799032802453,0.05553316084248571,162076.1316965847,4538,3399,822,4746,3077,936
3854,23705.398972511506,21406.980832228615,45112.37980474012,5.834080485640167,8.14692081812789,0.054946708362733916,160549.1424327661,4398,3459,902,5873,1557,1329
3855,21256.09238073954,22493.01424223458,43749.10662297413,5.346088728307524,8.175723399348009,0.054403412024944024,160167.06603197262,4713,1854,2192,6285,774,1700
3856,23279.200653856504,21138.439151169103,44417.63980502561,5.605529795597004,8.020688511893225,0.0551238253321825,163656.7600442178,6118,1906,735,4045,3018,1696
3857,24704.79329245919,20512.13854203559,45216.93183449478,5.6354779832176956,7.691401098464868,0.055659110235055896,165431.26196967618,5267,2184,1308,3117,3911,1731
3858,20834.05423272826,21891.26336617124,42725.3175988995,5.391936071139792,8.081776780510824,0.05546160689724684,164142.6146419114,3784,1925,3050,3690,3295,1774
3859,21390.009942143122,25943.23918568316,47333.24912782628,5.569555990665293,8.826307075174206,0.054747036771597174,159156.52271114103,2885,3433,2441,5688,2216,855
3860,23245.274089515275,25551.59274058236,48796.866830097635,5.525727397413811,8.957646001680203,0.05445533768809973,157170.46831359426,5515,1847,1397,4989,3054,716
3861,25529.06436256266,22474.74259984885,48003.806962411516,6.208596301875605,8.35702311189734,0.05457438890396335,160042.89896860364,5385,1288,2086,4698,2889,1172
3862,22907.56349009453,22098.575175861362,45006.13866595589,6.037710136487066,8.19663183375221,0.05455243000425317,161324.1129268006,4663,2857,1239,5059,2050,1650
3863,21895.258598377746,23311.372336049968,45206.63093442771,6.027291953262075,8.44173236516065,0.054420133551839216,160837.28701310177,5902,2000,857,5244,1664,1851
3864,21116.7624592563,25269.949502404877,46386.711961661174,5.624160252194211,8.648620927994745,0.05440007443853102,160755.70275273075,6276,1820,663,6344,925,1490
3865,23349.587616801346,25035.802746896836,48385.390363698185,5.96622776268041,8.946454390600717,0.05438870077642139,160099.0416279971,4468,3057,1234,6081,1079,1599
3866,22570.38981319336,22958.812346127594,45529.20215932095,5.570845187859203,8.349109355589494,0.055094615809971374,160804.56858880684,5014,2111,1634,5178,2510,1071
3867,19720.74569348297,23060.85700742487,42781.60270090784,5.1286448798442175,8.39880098790519,0.054818048070163834,159407.29334512298,4361,2411,1987,5802,1847,1110
3868,23797.94940151541,18880.033309011375,42677.98271052678,5.563433875694503,7.72608484998419,0.05514421564036093,161563.51516487068,5071,2412,1276,3936,3342,1481
3869,20892.163526114982,22224.315509650427,43116.47903576541,5.427995670770251,8.026010620729215,0.05498784733638667,162503.42189966483,4618,3429,712,4252,3155,1352
3870,22757.22561222533,27130.029491607074,49887.2551038324,5.807433063732453,8.840182109590872,0.05440264196987637,155773.66299155238,5196,2634,929,6193,2263,303
3871,20876.816248684518,24542.09904366783,45418.91529235235,5.427162324346968,8.566651211500696,0.054438729184889845,159556.44120568258,4921,2386,1452,5637,1986,1136
3872,24143.775585730928,21621.32639826169,45765.101983992616,6.159006037257166,8.380080279421145,0.0545802510802292,159513.0393780361,5500,2551,708,5172,2379,1208
3873,23222.834479371326,20111.876156563176,43334.710635934505,5.891098400225524,7.65359845501363,0.05448519917959119,159639.37495461825,5243,2070,1446,5679,1879,1201
3874,21032.040767250197,17575.599771542067,38607.640538792264,5.651627665099872,7.194738177520965,0.054538957870409306,160366.327437424,5883,2153,723,4813,2223,1723
3875,20858.668630479602,21608.757043202993,42467.42567368259,5.228791603589731,7.801160117706724,0.054591395118303014,161268.61007973817,4124,3054,1581,5499,1510,1750
3876,17953.30516793197,22527.105181220388,40480.41034915236,5.086565431067242,8.172676781996406,0.0544188645556417,160484.94612265314,5611,1940,1208,5433,1550,1776
3877,23233.314544934758,23281.65598998386,46514.97053491862,5.337049643996721,8.16217816381297,0.054503767826747485,159047.71873773893,5510,1766,1483,5924,1526,1309
3878,19419.59228851917,22037.139412724824,41456.73170124399,4.854270859341003,7.9231958943534595,0.05446016965133192,163559.25390944208,4011,2203,2545,5104,1343,2312
3879,17959.412836481293,23125.101762291815,41084.51459877311,4.5372678879795,8.500335708258666,0.05449975054795525,160476.10411727818,2751,3979,2029,5778,1318,1663
3880,23282.857845626444,22643.918802371936,45926.776647998384,5.213279646821883,8.099774800501203,0.055040728178538445,161233.6566166162,4301,1735,2723,5107,2757,895
3881,19847.89711924169,21747.231345262604,41595.12846450429,4.525991992957533,7.862072240872699,0.05551286421552392,163672.6913206253,4103,2942,1714,4330,2864,1565
3882,22190.965777416146,22473.62682404636,44664.59260146251,5.205827365255038,8.241417840392522,0.05498801055773342,159997.0710283271,3861,3061,1837,6027,1561,1171
3883,24038.56676510752,21561.810119078495,45600.376884186015,5.931908612970522,7.861225006154565,0.05513186284366682,161156.85483296603,5873,1621,1265,4866,2843,1050
3884,22485.24490428346,20950.19916358881,43435.444067872275,5.7716427078295345,7.670742007172172,0.05487320899769133,162756.06008149928,5534,1740,1485,4696,2180,1883
3885,19380.078125773245,20756.920658463052,40136.9987842363,5.255443786266845,7.757113144951315,0.054389001736373836,160598.85950932678,4622,2495,1642,5704,1162,1893
3886,20239.41772922766,22186.94325647664,42426.360985704305,5.115185986571674,8.332800803972628,0.05458128740917665,161791.59268138418,4228,2643,1888,5443,1282,2034
3887,23360.14823211041,22784.883256200395,46145.03148831081,5.214955331752744,8.200879688318732,0.05449435003480656,159570.2250725796,4438,2731,1590,6255,1044,1460
3888,21046.111862112528,25679.492011275182,46725.60387338771,4.800391383929711,8.914025180109327,0.05437608723832252,158789.87485418667,4467,3204,1088,6043,1653,1063
3889,22806.828510717576,23258.326177024697,46065.15468774227,5.301397509520173,8.57899599374632,0.05509676194777746,159811.95357865037,4737,2438,1584,5614,2088,1057
3890,23623.781813351114,23208.351625067186,46832.1334384183,5.718803527152683,8.332894018530277,0.05555410886499009,161268.17259264397,4433,2683,1643,4955,2989,815
3891,20070.808442027363,24082.76097501486,44153.56941704222,5.282441423243255,8.386691421731706,0.05491173937775359,158742.20137600138,4441,2319,1999,5466,2351,942
3892,21230.206034575,22224.677026861606,43454.8830614366,5.555479915005477,8.487648685151019,0.054498345779378336,159178.69099836404,5440,1886,1433,5361,2143,1255
3893,22465.0289348684,25565.120999901876,48030.14993477028,5.689607270286753,8.90275563743515,0.0544275248421321,158603.44350200758,3978,2137,2644,5717,1938,1104
3894,23465.551577786126,25147.390630668484,48612.94220845461,5.752101084601771,8.882296017662691,0.05453576060723564,160308.67858450074,3813,2732,2214,5648,1949,1162
3895,20322.601710659168,24548.03729110829,44870.63900176746,5.222924524658915,8.608086345706878,0.05439598775150807,158408.29987209543,3460,4466,833,6314,1391,1054
3896,21852.364370699837,20969.3781067015,42821.742477401334,5.129672485229525,8.320498251208374,0.05454383969980498,161057.9969092304,5076,2246,1437,5638,1320,1801
3897,21575.68916226521,22807.322999885237,44383.01216215045,4.917706498524075,8.348769430372334,0.055045187500387914,162701.29926465175,5023,1960,1776,4935,2155,1669
3898,24064.59046812043,22115.013021155333,46179.60348927576,5.2558379673531865,8.24507953769653,0.05544373879244026,161346.1321641367,5084,2649,1026,4804,3127,828
3899,21708.764183245614,22828.420473966373,44537.18465721198,5.137343535997566,8.268004880229732,0.05499341906249063,162760.85023162657,5263,2321,1175,5407,1990,1362
3900,19380.829041770852,24615.282850192416,43996.11189196327,5.051373952731557,8.806231723025547,0.054430499896253155,161051.4827875836,4532,3047,1180,5547,1504,1708
3901,24117.640851552147,24312.412755503094,48430.05360705524,5.642404902939453,8.571294929690842,0.054513916706844315,156931.78766514442,4983,1324,2452,5954,2219,586
3902,21091.006656797643,26901.933443509482,47992.940100307125,5.471722962343957,9.237867948415046,0.05450539709821127,157774.6805092588,4959,2990,810,5203,2933,623
3903,22277.564407458827,23509.216380582606,45786.78078804143,5.447801369521416,8.621719932472075,0.05453239238896096,159886.8073546623,4119,3022,1618,5302,2195,1262
3904,22004.865373490436,22550.537836343487,44555.40320983392,5.747241589412349,8.434722041841315,0.05440570234851805,158764.2674524601,6141,1302,1316,5354,1815,1590
3905,23187.492471741996,22373.981132963436,45561.47360470543,5.907310241339002,8.043007354761327,0.05507259820283038,162249.35799676852,5879,2306,574,4530,2995,1234
3906,20407.33652355931,23269.75429635472,43677.090819914025,5.071330599263186,8.155843483346809,0.05489234793346873,163033.27835435758,4868,2720,1171,5121,1982,1656
3907,20486.985747367802,20787.824847293352,41274.810594661154,5.2314912297791,8.097358699294574,0.05458701746689011,161674.82668954533,4191,2325,2243,5260,1735,1764
3908,26106.028288329766,20918.424312222687,47024.45260055245,5.887177259448662,7.694845169204239,0.055031904667637424,161358.24923667262,5484,2406,869,4456,3304,999
3909,20619.973531171836,20225.796226133993,40845.769757305825,5.609574213953935,7.6285578513580266,0.05475992947603828,161586.34511731946,4787,2835,1137,4938,1917,1904
3910,21495.04617330656,20605.741635596136,42100.78780890269,5.348445074136378,8.021934162851451,0.05449225323471888,161115.13449813332,5310,2206,1243,4748,1875,2136
3911,18975.172883343017,25872.43710401941,44847.609987362426,4.9724918916175485,8.42467878241901,0.05444528981688712,161474.937846625,3454,3363,1942,5800,928,2031
3912,22382.511689214683,22810.082612008624,45192.594301223304,5.13205678946198,8.115444179320349,0.05502875312019232,162906.10872674518,4767,2399,1593,4359,2620,1780
3913,19991.98838914744,22910.258651234195,42902.24704038163,4.898257155880648,8.397317452424291,0.05502209801039428,164530.37520771628,4038,3096,1625,4857,1988,1914
3914,19474.545980852847,28828.49426894401,48303.04024979686,5.057419722822048,9.464377757701136,0.054426651337860635,159008.7624277668,3909,3508,1342,6437,1192,1130
3915,22959.839826312113,26361.109669414105,49320.94949572622,5.32163456819041,9.236123176478205,0.05450720945739567,158439.99173365525,3935,2576,2248,6672,1099,988
3916,22291.36691728768,28052.67069077566,50344.03760806334,5.5551910319388105,9.688553399814982,0.054410250265616744,158974.27050241412,3255,3343,2161,6821,963,975
3917,20351.9823453071,26096.20693111686,46448.18927642396,4.964517431272955,9.314351132887241,0.05447030489094246,160422.50701503296,4319,3031,1409,6553,879,1327
3918,20833.676458586902,24563.87576592457,45397.55222451147,5.052865016104398,9.29582696231497,0.054474279195543235,160610.03319486376,4364,2912,1483,5616,1623,1520
3919,22725.58739536614,25811.23720449422,48536.82459986036,5.222909969948089,9.238714054014626,0.054429975550810306,157567.3657207325,4689,2889,1181,5658,2301,800
3920,22147.588780561826,22327.029087819137,44474.61786838096,5.437100864501974,8.517656756649824,0.05455482825943337,159633.667492581,5687,1873,1199,4691,3010,1058
3921,18688.36969764059,25786.027939346634,44474.397636987225,4.694925897673202,9.08339591443954,0.054442094017363406,161073.5060213242,2766,4523,1470,5272,2035,1452
3922,22537.511185442894,23504.661623647586,46042.17280909048,5.130507286275231,8.681485107810264,0.05444556812988171,158804.44848201206,5024,2848,887,5572,2215,972
3923,24721.967300548953,22952.56759118485,47674.5348917338,5.198076276609059,8.442650718518113,0.055065500844320506,161491.4658222126,5467,1999,1293,4730,3328,701
3924,24728.283049414382,21084.995135769215,45813.2781851836,5.720295839417339,7.9252115929890845,0.05557939902631778,162529.30917177955,5129,971,2659,4103,3584,1072
3925,22738.105601549425,23905.775561674807,46643.88116322423,5.587201003246881,8.450616084017641,0.05488814696075825,161773.64158256166,4437,1998,2324,4398,2790,1571
3926,23442.910867139,21843.44117494401,45286.35204208301,5.50127248682304,8.04774122169166,0.05508884063211973,163968.98059325415,4880,1712,2167,3717,3310,1732
3927,24312.23962553916,23938.705845789038,48250.9454713282,5.412777133892801,8.478901459550846,0.05555181034562578,162240.45640155923,4968,2168,1623,5273,2761,725
3928,22468.63935525353,21838.937516817117,44307.57687207065,5.257945838786645,8.03099655737383,0.05549669644909785,164007.83874613917,6121,1612,1026,3757,3458,1544
3929,19110.60908733001,23682.47407449496,42793.083161824965,4.4902588604006395,8.275939771739635,0.05486232928097979,161719.6702348145,4079,2733,1947,5093,2114,1552
3930,22595.642570431362,21712.282523373153,44307.925093804515,5.199584354072763,8.164736841073703,0.0550638573979956,160727.39854557835,4940,3124,695,4894,2622,1243
3931,23849.607023163197,20453.56858214528,44303.175605308475,5.682877067169749,7.860175263228275,0.05498284441489839,162321.81079083224,5660,2025,1074,4510,2729,1520
3932,20163.762038070807,23038.21324007379,43201.9752781446,4.9933095354047605,8.175837328053674,0.055083784386795925,162905.71888216573,3662,3988,1109,4552,2537,1670
3933,22430.047475319247,23345.2643116538,45775.31178697305,5.219090780365352,8.297582613289634,0.05488769645534028,160381.56207634413,4886,2859,1014,5995,1639,1125
3934,23661.109802300693,21776.091910805986,45437.20171310668,5.2576836306335135,8.051411402282543,0.05511576399001243,163173.24600420054,4024,2243,2492,5223,2210,1326
3935,19822.94884288654,25345.902429146143,45168.85127203268,4.699924791923593,8.733586062124651,0.054881830936775455,161381.32209634528,3615,3214,1930,5954,1663,1142
3936,18516.400696903824,24168.482038715152,42684.88273561897,4.351751397975986,8.488348738969973,0.05437414893485163,160386.30384348633,4406,2898,1455,5923,1041,1795
3937,21783.84127214534,22059.031557595416,43842.87282974075,4.601896413294791,8.138682066045243,0.055117171284444384,161739.3665886665,4916,3165,678,4896,2511,1352
3938,21997.5895462054,19620.28264907515,41617.87219528055,4.600820067489292,7.532198418272922,0.05499245932024107,162407.85331733644,4729,1817,2213,4281,2503,1975
3939,22758.62524649206,23488.487429014007,46247.11267550607,5.080466194450016,8.21403017540056,0.055064980504277605,159553.3880409841,4471,3267,1021,5574,2193,992
3940,23481.022752983627,22216.253129622713,45697.27588260634,5.006915375147718,8.22017909084446,0.05496053655831911,161777.58097745723,6470,1376,913,4984,2157,1618
3941,23111.66105846048,22035.203153269365,45146.864211729844,5.054658972880347,7.970402150508479,0.05451734933937446,158870.0206498481,5193,2842,724,5730,1659,1370
3942,23315.914147126554,21253.27903911473,44569.19318624128,5.113939081147237,8.052095017502708,0.05445760432420067,159727.4727184161,6329,1112,1318,4808,2391,1560
3943,19531.34316450137,22794.610925006393,42325.954089507766,4.518218524694253,7.964508597849145,0.05439926919606843,160160.672431983,5018,2301,1440,5317,1666,1776
3944,21311.740684044857,18570.92595348939,39882.66663753425,4.738249492934813,7.578987050462852,0.054986924652666545,162123.6360417507,6108,1508,1143,4932,1828,1999
3945,21695.875068570534,19214.787350328825,40910.66241889936,5.224452196256251,7.423678328200702,0.05482708100051268,163126.83543999726,5583,2485,691,4581,2117,2061
3946,18865.102838004994,21942.467894621506,40807.5707326265,4.720559142005609,7.9982574286969665,0.05447494948558026,162132.22290331006,2788,4909,1062,5461,1024,2274
3947,20929.858192303738,25296.882583873266,46226.740776177,4.928419265773224,8.553265645617374,0.054491851999978906,160153.44129938583,3164,3926,1669,6051,1277,1431
3948,25054.292701378406,21657.29264388562,46711.58534526403,5.56579350021377,8.210652520818924,0.05456144779562283,160462.90310846618,5640,2313,806,4746,2552,1461
3949,22455.571995824685,27403.38424014688,49858.956235971564,5.237596046293418,9.09149769078273,0.054427982987063236,157645.02306999467,4615,3721,423,5699,2192,868
3950,25804.84423770565,24663.336323186435,50468.180560892084,5.782720725924361,8.724306748491992,0.05455672161370388,157636.2488926457,6085,2119,555,5645,2116,998
3951,23350.68151923704,25114.664192294247,48465.34571153129,5.655163647593151,8.843586125918685,0.05455703110562254,158766.32277562842,5623,2566,570,5431,2300,1028
3952,21035.11596813079,23253.947851956502,44289.06382008729,5.492151423701406,8.626543279776254,0.05457770908795327,160502.80961273488,4693,2556,1510,5282,1944,1533
3953,20183.740465071296,23530.75863540173,43714.499100473025,4.912534337231696,8.688834752436803,0.05449438845111293,163786.9231867195,5172,2647,940,5595,1189,1975
3954,22906.618991041218,19950.290192019314,42856.90918306053,5.318729438390891,7.8058988462721555,0.05507062840078818,164048.86856431013,5219,2216,1324,4648,2367,1744
3955,21900.332999180133,19584.533294497985,41484.86629367812,5.2211505455991,7.686226311165311,0.05486201467626624,160099.70083236447,4364,3588,807,5190,1986,1583
3956,21125.132884529256,21073.252791299754,42198.385675829006,4.898327374534412,7.903025816460293,0.05494592535708918,162440.32541954675,5319,1692,1748,4500,2297,1962
3957,19624.649850691116,21557.6569358933,41182.30678658442,4.606277144904321,7.7878415486110955,0.05554274131719757,167234.15580643958,4176,2141,2442,4145,2590,2024
3958,22469.92079122873,25351.662174184046,47821.582965412774,4.773154929113781,8.601249496565382,0.05492165742948148,161155.4028280514,5213,2648,898,4120,3577,1062
3959,23438.808860427373,23982.108779780843,47420.917640208216,4.847845866933843,8.346791933373352,0.05449651176262982,159877.03444449286,4065,2235,2459,5413,2295,1051
3960,21647.559897525367,23206.320276821716,44853.88017434708,4.906720704763907,8.287215847690447,0.05440750046466584,159099.7972855128,4018,3611,1130,5793,1796,1170
3961,22898.15172043686,21496.670748253175,44394.822468690036,5.23693820101264,8.363532840764194,0.054428073077911504,159847.8232522581,5806,1729,1224,5881,1237,1641
3962,22221.267090038524,20310.01297604529,42531.28006608381,4.899228436439037,7.691522763138383,0.05502086105397257,164427.64593947516,4564,2785,1410,4556,2092,2111
3963,21666.107045232864,22206.120978802464,43872.22802403533,5.041790474090496,7.992585084669938,0.05497778560067162,163504.2351084819,5388,1841,1530,3947,3135,1677
3964,22002.505177496438,23692.206516774237,45694.71169427068,5.0531701294648474,8.29572925938643,0.05502233718045871,161857.84920500813,4547,1941,2271,4158,3424,1177
3965,21413.48895343706,23499.482568371397,44912.97152180846,4.7377767418332395,8.386067011408306,0.054951266083072145,160852.6544843458,4139,2725,1895,5652,1970,1137
3966,22582.449095800726,23445.300017266785,46027.74911306751,4.529914375070929,8.316071148340834,0.055065923959908586,160701.26974368346,4136,2616,2007,5527,2156,1076
3967,21282.48628513089,22701.75704280627,43984.24332793716,4.638438545701616,8.160635515150732,0.05483835141496359,160838.33037886105,4781,2308,1670,5681,1430,1648
3968,20556.738957881153,25685.41228984853,46242.15124772968,4.450467855660546,9.019606461586351,0.0544378857434803,160196.11340874224,3421,3465,1873,6006,1147,1606
3969,18487.424784968873,26084.89289280793,44572.3176777768,4.340360020363614,9.11058695101074,0.05445622551068493,161232.4459901414,4087,3462,1210,5992,1096,1671
3970,24616.51783693634,22995.628395199386,47612.146232135725,5.220205533848661,8.499072542586822,0.05456359171454982,159932.16771477755,4993,1661,2105,5264,2296,1199
3971,25593.269307673065,21319.189849985738,46912.4591576588,5.556427152303101,8.052511747357642,0.05513657045125382,163004.47970622045,4428,3313,1018,3737,3870,1152
3972,23493.83108349577,23212.096100563318,46705.92718405909,5.404157536740492,8.178362287826696,0.05555459667181151,160943.0399035637,5758,1466,1535,4623,3453,683
3973,22739.66348119698,22331.0761043856,45070.73958558258,5.242488460039767,7.987547361975748,0.05565280356409563,162455.75644994862,5464,1579,1716,4403,3505,851
3974,21173.126949072222,22754.250417019644,43927.37736609187,4.496770806475242,8.193634984042852,0.054972878756781654,161322.71634006407,4223,3803,733,4430,2901,1428
3975,23678.89230325925,24011.60489291021,47690.49719616946,4.496340501524718,8.453104382227792,0.05439730882023798,159017.99097541408,4692,2171,1896,5921,1573,1265
3976,20860.021268992394,23755.19053856966,44615.21180756205,4.519631948081704,8.27637578144524,0.054387808776609606,160042.30146642998,4350,2043,2366,6406,696,1657
3977,22545.601530226693,21732.200953319116,44277.802483545805,4.658680184936781,8.25571235692698,0.054508249009404666,159134.9628973174,5870,1963,926,5616,1974,1169
3978,24019.958999699924,21728.218041065917,45748.17704076584,5.136363823539493,7.952105890829359,0.055073607341688834,161450.58468777628,6679,1393,687,4355,3428,976
3979,21925.899599355933,23053.725275458615,44979.624874814544,4.7691900984022,8.139975863106066,0.05491983306808661,160472.08431252817,3976,4035,748,5566,2093,1100
3980,20667.930892446548,21025.52797720281,41693.45886964936,4.765178357826487,8.019754328725549,0.05437784797927031,160042.666449331,4684,3012,1063,6151,887,1721
3981,22136.294415034205,25212.013177703673,47348.30759273788,4.803091718141136,8.943818955072532,0.05446859634275916,156788.41614534258,5878,1764,1117,7049,751,959
3982,23173.791473612866,23225.003076598183,46398.79455021105,4.862289624495884,8.455816573287862,0.05446323454767496,159503.39280895353,6400,1791,568,6136,1454,1169
3983,21650.768369283567,24420.05471685418,46070.82308613775,4.966667935700887,8.578034222643513,0.05508074284851923,161164.11422815992,4300,3405,1054,5063,2495,1201
3984,21869.18955418965,20444.012303073207,42313.20185726286,4.9483416023381785,7.852935252411292,0.05554750398689634,163968.32425013804,6132,1426,1201,3949,3286,1524
3985,23880.448475851605,20197.119718957554,44077.56819480916,5.177454098451626,7.62073590281558,0.05495104052467,161234.9409651875,5752,1840,1167,4612,2295,1852
3986,21071.573887005714,21271.533277690516,42343.10716469623,4.864026252266613,7.813913505859742,0.055123621334080844,162616.27271965836,3669,3190,1900,4859,2231,1669
3987,22705.39676439955,22942.12966348307,45647.52642788262,4.942432225908108,8.043484956647355,0.05555891246190753,164576.98090975705,3071,4500,1188,4449,2906,1404
3988,21261.562260324525,21779.81129228343,43041.373552607954,4.845714860424971,7.912290002597122,0.055514741528030355,166618.36470743123,5292,2378,1089,4046,2930,1783
3989,21414.33092559056,27061.360209203922,48475.691134794484,4.676445287514268,8.999868343798177,0.0549743310944538,162661.63607201204,4396,3516,847,5029,2258,1472
3990,25428.059324913,23545.458486144533,48973.517811057536,5.590122860769161,8.589262715721766,0.05447279930177006,159384.58715628338,5453,2030,1276,5640,1609,1510
3991,25769.934867775326,21958.664613586698,47728.59948136202,6.069116159220279,7.966342360885462,0.05512512683383591,160698.5919222472,6541,1247,971,4326,3583,850
3992,22979.07035408465,21273.578202515175,44252.64855659983,5.659553716644681,7.927614235955259,0.05484270524361,161613.29281084618,4200,2292,2267,4739,2734,1286
3993,22682.70357626441,21799.17003036956,44481.87360663397,5.227655863851179,7.858641728461673,0.05510892841803775,161698.01737881612,5677,1704,1378,4977,2348,1434
3994,21003.360601185577,22195.621475385342,43198.982076570916,5.110611918794639,8.016213367459214,0.054908366543484355,163224.2470680642,4562,2207,1990,5478,1337,1944
3995,22137.42080921343,21218.661921942235,43356.082731155664,5.035914335128899,8.048062013019386,0.05449907654224724,160857.30999726988,6397,1163,1199,5173,1750,1836
3996,20308.140224590774,23447.56533085254,43755.70555544332,4.600432876455133,8.38334597924776,0.05444593020505743,162836.03790117014,5416,2315,1028,5110,1508,2141
3997,22716.010629188564,24699.551701761313,47415.56233094988,4.858053376659248,8.409074203819378,0.0544197441887598,159336.03906744227,4065,3075,1619,6298,1050,1411
3998,22421.228667407348,20453.40487261645,42874.6335400238,4.649160603170282,8.113659198576226,0.05504930365993863,163287.62915339158,5887,1757,1115,5021,1917,1821
3999,22017.576298055978,23833.328432438466,45850.90473049444,4.809655993022709,8.293757291435409,0.054867549419145116,159183.23957247208,5266,2300,1193,5632,1987,1140
4000,22260.624328660924,23619.371391211003,45879.99571987193,4.853482799099002,8.536969991962028,0.054448895197181296,157809.6670118251,5694,1819,1246,6311,1140,1308
4001,21881.688652285822,21758.81691958051,43640.505571866335,4.3778765950510765,7.971398043614956,0.055099833866350624,160848.89826636226,5469,1643,1647,4568,3188,1003
4002,23398.239881936803,22116.693081722395,45514.9329636592,4.499480504616732,8.122055512836932,0.05499536395689718,160142.59152616156,5054,1454,2251,4692,3337,730
4003,23458.940044261286,22839.04265550575,46297.98269976703,4.639440991221041,7.985571623516646,0.05438368276827379,158536.58138901772,4694,3109,956,5755,1985,1019
4004,22775.039662181916,20428.693260282536,43203.73292246445,4.809859610989571,7.981340328285305,0.05448992856436877,159066.06440529058,6018,1638,1103,5334,2279,1146
4005,22743.637464785643,23567.06781680903,46310.70528159467,4.716571812310232,8.092997316700375,0.05452169203901284,159281.01340821903,3988,3174,1597,5323,2674,762
4006,21561.771372385512,22153.137047454133,43714.908419839645,4.651090861231254,8.414650780012337,0.05445367034421867,160845.57190906515,5577,2195,987,5233,1883,1643
4007,23508.63968805716,24192.75788074269,47701.397568799846,4.881614891716676,8.422785292904974,0.05504889872394059,161732.79956840354,4450,3644,665,4477,2744,1538
4008,23979.24330776136,23131.121366880925,47110.36467464229,5.139608779209822,8.397815808463395,0.054742108358177416,160093.75300162265,4650,2246,1863,5184,2376,1199
4009,21858.609601816417,25162.09240371755,47020.70200553397,5.037137205892102,8.671977194038389,0.054389561643429445,158112.2407007512,4473,3252,1034,5918,1688,1153
4010,23645.352374210208,23153.233252644204,46798.585626854416,5.449592931346989,8.343535255863996,0.054602941570511605,159088.1757031862,6387,2096,276,4979,2861,919
4011,22333.237343237044,24483.91878846581,46817.15613170285,5.075624090318289,8.451624324506952,0.05457434600653248,162132.30507192208,4819,2809,1131,4858,2553,1348
4012,22199.42049478939,24815.744843259003,47015.16533804839,5.295474536307717,8.675939209755516,0.05504651091685975,161504.76808878683,4652,3231,876,5359,2196,1204
4013,23383.88640713735,24069.095681506922,47452.982088644276,5.22695811945331,8.54573211572387,0.05502791501277054,158941.09838296322,5668,1614,1477,5166,3037,556
4014,21703.63974089948,23445.753485440135,45149.39322633961,4.821315025072678,8.474049066011112,0.05505462450491079,162043.28045467974,3383,4432,944,5211,2631,917
4015,23394.744289739636,21499.085142812037,44893.829432551676,4.8189280512335335,8.2949318346073,0.05475246396535636,161954.39748484694,6546,1093,1120,4902,2265,1592
4016,21203.405503135305,23927.64691463146,45131.05241776677,4.767463656147207,8.246945279775396,0.05439706338222384,160761.45332264263,5535,2028,1196,6125,887,1747
4017,22263.465120888508,20545.77759119657,42809.24271208508,4.68641306475725,7.885960696376391,0.05506674909375871,162090.3852893904,2913,4536,1310,4581,2706,1472
4018,24254.67922465938,19959.077072437372,44213.756297096756,5.051708552872186,7.865486115439655,0.05543435181780775,160994.96597322225,4882,2009,1868,5000,2736,1023
4019,20403.728351882448,23880.96947095138,44284.69782283383,4.64147669384517,8.279076416037158,0.054964160489277825,163188.85921064354,4586,2586,1587,5656,1539,1564
4020,20997.891402911344,23307.00669612037,44304.898099031714,4.678378486915174,8.295568891555341,0.05507693252573917,164523.69588305004,4256,3372,1131,4730,2213,1816
4021,22988.157471663293,21291.49582229793,44279.65329396122,4.924583710359021,7.883717288913896,0.05539667371373124,163803.37804898462,5541,2143,1075,4773,2338,1648
4022,23865.716509432514,19671.025585311716,43536.74209474423,5.284118974853815,7.48158993820058,0.05560046820469668,164661.9541003717,4741,2531,1487,3291,3924,1544
4023,23284.13469865292,18141.110861786485,41425.245560439405,5.372877307603921,7.033796935942742,0.0548373526141223,162431.76607852068,5961,1384,1414,3664,3387,1708
4024,23402.172656189614,18564.141816966756,41966.314473156366,5.525736476901424,7.127259977942681,0.055081615832419446,163115.8644217655,4688,1796,2275,3736,2901,2122
4025,21864.09704193732,21223.655725693094,43087.752767630416,5.1200642131906475,7.531028109162354,0.05497132469242358,164189.7080667004,4337,2534,1888,4671,1740,2348
4026,23023.798647184296,22214.488798983126,45238.28744616742,5.249804228768278,7.590536606073488,0.05498335000920101,163478.74648371545,5954,1627,1178,5029,1784,1946
4027,18980.6598930884,26049.3462495992,45030.0061426876,4.779240299002626,8.579644008353208,0.05485084467102171,162871.97628255945,4824,2713,1222,5919,1057,1783
4028,20877.992385789497,22879.87727081552,43757.86965660502,4.909755330967341,7.9689753952434454,0.05507075272781896,163949.07523963103,5192,1877,1690,5251,1594,1914
4029,20617.484062208092,24335.57021667928,44953.05427888737,4.9849301235532035,8.24431907891002,0.05490886875423078,162163.05632195185,3367,4568,824,5332,1629,1798
4030,20233.51906207757,24262.38056054714,44495.89962262471,4.74429707196823,8.743770132045949,0.05444822198210499,158431.70852613627,5033,1743,1983,5875,1526,1358
4031,20727.479373585087,24880.982536054114,45608.4619096392,4.4503759628325765,8.472167720406476,0.055124438328311647,161945.56983719848,4358,2697,1704,5309,2110,1340
4032,22322.310272398012,22039.207140208062,44361.517412606074,4.58045165031465,8.003162704676672,0.055645304796796184,163417.14541320773,3880,2869,2010,4038,3339,1382
4033,20015.26498052658,23384.363298791883,43399.628279318466,3.98820210130845,8.110178941907806,0.05551158791217858,164893.18220217308,4184,2648,1927,4802,2276,1681
4034,21288.208007573183,20938.177476711047,42226.38548428423,4.374232606550306,7.842551048668179,0.05494517826638993,163876.93774915757,5800,929,2030,4582,2114,2063
4035,22734.47698438761,23625.661323468143,46360.138307855756,4.237505447243582,8.059992354504503,0.054450240300279264,159438.28184794626,4034,2010,2715,5348,1786,1625
4036,25181.297866136665,21317.2891365911,46498.58700272776,4.506908279951518,7.624305896739031,0.05516826337455569,162559.74231523086,5301,2238,1220,3844,3468,1447
4037,24072.439947077266,20413.846070668373,44486.28601774564,4.749927740236937,7.334913972802283,0.055432805156611024,165366.28530028914,3806,4108,845,4410,2661,1688
4038,24327.320311554493,22814.914557308504,47142.234868863,5.05327439074051,8.048802364364402,0.055562533816746536,161493.00035749408,4231,3057,1471,5059,2740,960
4039,24418.864957023463,23425.343279972665,47844.20823699613,5.071260766828412,8.138716408336645,0.05491605309952779,158985.215090967,4750,1595,2414,5378,2612,769
4040,21100.151258063423,23292.434574219824,44392.58583228325,4.911661787005359,8.093003136638902,0.0543529735475009,160586.73727189342,3378,4315,1066,6039,1100,1620
4041,20895.022737388263,20787.335671155462,41682.358408543725,4.740460846071912,7.901708491485831,0.054510229122017084,159913.92983359582,6117,1946,696,5833,1133,1793
4042,21756.124003568286,25038.258341872486,46794.38234544077,4.9640870906428285,8.619612667508333,0.054383498985340485,158333.39442681996,3198,3328,2233,5409,2176,1174
4043,22137.829925909587,25749.216841924812,47887.0467678344,5.064863399114638,8.714327155523986,0.05437592287778858,160328.24319363828,5581,2669,509,6426,965,1368
4044,22755.715940665334,21830.679175278932,44586.395115944266,5.107301399829459,8.12258124554699,0.05446929456799997,158879.33291137137,4345,3020,1394,5768,1599,1392
4045,23591.67363515961,18038.051187763747,41629.72482292335,4.930082879445165,7.3698837555540555,0.05438407866078978,158193.88667780603,6066,1836,857,5800,1557,1402
4046,20483.26825692639,19835.43186573723,40318.70012266362,4.911324129892935,7.553387633871716,0.05435943907268054,157714.30159956575,3374,4461,924,6146,1055,1558
4047,20741.47039088565,20246.26307013249,40987.73346101814,4.632959379172767,7.466177100694006,0.054379395166058705,160840.53737275337,5028,2850,881,5811,1038,1910
4048,21214.60446208769,19882.903424724544,41097.50788681224,4.719545897142247,7.532397099506271,0.054403709354644024,159376.01057671368,3152,3748,1859,5764,1118,1877
4049,21789.43445759656,22200.57833175263,43990.01278934919,4.908246323991051,8.129359803732687,0.05439908468118829,159039.32793393527,4276,3015,1468,6083,1089,1587
4050,21988.76980479008,25869.70355070315,47858.47335549323,5.07932547474855,8.550479166913995,0.05440350627295078,161596.24316003374,5034,2776,949,5983,1075,1701
4051,20622.232144455764,25253.30038606729,45875.53253052305,4.890460665472884,8.367934700948522,0.054403807353115015,160776.31790166633,2886,3721,2152,6289,699,1771
4052,19199.649503558718,21246.433470356227,40446.08297391495,4.491398690710458,8.330064749365118,0.054539406565289876,161905.86242599878,5234,2105,1420,5258,1521,1980
4053,19750.159353046936,25786.095411579,45536.25476462593,4.510912080516874,8.630978533726587,0.05440625925457585,160023.6787736783,3854,3535,1370,6368,1011,1380
4054,19904.154225486964,22363.554906441237,42267.709131928204,4.472779652916874,8.296900716174692,0.05446354016685442,161090.86657814585,3671,2393,2695,5847,1143,1769
4055,21980.390813723843,19992.65018134826,41973.04099507211,4.748781308622488,7.695961483053238,0.054396234302487134,160208.2419422581,5126,2630,1003,5675,1199,1885
4056,22342.017190552608,18658.9830919789,41001.0002825315,4.962769186038928,7.340513908652043,0.055064633600376195,159602.08001468936,4100,2901,1758,4798,2615,1346
4057,20393.573748147763,23568.087485235756,43961.66123338352,4.954884601040482,8.207513365139,0.054910840636499474,161111.7784247178,4735,2946,1078,5572,1890,1297
4058,20763.266845687423,23827.03101045757,44590.29785614499,4.89659181901168,8.40676094268219,0.05440851750629407,159997.50998155522,5379,2885,495,6248,1072,1439
4059,21261.157895654465,25185.74741543706,46446.90531109153,4.834551535303154,8.489831512695243,0.05443232797449501,158131.43712716078,2919,3737,2103,6344,1303,1112
4060,24165.952669102175,21756.77851874212,45922.7311878443,5.607143731240464,8.31166096818941,0.0543996640678504,159390.90924587802,6303,1753,703,6118,1178,1463
4061,23140.977007170335,23588.919311161175,46729.896318331506,5.620642759122989,8.121447433897844,0.055048385002877176,162744.11738130575,3805,4074,880,4256,2851,1652
4062,21919.82044336516,22632.596213566423,44552.416656931586,5.502483905411327,7.998265883958543,0.05536553763053928,164785.84380838144,4775,2726,1258,3932,3110,1717
4063,19290.75581610636,21876.62741991366,41167.38323602002,4.876481159397588,7.826565687733081,0.05482745286981627,163835.24159128848,4528,3395,836,4549,1930,2280
4064,21246.5507044482,18919.545420851886,40166.096125300086,4.973551470893092,7.567062889896388,0.05504287099668775,165422.36922656483,4851,2432,1476,4091,2259,2409
4065,22068.744750160356,24904.62846503662,46973.373215196974,5.02719045039637,8.276756640207386,0.05503262170612412,160940.2024778298,5610,1975,1174,5360,2341,1058
4066,25092.382791197193,23283.68092046193,48376.063711659124,5.667888044863091,8.180218295970478,0.054564068011178385,159532.7215408766,4578,2178,2003,5782,1994,983
4067,22528.243707717425,22463.220291344645,44991.46399906207,5.439099059097365,8.022976799303464,0.054979946658121344,162077.6241249428,5142,2452,1165,5183,2179,1397
4068,23459.19492204273,22783.981807450316,46243.17672949305,5.559230933342215,8.078457102787294,0.05556348117555869,163129.03490961663,4378,2752,1629,4196,3372,1191
4069,21158.52245911663,21799.195342440355,42957.71780155698,4.972567693403192,7.821145494316229,0.05491463821818344,160676.58999724739,4630,1785,2344,4851,2507,1401
4070,24641.89592161369,18332.138421828502,42974.034343442196,5.384485065940028,7.4034108621734465,0.05465379542733088,160734.06386377383,6741,1203,815,4588,2398,1773
4071,20809.135939608354,24556.75838501426,45365.89432462261,5.007934204535102,8.16799651406373,0.0544026907299413,161838.82720504288,4420,2901,1438,4659,2473,1627
4072,22698.30496655466,25531.66686545558,48229.97183201024,5.02250539483386,8.51229842274171,0.05435807633816213,157528.48788959873,4800,3145,814,6091,1446,1222
4073,24535.205367205057,23657.239213509827,48192.44458071489,5.350608198380396,8.106632372319972,0.05450521624076308,158964.80061039256,4765,2998,996,5798,1952,1009
4074,21086.342992994076,24152.909250336408,45239.252243330484,5.088755420679755,8.506449127347665,0.054442663210732295,161420.24435404336,4868,2889,1002,5586,1491,1682
4075,19671.06102356648,24975.888586455778,44646.94961002226,4.504831479793506,8.388936813767485,0.05439192873488768,159962.81622823628,3862,2974,1923,5857,1353,1549
4076,23078.817363526407,21716.52689617763,44795.34425970404,4.887209750847645,8.185719990393453,0.05506158763290585,160940.83478454186,4231,3069,1459,4827,2500,1432
4077,22278.34153186535,23207.398038382627,45485.73957024798,4.77894097313711,8.069772066269769,0.054899029114085424,159886.09423678924,3413,4083,1263,5989,1694,1076
4078,22517.929556859122,21482.747192275685,44000.67674913481,4.950099607546744,8.047001254246686,0.05510983442075019,161843.95276412414,5484,2319,956,5153,2592,1014
4079,23843.822437530824,21889.989802999065,45733.81224052989,5.061006303204282,7.909534489413712,0.05559194685816661,162435.43225835654,5479,1930,1350,4452,3462,845
4080,20430.28770051894,22567.91805238622,42998.20575290516,4.8987163503658175,7.8658700875479255,0.05490445412465407,163954.8169232163,5143,1876,1740,5599,1075,2085
4081,22416.21156508897,22052.037138965887,44468.24870405486,5.2917401827904795,8.21360826396558,0.05509528480818992,161642.00727093985,3961,3386,1412,5226,2239,1294
4082,24203.757328639585,22198.063858155612,46401.8211867952,5.558661253559679,7.905355758259231,0.05493620431949227,157304.70651411975,4232,1950,2577,6197,2029,533
4083,20682.487687919413,20837.430686565167,41519.91837448458,4.975407620484311,7.876572782095513,0.055042065407010315,162295.5184638358,4163,2111,2485,5004,2223,1532
4084,22157.616003427065,21994.40114357538,44152.01714700244,4.944720009378541,7.787116007052799,0.05560618937269327,165677.46824516327,4970,1792,1997,3711,3368,1680
4085,21471.15893561604,22101.323885049358,43572.4828206654,5.023062119125281,7.963181465418519,0.055440647648772295,164822.08388297245,4357,2984,1418,4571,2513,1675
4086,22755.990414358766,21711.297708170197,44467.28812252896,5.294988205938741,7.7171333831993385,0.05495889510242185,163431.16420617307,4416,2620,1723,5021,1881,1857
4087,17941.10872391484,21929.566257703696,39870.67498161853,4.727685877301851,8.016547771391114,0.05436863678278908,160614.69651256275,3558,4037,1164,5492,1226,2041
4088,20144.991685357152,19286.61163753881,39431.60332289596,4.461059738730161,7.5214137130182355,0.055098561990372545,162653.36875501226,5468,2552,739,5206,1765,1788
4089,21413.984941704442,18597.528333515278,40011.513275219724,4.656976156608218,7.343073234598498,0.054860169981819036,160457.79311406703,5492,920,2347,5011,2049,1699
4090,22772.941375811755,21447.4994857668,44220.44086157855,4.976494067296105,7.682659669016598,0.0544284252753938,158113.90848546565,4111,2539,2109,6035,1394,1330
4091,23289.475542926273,23248.487633972007,46537.96317689828,5.105474601684882,8.386504017781485,0.05439096330039391,157124.759240993,4381,3137,1241,6966,710,1083
4092,21554.989321617937,24551.14107848968,46106.13040010762,4.764270644756448,8.30989479488746,0.055052652362612024,160305.2558915897,5006,2936,817,5772,1880,1107
4093,23015.649484886566,25542.026281507446,48557.67576639401,4.935718943120329,8.523671150087177,0.05503570280345054,159493.12856135287,4081,2721,1957,5360,2344,1055
4094,20013.764014471195,27189.8756992185,47203.6397136897,4.464480401181573,8.955776135534945,0.054433180756714716,160498.37314822723,4642,2954,1163,5032,2178,1549
4095,23137.32244631535,24196.862769808187,47334.18521612354,4.794970438790147,8.59077598835165,0.05510541769181549,160490.48216374312,4779,2783,1197,4988,2646,1125
4096,22216.92132226565,22374.787931890427,44591.70925415608,4.7457776832831655,8.129841089531432,0.05553539999223677,162425.2604068593,4403,3264,1092,4741,2905,1113
4097,20946.333741362323,24626.59344711417,45572.92718847649,4.528645433883292,8.360050657050648,0.05489073509359933,159955.25068883854,2385,3659,2715,5353,2079,1327
4098,24702.84357358925,19381.960417350336,44084.80399093959,5.241360277967578,7.768084254186684,0.05511270575773979,161767.47079896723,6104,1668,987,4193,3070,1496
4099,23443.21591241739,21482.149575867796,44925.365488285184,4.874300309428753,7.781102857084405,0.05493507134221411,162408.1883447165,5232,2536,991,4957,2333,1469
4100,22432.339759940653,20882.68378456473,43315.023544505384,4.953092725537992,7.714706586858831,0.05500038403457356,163988.50784362253,5106,2038,1615,4391,2153,2215
4101,24984.115158616518,22173.324981218535,47157.44013983505,5.634924702970725,7.810547841055181,0.05498777812858544,161342.87705982165,4335,1987,2437,4390,3229,1140
4102,23181.970815562647,25195.91585662768,48377.886672190325,5.105117100695543,8.332632988485473,0.05502448488773262,162040.73025718294,4894,2498,1367,5400,2354,1005
4103,23128.907675764873,24221.61327165062,47350.5209474155,5.112791783602184,8.488972433144758,0.05554652487629064,163683.0124908384,3484,3517,1758,5196,2355,1208
4104,23728.748509426667,23372.1162862543,47100.864795680965,5.176935789813778,8.22705628758501,0.05498802049982239,161171.74546712075,5223,1529,2007,5705,1872,1182
4105,19977.7314809176,21795.76009007548,41773.49157099308,4.572581904548289,8.067998693341295,0.05444097595297653,162178.61139880223,4579,1609,2571,4531,2453,1775
4106,23649.045087328654,26232.13702345433,49881.18211078298,4.709703851843423,8.603448971306438,0.05443869495659801,158516.32546950388,3909,3168,1682,5386,2457,916
4107,22232.14323181793,23442.429444339352,45674.57267615728,4.738487035381972,8.17399436803973,0.05447894902673472,157990.41587997094,5207,3019,533,5560,2375,824
4108,23484.783660302655,19340.490648932533,42825.27430923519,4.991826069353821,7.697938244502945,0.05456426130998316,161824.96596362107,5774,1971,1014,3827,3306,1626
4109,22904.126714894726,22870.58375041848,45774.710465313205,4.867079610063192,7.814623057723166,0.05441886465054733,158599.4360938976,4841,3030,888,5075,2762,922
4110,23838.447954232466,22484.98162107177,46323.42957530424,4.595878712195334,8.073604464672481,0.0551025578559831,160666.84693954888,5482,2420,857,4916,2916,927
4111,22758.263088841573,24371.37233515152,47129.635423993095,4.674652957006479,8.257572245142246,0.05557851466612699,163334.31404476863,2373,4587,1799,4452,3343,964
4112,23497.780826011618,27139.4698114145,50637.250637426114,4.713568665683924,9.046116527188623,0.05484581578601815,157691.45287190314,2982,3744,2033,5887,2409,463
4113,25405.164838819113,23730.256228504037,49135.42106732315,5.363011090116861,8.548227027855589,0.05438013694385702,158294.8518385294,6762,1011,986,6034,1703,1022
4114,22989.043271560928,21611.591847988926,44600.63511954986,5.177999201969146,7.930268359582588,0.055057781484411546,162699.44743584856,6292,991,1476,3965,3425,1369
4115,25036.706475487088,21448.845246281406,46485.5517217685,5.37023343324423,7.652245663643983,0.05561466218552779,163709.7223642288,4753,1422,2584,2881,4948,930
4116,23216.532662285685,25263.46932194046,48480.001984226146,5.3217115422946595,8.353699993589759,0.05487224998980961,161125.64546523284,4440,2630,1689,4674,2628,1457
4117,26119.79649499938,22731.570849387448,48851.36734438683,5.656973338989043,7.925786252880379,0.05505434699242584,161713.01005679482,5602,1508,1649,4740,2900,1119
4118,23161.669556246663,21076.60214781769,44238.271704064355,5.288961873619961,7.797444039329608,0.05500256552577491,162961.11652595215,5531,1223,2005,4029,3084,1646
4119,20926.079100890118,23524.556419226592,44450.63552011671,4.98092846237214,8.270590970550067,0.05443736545514032,161717.26939755154,4529,2501,1729,4898,1989,1872
4120,21734.836829474705,22975.021842329937,44709.85867180464,4.68515407433062,8.051642968076655,0.05440796036033455,161355.44328624688,4730,2797,1232,5927,849,1983
4121,22394.798624191717,22879.45588064008,45274.2545048318,4.802928048199344,8.37253873541765,0.05506170523260486,162264.94386047343,5198,2726,835,4804,2412,1543
4122,22969.201580113866,24199.89924294952,47169.10082306339,4.638669868334576,8.4469540901326,0.054818225023914674,160340.97271112585,6244,1211,1304,5322,2054,1383
4123,21741.035115660143,25214.085746671964,46955.12086233211,4.367289269841685,8.67289007621866,0.054483334599428876,159276.92056141427,5304,2103,1352,6083,1356,1320
4124,22628.694298523522,27803.898058257157,50432.592356780675,4.550247749765768,9.201816165273573,0.05437817094372319,156879.29838822337,4899,3085,775,7363,800,596
4125,21539.969142433605,24277.32751231392,45817.29665474752,4.652603278080011,8.791534244780593,0.05447770121399776,160832.3255662777,4379,2213,2167,6235,950,1574
4126,21756.416166557192,24734.240547937865,46490.65671449505,4.826467962921514,8.704134828735535,0.054477022803450154,160882.93624688828,3513,2830,2416,6185,1182,1392
4127,21697.73331935171,22254.689153967756,43952.42247331947,4.915326461655613,8.279801370546172,0.05498936141913764,164792.27249718577,4772,2181,1806,5391,1557,1811
4128,22096.872613054016,24017.439123618347,46114.31173667236,5.08506138098437,8.539422746959675,0.055027753604777345,162749.67729642778,3774,3795,1190,5235,2059,1465
4129,23071.942357140033,23665.47993653355,46737.42229367358,5.179788463735763,8.474714238622836,0.05440489935690255,159596.28080953442,4546,1628,2585,5299,2372,1088
4130,24854.583895798623,21734.90596935736,46589.489865155985,5.417578482099731,7.89302312639453,0.05507969016962566,161464.21942250276,4969,441,3349,3704,4178,877
4131,21157.557979147692,26447.9120979622,47605.47007710989,5.157824090665978,8.838186897043492,0.05483658490921936,160782.55949497185,5082,2209,1468,5659,2323,777
4132,23793.905563893244,22913.042567449498,46706.94813134274,5.325774849114395,8.364418506598934,0.055031992923975655,159514.50517496644,4858,2373,1528,5886,1756,1117
4133,23287.891796220192,22838.94981420947,46126.84161042966,5.290375906549678,8.220217785281195,0.05497038492650257,161555.3882849632,4684,2557,1518,4712,2746,1301
4134,19080.215166492395,23088.20749825194,42168.422664744336,4.684000839499439,8.145410129525578,0.05438435394128781,162507.38896119932,3639,2885,2235,5065,1246,2448
4135,20478.2872936962,21419.90911168039,41898.19640537659,4.810702475372998,8.151524076015024,0.05450945256102802,158877.17956481324,5156,1220,2383,5469,1874,1416
4136,21041.50286986985,21822.85422647416,42864.357096344014,4.8913870278149725,7.8805901546317365,0.05490835909822218,162235.49209174034,4758,3393,608,4430,2665,1664
4137,25348.615256156114,21159.199697982604,46507.81495413872,5.313585191759342,7.6701789427776585,0.05492255537347642,158879.75594958017,4233,3724,802,5152,2473,1134
4138,23946.37703039418,22110.493248903833,46056.87027929801,5.499755573038508,8.208969186960314,0.05447633403173358,159717.57669476455,5319,2100,1340,5675,1727,1357
4139,23392.280533317193,23234.240971025236,46626.521504342425,5.280155768941492,8.161542064817931,0.05440017057584049,159618.7104805602,6115,1961,683,5862,1675,1222
4140,23220.09671542554,23474.65637565144,46694.753091076986,5.205292133936819,8.122313748717112,0.05437890882697851,158926.34728831,4877,2128,1754,5917,1765,1077
4141,23031.558402558923,21696.157333369596,44727.71573592852,5.189401352518745,8.005264754358695,0.05448048770853423,159619.6841146209,4453,1966,2340,5418,2271,1070
4142,20397.168534835855,22278.468854644434,42675.63738948029,4.823374197057168,8.100333816830284,0.054447110561882284,161508.618859731,5058,2051,1650,4524,2433,1802
4143,21018.10876927302,23441.977628905817,44460.08639817884,4.675572066581702,8.090572422549245,0.055131768027019905,160785.00489881166,3645,3789,1325,4824,2564,1371
4144,23476.872695916045,26762.333000312785,50239.20569622883,5.137917735643906,8.647724285927678,0.05513363189626697,158571.05404509165,5065,2305,1389,6351,1705,703
4145,22826.49714879993,20494.55435059247,43321.0514993924,4.938556503618982,7.757910995988589,0.05444934514442368,160190.7279887872,4572,3298,889,4773,2503,1483
4146,22455.404829109164,18943.110894930447,41398.51572403961,4.819179817390679,7.440709794514417,0.054434871449142594,159226.55206250426,5144,2268,1347,5011,2321,1427
4147,20595.067802594873,20947.97012847349,41543.037931068364,4.879639289278125,7.755544563853769,0.05504752816661901,162947.72141137786,5028,2204,1527,4644,2181,1934
4148,22131.020009101412,21212.725127868332,43343.745136969745,5.240781423343573,7.487461371391976,0.055626824618144055,165339.41010083136,4742,2248,1769,5061,2143,1555
4149,22788.52461584991,20018.092859068005,42806.61747491792,5.53528613658899,7.621807363814486,0.05500231168150385,162090.71005881653,5137,959,2663,4781,2341,1637
4150,20483.472828605823,23289.3165573496,43772.789385955424,5.399765974642211,8.073121112544165,0.054418274595214866,162896.203709251,4481,2485,1793,5185,1508,2066
4151,23243.857839468623,22879.87529095579,46123.733130424414,5.353911439502864,7.935987943803107,0.05514318995466145,162063.5360786875,3452,2503,2804,4028,3545,1186
4152,25597.75580988806,24164.7203768393,49762.47618672736,5.646348945650326,8.19738883995244,0.05490896492459989,158763.3264450501,5804,1673,1282,4922,3301,536
4153,22275.239500040985,23679.682811693594,45954.92231173458,5.104117183149849,8.094570414985656,0.05445797084278942,160845.4441016475,4844,2702,1213,5571,1696,1492
4154,23449.936374208162,23559.805308971703,47009.74168317986,5.196329181032581,8.194359130650243,0.054483602666391476,158505.9362508951,4580,1556,2623,5744,1949,1066
4155,23220.483112265138,25021.838405950195,48242.321518215336,5.242373911514837,8.6495950520423,0.05441893959098317,158183.2440948987,3760,2562,2437,5549,2622,588
4156,25324.45397294325,24204.046682291737,49528.50065523499,5.033864521248975,8.47586260269069,0.05447036420051868,157824.1846070009,6152,1713,894,5260,2911,588
4157,22318.468072664473,23580.169576801778,45898.637649466255,4.661730539453115,8.266785838029561,0.054496391727297394,160187.56534339229,4675,2819,1265,5062,2388,1309
4158,21540.772875107825,22825.869787850574,44366.6426629584,4.577132208378129,8.35475553702286,0.0545181866227564,162756.25277624748,5020,2653,1086,5191,1813,1755
4159,25309.668800010255,21578.924786146927,46888.59358615718,5.3529007369228845,7.874679202754065,0.055157305036866104,161172.95680981013,6140,1930,689,5042,2756,961
4160,21681.317910098925,22694.453808747756,44375.77171884668,4.99599090232948,8.023322754838079,0.05493617461480251,162779.70174099962,4003,3217,1539,4924,2227,1608
4161,25636.537511013645,20485.983797886376,46122.52130890002,5.744196295772406,7.890419349916284,0.054484475309919005,159565.31066925454,5876,1855,1028,4589,2800,1370
4162,23927.858581357665,23574.95650603739,47502.81508739505,5.578850740578656,8.07058008200403,0.055059270986186425,161845.7315561531,4945,1941,1873,4588,2645,1526
4163,23655.705850357717,21861.304911774503,45517.010762132224,5.69841173750347,7.895966338775597,0.05492022250799634,161688.74517442248,3559,2755,2445,4329,2863,1567
4164,24292.148328177766,21130.01475224939,45422.163080427155,5.635867218744993,7.915737029421296,0.05507156144618934,160823.75304749218,5544,1951,1264,4715,2861,1183
4165,22404.037981645437,20988.42332504703,43392.461306692465,5.217397122233955,7.598513771848619,0.055685445983917406,164562.5813918495,5955,1906,898,3245,4070,1444
4166,20684.106031969604,21794.39299706636,42478.499029035964,4.677624312896536,7.539902049390986,0.05497609412689725,163315.18274021934,3433,3702,1624,4222,3132,1405
4167,20745.544159217734,20169.902500759017,40915.44665997675,4.455978223454698,7.7010625182963945,0.054408120446150475,163635.05637710966,4624,2715,1420,4894,1419,2446
4168,22771.37650163246,22347.00986757102,45118.38636920348,4.973788519060271,7.755682799263279,0.05450926590641836,161303.86810848268,4555,3117,1087,4842,2064,1853
4169,25282.110247703393,24559.61429481705,49841.724542520446,5.194817226460817,8.149036871396824,0.054473707815561254,159535.63856194075,4923,2942,894,5689,2178,892
4170,22871.31191773046,24913.52965350699,47784.841571237455,5.111019164376896,8.369731676494272,0.05504879258721457,160724.8250136661,4256,2870,1633,4580,3214,965
4171,23170.8974897951,23049.953500740296,46220.8509905354,5.052647263629013,8.070593042710168,0.055466365985928696,162654.54506335966,3791,4159,809,4997,2647,1115
4172,24470.458256920294,22322.905373872225,46793.36363079252,5.510838982768749,7.902245026468595,0.05552214003640556,162474.0821748373,4014,2651,2094,4745,3124,890
4173,21191.880698456513,23346.497933490704,44538.37863194721,4.811751093113367,7.972034318218167,0.05498334634039737,160908.56999309806,5028,3212,519,5026,2638,1095
4174,23139.531197887656,19024.530485993153,42164.061683880806,5.046170700878664,7.508704817397451,0.055034901085205847,163509.03426517465,6464,1359,936,4572,2304,1883
4175,21691.274362191754,24263.250304563528,45954.524666755286,4.9098313326317005,8.138038428749898,0.0548783386371884,159090.80295804332,4765,2437,1557,6364,1383,1012
4176,20812.573644500684,20847.473486980394,41660.04713148108,4.477559154841822,7.813609807363457,0.05450506666706113,160441.093276078,4884,2698,1177,6266,808,1685
4177,23187.69430626809,19794.358855146864,42982.05316141495,4.794403536340604,7.694042316144106,0.05503605022469156,162294.32194550423,4612,2795,1352,4839,2178,1742
4178,19674.167376561225,23523.448186024605,43197.61556258583,4.1261169831063285,7.898693936010268,0.05500014988768266,163311.97101749518,3572,2343,2844,5415,1469,1875
4179,23216.778729633126,21291.413340045397,44508.192069678524,5.167306613620124,8.076236518466501,0.05450348948780192,161352.26923941448,6300,1178,1281,4812,2046,1901
4180,25060.831132305033,21330.123502209364,46390.9546345144,5.52155158036058,7.5395288139645835,0.05448541127870828,158801.07464218646,5568,1993,1198,5640,1952,1167
4181,24398.072736008857,17769.45586041687,42167.52859642573,5.445626895091213,7.166298403019366,0.054424008659895634,158928.1489316501,6620,1110,1029,5736,1230,1793
4182,23497.628042927787,20800.234258267763,44297.86230119555,5.405825656199347,7.356867415705727,0.05447562692224791,159258.59464215653,5200,1645,1914,5112,1955,1692
4183,23571.85552643785,22406.153507106486,45978.00903354434,5.689278759436285,7.764195450890086,0.05526073700970498,160143.59098712704,4865,2752,1142,5169,2298,1292
4184,24796.08721139386,22937.125664178413,47733.21287557227,5.810087876534186,7.8681378376912905,0.05505306651318596,159126.63125736077,4456,3178,1125,6095,1733,931
4185,22377.279804043344,23961.313732078503,46338.59353612184,5.164351829450003,8.051702632581119,0.05515725835625665,162270.83190567477,5299,2502,958,5234,2483,1042
4186,23826.302114793034,21960.5819575018,45786.88407229484,5.364345443751955,7.735064559995013,0.055556233195684236,162628.6666591429,4339,3570,850,4883,2930,946
4187,21364.63236681956,20496.62524791822,41861.25761473778,5.214238565085065,7.564460579117547,0.054725064533802784,161490.02719690037,5318,1497,1944,5528,1530,1701
4188,19229.07517053331,22639.249007768667,41868.32417830198,4.723965579814039,8.1930391124386,0.05439207277009266,160755.08543103695,3828,3281,1650,6024,778,1957
4189,24093.006865029678,22557.711066018546,46650.717931048224,5.3222039811378,7.858234232893525,0.05501252150474387,160257.3358002578,6029,1678,1052,5313,2409,1037
4190,23156.423412253767,23140.61839038827,46297.04180264204,5.21807732840788,8.292617862790125,0.0548992605236774,160521.30410868392,4623,2684,1452,5321,2231,1207
4191,23846.76585404283,24093.36501539762,47940.13086944045,5.329691301076828,8.167209076903989,0.05435009434129435,157682.8139801681,4753,2177,1829,6092,1645,1022
4192,21893.33847762011,20384.0506463211,42277.389123941204,5.248369304936586,7.892084851818491,0.05505965464771895,161603.53567547468,5609,1936,1214,4936,2144,1679
4193,23761.294873913776,21674.390449170445,45435.685323084224,5.222286847914675,7.615934588646072,0.055523817846042114,162138.2029226665,3085,4573,1101,5278,2441,1040
4194,24007.117901506586,18742.708144468725,42749.82604597531,5.6852793050178665,7.302116041768196,0.054773863371700975,160057.0866400185,4988,1718,2053,5854,1172,1733
4195,20963.908046094923,18775.542402402592,39739.45044849752,5.026107776184068,7.181182279049627,0.05502943972141943,163356.16676434994,5411,2443,905,4630,2153,1976
4196,19902.25031599643,18162.727675560916,38064.977991557345,4.711974192620863,7.300190265316035,0.054872259508040665,161922.03933915898,4409,3375,975,4291,2222,2246
4197,20873.282800415112,20641.68690722605,41514.96970764116,4.618356788503607,7.436001133235389,0.05440536972221726,160310.16300271903,4097,2451,2211,5297,1610,1852
4198,22420.993936697487,23573.136812583238,45994.130749280725,4.866358063784108,8.239039794320187,0.05443071458095774,159181.05429638267,3494,2937,2328,5596,1595,1568
4199,24266.96738945992,22378.68780224135,46645.65519170127,5.1767738104967,7.726422855404027,0.05505254938614334,162204.19952175196,5094,1601,2064,5066,2378,1315
4200,22924.64636149361,20201.08605377686,43125.73241527047,4.771761948766529,7.5487528646666044,0.05502360872759759,162805.76806938948,5043,921,2795,4624,2609,1526
4201,23518.0816306808,23422.613804763798,46940.6954354446,4.608798750769675,7.917503856924633,0.055120090428244346,161683.70192633095,2968,5398,393,4001,3405,1353
4202,24306.5473605184,21826.477736050532,46133.025096568934,4.865187004526093,7.731394773484271,0.05503679397772225,161762.8098426835,4215,2753,1791,4851,2606,1302
4203,22600.812695580098,22052.197158865125,44653.00985444522,4.7746396169763505,7.652340060883513,0.05439634427046839,161598.31065436907,4628,3441,690,4842,2307,1610
4204,22611.68762072516,20073.731284770023,42685.418905495186,4.676189122862171,7.570611167192553,0.05504923508427267,162115.41775602414,4794,2553,1412,4497,2772,1490
4205,22451.452143425024,22625.962164868048,45077.41430829307,4.995081362423296,7.7451339229342455,0.055033363179202335,162483.5194911699,5743,2222,794,4756,2432,1571
4206,24955.67086668349,23156.382296144584,48112.05316282807,5.4946242892828385,8.01121433634168,0.0545005092585094,159293.6139741427,6320,1350,1089,6047,1394,1318
4207,20697.06344645344,22799.058294592727,43496.12174104617,5.238248910775367,8.005778326337042,0.05450773782993448,160939.75887791213,4961,2889,909,5820,1108,1831
4208,22207.28689900588,23490.79421728244,45698.08111628832,4.9488765498017315,8.051333618660122,0.05498561195218081,160940.32210476292,4418,1534,2807,5887,1653,1219
4209,24135.064090504336,21906.659038636462,46041.723129140795,5.299889454135308,7.764168512859553,0.05555644975716806,162367.84891603774,5737,1864,1158,4346,3395,1018
4210,22761.97030383824,22439.867593505027,45201.83789734327,5.320027789581146,8.091701730967568,0.054950217458117005,163038.07738377273,4713,2863,1183,4700,2356,1703
4211,22348.35252362792,26586.074794044533,48934.42731767245,5.381802967557957,8.62135428708453,0.05439675253814085,158991.11392832958,4127,3872,760,6601,901,1257
4212,24312.764929254015,21586.252537175937,45899.017466429956,5.395579066566327,7.827060221549422,0.05500605888564181,161679.00482964815,6736,1660,363,4525,2955,1279
4213,26048.323136216157,21046.93614822598,47095.25928444214,5.382084499547491,7.643771775108253,0.055538890464065654,162553.1741366515,4376,2095,2288,4096,3713,950
4214,23911.44463245133,19969.648049169835,43881.092681621165,5.482783101148257,7.372576658305676,0.05490942254659308,161752.41269405565,5482,1898,1379,5347,1731,1681
4215,23139.02649182396,19460.251214905857,42599.277706729816,5.6208904019983885,7.334732532594309,0.05442595609203864,158431.1954261928,4555,1042,3162,6511,787,1461
4216,22851.473999230773,19694.046306661494,42545.52030589226,5.158950105982342,7.322149903673743,0.05505706668910306,162472.4940178805,5994,1920,845,4621,2261,1877
4217,20955.14828471094,23180.777525636204,44135.925810347144,4.729959212463055,7.670898514596882,0.054923484078388075,161862.27000645507,4551,3546,662,5129,1918,1712
4218,19634.460495071045,21790.45854781565,41424.9190428867,4.632249300146766,8.0444511296809,0.05442313434295228,162134.7777390739,5627,2079,1053,6102,679,1978
4219,23323.768430015993,23411.733923049575,46735.50235306557,5.196039399455671,7.830893817214082,0.0550508077364852,161711.60757910783,4692,2279,1788,5436,2126,1197
4220,23578.564872455718,23618.66218542339,47197.22705787911,5.187497695100234,8.073900850576399,0.05494788273085587,160278.46682056718,5361,2154,1244,5118,2367,1274
4221,24017.56353054107,23493.849610751284,47511.41314129235,5.309495769005855,8.082435874742334,0.054578107258436155,157575.83555640827,4825,2174,1760,6319,1496,944
4222,25161.27534394348,22470.890122141373,47632.16546608485,5.317517327133409,7.886310564134898,0.05506072403603027,160568.57683319875,6008,833,1918,5005,2694,1060
4223,23828.371897798745,23151.071768315553,46979.4436661143,5.361018538822374,7.90758576200719,0.05556786901003841,164433.66736590743,3481,3540,1738,3882,3667,1210
4224,21851.302859281168,23769.663676618475,45620.96653589964,5.090629700809429,8.116501544105157,0.05490274359229345,160514.25335434632,3641,3435,1683,5228,2482,1049
4225,23007.16372829993,21609.25428047901,44616.41800877894,5.25957571607084,7.9521190276098705,0.05513443203367526,164067.071537143,5276,2943,540,3968,2973,1818
4226,23244.960553785568,21501.542090305633,44746.502644091204,5.028871615619294,7.786447818513586,0.05563779583414382,163831.66096115604,4453,2577,1729,3926,3329,1504
4227,21533.090367259538,22631.224513280133,44164.31488053967,4.583783655051283,7.959755977740744,0.05549502215559696,162206.57206754186,5536,2604,619,4273,3278,1208
4228,24641.63101073237,23348.19535172258,47989.82636245495,4.751606997256997,7.9797291639362715,0.055527837024453686,162235.2784852235,5786,1941,1032,4665,2799,1295
4229,24442.970369678984,22179.821397157688,46622.79176683667,5.329375831167971,7.964521208719833,0.054846457394272144,159912.0734462943,6303,1365,1091,5706,1758,1295
4230,24154.274746266554,21377.993179711164,45532.26792597772,5.316228799368858,7.704765422010449,0.054582229207462696,161104.0367391639,5846,1835,1078,5077,1956,1726
4231,22841.96384346959,21298.91863415664,44140.88247762623,5.2120713165919765,7.567590777113113,0.055067318440746894,163371.78161778915,4322,2778,1659,4303,2820,1636
4232,25586.321756463294,19917.29961292303,45503.621369386325,5.4825413830102825,7.214231428373729,0.055601860168157116,163887.61082904376,4398,1714,2647,3509,4144,1106
4233,20538.592447028434,20797.98043542686,41336.57288245529,4.883501276122481,7.418384209219897,0.05550373968895401,165325.43671488832,3394,4161,1204,3287,3519,1953
4234,21369.130983417333,24617.72680191293,45986.85778533026,4.798940263044046,7.993088644806643,0.055001500029580756,162428.42354129947,3925,4236,598,4896,2284,1579
4235,24867.601581993873,23384.677712294215,48252.27929428809,5.528519905379116,8.148952826866367,0.05445716168932341,159361.32407020123,5020,1853,1886,4756,2671,1332
4236,26024.108189802566,22282.648517749545,48306.75670755211,6.068387145112517,7.686907056896763,0.054566862710625975,160089.22901748162,6148,1640,971,4684,2867,1208
4237,22169.54243726495,24137.828897127198,46307.37133439215,5.740989354373003,8.137714393228668,0.055084182083541225,161801.79146412466,3335,3786,1638,4296,3036,1427
4238,23829.370851949254,22408.357359131136,46237.72821108039,5.765280268359053,7.808909347054631,0.055549465202274106,162717.73435298383,5853,2091,815,4894,2881,984
4239,23968.969166783452,21356.122496999968,45325.091663783416,5.908172058122721,7.690272234646274,0.05564002394487436,162722.8561183925,4474,1695,2590,4409,3467,883
4240,24102.308432507885,22511.38675508171,46613.69518758959,5.904412494166896,7.727396673585668,0.0548809976679525,157881.1775154785,4757,1921,2081,6058,2234,467
4241,22590.504828475212,21233.560983020245,43824.06581149546,5.6496736155618015,7.837117486413908,0.054493003360117656,161075.11033088414,6182,2249,328,5892,1424,1443
4242,23000.748333633983,21984.601492355447,44985.349825989426,5.281030981108199,7.725367300470832,0.05509460055808765,162747.97873639897,6176,1560,1023,4409,3006,1344
4243,21684.250514765114,24538.85507702236,46223.10559178748,4.847543745205259,8.032287961724439,0.05487360838479256,159868.05697768964,4744,3331,684,5979,1768,1012
4244,21803.567642086546,22180.414277348384,43983.981919434926,4.607487542373864,8.028287844543256,0.05504851484597094,160462.7387293433,3430,3176,2153,4983,2660,1116
4245,22815.667817213813,21834.98343642977,44650.651253643584,4.892733191736439,7.874652493797983,0.05541226330522677,164462.648682899,5041,2162,1556,4483,2809,1467
4246,23850.00821800863,22787.057110207494,46637.06532821612,5.170307766971675,8.005912362056534,0.05504806997198994,162546.67734175746,5752,2524,483,4964,2533,1262
4247,22576.939772836362,22060.719378196805,44637.659151033164,5.049205524359354,7.7945425712614735,0.05436406288921677,159671.6808939885,5699,2284,776,6267,760,1732
4248,23625.786771943443,20465.44198821745,44091.2287601609,5.050284759024094,7.633488394914405,0.05501458140336539,161621.3784335851,5850,2140,769,4351,3005,1403
4249,22158.612155720322,23470.646220091727,45629.258375812045,4.95350171567087,7.961527838466096,0.05488729029065546,161361.26816345606,4441,3604,714,4914,2614,1231
4250,20235.35409396066,22768.436379054416,43003.79047301508,4.346975795690491,8.257673837523251,0.05441719941433456,160058.69004575134,5123,3233,403,6227,1097,1435
4251,22412.54273292701,22462.69108539479,44875.233818321794,4.604809933186232,7.874274737950728,0.05435901033502713,160016.61244483537,5229,2382,1148,5713,1299,1747
4252,22699.19374477537,20685.733931127237,43384.92767590261,4.8606960380234865,7.7935125897534805,0.05438665030532952,158737.8233864151,4545,2341,1873,5473,1715,1571
4253,22490.445636101205,21361.910110863715,43852.355746964924,5.08110192252448,8.047067596437923,0.05443106569286144,160296.72352261157,5630,2619,510,5794,1344,1621
4254,24860.959393150715,22675.827212554726,47536.78660570544,5.445352217851468,8.026969733469581,0.054403705765341884,159484.5046422317,6650,1579,530,6019,1228,1512
4255,21817.01567660142,23467.054892905857,45284.070569507276,5.034190861120538,7.964555380408222,0.05511532062515769,161156.85530920269,4423,3683,653,5067,2448,1244
4256,23508.390035925495,25062.593900706914,48570.98393663241,5.235958055049231,8.520574323688855,0.05490257971315206,160228.0249518036,3802,3485,1472,6028,1645,1086
4257,19712.101675920636,23069.561397364418,42781.66307328505,4.9055441301386296,8.075201100660017,0.054378243797203164,161584.49488661406,4606,2724,1429,5851,660,2248
4258,22644.849719507896,23531.50258303344,46176.35230254134,5.265186270378941,8.436174955503724,0.055046080239839715,160229.86309766024,4240,3443,1076,4704,2603,1452
4259,22172.52669211046,22469.7038003561,44642.23049246656,5.294637503901464,7.939049309437024,0.05494221165544065,159122.9905009195,4498,2503,1758,6085,1428,1246
4260,21047.901190608824,18594.772458082476,39642.6736486913,4.849665649031074,7.443893725618718,0.055028660950008176,162445.24858957258,4228,1657,2874,4421,2413,1925
4261,24948.118899637186,18379.40714404564,43327.526043682825,5.173765124159687,6.797395081248767,0.05575391958738082,163708.07258584083,4975,2791,993,3295,3937,1527
4262,23778.78427926704,17543.427307972564,41322.21158723961,5.171353418187449,6.738973981964384,0.05561023945562505,162240.16366441757,5469,2248,1042,4410,2895,1454
4263,24446.18571773761,20341.24432527387,44787.43004301148,5.059815905575476,6.98136144103132,0.05501154552104706,159362.8997518843,5149,2649,961,5327,2200,1232
4264,21324.886426836296,21052.346380045576,42377.232806881875,5.027754831418628,7.225179582145607,0.05442021216773601,161326.25674160555,5068,1733,1958,4908,1804,2047
4265,19300.836462645824,21297.8356942492,40598.67215689502,4.70203642050643,7.306372860588764,0.05442535927902297,161945.3433912604,4828,3111,820,4537,2153,2069
4266,17351.907213404407,18802.775866638138,36154.683080042545,4.338670576692735,7.338000270499798,0.054583673583074685,164881.96859467635,3665,2900,2194,4297,1514,2948
4267,23006.88950158108,21369.997690799333,44376.88719238041,5.116629931897955,7.531115133702623,0.05503824223473013,163231.44750924796,4766,2600,1393,4897,2094,1768
4268,24436.518067648518,20676.760244099492,45113.278311748014,5.379878375070691,7.15112333336174,0.05502143427649912,162472.46839790503,6114,1606,1039,4126,2895,1738
4269,23021.629151882385,21496.11502214716,44517.74417402955,5.136086667535063,7.307665537930157,0.054886057969599424,161474.42771028113,4959,1850,1950,4401,2953,1405
4270,23036.439104782337,21568.16764257555,44604.60674735789,5.29673668978428,7.7468615578110285,0.05441678939112941,159751.1783099955,3572,4068,1119,5267,1909,1583
4271,25750.39452582209,22157.051803055863,47907.44632887795,5.46134756957731,7.369834974230776,0.05505158676535512,160674.05722832924,5186,1815,1758,5006,2807,946
4272,23790.182766095942,21215.142292682896,45005.325058778835,5.172121601466341,7.377254372799774,0.05503327683090374,163904.99587541327,5841,1807,1111,3224,3893,1642
4273,23889.30729149423,25456.299868607428,49345.60716010166,5.292897282959589,8.265955176272278,0.05439761659274232,158670.42069159946,3281,3221,2257,5738,1984,1037
4274,26809.0621662679,22787.432532935785,49596.494699203686,5.365623952334567,7.78568630902686,0.05500476081342627,159561.80930313095,5776,2209,774,5623,2217,919
4275,24413.677066887885,22224.14865715513,46637.82572404301,5.285308088842164,7.946312183779063,0.0549142749022032,160764.48928870415,5280,2255,1224,5157,2284,1318
4276,24085.456940468237,21543.487050896212,45628.943991364446,5.025767463550692,7.538273381356446,0.055042359449824774,162263.6020189326,5307,1528,1924,4717,2644,1398
4277,26583.897125472744,21072.454255431006,47656.351380903754,5.232710608820497,7.530795300508711,0.05558439864337195,161991.005360216,4747,2722,1290,4268,3624,867
4278,24699.477397256287,20168.925124467118,44868.4025217234,5.3326539169013465,7.0691105592487045,0.054915559153534126,159069.54919791108,4665,1160,2934,4991,2843,925
4279,23214.068141424537,16030.934088491797,39245.00222991633,4.920089260286091,6.423823620215252,0.055112160340121584,162571.33409753407,5762,1843,1154,3087,3978,1694
4280,22299.386970970078,18332.588442942622,40631.9754139127,4.462429061121721,6.772592884184411,0.05558237984058074,163453.38788552725,5093,2135,1531,4122,2961,1676
4281,20701.655226756615,23414.823548396966,44116.47877515358,4.0158534030404285,7.531524690446346,0.05498954475601243,162183.75328001575,2919,4383,1457,4655,2605,1499
4282,25469.297870939827,23160.349920146822,48629.64779108665,4.430323049003518,7.396228193953648,0.05503431497811988,159835.06922050414,4480,1864,2415,5147,2628,984
4283,23253.319377745043,22256.514825409522,45509.83420315456,4.360479398691373,7.3924590849346,0.05568604151696992,162570.52221440393,4729,2458,1572,3522,4316,921
4284,24278.907464683125,23301.07477404129,47579.98223872442,4.745016553641118,7.658193472936924,0.05487205502471661,161255.51120132094,5601,1403,1755,4455,2966,1338
4285,22987.834228485965,23154.53819664125,46142.372425127214,4.646347644669745,7.618817186881548,0.055014711467621935,159602.94218302032,5224,2426,1109,5258,2607,894
4286,22261.987315396596,26533.132298937595,48795.119614334195,4.269014168008512,8.233132064661959,0.054975264545567025,159049.64791497425,4204,3997,558,6209,1807,743
4287,20715.644382042974,24125.550969558415,44841.19535160139,4.134482936555129,8.421449742199165,0.05438335908092651,159177.413163676,3943,4027,789,5911,1478,1370
4288,25865.23361042437,22007.02345103003,47872.257061454395,4.663029465568495,7.7832189816430315,0.055060496313171337,160677.50209455576,6464,1070,1225,4776,2938,1045
4289,22884.314149707137,21251.692052438015,44136.00620214515,4.586623536049181,7.610563442156492,0.055489720771910424,163376.03310510857,3826,2421,2512,4166,2884,1709
4290,22733.422473438743,24320.731268163403,47054.153741602146,5.050798159770938,7.8333996153845495,0.05496979669850951,158792.39083943167,3905,2379,2475,5917,1750,1092
4291,21940.73832564941,20209.096023590213,42149.83434923962,4.953308839383296,7.58966004551103,0.055029579437178164,163994.15982078385,4797,2227,1735,5233,1634,1892
4292,23672.44356674266,20389.733581893033,44062.17714863569,5.291152755620543,7.326077087335272,0.05494105238785883,161100.61513249238,5777,1710,1272,5743,1734,1282
4293,24640.522845460648,18572.313094178342,43212.835939638986,5.607990467419798,7.045374532142189,0.0544232869145903,158219.2916863931,4742,1917,2100,5956,1435,1368
4294,22172.969256616005,18808.31895837667,40981.28821499267,5.3008356609810665,7.008018996553396,0.05496306418944315,162972.00480935702,4337,2018,2404,4438,2270,2051
4295,24300.604204778472,24275.90631943,48576.51052420847,5.3842276247402925,7.936994085258022,0.05488773218836925,161646.10306451577,4318,3416,1025,5116,2239,1404
4296,23859.01343367241,23180.943325900706,47039.95675957312,5.241828477435218,7.641130394163775,0.055074664458859925,162892.72235933266,4822,2202,1735,4995,2105,1659
4297,21522.06349951473,22894.337600805196,44416.40110031993,4.9303237397540975,7.591044719226889,0.05493316627086178,163549.8645977586,5121,2617,1021,4727,1795,2237
4298,23528.947775293578,17686.90230036888,41215.850075662456,5.2715134044332865,7.064070918698333,0.0543667727617149,161143.30549029808,5044,2250,1465,5154,1289,2316
4299,20723.337487217854,19324.22098237214,40047.55846958999,4.894664153039435,7.2810267434091,0.054410051894522464,160507.722228709,6011,1219,1529,5673,1093,1993
4300,24955.59817729829,23146.37962671409,48101.97780401238,4.938469829334883,7.515667173277206,0.05505486322858399,160327.28283658915,4983,2666,1110,5730,1994,1035
4301,25222.520708441774,21336.02634627598,46558.547054717754,5.143674593517525,7.229094843310408,0.055570175377911285,161552.4670719645,5274,2644,841,4849,3119,791
4302,22573.66693293953,19708.01393062259,42281.68086356212,4.852640571998301,7.222848576338539,0.055594182762114065,163738.3764399613,6034,2015,710,4153,3116,1490
4303,19750.430008983567,22778.49475276448,42528.92476174804,4.395594756539549,7.436310737071876,0.054903854336010256,163484.80993380782,3641,3207,1911,4916,1528,2315
4304,23646.096060628835,19148.77141144996,42794.8674720788,5.232615249180695,7.213706499757825,0.0543706188098241,158004.78587874418,4421,3566,772,5185,1740,1834
4305,24027.931391303442,21126.466843081136,45154.39823438458,5.14214603556077,7.429837901465398,0.05507716761557554,159833.9109751492,5556,1663,1540,4731,2895,1133
4306,26370.895896311034,21968.237008025266,48339.1329043363,5.4981606167678185,7.426128069468061,0.055540158448789456,162438.36102564863,4523,2946,1290,4508,3282,969
4307,23198.56118124721,19714.98759750053,42913.54877874774,5.400168568724929,7.072866443279613,0.054998169760473906,162295.17461364454,5922,1609,1228,5001,2194,1564
4308,20888.982533186056,21373.75773764964,42262.7402708357,4.847209342421095,7.664481885836243,0.05451427080529995,160818.97122664173,5058,1383,2318,5572,1247,1940
4309,20341.384120195886,24133.768196676334,44475.15231687222,4.126150250043377,7.736914779122741,0.054387868715236466,160494.62145950124,3731,2413,2615,6327,748,1684
4310,22952.7047712177,20171.364531325777,43124.069302543474,4.360100396087532,7.588823819599198,0.05444997759225346,159758.2528510364,4221,2908,1630,5242,1950,1567
4311,23177.76602675664,18829.64789727914,42007.413924035776,4.50504914189368,7.21620661345764,0.05505637309585079,162884.1311154661,6161,1498,1100,3553,3595,1611
4312,23369.98608463409,22744.258300001235,46114.24438463533,4.528958371788049,7.4448535469611725,0.05494822498879999,159960.7202890104,4126,2935,1698,5338,2592,829
4313,23901.86464449471,20174.836524645194,44076.70116913991,4.846915351891246,7.384821705168347,0.05506119857913337,161126.4444783143,5449,2432,878,5103,2316,1340
4314,24238.066863435968,24784.831749874418,49022.89861331039,5.065236747612873,7.866064961657323,0.054999444688257564,159780.28114844923,5565,1859,1335,5442,2570,747
4315,21657.580709395133,23791.73267975351,45449.31338914864,4.634591561062136,7.930084487115131,0.05499557785957364,162030.72018242662,2954,4366,1439,4891,2571,1297
4316,20927.09618887717,26278.418238695453,47205.51442757262,4.732017751268361,8.37524847190703,0.054952359978186024,158286.30722234712,5739,2411,609,5348,2511,900
4317,22746.568505840558,23059.28203921968,45805.85054506024,5.07765584191423,8.09074434664211,0.05451681154775213,160070.20664123612,3785,3937,1037,4927,2506,1326
4318,19801.33124346978,23296.07393320629,43097.40517667607,4.645409575584376,7.872620519892629,0.054368122772466256,161216.9245505659,5592,2333,834,5649,1584,1526
4319,24875.82423957707,18461.769783651875,43337.59402322894,5.135671489188655,7.249854671318551,0.05510524825462499,162279.46627178547,6158,1507,1094,4809,2217,1733
4320,22935.13269149333,18825.454714887557,41760.58740638089,5.284441046536691,7.108634904993168,0.05488621792598091,163731.62627830773,4016,2570,2173,4339,2104,2316
4321,22416.014298058788,22198.024199935968,44614.038497994756,5.1962181398577645,7.642644961045047,0.054638189971051514,158626.86515858097,4779,2731,1249,5472,1755,1532
4322,25028.591118655968,21517.831609077686,46546.422727733654,5.3140347397787036,7.549788450187446,0.055203969971096306,162411.61092370457,4918,3220,621,4279,3247,1233
4323,24247.198944057265,18967.462421709417,43214.66136576668,5.113513002163777,7.000987625788194,0.05498332292735814,162151.9651397566,6939,589,1231,3726,3439,1594
4324,23024.31722497149,19567.716856394753,42592.03408136625,5.068580870208613,7.1736459990302,0.054493085608933935,161835.98884351857,4958,2716,1085,4344,2571,1844
4325,20766.583513648937,23367.99586594632,44134.579379595256,4.492711624283808,7.428568198693279,0.05438045291256494,162722.13642891718,3938,3570,1251,4949,1812,1998
4326,23243.811001062793,18590.286487623267,41834.097488686064,4.781762001433523,6.959118873035744,0.05450415871527866,161047.34786446995,4948,2512,1299,4647,2191,1921
4327,21194.63407398859,21118.120460074293,42312.754534062886,4.6263877152458015,7.433483851400966,0.054491027367063405,162774.48963436723,4179,2694,1886,5079,1556,2124
4328,21844.574242188028,22944.211520782734,44788.78576297076,5.096016544883406,7.689824033683866,0.05438488859773971,163460.6614288958,4134,2213,2412,4887,1365,2507
4329,20985.33651065974,22115.23861018294,43100.57512084268,4.740740945569826,7.403088294697006,0.05437096589280154,160938.82468032787,4728,1714,2317,5682,1146,1931
4330,20446.82456221869,21350.06966999491,41796.8942322136,4.1724174837749235,7.495085569287663,0.05454165587995571,160935.2774612705,4568,2282,1909,4391,2369,1999
4331,20979.149702242164,21641.187615657404,42620.33731789957,4.2687602485836535,7.563835586095481,0.054412374828263894,159112.7446629284,4189,3480,1090,5492,1632,1635
4332,25955.412785338172,21479.128050453106,47434.54083579128,5.124790340816955,7.611526319168047,0.05503617276821332,160406.10780021333,5095,2305,1359,5209,2335,1215
4333,26409.30406167831,21471.362955471264,47880.66701714958,5.254746014071549,7.493442226574943,0.05493863385995944,158586.50894603806,6210,1523,1026,5957,1822,980
4334,21327.673331535407,20418.149463597798,41745.82279513321,4.719810432584079,7.455018899418576,0.05512085834423993,163320.92715589204,5301,2237,1221,4182,3129,1448
4335,24012.83229061228,20137.607532885253,44150.43982349754,4.577410745572461,7.265683515844284,0.05558131539631054,164909.89544132163,3041,4331,1387,4345,2921,1493
4336,23368.716260803678,19767.620688853498,43136.336949657176,4.7264043335571415,7.422441180580745,0.05477821651270954,160970.9057951436,6028,1729,1002,5275,1940,1544
4337,21818.462242895785,20906.71311533816,42725.175358233944,4.228019339320705,7.118815420005513,0.05509650962467081,162617.10716096443,3792,3804,1163,4522,2778,1459
4338,22918.012338739354,18036.62970815705,40954.642046896406,4.630735182372758,6.9602813316500605,0.055577520453931134,165027.09318418553,5566,2046,1147,2866,4070,1823
4339,22558.414965364336,23214.787430118016,45773.20239548235,4.7278700758671715,7.570998028048694,0.05561940691955782,163729.98719063596,4800,2815,1144,3339,3822,1598
4340,23968.689013005747,22974.134791721644,46942.82380472739,4.726550396125888,7.596748008381476,0.055529326020875534,161983.48268274628,4684,2906,1169,4534,3125,1100
4341,24811.360763374556,24258.579144113046,49069.9399074876,4.888252563675964,8.066965523532033,0.055583458517609305,161747.18345236938,5525,2265,969,4511,3464,784
4342,23774.322371432303,22179.849357547322,45954.17172897962,4.872828715817712,7.857062173617495,0.05500476657455224,161833.70219090983,6221,1744,794,5251,2167,1341
4343,25545.532656302974,20469.12347836087,46014.65613466385,5.256102092457151,7.344349294507892,0.05496945841752756,161864.5046285853,6280,1830,649,3799,3677,1283
4344,21417.934653126456,26180.952709572597,47598.88736269905,4.716164899251511,8.219912484799904,0.054813749002628656,161247.13213071652,3268,4748,743,4479,2853,1427
4345,24622.022874972197,22239.433239485166,46861.45611445737,5.164175943332528,7.66495328678449,0.05501222507260964,162135.97017360356,3891,2250,2618,4598,2869,1292
4346,22330.70993561433,23361.96491779025,45692.67485340458,5.150894139803869,8.125518829943358,0.05491617688656862,162741.59900404373,2885,3439,2435,5645,1488,1626
4347,20715.68226070788,24836.07101663798,45551.75327734586,4.758955138852661,8.06962001165213,0.054432815626519276,158012.494967563,5117,2877,765,6811,760,1188
4348,20439.26564542869,20522.956923814116,40962.222569242804,4.776446314326271,8.020436172318776,0.05445713365269971,162698.66294259398,4708,2678,1373,5450,944,2365
4349,26705.843992909726,23511.083155736174,50216.927148645904,5.6061744358141565,7.927381597022478,0.054364135681279326,160152.22008028743,5998,937,1824,5365,2039,1355
4350,24479.76841172648,19797.466473552882,44277.234885279366,5.671707579974022,7.263115460062232,0.05440413029909515,161193.86090692648,5263,995,2501,4456,2626,1677
4351,22070.593552232316,20721.035790997066,42791.62934322938,5.318871776660641,7.4121083495158535,0.05442662311553709,161161.80242140108,4964,2323,1472,5061,2006,1692
4352,21129.475898585322,23090.15137805579,44219.62727664111,4.918510338915293,7.778866027118024,0.05444837193243025,159954.97811682595,2686,3840,2233,6018,928,1813
4353,22200.614661267053,25644.589794790685,47845.204456057734,5.07425015064634,8.56129707186271,0.054408288213100356,158653.79957798295,4959,2879,921,5557,1839,1363
4354,21249.149505947476,26573.059024138045,47822.208530085525,4.989760686297714,8.689818881281703,0.05435439004593086,159799.53746164285,5044,1545,2170,5914,1671,1174
4355,22068.48351155572,22842.444501581424,44910.92801313715,5.049471235500078,8.258646294606487,0.054948705260984186,161915.6047988031,5729,2574,456,5026,2030,1703
4356,24592.409083555995,22619.26699586512,47211.676079421115,5.0079578907880515,7.985616681991135,0.05553455503675525,160921.85529928183,4623,2953,1183,4986,3049,724
4357,22580.140418626343,23032.316163692332,45612.45658231867,4.827787345734637,7.876470952369325,0.054923909917782766,160748.902918067,3448,4629,682,4890,2542,1327
4358,21708.10269771716,20911.217487290472,42619.32018500763,5.014529623391194,7.815151399287865,0.05500778270123128,162188.26668466214,4115,3788,856,5122,1944,1693
4359,25103.78294566036,23161.04519424368,48264.82813990404,5.363101631876444,7.9673429937077,0.05491807889072688,159943.90487097474,5762,1306,1691,6279,1349,1131
4360,25945.16939038962,22159.87985966634,48105.04925005596,5.508293435774724,7.65091222396056,0.0550543836878426,161084.79346166973,5486,1298,1975,4611,2906,1242
4361,23280.29044477663,21596.8587847812,44877.149229557835,5.407442249724597,7.711426797629171,0.05498367095972663,162037.52660502942,5791,1931,1037,4234,2801,1724
4362,24038.16893107172,20694.862660405113,44733.03159147683,5.195790922742429,7.25089629136013,0.0550466545697732,163856.24976304822,3969,3200,1590,5037,1659,2063
4363,23254.072430369943,23258.808041120756,46512.8804714907,5.421462859558215,7.971109333584619,0.054769272269680126,160423.78596000702,3612,3975,1172,5483,1811,1465
4364,22829.342470791835,24023.742939267784,46853.08541005962,5.392719149346854,7.955300026392899,0.05441165575759937,158522.70209926492,4928,2164,1667,5930,1525,1304
4365,22491.111103228595,22151.775146189415,44642.88624941801,4.676908600563006,7.942310028535835,0.055125818529764434,162588.71958508092,4098,2307,2354,4555,2587,1617
4366,23059.704499300715,22144.537708705255,45204.24220800597,4.88607510390162,7.835596112220183,0.05507155808144452,163398.4935452101,4760,1483,2516,4469,2389,1901
4367,22082.462152527085,25091.774520822517,47174.2366733496,5.019355553138659,8.090140150007054,0.054361406806859115,158280.89674071342,3910,2907,1942,6245,1401,1113
4368,21969.268734360165,19451.88539512516,41421.15412948532,4.756728153269204,7.47105562747739,0.054393069140612975,159253.657696391,4806,2171,1782,5679,1298,1782
4369,19710.64059701798,20717.18224451173,40427.822841529705,4.541229927384231,7.5536263309870355,0.054367962926097524,161753.17402791893,5130,2392,1237,5374,1001,2384
4370,23882.43675192913,19316.82230799941,43199.25905992854,5.33327891428014,7.4290562884675895,0.054494720946729885,160261.04077698968,6466,1082,1211,5333,1504,1922
4371,24741.93376850372,25298.00618102388,50039.9399495276,5.228982063542605,8.3254998142485,0.054354500933415206,156765.8387059848,4317,2866,1576,5815,2304,640
4372,26151.686326746847,21751.297466300668,47902.98379304752,5.504291573997814,7.531669477010817,0.05508253716516687,160258.14390850728,6406,1530,823,4482,3667,610
4373,23779.29876200162,22556.257035321465,46335.55579732309,5.299397211083607,7.707324781691587,0.054809970723632036,159782.31588237762,3771,4269,719,4708,3252,799
4374,22519.906892408693,19003.688453185227,41523.595345593916,4.873950081802967,7.207277856622542,0.055067972942515406,161870.40551585227,4680,2559,1520,4112,3189,1458
4375,22830.182185279245,21631.13962349761,44461.321808776855,4.9454113519893195,7.348450152988537,0.05491260422228025,162316.95511586306,5193,3114,452,4787,2425,1547
4376,22098.233629606213,19162.287574039306,41260.52120364552,4.613676435133178,7.190918215144064,0.05514285123447421,164842.73270994044,5316,2080,1363,4080,3019,1660
4377,20396.481251360186,20364.14889934405,40760.63015070424,3.9821085405243393,7.543873202809737,0.05497205890986624,164543.5242189927,5389,1763,1607,3822,2593,2344
4378,24531.318940542435,22010.5710579205,46541.88999846294,4.471728829519414,7.338584902530765,0.055139002508281056,161379.8095143417,5724,1484,1551,4910,2627,1222
4379,22445.19866608309,21383.655337614433,43828.854003697525,4.43688733213037,7.407818757147124,0.055607235198312906,165790.65266627326,4058,3415,1286,4676,2636,1447
4380,24415.73497652155,24976.183172625715,49391.91814914727,4.47661271038877,8.291612685878343,0.054876560925513435,158283.7888942135,4990,2687,1082,6630,1287,842
4381,22680.552654456587,24095.129524666103,46775.68217912269,4.520511278983927,7.942760822556728,0.05438094937248193,158165.37107346763,5009,2935,815,6695,1119,945
4382,23925.123731592194,20067.969527792688,43993.093259384885,4.913526306944698,7.574554557765879,0.05512638592466508,161544.7583998309,5907,2029,823,4579,2838,1342
4383,23558.084217495012,22039.11025543939,45597.1944729344,4.997583779087491,7.695439624456055,0.055434466857248135,165591.46936111987,3149,3877,1733,4757,1724,2278
4384,23572.704858164358,20754.88564728166,44327.590505446016,4.949206993145573,7.367120052070081,0.05488215721403227,161407.56061204284,4728,3027,1004,5567,1347,1845
4385,24096.189879781014,19406.753620212556,43502.94349999357,4.951667361759435,7.298332508060507,0.054379000377329484,158597.52078216118,6481,1782,496,6045,1254,1460
4386,20372.712684910115,22102.556126293894,42475.268811204005,4.233785258765049,7.901100248061986,0.0545306245833786,160470.05294101208,4719,3147,893,5938,1300,1521
4387,25159.302696712704,21795.691192761784,46954.993889474485,4.8557769611028965,7.665409599381391,0.05441261365079398,159111.82572848015,6684,1074,1001,5793,1888,1078
4388,23202.860551769063,23465.593586768973,46668.454138538036,4.986788237770811,7.703193651996463,0.05436800107569126,160286.05986818307,3954,3793,1012,5845,1610,1304
4389,22141.752621297153,22895.87899828662,45037.63161958377,4.57222519728791,8.248197976116028,0.05443305532731279,157732.38347986335,5990,1393,1376,5797,1628,1334
4390,24010.397192710785,24652.284349733334,48662.681542444116,4.766129931472669,8.228583395245607,0.054399267932222856,158850.70054221823,6018,2131,610,6445,1001,1313
4391,24001.169535716774,22700.5004479982,46701.66998371498,5.080028795871576,7.87875219906304,0.05444604807427137,159713.5101169139,5809,1585,1365,6091,1396,1272
4392,22261.33748339246,21080.016968768898,43341.35445216136,4.8777728907906015,7.864599615286966,0.055080992084552076,163629.86464340743,4433,2849,1477,5083,2158,1518
4393,21465.67228708611,22889.162650527036,44354.834937613145,4.564396970629048,7.767004186343892,0.055030015813466726,162339.6745259058,5497,1879,1383,5028,2159,1572
4394,20661.647509762242,22038.882088160608,42700.529597922854,4.538176178119415,7.8772652927323055,0.05445335028086961,157981.61604809688,3528,2717,2514,6421,982,1356
4395,21358.481247080435,20640.774564687657,41999.25581176809,4.389241773849539,7.577845052709791,0.05442161196429951,160264.1397305989,3828,2735,2196,6517,521,1721
4396,21023.17384885143,20489.394304017984,41512.56815286941,4.627532335018117,7.8219512828077296,0.05444165464073753,161136.84029874194,6477,1586,696,5650,1186,1923
4397,20618.75488352359,24452.032379670236,45070.78726319382,4.447058211517886,7.878825372294496,0.05443953609961267,160946.40748926782,3381,3064,2314,5852,1531,1376
4398,23897.507911926317,24484.776196005805,48382.28410793212,5.012753981234256,8.470146722649078,0.054404997499419676,157154.39075323957,3865,3657,1237,5912,2001,846
4399,24189.153868379206,23225.606196075623,47414.76006445483,5.0580999371277375,7.938343056363831,0.055165054891116554,160917.87167947297,5830,1366,1563,4988,2881,890
4400,22734.377544287163,23073.157344636646,45807.53488892381,4.945431894766633,7.958696715837476,0.05548691306169718,164139.39072814406,3878,2482,2399,4118,3465,1176
4401,21459.06893827392,22156.500339641305,43615.56927791522,4.639041744585602,7.769943019665938,0.05491067116487581,161030.1612695091,4915,2726,1118,5687,1438,1634
4402,25718.55738830191,22245.16648086485,47963.72386916676,5.076772281221694,8.174633657608156,0.054419717268641275,157850.41757838862,4852,2704,1203,6118,1267,1374
4403,23255.634293415904,23539.01391925344,46794.648212669345,5.217273110134357,7.949591878797153,0.054503798772127535,160371.54163318852,5468,1368,1923,5817,1412,1530
4404,24001.304308299477,23799.968165318078,47801.27247361756,5.514167505913767,8.126828517387523,0.054388969168298495,159982.06804473206,5966,1916,877,6200,1211,1348
4405,25025.420152718252,21781.794514217163,46807.21466693541,5.730360473176714,7.659166096945013,0.055063572674688525,161226.09191322132,7163,1221,375,4363,3279,1117
4406,23675.052562665234,19768.476268188322,43443.52883085355,5.649731144037731,7.393750002891838,0.05555677518081104,165124.98082548933,6815,1373,571,3566,3454,1739
4407,21536.992947139912,24974.502296697552,46511.49524383746,5.026097155724602,7.934868003650931,0.054880691679006645,161483.57005698068,3667,3052,2040,6018,1313,1428
4408,23085.876034271154,20474.505418392728,43560.38145266388,5.120369380884328,7.610677027140654,0.055042158358981186,162518.7804567251,6218,1216,1325,4632,2569,1558
4409,23917.90842525448,24008.4611525189,47926.36957777338,5.207029632394217,7.896192576449234,0.054915644390369465,158633.43157149813,5043,2489,1227,4850,3223,686
4410,24563.8002058778,20616.800188555644,45180.600394433444,5.194387794690193,7.628003015747485,0.05501390096858618,161066.4432364754,6483,1839,437,4865,2680,1214
4411,21855.645360562517,22666.44355442885,44522.08891499137,4.943691064417177,7.943435185878511,0.05508465080242809,164170.2122296425,3870,3640,1249,5319,1643,1797
4412,21821.112427369404,24231.48658820688,46052.599015576285,4.356106785018061,8.15873352514214,0.05501352596422805,161856.98018312975,5127,2714,918,5345,2139,1275
4413,23713.821512170845,21707.087879922332,45420.90939209318,4.544745655413883,7.6844684677005475,0.054925901014002715,160271.4450526667,5609,1699,1451,5404,2304,1051
4414,24214.185115186458,20094.69693268174,44308.8820478682,5.064973296280327,7.593122455763275,0.055121451034823264,161555.15262166903,5004,2706,1049,4649,2908,1202
4415,24476.158928881105,20022.537844508835,44498.69677338994,5.276264454781246,7.351505219048037,0.05549985302547321,164558.96463609184,4888,3258,613,3892,3480,1387
4416,22010.69861872807,24406.012972020162,46416.71159074824,4.444240052140857,7.734167718130323,0.055023733031782374,160537.35437164558,5829,2484,446,5500,2197,1062
4417,23479.159667881297,23539.028270258423,47018.187938139716,4.6191116674084975,8.222559464891347,0.05445809663244162,159283.5811960673,5616,2274,869,5999,1406,1354
4418,23842.97478874668,21520.584848412625,45363.559637159306,4.981240713919644,7.649483357633938,0.055026388273064525,163135.09801182477,5241,1728,1790,4564,2523,1672
4419,21039.098372146265,21357.89393344686,42396.99230559313,4.665588863273885,7.482117816995351,0.05494976728310028,164257.45683137784,5271,2346,1142,4041,2842,1876
4420,22912.482789399874,20635.898774952864,43548.381564352734,5.00093678139018,7.8962850250314025,0.05444932490008007,161545.6761723519,5124,2474,1161,5446,1387,1926
4421,27198.480606265148,21749.53880582527,48948.01941209042,5.362994832758457,7.541267618969558,0.05512982303886561,160831.70185952086,4731,2656,1372,4633,3280,846
4422,24220.653890694564,20164.596879747285,44385.25077044185,5.202280919513802,7.346337352766377,0.05548758913447161,163627.03491966648,4969,2469,1321,3815,3796,1148
4423,23933.282460893006,22585.302190794613,46518.58465168762,5.156512993252816,7.874229534039684,0.05496047068542375,162594.61242510073,5973,2456,330,4691,2773,1295
4424,22646.036772624517,24701.05459380099,47347.091366425506,5.122002118048057,8.038816382902919,0.05447403810811736,158070.3040550368,6047,1861,851,6199,1585,975
4425,20364.936351241184,20925.31362755232,41290.24997879351,4.484653378437606,7.7149905070434,0.054453921664647964,162259.86456844036,4241,3749,769,5631,1308,1820
4426,21843.849155204978,21449.872505331263,43293.72166053624,4.680558390729845,8.00395977190091,0.05442413741895018,161368.36582739808,4055,2368,2336,5526,1173,2060
4427,23693.594206306818,21714.6226374217,45408.216843728515,5.302077302624695,7.651484624136846,0.05440762320521007,160675.96281275907,3702,1868,3189,5626,1581,1552
4428,25683.606214095493,17945.797371573135,43629.403585668624,5.552811976015542,7.034769150037189,0.05502075261453649,160804.10522125155,6292,2082,385,5255,2241,1263
4429,25534.77230177179,21103.138519390428,46637.91082116222,5.710235804729529,7.5716797621984195,0.05558329131106668,160104.95559041048,6061,2306,392,4529,3539,691
4430,23101.419984316166,21717.07645670756,44818.49644102373,5.260628230697879,7.342748403637696,0.05503788183751912,160887.09407316757,4735,3128,896,5550,1919,1290
4431,20597.273486656122,21215.45335999019,41812.726846646314,5.020167841352827,7.8000435483544805,0.05442164469412247,162133.1852830559,5150,2358,1251,4327,2336,2096
4432,23906.016098553973,21477.954355565766,45383.97045411974,5.119213457108182,7.391158676623271,0.05510076869844691,162641.94576266562,5958,2056,745,4254,3186,1319
4433,24830.945883398672,22594.553783645675,47425.49966704435,5.123902531663376,7.559902500763304,0.05499016693490764,161421.5520733528,4617,3573,569,4992,2644,1123
4434,21117.05517689527,20942.50055847903,42059.5557353743,4.62119404861016,7.450497318001817,0.05445588353890083,160240.0678299297,5396,2691,672,5815,1677,1267
4435,20718.64093765191,21952.406762366518,42671.04770001843,4.224081098849433,7.819091484836829,0.05444515623532225,159905.59783746052,3664,3241,1854,5966,1332,1461
4436,22279.03003745849,22049.214916098645,44328.244953557136,4.434202558045612,7.520088049110778,0.05436519516461987,161295.99653826162,5600,2799,360,5650,1540,1569
4437,22094.24231584664,18939.93559284725,41034.17790869389,4.397476295554166,7.414425810326801,0.05447497353711844,162362.55135009112,4617,2605,1537,5113,1358,2288
4438,24280.02363226864,21557.93351714831,45837.95714941695,4.921818060289865,7.327574943772118,0.05447087789471538,162065.90575333085,6229,2022,508,4158,2912,1689
4439,24443.95616182182,24522.789954416487,48966.74611623831,5.006869680998586,8.094882939195255,0.05438900585547819,159581.01151342492,3303,4686,770,5252,2140,1367
4440,23262.90973843801,26254.25060834241,49517.16034678042,4.870591665110486,8.216254656010085,0.05442155882071866,161128.94441215662,4429,2671,1659,5218,2023,1518
4441,23589.522034049267,19668.493250433403,43258.015284482666,4.741536783421858,7.3922432274218375,0.054970461473055204,163636.6862171929,4488,1792,2479,3918,2681,2160
4442,22536.425627484226,20381.67856630549,42918.10419378972,4.564165386946088,7.375973767405548,0.055511078083053916,167316.01036776075,4982,3081,696,4028,2802,1929
4443,23963.407416714927,24365.70542520032,48329.11284191525,4.896241176534585,8.089745133322163,0.0550942783008715,162277.399069106,5876,1851,1032,4715,2894,1150
4444,25684.503308915602,23235.563591400707,48920.066900316306,5.3055452574898565,7.726630023936937,0.055140282456742434,160656.87481161722,5806,1304,1649,4879,3159,721
4445,24330.099311704827,23172.04123034827,47502.140542053094,5.4034827338546645,7.941654994719657,0.0548269085079604,160358.7705406425,3764,3520,1475,5733,1785,1241
4446,21752.77447312123,22358.576869070926,44111.35134219215,5.017635216143167,7.6084533263457175,0.05436782061882786,161909.97031213838,3872,2800,2087,5280,1451,2028
4447,24200.99591282855,17400.671852942058,41601.66776577061,5.229125186043977,7.00559998626459,0.05440478342113492,160119.5628726189,6294,965,1500,5048,1657,2054
4448,21189.956881991508,18821.15722509321,40011.11410708472,4.7232673972876675,7.0419842870677005,0.05508739207690912,162458.38244603854,4506,2883,1370,4635,2168,1956
4449,24718.79787046073,18931.798375548085,43650.59624600882,5.121210940780806,6.698082542988901,0.055605173407278385,162548.78360341658,4964,2704,1091,3794,3953,1012
4450,24214.11815515359,22966.944081207912,47181.0622363615,5.205577603868764,7.817038168230471,0.054896111225404415,159017.91725214454,5589,2643,527,4790,3031,938
4451,24033.9902139917,24904.183308919593,48938.1735229113,5.506550863563993,7.990076578163198,0.05445876920970452,159564.25700299657,6674,1547,538,5247,2169,1343
4452,21208.953321343262,24405.527365495094,45614.48068683836,4.7907791658763985,7.874888714871882,0.054418571693571685,160671.47293436815,4154,2939,1666,5924,1116,1719
4453,22463.057817063476,20364.37292797701,42827.43074504049,4.8238536982511775,7.506956743401639,0.05505004582064551,162767.70100383015,4102,3499,1158,5140,1625,1994
4454,22720.52603981153,20754.899462588535,43475.42550240007,4.863018858545374,7.563905812380578,0.055514905738033235,164866.94804801102,4221,2611,1927,4838,2034,1887
4455,25068.234976221924,20807.214576621875,45875.4495528438,5.253614481674293,7.263219303595298,0.05503104229846044,160013.90207808322,5307,1165,2287,4877,2673,1209
4456,21650.335726281533,21088.775752367994,42739.11147864953,4.683829865441539,7.381052423315221,0.05444197338208912,160902.7052505814,3692,3232,1835,5131,1837,1791
4457,21369.13173032744,20448.5589551795,41817.69068550694,4.697954029641629,7.582594095856186,0.05453271590036084,162913.54204232435,3286,4352,1121,5059,1226,2474
4458,22800.876957834043,19987.67614795014,42788.55310578419,4.69107348880443,7.208614145180816,0.05436272660840028,160953.62780117663,4846,1637,2276,5685,1288,1786
4459,23379.60458644877,19452.551296310034,42832.1558827588,4.5974517721222,7.292373686924323,0.05447929467482298,162539.24480496268,5805,1657,1297,5332,1318,2109
4460,21425.817106851307,25384.954627776795,46810.7717346281,4.638458013642681,7.871598186921934,0.054450407506975086,162961.91146758484,3774,3192,1793,5836,772,2151
4461,24837.24898075056,23105.093556645203,47942.34253739576,4.713890865742963,7.694566848892762,0.055011988328178926,163267.39258620373,4647,2889,1223,5010,1993,1756
4462,23719.1578350681,24725.60218656142,48444.760021629525,4.683879152143858,8.118413362528434,0.054931781071113114,159240.08437690543,3208,4015,1536,5765,1651,1343
4463,23247.232194649125,22550.521316344417,45797.75351099354,4.533445736639516,7.691799998477273,0.05507249323568435,162734.09888324596,5631,2434,694,5376,1586,1797
4464,24094.91436086801,21023.70353134818,45118.61789221619,4.954209382702,7.41006748359277,0.05499550321530275,162656.165309469,7792,551,416,4398,2513,1848
4465,20464.79518776245,22688.287256985524,43153.082444747975,4.406383321020845,7.667914208881356,0.054416623891472324,163138.46790176112,5713,2367,679,4574,2094,2091
4466,20560.030860241488,22613.607553266287,43173.638413507775,4.203840984502877,7.519711444747129,0.054395430565909314,162813.69924593577,4091,3214,1454,5759,796,2204
4467,19916.92530505373,20787.1236870463,40704.048992100026,3.9368154638709347,7.46023426920267,0.05435749651481834,162179.16078814078,3679,3296,1784,5230,1239,2290
4468,24135.480234686067,19964.321487707406,44099.80172239347,4.607041206366879,7.343128379927447,0.05508815962927766,161041.9806893343,3484,2697,2578,5287,2101,1371
4469,25161.33320607905,23790.41373717453,48951.74694325358,4.736572040074266,7.986543178326579,0.054876057907712404,160100.0499083686,4143,2534,2082,5727,1891,1141
4470,25558.47338264795,24618.817083623097,50177.29046627105,5.164763506075309,8.078362927043882,0.05444449377422157,158361.00163097933,5158,1916,1685,6688,817,1254
4471,22051.638251216318,24204.5618325545,46256.20008377082,4.729906680918508,7.908845829680107,0.0543604221914748,158879.41412564373,5372,2057,1330,6352,1045,1362
4472,22257.178390603698,21131.252777117326,43388.43116772102,4.669838686523162,7.7257791152140225,0.05438376265023881,159560.5954560793,4542,2535,1682,6103,1096,1560
4473,22428.41407778417,20512.36591448645,42940.77999227062,4.435451062684409,7.628845554346899,0.05435892426575657,157405.20109436245,5052,2827,880,6191,1098,1470
4474,22358.761137946185,20905.294100939685,43264.05523888587,4.379078506478774,7.772986648677784,0.054413677926822335,161990.19920559783,4870,2981,908,5252,1403,2104
4475,19285.13007883781,23249.81906679148,42534.94914562929,3.8284276259957877,7.708612388411315,0.054428726997701,160534.41805799835,4050,2788,1921,5374,1588,1797
4476,21851.324010302254,21842.344089777558,43693.66810007981,3.9124239399860805,7.840236653054118,0.05497940295790746,162003.77338614437,3179,3913,1667,4972,2130,1657
4477,22553.0811660357,24389.487119698442,46942.568285734145,4.159302259314413,8.038716793220622,0.05489332528232133,160642.66910782913,4027,2345,2387,5740,1576,1443
4478,24543.89232055305,19845.121445688113,44389.01376624116,4.528218347491289,7.6423775083767,0.0544497541639856,158748.96759459635,6331,977,1451,5700,1342,1717
4479,22133.641903743894,20116.393988839758,42250.03589258365,4.614335061480954,7.377344102703226,0.05440068892211929,161704.79521585925,5142,1363,2254,5277,1308,2174
4480,23592.022978049416,17521.845208458413,41113.868186507825,4.850920993930486,6.894537846516144,0.05515914072861368,162522.86155015297,4184,3566,1009,4843,2101,1815
4481,23798.798162559444,19167.261872327905,42966.06003488735,4.968232609296266,7.070462350129889,0.0550133698630661,160817.90257334008,5531,1481,1747,5593,1586,1580
4482,23482.96464308322,16999.791350863048,40482.755993946266,5.023367614256421,6.6698100291155065,0.05447905565300132,161596.7098661285,4951,1642,2166,5224,1324,2211
4483,20944.7467325874,20061.884369011863,41006.63110159926,4.831095213523934,7.3495335554935535,0.054357477721761985,161840.91407248346,4413,3558,788,5539,797,2423
4484,22875.49758779006,24713.601541717017,47589.09912950708,4.864973306986642,7.517189054296123,0.054379217377649426,157148.1286326291,3687,3009,2063,6492,1324,943
4485,23254.016055029897,19771.48296197473,43025.49901700462,5.2414116923086045,7.343779691478396,0.05456522043221235,161614.620258039,6018,1361,1380,4328,2806,1625
4486,23613.86501127732,19138.442196424938,42752.30720770226,4.970457856129898,6.753312416489736,0.05509358553240579,163077.26684306742,5699,1542,1518,4227,2958,1574
4487,21034.66791208936,21449.555339548522,42484.223251637886,4.580645449729858,7.305597345157277,0.05489462572128015,160653.519200945,2073,6478,208,4196,3284,1279
4488,23274.29265052994,17522.811351134926,40797.10400166486,4.485593034485767,6.693099904807275,0.0550973521260262,161111.62993757412,4625,3442,692,4375,2803,1581
4489,22138.163712809128,19242.54533163533,41380.70904444446,4.43637444469639,6.941727846552961,0.055417967049539066,164657.79338786745,5251,3066,442,3295,3626,1838
4490,21211.300188134814,22534.309559076155,43745.60974721097,4.253002949119091,7.2289267089706035,0.054903445149339515,165728.39872437733,3587,5024,148,3507,2707,2545
4491,20830.345737987573,21474.550306687535,42304.89604467511,4.405834559795158,7.666721379033474,0.0543385314074177,162580.73208000377,6347,1520,892,4108,1995,2656
4492,23775.49337886708,21757.73815010498,45533.23152897206,5.009936367208127,7.337487580944879,0.0550532365371769,164852.6340122785,5164,1482,2113,3707,2758,2294
4493,26379.206419581962,19349.76803169073,45728.97445127269,5.421258037194516,6.969537294078706,0.05564546063758956,164957.02966373737,5150,2675,934,3617,3340,1802
4494,22812.390502007707,21436.837508170745,44249.228010178456,5.212875062168277,7.371724562318388,0.05549358607484765,165204.72385493506,5025,2987,747,4762,2138,1859
4495,24659.21766668814,21429.577146237665,46088.7948129258,5.176198757786614,7.220657429518034,0.05562480720744152,163075.06097146438,5740,1257,1762,4394,3110,1255
4496,21911.92801647685,23346.146485701283,45258.07450217813,4.702601091229085,7.694321306855203,0.055053654026166826,164736.83424036068,3631,2836,2292,3676,2913,2170
4497,22016.60603326099,23377.4664634424,45394.07249670339,4.525427127008579,7.557692062683304,0.0543583876791933,160175.97128697025,5661,2797,301,5250,1531,1978
4498,23259.026671037504,19662.669055638013,42921.69572667552,4.6846982049289485,7.349954467275925,0.054988948282944115,162212.49140718282,5246,2617,896,5049,1851,1859
4499,23811.178786377623,21092.0887278152,44903.26751419282,4.906507388206033,7.353152445279275,0.05549019920631896,164836.75252123977,5555,2581,623,4493,2421,1845
4500,22075.443039605947,19988.25314150209,42063.69618110804,4.779894181076548,6.944819757521792,0.05559432569971812,167041.3486622329,3631,3194,1934,4505,1970,2284
4501,23453.83911660026,20707.41640212473,44161.25551872499,4.654021120743733,7.412320294584724,0.05562869726319146,162329.05965852775,4676,3136,947,4489,2644,1626
4502,25737.50513886874,21032.98222807862,46770.48736694736,5.174895080751881,7.21881236963244,0.05571752213696984,163352.6942354747,6643,1449,667,4760,2669,1330
4503,25483.063226127935,21413.50090174406,46896.564127872,5.459212623373082,7.364368054002187,0.05501981646997315,162169.93549479393,6219,1720,820,4926,2119,1714
4504,23306.16026739989,21932.89020896356,45239.05047636345,5.269415978714315,7.5477103742583855,0.054441053153944416,161024.77231677566,4826,1170,2763,5702,1230,1827
4505,25460.402115911405,22830.646019415137,48291.04813532654,5.668613470561853,7.560845396328418,0.05494026938082897,161354.50699532355,4808,2147,1804,5580,1656,1523
4506,25378.637715539615,21276.789976757173,46655.427692296784,5.751542736405799,7.259648102888017,0.05496570541391854,160038.19366114977,6239,776,1744,5826,1647,1286
4507,21469.816698473092,19359.617097304494,40829.433795777586,4.995615226091229,7.012413507452985,0.055072088082745115,159720.5278780576,3823,3023,1913,5441,2116,1202
4508,22282.5651764891,18579.968483069784,40862.53365955889,4.8398710672275795,7.016209910743253,0.055580864879408325,165649.13761522077,4281,3335,1143,4260,2591,1908
4509,21413.00579955558,19685.804691413574,41098.810490969154,4.53289692536445,6.890648376007951,0.0557312362707602,163157.64958705302,2766,2598,3395,4386,2956,1417
4510,22634.14009339437,18745.92999926342,41380.070092657785,4.839719640040768,7.022865011151757,0.05511083816952712,163650.24181986394,6251,1660,848,4342,2341,2076
4511,24154.605486128276,21729.59140091595,45884.19688704422,5.093308691844116,7.132345996343965,0.05502677061764639,162890.4787863606,4782,2444,1533,4859,2250,1650
4512,20907.517682532627,22408.258627536372,43315.776310069,4.63907416304027,7.375880857087549,0.05492886127139058,162647.07653561456,4743,2567,1449,4856,1784,2119
4513,23596.08268514474,22036.067818013624,45632.150503158366,4.711178549292313,7.329732725759882,0.0550234721258057,162275.64241369377,5234,2231,1294,5079,1739,1941
4514,21439.966507498706,23372.274343877943,44812.24085137665,4.571821090825793,7.9072802147430234,0.055027479425933015,163612.56831171815,4479,2921,1359,5003,1682,2074
4515,23892.706537970927,22154.80615671543,46047.51269468636,4.969563344581137,7.626631195519718,0.05441338270526735,160445.80062263733,5286,1950,1523,5483,1593,1683
4516,23341.28327162923,22716.43416427472,46057.71743590395,4.860408616878835,7.6691131463449995,0.054546397133685816,162208.9435892868,5282,1157,2320,4889,2292,1578
4517,24918.04587555962,19544.301623871866,44462.34749943149,5.377990874126109,7.119174999679583,0.05436878464803147,160508.6615994576,4032,1949,2778,5445,1652,1662
4518,24673.685253059968,21515.46258519946,46189.14783825943,5.599484013304528,7.662277801397438,0.054433324533922786,159041.73427167116,5747,1791,1221,6021,922,1816
4519,23738.114835610366,21693.60105997197,45431.71589558234,5.546769110290497,7.323561752424245,0.055078842438819414,163306.62345296965,5670,1169,1920,4214,2464,2081
4520,21727.27605158796,23022.534761856714,44749.810813444674,5.289427589221975,7.443158746706587,0.05494410123365796,163195.2503844499,3495,3031,2233,4752,1779,2228
4521,19023.371535283517,18973.544328201595,37996.91586348511,4.687618236320104,7.016033974055451,0.05502732006535576,163369.49318202815,4386,2912,1461,4793,1636,2330
4522,21348.741670081166,20835.082386974664,42183.82405705583,4.82432010359746,7.55868454492843,0.05492691496851051,164416.15119294423,3628,3670,1461,5068,1314,2377
4523,20893.90974222863,23650.69446888823,44544.60421111686,4.840017911433732,7.6331454686274895,0.054379281646684326,161070.95458036443,5530,1763,1466,6188,542,2029
4524,23111.80083925025,18836.732891418236,41948.53373066848,5.301338704423746,7.231310466226805,0.05449840378650967,162063.55164104822,4981,2548,1230,5183,1406,2170
4525,22067.227622322018,22678.026717283657,44745.25433960567,5.193143921325455,7.665442352284169,0.054563879209015426,163276.35828249546,2526,5459,774,4761,2059,1939
4526,22410.95170949081,22300.661623301592,44711.6133327924,5.1501078794004735,7.415479545609463,0.054421861094186424,162260.60278583557,4001,2658,2100,4591,2307,1861
4527,23391.939088997966,22956.99319127016,46348.93228026813,5.366842424680642,8.065268072657277,0.05443982045359463,158602.57216006803,5759,2707,293,5464,1786,1509
4528,25229.96569193441,22757.011119810715,47986.976811745124,5.635835966221651,7.639562622013462,0.055049676117034055,161126.04664572043,5793,1562,1404,5491,1942,1326
4529,25490.924530302247,22116.150311346522,47607.07484164877,5.792818103146519,7.595231603466935,0.054971299154643834,162061.3589032817,6206,903,1650,5343,1692,1724
4530,19912.58274460895,25526.466453568897,45439.04919817785,5.02034386850904,8.354430684698556,0.05439528960064551,163637.08690838283,3054,3043,2662,5142,1261,2356
4531,25739.568852579483,22950.122309667324,48689.6911622468,5.6249235057482645,7.814238398326452,0.05504779160685578,161107.3762953798,4975,3102,682,5425,2119,1215
4532,24418.601053289745,23458.94845416304,47877.549507452786,5.775343933890802,8.001525249970669,0.05497288568306797,161205.55368772874,5229,2975,555,5270,2540,949
4533,24937.791193374564,20357.426101200763,45295.21729457533,5.871479655452591,7.232005394334772,0.054470861698083475,159129.91557093686,4704,1044,3011,5906,1499,1354
4534,21768.14349290549,22605.06455547641,44373.2080483819,5.409735751716281,7.841418743388496,0.05449625058800568,160803.35845593337,3797,3502,1460,5150,1858,1751
4535,25764.16624451637,24453.814818142408,50217.98106265878,5.850998461595091,8.108304071174656,0.054382677281745256,158698.48543593916,4062,2808,1889,6450,1275,1034
4536,22350.632518323753,24716.454763000376,47067.08728132413,5.3908870346011835,8.055447072203155,0.0543897125811152,162000.52438375237,5116,2679,964,6079,849,1831
4537,24691.74321191482,24374.369362675436,49066.112574590254,5.512859147325472,8.619671641657993,0.054422938058962575,156190.36028444624,6083,2388,288,6710,1133,916
4538,23717.924001318603,24229.34827046744,47947.272271786045,5.389609222512409,8.084597551969036,0.05441049810004932,159857.34127380513,5197,1814,1748,6224,1295,1240
4539,21839.313714200896,21426.288913390305,43265.6026275912,5.041897090284376,8.054184388567563,0.054439760898445065,162879.85308857745,5488,2093,1178,5460,1252,2047
4540,23808.90867182878,21829.053072146973,45637.96174397576,4.9153053649092575,7.550766568732016,0.0544077805298399,160212.59248440736,4939,3024,796,5999,828,1932
4541,24077.68537495154,16825.633143494655,40903.31851844619,5.043634854108376,6.751588277069868,0.05507445961491377,162615.98163707354,5123,664,2972,3389,3551,1819
4542,20851.29942856753,19739.26075078726,40590.56017935479,4.4571069937906405,7.041211255638842,0.054952770031382304,163806.50868000387,3792,3822,1145,4382,2414,1963
4543,22324.68014531485,22642.660223104285,44967.340368419136,4.376588060930198,7.7979882806439935,0.054384314354213044,159503.2379625336,3858,3302,1599,5891,1209,1659
4544,21553.949026377857,24038.161456444213,45592.11048282207,4.065343467720473,7.843807641909285,0.05502447027063859,162350.85216116047,5268,2653,838,5691,1776,1292
4545,24108.773366107005,22844.34799710844,46953.12136321545,4.455319689946535,7.909744297388688,0.05490141147322094,162326.06262453675,5409,2324,1026,5652,1581,1526
4546,25939.893589416388,21144.120747624926,47084.01433704131,4.970967457835707,7.43036652846699,0.055055646687746713,160710.4443582286,6069,1870,820,5193,2410,1156
4547,24223.293406263394,20707.09146597997,44930.38487224336,4.881092798856396,7.292170335714575,0.05500945115526396,160471.7182354105,4627,2315,1817,4492,2853,1414
4548,22071.341565398914,19827.07346385926,41898.415029258176,4.463811757214678,7.249774083568077,0.0545030113067904,160881.6943109892,6520,1860,379,5272,1688,1799
4549,22180.555265467727,21777.22417573687,43957.77944120459,4.563371730303272,7.805727538876961,0.05439026812136782,162707.18833370224,3198,4966,595,5425,1101,2233
4550,22250.37481335357,26243.002304953785,48493.377118307355,4.869241909587851,8.041139115425368,0.05439414685438716,158383.2127466046,4460,3350,949,6473,966,1320
4551,24028.914099807775,20241.809070587886,44270.723170395664,5.186462164080341,7.514034802188899,0.05507640659441908,162340.87411239528,4760,3042,957,3807,3699,1253
4552,22963.500650028593,22110.122640501697,45073.62329053029,4.893933098261819,7.564392361013421,0.05547220788376612,163039.75153644834,4691,3312,756,4305,3267,1187
4553,23742.460223183843,23744.456367054703,47486.91659023854,5.081696960926586,8.007656348049336,0.054944503849289214,162276.4959295057,4904,2654,1201,5137,1867,1755
4554,25082.0196403626,23052.749763477445,48134.769403840044,5.268285039302669,7.783359338578965,0.055068860089873405,161180.48331796488,5110,1787,1862,5417,2407,935
4555,23294.19335327446,21712.77053509753,45006.96388837199,5.399817648372804,7.569078843585573,0.054903271647152724,161045.75467947754,4170,2282,2307,5570,1976,1213
4556,23567.4324171639,18104.070658551704,41671.503075715606,5.458900719505672,7.211493051617544,0.05453088378058111,162056.4924072668,5478,749,2532,4078,2637,2044
4557,22910.12042580433,22154.16135597383,45064.28178177816,5.317972100329859,7.542627970124215,0.055035142339775224,164351.50071021984,3697,2872,2190,3251,3929,1579
4558,20225.648540488157,23099.88237750084,43325.530917988995,4.771644663992084,7.680247539062701,0.05503551721795486,163710.38153597133,4118,2735,1906,4475,2749,1535
4559,23777.73886314036,21865.430033840134,45643.168896980496,5.131860390672753,7.5317529970388,0.0544145493242087,158050.58573050646,3231,1815,3713,6162,1252,1345
4560,23189.583607875473,19873.640993462795,43063.22460133827,5.105998507168933,7.327931383342649,0.055031703873416236,160884.80161275162,5598,1627,1534,5627,1713,1419
4561,22959.255134130148,22356.778975380006,45316.034109510154,5.174619599494847,7.7629937480515805,0.054889231175674305,162228.27438524555,3268,4168,1323,5047,2107,1605
4562,23168.685714045972,23821.86614682024,46990.55186086621,5.142792390710013,7.655242618880236,0.05434259625718842,158943.14078278627,4172,3520,1067,6086,1442,1231
4563,21853.803617316076,23895.117499777258,45748.921117093334,5.171690096695656,8.203885818126928,0.054401008215662405,160035.2129679197,3318,3239,2202,6288,1080,1391
4564,25604.59814867585,23253.210170729883,48857.80831940573,5.289891371172693,7.6937452002672755,0.05503240547050633,160284.6393935242,5624,1621,1514,5804,2193,762
4565,26104.657067425887,20480.379425519917,46585.0364929458,5.452267192915062,7.284582707432965,0.054924408413231235,160946.68693086723,5187,2758,814,4425,2951,1383
4566,23698.32147505925,20126.767154908972,43825.08862996822,5.214119879146072,7.386177088168897,0.054929353889888885,160477.42265573164,5127,2359,1273,4763,2775,1221
4567,24733.291119719852,25297.63862576446,50030.92974548431,5.2659006493912335,8.117019275279969,0.05502189415733505,158851.6968705986,4703,2431,1625,5489,2731,539
4568,24908.11387059192,22923.95151853722,47832.06538912914,5.3706830582936265,7.73915986225339,0.054410436655165796,157549.62904775504,5307,2764,688,5851,2010,898
4569,21893.48172922996,21076.298687604794,42969.78041683475,5.015595859393158,7.868015624727295,0.05441681798974435,160848.7590132481,3948,2210,2601,5613,1556,1590
4570,25759.66908124661,20245.89427422586,46005.56335547247,5.138682136443569,7.227074727502841,0.054419128184892106,158031.74816831626,4746,1397,2616,5831,1552,1376
4571,21966.66986875376,18850.470618255862,40817.14048700962,5.007217095076232,7.170331196295315,0.05502048986814012,164476.35944993995,4267,2551,1941,4682,1863,2214
4572,24749.632748777385,19346.00026651333,44095.63301529072,4.972671368291462,6.983983227340597,0.05555390632778416,164023.79215246782,5991,1391,1377,4125,2786,1848
4573,22101.5261209092,21757.86375860718,43859.389879516384,4.820433707644998,7.136610994235677,0.05489180393628377,165253.2482870112,2462,3891,2406,4380,2074,2305
4574,22902.91828687964,22049.81551390129,44952.73380078093,4.9706576942180565,7.6309892747324595,0.055038593355696525,160463.97951388248,3554,2613,2592,5140,2088,1531
4575,23807.677988103726,21386.88974601946,45194.567734123186,4.9069300442247625,7.3844765273842174,0.05559116675220728,163722.77933716372,6322,1394,1043,4612,2498,1649
4576,21888.967991739715,22170.279884791827,44059.247876531546,4.852220477074049,7.548039108253438,0.05548273863464848,165169.05972003666,3373,2570,2816,4514,2229,2016
4577,26150.687242173943,22096.601565882585,48247.28880805653,5.4175058883142455,7.429354894400797,0.05554730332374166,162302.68733608563,4587,2561,1611,4451,3292,1016
4578,26407.28499355917,17831.50552189599,44238.790515455155,5.799325544315837,6.710594882922673,0.05558791004824338,163292.32760396684,5583,2088,1088,3885,3565,1309
4579,24146.88274892184,17009.89723297318,41156.779981895015,5.583450355209603,6.5158772155737195,0.054994668327084155,162289.18894432113,6120,1317,1322,4580,2301,1878
4580,23258.094427243344,21598.22307437438,44856.31750161773,5.3162725060173734,7.263529306357678,0.0550364747752369,162664.48716225894,3893,3475,1391,4018,2999,1742
4581,22371.1015801271,25516.047897031935,47887.14947715904,5.2374924954125985,7.976118798038244,0.054946651765092974,160027.2543035309,4485,2877,1397,5018,2845,896
4582,25435.482445356636,24375.27211670516,49810.7545620618,5.390485998913254,7.767290270474068,0.05503806071023361,159389.99820642825,5213,2513,1033,5635,2521,603
4583,25012.876904563112,20680.348534665736,45693.225439228845,5.4843176989180815,7.290631237297433,0.05489964545212336,160474.30830188683,6727,1345,687,4660,2751,1348
4584,22180.20182979507,20243.967861497556,42424.16969129263,5.281840671695359,7.264463622638616,0.054345268111253536,158887.646864773,5886,1961,912,5490,1310,1959
4585,22537.255278710152,20833.524414353345,43370.779693063494,5.135791651098913,7.509786213041373,0.05449318957205168,160790.18703825297,6171,1273,1315,6149,1006,1604
4586,25751.719232869767,21720.576069950042,47472.29530281981,5.331035450650385,7.343420560253522,0.05501933991208709,159648.92557109502,5511,1874,1374,6076,2007,676
4587,23678.208251734133,22922.003239352973,46600.2114910871,5.187842594695321,7.528155497259618,0.055004733805957017,159109.07125399695,4983,2210,1566,5132,2670,957
4588,22606.496860607574,21642.422654641923,44248.919515249494,4.876253437140409,7.639938179093561,0.054963312071276305,161200.0364297924,5674,2374,711,5085,2147,1527
4589,22152.818060526806,25301.351575687164,47454.16963621397,4.778819687500388,8.157345456216145,0.054951708584803305,160799.81943170278,4098,3547,1114,5867,1993,899
4590,26515.11048099955,21983.433014081824,48498.54349508137,5.25443563651384,7.639953053840373,0.05507017546431777,160078.59615270485,5837,2157,765,5422,2636,701
4591,25483.572450329073,21981.070168352962,47464.64261868203,5.166927674022739,7.477641008971774,0.05562218242139442,161889.68362439543,7003,649,1107,5198,2513,1048
4592,23145.739609110085,23084.717488972758,46230.45709808284,4.918224945010721,7.425379961975458,0.05501050036355273,160539.82771642963,5636,2204,919,5875,1547,1337
4593,22841.903868470443,18675.683197823448,41517.58706629389,4.582050647378509,7.225134159956773,0.054474167000714495,161500.61349377935,5891,1604,1264,5268,1401,2090
4594,21545.03987509585,23306.476129500912,44851.516004596764,4.1725491804020285,7.442430986204046,0.054413558382174355,160747.09969412725,3756,3497,1506,5513,2068,1178
4595,22261.28142401495,17407.53319740513,39668.81462142008,3.9928089427458744,6.739249752988333,0.05504262552910799,162027.13173113886,3963,1983,2813,4425,2675,1659
4596,22024.069179385595,19060.802808309276,41084.871987694874,3.884753643829292,6.946976062668038,0.055639199846939845,166507.67321772632,4395,3428,936,4289,2606,1864
4597,24456.81790393745,19515.824226026467,43972.64212996392,4.387411787495314,6.917970610319071,0.05490886999380858,161282.67892600858,4976,1181,2602,5040,1913,1806
4598,22423.971621014476,20038.711133366774,42462.682754381254,4.55106797020828,7.274637044449544,0.054459649376638004,162109.94178903833,5621,819,2319,5136,1389,2234
4599,22189.81174713286,25800.36056433823,47990.17231147109,4.4864071284409555,7.845298481027329,0.054376782545177006,162976.37072362495,4990,2509,1260,5593,1078,2088
4600,24490.81001176283,21202.254555802443,45693.06456756528,4.9912524768367525,7.278341277047086,0.05497234126346161,162833.58968202933,5999,477,2283,5165,1644,1950
4601,24343.633082782955,19012.33524435985,43355.96832714281,4.891210084836395,6.763157476728252,0.05561918363155105,164583.93698692136,4537,3221,1001,4319,2697,1743
4602,23231.25488276453,17919.090268519823,41150.34515128435,4.922358581518169,6.881525586039787,0.05496893977653852,163606.8485004915,5668,1466,1625,4068,2510,2181
4603,23061.095942516054,21927.225402090222,44988.32134460627,4.830912891708525,7.068143139374132,0.05432478366397517,160562.959988547,5986,2183,590,5037,1814,1908
4604,21023.890091871755,19443.638300969735,40467.52839284149,4.643315756720482,7.312020280793999,0.054448726171229,162860.02106340355,5543,1385,1831,5027,1138,2594
4605,26019.643041875817,23941.584872627725,49961.22791450354,5.1916642004050635,7.374525400792413,0.055000841921319335,161129.4438436114,5579,1496,1684,5394,2072,1293
4606,22443.49379661862,21709.82620175744,44153.31999837606,4.728952366603186,7.524381972015315,0.055043038928321984,163543.86140071842,4237,4077,445,4579,2459,1721
4607,23464.93871358274,22649.65596334325,46114.59467692599,4.812073634011345,7.464258022636887,0.05507585953534868,162080.22241429536,4486,2176,2097,5431,2148,1180
4608,22039.454820118175,23969.094247709425,46008.5490678276,4.846468838077692,7.725516295310435,0.05486709063210233,160583.75966584464,4159,3923,677,5431,1957,1371
4609,22135.875405459752,23047.174328454974,45183.049733914726,5.030216321797804,7.862637812363321,0.054489104530512686,160855.50037553193,5289,1975,1495,5586,1542,1631
4610,19162.594332801567,24254.72566248224,43417.319995283804,4.595889699868391,7.89798321840994,0.054421771886289994,161450.59841182633,2711,4976,1072,6023,837,1899
4611,23266.117688036084,21538.316731921517,44804.4344199576,4.956115440841128,7.9222435690060236,0.054452245257067336,161528.03922402064,4838,2432,1489,5582,1239,1938
4612,24425.273516324472,21678.973711519226,46104.2472278437,5.336549043479951,7.396888261599414,0.05435122367276051,159698.24679151774,5979,1898,882,5168,2062,1529
4613,23069.485994538572,21693.070342458264,44762.55633699684,5.428015022609544,7.595126860898021,0.05434906773664094,159020.0820311329,4175,3073,1511,5568,1601,1590
4614,22852.554871244625,21466.92676073834,44319.48163198297,5.318529321920078,7.687695553134565,0.05497472769404155,160815.7360164527,5625,1791,1343,5307,1892,1560
4615,22318.895584237023,24706.990906109386,47025.88649034641,5.004597278292327,7.895607145818474,0.054994317808737925,158678.1211822658,4634,2892,1233,6109,1774,876
4616,22791.201189144867,20910.725756890577,43701.92694603544,4.813085790578502,7.683485272386612,0.05506005793524852,161389.973734037,5746,2593,420,4961,2701,1097
4617,24647.793834163316,20645.990110796738,45293.78394496006,4.984772198095431,7.262330124125418,0.055627211591072846,163913.84756068085,6473,1147,1139,3411,4384,964
4618,25671.499533914164,20930.746577797247,46602.246111711414,5.562802448558563,7.300826282581055,0.05500788610098574,161810.79990953373,6602,1551,606,4189,2901,1669
4619,21966.540332486988,22146.834667411433,44113.37499989842,5.179873683866792,7.256759591059808,0.05436881197005679,163682.3776041448,5283,2976,500,4406,1950,2403
4620,21593.589156360307,22456.881198095394,44050.4703544557,4.925682823877553,7.847859480272448,0.054427269110261405,161129.11745201948,3511,4240,1008,4470,2274,2015
4621,25485.217507325902,22114.210166964083,47599.42767428998,5.017928664897728,7.366078342785524,0.055012960345514485,161410.34014688752,5801,2155,803,4390,3177,1192
4622,22386.529715283046,23397.096186124498,45783.62590140755,5.086052847193711,7.966006223302323,0.054891643503227255,162956.1690118106,5397,2050,1312,4594,2179,1986
4623,25629.988219521718,22574.00842094446,48203.99664046618,5.207414878250148,7.582267764770847,0.05444565751096052,159240.11025745765,6058,1907,794,5662,1662,1435
4624,23453.515132779867,25119.121549883508,48572.636682663375,5.1450599459913935,8.202269127547073,0.05441811915252937,157592.8083039749,3407,2403,2949,5623,2440,696
4625,25968.347657768078,23196.97544239524,49165.32310016332,5.11569236384555,7.718366119949885,0.055034691647167004,160203.9540616172,5613,2553,593,6138,1990,631
4626,25133.901132340765,19832.173614119325,44966.074746460086,5.304055039759351,7.313357529847519,0.05504443437215528,163293.7125753271,6500,1663,596,4536,2540,1683
4627,20917.40346654702,22112.465525875286,43029.86899242231,4.661177085434644,7.322389277738771,0.05441675088851569,162707.08953381865,5296,2178,1285,4202,2541,2016
4628,23347.01378298744,19593.477186704305,42940.490969691746,4.86803149596647,7.303102635871378,0.05445806420248894,160168.5088851356,6223,1560,976,5077,1753,1929
4629,23476.425653422753,23310.567056276668,46786.99270969942,4.739928593536058,7.516919957644653,0.0543727497547838,159445.12550822526,3547,3011,2201,6460,652,1647
4630,23162.39955790549,17038.129574763887,40200.52913266938,4.9184168733042,6.872169654084295,0.05438111290618342,161094.2253880012,6365,1890,504,4995,1259,2505
4631,22426.000490800907,18844.95011456188,41270.950605362785,4.7200465171554615,7.026474686909863,0.05498893690560847,161351.8528768154,3650,3369,1740,4998,1688,2073
4632,24694.89073865639,21614.34603702902,46309.23677568541,5.048289336296935,7.173488884875899,0.05555566803465382,163280.56837965327,4538,2223,1998,4001,3382,1376
4633,21636.057718702257,22355.79533142726,43991.85305012952,4.657968905807944,7.227820239186075,0.05496494065859512,164348.95026516242,4031,4248,480,3966,2775,2018
4634,21786.053177875834,17997.650249121478,39783.70342699731,4.38734382385806,6.8209436581123715,0.05438377824352799,160477.04337411298,4977,1738,2044,5160,1223,2376
4635,22132.984774579912,24554.637423062457,46687.62219764237,4.5159058964388885,7.868287610175922,0.05440642905578337,158390.2397291344,2974,4804,981,6364,868,1527
4636,25231.13472811205,25302.97660251447,50534.11133062652,4.9155098311770615,8.092992818474233,0.05432100495184216,155749.174311356,6152,1786,821,7094,771,894
4637,21362.289545894087,25440.24258792243,46802.532133816516,4.7127462892125465,8.075250777845337,0.05438132173972431,157596.01864901287,4300,3614,845,6212,1572,975
4638,23560.90662240609,19556.812282483417,43117.71890488951,4.7131887019453655,7.4149757155963085,0.0550912077147875,162036.71455558582,4427,1277,3055,4514,2826,1419
4639,24213.821227529046,21889.86746805017,46103.688695579214,4.853052966581312,7.654310431532131,0.05506206177430797,161296.79184362723,4128,4299,332,4887,2601,1271
4640,25926.070173216405,20837.125241372705,46763.19541458911,4.928174417482727,7.304330105597528,0.0543819740999003,157724.48507920917,6444,1868,447,5389,2522,848
4641,22960.870155557383,20735.457464749194,43696.327620306576,4.57361977374759,7.548636756942411,0.055000507782659164,161773.98732073352,6077,1919,763,4676,2602,1481
4642,20083.38160971675,26653.272459583262,46736.65406930001,4.5060458223718305,8.32157205530005,0.054956146179293924,162937.96413460354,4052,3435,1272,5880,1340,1539
4643,23309.130948756003,27419.965323399025,50729.09627215503,4.742202630048847,8.623700303603616,0.054437335770265174,158287.8774436689,3619,2351,2789,6497,1489,773
4644,26604.26662494399,24056.546295747223,50660.81292069121,5.321288291786371,8.076485447596363,0.055123217911843374,161004.63569033553,3434,4069,1256,4581,3484,694
4645,22938.509024680676,24097.959105333295,47036.46813001397,5.126128260025657,8.429143059080646,0.05491777581369682,160699.6569826494,3256,2293,3210,5214,2529,1016
4646,22044.55973622209,25581.324663227784,47625.884399449875,4.667340666990278,8.342499692050499,0.05447310396291278,155946.07898127462,2949,3735,2075,7024,1252,483
4647,22725.215578900676,19467.157579127477,42192.37315802815,4.503679872231815,7.558374713563941,0.05520785111536875,163166.6232574144,5573,2128,1058,5139,2182,1438
4648,24177.571049059577,22158.817409136966,46336.38845819654,4.525337990595374,8.131168076494152,0.05482370567699215,160317.39151843844,6041,1135,1583,5982,1318,1459
4649,19996.874403816346,23389.27702862655,43386.1514324429,4.356554273640202,7.7954843076306,0.05437309135682611,163116.7701610378,4842,2316,1601,5649,685,2425
4650,20404.475852939995,22526.578502068365,42931.05435500836,4.642805932738426,7.909971254373815,0.054454701727257054,159366.68621301345,3314,3834,1611,6617,544,1598
4651,24077.5927050721,17732.933963046245,41810.52666811834,5.094000211631885,7.186082078281314,0.054388865325090574,159099.5683206045,6195,1392,1172,6026,977,1756
4652,21552.516677362302,21494.056690552385,43046.57336791469,4.742357414937411,7.533249184812414,0.0543482560401218,160006.21378236267,3736,2891,2132,5692,1231,1836
4653,20589.295484438146,18881.78398444785,39471.079468886,4.525029564001947,7.4962675398069445,0.054486548536654564,162740.21872161241,3735,3728,1296,5036,1346,2377
4654,22511.281117964838,24079.987771041644,46591.26888900648,4.600609126561047,7.811662007259022,0.054473604701851135,161809.3766612553,5460,2554,745,4754,2369,1636
4655,25450.473795934093,24784.365648555136,50234.83944448923,5.311305979624159,8.212934210168955,0.054415662878086773,158712.23024598855,4137,3576,1046,5621,2200,938
4656,23900.368645578168,22823.342805343353,46723.71145092152,5.217918049071904,7.688717466855003,0.05448634208006873,158128.7504308862,3525,3061,2173,6299,1743,717
4657,22729.37495607039,19537.14408295813,42266.51903902852,5.197982772637732,7.3327236489312035,0.054500353652329414,160219.87103513317,5797,2620,342,5118,2005,1636
4658,21724.214760532424,18267.55810027142,39991.772860803845,5.0717256942116,6.990017579669262,0.05501449528747685,160464.51309357554,4327,3947,485,4548,2565,1646
4659,21670.46842661822,21066.234499501592,42736.70292611981,4.930481003471706,7.583105235584106,0.054835768416824755,163374.19653119124,5504,2443,812,5438,1324,1997
4660,23780.330382621767,21122.088912641433,44902.4192952632,5.065679870302705,7.095244236313384,0.055028069255548484,161884.40881146205,3583,4025,1151,5064,1880,1815
4661,21631.331441032245,18845.775792969176,40477.10723400142,4.627543446290746,6.958865579676564,0.05569147398001554,162910.6272674718,4211,3310,1238,4716,2358,1685
4662,20519.40245850224,20654.823583280664,41174.22604178291,4.33452609528252,7.337895066895752,0.05558985410131938,162117.64513441274,5066,1934,1759,5299,2012,1448
4663,23299.409528708602,21318.156408794723,44617.56593750333,4.691207561650748,7.462620814206906,0.05545278684126535,163801.21923464187,5945,1895,919,5074,2264,1421
4664,22609.132577001936,23015.109100568166,45624.2416775701,4.810763508916788,7.607854986365249,0.0550478410966097,162832.6585807544,3067,5165,527,5630,1553,1576
4665,24497.351330943904,17366.747962570913,41864.09929351482,5.06115798642657,6.815531379213176,0.05460511687514328,160884.98204619053,4447,3315,997,4703,2141,1915
4666,21180.96836948993,22063.967940532,43244.93631002193,4.727903223687908,7.362418358740619,0.05437308718680879,158981.07775532454,3916,3905,938,5556,1526,1677
4667,21981.259183747403,20152.129868723023,42133.389052470426,4.744119477007172,7.355247601237255,0.05449533938156394,161690.45767956236,3988,3402,1369,5588,1416,1755
4668,24510.818832726523,20126.819018413607,44637.63785114013,5.157606452224141,7.213671593247436,0.05448804879382857,162751.83232271034,4455,2506,1798,5090,1695,1974
4669,24289.18529171131,20399.522731295187,44688.7080230065,5.294666709662935,7.063455823832894,0.054445332364201855,163305.75173680877,6431,1478,850,3880,2879,2000
4670,24609.940258594335,21841.246961771,46451.18722036533,5.4263636237263375,7.354092015794302,0.054462565171864895,161904.91853923872,5109,3219,431,4259,2809,1691
4671,26839.28340374933,21208.648764106776,48047.93216785611,5.70195991502549,7.143095173376219,0.05447343573456242,160761.01362760202,5715,2456,588,4562,3006,1191
4672,24914.972631931658,19712.442916297477,44627.41554822914,5.570686381577427,6.858634804212345,0.05446107644026335,160764.2341848743,5593,2540,626,5202,2015,1542
4673,22559.601431352272,16898.92625951547,39458.52769086774,5.111283250198807,6.45818180493148,0.05504312269120556,163009.82812327106,5463,2641,655,4884,1713,2162
4674,21768.289727458,18499.2202370487,40267.509964506695,5.016320160944839,6.860042086594109,0.05549095503971075,165258.70209394826,4735,1967,2057,3785,2916,2058
4675,23433.518753721404,22378.117550943738,45811.63630466514,5.0972315506329915,7.173315712549764,0.05559623761188997,165349.54652112053,4772,2984,1003,4047,3240,1472
4676,21397.772523172607,22842.314966987946,44240.08749016056,4.671913229127474,7.267104801449032,0.05493086067140835,162742.94275596316,4274,2656,1829,5187,1916,1656
4677,22717.592262748487,16960.153418932667,39677.745681681154,4.6004882156011915,6.545368813213822,0.05506592574029289,163185.58748353017,4525,2219,2015,3858,2892,2009
4678,22264.40815313121,17410.965600238673,39675.37375336989,4.437967005719198,6.447324882735598,0.05561798866781701,163630.52687027195,3790,3835,1134,3799,3428,1532
4679,23488.67975867685,20027.877282220063,43516.557040896914,4.93887475519048,6.987131761981263,0.05509705950048391,162869.39886923446,3537,4025,1197,3672,3458,1629
4680,25868.079482482073,24199.526428449608,50067.605910931685,5.54720716716306,7.510502096675472,0.054503749815436535,158137.64096067267,4465,3888,406,5263,2434,1062
4681,24927.92816591081,24200.06560511577,49127.99377102658,5.685890022979887,7.93114529465415,0.054437913905975376,159296.9193437836,5744,2511,504,5556,1846,1357
4682,25781.524575856613,22304.315278782382,48085.839854638994,5.606977963345486,7.312410919660064,0.05504540164556854,162110.2385393798,6455,1631,673,4046,3244,1469
4683,25004.034521890946,21199.073379411147,46203.10790130209,5.598098176089889,7.175152349335797,0.0550035638215157,162924.3520090072,4925,2698,1136,3431,3541,1787
4684,21181.181004720595,24114.629079088147,45295.81008380874,5.038901937532664,7.798918542328001,0.05451634231264277,162817.89846589704,5210,2851,698,4905,1561,2293
4685,21885.66648971245,23980.88374748517,45866.55023719762,4.939787454724118,7.822449305378534,0.05434916046180142,160459.39159042967,3903,3512,1344,6257,523,1979
4686,24987.884613682494,23488.8778324451,48476.7624461276,5.147364213392435,7.604154915108291,0.05502308466209071,161629.3478811863,5453,2146,1160,5864,1386,1509
4687,23868.651333176265,21760.49191244016,45629.143245616426,5.115321045001816,7.461240638150517,0.055517790185383595,164290.35367443124,5444,2466,849,4205,2716,1838
4688,23631.89377011412,20677.564815268543,44309.45858538266,5.190395188126135,7.27274913683645,0.05497957265617433,163835.89840069792,5000,1957,1802,5059,1567,2133
4689,21712.960360292218,22249.081681604242,43962.042041896464,4.833484743843986,7.461063649446131,0.05444013735743248,164018.87002695596,3613,2128,3018,4660,1717,2382
4690,22995.621236901585,19890.039500236657,42885.66073713824,4.634543773105476,6.9424870282308495,0.05506437330301857,163568.26331600905,5513,1676,1570,4393,2602,1764
4691,22331.113003764865,18303.314849194285,40634.427852959154,4.213854919531784,6.988613994300309,0.05538092066426266,163268.7867015772,4541,2108,2110,4356,2981,1422
4692,26306.63152706219,19046.969073443357,45353.600600505546,4.722739731520953,6.803551306990623,0.05494548368961563,160894.89829181766,7113,746,900,4252,3413,1094
4693,23930.715648803212,18492.75032269221,42423.46597149542,4.597648602250687,6.8246727485607614,0.054373588829475565,160722.05629378985,5205,1940,1614,5357,1110,2292
4694,20347.558414967265,21854.213639735186,42201.77205470245,4.081009739481826,7.300557615280994,0.0544636200596422,159212.87334916604,3452,3644,1663,5721,1161,1877
4695,19648.988225868867,21485.644233408646,41134.63245927751,3.7091310626900302,7.316790779465134,0.05434993646322687,160174.5613195342,3735,2785,2239,5906,747,2106
4696,23054.318528355296,18587.677610808994,41641.99613916429,4.070658292705821,6.995258678866378,0.05440979536264908,159441.66462976017,3709,2831,2219,5912,778,2069
4697,21588.22607927542,21131.249514153093,42719.47559342851,4.177468696892807,7.279821947742764,0.05503511042198918,158925.73665279386,3165,3264,2330,5986,1559,1214
4698,24847.17959164003,22463.50364332938,47310.68323496941,4.491357604898026,7.5485395686142684,0.05557252667235043,160877.15223043764,5816,795,2148,4771,3071,917
4699,24142.74213249052,20442.502525820444,44585.24465831096,4.62512800806143,7.280058537079975,0.05553574743952326,164099.74248948076,4964,2560,1235,4057,2968,1734
4700,25046.115103690023,21865.445656832893,46911.560760522916,4.628466076969242,7.273957424825144,0.05561651141311158,163448.80964643366,2930,4049,1780,3986,3729,1044
4701,22451.74808269184,25439.571538430686,47891.31962112253,4.388170167972559,7.953210631000834,0.055005991385405614,159675.67778450192,3396,3477,1886,4757,3221,781
4702,24742.32235655774,22077.01337816885,46819.335734726585,4.543858031585872,7.531101670866257,0.05448659017946187,157977.54167961996,4633,1960,2166,5528,2234,997
4703,22983.227753329284,20227.891150486976,43211.118903816256,4.571827239519057,7.422210402204318,0.05515305314712335,162668.11207235514,5244,2316,1199,4817,2758,1184
4704,23842.30009083716,22358.91250150109,46201.212592338255,4.827233088024596,7.707317422144401,0.05508511097812528,163870.48655091153,4801,3048,910,5065,2378,1316
4705,22288.646066889905,23516.270633481414,45804.91670037132,4.788688350845149,7.656826913484124,0.054376789685894183,161160.53174017186,5831,2448,480,5724,1251,1784
4706,22347.012997752296,20728.003481046137,43075.01647879843,4.929195721633966,7.620414150392761,0.05496619681067736,163505.53611860034,6306,2014,439,5496,1450,1813
4707,23499.02755863944,20913.46573999549,44412.49329863493,5.035296951938282,7.4205504991602025,0.055466864241868,164255.70122257603,6623,1752,384,4679,2553,1527
4708,24560.354671949764,20575.45711718676,45135.811789136525,5.022064927067227,7.184892262353865,0.054899124716273257,159586.51410833362,7044,1497,218,4998,2595,1166
4709,21119.866991036615,19288.139078244985,40408.006069281604,4.726243911795372,7.0600147863610125,0.05440904992370735,162307.9443504108,4222,2744,1793,5180,911,2668
4710,22471.122520001813,20981.2817481686,43452.404268170416,4.9699842623242265,7.424412013541636,0.05505302733804766,161584.94111880346,4768,3045,946,5557,1550,1652
4711,21611.055399987385,24900.48734307996,46511.542743067344,4.796442386845809,8.075374346012744,0.05496477756351768,160462.9713159535,3985,3784,990,6401,1356,1002
4712,26120.981422568355,22806.698505190143,48927.679927758494,5.292027302392608,7.723550157236958,0.055024221220264444,158908.86206845086,5607,1806,1346,6064,1952,743
4713,24470.106792289393,21603.804198310263,46073.91099059966,5.438640311453081,7.637558205240778,0.05549492385880626,164462.52627423898,5665,1987,1107,5170,2130,1459
4714,24542.66221186852,23154.7929339989,47697.45514586742,5.369253858999264,7.701818001808057,0.05504790843824334,161389.34357376344,5236,2498,1025,5436,2213,1110
4715,22172.95693800499,26199.31937522877,48372.27631323376,5.163046556506235,8.486982599785188,0.05445402754139042,158189.35920465857,5338,3002,419,5894,1974,891
4716,23922.437597820157,22181.52620997604,46103.9638077962,5.150856483468854,7.721829857924247,0.0549668580849928,161000.28740393434,5552,1484,1723,4960,2545,1254
4717,24538.24278206206,22452.50789070644,46990.7506727685,5.365836309280849,7.732315852882471,0.05557798863924011,162235.60425542828,3950,3074,1735,4681,3095,983
4718,21869.04673925418,24895.038960900747,46764.08570015493,5.276767392886056,8.19708699653608,0.054891328647328895,159971.93463606367,4173,2932,1654,5962,1775,1022
4719,24084.09740755348,22379.517505635926,46463.614913189405,5.200173322752412,7.654883161769661,0.05507171626384426,160666.0166848082,6179,1214,1366,5183,2498,1078
4720,24215.15648398887,25579.34041555404,49794.49689954291,5.09028807270059,8.272975012696651,0.05494040160905914,160493.62918938123,4292,2997,1470,5209,2417,1133
4721,22818.08862701383,24236.397303956004,47054.48593096984,5.080478471977293,7.914551253814295,0.05438704446874405,158656.38776823538,4653,2731,1375,5979,1494,1286
4722,22629.035419646203,26497.752382381088,49126.78780202729,5.216477249127648,8.611176434007037,0.05445920238211433,156398.9752048126,4644,3066,1049,6392,1572,795
4723,24607.315299759033,25662.767382566635,50270.082682325665,5.183670443382934,8.460399214209165,0.05435709523029263,156553.1944766438,6285,2268,206,6008,1954,797
4724,21469.735566420663,24560.099792633246,46029.835359053905,4.710234224024506,8.094558151568279,0.05447532782982558,158666.81580340603,3620,4301,838,6312,1309,1138
4725,20047.11375164202,26954.915332280303,47002.02908392232,4.2560182694178,8.957811788877795,0.05439091382202772,158209.56541235707,3619,4404,736,6773,936,1050
4726,25948.835463733154,24801.393677614567,50750.22914134772,5.131444611583325,8.549269108568396,0.054386166299066514,156964.00363348576,5375,2756,628,6233,1913,613
4727,20954.581299396268,24830.74497047212,45785.32626986838,4.255840253257046,8.383939182039557,0.05447674428805059,159854.05162257736,5623,2181,955,5067,2633,1059
4728,23376.29237106104,19355.355868865176,42731.64823992622,4.597350578581019,7.621761688809382,0.05506175441101194,162868.53226384663,5224,2449,1086,4799,2345,1615
4729,24825.292235533536,22123.689849749964,46948.9820852835,4.713750858735778,7.94263482310756,0.055633725498264924,161416.03815905182,6031,1830,898,4580,3304,875
4730,25446.09916072245,20683.11695826304,46129.21611898549,5.07356887274184,7.4093786889112865,0.05503871913568347,159291.25935233457,5965,1300,1494,5410,2392,957
4731,24695.164435174433,18073.875127963205,42769.03956313764,5.055842885500348,6.974137740127409,0.05434737738201377,159794.675783171,5917,1044,1798,6062,764,1933
4732,21259.66026158606,21478.536838646687,42738.19710023275,4.674568037121969,7.357101899413152,0.0544113588175333,161759.84535178714,3740,4082,937,4700,1899,2160
4733,21864.049521136723,20362.034324272467,42226.083845409186,4.4585381932502415,7.469006305154598,0.054416649144361805,160920.14788283134,5702,1455,1602,5103,1690,1966
4734,22556.74042836194,24856.698419443153,47413.4388478051,4.500770466977431,7.704673403963007,0.054377959261390184,157928.61693946685,5308,1807,1644,6183,1588,988
4735,22761.259649024432,23356.558066507798,46117.817715532234,4.7859192978795635,8.038872058809421,0.0544234899283132,160837.53345919456,4878,3161,720,5456,1804,1499
4736,22005.760581400442,25553.80268127959,47559.563262680036,4.839309654950401,7.981717330300633,0.054514081250390395,160613.88311739184,2530,4231,1998,5867,1323,1569
4737,20445.72765540675,22659.09563405838,43104.82328946513,4.579676224828538,8.07356076283597,0.0549251758308196,163174.14416150216,2188,3573,2998,5328,1515,1916
4738,22771.477344405717,23651.580800786043,46423.05814519176,5.028126249154906,8.033142876137676,0.05502004281658327,162838.4962426144,4897,3061,801,5559,1653,1547
4739,23453.168068879117,23791.007934634763,47244.17600351388,4.762266773556105,8.100353784240088,0.05446418715534805,159003.4567964241,3983,4283,493,5488,2154,1117
4740,23172.014178015957,24679.077542110692,47851.09172012665,4.574928262861995,8.119569367798547,0.0544393021497131,156734.12796237168,4655,2570,1534,6302,1932,525
4741,22206.25289850936,19294.460950153793,41500.71384866315,4.43326375847666,7.556904648269637,0.05503351538037593,164216.4110175478,6509,1470,780,4615,2517,1627
4742,23170.482403251735,23920.32545517487,47090.807858426604,4.5574844730413195,7.9178096881241276,0.05567625495646225,165298.9626311478,3618,4163,978,3133,4205,1421
4743,25936.544399127004,22683.29420467101,48619.83860379801,5.103831295293384,7.657317974910168,0.05565146513927423,163005.26806202802,5324,1772,1663,3238,4373,1148
4744,20690.389620702455,22626.59275005328,43316.98237075574,4.493843467173141,7.636173193324522,0.054966691550300234,162787.77946545515,2933,3797,2029,4556,2682,1521
4745,21539.29824317202,18767.607382292237,40306.90562546426,4.6945663848236086,7.437749613324249,0.05449736224170438,162241.834326988,4063,3914,782,4759,1691,2309
4746,21267.883245159024,18688.422871648963,39956.30611680799,4.382059603769016,7.2484927060051705,0.05497395587871373,163798.71552313006,5609,2360,790,4084,2331,2344
4747,22487.709048966943,19192.615629149983,41680.32467811693,4.256487772968792,6.984712827874573,0.055042513927532906,162715.13558091066,4720,3312,727,3975,2722,2062
4748,20542.57107662024,20961.67105224881,41504.24212886905,4.281139282415127,7.23858060619028,0.05435719365202452,161925.15702965565,4717,2955,1087,5168,1369,2222
4749,21384.614025511255,22560.57836046454,43945.192385975795,4.451427181105611,7.796361198729982,0.05452673838386771,159289.48718311405,3538,2156,3065,5905,1317,1537
4750,25429.25204538923,22506.04601991936,47935.29806530858,4.820247728946718,7.549046929317049,0.05514495830607336,161618.4902167925,6028,1625,1106,5183,2801,775
4751,23094.95028241678,23021.010288907935,46115.960571324715,4.625815430144344,7.937373710448398,0.05494345746128622,161609.66338010898,6011,1108,1640,4660,2997,1102
4752,24477.018506293938,23016.98232513336,47494.0008314273,4.573991231087658,7.507470823569857,0.05442855696343508,158133.4531995109,3958,2279,2522,5473,2504,782
4753,22209.059190819742,20770.15257095347,42979.211761773215,4.537955833287033,7.707134156857987,0.05457161998107064,160294.8919297941,3102,4350,1307,5366,2015,1378
4754,22989.62051882867,24490.168201942906,47479.788720771576,4.535138121708091,7.857121150053523,0.054399531077203925,157132.2048312813,4758,2635,1366,7136,868,755
4755,20869.191052225768,20105.644298067065,40974.83535029284,3.9855877300997817,7.5453403488146975,0.055047593568931644,162938.71195215112,3834,2066,2859,4952,2150,1657
4756,20266.306841598718,21337.346657367903,41603.653498966625,3.7725506788019945,7.424115957280834,0.054926974496239095,164572.02847063326,3755,4039,965,4362,2313,2084
4757,23020.908142499848,22645.962339971724,45666.87048247157,4.182358123196453,7.921808642182501,0.054355097745639944,158389.4133277153,4129,3439,1191,5817,731,2211
4758,24084.158670631823,23068.960748048758,47153.11941868058,4.661219600132578,7.61207907834815,0.05436167500437567,156809.75011661477,5777,1991,991,6380,948,1431
4759,22145.4639278037,25280.21212211721,47425.676049920905,4.603865842115483,8.419959028422632,0.05439893544582309,159289.7622206516,4647,2980,1132,6405,771,1583
4760,24849.176434718083,22878.502626776222,47727.6790614943,4.727198997830209,7.87159973407784,0.05501763102675917,161499.4464496138,4159,1646,2954,5419,1773,1567
4761,24441.46498051565,19994.207222303994,44435.672202819645,5.167314573416663,7.350453335691,0.05554485091070341,164196.07820684995,4652,2453,1654,4645,2336,1778
4762,22704.107810930913,22746.173146247984,45450.2809571789,4.96194608641773,7.772802492126665,0.05513346314370038,162887.52996838416,4499,2990,1270,5533,1924,1302
4763,21658.13717234535,20137.059124563028,41795.196296908376,4.676374401821739,7.371235900654132,0.054430813372755564,159458.64851099614,4343,3306,1110,5961,1190,1608
4764,20008.68016823688,21766.293553793468,41774.97372203035,4.448522450887388,7.623498071449183,0.05453112132927923,162534.82359347443,3450,4289,1020,5582,1051,2126
4765,21527.884475254774,21766.569579864223,43294.454055119,4.467533812527027,7.9102492958040855,0.054401993888973765,159793.96913617058,3716,4354,689,5805,1480,1474
4766,25303.199074377953,23549.64013684316,48852.839211221115,4.9751467398211995,7.723978032204135,0.05437224213183617,157936.39328994477,3869,3083,1807,6029,1717,1013
4767,21927.80426608493,21995.791217547954,43923.59548363289,4.366916868508219,7.752103074168641,0.05448308819279139,161265.88545153494,4977,2288,1494,5300,1704,1755
4768,19911.008738250177,22723.96913985585,42634.97787810603,4.2554724501117525,7.883627520939236,0.054373904184454404,160908.0687976256,3336,3449,1974,6179,629,1951
4769,23528.927183644475,22644.86659035811,46173.79377400258,4.687910420720889,7.968370442738824,0.05504452649208717,160619.21737393946,3532,2955,2272,5047,2508,1204
4770,24998.608025097936,21953.953382054668,46952.56140715261,4.949136069503972,7.631525869480203,0.055047829258814164,157947.61649536717,4349,3589,821,5822,2221,716
4771,24374.692366162682,19935.742857957168,44310.43522411985,4.988593697527048,7.593658213678604,0.05459779904236558,160512.2973902426,4095,2574,2090,5462,1672,1625
4772,23555.848457574335,23095.750445777583,46651.598903351914,5.044942711079087,7.83336396981654,0.05442216202774131,159998.14711138816,5439,2570,750,4559,2799,1401
4773,26286.61928923394,23161.276258925533,49447.895548159475,5.406451644611103,7.693773628931162,0.05440438321071543,158287.1961209532,5850,1987,922,5126,2511,1122
4774,22633.974605416686,22244.952519861752,44878.92712527844,4.950010112770573,7.511449353735929,0.05440864493517123,161639.69649229333,4592,3194,973,4598,1816,2345
4775,21804.965015099784,22451.420778166186,44256.385793265974,4.753191924185284,7.8017611922909476,0.054470377320972055,162448.2995763562,3815,2800,2144,5181,1485,2093
4776,23524.42212254909,21775.50264615596,45299.92476870505,4.973277180980534,7.4819265301827125,0.05500063098204995,163610.0506796425,3493,3261,2005,4671,2179,1909
4777,23167.224486047857,21516.90647903115,44684.130965079006,5.080263472914338,7.441288608888648,0.05493426769207873,160038.13823206438,5175,2074,1510,5423,2253,1083
4778,23586.077839154856,22050.480462008698,45636.55830116355,5.085625794250391,7.8811490627538605,0.05442309036902838,159908.32105578345,5219,1816,1724,5226,1824,1709
4779,23837.455872864888,20765.13395114104,44602.58982400593,5.033074779416909,7.2577341740041925,0.05510609003589791,164954.78196819697,3144,3347,2268,3740,3165,1854
4780,25114.65536250339,16696.53188921375,41811.18725171714,5.0536956780715405,6.718634306861968,0.05564499192571229,163616.8355585773,4935,2373,1451,3334,3924,1501
4781,21205.03230548077,19275.72411571858,40480.75642119935,4.874837309860649,7.028311781265463,0.05543363635778833,165417.70638602908,5252,2218,1289,2996,3839,1924
4782,26188.38654380623,23279.25033107392,49467.63687488015,5.249567827031481,7.497471798404136,0.054909599324201676,159402.22473624244,5133,2669,957,4326,3779,654
4783,20690.731073392868,26075.47640472562,46766.20747811849,4.515221436350069,7.934538290002178,0.054430633161469504,158859.18673011358,2830,3789,2140,5506,2164,1089
4784,22171.613535278088,21012.976347938606,43184.58988321669,4.325228049570761,7.4238494099677,0.0549637598397509,164358.4666108501,5565,1731,1463,4633,2316,1810
4785,24426.502508333095,20542.05971848056,44968.56222681365,4.601480924635285,7.453124927119786,0.055043133473383916,163604.2070609268,4737,1872,2150,4642,2204,1913
4786,27051.53173041193,20764.206676428512,47815.73840684044,4.900812899550594,6.9467896049199815,0.05435354469422131,158426.00973576462,4980,3158,621,5695,1515,1549
4787,20601.96250261721,24841.58001614259,45443.5425187598,4.397446344493608,7.89856329100467,0.054369310941420716,160503.21640243608,4676,2752,1331,5711,1175,1873
4788,23148.872666167408,21456.55774098382,44605.43040715123,4.503149355486295,7.317648685337902,0.05440548790088542,161943.62623275773,6738,1306,715,5178,1243,2338
4789,22908.17180109621,20401.79990557495,43309.97170667116,4.73443001496877,7.508140141026267,0.05437581830318692,160863.03130252322,5315,2374,1070,5262,1392,2105
4790,24381.570892388307,21624.967948885107,46006.53884127342,5.01964554042314,7.235246881132655,0.055064821415890024,163482.40611174962,6294,2080,385,4173,3051,1535
4791,23525.600262327014,22374.993476492247,45900.59373881926,5.029037361650848,7.572624678353623,0.05507007489711886,162414.331611806,4629,3633,497,4539,3024,1196
4792,20401.603932863436,24242.483169563744,44644.08710242718,4.410848680640373,7.712665313155114,0.05439736245400449,161555.39139617886,2209,5267,1283,5464,1794,1501
4793,22175.81722088381,22294.930936273464,44470.74815715727,4.621180136824124,7.9561151896893145,0.054484552010812426,159198.7548988119,2957,5077,725,5927,1469,1363
4794,25747.291413275892,22527.59468438393,48274.88609765982,5.14171583960325,7.658977987531579,0.055043673175979836,162123.99379006968,4371,3749,639,5486,2306,967
4795,20344.121310793656,25355.425183288076,45699.54649408173,4.612945178302608,8.179641666571115,0.05512090535671319,161929.82144916002,4427,3719,613,5652,1857,1250
4796,25509.978562528886,22598.934421878133,48108.91298440702,4.984890918435455,7.814880825662898,0.05497389904952469,160310.864306107,6056,1110,1593,6063,1708,988
4797,23781.27007137872,22851.323114446546,46632.593185825266,4.8844692104142995,7.771328488489833,0.05514362765294495,161986.22182277602,5350,1481,1928,5849,1755,1155
4798,23759.03471839038,20107.07822438314,43866.11294277352,5.044135808714752,7.2820009607591025,0.054995003623714046,164542.57666308992,5507,1060,2192,3603,3271,1885
4799,23040.48300345934,22808.84743080612,45849.33043426546,4.613752247616069,7.699586445558477,0.05565810057313032,165512.23598679935,6181,1634,944,2982,4412,1365
4800,23999.15303855885,20872.17343850093,44871.326477059774,5.177880805005524,7.506016137041129,0.054922357951338346,162622.08551955817,6398,597,1764,4610,2452,1697
4801,26081.651148685585,20000.923451177616,46082.574599863205,5.433748228223559,6.9852129068208395,0.054410734121064196,158990.25471985122,5769,1788,1202,5574,1710,1475
4802,21605.361946778103,21571.25863156994,43176.62057834804,4.968403753238325,7.6340811403085596,0.05436797307488443,159150.1213586546,4156,3323,1280,5443,1430,1886
4803,24217.120909109606,22991.977758104673,47209.098667214275,5.18575483120865,7.446407001385091,0.05434102704232797,157680.75727305294,3928,1826,3005,6073,1349,1337
4804,25275.738877486496,20996.62957559756,46272.368453084055,5.153516220724356,7.455375827911976,0.055114117336241907,160281.78565139585,6048,1166,1545,4667,2873,1219
4805,24519.684420857655,21356.03127619493,45875.71569705258,5.665248211999829,7.403917113636873,0.055125815013338346,163344.8307252277,6164,1967,628,4746,2459,1554
4806,24816.12224203687,20339.430607452527,45155.552849489395,5.537754336728246,7.064124751709834,0.05508694126709219,164289.73526747528,6588,1376,795,3536,3415,1808
4807,22029.57695475619,26357.71101275872,48387.28796751491,5.205331868019067,8.059204541699682,0.05510839610663321,160765.0511704364,2805,4301,1653,4716,2824,1219
4808,23428.849182832266,22389.707105432746,45818.55628826501,5.301438389106941,7.516049842236288,0.054421392111050085,158681.38002390228,3691,3144,1924,5623,1763,1373
4809,22644.264112499295,20447.314765672832,43091.57887817213,5.214540597074726,7.3084375036767355,0.054346918623498254,159525.67215285107,6503,1737,519,6023,1045,1691
4810,22404.318000950625,21603.572520976584,44007.89052192721,5.027942755773208,7.792567510628924,0.05441600162941123,159369.13622566042,4002,3936,821,6209,912,1638
4811,22489.015938661767,23232.361099103797,45721.37703776556,5.197991953653173,7.575716681924811,0.05433574393096341,158182.89070457342,4161,2567,2031,7082,384,1293
4812,24325.954065950515,18919.227738019577,43245.18180397009,5.496025295260836,7.2796322739867465,0.05451306627697372,161846.71850554724,5466,2000,1293,5310,1423,2026
4813,24266.558930985633,19904.362326282604,44170.92125726824,5.5032831541638965,7.048478941747901,0.05439453686195313,161521.92796963154,3363,3747,1649,5329,1436,1994
4814,22624.607270713394,23891.233886195707,46515.8411569091,5.288281951539089,7.862187589656464,0.05500980182448842,160340.8531216882,3997,3623,1139,5833,1551,1375
4815,23455.109067823225,22497.03320021553,45952.142268038755,4.987463246605414,7.506818572780349,0.05556705332975959,164133.03696062975,5227,2925,607,3897,3484,1378
4816,22210.296204917104,23679.055712610843,45889.35191752795,4.828264562140361,7.92297019074728,0.05491725661378227,163532.9222098361,4741,3158,860,4903,2026,1830
4817,22961.34075019728,28771.948299650852,51733.28904984813,5.011865252908521,8.551298302328084,0.05438764150063485,156489.65971802492,4391,3207,1161,7358,625,776
4818,24098.939886752043,24663.8458350832,48762.785721835244,5.265408775567191,8.133654239001395,0.0543674432559705,157449.38320627876,4507,1812,2440,6592,1069,1098
4819,25314.335744111602,21154.02997492185,46468.36571903345,5.483669789580502,7.8040499125749765,0.055134289296478414,162039.9091906237,5075,2444,1240,4816,2500,1443
4820,23470.411771787614,22453.171703705742,45923.58347549336,5.327386317727342,7.869447765280962,0.05495031601752626,162074.54253618678,5515,2082,1162,4236,3199,1324
4821,24979.770215766108,21093.527499566946,46073.29771533306,5.54917917090414,7.381541042926026,0.054384496467079234,158601.02511850427,3794,3319,1646,5716,1557,1486
4822,22661.431056526348,19229.25686650889,41890.687923035235,5.345239145277572,7.372954459706084,0.054899833022430275,163315.08575881322,3748,3774,1237,5069,1606,2084
4823,22196.20188018415,23313.63582482588,45509.83770501003,5.204018724110211,7.4623334465985725,0.054962928507534134,163330.9996672105,4705,2681,1373,4947,1887,1925
4824,21184.05319457654,18682.738598518918,39866.79179309546,4.940306141194184,7.134653206188247,0.05438064067298068,161355.51037029654,4104,3550,1105,4914,1434,2411
4825,23547.10817232573,18073.931270222933,41621.03944254866,5.08621015068169,6.756868354852568,0.055032890318736094,162028.84310947577,4629,2951,1179,4236,2559,1964
4826,21922.916133749837,21888.062177726126,43810.97831147596,5.167160118536443,7.5710146300054975,0.055095299215458526,161661.34640584537,2903,3288,2568,5039,2004,1716
4827,23778.107879938132,26754.170120810028,50532.27800074816,5.411240774072129,8.067675268615064,0.05437016459295189,157287.50764250424,4165,3425,1169,6085,1490,1184
4828,23543.27734721925,22426.346891314384,45969.62423853364,5.366549277291493,7.46164508409214,0.0544643779013763,159814.29280750375,5787,1878,1094,5354,1682,1723
4829,23535.18397533284,18427.53754958756,41962.7215249204,5.310478780559852,7.139445710986784,0.05504905434050999,162723.46394607876,5260,930,2569,4183,2527,2049
4830,24830.637051458016,20094.017204559153,44924.654256017166,5.180343214206435,6.950701293186033,0.05505444060613088,162664.70459285015,5686,1838,1235,4114,3048,1597
4831,23794.929180904164,21915.836426244663,45710.76560714883,5.055243466475839,7.149243762932624,0.05514909115598492,162880.82753169717,5460,1505,1794,3260,3726,1773
4832,24746.41386376219,20393.05187390863,45139.46573767082,5.2068172915948105,7.050569998049574,0.05514976812215945,165487.87454393605,5429,2770,560,4576,1919,2264
4833,20823.63736196728,21953.12222821455,42776.75959018183,4.646889142376694,7.360176821380242,0.054470362956429125,164830.0193700481,5402,2368,989,5030,1506,2223
4834,23751.156334009313,22730.926610642095,46482.08294465141,4.691861934852005,7.504643948051213,0.05504011145742213,163210.66893200294,5287,1736,1736,4236,2756,1767
4835,23181.66212501198,20726.674169840786,43908.336294852765,4.769415125440635,7.242474992352027,0.05492728167143076,164762.71465295454,3902,2180,2677,4326,2253,2180
4836,20443.37236320699,22186.683394065603,42630.055757272596,4.3723090656787145,7.556788938636445,0.05440453636767818,160805.3240147971,4312,2787,1660,5647,1159,1953
4837,20100.00415332588,21592.614265354052,41692.61841867994,4.037258429531653,7.486090022016829,0.05437657956620907,161996.04518176877,4981,2975,803,5544,891,2324
4838,22918.819045413846,20114.903348417418,43033.72239383127,4.391472485728692,7.462081202140516,0.054604570426317646,162404.4786893742,5509,2252,998,5308,1280,2171
4839,26737.313539694187,21277.430630722312,48014.744170416496,5.060209371000458,7.229973309447405,0.05505649272984513,162072.78158063983,4586,2571,1602,3679,3978,1102
4840,22529.86168089578,22317.35574217758,44847.217423073365,4.783652256318497,7.432413223726744,0.054885370358734135,161504.46825573037,4037,4114,608,5045,2453,1261
4841,23682.885323632974,18833.490233707424,42516.3755573404,4.964022508559019,7.092587208716817,0.05498876570290712,162125.81549166405,5410,1783,1566,4393,2687,1679
4842,26490.569110578548,22614.575088573874,49105.14419915242,5.186585559951592,7.547623755938348,0.05495715367131383,158365.87940005734,5991,2052,716,5835,2018,906
4843,24269.4685013145,20413.917369452,44683.3858707665,5.016064395533337,6.948401170567196,0.05436446483860916,161475.39321680483,5443,1670,1646,5551,1095,2113
4844,21587.548988040773,18960.16169379552,40547.710681836295,4.508280292471609,7.047353613006118,0.055009692918752115,165199.7882563768,5373,2355,1031,4071,2297,2391
4845,25560.189976620542,22162.14605430844,47722.336030928986,4.986125564749218,7.411949876964989,0.054912077547513274,158702.45375810374,5119,2553,1087,5378,2406,975
4846,24400.994425245,24692.26698938929,49093.26141463429,4.753962189305315,8.24978147343721,0.05437977306586029,154517.09325700483,5995,1876,888,7334,930,495
4847,25106.969474869995,24730.697037219797,49837.666512089796,4.810369015581132,8.049790451740515,0.0550557938113982,158841.2547116271,5026,1868,1865,6052,1999,708
4848,26155.34795549901,22840.017926575765,48995.36588207478,5.292728753746206,7.831553762506245,0.054981318460980894,160124.37046012154,7230,1293,236,4945,2844,970
4849,23472.19351315494,22592.13526427197,46064.32877742691,5.241829852121165,7.570862324082409,0.05438318276970483,158558.23019582158,5696,2445,618,5715,1676,1368
4850,26990.48383539832,19616.588919868336,46607.07275526666,5.503142562713265,7.299747430777558,0.055084363321253466,160248.70643005375,6040,1892,827,4869,2880,1010
4851,22854.97506504462,22974.32196301232,45829.29702805694,4.821396729349021,7.473283450313826,0.055018815249392686,163194.51762266227,5641,2414,704,4695,2511,1553
4852,20183.6735062521,18231.4158542698,38415.0893605219,4.501604216116541,7.218057025645781,0.05443223751669788,161087.23524098023,4738,3009,1012,5166,1072,2521
4853,22832.779650578042,17825.2610153922,40658.04066597024,4.54181319239004,6.926037453878909,0.05434583688023738,158650.84648024337,6087,1906,766,5838,1089,1832
4854,22299.54842373552,19732.167532148556,42031.71595588408,4.552126904228909,7.0214071095772175,0.054346127439088135,161409.7347946557,5388,2325,1046,5731,844,2184
4855,22312.00629376081,19469.35071708785,41781.35701084866,4.981749984266664,7.264335650884538,0.054375271779187884,162695.3997858075,6393,1328,1038,4825,1483,2451
4856,21613.82677295756,23600.80173990434,45214.6285128619,4.632280534293775,7.437530822786718,0.054350032627263185,162017.80244123543,2773,3467,2519,5314,1458,1987
4857,22436.492001064526,25421.671731096765,47858.163732161294,4.6424213904084075,8.175794173839881,0.05438995123560574,158107.5019275679,2136,5980,643,5518,2053,1188
4858,25199.873019399172,24525.2008090704,49725.07382846957,5.0302883858375065,8.011120525237352,0.05446073009292937,159715.31881508778,5438,1485,1836,5491,1997,1271
4859,25000.691370338205,22579.35412899088,47580.045499329084,4.907601775375723,7.576797361705782,0.0550442216750569,163181.22027895428,4909,3531,319,4267,2830,1662
4860,23765.24543305324,19643.140490661826,43408.38592371506,4.557962573236234,7.088860931794301,0.0548764026639062,162584.18690650354,5061,3461,237,4025,3059,1675
4861,22566.3661751441,18432.128775512363,40998.49495065646,4.5538856173517015,7.071655596718653,0.05498115465862529,165520.98740361969,4814,3240,705,3914,2363,2482
4862,21634.41713139023,21948.483645865424,43582.90077725565,4.460181387475287,7.276502245427826,0.054880582051365014,164855.8554445058,2170,4351,2238,4577,1772,2410
4863,18605.903910372697,19758.44536479696,38364.34927516966,4.196145126551443,7.341318377617239,0.054986666323885,166087.22572185082,5221,2939,599,4056,2027,2676
4864,19551.242198189197,24403.709495956264,43954.951694145464,3.8305382773795222,7.7783203861885655,0.055128367390350076,162677.12203034209,4814,2909,1036,5118,2187,1454
4865,24825.49010155363,22397.188980182967,47222.6790817366,4.347557303804864,7.566442085674908,0.05445493752225873,160220.89768466435,4409,2168,2182,5689,1655,1415
4866,24729.472160829373,22876.111407198936,47605.583568028305,4.6276671750557234,7.601487672470812,0.05439231815192084,158844.09808332045,5766,1437,1556,5973,1711,1075
4867,24278.139720014893,19019.225041949467,43297.36476196436,4.8112369502981265,7.115621975971809,0.05446085525959854,158898.46210266682,5780,2010,969,5651,1657,1451
4868,21665.387676753147,19951.497059346068,41616.884736099215,4.730112039522254,7.397029102227642,0.05449376076705275,162731.38797940683,5427,1936,1396,4837,1572,2350
4869,23722.20957697827,19270.35464716451,42992.564224142785,4.646601675599488,6.683634829831001,0.055073485881481705,163677.40721745146,4726,3048,985,3094,3672,1993
4870,20679.820224337986,18900.595734847164,39580.41595918515,4.190319433343011,6.783004647947441,0.05487951506403112,164119.13305214024,5261,2003,1495,4460,1921,2378
4871,21323.51500851936,18196.965063274645,39520.48007179401,3.8785448396519855,6.7725526999295536,0.05493082114863014,163979.10405827573,6295,1780,684,4680,1645,2434
4872,23654.596461037967,19724.596379811963,43379.19284084993,4.1665314445588555,6.779646101008165,0.05559349442740429,164171.09594040614,5450,2117,1192,4082,2970,1707
4873,24745.04444674051,22641.341071123235,47386.385517863746,4.488374949942225,7.272878298974567,0.05557431831112269,162382.12246441178,3977,3568,1214,4880,2710,1169
4874,25787.55024383007,22377.92602496223,48165.4762687923,4.92844490013053,7.332772955546981,0.055036135501012814,160939.13856238264,4623,2673,1463,5216,2145,1398
4875,24324.269290239066,19621.195716428112,43945.465006667175,4.7334817222153065,6.801278255252347,0.055072723678018916,164239.50082194264,6095,1369,1295,4513,2073,2173
4876,23209.1348276548,20118.317372886548,43327.452200541346,4.888760545151464,7.326978251000842,0.054955914561637356,162376.4419784811,7054,1178,527,5137,1964,1658
4877,23993.372521242476,23287.194731821914,47280.56725306439,4.765251304684693,7.38706988766233,0.05444824910389319,159346.56618988994,6490,1285,984,6786,702,1271
4878,22692.94917924646,18599.87418815347,41292.823367399935,4.296772035059456,7.0195845641115255,0.055078256514282914,162316.89132082532,5774,1243,1742,3883,3447,1429
4879,23153.16860083353,19933.949225762444,43087.117826595975,3.883148355002997,6.965842479298479,0.055680048727895524,165603.77807483022,3966,1672,3121,2470,4827,1462
4880,23415.89650737534,21077.874550214954,44493.77105759029,4.163791445501882,7.014329693615518,0.05560370336502493,165890.00653293685,5586,1628,1545,3883,2969,1907
4881,20530.22315538727,23197.6589348216,43727.88209020887,3.465560180368656,7.312213425788234,0.054743606080828656,162181.45371933244,4259,3245,1255,5227,1470,2062
4882,23439.508154756695,21846.386726247052,45285.89488100375,3.7351951969096997,7.611466846742885,0.05439449279899921,159512.8011524814,3895,3409,1455,5019,2207,1533
4883,24170.46207233049,23569.85819021871,47740.3202625492,3.5656984778238296,7.444861516583407,0.05517258883655685,160637.7867576376,3969,3643,1147,4208,3750,801
4884,20470.26060378158,22572.86008195884,43043.12068574042,3.318331852252179,7.431467245129124,0.05491623181954084,162762.30878898723,3662,4181,916,5069,2003,1687
4885,21913.069323058764,21834.91893270818,43747.98825576695,3.7848058923057626,7.705767650884985,0.05495033703650315,160380.79806499032,3505,4425,829,5444,1737,1578
4886,24105.943348634937,23146.609167887018,47252.55251652196,4.258599904524325,7.827142177924547,0.05487839918504997,160394.34078397622,4446,3406,907,5703,1757,1299
4887,24044.894950888433,22236.458642727473,46281.3535936159,4.565975623355191,7.541882679437961,0.0550627510522751,165265.82621857396,5309,2196,1254,3987,2792,1980
4888,22326.542702699913,25724.547913116337,48051.090615816254,4.100310173459999,8.13394198197294,0.054974341076830496,161808.8832771253,3578,3366,1815,4449,2668,1642
4889,22879.389208661916,22639.795568638157,45519.18477730008,4.2578123747870125,7.629445690111881,0.05449785540638794,160996.43286665308,5885,1540,1334,5281,1524,1954
4890,22291.942309891805,19156.980176524718,41448.92248641652,4.4458413459002,7.233477503387827,0.054368220358150705,157979.77620339757,4657,2550,1552,5912,1187,1660
4891,24198.7229104804,21336.811718392848,45535.53462887325,4.734189988036539,7.515005444758523,0.05505415274389152,158991.9392979659,5462,1304,1993,5287,2460,1012
4892,24041.789683066818,21710.487934784138,45752.27761785095,4.772215376815165,7.432668675489595,0.05495438316728912,162246.27602860934,4981,1345,2433,3887,3665,1207
4893,25266.045363357756,19642.339202587944,44908.3845659457,5.100703661368661,6.833081736360818,0.054403643207800445,160599.20885796697,5796,2081,882,4329,2662,1768
4894,22633.997972062214,18471.808661592207,41105.80663365442,5.122047410780047,6.999051141242969,0.054537919854767435,162130.35794274975,4689,2262,1808,4372,2185,2202
4895,20788.76511259492,22078.091615509577,42866.856728104496,4.860960582136835,7.187460643173206,0.05446397838587265,162819.5392007408,5668,2292,799,5548,1289,1922
4896,19666.08859468397,20076.521969410176,39742.610564094146,4.437788409867618,7.109644436943439,0.05440250781534376,163270.21977991777,3885,2460,2414,4429,1970,2360
4897,23330.64927501129,18905.557745150287,42236.20702016157,4.649220167778806,7.032061764077296,0.054473789367784894,159743.4081608327,5007,1540,2212,5257,1695,1807
4898,22239.209883841144,21673.74996114822,43912.95984498937,4.64517685872451,7.206836083277037,0.054333388234627314,159151.12972519387,5667,2192,900,5966,1280,1513
4899,19719.769317630395,18916.147661282062,38635.91697891246,4.474981591767102,7.193962603292709,0.05494191240356609,165248.38500579522,5062,3239,458,4670,1825,2264
4900,23438.683883245663,19529.94449140305,42968.62837464872,4.650538074985696,6.899428550038187,0.05553377917345903,165112.1822854715,5324,2554,881,4469,2680,1610
4901,22725.181565675863,17105.125439428277,39830.30700510414,4.9047070112204905,6.7525032158928875,0.05550073797145575,164825.87565763955,5556,1521,1682,3341,3440,1978
4902,24389.842167393086,18543.704433426105,42933.54660081919,5.023761180432123,6.65238884091515,0.05545644590180348,166490.19936637548,7473,553,733,2858,3813,2088
4903,25299.050656399828,19863.165623900073,45162.2162802999,5.145056681632639,6.7411855771409215,0.05503776166840484,162316.91244561315,6544,1789,426,3853,3306,1600
4904,22053.48540339455,19956.028309092202,42009.51371248675,4.848645241135679,7.126625142938503,0.05474708487009179,162768.89099729684,5615,1953,1191,4432,2278,2049
4905,24659.269053800115,20346.24825656231,45005.517310362426,5.059891837961313,6.91687586896062,0.05502709284514173,161569.71690853633,4888,824,3047,5467,1811,1481
4906,21435.256385784447,20128.376872777353,41563.6332585618,5.0215861631829934,7.151563920035843,0.05457581673759121,162745.28836401677,6381,1426,952,5638,917,2204
4907,21852.772720759847,22138.610423960068,43991.38314471992,4.999089784623311,7.414563019330476,0.05495290574982418,165990.58731883112,4322,2512,1925,4369,2007,2383
4908,21278.915024696027,21793.035095241572,43071.950119937595,5.022505516507972,7.328972803835715,0.0555249062479033,165763.64212604405,4878,2555,1326,4166,2557,2036
4909,24763.317837044793,23974.23861514691,48737.556452191704,5.226207140792558,7.78557580698598,0.055706756054074574,160551.45959439198,4153,2601,2005,5167,3015,577
4910,23481.958653869653,22629.25591961756,46111.21457348722,5.2696669709159245,7.467531305471011,0.05488008408487895,160565.56020545593,3975,2095,2689,5656,1814,1289
4911,22054.648350862346,20505.760336926865,42560.40868778921,4.9908362840584255,7.516838488609998,0.05451868642538721,163251.57562919357,5396,2127,1236,5410,1209,2140
4912,21626.8530745352,23106.444089205797,44733.297163740994,4.844165281079703,7.563565936668779,0.054413054142293166,163302.78665904392,5167,2367,1225,5352,1197,2210
4913,22719.024457997235,20157.904181922135,42876.928639919366,5.252258199399414,7.649471455871464,0.054472645828137996,162253.43581596893,5233,2554,972,5521,1054,2184
4914,22553.78727677322,23467.878950415106,46021.666227188325,5.053064571938686,7.749233502426101,0.054975374779855986,161959.65815003912,4914,2122,1723,5505,1859,1395
4915,20920.061961480682,22649.49564016881,43569.55760164949,4.866434605247613,7.559526096704954,0.05497668740556751,165138.4104361148,3202,4642,915,4155,2310,2294
4916,20216.45019800186,23409.160646641143,43625.610844643,4.671327763573032,8.240905338493928,0.05445198439034765,161519.78890050945,3132,3728,1899,5183,1503,2073
4917,25820.134025863,23826.82101334027,49646.95503920327,5.289561430270201,7.972913070919478,0.05437524160284137,158036.90137755874,4623,3223,913,6618,980,1161
4918,24621.751168788367,21646.58890707779,46268.34007586616,5.054973264311207,7.523574987583108,0.055043765212963565,160923.37719356545,6373,1516,870,5137,2504,1118
4919,24657.531038944893,21118.18532825512,45775.71636720002,4.994606199075372,7.3224561678878635,0.05491964016240984,161589.50664297224,4644,2462,1653,5133,2398,1228
4920,23383.93035128156,19652.878521701397,43036.80887298296,4.677770444713457,7.246244142922427,0.05511403185047747,162527.72902694755,4079,2751,1929,4274,2989,1496
4921,23395.425888748377,21556.70022708951,44952.12611583789,4.459507562747301,7.348737448907535,0.055620036920367134,164600.8785231765,3147,4546,1066,3937,3371,1451
4922,20678.8973336746,21235.816238429135,41914.713572103734,4.3059626486744795,7.626786506445922,0.05500435200864707,166002.9745441965,3825,3049,1885,3757,2683,2319
4923,26080.853796505085,20145.954756156087,46226.80855266117,5.342667694000736,7.101418869896577,0.054493151952607226,159554.14890664362,4767,2793,1199,4674,2610,1475
4924,23320.08631036254,21917.843356961563,45237.929667324104,5.135170624695559,7.504329711625003,0.054472883556771295,158745.73191144556,4438,3059,1262,5204,2296,1259
4925,24816.146242091814,18769.32958054315,43585.475822634966,5.32685236310864,7.105276639207054,0.0543950365535376,158302.2157031681,4895,1988,1876,5604,1874,1281
4926,22013.019780553954,20292.56238896923,42305.582169523186,4.879806378581306,7.091942660590554,0.0543471726817294,160252.59289233715,6367,1657,735,5916,1175,1668
4927,22671.24311726411,17849.509640558408,40520.75275782252,5.116649828779049,6.864616673738826,0.05442209111139611,161226.8520905877,5743,1514,1502,5166,1382,2211
4928,24139.53486422638,22647.710088552114,46787.24495277849,5.3012999618810985,7.691432745363298,0.054395537526316685,158531.51079874844,5704,1979,1076,5288,1718,1753
4929,23426.697484752534,24195.961017085057,47622.65850183759,4.957817911036031,7.5485489905690075,0.054478133074855335,158597.39633064793,4995,2074,1690,6103,1431,1225
4930,23218.24281172514,20152.88070085565,43371.12351258079,5.025832863185838,7.37242261536328,0.054969824340074594,163727.79854831056,4800,2038,1921,4917,1685,2157
4931,24234.60750931971,20404.110538544453,44638.71804786417,5.058120573670738,7.051093281194757,0.05557514865167653,163886.46644543097,4536,2083,2140,4600,2736,1423
4932,25994.21722511502,23236.89858467314,49231.115809788156,5.240160978017013,7.656239587476525,0.05499560602996793,160654.8631711541,6224,988,1547,5032,2813,914
4933,26086.3291604701,21990.852107897714,48077.181268367814,5.22195274928406,7.359523974308407,0.054573037770130166,159350.09395254723,7285,956,518,5641,2104,1014
4934,25308.232408824748,21546.639506985823,46854.87191581057,4.9074359140922885,7.324654378619341,0.055074435850725224,160246.19757981988,4049,2749,1961,5382,2362,1015
4935,24035.678942714992,22230.424903882715,46266.1038465977,4.802016206396933,7.33435228093263,0.054991219365949286,158328.5058428419,4008,2531,2220,6571,1371,817
4936,20369.826522236588,24414.559149285804,44784.385671522396,4.414607705992485,7.911203439875432,0.05440853534270414,157501.99608073014,3252,4989,518,6680,1016,1063
4937,23466.852412293116,20166.396771571915,43633.24918386503,4.541248229052518,7.446478539757545,0.05504570946906999,161363.49884897246,5417,1783,1559,5369,2016,1374
4938,22229.77333553306,22738.11907984911,44967.89241538217,4.656930141540226,7.752309145295388,0.0549900208479433,160790.74993363037,4456,3001,1302,5656,1744,1359
4939,23352.39666992556,20997.528507418207,44349.92517734377,4.542975692405389,7.223878506362582,0.05501365762115119,160689.29169067543,4113,4181,465,5854,1897,1008
4940,20696.84523485523,20582.09306250795,41278.93829736318,4.113621127829489,7.654452060034947,0.054976085367697075,161568.1688595892,4254,3309,1196,5653,1517,1589
4941,23083.767697158703,23356.669988749145,46440.43768590785,4.055384989707688,7.585684996824896,0.05438145046140868,160314.6261112624,3025,5081,653,6164,1392,1203
4942,23871.691633481954,22210.409202809806,46082.100836291764,4.490688282018586,7.835352512543976,0.05503261738525636,159507.2900487049,4273,3468,1018,5076,2845,838
4943,25394.2884483396,21719.98898229016,47114.277430629765,4.752554520887155,7.495000142443606,0.05550798918382966,162012.83605735336,5324,2531,904,4421,3408,930
4944,22954.11495929844,24919.19572382925,47873.31068312769,4.5436293467006,7.952199079283213,0.054876790833493116,158815.09639368957,4553,3155,1051,6249,1751,759
4945,24078.44901085805,19584.972930611086,43663.42194146913,4.597022865039605,7.3806437046908435,0.055078443637710604,162059.8432356416,5386,1082,2291,4853,2463,1443
4946,26119.64324004899,19718.580841104664,45838.224081153654,5.016217443801099,6.982027821839078,0.055032476913179605,159624.7113993629,5557,2419,783,4665,2739,1355
4947,20581.720247985657,18345.543520965337,38927.263768950994,4.248871514575647,6.895845988280987,0.05497391387889688,161970.23203964293,4137,3614,1008,5464,1318,1977
4948,23228.187942212135,16834.154032729064,40062.3419749412,4.204572965681491,6.511684424571551,0.05554435067000522,164033.8840364381,5271,1574,1914,3870,3110,1779
4949,22483.397517437086,18619.71568311439,41103.11320055148,3.9913781887164026,6.798703379224754,0.05564507706965005,165870.44570297922,5311,1760,1688,2981,3925,1853
4950,27868.086947473934,22727.305901457774,50595.392848931704,4.712545582103674,7.070080243012735,0.05504725302218753,158486.21968697416,4929,2754,1076,4425,4087,247
4951,25971.63271345464,19318.6374630397,45290.27017649434,4.685846239238007,6.66937011514264,0.055016151489252166,163253.4470196754,6361,1467,931,2991,4393,1375
4952,23363.586350251644,19238.427192565017,42602.01354281666,4.462498635965611,6.563073335209509,0.055521343099004465,165963.79668208858,4523,3237,999,2539,4299,1921
4953,20935.426096127743,22981.841569592263,43917.267665720006,4.1659057935772426,7.393027794932977,0.05474062735945063,161047.76087605354,3817,2898,2044,4622,1917,2220
4954,24692.149269606405,21860.10676942219,46552.256039028594,4.504377073153407,7.075831860152431,0.05504442579896009,163726.091595528,5949,1634,1176,4398,2193,2168
4955,21387.41651391034,22974.12864321563,44361.54515712597,4.397748424025392,7.342849777706333,0.05491626829241964,164037.0032594884,4911,3457,391,5244,1270,2245
4956,22722.211132018594,21047.025007836397,43769.23613985499,4.705881251090007,7.399681786290884,0.05510474058109044,160764.14103035527,4171,2150,2438,5722,1663,1374
4957,23569.548533943584,21573.96488934873,45143.513423292316,4.671057864140177,7.2734442238625014,0.055625509779046116,163684.15340233178,4539,3053,1167,4727,3066,966
4958,22369.22236901047,22533.62871127737,44902.851080287845,4.406625770121019,7.5233425267215335,0.055513237401191975,163825.48701125552,6113,1453,1193,3997,3554,1208
4959,24323.129177477276,21508.393126655566,45831.52230413284,4.68058795901164,7.333311131799582,0.05564650553568456,163229.42633760493,4573,3012,1174,4122,3517,1120
4960,23767.170481257377,22465.62448065901,46232.794961916385,4.670833540789246,7.677912131064555,0.05491856337480993,162877.27200211657,6529,2000,230,4408,2907,1444
4961,27081.307543254356,24921.363828285557,52002.67137153991,5.0804081519969735,7.91825103503535,0.05445241782734275,158032.99997830932,5866,2216,677,5811,1839,1109
4962,25514.62357526243,23665.19237887465,49179.815954137084,4.986842889750426,7.760464696764714,0.05446186690951313,159286.24200723233,4775,1875,2109,4981,2521,1257
4963,26706.3271373276,22062.474174721003,48768.8013120486,4.902760885521999,7.498706717247065,0.05505887545541419,161453.81185110792,5562,2002,1195,4259,3225,1275
4964,25811.012840967607,20783.04323152075,46594.056072488354,4.891215681768119,7.170285139569671,0.055652244684058376,164626.43239838243,4081,2906,1772,2903,4498,1358
4965,23222.501660596765,21172.882513116183,44395.38417371295,4.799277007793665,7.390028965119604,0.05515420723375311,164305.66613377628,3927,2395,2437,4226,2761,1772
4966,24948.76563540901,22471.015668884193,47419.7813042932,4.942982391695081,7.410171226909689,0.05436642811034841,157579.29862560323,4493,2693,1573,6354,1099,1306
4967,22300.697605501387,19331.901582725597,41632.59918822699,4.546837355977575,7.20760724256599,0.054967204808739796,162584.86627008946,5506,2115,1138,4608,2232,1919
4968,23349.053710435368,22785.216319371593,46134.27002980696,4.493452976494643,7.523258618622762,0.05557730620944536,164395.79761876928,6292,1650,817,3792,3574,1393
4969,24339.785846750143,19381.051383622682,43720.837230372825,4.907335529797351,6.837582363130273,0.05504550024738654,163231.5942842454,5588,2526,645,4208,2311,2240
4970,21410.039918708848,19406.71219121832,40816.75210992717,4.634815105225144,6.946926308444928,0.05450681079903778,162356.2570396582,3991,4149,619,4660,1459,2640
4971,21270.504424055678,21352.9867554003,42623.491179455974,4.475541307015979,7.48132130381049,0.054358358867457594,161706.35553260654,5625,2529,605,5689,1065,2005
4972,25742.0168221306,20943.109997200405,46685.12681933101,5.083817476387897,7.180554515560649,0.05434761614380875,157515.38107774142,6325,2010,424,6008,1511,1240
4973,24823.85233940766,18721.13830995694,43544.9906493646,5.335422200990899,7.07254723655698,0.05449020560040563,159812.1448380389,6289,878,1592,4664,2426,1669
4974,23720.905855891873,23421.643738759492,47142.54959465137,5.162730624645551,7.350727566774936,0.05432550494190138,159378.5376583353,5024,2038,1697,5364,1973,1422
4975,23207.16063167328,22883.40191756575,46090.562549239025,4.900967560585499,7.854018862367738,0.05441410223017847,158112.9730385393,6531,1338,890,5949,1283,1527
4976,23475.643549215423,24429.13120502145,47904.774754236874,4.5772940492725676,7.699304547420023,0.054353272272268265,159530.90501021454,4911,2471,1377,6058,1163,1538
4977,23450.271498918723,18257.966827747106,41708.23832666583,4.753557370096994,6.959750437836801,0.055155566604150615,164517.41186058757,6490,1552,717,3932,2700,2127
4978,21101.086522963153,20459.46016894344,41560.546691906595,4.307991051691268,7.200117440544295,0.054925050557145395,163135.04906084063,4068,2622,2069,4804,2031,1924
4979,21495.375761377596,18475.488116394154,39970.86387777175,4.39345929390141,7.0549668329793,0.05503290896798322,164239.09881966843,6191,1832,736,3634,2746,2379
4980,23356.634924272323,19469.125259156477,42825.7601834288,4.446954960325891,6.665691697974,0.055588189126315045,163842.23077707793,4098,2402,2259,3033,4281,1445
4981,21738.25898792964,20219.56837288818,41957.82736081782,4.497772052497358,7.1903207010152785,0.054862671856199204,161125.0491876286,4980,1708,2071,4464,2778,1517
4982,24523.251651085433,23154.619468974564,47677.871120059994,4.630965164055565,7.43731648097444,0.05440832318632411,158355.3735128737,5129,2677,953,6268,1198,1293
4983,22214.842673724223,23269.160633429612,45484.003307153835,4.5685426387522705,7.555455869375423,0.05456924809795432,161845.9539934581,5831,1802,1126,5626,1489,1644
4984,23681.22861248769,24222.17971581404,47903.408328301724,4.809013155419454,7.858910239682259,0.054390095285562955,159223.0021852606,5798,1727,1234,5065,2444,1250
4985,24272.650047904215,20655.5783775082,44928.22842541242,5.00312453109646,7.04402201501391,0.05506333209405101,161745.17584291848,5763,888,2108,4003,3552,1204
4986,25159.230473127125,19401.785255153176,44561.0157282803,5.361739138577577,7.317657740658595,0.05506175197508657,161323.21177527832,5297,2496,966,5128,2218,1413
4987,24072.548720095834,22607.333373886515,46679.88209398235,5.358739788239905,7.28351470380302,0.054399264898965384,159419.6999803626,5031,2818,910,6817,627,1315
4988,24219.286524832958,23188.708640287747,47407.99516512071,5.401418358107717,7.872029770554893,0.05505759618148606,158476.95725517994,4556,3019,1184,6378,1506,875
4989,25166.396687116223,23645.917638532057,48812.31432564828,5.368791297642623,7.808226706719509,0.05510595943722339,159251.65908909522,4856,2611,1292,6589,1473,697
4990,23730.190934522037,21357.428309263618,45087.61924378565,5.224437785023791,7.518086610110302,0.05507012663322593,162185.15908146714,5881,1485,1393,5144,2264,1351
4991,24662.739616325962,22122.776706649795,46785.51632297576,5.355663243151618,7.56674903018987,0.05538771103949356,163176.55978055875,4925,3309,525,4465,3073,1221
4992,20552.96637607419,21702.19188893583,42255.15826501002,4.651142389712919,7.4502806079183905,0.05494881742375813,162835.54588307528,4038,3718,1003,5698,1241,1820
4993,21326.038909270435,21178.526758087773,42504.56566735821,4.398730643845045,7.459729788470112,0.05444559145140279,161080.5814042546,4963,2374,1422,5527,1201,2031
4994,19743.111189386265,22575.934405826603,42319.04559521287,4.328544717114512,7.892828731245024,0.05447055473549833,161224.4243050823,4366,3746,647,5484,1530,1745
4995,22651.736749372183,22142.76319326269,44794.49994263487,4.219905482177659,7.69745830345153,0.05502957062544087,161965.5650308381,4178,2507,2074,4860,2660,1239
4996,21332.332416463883,24249.69453467757,45582.02695114145,4.196728802278623,8.202042393791746,0.05487000290720467,161667.4750985683,4309,4108,342,5249,2311,1199
4997,26619.438825062967,22731.54439690809,49350.98322197106,4.762299274640394,7.733509578175616,0.05503816754962526,159704.51370403505,4369,3079,1311,5578,2582,599
4998,23976.885870874146,20854.54138285287,44831.427253727015,4.818470943492636,7.4821228631407966,0.054860848586439324,159742.39205111703,5499,1791,1469,5418,2632,709
4999,23699.03474464868,22475.146022385845,46174.18076703453,4.809860829443032,7.966944626041533,0.054434837151310665,158767.87364993713,5699,1905,1155,4816,2760,1183
5000,24684.527460934838,24158.180243371786,48842.707704306624,5.048917029057418,7.778192448315937,0.05450807324643081,159395.19124221135,4657,3183,919,5378,2172,1209
